episode,epsilon,total_reward,avg_queue,avg_wait_s,avg_travel_s,throughput,switches,td_loss,q_table_states,avg_delay_s,traffic_seed
0,1.0,-2849.1846153846154,29.764166666666668,85.7275204359673,140.80381471389646,340,81,nan,,148.50271739130434,438
1,0.9945,-3189.661538461539,36.68416666666667,111.66847826086956,171.9483695652174,330,84,nan,,141.28150134048258,392
2,0.989,-2962.276923076923,31.765,102.11598746081505,154.81191222570533,302,85,nan,,205.47184986595175,222
3,0.9835,-2967.0,30.026666666666667,94.54727793696276,150.39828080229228,321,84,0.10411307456041978,,134.78796561604585,885
4,0.9781,-2741.8,26.6025,79.34782608695652,133.04092071611254,355,81,0.0591681523563522,,110.79539641943734,643
5,0.9726,-2880.723076923077,31.2425,96.29752066115702,151.33333333333334,335,83,0.08012131785291474,,106.63492063492063,439
6,0.9673,-3163.9384615384615,26.516666666666666,76.79154929577464,129.94084507042254,364,77,0.031101310696807133,,85.88450704225352,708
7,0.9619,-3146.476923076923,28.251666666666665,87.54812834224599,142.12566844919786,361,80,0.021964957931706844,,91.81347150259067,0
8,0.9566,-3195.969230769231,32.766666666666666,93.84357541899442,153.47486033519553,331,83,0.011396619942899325,,157.0157894736842,808
9,0.9513,-2869.9692307692308,23.754166666666666,74.67045454545455,130.20170454545453,354,81,0.013728270372936394,,79.20391061452514,185
10,0.946,-2972.276923076923,30.905,99.45507246376812,156.74492753623187,339,80,0.010730585162454077,,139.07901907356947,47
11,0.9408,-2924.1846153846154,25.956666666666667,86.52974504249292,137.44475920679886,331,81,0.013582484419776974,,88.13802816901408,558
12,0.9356,-3227.5538461538463,31.4,93.51706036745406,152.05774278215222,368,81,0.013147117194404074,,98.67684478371501,846
13,0.9304,-2698.3076923076924,24.32,81.42058823529412,134.3735294117647,330,81,0.015766983909266584,,84.03529411764706,879
14,0.9253,-3167.153846153846,32.62166666666667,92.53448275862068,151.70977011494253,337,82,0.016500235465442117,,153.13661202185793,737
15,0.9202,-2708.0615384615385,27.508333333333333,87.92098092643052,142.02724795640327,345,82,0.01866913432663567,,115.55242966751918,23
16,0.9151,-3220.1538461538457,32.20333333333333,96.65277777777777,151.6638888888889,352,81,0.02002275992801064,,144.13774104683196,583
17,0.91,-2542.369230769231,21.889166666666668,63.810810810810814,115.16816816816817,343,83,0.02034545656642122,,90.87987987987988,488
18,0.905,-3581.507692307692,35.245,97.51100244498778,154.8312958435208,379,79,0.023385114251134403,,132.20293398533008,431
19,0.9,-2751.7384615384617,24.300833333333333,71.13903743315508,121.70855614973262,374,80,0.02297434808510497,,76.60427807486631,551
20,0.895,-3230.2615384615383,29.49,89.56318681318682,148.7335164835165,352,82,0.026642416763556977,,93.16310160427807,144
21,0.89,-3277.046153846153,36.74916666666667,115.60579710144927,177.73333333333332,326,80,0.02601029791070394,,171.18351063829786,150
22,0.8851,-2161.923076923077,17.245833333333334,55.74860335195531,96.99441340782123,321,75,0.028700765457669725,,55.62603878116344,856
23,0.8802,-2964.215384615385,28.28,89.04569892473118,142.13709677419354,363,82,0.02879772782638113,,91.78763440860214,806
24,0.8753,-3352.6923076923076,29.044166666666666,86.93351063829788,145.40425531914894,367,82,0.03033570702097309,,99.42021276595744,305
25,0.8705,-2408.7076923076925,22.39666666666667,75.91304347826087,125.79420289855072,322,83,0.03197573970767227,,78.65181058495821,541
26,0.8657,-2305.138461538462,22.481666666666666,68.62222222222222,119.18055555555556,347,82,0.03708542002909251,,76.22222222222223,730
27,0.8609,-2553.4307692307693,20.9575,63.17060367454068,109.67979002624672,368,81,0.03625177146289221,,64.60104986876641,366
28,0.8561,-2480.415384615385,25.265,77.88427299703264,129.03560830860533,328,85,0.037566177872458854,,110.1603498542274,848
29,0.8514,-2657.2461538461544,21.24416666666667,67.43023255813954,117.99127906976744,346,80,0.03670245737249041,,69.17906336088154,362
30,0.8467,-2854.292307692308,25.0925,78.64225352112676,131.70704225352114,354,81,0.0370935053582925,,99.29411764705883,333
31,0.842,-2684.9076923076923,26.4575,80.05497382198953,133.77748691099475,354,82,0.03799294317100934,,98.40625,337
32,0.8373,-3256.876923076923,35.26583333333333,98.09343434343434,155.47979797979798,361,84,0.03731541382347894,,151.7163814180929,298
33,0.8327,-2600.3230769230768,24.426666666666666,79.6,132.55555555555554,346,83,0.03894531691904337,,86.50833333333334,523
34,0.8281,-2383.846153846154,18.99416666666667,61.7816091954023,111.64080459770115,339,81,0.03734529831858253,,62.01149425287356,503
35,0.8235,-2568.6000000000004,22.0725,72.52737752161383,124.12103746397695,337,81,0.03717222810477134,,73.39106145251397,340
36,0.819,-2078.876923076923,16.700833333333332,54.09604519774011,98.7683615819209,336,81,0.03846219046783802,,55.552486187845304,704
37,0.8144,-1821.846153846154,14.044166666666667,47.044378698224854,92.1923076923077,323,83,0.03837183278129864,,47.35502958579882,72
38,0.8099,-2800.9538461538464,23.98,75.28804347826087,125.9538043478261,355,80,0.038441922973353464,,77.11141304347827,374
39,0.8054,-2374.215384615384,21.359166666666667,66.9065934065934,118.47527472527473,360,82,0.038797310719258,,69.9423076923077,663
40,0.801,-2562.6,22.855,71.59042553191489,124.17287234042553,366,79,0.03994951850489709,,74.11170212765957,104
41,0.7966,-2673.6,25.8425,83.3121546961326,133.81491712707182,338,78,0.04189972433675043,,125.9023746701847,4
42,0.7922,-2768.246153846154,24.761666666666667,76.57534246575342,126.85753424657534,345,81,0.039998641654173814,,77.53150684931506,232
43,0.7878,-3131.1076923076917,28.473333333333333,87.09809264305177,142.96457765667574,350,83,0.040867581220202995,,99.63586956521739,425
44,0.7834,-3043.9076923076923,29.4125,88.23466666666667,141.73333333333332,360,83,0.04206700358690534,,143.288,538
45,0.7791,-2875.6153846153848,25.651666666666667,78.31865284974093,133.26165803108807,383,77,0.042374990089085685,,95.07772020725389,238
46,0.7748,-3277.2923076923075,32.75416666666667,100.66576819407008,154.9191374663073,363,78,0.04359781281287359,,135.54046997389034,796
47,0.7705,-2127.8615384615387,15.386666666666667,50.08757062146893,94.94632768361582,343,79,0.0439904661783791,,50.35028248587571,690
48,0.7662,-1896.7846153846153,14.874166666666667,49.157303370786515,94.26685393258427,346,80,0.04549294911286092,,49.508426966292134,756
49,0.762,-2432.6615384615384,22.411666666666665,71.25,123.38586956521739,361,82,0.04427914972870662,,72.41099476439791,78
50,0.7578,-2523.723076923077,25.198333333333334,80.7605633802817,127.53521126760563,333,81,0.044362287271230774,,92.07262569832402,234
51,0.7536,-2403.5692307692307,20.3125,67.51420454545455,118.77272727272727,347,82,0.0451271860298618,,68.11079545454545,482
52,0.7494,-1361.2923076923075,9.631666666666666,32.670553935860056,73.20408163265306,346,82,0.045152951105279567,,32.90962099125365,134
53,0.7453,-2044.2769230769227,16.33416666666667,53.41899441340782,99.59776536312849,345,79,0.045953694435105816,,53.754189944134076,554
54,0.7411,-3792.707692307692,39.45583333333333,112.46582278481013,176.71645569620253,379,81,0.04585358634596444,,143.5974683544304,310
55,0.737,-1735.1846153846154,13.203333333333333,42.21008403361345,87.3529411764706,342,79,0.04551347089608647,,44.01634877384196,544
56,0.733,-3381.1692307692306,30.0,94.15193370165746,151.27900552486187,355,77,0.04607023170889813,,98.86290322580645,74
57,0.7289,-2762.507692307692,26.208333333333332,83.77717391304348,137.10597826086956,340,74,0.045812258150024925,,104.51275510204081,288
58,0.7249,-2552.138461538462,29.855,97.29069767441861,153.6453488372093,323,82,0.04661132140099213,,126.96994535519126,898
59,0.7209,-2373.523076923077,26.259166666666665,83.58707865168539,133.95505617977528,333,83,0.045500001466899725,,101.2611111111111,327
60,0.7169,-2418.5846153846155,24.7575,79.5693641618497,130.47398843930637,349,82,0.04519057374520519,,167.7157894736842,142
61,0.7129,-2286.9076923076927,20.066666666666666,63.494565217391305,111.64673913043478,341,80,0.04606846711493677,,65.37700534759358,843
62,0.709,-2559.5076923076927,23.266666666666666,74.46866485013624,120.51226158038148,332,77,0.04746184566423146,,76.38133333333333,324
63,0.705,-2910.5384615384614,27.7975,74.1988950276243,127.06629834254143,347,79,0.04992552247984299,,183.1307901907357,781
64,0.7011,-2888.9076923076923,30.613333333333333,90.83418367346938,143.17602040816325,355,78,0.050633247896016816,,110.12846347607054,153
65,0.6973,-1956.4307692307693,16.684166666666666,55.518731988472624,98.01152737752162,316,82,0.04939538843993066,,55.79538904899135,20
66,0.6934,-2754.6153846153848,27.401666666666667,83.44598337950139,136.24930747922437,346,82,0.04887856343442968,,114.53972602739726,7
67,0.6896,-3568.9692307692303,36.89833333333333,102.81642512077295,160.56038647342996,366,82,0.047384703853842504,,128.13397129186603,396
68,0.6858,-2161.369230769231,19.325,62.93877551020408,115.45189504373178,338,82,0.04659929208886527,,71.83673469387755,562
69,0.682,-2612.692307692308,20.729166666666668,63.28977272727273,109.45738636363636,352,77,0.04732822311348159,,63.892351274787536,685
70,0.6782,-2553.4615384615386,25.374166666666667,79.44257703081233,134.0924369747899,348,82,0.04667476111845075,,94.02702702702703,312
71,0.6744,-2448.2307692307695,25.213333333333335,76.25876010781671,126.18598382749326,365,79,0.04639314419460429,,97.66577540106952,66
72,0.6707,-2238.0615384615385,17.499166666666667,57.117816091954026,104.22413793103448,344,83,0.04640711286160328,,57.18624641833811,114
73,0.667,-1956.3230769230765,19.370833333333334,67.9375,113.20238095238095,321,82,0.047208472064402894,,96.54133333333333,163
74,0.6633,-2479.2769230769227,25.1775,76.81016042780749,129.7433155080214,352,81,0.0481272595080104,,112.43582887700535,338
75,0.6596,-2589.1846153846154,26.241666666666667,74.41959798994975,125.44472361809045,369,80,0.04939354377056332,,103.51005025125629,593
76,0.656,-1578.0,12.978333333333333,41.14754098360656,83.55464480874316,352,82,0.048440587476044045,,44.689655172413794,863
77,0.6524,-1884.276923076923,15.084166666666667,48.43854748603352,93.78212290502793,338,85,0.04656308578195367,,48.559888579387184,877
78,0.6487,-2062.3076923076924,19.518333333333334,61.03475935828877,108.63636363636364,355,81,0.04508234226090768,,61.885333333333335,376
79,0.6452,-1849.3538461538465,15.156666666666666,51.364179104477614,95.65671641791045,339,80,0.045144035736562955,,53.95750708215297,723
80,0.6416,-2157.3999999999996,18.901666666666667,58.078947368421055,106.95263157894736,360,83,0.04581461369421345,,59.2734375,463
81,0.638,-1747.5846153846153,16.5325,51.47894736842105,95.79473684210527,358,82,0.04513710713968905,,57.34438775510204,734
82,0.6345,-1855.9846153846154,15.610833333333334,50.63509749303621,93.52646239554318,340,77,0.04613427721674917,,51.00277008310249,96
83,0.631,-1448.3692307692309,10.100833333333334,34.225433526011564,75.29190751445087,339,77,0.047209401655819695,,34.471098265895954,118
84,0.6275,-2213.0307692307692,19.808333333333334,63.6676217765043,114.28080229226362,344,82,0.04965434977401219,,67.36974789915966,483
85,0.624,-2171.169230769231,23.4925,73.17086834733894,123.95518207282913,325,84,0.04836775091373168,,107.06442577030812,371
86,0.6206,-1926.446153846154,18.111666666666668,61.94578313253012,108.66566265060241,320,78,0.04685777339396324,,65.79710144927536,674
87,0.6171,-1614.215384615385,11.911666666666667,39.07386363636363,80.35227272727273,347,79,0.047251630544752544,,39.30397727272727,395
88,0.6137,-2729.892307692308,23.1625,72.59466666666667,121.376,369,75,0.047286328883396136,,84.2137203166227,807
89,0.6103,-1652.3538461538462,12.3525,43.204334365325074,84.55727554179566,315,80,0.04718014167950809,,43.359133126934985,573
90,0.607,-2719.4153846153845,25.495833333333334,84.64772727272727,138.47727272727272,335,85,0.047460850733397716,,89.0965909090909,552
91,0.6036,-2190.9846153846156,22.423333333333332,71.60377358490567,119.93800539083558,349,77,0.04718391199884383,,78.33595800524934,699
92,0.6003,-2497.5230769230766,24.148333333333333,73.63806970509384,121.56300268096514,362,79,0.04510891951950178,,85.56836461126005,211
93,0.5969,-2324.1846153846154,19.93166666666667,64.60845070422535,113.59436619718309,348,76,0.04462411998455828,,65.78028169014084,645
94,0.5936,-1677.9076923076923,12.7475,38.633608815426996,82.52617079889806,370,79,0.047196902612533884,,39.04683195592286,560
95,0.5904,-1797.2153846153847,15.799166666666666,50.397260273972606,94.92328767123287,341,81,0.04625969703895225,,50.40810810810811,728
96,0.5871,-2255.246153846154,21.956666666666667,72.01404494382022,120.29775280898876,341,82,0.045823661076208194,,79.08767123287672,112
97,0.5838,-2118.3846153846152,22.4625,75.68154761904762,124.26785714285714,330,79,0.04539622165249628,,118.05491329479769,854
98,0.5806,-1775.7846153846153,15.581666666666667,48.869680851063826,92.28457446808511,348,82,0.04375126288572822,,53.18652849740933,302
99,0.5774,-2123.2,20.8975,65.87798408488064,108.27851458885942,344,78,0.043985952162222244,,70.23684210526316,106
100,0.5742,-2619.9076923076923,26.336666666666666,78.6976127320955,132.30238726790452,366,81,0.044486313251684784,,98.72413793103448,93
101,0.571,-2499.753846153846,22.8425,72.88378378378378,121.6108108108108,345,78,0.043726804240858,,76.57255936675462,857
102,0.5679,-2093.246153846154,23.428333333333335,75.91388888888889,120.43333333333334,341,82,0.044764154907151604,,98.14814814814815,832
103,0.5647,-1417.7230769230769,10.4675,33.55,74.47777777777777,351,81,0.04606316288827222,,33.75833333333333,329
104,0.5616,-1406.2923076923075,10.644166666666667,35.37535816618911,74.63896848137536,331,77,0.043430851027693694,,35.603988603988604,702
105,0.5585,-2220.6615384615384,22.598333333333333,72.95628415300547,120.79508196721312,344,81,0.041578429247862245,,77.26502732240438,780
106,0.5554,-1546.6615384615384,12.225833333333334,39.45810055865922,81.1145251396648,341,82,0.04122818744754414,,39.674094707520894,591
107,0.5523,-2324.0769230769233,23.2475,66.44598337950139,114.45152354570637,355,77,0.04454204633741822,,92.9651474530831,176
108,0.5493,-1600.553846153846,12.195833333333333,38.34059945504087,80.04904632152588,351,78,0.04500851606585982,,38.65122615803815,504
109,0.5462,-2671.2615384615387,23.759166666666665,73.01626016260163,117.97018970189701,353,72,0.04357452050200256,,76.60215053763442,600
110,0.5432,-2124.492307692308,18.9925,60.11590296495957,108.11051212938006,363,77,0.04352131739082177,,65.64690026954177,725
111,0.5402,-1934.8307692307692,18.085,60.83090379008746,106.6938775510204,335,80,0.04484822652757231,,63.32394366197183,389
112,0.5372,-1969.2307692307695,19.324166666666667,62.145604395604394,106.64835164835165,346,81,0.043105593508525525,,67.37637362637362,621
113,0.5343,-1823.0461538461539,14.698333333333334,49.78134110787172,92.93586005830903,327,80,0.04292406922054297,,53.370879120879124,342
114,0.5313,-1333.646153846154,9.623333333333333,32.690962099125365,74.94169096209913,350,77,0.04347641975272633,,32.91545189504373,603
115,0.5284,-2326.8153846153846,25.381666666666668,83.94428152492668,130.69208211143695,333,81,0.04370822500445416,,143.06860158311346,368
116,0.5254,-1508.6307692307691,12.2825,41.31470588235294,84.31176470588235,354,79,0.042999634755623566,,41.61470588235294,749
117,0.5225,-2447.4769230769234,25.106666666666666,73.89402173913044,122.91032608695652,346,80,0.0430064060407809,,123.48780487804878,540
118,0.5196,-2110.4615384615386,23.991666666666667,76.52054794520548,122.85205479452055,341,83,0.042440212481965174,,122.86807387862797,774
119,0.5168,-2155.0923076923073,24.688333333333333,78.4850136239782,125.95912806539509,347,82,0.04428049422870809,,112.74870466321244,113
120,0.5139,-2186.4,22.599166666666665,74.73669467787114,126.82633053221288,333,83,0.04273504112519952,,77.27659574468085,151
121,0.5111,-2481.338461538461,26.255,82.00826446280992,130.43801652892563,342,81,0.04099490553899503,,131.34383202099738,154
122,0.5082,-2763.0615384615385,24.963333333333335,77.10734463276836,130.545197740113,360,77,0.04110213724965037,,92.83106267029973,715
123,0.5054,-1900.6307692307691,16.753333333333334,52.505319148936174,97.60106382978724,363,76,0.042013996024996926,,54.25587467362924,149
124,0.5026,-2533.953846153846,25.155833333333334,72.64304461942257,125.46981627296589,369,79,0.04216928325716714,,105.40731070496084,646
125,0.4998,-1756.9846153846154,15.7075,54.669669669669666,105.56456456456456,348,83,0.04117532943720121,,57.11711711711712,410
126,0.4971,-1474.523076923077,10.415833333333333,33.08310249307479,73.85595567867036,360,78,0.042201728553452035,,33.3213296398892,294
127,0.4943,-2333.123076923077,17.75583333333333,49.655352480417754,96.81201044386422,387,82,0.03920134111461819,,50.61096605744125,612
128,0.4916,-2250.846153846154,19.876666666666665,59.36482939632546,107.06824146981627,369,80,0.038857176104175536,,61.05511811023622,411
129,0.4889,-2043.030769230769,17.15,52.019444444444446,103.59722222222223,368,80,0.038612359837158015,,54.727777777777774,257
130,0.4862,-2353.153846153846,26.159166666666668,78.08823529411765,128.10695187165774,361,83,0.03843113072414698,,124.45569620253164,336
131,0.4835,-1195.1076923076923,8.069166666666666,26.150887573964496,66.5414201183432,332,77,0.039989003742527354,,26.330383480825958,349
132,0.4808,-2162.169230769231,21.988333333333333,69.91014492753624,123.45507246376812,348,84,0.040723108562594,,118.7621776504298,427
133,0.4781,-1311.1692307692306,10.141666666666667,33.68926553672316,73.87288135593221,332,83,0.03990121274195982,,33.929378531073446,648
134,0.4755,-2183.876923076923,18.934166666666666,58.62784090909091,109.52556818181819,364,82,0.04142676454100574,,62.78409090909091,822
135,0.4729,-1726.107692307692,12.793333333333333,41.77777777777778,84.35,354,75,0.04137912485741288,,42.26111111111111,570
136,0.4703,-1232.0153846153844,8.899166666666666,30.029239766081872,69.26608187134502,326,83,0.04169535510512226,,30.289017341040463,229
137,0.4677,-2228.4461538461537,17.06,54.124653739612185,100.96952908587258,367,80,0.04010172308220269,,54.35180055401662,668
138,0.4651,-2006.123076923077,16.496666666666666,51.649732620320854,94.95989304812834,361,78,0.039753886345484206,,51.510471204188484,433
139,0.4625,-2464.4461538461537,19.06833333333333,59.14171122994652,106.88502673796792,367,75,0.03921683068801166,,60.08288770053476,468
140,0.4599,-2389.630769230769,23.705,73.0159151193634,120.57294429708223,358,81,0.04057665566486191,,97.28461538461538,164
141,0.4574,-2210.7384615384617,19.231666666666666,60.81717451523546,111.07479224376732,354,82,0.03902175715280743,,61.6398891966759,744
142,0.4549,-2325.830769230769,22.738333333333333,70.83597883597884,119.01058201058201,364,80,0.03929656300603087,,72.02380952380952,197
143,0.4523,-2317.8,20.643333333333334,66.17647058823529,115.3781512605042,351,79,0.04045746096069595,,68.15013404825737,387
144,0.4498,-2214.6615384615384,20.789166666666667,62.778364116094984,114.21635883905013,368,80,0.040511420785937335,,70.20316622691293,249
145,0.4474,-1199.2923076923075,8.984166666666667,29.309248554913296,71.02890173410404,351,80,0.040305123619269495,,29.48843930635838,535
146,0.4449,-1339.9692307692308,9.348333333333333,29.33893557422969,70.92436974789916,360,80,0.039609277261093485,,29.591036414565828,638
147,0.4424,-2533.6461538461535,23.491666666666667,73.6027027027027,121.16216216216216,347,81,0.0415054456696582,,80.85983827493261,566
148,0.44,-2006.3538461538462,16.464166666666667,49.6401028277635,94.91516709511568,377,74,0.040640763330103497,,52.10831234256927,259
149,0.4375,-1732.953846153846,14.46,45.515151515151516,88.19834710743801,349,78,0.041349835963097596,,53.544502617801044,466
150,0.4351,-1990.8,18.661666666666665,57.80628272251309,103.79319371727749,372,81,0.041568276942463185,,60.382198952879584,330
151,0.4327,-1767.6769230769228,15.865833333333333,52.208333333333336,99.01388888888889,358,83,0.04214323805905112,,52.925,126
152,0.4303,-2076.4461538461537,22.53,72.9971590909091,120.69318181818181,344,81,0.042127048505649335,,111.65853658536585,580
153,0.4279,-2081.876923076923,17.140833333333333,50.9196675900277,100.21052631578948,364,76,0.04193557319514223,,64.11878453038673,351
154,0.4256,-2259.9076923076923,23.134166666666665,73.64420485175202,122.455525606469,352,84,0.040300073647481345,,89.64907651715039,610
155,0.4232,-1951.0153846153848,16.8725,52.74734042553192,97.20744680851064,362,81,0.04010698764072243,,53.0186170212766,659
156,0.4209,-2343.2153846153847,24.073333333333334,70.43576826196474,120.31234256926952,365,78,0.03866748003155682,,79.33753148614609,80
157,0.4185,-1559.6769230769232,11.273333333333333,36.97214484679666,78.77715877437326,351,75,0.03936812969284313,,37.43175487465181,888
158,0.4162,-1266.5384615384617,9.455833333333333,32.27272727272727,73.26392961876833,334,81,0.038317766610212745,,32.47507331378299,543
159,0.4139,-1699.123076923077,13.766666666666667,46.03519061583578,94.03519061583577,349,77,0.038735085051736506,,47.375366568914956,415
160,0.4116,-2183.5538461538463,18.6575,54.276923076923076,102.50769230769231,376,81,0.040222713990979285,,56.312820512820515,276
161,0.4094,-1420.4615384615386,11.016666666666667,33.68010752688172,74.6774193548387,364,80,0.03807276224493877,,34.096774193548384,479
162,0.4071,-1705.3384615384616,12.539166666666667,38.212987012987014,80.55844155844156,384,78,0.03735377502840717,,38.53506493506494,77
163,0.4048,-1869.1384615384616,21.559166666666666,66.9421052631579,113.92631578947369,355,83,0.036984796587352035,,81.83462532299741,630
164,0.4026,-1286.7846153846153,9.729166666666666,30.20775623268698,70.70360110803324,348,82,0.038334666353057996,,30.49584487534626,656
165,0.4004,-1840.461538461539,14.943333333333333,45.832460732984295,90.217277486911,379,78,0.03866557797245594,,47.240208877284594,217
166,0.3982,-1362.4153846153845,9.015833333333333,30.420289855072465,71.06666666666666,357,76,0.03738044478727978,,30.68695652173913,539
167,0.396,-1289.9230769230771,9.104166666666666,27.680555555555557,68.41944444444445,363,81,0.038326604808054825,,27.872222222222224,45
168,0.3938,-2005.1692307692306,17.745833333333334,54.93582887700535,102.52941176470588,368,77,0.03751837931751336,,59.856763925729446,617
169,0.3916,-2138.523076923077,23.726666666666667,75.53541076487252,124.39376770538243,348,80,0.03801845011141351,,159.4910025706941,236
170,0.3894,-1227.2923076923078,10.423333333333334,36.35588235294118,78.62647058823529,333,78,0.03701120567297952,,37.11176470588235,441
171,0.3873,-1336.876923076923,9.301666666666666,29.780555555555555,71.69722222222222,361,78,0.036758718948004115,,30.002777777777776,311
172,0.3851,-2380.9692307692308,22.2675,64.59012345679012,112.95555555555555,384,77,0.03815619139207465,,67.42401960784314,401
173,0.383,-1836.6461538461538,17.405,57.34844192634561,105.14164305949008,361,81,0.0382729294330751,,61.25212464589235,524
174,0.3809,-1663.553846153846,13.8,44.295890410958904,89.25205479452055,373,79,0.03851775410396025,,45.28219178082192,282
175,0.3788,-1036.553846153846,6.350833333333333,21.507552870090635,60.67371601208459,334,77,0.03757676629903316,,21.68882175226586,54
176,0.3767,-1015.1846153846154,7.48,25.410404624277458,66.0028901734104,337,77,0.03804499102970982,,25.789017341040463,279
177,0.3746,-1257.646153846154,8.9375,28.84931506849315,69.23287671232876,365,76,0.03623697072450075,,29.084931506849315,606
178,0.3725,-1015.9076923076923,7.554166666666666,26.26139817629179,66.2370820668693,342,85,0.03704881987481556,,26.419452887537993,574
179,0.3705,-1311.7846153846153,9.421666666666667,30.273743016759777,72.13687150837988,355,75,0.037594016600900365,,30.533519553072626,55
180,0.3684,-1332.1999999999998,10.2325,33.99438202247191,75.67977528089888,345,77,0.03734007175180803,,34.30337078651685,361
181,0.3664,-1811.8153846153846,14.49,45.12169312169312,87.62169312169313,368,79,0.0392475949306797,,45.39417989417989,165
182,0.3643,-1702.1538461538462,13.641666666666667,42.235955056179776,87.82022471910112,366,80,0.037685763315170186,,45.17977528089887,601
183,0.3623,-1311.7230769230769,9.180833333333334,30.048295454545453,71.3153409090909,353,80,0.03748241200028398,,30.321022727272727,380
184,0.3603,-1501.8307692307692,11.373333333333333,35.13227513227513,79.10317460317461,363,82,0.03741787997290593,,35.804232804232804,318
185,0.3583,-1253.6615384615384,10.378333333333334,33.41917808219178,74.48219178082192,348,81,0.03803166234827709,,35.753315649867375,805
186,0.3563,-2071.138461538462,16.294166666666666,51.69832402234637,99.69553072625699,367,78,0.03684402234619682,,52.312849162011176,502
187,0.3544,-1577.3692307692309,12.774166666666666,40.35752688172043,83.86021505376344,364,83,0.039287801034916886,,40.596774193548384,493
188,0.3524,-1556.753846153846,10.814166666666667,35.17847025495751,78.23512747875354,358,79,0.039947005551602945,,35.37960339943343,779
189,0.3505,-1691.3846153846155,14.519166666666667,44.80474934036939,87.13192612137203,363,79,0.04034667403237882,,49.853233830845774,561
190,0.3485,-1399.9076923076923,11.694166666666666,37.35945945945946,79.82162162162162,355,82,0.03835532044267583,,37.72702702702703,430
191,0.3466,-1306.5384615384614,9.905833333333334,32.30446927374302,73.51675977653632,348,78,0.03880210672608217,,32.539106145251395,90
192,0.3447,-1417.1538461538462,10.454166666666667,34.06406685236769,76.95264623955431,362,78,0.040310942807256306,,34.35097493036211,627
193,0.3428,-1421.446153846154,10.0175,32.34173669467787,73.53501400560224,357,76,0.04017641760980027,,32.64705882352941,847
194,0.3409,-1114.8153846153846,7.943333333333333,25.938718662952645,65.40668523676881,346,77,0.04197100903942626,,26.055555555555557,775
195,0.339,-1794.3230769230768,14.196666666666667,46.59779614325069,91.38292011019284,359,77,0.03755259113300504,,46.83195592286501,831
196,0.3371,-1348.0153846153846,10.034166666666666,33.04261363636363,74.17613636363636,346,81,0.03789423462854359,,33.23579545454545,377
197,0.3352,-1623.5384615384614,11.57,36.050666666666665,76.776,370,71,0.039037887744310384,,36.626666666666665,486
198,0.3334,-1029.4615384615386,7.07,23.681159420289855,63.11304347826087,344,77,0.03740096285437127,,23.910144927536233,38
199,0.3315,-999.0615384615385,6.935833333333333,22.688385269121813,62.342776203966004,350,80,0.037952152358174784,,22.96600566572238,301
200,0.3297,-1350.3384615384616,12.186666666666667,37.41994750656168,80.15485564304461,363,81,0.03669453287118072,,39.373401534526856,214
201,0.3279,-1604.353846153846,10.854166666666666,35.52136752136752,77.15099715099716,364,79,0.03658957492402486,,35.75213675213675,138
202,0.3261,-2367.0,21.640833333333333,62.81066666666667,112.64266666666667,374,77,0.03759423416546594,,93.82933333333334,642
203,0.3243,-1285.4615384615383,8.78,28.322222222222223,68.41111111111111,348,79,0.036619615820630357,,28.479224376731302,19
204,0.3225,-1225.1384615384616,10.558333333333334,34.940677966101696,74.94067796610169,331,79,0.03601572826608388,,38.38333333333333,273
205,0.3207,-1840.7846153846158,13.464166666666667,38.450248756218905,81.81840796019901,397,75,0.03547918001451547,,38.70398009950249,263
206,0.3189,-1397.2,12.260833333333334,40.193820224719104,83.01123595505618,331,79,0.03523469973285152,,42.185792349726775,815
207,0.3172,-1137.676923076923,8.155833333333334,26.742209631728045,67.10764872521247,353,77,0.03454915210809477,,26.997167138810198,417
208,0.3154,-1316.6307692307691,9.478333333333333,29.823848238482384,71.04607046070461,376,77,0.034755101124875246,,30.121951219512194,123
209,0.3137,-1605.3384615384616,13.733333333333333,40.28395061728395,82.62469135802469,371,79,0.03457443514949781,,45.65365853658537,492
210,0.3119,-1776.8,12.788333333333334,38.943699731903486,81.06166219839142,363,74,0.03487797253174187,,39.22788203753351,448
211,0.3102,-1124.076923076923,7.7725,25.30532212885154,65.67787114845939,352,79,0.03685730437739265,,25.593837535014007,687
212,0.3085,-1827.9230769230771,14.8125,46.641909814323604,89.91246684350132,366,79,0.03847683840869261,,46.89124668435013,712
213,0.3068,-1433.476923076923,11.061666666666667,34.284960422163586,76.40633245382585,376,80,0.03559384344713389,,34.46842105263158,161
214,0.3051,-1941.230769230769,14.918333333333333,44.46835443037975,90.09873417721519,387,74,0.035859775546214,,44.90886075949367,794
215,0.3034,-1633.1999999999998,14.233333333333333,43.5,86.62953367875647,368,80,0.03728312578502847,,45.0528967254408,267
216,0.3017,-1498.646153846154,12.618333333333334,39.64945652173913,83.10054347826087,362,78,0.03653396104366136,,40.48641304347826,264
217,0.3,-1847.3384615384616,15.640833333333333,46.42893401015228,93.00253807106598,377,81,0.03570268179427534,,47.40506329113924,622
218,0.2984,-848.1846153846154,6.219166666666666,20.137931034482758,59.577586206896555,355,82,0.03486955641909583,,20.32758620689655,803
219,0.2967,-1196.9538461538461,9.849166666666667,31.741847826086957,73.48641304347827,345,82,0.03415076234032464,,31.97826086956522,292
220,0.2951,-1771.9384615384615,16.286666666666665,50.59580052493438,91.24409448818898,350,76,0.03666455100298749,,50.576623376623374,360
221,0.2935,-1449.4923076923076,12.654166666666667,43.11206896551724,86.25574712643679,337,80,0.03403418176739461,,43.260744985673355,579
222,0.2918,-1241.9846153846154,8.56,27.74858757062147,68.409604519774,360,83,0.03428796460561204,,27.949152542372882,70
223,0.2902,-872.2,5.529166666666667,18.967551622418878,57.89675516224189,337,79,0.03402201383339306,,19.19174041297935,119
224,0.2886,-1210.523076923077,8.186666666666667,26.34375,67.375,361,77,0.032318706336960074,,26.553977272727273,397
225,0.287,-949.6769230769231,6.899166666666667,23.652941176470588,61.64411764705882,320,79,0.033585643007055,,23.82941176470588,637
226,0.2854,-1190.2615384615383,8.645,27.328877005347593,67.81818181818181,370,75,0.03150632126582014,,27.601604278074866,442
227,0.2838,-1216.0923076923077,9.02,28.04485488126649,68.94986807387863,360,77,0.032382860948278365,,28.496042216358838,103
228,0.2823,-1584.9230769230771,12.739166666666666,40.49732620320856,81.39572192513369,359,75,0.033703101900645016,,40.67379679144385,696
229,0.2807,-1315.1538461538462,9.219166666666666,27.696658097686374,67.51156812339332,380,75,0.032863500397168115,,27.930591259640103,125
230,0.2792,-1049.8615384615384,6.9591666666666665,22.59779614325069,61.90909090909091,358,77,0.03263824675732569,,22.796143250688704,231
231,0.2776,-1291.4,12.484166666666667,40.88980716253444,83.19559228650138,357,82,0.03253608208880503,,42.72176308539945,474
232,0.2761,-1875.923076923077,18.461666666666666,54.98,97.2575,372,84,0.03319706259282199,,57.5075,63
233,0.2746,-1172.5384615384614,8.13,25.20744680851064,65.9627659574468,375,79,0.03387222792027774,,25.476063829787233,402
234,0.273,-1531.0461538461536,11.5825,34.526315789473685,75.93984962406014,374,77,0.03470058299395816,,35.330827067669176,891
235,0.2715,-1323.0923076923077,9.2375,29.643059490084987,70.18980169971671,355,78,0.034820971136417425,,29.940509915014164,811
236,0.27,-1549.0,11.849166666666667,34.75879396984924,77.09547738693468,391,78,0.03419959831839795,,35.379396984924625,354
237,0.2685,-840.6307692307693,5.525833333333333,18.152974504249293,57.05949008498584,347,75,0.03362794788936872,,18.35410764872521,594
238,0.267,-1321.3538461538462,9.428333333333333,28.644736842105264,68.37631578947368,373,75,0.035060547260472114,,28.83684210526316,855
239,0.2656,-1558.0461538461539,11.188333333333333,33.895953757225435,77.32947976878613,363,76,0.03339402806492045,,34.98554913294798,691
240,0.2641,-1018.7846153846153,7.276666666666666,23.054347826086957,62.14945652173913,350,80,0.032818253720305564,,23.355978260869566,500
241,0.2626,-914.446153846154,6.2908333333333335,20.6056338028169,58.90985915492958,341,78,0.032137715992978086,,20.783098591549297,548
242,0.2612,-1232.476923076923,9.26,28.67828418230563,68.07506702412869,357,79,0.031587192074697755,,28.927613941018766,136
243,0.2597,-1210.9384615384615,9.005,27.57103825136612,69.63387978142076,371,75,0.03164584659275682,,28.420765027322403,423
244,0.2583,-1387.7384615384615,10.595833333333333,32.25857519788918,72.70976253298153,368,78,0.03270710175776801,,32.480211081794195,253
245,0.2569,-2288.9846153846156,23.580833333333334,69.94486215538848,114.78696741854637,377,77,0.03354163982914326,,80.30882352941177,735
246,0.2555,-1246.246153846154,9.1475,28.1484375,69.20833333333333,369,76,0.036110515286238945,,28.377604166666668,315
247,0.254,-1020.4615384615385,7.1675,23.174785100286535,62.240687679083095,349,77,0.03431800007259183,,23.53295128939828,48
248,0.2526,-1300.769230769231,8.595833333333333,27.255681818181817,70.26988636363636,356,77,0.03412418430911672,,27.582386363636363,602
249,0.2512,-1776.6,12.5325,37.08247422680412,79.78350515463917,392,74,0.03339288314214125,,37.350515463917525,791
250,0.2498,-1696.5846153846153,10.848333333333333,32.781065088757394,74.71597633136095,356,76,0.033153675959764886,,33.0414201183432,628
251,0.2485,-751.1384615384616,5.191666666666666,18.202492211838006,56.3177570093458,320,77,0.03445762133133699,,18.376947040498443,416
252,0.2471,-804.2923076923078,5.546666666666667,18.577380952380953,57.55654761904762,341,79,0.033695226933175386,,18.851190476190474,345
253,0.2457,-1667.8615384615387,16.100833333333334,51.42857142857143,94.86253369272237,364,76,0.034100157706080866,,52.698113207547166,487
254,0.2444,-1088.2769230769231,7.196666666666666,23.142441860465116,62.63662790697674,350,80,0.03284397254668457,,23.334302325581394,145
255,0.243,-1077.2153846153847,7.899166666666667,24.924791086350975,65.44846796657382,362,79,0.03293059499071704,,25.22284122562674,32
256,0.2417,-1206.1076923076923,8.2525,25.9572192513369,65.74598930481284,365,78,0.03202499452325292,,26.144385026737968,216
257,0.2403,-969.8153846153846,7.215,22.879781420765028,62.612021857923494,370,79,0.03202054095471547,,23.12295081967213,285
258,0.239,-1596.1384615384616,11.8275,36.5,78.64473684210526,370,81,0.032721501506492966,,36.742105263157896,616
259,0.2377,-1373.553846153846,10.018333333333333,30.928759894459102,73.04485488126649,378,78,0.032027128559963654,,31.137203166226914,563
260,0.2364,-1294.9846153846154,10.39,32.16797900262467,72.74540682414698,380,77,0.03140288802924755,,32.53018372703412,188
261,0.2351,-1093.9846153846152,8.358333333333333,25.973544973544975,65.86243386243386,358,82,0.03184090399234031,,26.201058201058203,436
262,0.2338,-1134.4615384615386,8.8275,27.29023746701847,68.13720316622691,370,81,0.031295930728642535,,27.736147757255935,624
263,0.2325,-1319.9846153846156,8.280833333333334,25.572192513368982,65.81550802139037,373,79,0.03197279545060945,,25.815508021390375,683
264,0.2312,-1183.0615384615385,8.855,27.616847826086957,67.59239130434783,369,80,0.031949515198278024,,27.712737127371273,139
265,0.2299,-1441.5538461538463,10.315833333333334,33.01685393258427,73.75561797752809,359,80,0.03125204177542218,,33.168067226890756,793
266,0.2286,-1078.9846153846154,7.76,24.13150684931507,63.61369863013699,370,77,0.032013775070617985,,24.350684931506848,399
267,0.2274,-1305.9384615384615,8.048333333333334,26.845481049562682,67.0204081632653,348,76,0.031083857018064338,,27.107871720116616,789
268,0.2261,-1648.1076923076926,11.709166666666667,35.818897637795274,77.15748031496064,378,74,0.031197619340581618,,36.08136482939633,71
269,0.2249,-2032.0923076923077,17.606666666666666,53.569148936170215,99.73404255319149,371,79,0.030444241825883813,,55.27127659574468,141
270,0.2236,-2498.3846153846157,22.25583333333333,66.02020202020202,112.2550505050505,385,70,0.029926447151500463,,68.17283950617283,795
271,0.2224,-1040.076923076923,7.275,23.932944606413994,64.00291545189505,353,79,0.03044770028811457,,24.142857142857142,820
272,0.2211,-1115.8615384615384,7.991666666666666,24.762666666666668,63.44266666666667,360,81,0.030071945470308063,,25.056,738
273,0.2199,-1083.476923076923,7.201666666666667,23.23699421965318,63.1878612716763,352,78,0.029874356138679097,,23.414985590778098,237
274,0.2187,-1166.0923076923077,7.451666666666667,22.304347826086957,61.33423913043478,369,78,0.029679209670151314,,22.48641304347826,84
275,0.2175,-1160.8,7.701666666666667,24.22615803814714,65.3133514986376,371,75,0.030406962759232093,,24.534059945504087,688
276,0.2163,-1154.4461538461537,8.0375,24.11111111111111,62.8068783068783,369,78,0.030426546602255126,,24.391534391534393,894
277,0.2151,-1268.2615384615383,8.131666666666666,25.025495750708217,64.63739376770538,358,79,0.031200150225815904,,25.1699716713881,478
278,0.2139,-849.7846153846153,5.961666666666667,19.82471264367816,58.752873563218394,357,79,0.029721947251191427,,20.03735632183908,745
279,0.2127,-789.6461538461538,4.930833333333333,16.679640718562876,54.4311377245509,331,77,0.02985191074119127,,16.898203592814372,147
280,0.2115,-787.676923076923,5.796666666666667,20.08433734939759,58.78915662650602,336,81,0.02673533679552073,,20.23123123123123,3
281,0.2104,-1177.0,8.589166666666667,26.583769633507853,66.39528795811518,369,80,0.029126525504003905,,26.827225130890053,446
282,0.2092,-1190.7384615384617,7.59,22.96875,63.13920454545455,365,76,0.028021892369637175,,23.232954545454547,251
283,0.208,-1243.0615384615385,8.343333333333334,27.612244897959183,68.29154518950438,352,80,0.028209640271838244,,27.892128279883384,722
284,0.2069,-1417.0,9.729166666666666,29.193298969072163,70.30412371134021,387,76,0.028853506179932188,,29.4819587628866,10
285,0.2058,-1122.1538461538462,8.034166666666666,25.584022038567493,65.87603305785125,364,79,0.026840027359023435,,25.763736263736263,595
286,0.2046,-1015.8307692307692,7.281666666666666,24.710982658959537,65.21965317919076,340,80,0.02700959007454169,,24.95664739884393,31
287,0.2035,-1084.1846153846154,7.9366666666666665,25.470108695652176,66.46739130434783,360,80,0.025923286335371776,,25.744565217391305,670
288,0.2024,-1495.6307692307694,10.568333333333333,31.12846347607053,72.74055415617129,396,71,0.027642715296498584,,31.326633165829147,328
289,0.2012,-1280.3230769230772,8.52,25.603174603174605,65.83597883597884,388,76,0.026396014966187032,,25.780423280423282,226
290,0.2001,-1043.4923076923078,6.115,19.705539358600582,58.76384839650146,349,77,0.025580856758542072,,19.97084548104956,886
291,0.199,-1351.7384615384617,9.510833333333334,28.01015228426396,68.45431472081218,383,75,0.025430843941690512,,28.248730964467004,437
292,0.1979,-1153.7230769230769,7.866666666666666,25.22038567493113,64.22038567493112,347,75,0.025590103407963083,,25.451790633608816,494
293,0.1968,-995.8307692307693,6.73,21.106267029972752,60.16076294277929,363,80,0.02594588942508028,,21.509536784741144,50
294,0.1957,-1449.3076923076924,9.8925,27.859564164648912,68.48910411622276,412,73,0.02553183708309847,,28.140435835351088,587
295,0.1946,-882.4615384615385,6.0975,19.861581920903955,58.5,357,80,0.025489802453386227,,20.05367231638418,247
296,0.1936,-949.6307692307693,6.9275,21.613941018766756,60.26005361930295,362,78,0.027169449385235953,,21.812332439678283,866
297,0.1925,-1008.8,6.836666666666667,21.634877384196184,60.86648501362398,370,75,0.026379779868977365,,21.82016348773842,522
298,0.1914,-1106.8000000000002,7.623333333333333,23.536649214659686,62.539267015706805,365,75,0.025942433845225432,,23.80366492146597,400
299,0.1904,-1174.446153846154,7.2575,23.364902506963787,63.362116991643454,361,77,0.026213888405952682,,23.58217270194986,792
300,0.1893,-1636.753846153846,11.064166666666667,32.6412213740458,75.3969465648855,392,76,0.025271086735097877,,32.94147582697201,825
301,0.1883,-1328.7846153846153,9.965833333333334,30.296103896103897,71.63896103896104,368,75,0.02559122719593909,,31.201017811704833,895
302,0.1872,-939.3076923076923,6.119166666666667,19.862068965517242,58.560344827586206,349,81,0.02627754672402963,,20.091954022988507,705
303,0.1862,-1611.4307692307693,11.188333333333333,32.68380462724936,75.34704370179949,398,71,0.0260372244117012,,32.92030848329049,564
304,0.1852,-993.7230769230769,6.264166666666667,22.185410334346503,60.72036474164134,317,74,0.025145003740011954,,22.35258358662614,827
305,0.1841,-1347.0153846153848,8.915,26.045454545454547,65.6010101010101,393,73,0.02494356271259318,,26.32323232323232,790
306,0.1831,-1041.2615384615383,7.035833333333334,21.834757834757834,61.28490028490028,361,75,0.02516369198621582,,22.122507122507123,872
307,0.1821,-1206.5076923076924,6.798333333333333,21.562326869806093,60.28808864265928,362,78,0.0250433796960995,,21.734072022160664,623
308,0.1811,-1050.7230769230769,8.0375,25.95,66.34444444444445,356,79,0.02496890823823052,,26.23611111111111,317
309,0.1801,-855.4,5.863333333333333,19.323863636363637,58.42897727272727,353,79,0.024409191633692505,,19.53409090909091,241
310,0.1791,-1065.4615384615383,7.475,24.68169014084507,64.42535211267605,354,75,0.024018642435379017,,24.88450704225352,582
311,0.1781,-1078.123076923077,7.413333333333333,23.710743801652892,63.743801652892564,357,79,0.02451974898316992,,23.950413223140497,620
312,0.1771,-1119.0923076923077,7.198333333333333,21.91820580474934,61.577836411609496,378,79,0.023537323395286507,,22.211081794195252,124
313,0.1762,-828.4153846153845,5.38,16.853932584269664,55.002808988764045,353,80,0.023153874402174413,,17.10674157303371,181
314,0.1752,-1030.5384615384614,6.988333333333333,23.678362573099417,63.45906432748538,342,77,0.023589622652237775,,23.973684210526315,527
315,0.1742,-1161.0615384615385,8.411666666666667,25.53125,65.13541666666667,375,78,0.023361160838973324,,25.752604166666668,471
316,0.1732,-905.7692307692307,5.799166666666666,18.469740634005763,56.76657060518732,348,76,0.02359345989312977,,18.634005763688762,132
317,0.1723,-1289.0769230769233,9.1175,27.111675126903553,66.39593908629442,372,78,0.023614236061893168,,27.368020304568528,140
318,0.1713,-1191.6461538461538,7.5008333333333335,22.96286472148541,62.97877984084881,373,73,0.023411023487951307,,23.185676392572944,454
319,0.1704,-1021.876923076923,7.605,24.742382271468145,64.12742382271468,347,76,0.022687679057972764,,25.002770083102494,586
320,0.1694,-1040.4615384615386,7.390833333333333,23.298387096774192,63.126344086021504,368,78,0.02284427944055108,,23.5752688172043,266
321,0.1685,-1045.5692307692307,7.141666666666667,23.985549132947977,63.653179190751445,348,75,0.02271174278563477,,24.23121387283237,860
322,0.1676,-788.7076923076924,5.285833333333334,17.372549019607842,55.80112044817927,353,78,0.02224568937447959,,17.57703081232493,605
323,0.1666,-881.2923076923076,6.203333333333333,19.646892655367232,58.0,354,78,0.02213045965794014,,19.906779661016948,817
324,0.1657,-1233.353846153846,8.670833333333333,27.147540983606557,67.15300546448087,364,75,0.02206930121964696,,27.401639344262296,677
325,0.1648,-1414.8461538461538,8.331666666666667,25.75668449197861,66.53208556149733,380,72,0.022627029816294438,,26.03475935828877,166
326,0.1639,-1050.0307692307692,6.989166666666667,22.730659025787965,62.63323782234957,353,76,0.02239041319976624,,22.96275071633238,352
327,0.163,-990.5846153846153,7.056666666666667,22.25068870523416,61.59228650137741,361,77,0.02158946720751998,,22.487603305785125,14
328,0.1621,-1118.7692307692307,7.060833333333333,21.969101123595507,61.20505617977528,357,82,0.021818975272501966,,22.162921348314608,270
329,0.1612,-1817.892307692308,11.9425,35.589333333333336,77.976,395,70,0.021943363223681216,,35.986666666666665,206
330,0.1603,-1459.8615384615384,10.4625,30.576059850374065,71.37406483790524,392,72,0.021789632304913778,,30.788029925187033,384
331,0.1594,-1225.1846153846154,8.366666666666667,25.642297650130548,65.76762402088772,381,76,0.021990174766978104,,25.911227154046998,200
332,0.1585,-1198.7076923076925,8.0475,24.60835509138381,63.652741514360315,361,76,0.022006430619839,,24.801566579634464,167
333,0.1577,-1618.2615384615383,10.445,30.95939086294416,73.27664974619289,393,74,0.021631765578087513,,31.266497461928935,28
334,0.1568,-1084.1384615384613,7.251666666666667,23.84078212290503,62.891061452513966,352,78,0.02167502183845136,,24.008379888268156,767
335,0.1559,-798.9076923076923,5.395,17.25,56.025,360,76,0.021212954737275688,,17.566666666666666,861
336,0.155,-1016.1999999999999,6.954166666666667,22.24858757062147,62.36440677966102,358,80,0.020585041297981596,,22.4774011299435,773
337,0.1542,-1242.246153846154,9.013333333333334,26.94102564102564,67.86923076923077,390,77,0.021047603287336146,,27.243589743589745,693
338,0.1533,-1037.7230769230769,7.305833333333333,21.915816326530614,62.058673469387756,385,77,0.019729790060054483,,22.31122448979592,182
339,0.1525,-1619.6153846153848,11.279166666666667,34.246753246753244,76.0077922077922,384,71,0.021592395395975007,,34.52987012987013,732
340,0.1516,-1309.2153846153847,9.133333333333333,29.773743016759777,71.75139664804469,360,76,0.022068658717416003,,30.134078212290504,778
341,0.1508,-746.8307692307692,4.653333333333333,16.69753086419753,54.614197530864196,324,74,0.021493159485875005,,16.81230769230769,250
342,0.15,-1147.123076923077,7.926666666666667,24.382749326145554,63.97035040431267,367,79,0.02176227466607567,,24.61185983827493,839
343,0.1491,-958.953846153846,6.685833333333333,21.915254237288135,60.54237288135593,342,81,0.02088727938001971,,22.124293785310734,137
344,0.1483,-746.4461538461537,4.719166666666666,16.508982035928145,54.67065868263473,334,74,0.02134135284184425,,16.70149253731343,275
345,0.1475,-1181.2153846153847,8.274166666666666,25.15159574468085,65.69680851063829,377,80,0.02035888163423314,,25.42287234042553,711
346,0.1467,-1040.3384615384616,6.5841666666666665,20.458445040214478,59.69436997319035,379,79,0.020260175610649283,,20.70509383378016,157
347,0.1459,-874.2923076923076,5.635833333333333,18.137724550898202,57.296407185628745,347,82,0.02128615026317794,,18.38323353293413,320
348,0.1451,-1906.8923076923074,13.023333333333333,38.58375634517766,81.39593908629442,394,71,0.02093820451480568,,38.878172588832484,814
349,0.1443,-1140.8307692307692,7.745,23.281653746770026,62.37984496124031,381,77,0.019998379937848428,,23.498708010335918,196
350,0.1435,-972.1692307692308,6.775,23.32634730538922,61.91017964071856,328,78,0.02084031215786252,,23.55820895522388,87
351,0.1427,-1033.3076923076924,7.366666666666666,23.76323119777159,63.54596100278552,360,79,0.021182226297599038,,24.0,689
352,0.1419,-939.7384615384615,5.434166666666667,17.27605633802817,55.70422535211268,352,79,0.020592722404546408,,17.47752808988764,355
353,0.1411,-913.2,6.159166666666667,19.326704545454547,57.19318181818182,352,78,0.021252902030067602,,19.59659090909091,394
354,0.1403,-1177.4461538461537,8.441666666666666,25.407310704960835,65.36292428198433,382,77,0.020592581920133905,,25.618798955613578,588
355,0.1395,-1237.323076923077,7.755,24.327868852459016,63.1448087431694,359,73,0.02071535470861126,,24.497267759562842,162
356,0.1388,-1235.0307692307692,7.8825,23.196891191709845,64.17357512953367,393,73,0.02028580752037508,,23.458549222797927,8
357,0.138,-1309.2153846153847,8.401666666666667,26.16,65.784,374,75,0.02215669171984845,,26.397333333333332,129
358,0.1372,-1058.2153846153847,7.218333333333334,21.956072351421188,61.56072351421189,382,78,0.020158221161310382,,22.276485788113696,529
359,0.1365,-1067.4615384615383,7.615833333333334,23.89779005524862,64.06906077348066,362,76,0.02101987425038687,,24.171270718232044,897
360,0.1357,-855.1384615384616,6.0441666666666665,19.292011019283745,58.107438016528924,361,79,0.0202554362239977,,19.56198347107438,295
361,0.135,-861.7538461538461,5.888333333333334,19.162921348314608,57.62921348314607,353,76,0.020969901996342886,,19.353932584269664,409
362,0.1342,-993.8615384615384,6.964166666666666,22.00576368876081,61.596541786743515,355,77,0.02008421003683639,,22.265129682997117,880
363,0.1335,-1043.9384615384615,5.581666666666667,18.77777777777778,56.82282282282282,334,75,0.019730820752125774,,19.05105105105105,199
364,0.1327,-913.0,5.706666666666667,19.8,58.19701492537313,329,74,0.019622200687906814,,20.0,881
365,0.132,-1034.6153846153845,6.233333333333333,19.382113821138212,58.26829268292683,366,73,0.019455971554939413,,19.6260162601626,174
366,0.1313,-777.7846153846153,4.9725,16.464912280701753,55.1812865497076,347,78,0.01992782209409173,,16.678362573099417,512
367,0.1306,-828.4307692307693,5.530833333333334,18.43227665706052,57.02017291066282,337,77,0.01849743577275113,,18.579250720461093,393
368,0.1298,-869.8615384615384,5.805,19.298850574712645,58.14367816091954,345,79,0.019626868532992538,,19.566091954022987,372
369,0.1291,-1231.4,7.6883333333333335,22.76883116883117,62.16883116883117,379,73,0.01992625445407797,,22.976623376623376,186
370,0.1284,-1584.1538461538462,10.003333333333334,30.229333333333333,70.77866666666667,389,76,0.019636200837617846,,30.512,421
371,0.1277,-1367.7230769230769,8.416666666666666,24.968586387434556,64.85078534031413,382,72,0.019861617570596783,,25.172774869109947,81
372,0.127,-1281.9230769230771,9.133333333333333,26.303398058252426,66.75485436893204,397,77,0.020284081248001785,,26.485507246376812,235
373,0.1263,-771.1384615384616,5.176666666666667,16.740845070422534,55.056338028169016,354,78,0.01959048207669876,,16.907042253521126,599
374,0.1256,-904.6307692307693,6.119166666666667,19.641456582633054,58.47899159663866,361,79,0.019626670990521924,,19.876750700280112,261
375,0.1249,-1106.5846153846155,7.421666666666667,22.59078590785908,62.75338753387534,375,75,0.020469526480630256,,22.867208672086722,18
376,0.1242,-1272.9384615384615,8.600833333333334,27.01098901098901,68.36263736263736,367,80,0.020181150915193284,,27.335164835164836,26
377,0.1235,-761.8615384615384,5.154166666666667,17.88719512195122,56.31707317073171,330,82,0.020678238531728753,,18.070121951219512,334
378,0.1228,-1064.876923076923,6.929166666666666,21.677777777777777,60.666666666666664,367,76,0.02054087856990323,,21.93611111111111,739
379,0.1221,-866.1846153846154,5.600833333333333,18.959885386819483,57.12320916905444,343,79,0.020269248677437384,,19.111747851002864,514
380,0.1215,-1093.0769230769229,7.435833333333333,23.616438356164384,63.46027397260274,369,78,0.01949515716751449,,23.84109589041096,300
381,0.1208,-1255.0,7.906666666666666,22.79396984924623,62.85929648241206,403,71,0.01959406094517755,,23.007537688442213,619
382,0.1201,-778.2,5.3425,17.24641833810888,55.39828080229226,349,82,0.019587547577026517,,17.48997134670487,812
383,0.1195,-1302.8461538461538,8.705,26.550387596899224,66.18604651162791,379,72,0.020454549123037753,,26.74935400516796,694
384,0.1188,-1163.0153846153846,7.3741666666666665,23.71625344352617,62.58126721763085,358,74,0.019216883618511014,,23.92837465564738,215
385,0.1181,-978.4,6.2075,19.704918032786885,59.01092896174863,369,73,0.019683166181412127,,19.950819672131146,155
386,0.1175,-716.9846153846155,4.740833333333334,15.947826086956521,53.99710144927536,341,78,0.019335680135527635,,16.115942028985508,484
387,0.1168,-1008.8,6.845833333333333,20.72679045092838,59.761273209549074,388,76,0.0195279620248315,,21.135278514588858,818
388,0.1162,-856.7076923076924,5.604166666666667,18.101156069364162,56.92485549132948,356,77,0.018741946213918486,,18.283236994219653,719
389,0.1156,-1151.9692307692308,7.154166666666667,22.319148936170212,61.62234042553192,372,70,0.0184397834140349,,22.534574468085108,383
390,0.1149,-972.8923076923077,5.3825,16.673972602739727,54.73972602739726,366,79,0.018084751171957934,,16.86027397260274,453
391,0.1143,-1114.9692307692308,7.650833333333333,23.868279569892472,62.82258064516129,364,73,0.018321645566923166,,24.10483870967742,869
392,0.1136,-962.0461538461539,6.269166666666667,19.398373983739837,57.49051490514905,357,77,0.01792993345124011,,19.710027100271002,189
393,0.113,-1225.246153846154,7.3825,21.934725848563968,60.38642297650131,367,77,0.01789955996499434,,22.114583333333332,65
394,0.1124,-935.0923076923077,5.846666666666667,19.01396648044693,57.90502793296089,362,77,0.01756901611270822,,19.206703910614525,212
395,0.1118,-910.4307692307693,5.636666666666667,18.83139534883721,57.44476744186046,352,77,0.016858560632241452,,18.96231884057971,422
396,0.1112,-885.5692307692307,5.43,17.58,56.32857142857143,359,73,0.016438824932580934,,17.797142857142855,717
397,0.1105,-647.9846153846155,4.404166666666667,14.824404761904763,52.336309523809526,331,75,0.01687964841861067,,15.014880952380953,201
398,0.1099,-885.7846153846153,5.998333333333333,19.84550561797753,58.22752808988764,343,76,0.01684615016265951,,20.058988764044944,444
399,0.1093,-949.4769230769231,6.25,19.752021563342318,59.0377358490566,364,76,0.01732843679158311,,20.043126684636118,79
400,0.1087,-1012.9999999999998,6.849166666666667,20.630727762803236,60.20215633423181,385,77,0.016073512320927456,,20.849056603773583,203
401,0.1081,-796.6307692307691,5.650833333333333,18.37891737891738,57.136752136752136,354,82,0.016597091906342724,,18.539772727272727,461
402,0.1075,-1094.6153846153848,6.588333333333333,21.822857142857142,60.91142857142857,355,70,0.016024357108275707,,22.15714285714286,829
403,0.1069,-1257.3538461538462,8.975833333333334,27.21875,67.67708333333333,383,73,0.015531994500183152,,27.471354166666668,370
404,0.1063,-1359.6615384615384,8.7275,27.391534391534393,66.38888888888889,361,67,0.01564376785527621,,27.6984126984127,209
405,0.1057,-926.0153846153846,5.7625,17.796143250688704,56.289256198347104,369,76,0.015490672444789305,,18.03581267217631,388
406,0.1052,-841.0769230769231,5.395,16.470744680851062,54.579787234042556,375,78,0.016596558052286253,,16.704787234042552,458
407,0.1046,-849.3076923076924,6.119166666666667,19.340845070422535,57.63098591549296,360,79,0.015563638390533898,,19.55211267605634,159
408,0.104,-1137.1538461538462,6.8758333333333335,21.32520325203252,60.47425474254742,368,71,0.01570082738318407,,21.54471544715447,896
409,0.1034,-915.2307692307693,6.0,19.397260273972602,58.42191780821918,361,83,0.016236131488941215,,19.610958904109587,5
410,0.1028,-942.7538461538461,5.635,18.348314606741575,57.52247191011236,362,75,0.01637746539051132,,18.52247191011236,678
411,0.1023,-1100.2923076923078,7.529166666666667,21.568123393316196,61.1413881748072,394,76,0.016573669989004957,,21.750642673521853,868
412,0.1017,-1238.8461538461538,7.5841666666666665,22.79736842105263,62.257894736842104,388,73,0.016854465289961845,,23.021052631578947,703
413,0.1011,-1105.7076923076925,6.976666666666667,21.96505376344086,61.20161290322581,372,72,0.01618870048543887,,22.18010752688172,721
414,0.1006,-859.5230769230769,5.980833333333333,19.41736694677871,57.87675070028011,346,79,0.016005933634286464,,19.641456582633054,635
415,0.1,-913.9076923076923,6.440833333333333,20.262734584450403,59.67292225201072,367,80,0.016369156120304082,,20.603217158176943,455
416,0.0995,-921.0615384615385,6.898333333333333,21.953424657534246,60.465753424657535,357,79,0.016106238425914014,,22.24109589041096,865
417,0.0989,-1139.2153846153847,7.594166666666666,22.433333333333334,61.57435897435897,384,74,0.01602892556001802,,22.676923076923078,747
418,0.0984,-1043.1538461538462,6.865833333333334,21.745205479452054,60.85205479452055,366,75,0.01653689396570164,,21.92876712328767,224
419,0.0978,-1255.4461538461537,7.140833333333333,20.79736842105263,60.13421052631579,386,74,0.016949564684735213,,21.1,269
420,0.0973,-863.8,6.073333333333333,18.661458333333332,56.955729166666664,369,76,0.017511502311173575,,18.940104166666668,506
421,0.0968,-1025.1692307692308,6.574166666666667,20.208,58.72266666666667,374,79,0.01659069111465664,,20.421333333333333,33
422,0.0962,-801.3076923076923,5.179166666666666,16.991596638655462,55.207282913165265,354,76,0.016558536441443165,,17.215686274509803,547
423,0.0957,-763.7230769230769,5.09,16.82336182336182,55.10826210826211,347,77,0.016339427046207364,,17.025641025641026,449
424,0.0952,-900.876923076923,5.744166666666667,18.506887052341597,57.47382920110193,367,77,0.015510617806031236,,18.702479338842974,52
425,0.0946,-976.4307692307692,6.654166666666667,20.310526315789474,59.52368421052632,380,72,0.015786645575531628,,20.555263157894736,709
426,0.0941,-1326.2153846153844,9.621666666666666,29.38421052631579,70.36842105263158,381,78,0.015613479633205059,,29.694736842105264,242
427,0.0936,-855.3076923076924,5.7325,19.31858407079646,58.0,344,76,0.015784152667655513,,19.492625368731563,841
428,0.0931,-786.676923076923,5.141666666666667,17.472303206997086,55.63848396501458,339,76,0.015891618920648224,,17.67930029154519,25
429,0.0926,-1491.5538461538463,10.164166666666667,27.80373831775701,68.64018691588785,420,74,0.014689566543749259,,28.186915887850468,218
430,0.092,-1036.046153846154,6.629166666666666,20.807486631016044,59.31818181818182,368,74,0.015430994651391116,,20.986631016042782,762
431,0.0915,-798.9846153846154,4.8625,16.112391930835734,54.694524495677236,354,77,0.015680881279161642,,16.334293948126803,833
432,0.091,-843.1999999999999,5.841666666666667,18.858333333333334,57.55833333333333,359,79,0.016049374087895862,,19.147222222222222,652
433,0.0905,-1086.0923076923077,7.201666666666667,22.0625,61.078125,373,72,0.016658461607297975,,22.276041666666668,11
434,0.09,-792.6,4.929166666666666,16.163690476190474,54.30357142857143,340,74,0.01672354129274759,,16.383928571428573,556
435,0.0895,-1074.2153846153847,7.011666666666667,22.837078651685392,62.54494382022472,363,73,0.016439919010132375,,23.042134831460675,424
436,0.089,-854.2615384615385,5.968333333333334,19.575418994413408,58.02793296089386,351,79,0.015913978280816064,,19.685236768802227,297
437,0.0885,-1188.9538461538461,8.488333333333333,24.765903307888042,64.8295165394402,392,76,0.01670948523339461,,24.994910941475826,680
438,0.088,-917.0615384615385,5.595,17.791549295774647,56.33802816901409,363,75,0.01603607987604454,,18.104225352112675,56
439,0.0876,-907.5230769230768,5.921666666666667,19.58100558659218,57.93296089385475,343,74,0.015088748258130492,,19.854748603351954,6
440,0.0871,-936.4615384615385,6.1241666666666665,19.768595041322314,58.46280991735537,356,74,0.014384113485955405,,19.988980716253444,426
441,0.0866,-966.5076923076922,5.665,18.337209302325583,57.42151162790697,356,75,0.014400465130308729,,18.569767441860463,657
442,0.0861,-1125.8153846153848,7.8308333333333335,22.965174129353233,62.46268656716418,393,75,0.014183910429426507,,23.256218905472636,718
443,0.0856,-928.9846153846155,6.2875,19.643243243243244,57.15405405405406,350,74,0.015015264248467379,,19.937837837837836,303
444,0.0852,-862.4000000000001,6.445833333333334,20.287634408602152,59.365591397849464,368,80,0.014833665615227242,,20.486559139784948,777
445,0.0847,-1219.5538461538463,7.245,21.25319693094629,60.20716112531969,389,76,0.014797003736092773,,21.49616368286445,873
446,0.0842,-1313.1692307692308,8.8425,27.214659685863875,67.4869109947644,379,71,0.015355242197782943,,27.428198433420366,626
447,0.0838,-900.4615384615385,5.289166666666667,17.844117647058823,56.51176470588236,347,74,0.015348513139978216,,18.147058823529413,306
448,0.0833,-813.5384615384615,5.52,18.40740740740741,57.22222222222222,354,79,0.01635105444732829,,18.666666666666668,92
449,0.0828,-965.0307692307692,6.6,20.932614555256066,59.698113207547166,355,78,0.014234263282775994,,21.110512129380055,272
450,0.0824,-1996.0769230769229,17.429166666666667,52.654794520547945,98.53698630136986,391,73,0.014675813161976432,,54.583561643835615,29
451,0.0819,-1237.2153846153847,8.9425,26.527272727272727,66.50389610389611,385,77,0.014938438657006597,,26.78181818181818,505
452,0.0815,-928.9384615384615,6.449166666666667,19.589473684210525,58.21578947368421,367,76,0.01402641003582359,,19.905263157894737,451
453,0.081,-1040.123076923077,6.7825,20.135204081632654,58.88520408163265,385,78,0.014667397040732597,,20.35969387755102,375
454,0.0806,-1031.7230769230769,5.958333333333333,18.39095744680851,57.611702127659576,381,76,0.01473089347829552,,18.659574468085108,180
455,0.0801,-893.8461538461538,6.156666666666666,20.316239316239315,59.396011396011396,361,76,0.014444181846572111,,20.53846153846154,450
456,0.0797,-913.1538461538462,5.609166666666667,18.324786324786324,56.826210826210826,351,79,0.014315187733043149,,18.62962962962963,852
457,0.0792,-1102.1692307692306,7.2825,22.191891891891892,62.1945945945946,381,77,0.015146300431299315,,22.42972972972973,604
458,0.0788,-1119.123076923077,7.220833333333333,21.74473684210526,61.126315789473686,387,71,0.015190304125252121,,22.07894736842105,53
459,0.0784,-1025.4153846153847,6.4591666666666665,20.133879781420767,59.39071038251366,373,75,0.015186636014464006,,20.385245901639344,772
460,0.0779,-1220.1384615384613,8.02,23.292105263157893,62.38947368421053,385,73,0.014642895476568843,,23.50526315789474,786
461,0.0775,-771.1846153846154,5.1658333333333335,16.62280701754386,53.85964912280702,340,76,0.015101297423029292,,16.862573099415204,490
462,0.0771,-1126.1846153846154,7.6466666666666665,22.63588390501319,61.72295514511873,376,76,0.014604446364669607,,22.886543535620053,568
463,0.0766,-974.5384615384617,5.729166666666667,17.608695652173914,56.01902173913044,363,77,0.014889917727560167,,17.793478260869566,631
464,0.0762,-1152.4769230769234,7.616666666666666,22.744245524296677,62.49360613810742,382,73,0.014607758308634854,,22.946428571428573,227
465,0.0758,-911.7692307692307,6.266666666666667,20.735795454545453,59.77272727272727,340,72,0.014375016026845521,,20.943181818181817,673
466,0.0754,-1921.8923076923074,14.185,40.256594724220626,81.88489208633094,394,70,0.013872362548447502,,49.20623501199041,625
467,0.075,-1306.8923076923077,7.899166666666667,23.58176943699732,63.571045576407506,383,76,0.014962921326886192,,23.80965147453083,107
468,0.0745,-1106.353846153846,7.405,21.987212276214834,61.069053708439895,383,76,0.014929139314172534,,22.281329923273656,148
469,0.0741,-1049.876923076923,7.3125,22.607329842931936,61.968586387434556,376,76,0.015346536806956822,,22.798429319371728,757
470,0.0737,-1341.6461538461538,9.346666666666666,29.139841688654354,69.36411609498681,368,72,0.015048051311990699,,29.4221635883905,592
471,0.0733,-1278.3384615384616,7.416666666666667,21.75835475578406,60.562982005141386,389,74,0.015755031702452644,,22.074550128534703,171
472,0.0729,-909.8307692307693,6.1925,19.149584487534625,57.75346260387812,362,78,0.015509155465769205,,19.401662049861496,763
473,0.0725,-1356.7692307692307,8.675,26.28020565552699,65.70437017994858,384,71,0.015843412251867077,,26.493573264781492,204
474,0.0721,-1393.9846153846156,9.758333333333333,30.731382978723403,71.57978723404256,363,73,0.016625634321169907,,30.97612732095491,665
475,0.0717,-710.3384615384616,5.134166666666666,16.444444444444443,54.047222222222224,355,81,0.015836278404283564,,16.641666666666666,473
476,0.0713,-949.0615384615385,6.165,18.851063829787233,57.340425531914896,374,79,0.015708410102979423,,19.07712765957447,641
477,0.0709,-820.5846153846153,5.263333333333334,16.963687150837988,54.3072625698324,347,75,0.016110610898302125,,17.162011173184357,364
478,0.0705,-991.9384615384616,6.495,20.702549575070822,59.977337110481585,360,75,0.015974614048711498,,20.923512747875353,177
479,0.0701,-913.4923076923078,5.753333333333333,18.269972451790633,56.829201101928376,360,74,0.015880313516864746,,18.548209366391184,899
480,0.0697,-1146.523076923077,7.480833333333333,22.671232876712327,62.04931506849315,367,74,0.015404492818701725,,22.884931506849316,245
481,0.0694,-945.6615384615384,5.633333333333334,19.899053627760253,58.80441640378549,327,75,0.016036656752367196,,20.05678233438486,210
482,0.069,-931.0923076923077,5.59,17.172701949860723,56.26462395543175,360,78,0.015720689955980794,,17.41225626740947,290
483,0.0686,-798.1538461538462,5.556666666666667,18.582386363636363,57.36079545454545,348,83,0.015711803795811004,,18.852272727272727,768
484,0.0682,-947.2153846153846,6.42,19.56675749318801,58.85558583106267,373,77,0.015665229573202693,,19.722070844686648,117
485,0.0678,-805.6923076923077,4.991666666666666,16.650887573964496,54.94378698224852,345,72,0.01561770868486748,,16.846153846153847,499
486,0.0675,-663.876923076923,4.5675,14.631868131868131,52.04945054945055,350,80,0.016081914597098346,,14.843406593406593,143
487,0.0671,-917.876923076923,6.25,19.71657754010695,57.62032085561497,365,75,0.016103224294608472,,19.901333333333334,240
488,0.0667,-1021.2769230769231,7.2225,22.186486486486487,61.27297297297297,372,83,0.015733437170404544,,22.38108108108108,308
489,0.0664,-997.0769230769231,5.918333333333333,18.42627345844504,57.171581769437,372,73,0.01657528820353253,,18.60857908847185,692
490,0.066,-829.0153846153846,5.6775,18.441595441595442,57.35042735042735,360,81,0.016815959549671043,,18.579545454545453,800
491,0.0656,-1102.1076923076923,7.796666666666667,23.99206349206349,63.39153439153439,373,76,0.015824476639562875,,24.206349206349206,555
492,0.0653,-1007.2307692307693,6.9175,20.927648578811368,59.299741602067186,378,74,0.01640183898009046,,21.170542635658915,647
493,0.0649,-1048.0923076923077,7.185833333333333,23.23756906077348,62.47513812154696,355,77,0.016569361836304017,,23.41160220994475,799
494,0.0645,-794.0461538461539,5.205,16.20967741935484,54.56989247311828,365,76,0.016124568146255857,,16.475806451612904,76
495,0.0642,-788.9692307692308,5.069166666666667,16.182336182336183,54.267806267806264,355,75,0.015982915669417477,,16.43874643874644,565
496,0.0638,-1029.5076923076924,7.158333333333333,22.620320855614974,61.850267379679146,363,78,0.01629039196033042,,22.81283422459893,127
497,0.0635,-1195.3076923076924,7.666666666666667,24.969359331476323,64.3008356545961,356,76,0.015508860634932436,,25.144846796657383,481
498,0.0631,-700.9692307692308,4.7683333333333335,15.459770114942529,53.54597701149425,347,75,0.015777917531565586,,15.655172413793103,304
499,0.0628,-802.123076923077,4.721666666666667,16.101492537313433,54.5910447761194,333,74,0.014987694124777365,,16.34626865671642,713
500,0.0624,-843.2,6.026666666666666,18.574525745257453,56.86720867208672,361,76,0.015234311214153605,,18.84552845528455,353
501,0.0621,-844.9076923076923,5.966666666666667,19.214484679665738,57.8133704735376,358,79,0.01453944557979115,,19.445682451253482,98
502,0.0617,-1437.1538461538462,8.725833333333334,25.704225352112676,66.27605633802817,379,70,0.014598784945520207,,25.91267605633803,501
503,0.0614,-1415.7230769230769,7.0275,19.703296703296704,58.27197802197802,381,74,0.015782579319267437,,19.9010989010989,293
504,0.0611,-942.8923076923077,5.920833333333333,19.038235294117648,58.37352941176471,355,77,0.015004544945445255,,19.25294117647059,634
505,0.0607,-1071.8153846153846,7.2175,22.016,61.57066666666667,376,76,0.014845739337485514,,22.272,194
506,0.0604,-800.7076923076924,5.2058333333333335,17.44507042253521,55.25633802816901,342,75,0.015313063252679025,,17.729577464788733,67
507,0.06,-1059.8307692307692,6.7175,22.035087719298247,61.35087719298246,352,70,0.015077298449680027,,22.228070175438596,365
508,0.0597,-839.5076923076923,4.859166666666667,16.63953488372093,54.38953488372093,333,72,0.015322351630825714,,16.759420289855072,651
509,0.0594,-937.5384615384614,6.099166666666667,19.35483870967742,57.0994623655914,352,74,0.014748334282535275,,19.637096774193548,760
510,0.0591,-1367.876923076923,8.676666666666666,25.3225,64.7975,393,71,0.015064943474612784,,25.57,86
511,0.0587,-913.8461538461537,5.9425,18.87123287671233,57.75068493150685,367,76,0.015655884353991387,,19.087671232876712,382
512,0.0584,-781.123076923077,5.37,18.121037463976947,56.53602305475504,339,78,0.015972661635170034,,18.360230547550433,146
513,0.0581,-923.0615384615385,5.7,18.597142857142856,57.22,354,70,0.015416377150183685,,18.845714285714287,418
514,0.0578,-1092.7692307692307,7.485,22.020408163265305,61.17857142857143,383,75,0.015369940769261813,,22.318877551020407,874
515,0.0574,-860.0,5.8525,18.482093663911847,56.84573002754821,355,81,0.015440172369076051,,18.727272727272727,408
516,0.0571,-1293.9538461538464,6.964166666666666,19.713541666666668,58.598958333333336,394,72,0.01496115822959902,,19.9296875,660
517,0.0568,-945.4000000000001,6.654166666666667,21.74373259052925,61.20612813370474,362,79,0.01454797675727848,,21.944289693593316,826
518,0.0565,-1002.5384615384617,6.141666666666667,19.807262569832403,58.97206703910614,358,78,0.014322647111767627,,20.07262569832402,248
519,0.0562,-921.3846153846155,6.379166666666666,20.12568306010929,59.46994535519126,361,79,0.014992863701982958,,20.371584699453553,870
520,0.0559,-1190.6307692307691,7.769166666666667,22.50125313283208,61.83959899749373,395,70,0.014942427090583452,,22.829573934837093,89
521,0.0556,-808.6307692307694,5.5,17.64623955431755,56.1142061281337,348,77,0.014439558474500822,,17.81615598885794,403
522,0.0553,-1171.2615384615385,8.329166666666667,24.55778894472362,64.26381909547739,394,74,0.015054913030597736,,24.87939698492462,97
523,0.0549,-1193.3076923076922,8.095833333333333,23.53061224489796,63.48724489795919,397,77,0.013843839606742238,,23.770408163265305,341
524,0.0546,-1150.523076923077,7.156666666666666,21.446475195822455,60.331592689295036,382,75,0.014009624606863922,,21.676240208877285,664
525,0.0543,-1235.753846153846,7.5175,21.0,60.144702842377264,394,78,0.014505408335967812,,21.16795865633075,706
526,0.054,-794.1076923076923,5.7058333333333335,17.81994459833795,56.199445983379505,361,85,0.014511495490175498,,18.008310249307478,654
527,0.0537,-867.9538461538461,6.0008333333333335,19.67142857142857,58.53142857142857,352,80,0.014550053253365745,,19.905714285714286,754
528,0.0534,-787.1384615384616,5.548333333333333,17.919444444444444,56.15,357,78,0.015237015120134527,,18.119444444444444,160
529,0.0531,-1028.2923076923075,6.7925,20.924324324324324,59.27297297297297,366,74,0.015253685647468639,,21.143243243243244,108
530,0.0529,-942.8,6.004166666666666,19.077363896848137,57.93696275071633,367,79,0.015853461116975012,,19.240687679083095,391
531,0.0526,-679.1384615384616,5.003333333333333,16.818181818181817,54.774193548387096,332,81,0.015305535143424972,,17.00293255131965,837
532,0.0523,-852.0769230769231,5.9925,19.035616438356165,57.58082191780822,356,79,0.015341988355761501,,19.263013698630136,407
533,0.052,-1046.6923076923076,6.238333333333333,19.607954545454547,58.07386363636363,362,72,0.0156907377126372,,19.857954545454547,101
534,0.0517,-1427.446153846154,8.818333333333333,27.946236559139784,68.10215053763442,372,72,0.014640582196156195,,28.21505376344086,432
535,0.0514,-1009.0769230769231,6.411666666666667,19.485333333333333,58.4,379,74,0.015594645674604024,,19.717333333333332,755
536,0.0511,-1091.1846153846154,7.130833333333333,21.854111405835543,60.80106100795756,375,71,0.015961981404485286,,22.071618037135277,783
537,0.0508,-964.3384615384615,6.4558333333333335,19.88888888888889,58.82275132275132,370,77,0.016188213745799263,,20.09259259259259,369
538,0.0506,-663.5692307692307,4.460833333333333,15.679640718562874,53.68263473053892,326,80,0.016114789239521456,,15.841317365269461,585
539,0.0503,-1383.9538461538464,8.175,23.068459657701712,62.46210268948655,403,68,0.01590316554199395,,23.371638141809292,518
540,0.05,-880.2923076923078,5.878333333333333,18.570621468926554,57.259887005649716,361,79,0.016329714990351237,,18.793785310734464,810
541,0.05,-984.4153846153845,6.069166666666667,19.558739255014327,58.80229226361031,362,79,0.01577414235208685,,19.868194842406876,571
542,0.05,-1147.8615384615384,7.754166666666666,23.5703125,63.802083333333336,387,75,0.015273176586607075,,23.765625,536
543,0.05,-798.0615384615385,5.2025,16.863636363636363,55.35227272727273,349,77,0.015190009146748848,,17.079545454545453,477
544,0.05,-1020.0461538461539,6.92,21.624324324324323,60.82972972972973,370,74,0.014914724323429133,,21.791891891891893,802
545,0.05,-1043.0,6.6825,19.556701030927837,58.19329896907217,389,74,0.01568435826524874,,19.780927835051546,890
546,0.05,-883.7846153846153,5.7825,18.05540166204986,56.340720221606645,364,76,0.01540773026700562,,18.29639889196676,385
547,0.05,-888.9692307692308,6.101666666666667,18.61741424802111,57.12928759894459,383,79,0.015230553690214414,,18.86543535620053,845
548,0.05,-768.1538461538462,5.215,17.672619047619047,55.23511904761905,324,77,0.013766617750429588,,17.94047619047619,633
549,0.05,-903.9538461538461,5.4366666666666665,18.08595988538682,56.01146131805157,345,79,0.014219900032746922,,18.31518624641834,727
550,0.05,-861.0307692307692,5.775833333333333,17.82816901408451,56.50422535211268,360,79,0.01523622898606997,,18.04225352112676,183
551,0.05,-1140.353846153846,7.130833333333333,22.421917808219177,61.583561643835615,372,78,0.014745651126019657,,22.638356164383563,192
552,0.05,-1019.3846153846152,6.985833333333333,20.859838274932613,60.44204851752021,384,79,0.014672866374890348,,21.110512129380055,525
553,0.05,-865.7846153846153,5.73,18.233516483516482,56.80494505494506,369,77,0.014459011636692321,,18.47252747252747,741
554,0.05,-1232.3692307692306,7.726666666666667,22.087403598971722,61.526992287917736,396,76,0.014703113661637148,,22.290488431876607,135
555,0.05,-682.876923076923,4.73,16.446428571428573,54.5625,340,79,0.014471181699258543,,16.651785714285715,12
556,0.05,-808.0307692307692,5.835,17.954177897574123,55.98652291105121,362,79,0.014275409624291942,,18.18059299191375,42
557,0.05,-824.123076923077,5.800833333333333,18.504249291784703,57.04815864022663,353,79,0.014159581382974245,,18.75070821529745,485
558,0.05,-917.123076923077,6.240833333333334,20.474431818181817,59.19886363636363,354,78,0.014777928528956501,,20.68465909090909,359
559,0.05,-1203.7692307692305,8.5375,25.723076923076924,65.15128205128205,382,78,0.014014426648454596,,25.956410256410255,309
560,0.05,-931.4153846153847,6.4558333333333335,21.028169014084508,59.4056338028169,345,76,0.014146696481673328,,21.28450704225352,530
561,0.05,-1378.2923076923078,8.9475,25.109725685785538,65.49875311720699,401,76,0.014270107818976105,,25.4214463840399,507
562,0.05,-719.5538461538462,4.793333333333333,16.123893805309734,54.32743362831859,346,78,0.015012431544044157,,16.353982300884955,851
563,0.05,-1572.2769230769231,9.8775,30.00793650793651,70.8862433862434,391,69,0.014058322463266973,,30.285714285714285,884
564,0.05,-1387.246153846154,9.033333333333333,26.08312958435208,65.99266503667482,403,70,0.014289095523430101,,26.327628361858192,2
565,0.05,-923.8615384615384,5.816666666666666,17.983606557377048,56.69125683060109,367,75,0.013900543411767169,,18.185792349726775,343
566,0.05,-883.6615384615384,6.3475,19.431266846361186,58.20754716981132,367,77,0.013869625800462304,,19.619946091644206,720
567,0.05,-1435.8923076923074,8.425833333333333,23.141711229946523,62.46524064171123,386,73,0.014470264994339257,,23.43048128342246,281
568,0.05,-1052.476923076923,6.825833333333334,20.591145833333332,59.354166666666664,377,79,0.014400995211187661,,20.794270833333332,158
569,0.05,-657.3384615384615,4.711666666666667,17.043343653250773,55.44272445820433,323,81,0.014180259043991415,,17.20123839009288,698
570,0.05,-1514.3846153846152,8.388333333333334,24.3975,64.005,400,71,0.014580525699440319,,24.6475,452
571,0.05,-1207.953846153846,7.145,21.167539267015705,59.795811518324605,384,71,0.015196991382365965,,21.37434554973822,669
572,0.05,-822.4615384615383,5.105833333333333,16.387464387464387,54.11396011396011,355,82,0.015696706779068093,,16.552706552706553,750
573,0.05,-982.0615384615384,6.2316666666666665,19.02652519893899,57.95490716180371,379,72,0.015453916552054447,,19.26790450928382,27
574,0.05,-877.8615384615384,5.498333333333333,17.38840579710145,55.65797101449275,351,77,0.01540775121044044,,17.6,256
575,0.05,-944.7846153846153,5.8533333333333335,18.43250688705234,57.46831955922865,369,74,0.015288237318471372,,18.713498622589533,590
576,0.05,-806.9846153846154,5.884166666666666,19.51396648044693,58.262569832402235,347,80,0.015373610033238012,,19.717877094972067,271
577,0.05,-1197.876923076923,8.4075,25.121761658031087,65.00777202072538,393,74,0.01561109026167522,,25.463730569948186,537
578,0.05,-759.1076923076923,4.7325,14.938375350140056,52.82072829131653,361,79,0.015637625595934485,,15.1484593837535,120
579,0.05,-790.8153846153846,5.5025,16.883783783783784,55.394594594594594,369,79,0.01566610474432382,,17.124324324324323,740
580,0.05,-811.0307692307691,5.835833333333333,18.013404825737265,56.552278820375335,373,77,0.015338870668067555,,18.21390374331551,440
581,0.05,-739.8461538461538,4.501666666666667,15.234782608695653,53.391304347826086,344,77,0.016744096980002995,,15.478260869565217,82
582,0.05,-776.6,5.285833333333334,16.721621621621622,55.31621621621622,368,78,0.015598591609477765,,16.956756756756757,666
583,0.05,-1163.6769230769232,7.185833333333333,22.046997389033944,61.637075718015666,383,76,0.01573396675932183,,22.183937823834196,569
584,0.05,-847.7384615384615,5.555,17.634615384615383,56.78021978021978,366,75,0.01556243867294842,,17.975274725274726,598
585,0.05,-1604.3692307692309,10.061666666666667,28.066350710900473,68.19431279620854,413,68,0.014737086923128528,,28.341232227488153,350
586,0.05,-888.1692307692307,5.224166666666667,16.041551246537395,53.8421052631579,356,78,0.014998085741163077,,16.249307479224377,404
587,0.05,-786.2923076923078,5.504166666666666,17.952513966480446,56.57541899441341,358,79,0.015694347130388652,,18.29608938547486,22
588,0.05,-945.6153846153846,6.015,19.089385474860336,57.71787709497207,360,76,0.015312609463530663,,19.363128491620113,111
589,0.05,-708.0769230769231,4.911666666666667,15.977777777777778,53.96111111111111,350,82,0.015603877328823486,,16.183333333333334,752
590,0.05,-853.6153846153846,6.2283333333333335,19.215425531914892,57.851063829787236,371,78,0.015116156639182237,,19.42970822281167,892
591,0.05,-1162.4615384615383,7.7125,23.63101604278075,63.5668449197861,367,72,0.01516618631713165,,23.86898395721925,676
592,0.05,-902.1076923076924,6.405833333333334,19.909814323607428,58.54641909814324,371,80,0.015962311907054383,,20.082228116710876,684
593,0.05,-1004.5076923076922,5.430833333333333,16.88695652173913,54.582608695652176,346,74,0.015764101400995722,,17.08695652173913,51
594,0.05,-809.5076923076924,5.42,17.3224043715847,55.36065573770492,361,78,0.015143535389431681,,17.56830601092896,491
595,0.05,-1081.6923076923076,8.081666666666667,24.015113350125944,63.47858942065491,390,80,0.01625266632633978,,24.2367758186398,178
596,0.05,-713.7538461538462,5.2925,17.806267806267805,56.45014245014245,340,79,0.01628256976398081,,18.03133903133903,726
597,0.05,-1126.2615384615383,6.878333333333333,21.498659517426272,61.0402144772118,378,75,0.01483733568849236,,21.745308310991955,801
598,0.05,-880.9538461538461,5.92,18.372972972972974,56.924324324324324,368,78,0.014827804577613606,,18.616216216216216,581
599,0.05,-1159.4307692307693,7.163333333333333,21.852713178294575,60.855297157622736,380,78,0.014502533156867295,,22.05426356589147,325
600,0.05,-1654.3384615384618,11.193333333333333,31.60671462829736,72.56594724220624,405,70,0.013770222753890105,,31.896882494004796,462
601,0.05,-727.4923076923077,4.741666666666666,16.123893805309734,54.22418879056047,345,76,0.014331051924862328,,16.35103244837758,859
602,0.05,-897.8,5.795,18.515068493150686,57.035616438356165,365,74,0.014600376414515817,,18.723287671232878,254
603,0.05,-1050.9692307692308,7.316666666666666,22.386422976501304,61.467362924281986,376,74,0.014345509827212395,,22.63968668407311,280
604,0.05,-1009.8,6.5183333333333335,20.33244680851064,59.625,372,76,0.014768492488115691,,20.617021276595743,322
605,0.05,-846.323076923077,5.516666666666667,17.867036011080334,56.11357340720222,355,73,0.014600682920528706,,18.10220994475138,650
606,0.05,-1311.7846153846153,7.495,21.64917127071823,61.56353591160221,389,77,0.014188594217189663,,21.96961325966851,323
607,0.05,-1023.9692307692306,7.583333333333333,23.50397877984085,62.9893899204244,370,77,0.014405266705243343,,23.74005305039788,695
608,0.05,-861.4307692307692,5.8825,18.48787061994609,58.15363881401617,372,79,0.014686643816585927,,18.752021563342318,75
609,0.05,-776.9692307692308,5.2,16.620111731843576,55.279329608938546,362,77,0.014459445258183268,,16.863128491620113,130
610,0.05,-913.6307692307693,6.335833333333333,19.211640211640212,58.82010582010582,382,78,0.015711757482256644,,19.465608465608465,35
611,0.05,-789.9076923076923,5.359166666666667,17.68857142857143,56.13142857142857,351,81,0.0146684923317119,,17.945714285714285,390
612,0.05,-1143.953846153846,7.341666666666667,22.865384615384617,63.260989010989015,379,78,0.014555786287932637,,23.063186813186814,40
613,0.05,-701.6307692307693,4.418333333333333,14.106442577030812,52.42016806722689,358,76,0.01391408866933514,,14.355742296918768,363
614,0.05,-834.6461538461539,5.32,16.96457765667575,55.12261580381471,366,79,0.013224664488557324,,17.155313351498638,9
615,0.05,-851.4,5.623333333333333,17.4585635359116,56.26243093922652,370,74,0.013873248953134316,,17.718232044198896,470
616,0.05,-981.9384615384615,6.2091666666666665,18.778089887640448,57.98033707865169,375,78,0.015201729919276938,,19.019607843137255,819
617,0.05,-1031.5692307692307,6.668333333333333,19.452879581151834,58.696335078534034,387,78,0.015618720441020202,,19.664921465968586,412
618,0.05,-771.2923076923078,5.435,18.1046511627907,56.625,349,81,0.014344865620967304,,18.348837209302324,516
619,0.05,-1150.892307692308,8.295,25.725806451612904,66.9758064516129,374,78,0.013679786952687003,,25.906166219839143,243
620,0.05,-889.1384615384616,5.7075,18.498575498575498,56.957264957264954,353,74,0.014532910308995752,,18.713068181818183,314
621,0.05,-1036.4,6.025833333333333,17.830945558739256,55.93696275071633,359,73,0.01533298628334251,,18.07163323782235,609
622,0.05,-793.7692307692307,5.316666666666666,16.797260273972604,54.701369863013696,363,78,0.014990982113723298,,16.972602739726028,41
623,0.05,-849.1384615384617,6.1175,19.04787234042553,57.888297872340424,371,80,0.015321582676134272,,19.28723404255319,168
624,0.05,-870.5076923076923,5.583333333333333,17.856733524355302,56.33810888252149,355,75,0.014731403153477197,,18.134670487106018,782
625,0.05,-738.0461538461539,5.349166666666667,17.581920903954803,56.01412429378531,351,82,0.013604402801509366,,17.875706214689266,893
626,0.05,-2044.9692307692305,16.168333333333333,46.80589680589681,91.16707616707616,407,74,0.014339995804709484,,47.21867321867322,813
627,0.05,-1094.4615384615386,7.135,21.492346938775512,60.4719387755102,389,71,0.014529873717207917,,21.821428571428573,128
628,0.05,-1113.3692307692309,7.336666666666667,21.097186700767264,59.670076726342714,390,76,0.01412847328194476,,21.30690537084399,686
629,0.05,-1049.0923076923077,7.0275,21.934959349593495,61.39566395663957,374,81,0.014709521437672618,,22.14363143631436,681
630,0.05,-918.876923076923,6.208333333333333,19.48753462603878,58.390581717451525,358,75,0.014297984530666222,,19.709141274238227,202
631,0.05,-708.4307692307692,4.800833333333333,16.2296511627907,54.479651162790695,346,77,0.01457216070958442,,16.41860465116279,175
632,0.05,-695.8923076923078,4.923333333333333,16.46511627906977,54.723837209302324,348,81,0.016136054554361484,,16.6453488372093,465
633,0.05,-833.5230769230769,5.65,18.434540389972145,56.44568245125348,352,78,0.015207075064524482,,18.615598885793872,457
634,0.05,-1417.3538461538465,9.0425,26.11,66.48,401,71,0.014685193693727769,,26.4175,61
635,0.05,-942.7538461538461,5.734166666666667,17.604456824512535,55.844011142061284,361,79,0.015145828883522281,,17.779944289693592,577
636,0.05,-1175.7692307692307,6.9375,20.685421994884912,59.39641943734016,380,71,0.015749733341681352,,20.95140664961637,662
637,0.05,-717.0,4.340833333333333,15.003048780487806,52.582317073170735,320,79,0.016038181943000385,,15.140243902439025,36
638,0.05,-1530.9230769230771,9.46,27.493540051679588,68.3514211886305,399,74,0.016374860292479462,,27.689922480620154,770
639,0.05,-872.4,5.65,17.361643835616437,55.9972602739726,363,75,0.016381991794643,,17.56986301369863,614
640,0.05,-947.7076923076924,6.530833333333334,20.292105263157893,58.9078947368421,379,73,0.016237235903486233,,20.560526315789474,517
641,0.05,-798.0153846153846,5.586666666666667,18.129682997118156,56.95965417867435,353,75,0.015922843393696873,,18.365994236311238,545
642,0.05,-1114.8000000000002,7.628333333333333,23.6747311827957,63.766129032258064,373,75,0.016282452040409914,,23.938172043010752,59
643,0.05,-1275.4615384615383,7.820833333333334,24.558823529411764,64.72994652406418,382,73,0.01592981413807145,,24.82085561497326,326
644,0.05,-841.7538461538461,5.333333333333333,16.969529085872576,55.445983379501385,359,78,0.016697715153374777,,17.24376731301939,170
645,0.05,-1012.9846153846154,5.6075,17.47075208913649,54.83844011142061,348,73,0.0158257804682526,,17.6991643454039,230
646,0.05,-875.5692307692308,4.9425,16.224852071005916,54.76923076923077,351,79,0.015858556155228087,,16.40828402366864,509
647,0.05,-1023.7538461538462,6.28,20.578034682080926,59.41618497109827,353,71,0.015859444453688344,,20.789017341040463,758
648,0.05,-1127.1692307692306,7.785,23.31619537275064,62.70694087403599,384,77,0.015926411823738156,,23.4987146529563,406
649,0.05,-1031.3384615384616,6.254166666666666,19.635616438356163,57.73972602739726,360,80,0.015984056565013723,,19.89041095890411,753
650,0.05,-759.6,5.153333333333333,17.566765578635014,56.21958456973294,344,79,0.015618090226934922,,17.724035608308604,682
651,0.05,-785.6153846153846,5.293333333333333,17.092753623188404,56.3304347826087,359,77,0.015016908659732021,,17.266666666666666,557
652,0.05,-1176.876923076923,8.720833333333333,26.098984771573605,65.80710659898477,382,78,0.014923295433505852,,26.299492385786802,716
653,0.05,-1244.476923076923,8.608333333333333,26.603174603174605,66.77777777777777,376,74,0.01578148607991727,,26.952380952380953,429
654,0.05,-1185.6923076923076,8.05,23.856382978723403,64.13031914893617,383,77,0.015418389891039058,,24.138297872340427,821
655,0.05,-944.6153846153845,6.0633333333333335,18.590551181102363,56.8503937007874,370,73,0.015353675617987159,,18.813648293963254,639
656,0.05,-814.3076923076924,4.67,15.055232558139535,53.116279069767444,354,78,0.015407654792949636,,15.311046511627907,724
657,0.05,-1469.9692307692308,9.0075,26.102094240837697,66.33769633507853,393,72,0.015575407248463485,,26.31151832460733,179
658,0.05,-890.5846153846154,6.394166666666667,19.858310626703,59.08174386920981,366,80,0.014795173572963845,,20.087193460490465,244
659,0.05,-1132.6615384615384,7.359166666666667,22.423280423280424,62.34656084656085,386,75,0.014833960190455197,,22.637566137566136,277
660,0.05,-951.6769230769231,6.940833333333333,20.617346938775512,59.089285714285715,366,79,0.014969959423258248,,20.903061224489797,550
661,0.05,-648.8,4.54,15.85459940652819,54.002967359050444,335,80,0.015104512150432724,,16.002967359050444,246
662,0.05,-1201.1538461538462,7.795,22.878172588832488,62.005076142131976,388,76,0.015203282355924792,,23.190355329949238,542
663,0.05,-1071.0153846153846,7.16,22.037333333333333,60.584,369,74,0.015104891588622282,,22.256,469
664,0.05,-730.0615384615385,5.195833333333334,17.043478260869566,55.25797101449275,345,80,0.014577016667722773,,17.17630057803468,191
665,0.05,-1035.1692307692308,6.4591666666666665,19.97457627118644,59.19209039548023,365,81,0.014262478985379372,,20.14406779661017,198
666,0.05,-1401.2153846153847,9.595833333333333,28.447300771208226,69.23650385604113,394,72,0.014485573657587736,,28.709511568123393,889
667,0.05,-1049.5076923076924,7.041666666666667,21.195121951219512,60.83468834688347,377,76,0.013715625933987874,,21.411924119241192,559
668,0.05,-1324.5692307692307,9.001666666666667,27.481770833333332,66.890625,378,78,0.01458125875353491,,27.809895833333332,15
669,0.05,-1074.0615384615385,6.796666666666667,20.118251928020566,58.43444730077121,381,73,0.015166305287985708,,20.31362467866324,95
670,0.05,-955.7076923076922,6.011666666666667,18.93314763231198,57.816155988857936,367,74,0.014607587899671193,,19.139275766016713,534
671,0.05,-1042.7846153846153,7.51,23.691891891891892,63.38108108108108,371,80,0.01452584679858953,,23.89189189189189,597
672,0.05,-1399.7846153846153,9.154166666666667,28.07894736842105,68.86578947368422,387,74,0.01444922331984957,,28.339473684210525,472
673,0.05,-857.5384615384617,5.761666666666667,17.816939890710383,56.48087431693989,371,79,0.014174636673829413,,18.027322404371585,731
674,0.05,-1044.9384615384615,7.468333333333334,22.9811320754717,61.66576819407008,366,76,0.014328217818729344,,23.10723860589812,39
675,0.05,-1291.523076923077,8.869166666666667,25.356435643564357,65.38613861386139,401,76,0.014818027017378674,,25.621287128712872,746
676,0.05,-1026.9076923076923,6.89,21.103174603174605,59.77513227513227,363,78,0.014360992910576898,,21.367724867724867,511
677,0.05,-1102.3538461538462,6.5025,19.09585492227979,58.25388601036269,388,76,0.014195858940097563,,19.419689119170986,17
678,0.05,-810.2923076923078,5.4366666666666665,17.18611111111111,55.855555555555554,357,79,0.014132346356229997,,17.408333333333335,784
679,0.05,-1587.9076923076923,10.560833333333333,30.40648379052369,72.07980049875312,400,75,0.014412881075210233,,30.668329177057355,798
680,0.05,-1009.8461538461538,6.3425,19.689655172413794,58.57294429708223,378,76,0.015139965925066999,,19.957559681697614,480
681,0.05,-1124.123076923077,7.631666666666667,22.390862944162436,61.80203045685279,396,75,0.015639349860650926,,22.598984771573605,875
682,0.05,-876.6923076923076,5.4591666666666665,17.396551724137932,56.05172413793103,360,82,0.015611202563247384,,17.663793103448278,667
683,0.05,-801.3384615384616,5.475,16.974789915966387,55.36974789915966,363,78,0.015908656055812802,,17.210084033613445,489
684,0.05,-844.2615384615385,6.255,19.369565217391305,57.546195652173914,362,80,0.014971878494448171,,19.616847826086957,291
685,0.05,-857.0,5.82,18.589673913043477,57.32336956521739,366,77,0.01597606134978787,,18.831521739130434,435
686,0.05,-867.9384615384615,6.426666666666667,20.10079575596817,58.70291777188329,364,78,0.01534467628481583,,20.28306878306878,858
687,0.05,-969.0461538461539,6.2625,20.072972972972973,59.42162162162162,366,74,0.015582135115150535,,20.38108108108108,844
688,0.05,-917.9230769230769,6.07,19.532212885154063,59.254901960784316,358,77,0.016015084531792536,,19.761904761904763,567
689,0.05,-909.0153846153846,6.076666666666667,20.0,58.89915966386555,353,76,0.015180220453504707,,20.204481792717086,443
690,0.05,-998.876923076923,7.085833333333333,21.435567010309278,60.44072164948454,383,76,0.014410075790536948,,21.649484536082475,110
691,0.05,-1615.6,10.631666666666666,31.629722921914357,72.60705289672543,399,70,0.015456135042737202,,31.879093198992443,378
692,0.05,-942.5846153846153,6.115833333333334,18.486842105263158,56.80263157894737,379,76,0.015239738895175867,,18.71842105263158,850
693,0.05,-1008.4307692307691,6.43,19.56417112299465,58.216577540106954,375,76,0.014958118715528672,,19.83957219251337,173
694,0.05,-829.8307692307692,5.913333333333333,18.10840108401084,56.826558265582655,361,78,0.015019296312023764,,18.411924119241192,116
695,0.05,-1005.2461538461537,6.705,20.63085399449036,59.239669421487605,368,76,0.015327231393365646,,20.865013774104682,332
696,0.05,-842.4153846153845,5.9991666666666665,19.97134670487106,58.74498567335244,342,80,0.015294252937450677,,20.134670487106018,379
697,0.05,-790.7384615384616,5.2675,17.172804532577903,55.13597733711048,348,76,0.01514557965891698,,17.43626062322946,405
698,0.05,-830.7538461538462,5.641666666666667,18.276536312849164,56.849162011173185,356,76,0.014797063502223212,,18.449720670391063,765
699,0.05,-868.676923076923,5.718333333333334,17.55710306406685,55.381615598885794,358,77,0.014725856007885785,,17.846796657381617,184
700,0.05,-905.1076923076924,5.8775,19.75,57.660919540229884,340,77,0.014752666952435581,,19.99712643678161,520
701,0.05,-944.2153846153847,6.59,20.572580645161292,59.513440860215056,371,76,0.014324940345125275,,20.817204301075268,710
702,0.05,-1098.123076923077,7.218333333333334,22.11842105263158,61.22105263157895,372,74,0.014761540362604098,,22.33157894736842,69
703,0.05,-675.0923076923077,4.379166666666666,15.04191616766467,52.212574850299404,326,74,0.01423358476665813,,15.254491017964073,707
704,0.05,-1623.476923076923,11.855833333333333,33.073634204275535,73.12351543942992,403,76,0.014639277666438057,,33.434679334916865,788
705,0.05,-957.4307692307693,6.0575,19.88338192419825,58.59766763848396,347,77,0.014560018464258535,,20.06122448979592,830
706,0.05,-768.4461538461538,5.535833333333334,17.897435897435898,56.6011396011396,352,81,0.014334871133101312,,18.09116809116809,434
707,0.05,-900.7692307692307,6.0808333333333335,19.7134670487106,58.713467048710605,354,77,0.01384465699062155,,19.89111747851003,100
708,0.05,-1057.6307692307691,7.115833333333334,21.735449735449734,61.48412698412698,377,73,0.014389869703721594,,22.026455026455025,367
709,0.05,-1354.7076923076925,7.8675,23.412371134020617,63.26546391752577,395,73,0.014314119642274905,,23.72422680412371,658
710,0.05,-894.3692307692307,5.66,18.80115273775216,57.71469740634006,354,76,0.014136869702300318,,19.037463976945244,258
711,0.05,-830.3076923076923,5.590833333333333,18.240687679083095,55.79369627507163,343,76,0.014335301797679592,,18.5243553008596,265
712,0.05,-844.2615384615385,5.7275,18.65449438202247,57.556179775280896,359,79,0.014413440510741116,,18.828651685393258,743
713,0.05,-916.3384615384617,5.760833333333333,18.31054131054131,56.851851851851855,358,81,0.014375377438292671,,18.472934472934472,283
714,0.05,-906.2923076923078,6.244166666666667,19.554054054054053,59.024324324324326,370,80,0.013328515718892677,,19.778378378378378,836
715,0.05,-877.3230769230768,6.284166666666667,19.29810298102981,58.28184281842818,376,80,0.013290100435834758,,19.431266846361186,578
716,0.05,-915.2,6.315,19.90909090909091,58.78512396694215,362,79,0.013464359858397727,,20.27823691460055,849
717,0.05,-1392.5076923076922,8.9175,26.053435114503817,66.70483460559797,395,74,0.013593813134403339,,26.30534351145038,169
718,0.05,-725.8923076923077,5.066666666666666,16.741176470588236,55.05882352941177,345,78,0.013712776745735228,,16.9,358
719,0.05,-1472.4,10.539166666666667,32.76115485564304,75.05511811023622,381,75,0.013853260347819736,,33.333333333333336,655
720,0.05,-827.6461538461538,5.340833333333333,17.546742209631727,55.62889518413598,344,82,0.013559886291247084,,17.725212464589234,260
721,0.05,-948.7692307692307,6.329166666666667,18.79746835443038,57.073417721518986,381,73,0.01371403176919274,,19.060759493670886,526
722,0.05,-1239.9538461538461,8.353333333333333,24.674358974358974,64.00256410256411,391,79,0.013635879494852204,,24.882051282051282,172
723,0.05,-1548.323076923077,11.076666666666666,32.79345088161209,73.38790931989925,380,73,0.013742904219757195,,33.130982367758186,644
724,0.05,-1230.6615384615384,8.711666666666666,26.736979166666668,67.5859375,377,78,0.013959797468685286,,26.981770833333332,331
725,0.05,-690.4615384615385,4.476666666666667,15.546268656716418,53.54626865671642,334,80,0.014122421230687163,,15.716417910447761,34
726,0.05,-813.1692307692308,5.259166666666666,17.144846796657383,55.47075208913649,360,77,0.01399901191534543,,17.409470752089135,632
727,0.05,-1029.8461538461538,6.868333333333333,21.26525198938992,60.721485411140584,372,74,0.014720799466641671,,21.55968169761273,653
728,0.05,-957.6615384615386,5.9816666666666665,18.62464985994398,57.19327731092437,369,75,0.0148044097169485,,18.834733893557424,464
729,0.05,-745.3384615384616,4.881666666666667,16.49855072463768,55.301449275362316,349,76,0.014245858291755757,,16.715942028985506,91
730,0.05,-1036.7384615384615,6.9625,21.259162303664922,60.960732984293195,387,74,0.014485546378727805,,21.410994764397905,834
731,0.05,-1032.8461538461538,6.6725,20.39378238341969,59.512953367875646,378,75,0.014030153880618753,,20.678756476683937,398
732,0.05,-1116.7384615384617,7.445,22.31377551020408,61.80612244897959,393,78,0.013861837750323373,,22.543367346938776,828
733,0.05,-816.0153846153845,5.130833333333333,16.333333333333332,54.69747899159664,357,79,0.01420304060415129,,16.591036414565828,16
734,0.05,-806.1384615384616,5.4275,18.58284023668639,57.03550295857988,343,81,0.0146579764911734,,18.76923076923077,816
735,0.05,-867.2153846153847,5.7425,18.94034090909091,57.18181818181818,342,80,0.014131722101237221,,19.15340909090909,824
736,0.05,-1068.753846153846,7.61,23.321899736147756,62.2532981530343,369,80,0.014196770777742517,,23.562005277044854,13
737,0.05,-1179.4153846153845,7.398333333333333,21.864935064935064,61.34285714285714,390,71,0.014431945402174169,,22.11948051948052,94
738,0.05,-797.0153846153846,5.323333333333333,17.5,56.26271186440678,348,74,0.014765236529987059,,17.774011299435028,381
739,0.05,-924.8923076923077,6.351666666666667,19.301047120418847,58.361256544502616,381,76,0.015024546834023891,,19.5,115
740,0.05,-1031.523076923077,6.956666666666667,20.419689119170986,59.63989637305699,381,76,0.014434355035714544,,20.6580310880829,883
741,0.05,-1128.8461538461538,7.245833333333334,21.092140921409214,60.56368563685637,379,76,0.014291954563628398,,21.276422764227643,299
742,0.05,-965.2,6.115833333333334,18.62912087912088,58.252747252747255,372,77,0.013936178309066174,,18.85164835164835,223
743,0.05,-802.0923076923077,4.769166666666667,16.080357142857142,54.583333333333336,341,79,0.013362817316844196,,16.357142857142858,348
744,0.05,-785.6,4.735,17.0375,55.05,316,77,0.013497172618570457,,17.190625,307
745,0.05,-1093.6307692307691,7.118333333333333,22.871584699453553,62.55464480874317,366,72,0.014309845683875635,,23.2103825136612,842
746,0.05,-2360.2,18.84,50.49862258953168,95.35261707988981,378,78,0.014220903593819837,,51.13498622589532,549
747,0.05,-793.2461538461539,5.534166666666667,17.157333333333334,55.48533333333334,372,80,0.014389967029884435,,17.421333333333333,576
748,0.05,-861.4615384615386,5.808333333333334,17.850136239782017,56.54495912806539,368,77,0.014726338093228594,,18.07356948228883,83
749,0.05,-1094.2153846153847,7.740833333333334,22.696969696969695,62.14141414141414,393,78,0.014794450446442382,,23.025252525252526,296
750,0.05,-727.5538461538462,4.780833333333334,17.06422018348624,55.1131498470948,329,79,0.013909519388581747,,17.327217125382262,60
751,0.05,-819.1538461538461,5.661666666666667,17.486631016042782,56.52139037433155,372,79,0.014413590876612809,,17.6524064171123,607
752,0.05,-712.4923076923078,4.450833333333334,15.28486646884273,52.768545994065285,326,78,0.014339017713665287,,15.445103857566766,876
753,0.05,-628.8307692307692,4.2,14.156342182890855,52.38053097345133,341,78,0.014031837673142176,,14.368731563421829,771
754,0.05,-862.3846153846154,5.733333333333333,18.393767705382437,57.45042492917847,361,78,0.013975795402163614,,18.56497175141243,748
755,0.05,-754.8000000000001,5.161666666666667,17.27409638554217,55.43674698795181,332,78,0.01399864977985783,,17.377245508982035,759
756,0.05,-1094.0615384615385,7.364166666666667,22.66576086956522,62.182065217391305,379,77,0.01428924516877336,,22.910326086956523,608
757,0.05,-1334.9384615384615,8.815,28.146341463414632,68.91056910569105,368,73,0.013994249839404439,,28.336043360433603,497
758,0.05,-936.6307692307694,5.48,17.35211267605634,55.884507042253524,356,75,0.014585892587581912,,17.585915492957746,742
759,0.05,-829.1538461538462,5.533333333333333,18.75574712643678,57.6580459770115,351,78,0.01404722854284706,,19.0316091954023,853
760,0.05,-1093.9692307692308,7.234166666666667,21.462915601023017,60.27365728900256,380,75,0.013889007399992565,,21.703324808184142,513
761,0.05,-1047.246153846154,7.0875,21.759894459102902,61.37730870712401,385,77,0.013904440834462517,,21.934036939313984,373
762,0.05,-857.7384615384617,5.805,18.41554959785523,57.0,368,73,0.013543363270369499,,18.64343163538874,629
763,0.05,-760.8923076923077,4.691666666666666,15.83529411764706,53.95294117647059,350,78,0.013797889888936321,,16.076470588235296,1
764,0.05,-751.0307692307692,4.9558333333333335,16.83625730994152,54.751461988304094,339,79,0.013349119398497176,,17.026315789473685,519
765,0.05,-836.0153846153846,5.549166666666666,17.644628099173552,56.28650137741047,362,75,0.013487278349101626,,17.820936639118457,787
766,0.05,-934.7384615384615,6.539166666666667,20.55890410958904,59.728767123287675,370,81,0.013995141594819472,,20.756164383561643,764
767,0.05,-938.9692307692308,6.610833333333333,20.708108108108107,59.57297297297297,367,81,0.013121120761766143,,20.978378378378377,131
768,0.05,-1190.7846153846153,8.040833333333333,24.970509383378015,64.14477211796246,362,76,0.01370259248674061,,25.254691689008045,220
769,0.05,-1184.7384615384615,8.298333333333334,25.0,64.79539641943734,394,76,0.013683506323632893,,25.22250639386189,596
770,0.05,-1379.7846153846156,9.208333333333334,26.542997542997544,66.87960687960688,404,70,0.013622335084081295,,26.904176904176904,225
771,0.05,-903.2615384615384,6.073333333333333,19.980225988700564,58.48587570621469,350,77,0.014527058059564227,,20.161016949152543,30
772,0.05,-867.4307692307693,5.6375,17.519662921348313,55.99438202247191,359,80,0.013905268050492395,,17.79494382022472,284
773,0.05,-1005.0461538461539,6.439166666666667,20.11968085106383,58.94946808510638,368,72,0.013726686135025574,,20.39095744680851,766
774,0.05,-1045.6153846153848,5.986666666666666,18.361930294906166,55.8230563002681,369,73,0.014090793944021527,,18.537433155080215,867
775,0.05,-888.723076923077,5.649166666666667,18.708215297450426,57.815864022662886,359,77,0.014534828618601009,,18.864022662889518,321
776,0.05,-651.3076923076924,3.8875,14.560897435897436,52.18910256410256,305,73,0.013976928652181907,,14.814102564102564,838
777,0.05,-1103.4615384615386,7.403333333333333,21.706493506493505,61.07012987012987,388,79,0.014341219246910878,,21.98961038961039,521
778,0.05,-1398.6307692307691,8.3325,25.553475935828878,65.51069518716578,380,75,0.01406740843538936,,25.8475935828877,133
779,0.05,-950.4000000000001,5.520833333333333,17.865546218487395,57.07843137254902,366,76,0.014271518634067408,,18.07002801120448,447
780,0.05,-1100.1076923076926,7.676666666666667,23.11340206185567,62.79639175257732,391,77,0.01420539822286801,,23.31619537275064,99
781,0.05,-810.6307692307693,5.480833333333333,18.127536231884058,55.927536231884055,343,78,0.01384747190275517,,18.371014492753623,761
782,0.05,-953.723076923077,6.7058333333333335,21.175066312997348,60.3448275862069,370,78,0.013486952943571377,,21.522546419098145,729
783,0.05,-801.0153846153846,5.689166666666667,18.233333333333334,56.7,356,80,0.014222644797412441,,18.458333333333332,44
784,0.05,-702.7538461538462,4.614166666666667,15.591176470588236,54.08529411764706,341,78,0.013982208093401382,,15.8,85
785,0.05,-814.353846153846,5.361666666666666,17.59467455621302,56.51775147928994,350,79,0.01458001865260341,,17.742603550295858,531
786,0.05,-949.3846153846152,6.915,22.029891304347824,61.26358695652174,353,76,0.014998094281255333,,22.220108695652176,495
787,0.05,-995.5999999999999,6.5408333333333335,20.60483870967742,59.416666666666664,369,77,0.014594428607413307,,20.833333333333332,835
788,0.05,-760.7692307692307,4.990833333333334,15.977777777777778,54.21666666666667,356,75,0.014138689305160042,,16.177777777777777,460
789,0.05,-930.1692307692308,6.389166666666667,19.65343915343915,58.87830687830688,379,75,0.01410776857222141,,20.06878306878307,510
790,0.05,-1134.1692307692306,6.280833333333334,20.00287356321839,58.339080459770116,360,75,0.01427984710659974,,20.227011494252874,49
791,0.05,-675.8923076923077,4.581666666666667,15.726190476190476,53.791666666666664,334,79,0.01399637144775327,,15.970238095238095,751
792,0.05,-1192.8615384615387,7.821666666666666,22.034398034398034,61.515970515970515,405,72,0.014063209617820841,,22.262899262899264,274
793,0.05,-747.723076923077,5.366666666666666,17.580459770114942,55.94252873563219,349,78,0.014072056981392305,,17.81896551724138,445
794,0.05,-1030.476923076923,5.5408333333333335,16.991847826086957,55.30978260869565,371,73,0.014604781615312708,,17.29891304347826,878
795,0.05,-768.4153846153846,5.131666666666667,16.837535014005603,55.49859943977591,351,75,0.014274989178237362,,17.04201680672269,809
796,0.05,-1175.5692307692307,7.595,23.8686327077748,63.79088471849866,373,72,0.014271167087958538,,24.152815013404826,21
797,0.05,-872.9076923076923,6.160833333333334,19.543478260869566,58.59782608695652,363,80,0.014698970412939058,,19.77445652173913,156
798,0.05,-770.9538461538461,5.03,16.131652661064425,53.76190476190476,352,76,0.013976649208643993,,16.386554621848738,804
799,0.05,-913.4307692307693,6.2975,19.407103825136613,58.595628415300546,371,77,0.013104646308295219,,19.581967213114755,357
800,0.05,-1086.9846153846154,7.319166666666667,22.165374677002585,62.46511627906977,388,76,0.012680758426531014,,22.348837209302324,319
801,0.05,-684.0769230769231,4.6225,15.364942528735632,53.51724137931034,349,80,0.013456635390902317,,15.540229885057471,882
802,0.05,-658.0307692307692,4.359166666666667,15.115853658536585,53.22256097560975,330,78,0.0134820416588412,,15.237804878048781,205
803,0.05,-1269.9692307692308,7.553333333333334,22.623376623376622,62.02597402597402,392,73,0.012554295350073512,,22.792207792207794,62
804,0.05,-916.6769230769231,6.2675,19.58176943699732,58.35656836461126,369,75,0.012911295607113968,,19.753351206434317,252
805,0.05,-1097.9692307692308,7.2058333333333335,22.42587601078167,61.95956873315364,372,77,0.012625812338764343,,22.677419354838708,776
806,0.05,-1078.4153846153845,6.578333333333333,21.011111111111113,59.72222222222222,354,72,0.012745705189386381,,21.275,88
807,0.05,-734.1076923076923,5.023333333333333,16.041208791208792,54.03846153846154,356,78,0.012964076171366405,,16.21153846153846,864
808,0.05,-986.6461538461538,6.29,20.292134831460675,58.37359550561798,354,69,0.012848482991188247,,20.47752808988764,575
809,0.05,-1212.4153846153847,8.188333333333333,24.44529262086514,63.88040712468193,388,73,0.01305340321884648,,24.61832061068702,262
810,0.05,-1037.4461538461537,7.036666666666667,21.458333333333332,60.8046875,377,74,0.013130073254461838,,21.71875,675
811,0.05,-814.0,5.6275,18.897142857142857,57.114285714285714,339,78,0.01296216340261156,,19.15714285714286,546
812,0.05,-836.3538461538462,5.208333333333333,17.34659090909091,55.71875,352,78,0.01249706136991372,,17.613636363636363,797
813,0.05,-1516.7692307692307,10.361666666666666,30.483709273182956,71.92481203007519,394,73,0.012956653547229151,,30.804511278195488,508
814,0.05,-1197.8000000000002,8.163333333333334,24.148051948051947,64.13246753246753,392,76,0.012967904066746121,,24.37142857142857,661
815,0.05,-944.4461538461537,6.548333333333333,21.586894586894587,60.82051282051282,361,79,0.013391233150185481,,21.814814814814813,467
816,0.05,-992.7846153846153,6.765833333333333,20.264248704663213,59.784974093264246,388,74,0.013857803574041632,,20.458549222797927,255
817,0.05,-868.123076923077,5.5825,18.30144927536232,56.857971014492755,352,81,0.014119769114397409,,18.515942028985506,533
818,0.05,-1027.2307692307693,6.439166666666667,20.47683923705722,59.82016348773842,366,77,0.014593223034456823,,20.727520435967303,475
819,0.05,-896.8,5.649166666666667,17.582857142857144,56.28,358,74,0.01439893105174876,,17.82,649
820,0.05,-929.9076923076924,5.949166666666667,18.5822102425876,57.37735849056604,370,76,0.01352352322269192,,18.82210242587601,679
821,0.05,-997.7692307692307,7.096666666666667,22.428954423592494,62.03217158176944,364,75,0.013351256394871702,,22.67828418230563,701
822,0.05,-977.5692307692307,6.9425,21.389920424403183,60.782493368700266,374,77,0.013852483039907954,,21.607427055702917,347
823,0.05,-936.7076923076924,6.273333333333333,19.398373983739837,58.046070460704605,371,77,0.01361893015891758,,19.658536585365855,871
824,0.05,-864.7692307692307,5.911666666666667,18.265415549597854,56.43699731903485,363,77,0.014009965610729098,,18.541554959785522,102
825,0.05,-781.4769230769231,5.44,17.415254237288135,55.46610169491525,357,74,0.014013607931984813,,17.675141242937855,584
826,0.05,-1019.4923076923076,6.829166666666667,21.656509695290858,61.10249307479224,367,74,0.013819104917217485,,21.850415512465375,313
827,0.05,-1021.676923076923,6.795833333333333,21.480978260869566,61.13858695652174,374,77,0.013834851353540926,,21.793478260869566,515
828,0.05,-1114.7692307692307,8.070833333333333,23.979328165374678,63.627906976744185,392,80,0.013383368246933688,,24.24031007751938,733
829,0.05,-933.8923076923077,5.9775,19.099447513812155,58.0,361,78,0.013711604385488865,,19.306629834254142,335
830,0.05,-1219.9076923076923,7.82,24.583333333333332,63.903225806451616,366,70,0.013669240077225657,,24.81989247311828,419
831,0.05,-771.9692307692308,5.26,17.530434782608694,55.768115942028984,340,76,0.01491593757334242,,17.713043478260868,187
832,0.05,-920.6923076923076,6.1425,19.2171581769437,58.415549597855225,372,72,0.014143141773361716,,19.509383378016086,268
833,0.05,-1172.0615384615385,8.350833333333334,24.74554707379135,64.37404580152672,391,75,0.014292265110537883,,25.0,672
834,0.05,-879.5846153846154,5.913333333333333,19.441011235955056,58.5252808988764,346,77,0.014348744161949515,,19.6123595505618,289
835,0.05,-726.876923076923,4.91,15.206128133704736,53.30362116991643,365,79,0.014565859277907897,,15.406685236768801,532
836,0.05,-810.3076923076923,5.375,17.959654178674352,57.138328530259365,358,79,0.013792426204393709,,18.14985590778098,73
837,0.05,-711.553846153846,4.8825,16.082857142857144,53.74857142857143,340,77,0.01369648272929938,,16.28,346
838,0.05,-1014.0615384615385,6.7425,21.02191780821918,60.30958904109589,368,75,0.014208948991198834,,21.2986301369863,414
839,0.05,-800.7384615384615,5.321666666666666,16.695290858725762,54.825484764542935,366,78,0.013780076180758785,,16.94736842105263,68
840,0.05,-802.1538461538461,5.994166666666667,19.0,57.75616438356165,360,81,0.013506086417187183,,19.235616438356164,636
841,0.05,-1015.4000000000001,6.0216666666666665,18.010526315789473,56.81842105263158,386,74,0.012768848846106158,,18.276315789473685,613
842,0.05,-1111.923076923077,7.1125,22.26829268292683,62.33875338753388,376,75,0.01276383690949899,,22.463414634146343,316
843,0.05,-835.276923076923,5.94,18.640750670241285,57.75335120643432,372,78,0.012118243994823889,,18.88739946380697,553
844,0.05,-883.7230769230769,5.5825,17.27540106951872,55.280748663101605,367,77,0.012215431754250154,,17.505347593582886,887
845,0.05,-1331.9384615384615,9.025833333333333,26.507894736842104,66.48157894736842,385,74,0.012256031955170946,,26.789473684210527,823
846,0.05,-1366.8461538461538,8.969166666666666,25.965087281795512,66.43142144638404,400,75,0.013193700537374703,,26.13715710723192,152
847,0.05,-1230.8153846153846,7.711666666666667,23.0671834625323,63.423772609819125,389,72,0.012858837973151353,,23.3953488372093,219
848,0.05,-870.8923076923077,6.200833333333334,20.50284090909091,59.17613636363637,351,77,0.013117752767453071,,20.673295454545453,615
849,0.05,-768.5076923076922,5.194166666666667,18.428571428571427,56.82370820668693,328,77,0.01325822184099053,,18.64741641337386,476
850,0.05,-931.7846153846156,6.589166666666666,20.274406332453825,58.91029023746702,377,80,0.013207105503365613,,20.482849604221634,43
851,0.05,-926.0769230769231,6.371666666666667,19.598425196850393,57.968503937007874,370,79,0.012994351599267479,,19.89763779527559,498
852,0.05,-1229.6307692307691,8.613333333333333,26.015503875968992,65.24031007751938,372,76,0.01332345792050121,,26.41860465116279,221
853,0.05,-1455.6153846153848,10.063333333333333,29.51015228426396,71.06598984771574,394,72,0.013070488974725689,,29.82741116751269,239
854,0.05,-1137.9692307692308,7.6125,24.094086021505376,64.27150537634408,373,75,0.013250427220951641,,24.330645161290324,640
855,0.05,-921.8153846153846,5.989166666666667,18.956639566395665,57.96205962059621,374,75,0.013297002204998609,,19.168021680216803,700
856,0.05,-950.0923076923077,6.289166666666667,18.796296296296298,57.91005291005291,384,77,0.01341212849839387,,19.063492063492063,572
857,0.05,-692.2769230769231,4.6275,15.849112426035504,53.59763313609467,339,79,0.013058777415852558,,16.04437869822485,428
858,0.05,-839.2153846153846,5.036666666666667,16.710982658959537,55.540462427745666,356,75,0.012572480107394852,,17.023121387283236,190
859,0.05,-1202.8923076923077,6.846666666666667,21.525,60.82222222222222,368,75,0.013313091495002084,,21.76388888888889,195
860,0.05,-827.7076923076922,5.7908333333333335,18.224043715846996,56.994535519125684,362,78,0.013171523909139529,,18.47814207650273,233
861,0.05,-778.9384615384615,5.046666666666667,15.751396648044693,53.885474860335194,360,71,0.013561698984866673,,15.98050139275766,58
862,0.05,-791.7692307692307,5.3575,17.016713091922007,55.409470752089135,356,75,0.013553429289509861,,17.2033426183844,714
863,0.05,-959.6307692307693,6.075833333333334,18.917355371900825,57.68870523415978,352,72,0.013091339136176246,,19.179063360881543,208
864,0.05,-1015.9538461538461,6.161666666666667,19.268817204301076,58.10215053763441,372,76,0.012921352129484816,,19.553763440860216,64
865,0.05,-689.1846153846154,4.515833333333333,14.87106017191977,52.363896848137536,341,74,0.012881803261864265,,15.031428571428572,207
866,0.05,-1028.1384615384616,6.735,21.18716577540107,59.532085561497325,368,72,0.013186278526206357,,21.4572192513369,420
867,0.05,-1611.9538461538461,10.2775,27.945238095238096,68.3,418,68,0.013077663220880073,,28.271428571428572,618
868,0.05,-1052.0615384615385,7.026666666666666,21.397905759162303,60.7434554973822,374,74,0.014301101029476626,,21.67539267015707,46
869,0.05,-873.2307692307693,5.88,17.58656330749354,56.63049095607235,386,73,0.013758716074594224,,17.80361757105943,528
870,0.05,-1004.0153846153845,6.5575,20.686486486486487,60.027027027027025,371,73,0.013047161247939025,,20.873655913978496,862
871,0.05,-1378.876923076923,10.571666666666667,29.825665859564165,69.74818401937046,405,80,0.012885985732388376,,30.058111380145277,496
872,0.05,-1153.9846153846154,7.656666666666666,22.634271099744247,62.112531969309465,392,74,0.013177310962634173,,22.90537084398977,24
873,0.05,-1172.246153846154,7.8575,23.80952380952381,63.06349206349206,375,73,0.013284204642014732,,24.11111111111111,456
874,0.05,-681.2153846153846,4.7275,15.159663865546218,52.92156862745098,354,78,0.013312259862423228,,15.340782122905027,589
875,0.05,-1267.5076923076924,7.366666666666666,22.170666666666666,61.0,369,80,0.013247412695021912,,22.408,344
876,0.05,-915.3846153846155,5.993333333333333,18.921832884097036,56.878706199460915,354,77,0.01334384378926152,,19.126684636118597,57
877,0.05,-1201.030769230769,7.449166666666667,22.62015503875969,61.82170542635659,379,73,0.013773479894409683,,22.870801033591732,278
878,0.05,-1582.4153846153845,9.826666666666666,27.114832535885167,67.09808612440192,406,69,0.013570594890324233,,27.375598086124402,769
879,0.05,-1242.9384615384615,7.970833333333333,23.387755102040817,62.85204081632653,389,72,0.013132958864440363,,23.68877551020408,386
880,0.05,-1113.9538461538461,7.1325,22.684065934065934,61.33791208791209,360,74,0.01342014508554376,,22.8489010989011,121
881,0.05,-772.1538461538461,5.460833333333333,17.76,56.39142857142857,358,77,0.01389319057813191,,17.97714285714286,697
882,0.05,-962.2923076923078,5.926666666666667,18.13623978201635,57.19073569482289,373,69,0.013302945271774265,,18.430517711171664,459
883,0.05,-1133.676923076923,7.610833333333333,22.82051282051282,61.84102564102564,377,70,0.013913049130058775,,23.092307692307692,122
884,0.05,-1100.4769230769232,7.115,22.010610079575596,61.13527851458886,373,68,0.013929687593413578,,22.3315649867374,109
885,0.05,-1092.0615384615385,7.195,21.179551122194514,59.88778054862843,393,69,0.014984090072689618,,21.44139650872818,736
886,0.05,-810.1846153846154,5.081666666666667,16.98840579710145,55.44347826086957,351,78,0.014584964758318282,,17.092219020172912,671
887,0.05,-739.9846153846154,4.7825,16.325301204819276,54.795180722891565,342,78,0.013814334295822208,,16.52409638554217,228
888,0.05,-1123.2615384615383,8.0875,25.149051490514903,65.85907859078591,380,78,0.014694676415438911,,25.317073170731707,785
889,0.05,-714.523076923077,4.744166666666667,16.39589442815249,54.60117302052786,337,80,0.014524484784906559,,16.60117302052786,339
890,0.05,-1061.4307692307693,7.1475,22.565096952908586,61.46260387811634,368,74,0.014215385942624725,,22.76731301939058,105
891,0.05,-864.4307692307691,6.035,19.928774928774928,58.88603988603989,351,77,0.014282448586817813,,20.094017094017094,37
892,0.05,-1408.7076923076925,9.604166666666666,27.43107769423559,68.02756892230576,402,73,0.013661922983451476,,27.70175438596491,213
893,0.05,-1089.538461538462,6.913333333333333,20.725130890052355,59.2434554973822,374,74,0.013788888715076452,,21.01832460732984,413
894,0.05,-849.7384615384615,5.955,18.30971128608924,56.89501312335958,375,79,0.013716592810743953,,18.598425196850393,287
895,0.05,-669.2153846153847,4.476666666666667,15.661538461538461,53.75076923076923,327,80,0.013508158304884475,,15.861538461538462,286
896,0.05,-767.4307692307693,4.6925,14.959770114942529,52.72126436781609,350,78,0.013646121575421576,,15.21264367816092,611
897,0.05,-988.7846153846153,6.230833333333333,20.18413597733711,59.12747875354108,363,76,0.014477173454927718,,20.376770538243626,356
898,0.05,-1200.7999999999997,8.495,25.70291777188329,66.92042440318302,382,75,0.014914077103011205,,26.053050397877985,840
899,0.05,-809.1538461538462,5.388333333333334,17.044198895027623,55.73480662983425,366,75,0.014540754510446558,,17.251381215469614,193
