episode,epsilon,total_reward,avg_queue,avg_wait_s,avg_travel_s,throughput,switches,td_loss,q_table_states,avg_delay_s,traffic_seed
0,1.0,-1629.7769230769231,5.4275,9.593333333333334,76.80833333333334,597,126,32.48186963722243,243,9.69,769
1,0.9945,-1258.746153846154,3.9483333333333333,8.206405693950177,73.11921708185054,559,131,18.969433256875863,393,8.293594306049823,403
2,0.989,-1132.253846153846,4.079166666666667,8.458483754512635,73.45306859205776,567,137,17.436738539233538,494,8.541516245487365,747
3,0.9835,-1545.4153846153845,4.635833333333333,9.399647887323944,74.5580985915493,575,130,28.03715367186683,587,9.5,103
4,0.9781,-1264.4461538461537,4.1725,7.914239482200648,72.0873786407767,612,138,19.089981788246,640,8.027508090614887,100
5,0.9726,-1527.1307692307691,4.471666666666667,8.52,71.615,622,137,28.16774778952538,705,8.631666666666666,281
6,0.9673,-1200.8692307692309,3.6108333333333333,6.842454394693201,70.3217247097844,613,130,17.30973129411384,745,6.951907131011609,155
7,0.9619,-1132.2153846153847,3.629166666666667,7.418118466898955,72.46341463414635,584,140,16.05610088605105,783,7.510452961672474,235
8,0.9566,-1271.476923076923,4.1258333333333335,8.317073170731707,74.04878048780488,569,131,18.087627583264087,805,8.400696864111499,682
9,0.9513,-1113.107692307692,3.720833333333333,7.930711610486892,74.1367041198502,540,135,13.97820348486595,841,7.99812734082397,891
10,0.946,-1289.8307692307694,4.449166666666667,9.818355640535373,78.1529636711281,514,134,18.265678313391795,877,9.889101338432122,11
11,0.9408,-1334.4076923076923,4.255833333333333,8.844036697247706,72.78532110091743,556,129,18.965786771940916,910,8.937614678899083,444
12,0.9356,-1411.876923076923,4.6433333333333335,9.493738819320214,76.15563506261181,563,125,20.504543714447827,939,9.608228980322004,653
13,0.9304,-1125.3846153846152,3.691666666666667,7.847145488029466,72.13075506445672,544,136,13.968501110546871,968,7.9097605893186005,856
14,0.9253,-1288.3923076923077,4.0825,8.265270506108202,72.72425828970331,559,135,18.54309076837419,994,8.352530541012216,237
15,0.9202,-1055.4384615384615,3.5016666666666665,7.101063829787234,72.62056737588652,554,137,12.626414171582983,1012,7.195035460992908,233
16,0.9151,-1117.123076923077,3.216666666666667,6.666080843585237,69.30052724077329,563,135,14.008023171374392,1029,6.753954305799649,142
17,0.91,-1215.9307692307693,4.284166666666667,8.631118881118882,75.19405594405595,562,131,15.359556884255893,1042,8.701048951048952,485
18,0.905,-1268.4461538461537,4.120833333333334,8.41981981981982,72.65585585585586,549,133,18.369056804345462,1064,8.520720720720721,886
19,0.9,-1278.5,3.99,8.105820105820106,70.09171075837743,561,135,17.02902506265571,1078,8.174603174603174,531
20,0.895,-1312.1,4.25,8.427574171029669,73.00349040139616,588,127,17.157076490994687,1106,8.509598603839441,251
21,0.89,-1152.6692307692308,3.9883333333333333,7.721843003412969,74.02047781569966,588,134,15.026145897228542,1119,7.819112627986348,623
22,0.8851,-1148.4692307692308,3.7375,8.175700934579439,74.32523364485981,540,136,16.211970012154687,1125,8.280373831775702,173
23,0.8802,-1535.1384615384616,5.010833333333333,8.733870967741936,74.78870967741935,610,131,30.90994935802897,1138,8.843548387096774,391
24,0.8753,-1031.1384615384616,3.6225,7.064846416382252,72.04607508532423,590,143,12.735238211720691,1149,7.148464163822526,105
25,0.8705,-1164.3,3.5141666666666667,7.166064981949458,70.2725631768953,563,132,14.886207436623776,1164,7.249097472924188,822
26,0.8657,-1043.2615384615385,3.395,7.237226277372263,71.41788321167883,536,134,11.180375832717411,1174,7.313868613138686,286
27,0.8609,-1114.9076923076923,3.38,7.087033747779751,70.50976909413855,568,128,12.883495569990469,1189,7.145648312611012,524
28,0.8561,-1034.2230769230769,3.365,7.2199630314232905,71.72458410351202,544,141,14.004847111801768,1195,7.295748613678374,201
29,0.8514,-1204.2615384615385,3.8841666666666668,7.255172413793104,71.10172413793103,575,138,17.457029226196234,1200,7.362068965517241,401
30,0.8467,-1161.2384615384617,4.004166666666666,8.069204152249135,72.29065743944636,572,138,16.622777399986838,1211,8.16955017301038,472
31,0.842,-1218.1692307692308,3.9983333333333335,8.541666666666666,72.93939393939394,541,128,15.661875623266807,1226,8.651515151515152,338
32,0.8373,-1236.523076923077,3.8966666666666665,7.705084745762712,72.17627118644067,583,137,21.59085528709483,1243,7.772881355932204,360
33,0.8327,-915.7,3.37,7.253759398496241,71.93984962406014,527,144,11.81993321888264,1255,7.315789473684211,348
34,0.8281,-851.0076923076923,2.6633333333333336,5.75984990619137,71.85553470919325,543,151,10.490479538133208,1259,5.834896810506566,382
35,0.8235,-990.8384615384616,3.0416666666666665,6.154373927958834,70.99313893653516,572,135,11.364945207341805,1271,6.217838765008576,377
36,0.819,-1059.6923076923078,3.3941666666666666,6.86411149825784,69.00871080139373,583,138,13.382711535514122,1283,6.97212543554007,378
37,0.8144,-1159.446153846154,4.108333333333333,7.657051282051282,72.08814102564102,621,141,16.58672694544939,1292,7.770833333333333,532
38,0.8099,-1092.5230769230768,3.3508333333333336,6.764705882352941,70.79065743944636,578,133,12.919396710635834,1299,6.875432525951557,611
39,0.8054,-1234.246153846154,3.8866666666666667,7.291379310344827,72.35344827586206,578,131,17.944104217294253,1318,7.382758620689655,433
40,0.801,-1144.3307692307694,3.7108333333333334,7.834224598930481,73.83778966131908,550,136,16.752126537273938,1327,7.942959001782532,510
41,0.7966,-1264.3923076923077,3.9008333333333334,7.5860306643952296,72.87052810902897,590,135,17.031542368675762,1332,7.683134582623509,69
42,0.7922,-1078.576923076923,3.63,7.084033613445378,72.62689075630252,605,139,13.188837546663885,1334,7.169747899159664,660
43,0.7878,-969.8461538461538,3.1975,6.676363636363637,71.98727272727272,541,142,12.931478887662434,1340,6.7672727272727276,361
44,0.7834,-805.223076923077,2.9208333333333334,6.047445255474453,70.0948905109489,531,140,9.02347471599413,1344,6.12956204379562,874
45,0.7791,-906.1769230769231,3.095833333333333,6.342391304347826,72.72644927536231,553,136,10.059008336366123,1353,6.449275362318841,5
46,0.7748,-1184.4230769230771,3.8266666666666667,7.60801393728223,71.7212543554007,577,140,17.750178569324685,1362,7.679442508710801,229
47,0.7705,-1124.9,3.505,7.110720562390158,72.28822495606327,579,135,16.048107987303855,1365,7.224956063268893,702
48,0.7662,-1050.5923076923077,3.6308333333333334,6.993243243243243,70.78378378378379,586,142,13.35159847168831,1372,7.087837837837838,694
49,0.762,-1116.9153846153845,3.4791666666666665,7.500956022944551,72.87189292543022,540,138,15.567929783307903,1382,7.581261950286807,752
50,0.7578,-984.3692307692306,3.2841666666666667,6.764168190127971,71.71480804387569,539,130,11.24645173703146,1394,6.861060329067642,24
51,0.7536,-997.2846153846154,3.1216666666666666,6.212653778558876,70.25131810193322,587,132,12.541855199295023,1397,6.304042179261863,319
52,0.7494,-980.3461538461539,3.4075,6.877408056042031,71.10858143607706,574,143,13.54468490973627,1402,6.950963222416813,893
53,0.7453,-1088.2615384615385,3.6075,7.484848484848484,72.14081996434938,551,136,14.04199866486032,1409,7.5828877005347595,321
54,0.7411,-992.0999999999999,3.1883333333333335,6.730072463768116,72.02355072463769,539,137,11.779707439611844,1409,6.817028985507246,676
55,0.737,-1137.9615384615386,3.9358333333333335,7.588336192109777,70.84905660377359,582,134,17.13756972039909,1421,7.679245283018868,813
56,0.733,-1070.8384615384616,3.5341666666666667,7.5602968460111315,73.68645640074212,541,126,16.450265983757273,1431,7.6437847866419295,824
57,0.7289,-1076.6153846153848,3.4316666666666666,7.097517730496454,70.49113475177305,570,136,14.247428995950974,1439,7.193262411347518,803
58,0.7249,-1086.246153846154,3.49,7.076782449725777,70.52285191956125,554,133,14.877254930246846,1446,7.151736745886654,337
59,0.7209,-1043.4,3.3958333333333335,7.043321299638989,69.95487364620939,542,136,13.24353170802568,1451,7.102702702702703,27
60,0.7169,-958.1923076923076,3.3041666666666667,6.800699300699301,71.5576923076923,571,134,11.11074030983109,1454,6.895104895104895,324
61,0.7129,-775.3615384615385,2.5991666666666666,5.361552028218695,70.50970017636685,571,133,9.146625451037218,1459,5.446208112874779,372
62,0.709,-795.9230769230769,2.5933333333333333,5.481553398058252,65.64271844660195,522,135,9.981649504228766,1464,5.559223300970873,279
63,0.705,-868.4923076923076,2.9091666666666667,5.984347826086957,69.81913043478261,574,147,10.510612779326275,1467,6.067826086956522,555
64,0.7011,-885.7846153846153,2.870833333333333,6.1268939393939394,69.83712121212122,529,135,9.378978703406318,1472,6.21969696969697,125
65,0.6973,-1031.6000000000001,3.415,6.581787521079258,70.8920741989882,586,134,12.959471971441722,1481,6.681281618887015,523
66,0.6934,-965.2384615384615,3.3716666666666666,6.803603603603603,69.87747747747748,575,143,13.635372774037785,1485,6.873873873873874,118
67,0.6896,-1027.7692307692307,3.15,6.74296435272045,71.3639774859287,527,135,13.517961549294338,1489,6.8273921200750465,266
68,0.6858,-972.523076923077,3.215,6.8203266787658805,71.6842105263158,551,135,13.392867672048904,1494,6.9346642468239565,689
69,0.682,-930.8384615384615,3.235,6.688495575221239,72.0920353982301,561,137,14.479054924994953,1500,6.755752212389381,343
70,0.6782,-984.776923076923,3.174166666666667,6.217013888888889,69.21354166666667,573,138,12.906913091921655,1503,6.319444444444445,614
71,0.6744,-990.5538461538463,3.4458333333333333,6.845360824742268,70.11683848797252,582,137,13.288554769331279,1506,6.951890034364261,207
72,0.6707,-1031.9307692307693,3.348333333333333,6.5256849315068495,68.16438356164383,570,138,13.295084922852585,1509,6.633561643835616,200
73,0.667,-1065.9846153846152,3.4783333333333335,7.042780748663102,69.54901960784314,551,135,14.626271245291804,1510,7.126559714795009,883
74,0.6633,-732.8,2.4558333333333335,5.502890173410405,69.5028901734104,516,141,9.509142429622017,1513,5.585741811175337,885
75,0.6596,-902.8153846153846,3.1733333333333333,6.369982547993019,69.91623036649214,571,132,11.473170110287278,1524,6.439790575916231,399
76,0.656,-961.0769230769231,3.1125,6.367272727272727,70.99818181818182,543,129,12.209219789226557,1529,6.445454545454545,232
77,0.6524,-1092.0076923076922,3.7075,7.349565217391304,72.44173913043478,582,134,15.739899854144193,1538,7.459130434782609,554
78,0.6487,-910.8384615384616,2.8175,5.556876061120543,71.10526315789474,580,141,11.33673300280036,1543,5.6604414261460105,559
79,0.6452,-946.176923076923,3.4025,6.7495652173913046,72.72521739130435,587,142,13.501426632698466,1549,6.857391304347826,615
80,0.6416,-891.2923076923078,2.970833333333333,5.6506849315068495,70.22945205479452,593,141,12.311954683617435,1550,5.739726027397261,587
81,0.638,-1022.3538461538462,3.3008333333333333,7.1806331471135945,72.24394785847299,533,135,13.074403846292654,1554,7.262569832402234,231
82,0.6345,-1079.7384615384617,3.654166666666667,7.509838998211091,74.66726296958855,571,130,17.152529607143624,1558,7.604651162790698,407
83,0.631,-997.0461538461539,3.441666666666667,6.65593220338983,72.4322033898305,593,134,12.022500712722277,1560,6.759322033898305,258
84,0.6275,-972.9076923076923,3.2533333333333334,6.373263888888889,72.02777777777777,576,128,12.236805528799676,1563,6.465277777777778,150
85,0.624,-844.553846153846,3.1991666666666667,6.731751824817518,71.0419708029197,544,141,12.182972634081723,1565,6.813868613138686,435
86,0.6206,-948.2230769230769,3.2866666666666666,6.280639431616341,70.40142095914743,559,137,12.487800646217663,1569,6.373001776198934,309
87,0.6171,-938.2,3.0025,6.135135135135135,69.83783783783784,567,136,12.844995091453171,1572,6.2,339
88,0.6137,-856.3,3.2241666666666666,6.05718954248366,70.34477124183006,585,140,11.533095448362474,1574,6.173202614379085,414
89,0.6103,-1063.2769230769231,3.493333333333333,6.204248366013072,68.7516339869281,605,139,13.0753406506628,1577,6.302287581699346,397
90,0.607,-917.7307692307692,3.1191666666666666,6.11663807890223,68.09948542024014,584,145,12.120630376076159,1582,6.216123499142367,793
91,0.6036,-911.9384615384615,3.1558333333333333,6.109427609427609,68.72895622895624,590,146,12.162651675087023,1584,6.213804713804714,796
92,0.6003,-848.4923076923077,2.9575,6.053285968028419,69.37122557726465,563,135,11.21358611758655,1587,6.1154529307282415,670
93,0.5969,-866.1153846153846,2.9341666666666666,6.051601423487544,70.3220640569395,570,144,12.881877443895448,1588,6.128113879003559,151
94,0.5936,-890.5000000000001,3.1166666666666667,6.150592216582064,69.9932318104907,599,135,14.318880720167313,1591,6.236886632825719,766
95,0.5904,-856.8538461538462,2.9775,5.899830220713073,67.97453310696095,588,140,10.895617411539948,1593,5.98811544991511,564
96,0.5871,-789.3000000000001,2.7016666666666667,5.541889483065954,68.70231729055259,563,138,10.41676021762326,1596,5.620320855614973,503
97,0.5838,-982.4692307692306,3.2783333333333333,6.183193277310925,71.66890756302521,589,132,14.015200778857825,1599,6.302521008403361,780
98,0.5806,-931.7692307692307,3.335,6.435424354243542,70.72324723247233,551,140,13.360436722428267,1602,6.547970479704797,334
99,0.5774,-978.0769230769231,3.2683333333333335,6.547535211267606,69.99823943661971,577,134,13.26148196445027,1607,6.654929577464789,492
100,0.5742,-845.7384615384616,2.7258333333333336,5.805147058823529,70.19485294117646,541,140,11.513483083291536,1609,5.889705882352941,366
101,0.571,-806.6384615384616,2.5308333333333333,5.029565217391304,68.11304347826086,570,144,10.895270456989559,1611,5.102608695652174,783
102,0.5679,-833.2076923076922,2.9116666666666666,5.780918727915195,71.95936395759718,559,139,11.414523657657785,1616,5.885159010600707,230
103,0.5647,-938.9230769230769,3.1683333333333334,6.64259927797834,71.38086642599278,543,134,14.513488533968985,1622,6.722021660649819,58
104,0.5616,-804.7153846153846,2.86,5.751736111111111,71.39583333333333,566,139,10.106117845383938,1624,5.848958333333333,649
105,0.5585,-857.0230769230769,2.93,5.6606498194945845,69.971119133574,548,138,11.469671939886313,1628,5.716606498194946,736
106,0.5554,-894.5769230769231,2.9675,5.713787085514834,70.94066317626528,582,132,10.049974184586551,1635,5.790575916230367,271
107,0.5523,-822.8692307692307,2.7591666666666668,5.238636363636363,70.49675324675324,625,140,12.630923977330857,1637,5.375,352
108,0.5493,-918.553846153846,3.0766666666666667,6.0174825174825175,70.8479020979021,569,137,11.99767669871997,1638,6.101398601398602,522
109,0.5462,-845.5384615384617,2.825,6.2438095238095235,70.88571428571429,526,140,10.448205318407597,1641,6.312380952380952,346
110,0.5432,-867.223076923077,3.0091666666666668,5.847198641765704,68.5025466893039,593,131,10.679873738297681,1644,5.938879456706282,834
111,0.5402,-891.0923076923077,3.1083333333333334,6.317708333333333,72.84722222222223,567,135,12.904571672452848,1651,6.434027777777778,137
112,0.5372,-912.2923076923078,3.0683333333333334,6.2631578947368425,70.47549909255898,555,137,10.974733685019253,1655,6.361161524500908,365
113,0.5343,-806.2076923076922,2.654166666666667,5.408525754884547,71.40142095914743,567,139,11.320772342741169,1657,5.511545293072825,749
114,0.5313,-719.1769230769231,2.44,5.123161764705882,67.9908088235294,551,140,9.39461668996408,1660,5.196691176470588,700
115,0.5284,-754.3,2.6041666666666665,5.073883161512027,69.13058419243987,590,144,9.720052075005059,1663,5.180412371134021,791
116,0.5254,-828.1461538461538,2.6616666666666666,5.385017421602788,69.26829268292683,589,145,11.470076197235434,1667,5.484320557491289,717
117,0.5225,-847.4000000000001,3.0633333333333335,6.155866900175131,69.138353765324,564,138,12.527053043106902,1670,6.252189141856392,605
118,0.5196,-847.0615384615385,2.8808333333333334,5.891228070175439,69.51578947368421,572,136,11.375600552065555,1672,5.9982456140350875,547
119,0.5168,-910.9384615384615,3.2491666666666665,6.480541455160744,68.82402707275804,593,138,12.508220646977744,1675,6.5549915397631136,724
120,0.5139,-788.2,2.763333333333333,5.693548387096774,70.37275985663082,576,142,9.310763227773824,1676,5.813620071684587,448
121,0.5111,-933.6846153846154,3.1633333333333336,6.041390728476821,69.3294701986755,590,136,14.042774080606081,1679,6.1490066225165565,529
122,0.5082,-718.6923076923076,2.4516666666666667,5.053667262969588,69.16457960644007,569,139,8.772413329528685,1683,5.153846153846154,651
123,0.5054,-1002.0307692307694,3.5541666666666667,6.799663299663299,71.57744107744108,586,137,15.423110353642768,1688,6.888888888888889,808
124,0.5026,-868.4538461538461,3.0725,6.114982578397212,71.30836236933798,585,137,11.736762065429822,1689,6.2282229965156795,227
125,0.4998,-901.9230769230769,3.191666666666667,6.303886925795053,70.74028268551237,558,137,12.543492431734759,1691,6.386925795053004,434
126,0.4971,-837.0461538461537,2.839166666666667,5.6735751295336785,69.35578583765113,593,134,9.30016945309914,1692,5.7495682210708114,471
127,0.4943,-999.0307692307692,3.525,6.592295345104334,69.86035313001605,621,137,15.549305931934695,1694,6.691813804173354,872
128,0.4916,-817.7,2.915,5.874125874125874,70.48776223776224,559,141,10.968415691633632,1698,5.9423076923076925,505
129,0.4889,-826.7,2.6308333333333334,5.291595197255575,69.50257289879931,590,151,13.155207878778109,1700,5.377358490566038,413
130,0.4862,-831.1615384615384,2.7091666666666665,5.796363636363636,70.16909090909091,550,140,10.89475769760829,1700,5.869090909090909,658
131,0.4835,-947.6769230769231,3.2525,6.087542087542087,69.38047138047138,602,136,13.71737018695698,1702,6.2087542087542085,364
132,0.4808,-758.3153846153846,2.4791666666666665,5.361111111111111,69.56481481481481,530,143,9.430330533092773,1707,5.446296296296296,756
133,0.4781,-967.4307692307692,3.2266666666666666,6.513181019332162,69.84358523725835,561,130,16.989300473080768,1715,6.6045694200351495,29
134,0.4755,-870.7076923076924,2.97,6.271897810218978,70.7080291970803,542,136,13.566208900308766,1721,6.372262773722627,537
135,0.4729,-896.6923076923077,2.85,5.720689655172414,70.33793103448276,582,135,12.66562205324911,1725,5.81551724137931,493
136,0.4703,-881.3307692307692,2.8541666666666665,6.057866184448463,70.53164556962025,544,139,10.87814340149783,1728,6.15370705244123,897
137,0.4677,-754.0692307692309,2.7125,5.9253438113948915,70.47937131630648,526,146,13.616378512008467,1731,5.990176817288802,719
138,0.4651,-791.4076923076923,2.745833333333333,5.682395644283122,71.2087114337568,547,142,11.10280740296068,1731,5.749546279491833,284
139,0.4625,-824.2461538461539,2.6683333333333334,5.696296296296296,69.85185185185185,546,135,9.644828661773856,1734,5.777777777777778,6
140,0.4599,-864.6153846153845,2.8325,5.75929203539823,69.60530973451327,576,139,11.510969203895005,1736,5.833628318584071,214
141,0.4574,-881.7076923076922,2.865,5.706597222222222,69.42881944444444,579,136,12.901536611728652,1738,5.776041666666667,753
142,0.4549,-799.9076923076923,2.795,5.805755395683454,70.43165467625899,552,140,12.27198163682484,1744,5.91546762589928,622
143,0.4523,-852.176923076923,2.8183333333333334,5.8969258589511755,69.18264014466546,561,137,14.921834980991267,1748,5.992766726943942,449
144,0.4498,-871.3076923076922,3.22,6.383419689119171,72.71675302245251,592,141,12.37992466230101,1748,6.476683937823834,577
145,0.4474,-708.776923076923,2.45,5.1992481203007515,68.19736842105263,534,141,9.059824593051786,1748,5.2669172932330826,854
146,0.4449,-846.1615384615384,2.8025,5.647887323943662,67.82570422535211,555,135,12.804393860893157,1750,5.748239436619718,166
147,0.4424,-885.5384615384615,3.0441666666666665,5.7783171521035595,71.28478964401295,610,134,15.01384045258354,1756,5.881877022653722,600
148,0.44,-680.676923076923,2.1133333333333333,4.858,70.264,502,135,10.57294539958188,1757,4.946,665
149,0.4375,-815.5,2.8158333333333334,5.655112651646447,71.19584055459272,582,132,11.853737182300708,1762,5.748700173310225,654
150,0.4351,-763.0692307692308,2.7683333333333335,5.797853309481217,69.55635062611807,558,138,11.566073446866557,1763,5.894454382826476,425
151,0.4327,-771.2230769230769,2.3408333333333333,4.817850637522769,68.17486338797814,537,141,9.5374084991309,1765,4.89799635701275,393
152,0.4303,-774.8615384615384,2.5833333333333335,5.250437828371278,69.43782837127846,560,143,9.061645080685452,1765,5.350262697022767,650
153,0.4279,-872.5153846153846,2.945,5.845486111111111,69.40277777777777,576,140,11.087196111480921,1765,5.925347222222222,890
154,0.4256,-781.7923076923078,2.5083333333333333,4.993162393162393,68.73333333333333,584,142,12.054435849518038,1769,5.104273504273504,708
155,0.4232,-778.4461538461538,2.53,5.397085610200365,69.36429872495447,541,136,12.135774205192014,1771,5.500910746812386,63
156,0.4209,-832.8923076923077,2.7608333333333333,5.602862254025045,66.28980322003578,548,139,11.674730934131093,1772,5.679785330948121,80
157,0.4185,-850.876923076923,2.7708333333333335,5.735241502683363,71.02325581395348,566,142,11.923805876336873,1772,5.826475849731664,40
158,0.4162,-720.3461538461538,2.5166666666666666,5.245931283905968,71.11754068716094,556,142,11.472483169195346,1774,5.330922242314648,111
159,0.4139,-788.6615384615384,2.805,6.161350844277673,71.77298311444653,537,137,11.68085496511102,1776,6.228893058161351,168
160,0.4116,-899.1230769230768,2.9033333333333333,5.661485319516408,68.74784110535406,591,137,11.32058550595934,1776,5.739205526770293,788
161,0.4094,-708.2538461538462,2.549166666666667,5.0875,67.88571428571429,567,139,10.143202492641711,1776,5.176785714285714,423
162,0.4071,-824.7615384615385,2.4658333333333333,5.133093525179856,69.52697841726619,570,139,10.628488394239268,1778,5.23021582733813,316
163,0.4048,-729.4384615384615,2.4633333333333334,5.266173752310536,69.90757855822551,542,135,9.528642388114672,1779,5.347504621072089,252
164,0.4026,-803.9076923076923,2.97,5.941379310344828,71.6448275862069,582,140,10.884314578360089,1783,6.024137931034483,234
165,0.4004,-881.4846153846154,2.8808333333333334,5.612959719789842,69.54991243432575,571,138,14.7720629121443,1787,5.7272727272727275,452
166,0.3982,-774.9461538461538,2.5816666666666666,5.258467023172906,68.59180035650624,561,140,10.82725919219083,1788,5.336898395721925,633
167,0.396,-844.1076923076923,2.4583333333333335,4.915077989601387,68.24090121317158,576,143,14.689697611193054,1791,5.006932409012132,488
168,0.3938,-841.5384615384615,2.7958333333333334,5.831215970961887,70.7114337568058,536,138,11.489029739356472,1791,5.91470054446461,355
169,0.3916,-783.8153846153846,2.8633333333333333,6.130111524163569,71.05947955390334,544,137,12.945027857140339,1796,6.217472118959108,548
170,0.3894,-846.2846153846153,2.8916666666666666,5.707105719237435,70.97053726169844,570,134,13.701041329965369,1799,5.8006932409012135,169
171,0.3873,-899.7769230769231,3.0733333333333333,5.9463986599664995,70.18760469011725,600,140,16.231931397604228,1801,6.060301507537688,312
172,0.3851,-790.7230769230769,2.5525,5.207017543859649,67.20350877192982,570,135,9.202950097087768,1802,5.312280701754386,193
173,0.383,-956.9692307692306,3.2175,6.532743362831859,70.96106194690266,569,128,12.380160998182962,1802,6.631858407079646,211
174,0.3809,-812.6000000000001,2.6358333333333333,5.6862385321100914,69.05871559633027,547,134,11.900252872578545,1804,5.78348623853211,880
175,0.3788,-808.7461538461539,2.754166666666667,5.465195246179966,66.7911714770798,579,139,10.8051764611179,1804,5.536502546689304,551
176,0.3767,-749.9538461538461,2.5,5.08348134991119,67.86856127886324,554,143,9.965045934846012,1807,5.158081705150977,778
177,0.3746,-753.1846153846154,2.7558333333333334,5.479166666666667,69.31944444444444,569,146,9.984279936703075,1808,5.572916666666667,712
178,0.3725,-869.4615384615386,3.01,5.928449744463373,70.71720613287904,589,131,13.535155415718991,1811,6.023850085178876,238
179,0.3705,-748.9230769230769,2.6633333333333336,5.765682656826568,69.85424354243543,542,139,11.574290419876556,1811,5.845018450184502,553
180,0.3684,-809.5692307692308,2.9625,5.770382695507488,68.97504159733776,583,140,12.18598195465942,1812,5.885191347753744,512
181,0.3664,-820.5923076923077,2.95,5.788494077834179,68.91370558375634,578,142,10.804265077639792,1815,5.871404399323181,540
182,0.3643,-960.8384615384616,3.1825,5.804523424878837,69.4329563812601,613,137,14.473700535377723,1815,5.909531502423263,546
183,0.3623,-729.4000000000001,2.5216666666666665,5.1573426573426575,68.96503496503496,560,143,10.325485609462255,1815,5.274475524475524,387
184,0.3603,-733.9692307692308,2.5425,5.49811320754717,68.08490566037736,534,142,11.201955420072208,1817,5.560377358490566,586
185,0.3583,-780.4000000000001,2.5083333333333333,5.592307692307692,69.35384615384615,518,129,13.539920086683082,1818,5.6826923076923075,398
186,0.3563,-785.4692307692308,2.505,4.862847222222222,68.43055555555556,569,147,12.107191762624803,1820,4.940972222222222,380
187,0.3544,-612.4846153846154,2.1158333333333332,4.7805825242718445,70.58640776699029,519,142,8.412157020835833,1822,4.8699029126213595,695
188,0.3524,-788.5846153846153,2.7383333333333333,5.780621572212066,71.56307129798903,544,145,12.025595781365734,1823,5.859232175502743,699
189,0.3505,-866.8,2.7958333333333334,5.549122807017544,69.77543859649123,574,138,11.144489690418407,1824,5.608771929824561,185
190,0.3485,-933.2923076923076,3.0008333333333335,6.0837696335078535,70.61256544502618,562,127,12.282583995771272,1828,6.151832460732984,757
191,0.3466,-809.3692307692307,2.6708333333333334,5.042444821731749,68.45500848896435,591,146,11.883519056847963,1828,5.118845500848896,690
192,0.3447,-787.7692307692307,2.7,5.467713787085515,68.195462478185,585,139,13.46900674882618,1828,5.547993019197207,681
193,0.3428,-791.0,2.8158333333333334,5.789661319073084,70.18538324420678,560,132,12.277570779586755,1828,5.873440285204991,89
194,0.3409,-846.8384615384616,3.1733333333333333,5.821138211382114,71.81788617886178,617,143,13.020856819812758,1830,5.917073170731707,735
195,0.339,-779.9153846153846,2.7016666666666667,5.27768014059754,67.09314586994728,559,140,11.195810505252325,1833,5.3585237258347975,850
196,0.3371,-957.5615384615385,3.17,5.947967479674797,69.28455284552845,624,130,14.122334387979004,1835,6.032520325203252,81
197,0.3352,-889.3692307692307,2.87,5.407783417935702,69.48223350253807,580,143,16.70056270582276,1837,5.483925549915398,23
198,0.3334,-845.0384615384615,2.6625,5.883809523809524,70.58666666666667,527,133,12.11300457379534,1842,5.986666666666666,262
199,0.3315,-850.476923076923,2.9391666666666665,6.107913669064748,70.45143884892086,568,135,14.271202151948064,1842,6.178057553956834,730
200,0.3297,-661.6076923076923,2.3133333333333335,4.9906015037593985,69.17481203007519,525,133,11.396122187027824,1843,5.06015037593985,718
201,0.3279,-704.5769230769231,2.3758333333333335,4.687285223367698,67.12199312714776,583,147,8.138834213672947,1843,4.761168384879725,841
202,0.3261,-902.1384615384616,2.910833333333333,5.8214904679376085,70.33275563258232,563,135,17.849518746740664,1848,5.925476603119584,65
203,0.3243,-854.7230769230769,2.8541666666666665,6.074427480916031,69.21564885496183,533,130,13.728951773640755,1850,6.188931297709924,481
204,0.3225,-789.5999999999999,2.6466666666666665,5.126666666666667,68.785,597,139,11.898908379143638,1851,5.216666666666667,368
205,0.3207,-936.6307692307691,3.138333333333333,6.5150442477876105,72.50973451327434,573,135,15.742800002988979,1853,6.633628318584071,465
206,0.3189,-816.1153846153846,2.6866666666666665,5.456942003514938,70.12653778558875,570,133,10.936155897146946,1856,5.539543057996485,367
207,0.3172,-799.5769230769231,2.598333333333333,4.860504201680672,70.10756302521008,601,140,13.699729132877728,1858,4.957983193277311,542
208,0.3154,-661.3692307692309,2.3108333333333335,4.973733583489681,68.80863039399625,543,147,10.54942535128844,1861,5.054409005628518,533
209,0.3137,-729.1692307692308,2.4066666666666667,5.2201138519924095,69.8292220113852,526,129,11.128574074636578,1863,5.2960151802656545,530
210,0.3119,-691.2461538461538,2.5016666666666665,4.823529411764706,68.60336134453782,599,144,9.688821193434446,1863,4.907563025210084,500
211,0.3102,-807.9153846153847,2.754166666666667,5.462199312714777,70.48109965635739,577,130,11.76966039368374,1865,5.56701030927835,213
212,0.3085,-912.0076923076924,3.1125,6.52014652014652,72.21794871794872,543,130,13.402980884258374,1866,6.6007326007326,388
213,0.3068,-914.776923076923,3.223333333333333,6.481865284974093,71.25043177892918,588,129,16.20752509147203,1873,6.583765112262522,223
214,0.3051,-824.1153846153845,2.965,5.574503311258278,70.24668874172185,607,138,11.999614359540747,1874,5.678807947019868,715
215,0.3034,-750.3615384615384,2.361666666666667,4.906474820143885,67.2841726618705,552,131,10.96431829461056,1878,5.016187050359712,603
216,0.3017,-822.9230769230769,2.8266666666666667,5.6573426573426575,71.0979020979021,578,135,15.0825358401118,1880,5.753496503496503,7
217,0.3,-790.2615384615385,2.7025,5.305602716468591,68.35144312393888,586,137,11.25854603387485,1882,5.395585738539898,158
218,0.2984,-709.8615384615384,2.3808333333333334,4.870503597122302,70.20503597122303,568,137,8.999738893899492,1882,4.965827338129497,60
219,0.2967,-726.6846153846154,2.6725,5.377659574468085,68.68617021276596,563,143,11.334961276718273,1884,5.443262411347518,466
220,0.2951,-645.3846153846155,2.3466666666666667,4.7665505226480835,67.32926829268293,560,148,9.486014409617539,1885,4.881533101045296,143
221,0.2935,-795.6538461538462,2.7466666666666666,5.304777594728171,69.69357495881384,607,147,10.105463045303289,1885,5.378912685337727,426
222,0.2918,-818.3384615384616,2.618333333333333,5.35740072202166,68.50902527075812,555,138,14.041747108570142,1890,5.4422382671480145,420
223,0.2902,-650.7461538461539,2.0575,4.27683615819209,66.00941619585687,536,137,10.95298436794438,1892,4.346516007532957,877
224,0.2886,-735.0461538461537,2.51,5.4766355140186915,70.18504672897197,545,139,12.770133912316014,1895,5.56822429906542,132
225,0.287,-724.9538461538461,2.3991666666666664,5.05338078291815,68.34519572953737,556,140,11.78319874434449,1895,5.140569395017794,436
226,0.2854,-878.7153846153847,3.0733333333333333,6.285198555956678,70.2725631768953,556,130,13.08764414912702,1898,6.379061371841155,635
227,0.2838,-685.9846153846154,2.4225,5.071428571428571,69.65201465201466,544,132,8.150187448105427,1898,5.168498168498169,895
228,0.2823,-704.6923076923076,2.5408333333333335,5.300536672629696,67.37030411449017,556,141,9.238746871915884,1898,5.4078711985688726,228
229,0.2807,-847.0538461538462,2.904166666666667,5.959074733096085,70.0373665480427,563,145,15.367031171786572,1900,6.040925266903915,892
230,0.2792,-907.1538461538462,3.0608333333333335,5.925170068027211,72.68877551020408,600,127,14.880394671721437,1904,6.0272108843537415,342
231,0.2776,-707.7538461538462,2.465,5.299047619047619,68.15238095238095,530,132,10.993921328922818,1908,5.352380952380952,474
232,0.2761,-706.9615384615385,2.5058333333333334,5.100538599640934,68.03411131059246,560,137,12.365704826120737,1909,5.202872531418312,197
233,0.2746,-892.0384615384617,2.9158333333333335,5.584307178631052,69.8297161936561,607,132,15.1306644484871,1910,5.697829716193656,133
234,0.273,-698.823076923077,2.486666666666667,5.234200743494424,67.62267657992565,536,134,8.932606159368174,1910,5.310408921933085,167
235,0.2715,-776.3538461538461,2.7391666666666667,5.3108108108108105,69.13344594594595,590,139,10.12001145538337,1911,5.402027027027027,301
236,0.27,-828.3615384615384,2.5566666666666666,5.263250883392226,69.58480565371025,564,138,12.241462943300066,1913,5.323321554770318,16
237,0.2685,-885.2076923076924,3.055,6.133448873483536,71.33622183708839,566,132,10.4905040140929,1916,6.220103986135182,120
238,0.267,-732.0538461538463,2.595,5.545966228893058,68.10318949343339,539,145,10.339282676620732,1916,5.617260787992495,3
239,0.2656,-712.8076923076924,2.4975,4.904347826086957,66.31304347826087,589,148,8.586565402610539,1917,4.987826086956522,217
240,0.2641,-781.4846153846154,2.5925,5.319419237749546,68.9038112522686,551,140,10.569488825373222,1917,5.415607985480944,508
241,0.2626,-739.0923076923077,2.609166666666667,5.467153284671533,68.67518248175182,558,139,12.65434741547659,1918,5.583941605839416,479
242,0.2612,-844.2615384615385,2.915,5.971929824561403,70.59122807017543,568,132,12.447947215686613,1921,6.064912280701755,224
243,0.2597,-699.4384615384615,2.4391666666666665,5.12,68.14363636363636,553,140,10.147228592856242,1924,5.209090909090909,740
244,0.2583,-861.5153846153846,2.8808333333333334,5.633975481611208,68.0893169877408,575,132,14.556077050540608,1926,5.743006993006993,868
245,0.2569,-818.1384615384616,2.8108333333333335,5.093206951026856,67.10426540284361,620,139,12.831429290046138,1927,5.194006309148265,477
246,0.2555,-776.8384615384615,2.6108333333333333,5.093378607809847,67.5144312393888,590,137,14.00312994597147,1929,5.171477079796265,320
247,0.254,-800.1923076923076,2.7266666666666666,5.586572438162544,67.91696113074205,546,132,13.802310295647905,1933,5.6749116607773855,597
248,0.2526,-688.4692307692308,2.4883333333333333,5.033450704225352,68.28521126760563,570,147,14.68665343479028,1936,5.119718309859155,539
249,0.2512,-839.2307692307692,2.7075,5.25044404973357,70.53285968028419,583,137,13.04690034040006,1940,5.326820603907637,129
250,0.2498,-791.1384615384616,2.7625,5.542253521126761,67.90845070422536,557,137,14.53246629177164,1944,5.632688927943761,845
251,0.2485,-599.2307692307693,2.1683333333333334,4.6270871985157696,67.9795918367347,549,144,11.570518815876845,1944,4.705009276437848,314
252,0.2471,-989.3384615384616,2.5808333333333335,5.147110332749562,68.98248686514886,564,131,21.277230274682186,1953,5.227670753064799,721
253,0.2457,-656.6846153846153,2.2191666666666667,4.253378378378378,68.1233108108108,599,148,8.960449757306451,1954,4.347972972972973,606
254,0.2444,-777.5769230769231,2.6466666666666665,5.4053571428571425,72.45,566,144,14.69767676442072,1956,5.519642857142857,809
255,0.243,-779.176923076923,2.5791666666666666,5.146643109540636,70.18551236749117,574,139,13.249918635762974,1958,5.220458553791887,87
256,0.2417,-709.9076923076923,2.444166666666667,5.096085409252669,68.6797153024911,576,145,12.61561790530495,1960,5.1637010676156585,589
257,0.2403,-661.6461538461539,2.3766666666666665,5.021699819168173,68.85533453887884,553,137,10.192269590854997,1962,5.115732368896926,599
258,0.239,-790.3307692307692,2.5225,5.077464788732394,70.04401408450704,571,137,11.015454323464606,1964,5.161971830985915,268
259,0.2377,-751.9230769230769,2.55,5.223404255319149,68.34219858156028,559,138,11.199598146359406,1964,5.329787234042553,896
260,0.2364,-893.5692307692307,2.9025,5.53125,69.42763157894737,615,139,15.28475138176997,1965,5.628289473684211,887
261,0.2351,-771.2,2.6733333333333333,5.719038817005545,70.43992606284658,540,132,10.080451746194154,1968,5.787430683918669,62
262,0.2338,-656.0615384615385,2.3975,5.014362657091562,66.74685816876122,552,143,13.711537379492455,1968,5.114901256732495,557
263,0.2325,-833.8307692307692,2.87,5.8,70.27719298245614,564,141,11.503643402071528,1969,5.87719298245614,746
264,0.2312,-769.7230769230769,2.638333333333333,5.294425087108014,69.91463414634147,559,139,15.464610432531526,1972,5.370434782608696,323
265,0.2299,-772.4692307692308,2.695,5.543362831858407,70.01238938053098,567,137,12.401047292250759,1973,5.6371681415929205,596
266,0.2286,-914.1307692307691,2.7825,5.752260397830018,69.47920433996383,561,121,18.82334230527795,1980,5.848101265822785,667
267,0.2274,-604.7923076923076,2.055833333333333,4.7695390781563125,66.83166332665331,521,137,8.493630550317954,1980,4.8537074148296595,643
268,0.2261,-826.076923076923,2.8675,5.491921005385996,69.17235188509875,558,141,14.417030469175845,1980,5.570915619389587,162
269,0.2249,-763.8076923076924,2.5733333333333333,5.437847866419295,69.33580705009277,541,135,13.089781642986713,1984,5.512059369202226,351
270,0.2236,-726.323076923077,2.58,5.300536672629696,71.89624329159213,552,137,8.624861352091225,1984,5.361359570661897,347
271,0.2224,-758.8384615384616,2.5941666666666667,5.025041736227045,69.81803005008348,592,141,13.031976565608803,1985,5.135225375626043,119
272,0.2211,-754.553846153846,2.4483333333333333,5.228464419475656,70.27153558052434,534,133,16.155702541902297,1986,5.337078651685394,497
273,0.2199,-652.0307692307692,2.1016666666666666,4.1563573883161515,68.0721649484536,574,142,8.93475878240223,1989,4.219931271477663,298
274,0.2187,-735.8153846153846,2.6766666666666667,5.196277495769881,67.16412859560067,582,145,11.18211806418924,1992,5.289340101522843,706
275,0.2175,-761.8076923076923,2.5483333333333333,5.222614840989399,70.64134275618375,563,136,9.801922114047988,1992,5.301587301587301,616
276,0.2163,-874.1461538461538,3.0533333333333332,6.438848920863309,71.41546762589928,559,123,15.453278909993319,1993,6.515260323159785,714
277,0.2151,-904.1538461538462,3.0516666666666667,6.17338003502627,70.49562171628722,560,133,15.917275291302994,1997,6.26970227670753,13
278,0.2139,-642.6615384615384,2.359166666666667,4.824561403508772,68.0280701754386,564,144,7.148876817174637,1998,4.942105263157894,843
279,0.2127,-613.8538461538461,2.2125,4.80718336483932,70.1625708884688,542,137,8.393614100262132,1999,4.88468809073724,146
280,0.2115,-752.1307692307691,2.4675,5.298724954462659,67.38069216757741,542,137,11.686993309312275,1999,5.408014571948998,161
281,0.2104,-668.8615384615384,2.4025,4.896672504378284,69.03677758318739,563,140,9.983198952512348,2000,4.975481611208406,75
282,0.2092,-680.1307692307693,2.4183333333333334,4.716442953020135,69.77348993288591,593,150,13.264946730668868,2002,4.815436241610739,871
283,0.208,-802.2923076923078,2.725,5.813996316758748,71.05524861878453,534,126,13.361136375520639,2003,5.9097605893186005,113
284,0.2069,-787.0538461538462,2.6691666666666665,5.408771929824561,68.01929824561404,557,128,11.633245931696102,2004,5.47719298245614,124
285,0.2058,-716.0846153846154,2.555,5.064347826086957,67.9408695652174,565,134,11.33906966650436,2007,5.133913043478261,777
286,0.2046,-785.6846153846154,2.6058333333333334,5.291592128801431,70.23255813953489,569,128,9.354299983917059,2008,5.382826475849732,108
287,0.2035,-703.623076923077,2.4258333333333333,5.225274725274725,69.74725274725274,542,134,9.006259937656726,2010,5.331501831501831,451
288,0.2024,-696.376923076923,2.3675,5.032667876588022,69.6842105263158,555,140,9.160741765013572,2011,5.136116152450091,196
289,0.2012,-690.2307692307693,2.660833333333333,5.342013888888889,70.75,576,141,12.598466398082563,2011,5.458333333333333,64
290,0.2001,-761.7384615384615,2.8366666666666664,5.537162162162162,68.33783783783784,569,145,13.259294922095494,2015,5.618243243243243,165
291,0.199,-791.0999999999999,2.825833333333333,5.510924369747899,71.24033613445378,603,132,14.042771765546314,2017,5.630252100840337,412
292,0.1979,-623.946153846154,2.105,4.160621761658031,68.74438687392055,583,139,6.952762835178291,2018,4.253886010362694,335
293,0.1968,-822.5538461538462,2.6416666666666666,5.262608695652174,69.20869565217392,578,141,14.706360579879794,2019,5.340869565217392,617
294,0.1957,-790.523076923077,2.94,5.827118644067797,68.68135593220339,593,136,13.431349208968216,2020,5.901694915254238,325
295,0.1946,-832.676923076923,2.901666666666667,5.781629116117851,69.87175043327557,567,138,13.10778024355135,2020,5.896013864818024,26
296,0.1936,-696.4692307692308,2.3408333333333333,4.742504409171076,65.67901234567901,570,143,10.148493909977713,2020,4.821869488536155,51
297,0.1925,-827.5,2.4916666666666667,5.196691176470588,70.87316176470588,539,134,14.638662183488599,2022,5.279411764705882,431
298,0.1914,-695.9692307692308,2.4175,5.08411214953271,67.81682242990654,535,139,13.281308742262645,2024,5.168224299065421,570
299,0.1904,-722.9076923076923,2.52,5.278899082568807,68.18532110091743,555,145,9.109022151955873,2024,5.381651376146789,73
300,0.1893,-788.623076923077,2.695,5.358885017421603,68.97212543554006,597,144,14.040248836438431,2029,5.447735191637631,602
301,0.1883,-801.2769230769231,2.6225,5.332155477031802,68.20141342756183,555,136,11.185355657279361,2030,5.404593639575972,527
302,0.1872,-661.4769230769231,2.2575,4.963740458015267,70.44083969465649,519,137,11.548031082599463,2033,5.061068702290076,72
303,0.1862,-818.7461538461538,2.8891666666666667,5.7787456445993035,67.80139372822299,590,138,14.006635898812828,2034,5.879790940766551,566
304,0.1852,-894.4307692307692,3.0858333333333334,6.0016891891891895,72.7195945945946,614,136,15.593925219209787,2035,6.125,634
305,0.1841,-628.4692307692308,2.220833333333333,4.851224105461394,69.64783427495291,526,136,7.374371616628224,2035,4.951035781544256,400
306,0.1831,-772.223076923077,2.703333333333333,5.485611510791367,71.37769784172662,564,139,13.908252502798154,2035,5.566546762589928,520
307,0.1821,-818.6615384615385,2.7125,5.686832740213523,69.51067615658363,569,135,14.55362490506566,2035,5.779359430604982,875
308,0.1811,-837.476923076923,3.0683333333333334,6.348056537102473,72.07597173144876,563,138,13.994817244779906,2039,6.439929328621908,744
309,0.1801,-684.723076923077,2.2875,4.724014336917563,68.93010752688173,563,136,10.619111520222413,2039,4.788530465949821,299
310,0.1791,-738.9923076923078,2.6816666666666666,5.224108658743633,70.55517826825127,583,143,13.650684794471827,2039,5.31864406779661,489
311,0.1781,-878.5153846153846,2.875,5.229235880398671,70.26910299003322,589,135,14.073997157106511,2039,5.3604651162790695,4
312,0.1771,-909.223076923077,2.7383333333333333,5.3474576271186445,70.47966101694915,587,129,16.551471591878077,2041,5.437288135593221,379
313,0.1762,-699.4846153846154,2.2733333333333334,4.582278481012659,68.22603978300181,556,131,10.943883121509575,2042,4.670886075949367,212
314,0.1752,-707.9846153846154,2.484166666666667,5.464491362763916,69.45489443378119,539,136,8.754631081405217,2042,5.547024952015355,560
315,0.1742,-722.446153846154,2.4383333333333335,4.934973637961336,69.04217926186291,568,138,11.381752748697926,2043,5.017574692442882,798
316,0.1732,-712.7,2.3175,5.408817635270541,70.3006012024048,490,130,8.331281702866635,2043,5.501002004008016,640
317,0.1723,-852.4230769230769,2.7416666666666667,5.447735191637631,69.25783972125436,581,121,14.263957759621418,2044,5.552264808362369,171
318,0.1713,-721.0692307692308,2.4916666666666667,5.421933085501859,70.46096654275092,544,132,10.145707982157013,2044,5.492565055762082,225
319,0.1704,-665.4153846153847,2.435,4.671163575042159,69.18212478920742,606,142,8.757432025964441,2044,4.7521079258010115,283
320,0.1694,-704.8769230769232,2.5833333333333335,4.966386554621849,69.62352941176471,601,141,11.701170417388354,2045,5.090756302521008,561
321,0.1685,-834.4384615384615,2.6858333333333335,5.528028933092224,70.97106690777576,551,125,11.648989159389354,2046,5.625678119349005,180
322,0.1676,-796.0153846153846,2.9325,5.9423076923076925,71.6590909090909,565,142,12.325675448735932,2049,6.026223776223776,729
323,0.1666,-676.2076923076924,2.171666666666667,4.547794117647059,69.0091911764706,545,138,10.997653317190423,2049,4.617647058823529,427
324,0.1657,-794.2153846153846,2.7158333333333333,5.504440497335701,70.45115452930729,568,133,12.230622298270118,2051,5.584369449378331,679
325,0.1648,-710.9846153846154,2.49,5.299813780260708,70.46741154562383,536,134,11.757622352501372,2053,5.387337057728119,563
326,0.1639,-775.1615384615385,2.6866666666666665,5.525483304042179,70.4323374340949,573,130,12.403145458043333,2056,5.629173989455184,632
327,0.163,-760.2461538461539,2.631666666666667,5.287414965986395,69.35034013605443,580,140,12.276841452952757,2058,5.363945578231292,373
328,0.1621,-776.8307692307692,2.5316666666666667,4.937394247038917,69.09137055837563,589,137,11.248632877200224,2060,5.027072758037225,584
329,0.1612,-741.5461538461539,2.6733333333333333,5.35304347826087,70.57391304347826,576,137,10.965547741344185,2062,5.445217391304348,525
330,0.1603,-691.7538461538461,2.295,4.522413793103448,67.92241379310344,589,139,9.065025271590507,2062,4.610344827586207,656
331,0.1594,-858.0,2.6875,5.408547008547009,68.82222222222222,581,132,15.001485099156541,2062,5.526495726495726,61
332,0.1585,-751.9923076923078,2.3575,4.920720720720721,67.94414414414415,553,134,15.274923708346344,2063,5.0288288288288285,12
333,0.1577,-777.9153846153846,2.62,5.216723549488054,68.61262798634812,593,141,15.297327576229392,2068,5.290102389078498,496
334,0.1568,-796.8846153846154,2.4741666666666666,5.017699115044247,69.5716814159292,566,134,12.231757952395586,2071,5.088495575221239,641
335,0.1559,-761.0923076923077,2.7675,5.419568822553897,69.61359867330016,597,144,12.850605070115495,2073,5.500829187396351,779
336,0.155,-691.4923076923077,2.6033333333333335,5.346014492753623,70.08514492753623,554,143,10.57185122862487,2073,5.405797101449275,837
337,0.1542,-854.2923076923076,2.7108333333333334,5.682568807339449,72.36880733944955,554,125,10.841110707253954,2074,5.76697247706422,34
338,0.1533,-798.8692307692307,2.6641666666666666,5.455026455026455,72.03174603174604,570,135,11.109800922433603,2074,5.553791887125221,511
339,0.1525,-847.2153846153847,2.9066666666666667,5.616055846422339,70.5741710296684,579,138,14.089439420036104,2074,5.713787085514834,408
340,0.1516,-767.0461538461539,2.7491666666666665,5.267326732673268,68.32673267326733,610,138,13.185951468367492,2076,5.394389438943894,45
341,0.1508,-803.4461538461538,2.6666666666666665,5.869565217391305,70.56521739130434,540,130,11.773837231290065,2078,5.941398865784499,638
342,0.15,-541.9769230769231,1.815,3.8115671641791047,67.32276119402985,529,143,6.86435509036143,2078,3.8824626865671643,160
343,0.1491,-649.3076923076923,2.2941666666666665,4.95970695970696,68.13553113553114,545,136,10.378640390137491,2080,5.071428571428571,410
344,0.1483,-819.3153846153847,2.7116666666666664,5.661818181818182,68.7309090909091,556,123,12.692920171804401,2081,5.738181818181818,490
345,0.1475,-725.5,2.506666666666667,4.9275092936802976,67.77323420074349,536,129,12.953833179079261,2083,4.9981412639405205,575
346,0.1467,-602.1846153846154,2.1275,4.211169284467714,67.78359511343804,590,150,7.191783471501928,2084,4.286212914485166,683
347,0.1459,-692.9230769230769,2.4858333333333333,4.9312714776632305,69.16151202749141,591,138,8.71366769999785,2086,5.030927835051546,249
348,0.1451,-737.8923076923077,2.5075,5.380597014925373,66.86194029850746,540,133,11.341630025117121,2086,5.457089552238806,46
349,0.1443,-681.776923076923,2.375,5.053016453382084,69.74588665447898,549,137,9.797760107110257,2087,5.151736745886654,894
350,0.1435,-718.9615384615386,2.525,5.019097222222222,69.94097222222223,579,144,10.017292095762496,2087,5.100694444444445,685
351,0.1427,-833.2230769230769,2.7425,5.216666666666667,68.19,600,129,13.896713794234728,2088,5.305,478
352,0.1419,-819.2,2.9541666666666666,5.733221476510067,68.27013422818791,590,135,13.880790311457275,2090,5.823825503355705,291
353,0.1411,-678.9000000000001,2.3575,4.696551724137931,69.36724137931034,580,136,10.184739986195716,2090,4.796551724137931,657
354,0.1403,-735.7538461538461,2.575833333333333,5.439338235294118,72.00183823529412,558,135,11.55344013068128,2091,5.540441176470588,428
355,0.1395,-817.7076923076922,2.8016666666666667,5.491496598639456,68.27380952380952,575,129,11.541298596428694,2091,5.596938775510204,814
356,0.1388,-739.4230769230769,2.4433333333333334,4.90893470790378,68.1082474226804,584,128,11.664263664551113,2095,4.993127147766323,102
357,0.138,-797.1692307692308,2.486666666666667,4.984293193717278,71.03490401396161,579,133,11.206614455397519,2096,5.0802792321116925,376
358,0.1372,-838.1923076923076,2.7583333333333333,5.555357142857143,70.16071428571429,560,125,14.390080219349953,2098,5.6535714285714285,172
359,0.1365,-728.3153846153846,2.5441666666666665,5.572504708097928,69.5743879472693,541,132,11.303348117669854,2099,5.645951035781544,50
360,0.1357,-745.4384615384615,2.5575,5.581573896353167,68.81765834932821,513,125,13.980185304506884,2099,5.658349328214971,333
361,0.135,-791.0615384615385,2.445,4.982608695652174,69.52869565217391,580,137,13.496796282636623,2102,5.078260869565217,626
362,0.1342,-776.8307692307692,2.41,4.909413854351687,66.66252220248668,554,142,14.485434364636465,2102,5.017761989342806,28
363,0.1335,-736.123076923077,2.55,5.110124333925399,69.45648312611013,573,136,9.80509094082251,2103,5.188277087033748,467
364,0.1327,-605.2769230769231,2.1425,4.372134038800706,69.88359788359789,566,138,9.835590034249233,2103,4.493827160493828,53
365,0.132,-726.7692307692308,2.4766666666666666,5.040350877192982,66.41929824561403,567,134,10.112532488135848,2103,5.12280701754386,294
366,0.1313,-848.5153846153846,2.805,5.27195945945946,69.9054054054054,596,134,18.579502246790124,2107,5.400337837837838,789
367,0.1306,-859.876923076923,2.8866666666666667,5.884816753926701,69.24083769633508,570,135,12.614021626547881,2113,5.996509598603839,260
368,0.1298,-729.9076923076923,2.5033333333333334,5.436293436293436,71.05984555984556,528,132,8.62056220814069,2113,5.525096525096525,210
369,0.1291,-922.8000000000001,2.7891666666666666,5.439862542955327,67.89690721649484,577,129,15.85183207823286,2116,5.510309278350515,68
370,0.1284,-581.553846153846,1.9616666666666667,4.11472275334608,67.24665391969407,534,137,6.010831679224675,2117,4.172084130019121,204
371,0.1277,-836.3461538461539,2.888333333333333,5.874125874125874,69.38986013986013,566,134,11.857144830092372,2120,5.944055944055944,636
372,0.127,-755.5307692307692,2.6433333333333335,5.133802816901408,69.18661971830986,582,148,8.716810628100191,2120,5.213028169014085,164
373,0.1263,-696.7846153846153,2.4516666666666667,5.091407678244972,67.6343692870201,561,132,11.817034835021735,2121,5.177330895795246,280
374,0.1256,-805.946153846154,2.723333333333333,5.626998223801066,70.0373001776199,559,136,14.505258458915495,2121,5.737122557726465,750
375,0.1249,-706.0538461538462,2.473333333333333,5.362101313320825,70.44277673545966,526,136,12.050956448857091,2121,5.455909943714822,792
376,0.1242,-807.2230769230769,2.8941666666666666,5.7874564459930316,71.38501742160278,569,132,11.825661347305164,2122,5.888501742160279,170
377,0.1235,-848.9538461538461,2.8941666666666666,5.747008547008547,70.68888888888888,593,131,16.838262895730125,2124,5.842735042735042,558
378,0.1228,-702.3923076923077,2.2333333333333334,4.832380952380952,69.28190476190476,540,129,9.842180204140078,2124,4.902857142857143,688
379,0.1221,-935.4,3.0341666666666667,6.038461538461538,71.16083916083916,582,120,13.754562742053187,2125,6.129370629370629,618
380,0.1215,-733.723076923077,2.3933333333333335,5.128301886792453,69.15283018867925,542,124,8.959804567817983,2126,5.188679245283019,509
381,0.1208,-719.3307692307692,2.445,5.07027027027027,69.8,533,128,11.780088168094366,2127,5.160071942446043,674
382,0.1201,-670.3384615384615,2.3408333333333333,4.596219931271477,70.49484536082474,594,137,7.313449451968808,2127,4.673539518900344,826
383,0.1195,-763.8076923076924,2.7025,5.679174484052533,70.94559099437149,536,138,10.882355452605285,2127,5.771106941838649,612
384,0.1188,-715.0692307692308,2.7,5.13,69.235,584,135,11.449141115777302,2128,5.238333333333333,239
385,0.1181,-823.4384615384615,3.0258333333333334,6.140255009107468,73.80510018214936,560,144,16.531988677368076,2129,6.225865209471767,879
386,0.1175,-785.2846153846153,2.39,5.059674502712477,68.5985533453888,545,134,13.657187388071211,2130,5.146473779385172,734
387,0.1168,-838.123076923077,2.5208333333333335,5.186619718309859,70.20950704225352,574,133,13.726424290380002,2133,5.265845070422535,112
388,0.1162,-701.8076923076923,2.513333333333333,5.29014598540146,70.24817518248175,560,143,10.57655514400238,2134,5.350364963503649,369
389,0.1156,-730.3076923076924,2.6691666666666665,5.303350970017637,69.09347442680776,575,144,11.629619381446863,2134,5.37037037037037,18
390,0.1149,-725.4692307692308,2.555833333333333,5.294332723948812,67.11517367458866,560,136,9.612066710454817,2136,5.405850091407678,806
391,0.1143,-679.2230769230769,2.3916666666666666,4.655172413793103,67.27758620689656,577,139,11.312216868331472,2140,4.720689655172414,536
392,0.1136,-806.2615384615384,2.5533333333333332,5.233333333333333,68.76140350877193,573,137,12.132929951440218,2142,5.292982456140351,860
393,0.113,-753.8615384615384,2.5625,5.035775127768313,68.62691652470187,573,143,10.532833897011749,2144,5.141396933560477,77
394,0.1124,-706.2846153846153,2.475,4.853309481216458,67.32558139534883,561,138,10.146422128120813,2144,4.9606440071556355,648
395,0.1118,-679.376923076923,2.5316666666666667,5.055652173913043,67.35478260869566,581,141,10.251377770472157,2144,5.144347826086957,250
396,0.1112,-663.5538461538462,2.3383333333333334,5.081031307550645,70.12338858195211,545,143,10.687838971076077,2145,5.158379373848987,43
397,0.1105,-675.9923076923077,2.4225,4.710217755443886,66.73869346733669,590,142,11.7348873349582,2147,4.802345058626465,156
398,0.1099,-643.0384615384617,2.3766666666666665,4.7465753424657535,67.66609589041096,577,142,13.366909984610995,2149,4.820205479452055,483
399,0.1093,-869.976923076923,2.78,5.58578856152513,68.8526863084922,580,136,15.191597319423062,2152,5.677642980935875,42
400,0.1087,-656.7538461538462,2.368333333333333,4.857142857142857,66.83275261324042,570,146,8.48951464940221,2152,4.949477351916376,153
401,0.1081,-689.5538461538462,2.5,5.110915492957746,68.04049295774648,565,142,11.338503525093733,2153,5.176056338028169,329
402,0.1075,-599.8,2.1133333333333333,4.368043087971275,67.23698384201077,547,140,8.606969460219766,2154,4.447037701974866,106
403,0.1069,-738.7384615384615,2.45,5.158181818181818,66.82,544,139,9.639651446679196,2154,5.2327272727272724,645
404,0.1063,-774.8692307692307,2.7416666666666667,5.0927152317880795,69.51986754966887,601,133,12.045162700963347,2156,5.175496688741722,83
405,0.1057,-720.7,2.4125,4.9488536155202825,67.11816578483246,563,144,14.407960591400787,2157,5.029982363315697,787
406,0.1052,-621.6923076923077,2.3733333333333335,4.721170395869191,68.48709122203098,585,153,7.711448125936553,2157,4.791738382099828,859
407,0.1046,-648.9384615384615,2.341666666666667,4.614334470989761,69.22866894197952,591,144,11.436374415904247,2157,4.701365187713311,2
408,0.104,-649.1846153846153,2.1483333333333334,4.20103986135182,67.42287694974003,577,150,9.106954653702976,2160,4.292894280762565,811
409,0.1034,-663.376923076923,2.2383333333333333,4.904315196998124,68.5328330206379,530,140,7.815312701121816,2160,4.973733583489681,726
410,0.1028,-749.9153846153846,2.5216666666666665,5.142348754448399,68.11565836298932,571,135,11.477808018094334,2161,5.249110320284697,345
411,0.1023,-690.0769230769231,2.549166666666667,5.030508474576271,68.37457627118644,585,145,9.686847605317269,2162,5.120338983050847,242
412,0.1017,-710.3076923076923,2.3075,4.677477477477478,70.16216216216216,557,134,8.758845465439716,2162,4.756756756756757,216
413,0.1011,-638.8307692307692,2.2558333333333334,4.5195035460992905,69.3581560283688,568,140,8.006140277106773,2162,4.601063829787234,881
414,0.1006,-719.2538461538461,2.464166666666667,5.0122377622377625,67.3513986013986,568,132,13.058117296543669,2164,5.1223776223776225,240
415,0.1,-708.9384615384615,2.2475,4.464285714285714,66.5374149659864,578,139,10.383304971513077,2164,4.569727891156463,664
416,0.0995,-647.7153846153847,2.3108333333333335,5.170873786407767,70.64660194174758,514,139,8.770070097900396,2165,5.267961165048543,92
417,0.0989,-749.3153846153846,2.3991666666666664,4.8310344827586205,69.3948275862069,579,132,9.682223610256388,2165,4.903448275862069,186
418,0.0984,-600.6923076923077,2.200833333333333,4.639853747714808,66.60146252285192,552,144,7.6482098746846034,2166,4.714808043875686,716
419,0.0978,-722.676923076923,2.5,4.622580645161291,67.89838709677419,628,144,10.545323045430992,2166,4.7101449275362315,801
420,0.0973,-712.6307692307693,2.4516666666666667,4.948672566371681,68.02477876106195,565,146,8.91344216287107,2166,5.051327433628319,44
421,0.0968,-686.4384615384615,2.475,5.13859649122807,69.18947368421053,581,143,9.886143535939974,2166,5.228070175438597,784
422,0.0962,-619.023076923077,2.13,4.157627118644068,68.34745762711864,589,148,7.516279232760185,2166,4.238983050847458,772
423,0.0957,-654.823076923077,2.2291666666666665,4.724137931034483,68.50090744101634,553,146,9.670435158878256,2166,4.807622504537205,288
424,0.0952,-641.4692307692308,2.32,4.696969696969697,70.06238859180036,570,150,8.320221041821055,2168,4.770053475935829,389
425,0.0946,-940.2384615384617,2.6083333333333334,5.32437275985663,68.5,563,132,18.021705456363517,2169,5.419354838709677,67
426,0.0941,-748.5076923076923,2.5116666666666667,5.335766423357664,69.80474452554745,547,127,12.130358509589598,2169,5.432481751824818,370
427,0.0936,-753.6615384615384,2.5766666666666667,5.21578947368421,66.87543859649122,544,137,11.136552639968455,2173,5.307017543859649,328
428,0.0931,-737.7153846153846,2.5733333333333333,5.187062937062937,66.3076923076923,561,136,11.21414007554714,2173,5.265734265734266,443
429,0.0926,-648.5153846153846,2.2825,5.0271317829457365,67.13565891472868,509,136,9.915256140828069,2174,5.118217054263566,52
430,0.092,-734.7538461538462,2.4208333333333334,4.820998278829604,68.5473321858864,573,129,14.05348693269316,2176,4.913941480206541,206
431,0.0915,-619.2230769230769,2.223333333333333,4.5148861646234675,68.34325744308231,590,143,8.002988033107346,2176,4.5971978984238175,608
432,0.091,-757.2538461538461,2.625,5.399650959860384,69.57242582897034,574,134,13.77664809576366,2177,5.50087260034904,219
433,0.0905,-787.1692307692308,2.6416666666666666,5.344887348353553,68.55632582322357,564,131,11.538840440172214,2180,5.422876949740035,447
434,0.09,-618.1461538461538,2.1641666666666666,4.390845070422535,65.42605633802818,569,143,8.901948189623404,2180,4.494718309859155,86
435,0.0895,-687.3538461538461,2.450833333333333,5.093023255813954,67.60644007155635,554,134,8.24560869641133,2181,5.1395348837209305,462
436,0.089,-625.3153846153846,2.0641666666666665,4.170818505338079,66.91814946619218,560,153,9.004868697591489,2182,4.249110320284697,799
437,0.0885,-645.5461538461539,2.263333333333333,4.9031657355679705,69.26256983240224,536,136,7.311810925744187,2182,4.977653631284916,646
438,0.088,-640.3,2.2375,4.790909090909091,68.59272727272727,543,130,8.135476257800432,2182,4.8945454545454545,790
439,0.0876,-708.6,2.4208333333333334,4.747855917667239,69.41509433962264,585,131,8.464855950924632,2182,4.847341337907376,574
440,0.0871,-664.623076923077,2.4633333333333334,4.755443886097153,68.82914572864321,599,148,13.421778528163554,2183,4.8542713567839195,828
441,0.0866,-803.8384615384615,2.575,5.458029197080292,69.48905109489051,550,130,11.185165791005375,2183,5.529197080291971,308
442,0.0861,-618.6692307692308,2.28,4.505281690140845,69.11795774647888,566,141,6.743240003217533,2183,4.60387323943662,513
443,0.0856,-785.5538461538462,2.808333333333333,5.050903119868637,68.78325123152709,615,142,11.160704850504805,2187,5.152709359605911,259
444,0.0852,-663.2307692307693,2.2508333333333335,4.406518010291595,67.14751286449399,570,153,8.730814226542947,2187,4.506003430531733,188
445,0.0847,-796.9846153846154,2.734166666666667,5.097756410256411,69.05608974358974,617,143,11.28514066369484,2188,5.176282051282051,501
446,0.0842,-606.9384615384615,2.1683333333333334,4.565055762081784,67.05947955390334,521,137,8.502870479408408,2188,4.652416356877324,568
447,0.0838,-740.9461538461538,2.5225,4.998305084745763,69.71694915254237,596,146,12.747060202593985,2190,5.077966101694916,677
448,0.0833,-711.323076923077,2.473333333333333,4.945326278659612,67.3068783068783,565,137,10.497078334782467,2190,5.0282186948853616,276
449,0.0828,-640.9,2.4133333333333336,4.758853288364249,67.16526138279933,601,152,8.6922907943568,2190,4.8465430016863404,244
450,0.0824,-842.0692307692308,3.1308333333333334,5.864217252396166,70.08466453674122,606,140,16.999114077816614,2192,5.961661341853035,94
451,0.0819,-723.6615384615385,2.465,4.9491228070175435,68.0421052631579,573,132,11.4566308037916,2194,5.054385964912281,830
452,0.0815,-668.8153846153847,2.3841666666666668,4.7710196779964225,69.12701252236135,570,140,8.650670625017579,2194,4.8550983899821105,264
453,0.081,-636.2846153846153,2.2183333333333333,4.61651376146789,68.98165137614679,540,134,8.463501187424027,2194,4.715596330275229,526
454,0.0806,-609.0538461538462,1.975,4.103260869565218,68.96739130434783,575,143,8.166720855175525,2194,4.177536231884058,727
455,0.0801,-707.2461538461538,2.6258333333333335,4.985074626865671,69.55721393034825,596,149,12.54047171696018,2194,5.0563847429519075,126
456,0.0797,-761.9153846153846,2.6275,5.699065420560748,68.85420560747663,541,127,10.737720683453194,2194,5.792523364485981,842
457,0.0792,-588.9461538461538,1.8658333333333332,3.994475138121547,68.69429097605894,547,133,9.462285889606605,2194,4.051565377532229,701
458,0.0788,-746.7846153846153,2.629166666666667,5.30755711775044,70.92970123022847,567,145,12.757777086948616,2196,5.397188049209139,184
459,0.0784,-690.176923076923,2.46,4.963350785340314,68.42059336823735,570,135,15.412803738662742,2196,5.069808027923211,882
460,0.0779,-596.3538461538462,1.9125,3.8089500860585197,68.67986230636834,587,141,9.579257352982857,2196,3.8984509466437176,306
461,0.0775,-592.8,2.0975,4.144385026737968,67.96613190730838,572,136,5.99725356759245,2196,4.221033868092691,457
462,0.0771,-583.8615384615384,2.174166666666667,4.333913043478261,68.18086956521739,589,148,5.42373746413135,2196,4.415652173913044,628
463,0.0766,-715.5076923076923,2.2266666666666666,4.448336252189142,69.10507880910683,578,139,10.3619043929139,2197,4.591943957968477,544
464,0.0762,-667.1615384615385,2.3775,4.7406143344709895,68.93856655290102,570,138,6.691674186127452,2197,4.832764505119454,758
465,0.0758,-664.6846153846154,2.28,4.503389830508475,66.37118644067796,574,153,9.491213705463984,2198,4.575296108291032,84
466,0.0754,-805.0307692307692,2.7883333333333336,5.602112676056338,69.08098591549296,558,141,14.389366894541062,2199,5.721830985915493,174
467,0.075,-606.7384615384617,2.2483333333333335,4.593189964157706,68.77060931899642,557,137,6.486617600326373,2200,4.700716845878136,763
468,0.0745,-715.0384615384614,2.5525,5.285968028419183,68.1740674955595,566,137,10.952728151916304,2200,5.369449378330373,109
469,0.0741,-683.2384615384615,2.3658333333333332,4.832155477031802,68.25441696113074,573,138,10.525235578453739,2201,4.92226148409894,429
470,0.0737,-639.9230769230769,2.4183333333333334,4.966252220248668,68.48312611012433,567,147,13.686486740250594,2202,5.053285968028419,300
471,0.0733,-873.9230769230769,2.924166666666667,5.71864406779661,69.95593220338984,578,138,12.41917537417473,2202,5.813559322033898,33
472,0.0729,-632.623076923077,2.3033333333333332,4.811918063314711,69.03538175046555,538,142,6.902769611078033,2202,4.901303538175046,221
473,0.0725,-708.3307692307692,2.4741666666666666,5.057391304347826,70.43130434782609,571,138,10.926898133129248,2203,5.147826086956521,693
474,0.0721,-614.8307692307693,2.1225,4.598880597014926,69.49626865671642,541,146,6.371921931590689,2203,4.667910447761194,340
475,0.0717,-613.1076923076923,2.174166666666667,4.39304347826087,65.59826086956522,569,140,7.714176843429646,2203,4.478260869565218,20
476,0.0713,-602.1538461538462,2.185,4.557347670250896,68.96594982078852,569,144,6.982639918138366,2203,4.634408602150538,418
477,0.0709,-682.1461538461539,2.2441666666666666,4.6104129263913824,67.38420107719928,547,134,9.031251574210595,2203,4.698384201077199,296
478,0.0705,-668.8461538461538,2.2291666666666665,4.7985212569316085,66.86506469500924,534,130,9.948718839437893,2203,4.869003690036901,336
479,0.0701,-614.2,2.1925,4.136134453781513,66.98319327731092,576,136,7.378894127361422,2203,4.2252100840336135,590
480,0.0697,-562.1461538461539,2.1266666666666665,4.294117647058823,67.87889273356402,575,149,8.031159449597107,2203,4.3719723183391,37
481,0.0694,-548.676923076923,1.7825,3.890772128060264,67.12429378531074,540,131,10.930094789650894,2204,3.967984934086629,439
482,0.069,-621.9153846153846,2.3441666666666667,4.88,68.94363636363636,559,141,9.433341741913138,2207,4.969090909090909,598
483,0.0686,-750.6846153846153,2.4325,4.777027027027027,67.54898648648648,588,139,10.561977338251468,2207,4.858108108108108,498
484,0.0682,-684.1,2.4325,4.914930555555555,68.16493055555556,574,139,7.776072008256133,2207,5.003472222222222,32
485,0.0678,-595.0538461538462,2.1966666666666668,4.284745762711864,68.77966101694915,589,138,8.326116799585726,2207,4.357627118644068,49
486,0.0675,-716.9,2.515833333333333,4.944636678200692,69.50865051903114,580,139,9.524769102489808,2207,5.046712802768166,802
487,0.0671,-674.3692307692307,2.2191666666666667,4.561497326203209,66.99643493761141,554,130,7.721598487013443,2207,4.648841354723707,375
488,0.0667,-754.776923076923,2.5716666666666668,5.107964601769911,69.63185840707965,565,138,11.324229780064375,2207,5.20353982300885,543
489,0.0664,-590.9,2.08,4.351254480286738,67.01612903225806,564,134,6.727608824341636,2207,4.449820788530466,899
490,0.066,-682.9000000000001,2.3216666666666668,5.001838235294118,70.98345588235294,533,130,10.776868263157597,2209,5.112132352941177,832
491,0.0656,-675.8384615384615,2.5058333333333334,4.922680412371134,68.80584192439862,587,137,9.799059673402388,2210,5.012027491408935,595
492,0.0653,-597.4769230769231,2.01,4.2105263157894735,67.03195488721805,541,137,6.417848711022697,2211,4.298872180451128,176
493,0.0649,-680.3461538461538,2.3875,4.809523809523809,70.28042328042328,576,136,9.078270125848787,2211,4.890652557319224,464
494,0.0645,-636.9846153846154,2.341666666666667,4.580101180438448,68.33389544688028,593,142,9.49308185654546,2212,4.676222596964587,304
495,0.0642,-659.4846153846154,2.36,4.869175627240144,69.31362007168458,561,136,10.026472720224737,2213,4.958781362007168,82
496,0.0638,-621.3692307692309,2.18,4.60431654676259,68.53597122302158,562,137,12.098466648790758,2216,4.6852517985611515,183
497,0.0635,-643.3384615384614,2.2116666666666664,4.439929328621908,68.29681978798587,565,139,13.30093476996583,2218,4.5477031802120145,583
498,0.0631,-686.4692307692309,2.63,5.04802744425386,68.67924528301887,588,144,11.562119485532401,2219,5.145797598627787,728
499,0.0628,-548.4153846153846,2.0366666666666666,4.03454231433506,65.84628670120898,580,151,7.659888364701381,2219,4.117443868739206,182
500,0.0624,-643.0769230769231,2.265833333333333,4.659536541889483,68.72549019607843,572,140,7.846121884933946,2219,4.750445632798574,208
501,0.0621,-832.8615384615384,2.73,5.351945854483925,69.36040609137056,594,132,12.10132002634643,2219,5.456081081081081,354
502,0.0617,-687.2153846153847,2.5858333333333334,4.795454545454546,71.56006493506493,616,140,9.849164197023281,2219,4.892857142857143,386
503,0.0614,-611.1153846153845,2.03,4.065298507462686,67.68656716417911,533,139,9.745840225798464,2221,4.1361940298507465,1
504,0.0611,-658.3538461538462,2.28,4.628070175438596,67.3578947368421,561,147,7.341991874845838,2221,4.731578947368421,416
505,0.0607,-587.176923076923,2.1275,4.23448275862069,68.07758620689656,587,145,6.020267584905132,2221,4.324137931034483,192
506,0.0604,-631.6923076923077,2.15,4.414893617021277,68.52482269503547,566,141,8.940977653722669,2221,4.50709219858156,631
507,0.06,-600.2538461538461,2.0991666666666666,4.36983842010772,65.9640933572711,558,147,8.242367523137206,2221,4.459605026929982,491
508,0.0597,-754.5692307692308,2.4275,5.019677996422183,68.58497316636851,556,130,13.095460023352706,2221,5.105545617173524,642
509,0.0594,-586.5307692307692,2.111666666666667,4.198245614035088,68.13859649122807,566,152,6.366407585092288,2221,4.301754385964912,588
510,0.0591,-637.4384615384615,2.368333333333333,4.756993006993007,68.92482517482517,575,142,9.200721347603922,2222,4.8479020979020975,839
511,0.0587,-701.2846153846153,2.4475,4.786195286195286,67.61111111111111,611,142,9.099864420343492,2222,4.86026936026936,518
512,0.0584,-778.5384615384615,2.6075,5.077057793345009,69.37302977232925,600,134,10.49767826513132,2224,5.1646234676007,134
513,0.0581,-623.0615384615385,2.174166666666667,4.375661375661376,68.005291005291,583,143,8.515643928820664,2224,4.4638447971781305,198
514,0.0578,-788.5,2.598333333333333,5.2,69.04137931034482,574,131,15.19447201844726,2225,5.301724137931035,152
515,0.0574,-771.7923076923076,2.5966666666666667,5.1331058020477816,69.86348122866895,584,131,12.496414186332752,2226,5.233788395904437,22
516,0.0571,-623.4692307692308,2.3291666666666666,4.679310344827586,68.38275862068966,570,138,8.701086887393059,2226,4.777586206896552,85
517,0.0568,-677.9076923076923,2.466666666666667,4.882352941176471,68.83193277310924,604,138,8.73466466209388,2226,4.979831932773109,421
518,0.0565,-680.5923076923077,2.2358333333333333,4.649186256781194,68.97106690777576,551,142,10.978785618546544,2226,4.719710669077758,630
519,0.0562,-671.3692307692307,2.2883333333333336,4.767441860465116,70.41502683363149,566,139,6.972933807138254,2226,4.8765652951699465,620
520,0.0559,-552.6615384615385,2.0225,4.060070671378092,68.23851590106007,580,144,5.2736867436809955,2226,4.173144876325089,755
521,0.0556,-614.1538461538462,2.2275,4.493934142114385,68.27556325823224,572,140,10.375374525238339,2226,4.606585788561525,357
522,0.0553,-704.2153846153847,2.41,5.051971326164875,68.26702508960574,555,144,12.087486705698625,2227,5.139784946236559,349
523,0.0549,-678.1461538461538,2.26,4.822222222222222,70.00740740740741,544,131,10.188804220223892,2228,4.916666666666667,189
524,0.0546,-640.3538461538462,2.3141666666666665,4.936131386861314,66.1094890510949,535,141,8.556067061332783,2228,5.012773722627737,98
525,0.0543,-649.8846153846155,2.4566666666666666,4.723259762308999,64.9660441426146,596,143,11.094599805754354,2231,4.8217317487266556,506
526,0.054,-578.9615384615385,2.155,4.314387211367674,65.6696269982238,564,149,7.462209107001354,2231,4.394316163410302,844
527,0.0537,-604.6692307692308,2.1858333333333335,4.426785714285714,67.43392857142857,558,146,7.284324439037069,2231,4.526785714285714,528
528,0.0534,-586.0153846153846,2.0008333333333335,3.863175675675676,68.33445945945945,599,152,8.623010122460338,2231,3.9510135135135136,861
529,0.0531,-669.9461538461538,2.3866666666666667,4.727427597955707,69.3747870528109,590,140,8.309538637262323,2231,4.836456558773424,675
530,0.0529,-659.8076923076924,2.32,4.7875,67.82678571428572,554,132,8.726882085200396,2231,4.880357142857143,866
531,0.0526,-688.1923076923076,2.52,5.018739352640545,69.74275979557069,591,145,9.775595560793889,2231,5.120954003407155,402
532,0.0523,-598.776923076923,2.2266666666666666,4.502772643253235,68.78558225508318,552,143,10.381975180004009,2231,4.598890942698706,484
533,0.052,-684.3153846153846,2.36,4.570446735395189,68.83505154639175,583,139,11.11970783145093,2231,4.651202749140894,287
534,0.0517,-597.3384615384615,2.1725,4.239864864864865,69.48310810810811,588,140,6.154884986470011,2231,4.320945945945946,519
535,0.0514,-561.2,2.04,4.3837638376383765,67.37084870848709,542,139,8.1701582045459,2231,4.477859778597786,267
536,0.0511,-752.4692307692308,2.6175,5.046153846153846,67.38119658119658,572,133,13.714192643723962,2232,5.128205128205129,256
537,0.0508,-669.223076923077,2.3308333333333335,4.360258481421647,65.94668820678514,615,151,11.461710063716382,2232,4.47172859450727,862
538,0.0506,-556.5846153846153,2.1283333333333334,4.284734133790738,67.52487135506003,575,146,6.188168041775446,2232,4.379073756432247,786
539,0.0503,-585.4307692307692,2.2466666666666666,4.393103448275862,67.70689655172414,577,153,7.027595422699122,2232,4.4879310344827585,710
540,0.05,-593.5769230769231,1.96,3.9353146853146854,66.71853146853147,586,142,9.068188089599985,2232,4.02972027972028,731
541,0.05,-684.2692307692308,2.5641666666666665,5.196491228070175,68.95087719298246,563,147,12.477048019310603,2233,5.2859649122807015,127
542,0.05,-657.6923076923076,2.22,4.649819494584838,70.06317689530685,546,133,10.946390529374966,2234,4.7328519855595665,190
543,0.05,-629.1538461538461,2.1466666666666665,4.621072088724584,68.25693160813309,542,134,9.73442998666021,2236,4.7134935304990755,374
544,0.05,-709.2307692307693,2.2641666666666667,4.936802973977695,68.61152416356877,549,128,11.144213644139509,2236,5.0092936802973975,863
545,0.05,-626.976923076923,2.2783333333333333,4.3604060913705585,66.18274111675127,590,141,6.439218650332054,2236,4.436548223350254,722
546,0.05,-718.3153846153846,2.421666666666667,4.786206896551724,69.96551724137932,585,137,12.11855227425113,2236,4.855172413793103,107
547,0.05,-690.6076923076923,2.3925,4.6,68.60847457627119,594,148,12.765139064272882,2238,4.694915254237288,847
548,0.05,-639.6461538461539,2.2316666666666665,4.978303747534516,69.3076923076923,517,129,10.040950217838935,2238,5.055226824457594,545
549,0.05,-683.5230769230769,2.5191666666666666,4.922818791946309,67.86409395973155,600,142,10.001647712483319,2238,5.023489932885906,145
550,0.05,-590.0538461538462,2.1008333333333336,4.338652482269503,67.74290780141844,546,134,9.132092441073983,2239,4.429078014184397,194
551,0.05,-616.9846153846154,2.2441666666666666,4.528268551236749,67.59717314487632,570,144,6.093950916164716,2239,4.620141342756184,829
552,0.05,-683.0538461538463,2.2875,4.48013816925734,67.22452504317789,582,146,10.199918542495213,2239,4.576856649395509,257
553,0.05,-646.5615384615385,2.2383333333333333,4.72140221402214,69.73062730627306,543,135,7.026579174091972,2239,4.804428044280443,55
554,0.05,-640.9153846153845,2.3558333333333334,4.507438016528925,69.2495867768595,614,148,5.375405370904409,2239,4.606611570247934,293
555,0.05,-621.5384615384614,2.005,4.194545454545454,68.4309090909091,549,138,8.784909188994781,2241,4.289090909090909,737
556,0.05,-609.376923076923,2.06,4.399253731343284,68.0223880597015,538,136,6.382733073201988,2242,4.465549348230913,246
557,0.05,-566.3076923076923,1.9091666666666667,4.296724470134874,71.57418111753371,528,141,9.12759228356594,2242,4.400770712909441,253
558,0.05,-632.876923076923,2.1841666666666666,4.457446808510638,67.94326241134752,577,138,10.935878339659169,2243,4.527433628318584,668
559,0.05,-692.8307692307692,2.305833333333333,4.647469458987784,67.07504363001745,574,140,7.366814600085239,2244,4.720767888307155,624
560,0.05,-632.1692307692307,2.046666666666667,4.169014084507042,67.64964788732394,575,134,7.727705715628121,2244,4.255281690140845,823
561,0.05,-604.2769230769231,2.1275,4.358657243816254,67.81802120141343,572,144,5.0598487803143914,2244,4.438162544169611,775
562,0.05,-668.9846153846154,2.29,4.391231028667791,67.30860033726813,596,144,7.78498732674161,2244,4.48566610455312,816
563,0.05,-723.3692307692309,2.6175,5.467625899280575,69.69064748201438,560,131,9.244444023450072,2245,5.595323741007194,647
564,0.05,-664.3461538461538,2.3225,4.499148211243612,69.92844974446338,588,139,11.002799329530411,2247,4.60374149659864,318
565,0.05,-597.2461538461539,2.1475,4.363478260869565,67.62434782608696,571,144,11.193178515878927,2247,4.450434782608696,661
566,0.05,-729.0692307692307,2.6275,5.278169014084507,69.31866197183099,568,139,10.401782601584188,2247,5.371478873239437,781
567,0.05,-569.5692307692307,1.9983333333333333,4.0462633451957295,65.22597864768683,560,149,7.598095970622573,2247,4.154804270462633,504
568,0.05,-601.9307692307692,2.0033333333333334,4.054446460980036,69.19600725952813,542,142,6.884848587886296,2248,4.1488203266787655,592
569,0.05,-628.0999999999999,2.3341666666666665,4.676975945017182,67.98453608247422,572,143,6.503552410848283,2250,4.759450171821306,104
570,0.05,-689.5384615384615,2.5725,5.103986135181976,70.41247833622184,582,142,8.006227291446463,2250,5.2166377816291165,446
571,0.05,-660.623076923077,2.215,4.611806797853309,69.25581395348837,564,139,8.080632805643685,2252,4.7125,888
572,0.05,-665.946153846154,2.4325,4.540322580645161,68.71612903225807,618,143,10.763418836433091,2252,4.666129032258064,179
573,0.05,-695.6538461538462,2.3608333333333333,5.040366972477064,70.31559633027523,552,132,10.648683137262775,2253,5.135779816513762,39
574,0.05,-588.9615384615385,2.1191666666666666,4.487132352941177,68.99816176470588,550,135,7.939296614045831,2253,4.564338235294118,131
575,0.05,-830.3461538461538,2.925,6.153284671532846,69.7043795620438,553,134,12.649437618055451,2253,6.2299270072992705,732
576,0.05,-664.0153846153846,2.3433333333333333,4.429752066115703,66.74380165289256,605,145,7.797860339849849,2253,4.535537190082644,534
577,0.05,-767.4076923076923,2.589166666666667,5.604868913857678,68.92134831460675,524,130,11.183158837117697,2254,5.696629213483146,812
578,0.05,-717.0076923076922,2.3691666666666666,4.821678321678322,66.9493006993007,581,136,12.39383918177577,2255,4.9125874125874125,406
579,0.05,-656.4769230769231,2.3533333333333335,4.822380106571936,70.04085257548846,573,141,7.858921677077129,2256,4.902309058614565,853
580,0.05,-579.4692307692308,2.0258333333333334,4.317669172932331,67.45488721804512,526,136,6.720565125504724,2256,4.417293233082707,619
581,0.05,-715.2384615384616,2.5766666666666667,5.226713532513181,70.69947275922671,578,136,9.150798982468471,2256,5.328646748681898,121
582,0.05,-673.7538461538462,2.421666666666667,4.798969072164948,68.17697594501718,583,142,9.386948006060756,2256,4.907216494845361,394
583,0.05,-571.5230769230769,2.049166666666667,4.237076648841355,68.68627450980392,565,142,7.418070374629401,2257,4.333333333333333,629
584,0.05,-658.0307692307692,2.390833333333333,4.67572156196944,68.18675721561969,581,140,10.088322273110753,2258,4.764006791171477,662
585,0.05,-789.8615384615384,2.8891666666666667,5.561056105610561,67.77887788778878,598,150,12.753282187172656,2258,5.645214521452146,469
586,0.05,-682.6153846153845,2.4566666666666666,4.785095320623917,69.88214904679376,574,135,11.85909701874702,2258,4.8717504332755635,455
587,0.05,-601.4846153846154,2.1025,4.577861163227017,68.96998123827392,538,148,7.508810473513056,2258,4.652908067542214,273
588,0.05,-762.146153846154,2.595,5.195164075993092,69.49740932642487,577,132,13.718534888978374,2258,5.297063903281519,663
589,0.05,-645.1153846153845,2.4166666666666665,4.693602693602694,67.36026936026936,586,149,8.631662610082152,2259,4.803030303030303,535
590,0.05,-702.176923076923,2.4741666666666666,4.781411359724613,70.42685025817556,574,140,8.954848085485088,2259,4.896729776247849,764
591,0.05,-631.4846153846154,2.1025,4.648543689320388,66.88543689320389,521,134,9.314487129577316,2259,4.720388349514563,495
592,0.05,-680.5538461538462,2.395,4.75929203539823,68.05663716814159,557,135,10.218096519191825,2259,4.867256637168142,460
593,0.05,-700.3538461538461,2.2583333333333333,4.686619718309859,71.17429577464789,577,132,10.26107273472803,2259,4.794014084507042,851
594,0.05,-641.1923076923077,2.2408333333333332,4.9309701492537314,69.92537313432835,534,130,5.939478403530592,2259,4.996268656716418,295
595,0.05,-673.823076923077,2.3408333333333333,4.807622504537205,68.93647912885662,555,136,9.814590642454842,2259,4.927404718693285,130
596,0.05,-710.7615384615385,2.388333333333333,5.173333333333333,68.5847619047619,525,132,12.011393153466264,2261,5.238095238095238,865
597,0.05,-627.0692307692309,2.075833333333333,4.457720588235294,69.04963235294117,547,131,8.26354392893163,2261,4.516544117647059,326
598,0.05,-641.3538461538462,2.1625,4.35650623885918,68.74509803921569,569,130,8.832745538096853,2261,4.431372549019608,748
599,0.05,-705.9923076923077,2.526666666666667,4.914185639229422,67.39929947460595,572,135,10.384661078953124,2261,5.008741258741258,290
600,0.05,-763.8307692307692,2.4433333333333334,4.971631205673759,70.05319148936171,558,146,12.758065305567223,2261,5.0638297872340425,362
601,0.05,-603.4538461538461,2.2483333333333335,4.427101200686106,69.61921097770154,584,144,5.902089201657309,2262,4.519725557461406,21
602,0.05,-628.5538461538462,2.3358333333333334,4.4852459016393444,67.41147540983607,613,147,8.087735408673591,2262,4.586885245901639,282
603,0.05,-754.3,2.5908333333333333,5.091836734693878,69.46768707482993,580,127,7.8643150829032,2263,5.192176870748299,218
604,0.05,-721.5923076923077,2.6358333333333333,5.158347676419965,69.05163511187608,579,141,10.530848961638293,2263,5.256454388984509,565
605,0.05,-604.2692307692307,2.0366666666666666,4.175502742230347,67.6672760511883,553,143,9.419529581214066,2263,4.246800731261426,292
606,0.05,-612.4384615384615,2.0858333333333334,4.492619926199262,68.94649446494465,542,133,8.215552754324184,2263,4.581180811808118,432
607,0.05,-696.0999999999999,2.3558333333333334,4.691126279863481,64.80546075085324,584,139,7.992435222768089,2263,4.7542662116040955,71
608,0.05,-724.1615384615385,2.566666666666667,5.049657534246576,69.03424657534246,598,140,11.875762503122058,2263,5.1284246575342465,819
609,0.05,-571.3923076923077,2.095833333333333,4.387867647058823,66.64522058823529,550,139,7.949087809598433,2263,4.477941176470588,96
610,0.05,-557.4384615384615,2.0575,4.24468085106383,67.93439716312056,573,144,5.730400751701021,2263,4.317375886524823,220
611,0.05,-746.5076923076922,2.6375,5.397504456327986,70.03921568627452,552,136,8.863013736148078,2263,5.508021390374331,450
612,0.05,-663.4769230769232,2.2558333333333334,4.613074204946996,70.773851590106,568,142,9.824023191227434,2263,4.706713780918728,177
613,0.05,-711.4076923076923,2.455,5.127041742286751,70.06533575317604,568,139,9.089259803590414,2263,5.192377495462795,277
614,0.05,-721.0538461538462,2.4883333333333333,5.0,66.51290877796902,583,139,13.180853508731795,2264,5.058519793459553,499
615,0.05,-802.0615384615385,2.5858333333333334,5.3019891500904155,69.23508137432188,553,140,15.187305270065716,2264,5.399638336347197,538
616,0.05,-575.0923076923077,2.0183333333333335,4.307977736549165,66.77736549165121,544,135,6.5358252135914565,2264,4.391465677179963,215
617,0.05,-562.9076923076923,1.9216666666666666,3.859180035650624,68.14795008912655,565,146,8.170373535291226,2264,3.9537366548042705,745
618,0.05,-567.2461538461539,1.9583333333333333,4.280669144981412,67.9721189591078,543,136,7.656817387434066,2264,4.356877323420075,776
619,0.05,-627.3923076923077,2.466666666666667,4.6678023850085175,68.33560477001704,584,147,12.07942473723025,2265,4.760611205432937,222
620,0.05,-597.876923076923,2.165,4.594936708860759,69.96564195298373,557,146,6.211440012036315,2265,4.658227848101266,411
621,0.05,-624.6076923076923,2.1775,4.440071556350627,67.67084078711986,568,140,10.705645929239573,2266,4.509838998211091,199
622,0.05,-654.5538461538462,2.345,4.570698466780239,66.96081771720613,599,136,7.121379521757149,2266,4.6592844974446335,415
623,0.05,-666.4384615384615,2.365,4.693493150684931,67.46232876712328,589,147,10.320368480805477,2266,4.787671232876712,562
624,0.05,-711.7538461538461,2.5541666666666667,4.931740614334471,69.11092150170649,582,135,13.208057053319065,2266,5.027303754266212,825
625,0.05,-615.1923076923076,2.2783333333333333,4.611785095320624,67.79722703639514,571,138,8.63209744336276,2266,4.689774696707106,733
626,0.05,-616.946153846154,2.368333333333333,4.534109816971714,69.30948419301164,607,146,8.779891975747379,2267,4.64559068219634,141
627,0.05,-580.8923076923077,2.0991666666666666,4.260034904013962,67.20593368237347,575,144,6.578787556654206,2267,4.333333333333333,576
628,0.05,-671.9923076923078,2.3925,4.852994555353902,68.43738656987296,565,137,8.789391154129433,2267,4.945553539019964,440
629,0.05,-666.5153846153846,2.3733333333333335,5.265107212475634,69.46783625730994,521,133,6.979622931508024,2268,5.3391812865497075,502
630,0.05,-517.0,1.9208333333333334,4.1537037037037035,69.12222222222222,548,139,5.569235564996989,2268,4.231481481481482,181
631,0.05,-588.9076923076923,2.195,4.2425249169435215,65.89368770764119,596,144,6.973602707511195,2268,4.305647840531561,209
632,0.05,-676.176923076923,2.3491666666666666,4.72041166380789,68.19725557461406,581,144,9.951487071433105,2268,4.79073756432247,704
633,0.05,-718.4923076923078,2.17,4.477351916376307,69.18989547038328,567,139,19.078050280553082,2272,4.56794425087108,245
634,0.05,-621.7923076923078,2.296666666666667,4.571177504393673,67.27416520210896,568,145,8.263207462022347,2272,4.680140597539543,392
635,0.05,-565.2538461538461,1.8708333333333333,3.9329608938547485,69.04469273743017,545,131,6.441551986908528,2272,4.007448789571694,313
636,0.05,-638.0846153846154,2.3558333333333334,4.632027257240204,66.80238500851789,597,142,5.160544645778821,2272,4.741056218057921,869
637,0.05,-579.4692307692308,2.1308333333333334,4.479353680430879,68.38958707360862,559,138,10.281092102340734,2273,4.570915619389587,91
638,0.05,-638.4461538461538,2.2583333333333333,4.455311973018549,65.7504215851602,581,132,9.179714183076038,2274,4.537942664418212,88
639,0.05,-610.9769230769232,2.220833333333333,4.546902654867257,67.86017699115044,575,147,7.08970618533842,2274,4.628318584070796,572
640,0.05,-582.5846153846154,2.1158333333333332,4.213058419243986,66.6786941580756,575,140,8.604254798230663,2275,4.297250859106529,821
641,0.05,-645.1923076923076,2.3808333333333334,4.846422338568935,69.195462478185,580,142,8.875286861302332,2276,4.924956369982548,692
642,0.05,-658.1923076923078,2.390833333333333,4.914285714285715,68.95178571428572,574,146,5.106259065228588,2276,4.991071428571429,486
643,0.05,-632.9153846153847,2.0425,4.115318416523236,68.8657487091222,578,138,8.2590433215458,2276,4.184165232358003,66
644,0.05,-640.0307692307692,2.424166666666667,4.690355329949239,68.93739424703892,593,145,7.7574506709222,2276,4.774957698815567,310
645,0.05,-569.7384615384615,2.174166666666667,4.450909090909091,67.27090909090909,565,145,7.047458227399983,2276,4.549909255898367,409
646,0.05,-658.0076923076923,2.3475,4.548109965635739,70.11168384879726,600,135,10.072746837817563,2276,4.630584192439863,226
647,0.05,-609.5076923076924,2.2066666666666666,4.687956204379562,71.01824817518248,556,133,4.966586225051508,2276,4.759124087591241,461
648,0.05,-617.2461538461538,2.1358333333333333,4.505376344086022,67.61827956989248,557,138,8.665977503164585,2276,4.612903225806452,835
649,0.05,-640.9923076923076,2.055,4.283882783882784,69.9084249084249,563,137,10.587768240764113,2278,4.375457875457876,441
650,0.05,-589.6384615384616,2.0025,4.202226345083488,68.12615955473099,543,131,6.595983134346502,2278,4.270871985157699,248
651,0.05,-740.9230769230769,2.6825,5.218370883882149,68.48006932409012,569,131,10.888234635900188,2278,5.303292894280762,187
652,0.05,-485.9307692307692,1.8141666666666667,3.75,68.425,554,139,5.195771228877583,2278,3.8339285714285714,849
653,0.05,-680.4692307692308,2.405,4.75,69.02622377622377,573,130,9.148812508119276,2278,4.844405594405594,135
654,0.05,-671.4230769230769,2.2741666666666664,4.707272727272727,66.69272727272727,551,143,11.364105293070711,2278,4.792727272727273,117
655,0.05,-536.2230769230769,1.9041666666666666,4.042124542124542,67.63553113553114,536,153,9.934980644344728,2280,4.115384615384615,327
656,0.05,-702.4692307692308,2.444166666666667,4.683250414593698,67.36152570480928,605,137,15.264755489343175,2283,4.786069651741293,353
657,0.05,-626.4538461538461,2.2416666666666667,4.360544217687075,69.25680272108843,584,146,8.34161983264288,2283,4.447278911564626,613
658,0.05,-589.7153846153847,2.1366666666666667,4.4625,67.48035714285714,574,143,8.498150483699229,2283,4.539285714285715,867
659,0.05,-626.4769230769231,2.2091666666666665,4.5150442477876105,66.27256637168142,565,139,9.177097975369916,2283,4.6,723
660,0.05,-700.2153846153846,2.220833333333333,4.625899280575539,68.28597122302158,540,124,12.361164830839511,2283,4.701438848920863,70
661,0.05,-562.376923076923,1.8766666666666667,3.8353982300884955,67.19115044247788,564,151,6.536739586980074,2283,3.9292035398230087,870
662,0.05,-592.7153846153847,1.905,4.029684601113172,67.88682745825604,536,135,11.644252650439931,2285,4.109461966604823,275
663,0.05,-735.2461538461538,2.379166666666667,4.5777777777777775,66.69059829059829,579,135,11.540002302105355,2286,4.6752136752136755,805
664,0.05,-596.6615384615385,2.1591666666666667,4.425760286225403,68.16279069767442,563,142,8.1724680272704,2287,4.518783542039356,384
665,0.05,-660.5307692307692,2.0091666666666668,4.396190476190476,67.70285714285714,533,133,8.173071071844575,2287,4.474285714285714,19
666,0.05,-618.5769230769231,2.234166666666667,4.387755102040816,66.93707482993197,597,145,6.578109816011343,2287,4.474489795918367,419
667,0.05,-587.0846153846154,2.0766666666666667,4.409594095940959,66.75276752767527,543,138,7.641098511749968,2287,4.472324723247232,383
668,0.05,-584.5615384615385,2.1533333333333333,4.624772313296903,66.9872495446266,553,141,8.039671212786402,2287,4.693989071038251,604
669,0.05,-671.2461538461538,2.3525,4.795774647887324,67.80457746478874,556,136,7.714674792693154,2287,4.871478873239437,838
670,0.05,-604.3846153846154,2.24,4.639928698752228,69.3065953654189,550,141,9.496880305743687,2287,4.737967914438503,759
671,0.05,-635.0769230769231,2.4191666666666665,4.757679180887372,69.13993174061433,599,142,7.7073863095620085,2288,4.849829351535837,800
672,0.05,-583.323076923077,2.0375,4.33394495412844,67.71192660550459,535,139,6.183525076111065,2289,4.4036697247706424,610
673,0.05,-667.8,2.3966666666666665,4.92226148409894,68.96996466431095,571,135,5.268842788277544,2289,5.019434628975265,770
674,0.05,-637.446153846154,2.3016666666666667,4.668430335097002,68.98412698412699,573,131,10.829717067683859,2289,4.767195767195767,381
675,0.05,-634.9076923076923,2.2133333333333334,4.612903225806452,67.40860215053763,561,137,7.425034054442901,2289,4.689964157706093,846
676,0.05,-617.5307692307692,2.216666666666667,4.271157167530225,66.82556131260795,591,148,6.955105407766218,2289,4.343696027633851,385
677,0.05,-731.4000000000001,2.5116666666666667,5.089788732394366,69.59330985915493,577,138,7.2398534241182,2291,5.184859154929577,666
678,0.05,-550.6153846153848,2.035833333333333,3.8494077834179357,66.43485617597293,591,145,4.962693369233621,2291,3.9390862944162435,742
679,0.05,-588.2846153846153,1.965,4.066427289048474,65.52603231597845,561,137,10.391826684812424,2293,4.157989228007182,678
680,0.05,-578.5923076923077,2.118333333333333,4.424187725631769,68.51263537906136,557,136,8.720476477080323,2293,4.498194945848375,322
681,0.05,-696.5461538461539,2.375,4.752631578947368,69.43333333333334,574,139,10.279484043412966,2294,4.849122807017544,175
682,0.05,-565.2384615384616,2.06,4.388888888888889,67.14074074074074,530,141,6.983496158884858,2294,4.470370370370371,815
683,0.05,-632.3307692307692,2.1108333333333333,4.364791288566243,66.81669691470054,567,134,7.912435220325604,2294,4.439201451905626,363
684,0.05,-514.376923076923,1.8541666666666667,3.7696428571428573,67.13571428571429,548,142,8.004550357069185,2294,3.851785714285714,38
685,0.05,-642.6461538461539,2.1625,4.389948006932409,67.41767764298093,577,135,8.733554125147194,2295,4.488734835355286,720
686,0.05,-441.8,1.7316666666666667,3.4702702702702704,66.68648648648649,562,153,5.784766826296917,2295,3.5603603603603604,480
687,0.05,-547.1307692307691,2.0308333333333333,4.217550274223035,68.50639853747715,559,144,8.865223507442767,2295,4.312614259597806,395
688,0.05,-666.6692307692308,2.1416666666666666,4.068376068376068,65.21709401709401,596,147,7.596082672322891,2295,4.170940170940171,774
689,0.05,-621.4692307692308,2.1633333333333336,4.342105263157895,67.5859649122807,585,146,10.875538466324699,2297,4.421052631578948,810
690,0.05,-562.0307692307692,1.9216666666666666,3.8729582577132486,66.21052631578948,553,131,6.257051646558134,2297,3.969147005444646,247
691,0.05,-601.8615384615384,2.1325,4.476449275362318,69.09601449275362,559,145,7.359233196481087,2297,4.583333333333333,123
692,0.05,-631.8153846153846,2.194166666666667,4.75797373358349,68.77861163227017,536,131,5.821122676316575,2297,4.846153846153846,97
693,0.05,-555.123076923077,2.0991666666666666,4.2333901192504255,66.40715502555366,583,140,8.004146644691724,2297,4.354344122657581,573
694,0.05,-695.5307692307692,2.1683333333333334,4.166666666666667,66.80902777777777,582,143,8.359934023749739,2297,4.262152777777778,739
695,0.05,-630.8846153846155,2.245,4.455958549222798,68.45941278065631,574,139,6.599794791955354,2297,4.5595854922279795,817
696,0.05,-575.6923076923076,2.08,4.46,67.69454545454545,547,141,6.3556387219776,2297,4.547272727272727,35
697,0.05,-655.4769230769231,2.4,4.778947368421052,68.3,572,138,5.977765975277677,2297,4.88421052631579,341
698,0.05,-715.8384615384615,2.4916666666666667,5.008756567425569,69.17513134851139,574,133,10.35512051719058,2297,5.08231173380035,396
699,0.05,-630.1538461538461,2.3008333333333333,4.394295302013423,67.66610738255034,593,137,8.93406551597784,2298,4.4865771812080535,128
700,0.05,-595.6461538461539,2.1275,4.491862567811935,69.73960216998192,556,137,7.8076678064388165,2298,4.605786618444847,445
701,0.05,-630.4461538461538,2.1358333333333333,4.47927927927928,68.95855855855856,552,133,8.360700192838484,2298,4.54954954954955,36
702,0.05,-673.4538461538461,2.4141666666666666,4.628774422735346,68.91474245115452,562,140,8.069343073760924,2298,4.7304964539007095,655
703,0.05,-604.6538461538462,2.2416666666666667,4.467013888888889,68.08333333333333,579,142,8.984970227412964,2299,4.527777777777778,797
704,0.05,-600.9230769230769,2.0425,4.190893169877408,67.21190893169877,568,146,5.126048645825765,2299,4.313485113835377,878
705,0.05,-710.5384615384615,2.4691666666666667,5.001748251748252,68.59615384615384,567,132,6.975697678767409,2300,5.103146853146853,684
706,0.05,-560.9538461538461,1.9741666666666666,4.026269702276707,67.47985989492119,565,140,8.36910779256767,2300,4.138353765323993,202
707,0.05,-546.6461538461538,1.9283333333333332,4.142322097378277,70.00374531835206,522,141,8.097647957910024,2301,4.226591760299626,785
708,0.05,-649.1846153846154,2.4233333333333333,4.778359511343805,68.97033158813264,571,140,7.8049900980250015,2301,4.872600349040139,93
709,0.05,-647.4230769230769,2.3033333333333332,4.807079646017699,67.66902654867256,572,138,9.516631494011667,2301,4.886725663716814,99
710,0.05,-599.3,2.0966666666666667,4.259786476868327,69.45195729537366,574,138,8.354643998901572,2301,4.346975088967971,0
711,0.05,-545.7692307692308,1.9666666666666666,4.135185185185185,67.17777777777778,550,137,5.992708764499467,2301,4.222222222222222,243
712,0.05,-651.823076923077,2.1733333333333333,4.394097222222222,68.65625,571,142,10.62433521784603,2301,4.472222222222222,549
713,0.05,-623.3692307692309,2.3633333333333333,4.852313167259786,69.57295373665481,567,140,10.311446187433408,2301,4.960854092526691,25
714,0.05,-609.6846153846153,1.9841666666666666,4.22634508348794,67.55844155844156,539,134,7.402019586078266,2301,4.3228200371057515,438
715,0.05,-628.1,2.2408333333333332,4.3931623931623935,66.07692307692308,593,148,6.68051306287733,2301,4.456410256410257,114
716,0.05,-674.1692307692307,2.4475,5.130357142857143,66.59107142857142,566,140,10.42660409302985,2302,5.242857142857143,473
717,0.05,-525.4769230769231,1.9933333333333334,4.267034990791897,67.39410681399632,543,147,7.975907886515514,2302,4.357274401473297,857
718,0.05,-667.3615384615384,2.470833333333333,4.993031358885017,68.96515679442508,571,134,10.280928331839247,2302,5.097560975609756,627
719,0.05,-512.0230769230769,1.8716666666666666,3.9944029850746268,69.94962686567165,536,143,3.2250704721442793,2303,4.085820895522388,864
720,0.05,-679.0846153846154,2.45,4.691419141914191,66.65511551155116,611,149,11.552310336057007,2303,4.8003300330033,571
721,0.05,-627.2461538461539,2.4316666666666666,4.861830742659758,69.33160621761658,578,148,5.522036590949232,2303,4.956822107081175,274
722,0.05,-683.3615384615384,2.3466666666666667,4.8604651162790695,66.96064400715564,563,144,9.128978851468924,2304,4.982110912343471,831
723,0.05,-612.3307692307693,2.15,4.151304347826087,67.22434782608696,565,140,10.410460575809333,2304,4.24695652173913,476
724,0.05,-696.0384615384615,2.5166666666666666,5.306715063520871,70.16333938294011,544,138,7.450645511127383,2305,5.388384754990925,673
725,0.05,-878.2230769230769,2.7733333333333334,5.599303135888502,68.2560975609756,559,136,18.863515859017458,2308,5.684668989547038,765
726,0.05,-608.0692307692308,2.1008333333333336,4.079931972789115,68.76530612244898,575,135,8.824559163797261,2310,4.151360544217687,691
727,0.05,-735.3384615384615,2.3525,5.0055350553505535,68.72324723247233,545,122,11.305407824381675,2311,5.099630996309963,741
728,0.05,-592.7692307692307,2.0208333333333335,4.320825515947467,66.56660412757974,535,147,7.079271215778585,2311,4.4202626641651035,517
729,0.05,-691.7692307692307,2.4175,4.747440273037543,65.47440273037543,586,141,8.279801328314262,2311,4.8583617747440275,644
730,0.05,-677.1846153846154,2.3783333333333334,4.61578947368421,67.47894736842105,582,144,8.010691879391397,2311,4.685964912280702,698
731,0.05,-615.9615384615385,2.3275,4.679785330948121,68.47406082289804,563,138,6.148457907763064,2312,4.7656529516994635,738
732,0.05,-539.7615384615385,1.9033333333333333,3.8943661971830985,66.35035211267606,572,142,7.190304552695997,2312,3.9806338028169015,356
733,0.05,-623.176923076923,2.098333333333333,4.513914656771799,68.08534322820037,528,131,8.727733022862584,2313,4.599257884972171,594
734,0.05,-628.2769230769231,2.2683333333333335,4.435726210350584,67.0534223706177,604,143,8.977240014599513,2313,4.544240400667779,404
735,0.05,-796.6615384615386,2.9908333333333332,5.402243589743589,70.02083333333333,617,147,14.493998021090707,2314,5.514423076923077,475
736,0.05,-606.0230769230769,1.985,3.8477157360406093,67.53468697123519,594,138,5.88260495149627,2314,3.930626057529611,601
737,0.05,-525.9076923076923,2.0858333333333334,4.160278745644599,67.5,580,146,3.5911136784461464,2314,4.2491289198606275,671
738,0.05,-678.5153846153846,2.4258333333333333,4.740103270223752,69.7538726333907,578,133,11.929518862923953,2314,4.8502581755593805,116
739,0.05,-645.7538461538461,2.401666666666667,4.742759795570699,69.45826235093696,581,142,6.681185716444624,2314,4.838160136286201,686
740,0.05,-595.0846153846153,2.0441666666666665,4.323049001814882,68.55353901996371,561,141,6.100266027400296,2314,4.421052631578948,458
741,0.05,-632.3230769230769,2.0733333333333333,4.44177449168207,69.17005545286507,548,138,8.562132436456151,2314,4.524953789279113,579
742,0.05,-710.3230769230769,2.3933333333333335,4.885615251299827,69.47140381282496,555,131,9.51403867572234,2315,4.975736568457539,241
743,0.05,-598.0615384615385,2.151666666666667,4.300854700854701,69.56923076923077,581,151,5.720199431264323,2315,4.381196581196582,236
744,0.05,-572.4307692307691,2.095833333333333,4.375444839857651,68.89857651245552,564,153,9.498066901158783,2316,4.450177935943061,74
745,0.05,-610.1923076923077,2.0533333333333332,4.210619469026549,65.39469026548673,571,141,9.330372555015689,2317,4.307964601769911,625
746,0.05,-583.9692307692308,2.0883333333333334,4.300180831826402,67.99095840867993,542,144,5.0163866896100275,2320,4.38878842676311,463
747,0.05,-592.1615384615384,2.045,4.074137931034483,69.2551724137931,578,146,7.30840313859854,2320,4.162068965517242,468
748,0.05,-570.8461538461539,2.1441666666666666,4.454545454545454,69.34224598930481,567,145,6.66374451277857,2320,4.545454545454546,139
749,0.05,-588.7846153846154,2.171666666666667,4.511627906976744,66.46511627906976,561,144,10.159101548526909,2321,4.597495527728086,459
750,0.05,-564.8000000000001,1.8908333333333334,4.0697247706422015,68.97798165137614,536,140,8.694448873507012,2321,4.146788990825688,442
751,0.05,-568.6461538461538,2.0225,4.197841726618705,68.53776978417267,553,140,5.3821738822266765,2321,4.2859712230215825,833
752,0.05,-563.9923076923077,2.045,4.275179856115108,65.5431654676259,557,141,4.768148352552633,2322,4.357913669064748,593
753,0.05,-631.6153846153845,2.3041666666666667,4.238095238095238,67.16748768472907,604,151,5.744913317150588,2322,4.3267651888341545,136
754,0.05,-506.72307692307686,1.905,3.7157894736842105,66.54736842105264,568,147,6.471003277199432,2322,3.812280701754386,773
755,0.05,-641.9923076923077,2.3466666666666667,4.817531305903399,70.16279069767442,559,134,4.826109444907513,2323,4.898032200357782,122
756,0.05,-553.2461538461539,2.0791666666666666,4.177700348432055,66.602787456446,565,144,7.6107717008707985,2323,4.2822299651567945,278
757,0.05,-545.7923076923078,1.9941666666666666,3.85337726523888,64.78583196046128,596,161,7.45714634365201,2323,3.927512355848435,115
758,0.05,-689.5538461538462,2.3675,4.406666666666666,69.57166666666667,596,137,7.601602044953125,2325,4.496666666666667,95
759,0.05,-580.8076923076924,2.2533333333333334,4.533219761499148,69.34923339011925,585,144,8.115030416875774,2325,4.645655877342419,437
760,0.05,-585.4384615384615,1.9558333333333333,3.8854700854700854,66.86495726495727,589,159,7.170006138675337,2327,3.98974358974359,41
761,0.05,-678.9076923076923,2.375,4.925992779783393,68.2725631768953,552,144,8.575379434807974,2329,5.016245487364621,48
762,0.05,-583.0,1.9358333333333333,4.024253731343284,66.87873134328358,544,156,6.8919611635828675,2329,4.0914179104477615,163
763,0.05,-572.2846153846153,2.0683333333333334,4.4063079777365495,69.01855287569573,544,150,9.04448968513077,2329,4.471243042671614,138
764,0.05,-570.9461538461538,2.1691666666666665,4.1891891891891895,66.1554054054054,596,153,7.58320177120083,2330,4.275337837837838,454
765,0.05,-679.3307692307692,2.3266666666666667,4.745132743362832,68.86902654867257,565,144,8.32773376662582,2332,4.8212389380530976,581
766,0.05,-541.6384615384616,1.8775,3.818827708703375,68.14564831261102,568,153,5.127215357407773,2334,3.911190053285968,9
767,0.05,-534.2230769230769,2.0008333333333335,4.257352941176471,66.37132352941177,545,145,5.781511331765996,2334,4.338235294117647,57
768,0.05,-608.7846153846154,2.275,4.7992633517495396,69.06629834254143,547,153,11.031029386104342,2334,4.883977900552487,205
769,0.05,-659.2538461538461,1.9775,4.227777777777778,67.65925925925926,556,140,6.74778466014275,2334,4.296296296296297,713
770,0.05,-655.7846153846153,2.4141666666666666,4.463793103448276,68.97068965517241,575,137,9.579982188364943,2336,4.544827586206897,56
771,0.05,-536.2538461538462,1.975,4.332703213610586,68.73534971644612,539,145,5.5479822010290025,2336,4.429111531190927,302
772,0.05,-642.1384615384615,2.319166666666667,4.6878306878306875,68.63139329805996,578,144,7.985368353494957,2336,4.776014109347443,307
773,0.05,-520.3538461538462,2.035833333333333,4.374538745387454,66.03690036900369,545,151,6.3570111455698,2337,4.437269372693727,297
774,0.05,-597.3307692307692,2.1283333333333334,4.284965034965035,68.36713286713287,571,145,6.737079599895494,2337,4.375874125874126,140
775,0.05,-600.3076923076924,2.2183333333333333,4.480633802816901,68.14260563380282,578,150,5.249011182514249,2338,4.558098591549296,795
776,0.05,-545.0846153846154,2.07,4.210992907801418,67.40425531914893,566,152,7.7033929678147555,2338,4.308510638297872,521
777,0.05,-594.7692307692307,2.3516666666666666,4.408333333333333,66.86833333333334,600,147,6.922330646534275,2338,4.5216666666666665,17
778,0.05,-449.9846153846154,1.7533333333333334,3.6256781193490055,66.18625678119349,543,154,5.731501569609745,2339,3.7179023508137434,494
779,0.05,-532.5076923076924,1.945,4.107272727272727,66.71272727272728,537,150,5.4454976902278736,2339,4.158181818181818,31
780,0.05,-538.6846153846154,2.0766666666666667,4.211805555555555,67.29513888888889,565,148,4.893835003970603,2339,4.300347222222222,147
781,0.05,-473.76153846153846,1.76,3.8541666666666665,69.01325757575758,528,142,6.332458763948807,2339,3.960227272727273,680
782,0.05,-495.0692307692308,1.905,3.980108499095841,65.08679927667269,551,146,4.863821213370644,2339,4.061371841155235,30
783,0.05,-637.6076923076922,2.32,4.8545454545454545,70.71818181818182,552,135,7.365523735724363,2339,4.958181818181818,567
784,0.05,-509.5461538461538,2.08,4.250437828371278,66.14360770577933,549,159,6.117638356549258,2339,4.3467600700525395,470
785,0.05,-627.0153846153846,2.165,4.369791666666667,70.56597222222223,572,147,4.968917477901363,2339,4.473958333333333,514
786,0.05,-695.9692307692308,2.595833333333333,5.1663778162911616,68.69324090121317,591,150,10.398084726504184,2339,5.253032928942807,101
787,0.05,-572.9923076923077,1.99,4.297247706422018,69.03669724770643,543,148,7.685321131057588,2339,4.379816513761468,331
788,0.05,-549.376923076923,2.0616666666666665,4.354014598540146,67.17883211678833,542,141,5.886073106342874,2339,4.452554744525547,15
789,0.05,-637.5076923076923,2.2291666666666665,4.503460207612457,69.9757785467128,569,142,5.617986827270769,2340,4.595155709342561,456
790,0.05,-522.0230769230768,1.735,3.5096660808435853,65.48154657293497,575,149,6.346433942465447,2340,3.5834797891036905,652
791,0.05,-605.8923076923077,2.28,4.434121621621622,68.23817567567568,588,149,6.843429772411476,2340,4.545608108108108,159
792,0.05,-673.9307692307692,2.2891666666666666,4.784420289855072,68.7572463768116,550,140,9.352236723102386,2340,4.8731884057971016,191
793,0.05,-615.5846153846154,2.265,4.545768566493955,68.94473229706391,581,142,7.938251909064823,2342,4.625215889464594,110
794,0.05,-717.4461538461538,2.5225,5.0120898100172715,69.3385146804836,582,134,8.961795651974196,2343,5.108808290155441,507
795,0.05,-539.5769230769231,2.1125,4.41726618705036,65.98021582733813,543,146,6.017822879660067,2344,4.516187050359712,178
796,0.05,-517.2769230769231,1.9225,4.0900735294117645,67.88970588235294,543,143,5.065171695896485,2344,4.167279411764706,707
797,0.05,-558.6538461538462,1.8916666666666666,3.873857404021938,68.02742230347349,553,143,8.009671498398745,2344,3.9451553930530165,580
798,0.05,-536.9846153846154,2.01,4.076124567474048,67.71107266435986,572,147,6.226502160936603,2345,4.147058823529412,709
799,0.05,-534.7846153846153,1.9466666666666668,3.765112262521589,68.14335060449051,592,151,5.5873633781566285,2345,3.861830742659758,254
800,0.05,-567.0846153846154,2.1375,4.3427065026362035,68.18629173989456,568,146,8.137938885580187,2345,4.437609841827768,515
801,0.05,-554.0307692307692,2.0625,4.145833333333333,67.44097222222223,587,146,4.356968077474639,2345,4.253472222222222,405
802,0.05,-539.2923076923078,2.0341666666666667,4.1211072664359865,66.33564013840831,569,144,4.062639547617024,2346,4.219723183391004,771
803,0.05,-522.3076923076923,2.0725,4.2745098039215685,67.02852049910874,566,150,6.625790319881525,2346,4.3458110516934045,578
804,0.05,-743.8461538461538,2.4125,5.051470588235294,71.0716911764706,554,119,12.230097336184615,2347,5.178308823529412,767
805,0.05,-624.4615384615385,2.3933333333333335,4.994604316546763,71.31294964028777,565,140,6.594311012747491,2347,5.070143884892087,591
806,0.05,-563.2846153846154,1.9775,4.199261992619927,67.14760147601476,541,143,8.805337638960836,2347,4.289667896678967,751
807,0.05,-596.9615384615385,2.0425,3.9582608695652173,69.05043478260869,580,148,6.1175943615514266,2347,4.057391304347826,703
808,0.05,-641.0384615384614,2.4433333333333334,4.867724867724868,68.91887125220458,573,151,8.134338965659738,2347,4.977072310405644,840
809,0.05,-606.8384615384616,2.120833333333333,4.265164644714038,68.27729636048527,568,139,7.075242006159661,2348,4.353552859618717,768
810,0.05,-560.5615384615385,2.004166666666667,3.924693520140105,65.80385288966725,576,145,5.943617274544375,2348,4.008756567425569,315
811,0.05,-611.4923076923077,2.1858333333333335,4.47227191413238,68.73703041144901,563,133,7.458769765330828,2348,4.561717352415027,430
812,0.05,-622.8846153846154,2.165,4.470796460176991,68.11681415929203,552,137,6.796551910399838,2348,4.552212389380531,852
813,0.05,-578.8153846153846,2.0391666666666666,3.9570247933884297,70.03801652892562,588,134,6.160097925240791,2349,4.054545454545455,78
814,0.05,-651.9230769230769,2.525,4.627831715210356,69.48705501618123,619,137,5.707313841164752,2349,4.73462783171521,836
815,0.05,-551.5692307692309,1.8716666666666666,3.685763888888889,66.12152777777777,576,149,6.719659354340348,2349,3.765625,422
816,0.05,-569.3307692307692,2.0975,4.309859154929577,68.65140845070422,558,145,7.586833698035404,2350,4.389084507042254,687
817,0.05,-543.0692307692308,2.0175,4.094982078853047,66.85483870967742,559,137,4.546510506186893,2350,4.193548387096774,203
818,0.05,-583.7461538461538,2.095,4.404135338345864,68.87593984962406,539,137,7.665326781922816,2350,4.5206766917293235,876
819,0.05,-522.0692307692308,1.8208333333333333,3.9017013232514177,69.31001890359168,526,140,4.523994467974962,2350,3.98109640831758,90
820,0.05,-599.5769230769231,2.27,4.424870466321243,67.89291882556131,590,141,7.059470635995175,2350,4.530224525043178,754
821,0.05,-555.5076923076923,2.118333333333333,4.338768115942029,68.91123188405797,550,137,5.935086812854476,2350,4.409420289855072,556
822,0.05,-699.4923076923077,2.3091666666666666,4.74113475177305,69.18262411347517,571,133,8.042025286940387,2353,4.824468085106383,154
823,0.05,-609.4538461538463,2.2825,4.497427101200686,65.21612349914237,578,149,6.599264485255345,2354,4.566037735849057,358
824,0.05,-571.7384615384616,2.09,4.461824953445065,67.65176908752328,526,143,4.569055511672772,2354,4.545623836126629,516
825,0.05,-578.6923076923076,2.0591666666666666,4.223985890652557,67.93827160493827,560,142,4.591855718819182,2354,4.327464788732394,47
826,0.05,-595.6769230769231,2.0991666666666666,4.573333333333333,68.36380952380952,531,133,7.483856507378589,2355,4.647619047619048,487
827,0.05,-505.76153846153846,1.9666666666666666,3.9839857651245554,67.01067615658363,564,149,7.239361544512713,2356,4.087188612099644,285
828,0.05,-576.3615384615384,2.1041666666666665,4.339857651245552,68.54270462633453,568,140,8.001267295496646,2356,4.414590747330961,195
829,0.05,-599.3999999999999,2.174166666666667,4.436720142602495,67.0909090909091,555,139,6.437478053277898,2356,4.50711743772242,637
830,0.05,-613.023076923077,2.3425,4.625641025641026,69.8974358974359,587,145,3.5193827258583164,2356,4.733333333333333,305
831,0.05,-533.6538461538462,1.9708333333333334,3.8717504332755635,67.0,570,148,6.145021472146636,2356,3.954939341421144,889
832,0.05,-654.7846153846153,2.3841666666666668,4.799301919720768,69.49389179755671,582,144,9.509825345145785,2356,4.890052356020942,761
833,0.05,-645.0999999999999,2.4008333333333334,4.678694158075602,68.78006872852234,577,138,8.603869322435253,2356,4.761168384879725,607
834,0.05,-562.0615384615385,2.091666666666667,4.179001721170396,67.53872633390705,579,138,6.057022363333803,2356,4.278829604130809,10
835,0.05,-619.9153846153846,2.24,4.387543252595155,65.56055363321799,565,143,10.93213646867312,2358,4.4809688581314875,898
836,0.05,-606.9384615384615,2.3133333333333335,4.438775510204081,67.42687074829932,597,152,5.155899923671417,2358,4.514431239388794,157
837,0.05,-529.2076923076924,1.8683333333333334,3.8333333333333335,64.62056737588652,558,149,6.18111002398968,2358,3.9095744680851063,725
838,0.05,-628.6384615384616,2.1708333333333334,4.6685499058380415,69.40112994350282,521,133,11.780804219459382,2358,4.743879472693032,858
839,0.05,-646.7538461538462,2.3141666666666665,4.642735042735043,70.15042735042735,575,136,13.541441080234359,2358,4.733333333333333,550
840,0.05,-557.5384615384615,2.12,4.175084175084175,67.07912457912458,594,148,6.121218303168174,2358,4.276094276094276,873
841,0.05,-607.7307692307693,2.1108333333333333,4.270650263620387,70.04745166959579,579,140,7.072245777484656,2358,4.365553602811951,696
842,0.05,-636.8,2.2525,4.289950576606261,69.7331136738056,618,140,6.712974270126251,2358,4.375617792421746,76
843,0.05,-653.5,2.395,4.864674868189807,67.75746924428823,564,143,10.11153156043169,2358,4.963093145869947,311
844,0.05,-621.6384615384616,2.2491666666666665,4.8,70.58703703703704,547,142,9.532056512126571,2358,4.864814814814815,350
845,0.05,-625.9153846153846,2.21,4.650994575045208,68.31826401446655,544,135,7.542805300015148,2359,4.775768535262206,417
846,0.05,-600.4769230769231,2.1033333333333335,4.430879712746858,68.31418312387791,550,141,9.689715800559817,2362,4.51705565529623,807
847,0.05,-660.5846153846153,2.4316666666666666,4.779831932773109,69.25714285714285,587,150,8.239968588443022,2362,4.894117647058824,855
848,0.05,-576.7307692307693,2.089166666666667,4.046875,68.72743055555556,577,143,7.7669371728089605,2362,4.126736111111111,639
849,0.05,-529.4846153846154,1.9483333333333333,4.148014440433213,66.4115523465704,540,146,5.57299651814443,2362,4.223826714801444,390
850,0.05,-494.7307692307693,1.7758333333333334,3.6231884057971016,65.33514492753623,548,145,8.359441171029975,2362,3.713768115942029,820
851,0.05,-511.1230769230769,1.9316666666666666,3.8096054888507718,66.84562607204117,581,149,4.921841869069144,2362,3.869639794168096,371
852,0.05,-604.2769230769231,2.095833333333333,4.7604790419161676,70.03992015968063,517,137,8.315180936674034,2363,4.850299401197605,14
853,0.05,-575.1615384615385,2.0616666666666665,4.199294532627866,68.96649029982363,550,136,4.341215995504261,2363,4.291005291005291,743
854,0.05,-514.7384615384615,1.9525,3.866779089376054,66.035413153457,586,152,4.974546345627721,2363,3.957841483979764,265
855,0.05,-592.1461538461539,2.2641666666666667,4.68450184501845,68.69557195571956,555,145,4.556530069860306,2363,4.765682656826568,541
856,0.05,-550.0,2.0425,4.120071684587813,68.52688172043011,561,140,7.629024185154417,2364,4.198924731182796,317
857,0.05,-584.5923076923077,1.9208333333333334,4.166666666666667,67.63636363636364,547,150,5.644948322974193,2364,4.236742424242424,359
858,0.05,-531.4692307692308,1.9675,4.026455026455026,66.26455026455027,571,148,4.026336424907697,2364,4.118165784832452,762
859,0.05,-682.9692307692308,2.5058333333333334,4.847222222222222,68.41666666666667,582,146,7.256172412899184,2364,4.958333333333333,884
860,0.05,-546.9923076923077,2.1066666666666665,4.460837887067395,67.62841530054645,557,144,4.985889670338951,2364,4.555555555555555,453
861,0.05,-580.9000000000001,2.1791666666666667,4.447227191413238,68.76207513416816,559,149,4.284694335657621,2364,4.5080500894454385,621
862,0.05,-552.8692307692307,2.0441666666666665,4.127886323268206,70.51687388987567,585,142,4.9329895928271785,2365,4.2287234042553195,332
863,0.05,-562.8307692307692,2.1883333333333335,4.324652777777778,69.27604166666667,563,148,6.032672229210976,2365,4.420138888888889,697
864,0.05,-534.1923076923077,1.8833333333333333,4.0697247706422015,68.26788990825688,554,140,7.29435190867955,2365,4.148623853211009,705
865,0.05,-637.4692307692308,2.325,4.682456140350877,67.87368421052632,577,142,4.180749488507392,2365,4.768421052631579,827
866,0.05,-594.5153846153846,2.3525,4.595600676818951,67.16920473773266,593,158,7.669991827983292,2365,4.676818950930626,269
867,0.05,-570.8538461538462,1.985,3.8028933092224233,65.500904159132,551,147,10.026342729917914,2365,3.904159132007233,552
868,0.05,-587.0846153846153,2.2533333333333334,4.909090909090909,70.92292490118577,514,142,8.63590212801262,2365,5.011857707509882,149
869,0.05,-560.1538461538462,2.1558333333333333,4.526802218114603,68.43068391866913,542,145,5.272839349295295,2365,4.608133086876156,148
870,0.05,-633.4,2.0258333333333334,3.8449744463373086,66.38160136286201,587,142,5.287413344181965,2365,3.9403747870528107,344
871,0.05,-528.123076923077,1.9075,3.907142857142857,67.71607142857142,572,144,5.0295076643813434,2366,4.0125,79
872,0.05,-652.1923076923077,2.385,4.623693379790941,68.88675958188153,584,131,7.4827381714345265,2366,4.7125435540069684,672
873,0.05,-584.1153846153846,2.175,4.413854351687389,67.99289520426288,570,141,4.30137553555967,2366,4.476021314387212,585
874,0.05,-523.9307692307693,1.93,3.791304347826087,67.05391304347826,590,147,9.220405794347657,2366,3.9008695652173913,270
875,0.05,-577.6692307692308,2.1133333333333333,4.272407732864675,69.62214411247803,566,144,3.902584229909116,2366,4.3796133567662565,330
876,0.05,-603.3307692307692,2.17,3.957345971563981,68.74407582938389,634,146,7.1132562890462685,2366,4.037914691943128,609
877,0.05,-542.4769230769231,2.0675,4.323741007194244,67.88309352517986,559,147,6.873739836557218,2367,4.411870503597123,303
878,0.05,-581.9538461538461,2.1466666666666665,4.29553264604811,68.78865979381443,583,141,2.8110456903675343,2367,4.3728522336769755,848
879,0.05,-618.1615384615384,2.41,4.932384341637011,66.51601423487544,559,147,10.621833112194727,2368,5.01423487544484,272
880,0.05,-591.8076923076923,2.0925,4.259130434782609,68.68,573,140,8.761043888283474,2368,4.3478260869565215,424
881,0.05,-509.11538461538464,2.07,4.289007092198582,66.87765957446808,562,156,3.886106381685721,2368,4.3936170212765955,669
882,0.05,-547.3538461538462,2.0808333333333335,4.033955857385399,66.15619694397283,587,145,7.901154996357036,2368,4.120543293718167,8
883,0.05,-543.623076923077,2.0341666666666667,4.323863636363637,67.07575757575758,532,147,6.12813630127714,2368,4.400756143667297,255
884,0.05,-563.7307692307693,2.07,4.112456747404845,67.8287197231834,574,148,3.9649715013468247,2368,4.179930795847751,818
885,0.05,-562.9307692307692,2.0225,4.101604278074866,67.70409982174688,562,145,5.445033866102942,2369,4.183600713012478,582
886,0.05,-575.3384615384616,2.0083333333333333,4.317164179104478,66.85634328358209,542,138,8.366231361206717,2369,4.3861940298507465,289
887,0.05,-549.8846153846154,2.0316666666666667,4.288104089219331,67.8996282527881,551,145,4.359592178772283,2369,4.392193308550186,794
888,0.05,-584.5615384615385,2.3333333333333335,4.533670033670034,67.493265993266,593,152,7.108255519325423,2369,4.621212121212121,482
889,0.05,-630.9230769230769,2.385,4.727115716753023,67.62003454231433,582,139,8.335818221569872,2370,4.839378238341969,59
890,0.05,-601.0692307692308,2.1325,4.274021352313167,66.06227758007117,553,139,6.996815828543623,2370,4.357651245551601,263
891,0.05,-690.2692307692308,2.0908333333333333,4.115044247787611,67.00176991150443,549,144,8.278545491900609,2370,4.219469026548673,144
892,0.05,-579.9846153846154,2.1233333333333335,4.307971014492754,66.7590579710145,570,151,7.182162655157284,2370,4.380434782608695,782
893,0.05,-698.0461538461539,2.3358333333333334,4.520477815699659,69.67235494880546,590,145,7.4935047722415815,2370,4.59556313993174,569
894,0.05,-626.0923076923077,2.3016666666666667,4.728085867620751,69.13416815742397,563,140,8.22421757081481,2371,4.819320214669052,804
895,0.05,-602.6692307692307,2.2733333333333334,4.4312714776632305,67.28006872852234,583,148,7.44015579402391,2372,4.5034364261168385,711
896,0.05,-559.3307692307692,1.8816666666666666,3.915921288014311,65.74060822898032,537,144,4.9858055835221595,2372,4.007155635062611,54
897,0.05,-611.3615384615384,2.295,4.377076411960133,68.7109634551495,608,137,6.342741853797172,2372,4.437810945273632,261
898,0.05,-559.376923076923,2.0508333333333333,4.017006802721088,66.578231292517,584,140,5.387697501546312,2372,4.096938775510204,659
899,0.05,-585.8230769230769,1.9433333333333334,4.014440433212997,68.71660649819495,555,139,5.6520179976506055,2373,4.090252707581228,760
