episode,epsilon,total_reward,avg_queue,avg_wait_s,avg_travel_s,throughput,switches,td_loss,q_table_states,avg_delay_s,traffic_seed
0,1.0,-9856.538461538461,84.78666666666666,73.13687359760658,133.35527299925207,1315,81,nan,,115.19944789510006,769
1,0.9945,-9245.23076923077,69.3475,61.077618688771665,118.30821401657875,1283,79,nan,,62.525612472160354,403
2,0.989,-9035.353846153848,70.69333333333333,61.783080260303684,117.18365871294287,1337,81,nan,,74.2848145556333,747
3,0.9835,-7900.384615384615,72.77,67.06787330316742,121.89366515837104,1250,78,0.18695930213346848,,80.28874269005848,103
4,0.9781,-9215.353846153846,80.3,73.13963963963964,129.72747747747746,1275,82,0.08319426101279115,,73.91919940696812,100
5,0.9726,-6702.56923076923,53.3575,46.26103500761035,97.48021308980213,1351,83,0.01418125615980114,,49.4261796042618,281
6,0.9673,-8830.692307692307,72.28666666666666,65.14909638554217,121.30572289156626,1290,83,0.00689794955134547,,70.78404099560761,155
7,0.9619,-10392.323076923076,95.59333333333333,81.01111934766493,144.8443291326909,1247,79,0.007850685180122207,,130.6979819067502,235
8,0.9566,-5169.046153846153,37.21333333333333,32.85461254612546,77.77047970479705,1280,81,0.004628069948585143,,32.97047970479705,682
9,0.9513,-5544.553846153847,44.4875,39.57333333333333,85.13851851851852,1254,82,0.005978406520451118,,39.66100443131462,891
10,0.946,-6688.753846153846,54.450833333333335,47.912628487518354,100.98091042584434,1294,85,0.0039725641192421765,,48.29428989751098,11
11,0.9408,-7476.738461538462,59.125,51.84674329501916,104.88275862068966,1262,80,0.006133268234579167,,54.667904903417536,444
12,0.9356,-8182.876923076923,66.5375,57.122372372372375,113.50450450450451,1359,82,0.005372348397735139,,72.73123123123123,653
13,0.9304,-5462.846153846154,42.005833333333335,38.4424514200299,85.64499252615845,1266,83,0.0050616422057585715,,38.57174887892376,856
14,0.9253,-9559.107692307694,80.29916666666666,74.66430817610063,130.8443396226415,1216,81,0.005894222436460809,,80.70921450151057,237
15,0.9202,-7506.292307692308,59.431666666666665,53.368694362017806,107.20697329376854,1287,85,0.00571424431243815,,57.19766593727206,233
16,0.9151,-7696.0615384615385,66.1525,52.02720114531138,108.53256979241232,1401,81,0.007385283151989473,,70.99860432658758,142
17,0.91,-8368.43076923077,66.8875,58.717485549132945,110.74060693641619,1299,79,0.00646180706047658,,58.85549132947977,485
18,0.905,-7439.984615384616,58.195,51.377302873986736,103.0147383935151,1313,85,0.007697318451532875,,51.416605437178546,886
19,0.9,-4156.2307692307695,27.36,24.086142322097377,68.01198501872659,1324,84,0.007282283114767652,,24.18876404494382,531
20,0.895,-8968.67692307692,78.76333333333334,67.4207811348563,127.37435519528371,1293,85,0.00856583965556398,,69.69491525423729,251
21,0.89,-7160.538461538462,54.86083333333333,51.223502304147466,102.51382488479263,1304,84,0.008191219875523669,,51.324884792626726,623
22,0.8851,-5591.953846153847,44.13666666666666,36.75757575757576,85.94087213599408,1371,80,0.0089487659288668,,39.827050997782706,173
23,0.8802,-5568.96923076923,41.65833333333333,36.256854256854254,83.90548340548341,1341,84,0.008732649990616737,,36.355699855699854,391
24,0.8753,-6878.630769230769,57.218333333333334,51.45817633760362,102.06932931424265,1296,77,0.009982187785553463,,55.78286558345643,105
25,0.8705,-6136.0,50.028333333333336,45.35276305828918,97.0333080999243,1277,85,0.009369666444538353,,49.98265460030166,822
26,0.8657,-6721.1846153846145,56.0675,51.93688212927756,99.4296577946768,1178,76,0.009827338935389647,,54.00670640834575,286
27,0.8609,-8338.523076923077,64.73416666666667,55.04959289415248,105.81717246484087,1326,77,0.009833877361700024,,55.511472982975576,524
28,0.8561,-6986.615384615386,59.8525,55.63109048723898,109.95901005413766,1211,81,0.010079776698457728,,64.86755952380952,201
29,0.8514,-7040.815384615384,53.20666666666666,44.15458937198068,94.08212560386474,1391,82,0.010404035644012863,,44.26777087646653,401
30,0.8467,-6097.092307692308,53.1525,44.98737727910238,94.7258064516129,1391,84,0.010236809626651865,,45.9179523141655,472
31,0.842,-4833.907692307693,31.518333333333334,26.480209111277073,72.09858103061987,1381,83,0.01116569319702298,,26.600448095593727,338
32,0.8373,-6537.015384615384,48.208333333333336,42.300073909830004,91.20842572062084,1341,80,0.010829522629953403,,42.460458240946046,360
33,0.8327,-5328.553846153845,39.48416666666667,34.625915080527086,80.91874084919473,1304,81,0.011414104207158765,,34.79062957540263,348
34,0.8281,-6362.892307692307,46.244166666666665,41.1039156626506,88.5210843373494,1287,84,0.010883481967334265,,41.62176165803109,382
35,0.8235,-6781.276923076923,52.215833333333336,46.38867924528302,95.71320754716982,1332,80,0.011098279048223837,,46.58943396226415,377
36,0.819,-6086.16923076923,49.1575,40.91929824561404,89.35438596491228,1388,83,0.010973169543057397,,41.190877192982455,378
37,0.8144,-7445.553846153846,62.74583333333333,51.64174685418209,107.73723168023686,1381,83,0.011913846980113467,,56.775721687638786,532
38,0.8099,-5412.953846153847,40.555,34.896727272727276,82.36218181818182,1370,81,0.011652418335451198,,34.99345454545455,611
39,0.8054,-8152.261538461538,67.815,58.51925820256776,116.50784593437946,1369,79,0.012244199228963984,,64.96861626248217,433
40,0.801,-6369.969230769231,50.05166666666667,44.11913626209978,93.12360387192852,1304,80,0.011891096838556502,,46.469941348973606,510
41,0.7966,-4508.676923076923,31.6125,26.638686131386862,72.32627737226278,1349,81,0.012675244101528755,,26.775182481751823,69
42,0.7922,-6280.0,45.0625,38.54390934844193,86.61543909348443,1330,83,0.012949027864436143,,38.67563739376771,660
43,0.7878,-7250.876923076923,63.49333333333333,57.27723516153268,110.10067618332081,1208,84,0.01327007076762009,,60.603232916972814,361
44,0.7834,-6279.415384615384,44.678333333333335,38.09574468085106,87.89432624113475,1396,81,0.013075441693391074,,38.180851063829785,874
45,0.7791,-4934.430769230769,35.376666666666665,31.43380703066567,78.60583395661929,1332,81,0.01274249943410018,,31.834704562453254,5
46,0.7748,-5963.815384615385,43.1575,37.75260804769002,86.33904619970194,1364,82,0.012931313534642807,,37.80044676098287,229
47,0.7705,-4617.153846153846,34.766666666666666,30.906994047619047,77.53348214285714,1325,81,0.013624833029539242,,31.583333333333332,702
48,0.7662,-5710.876923076923,41.178333333333335,34.208273894436516,81.40941512125535,1364,82,0.01364081827750916,,34.30007127583749,694
49,0.762,-6570.3538461538465,51.78666666666667,42.397341211226,91.82422451994091,1339,83,0.01391573712834687,,43.18463810930576,752
50,0.7578,-5088.384615384615,39.744166666666665,33.69438521677328,80.0682302771855,1378,84,0.013810389229894271,,33.81023454157783,24
51,0.7536,-5639.323076923078,40.3425,33.51489361702128,80.05106382978724,1396,79,0.013798187334259075,,33.61702127659574,319
52,0.7494,-5831.738461538462,43.13166666666667,37.83787767133382,86.17464996315401,1315,82,0.013772782440092897,,37.93667157584683,893
53,0.7453,-4885.4769230769225,36.935,30.905940594059405,78.86704384724187,1385,81,0.014038816215897004,,31.168316831683168,321
54,0.7411,-5396.6,40.05,33.12292118582791,80.34417932031815,1372,83,0.013849460262782965,,33.19219653179191,676
55,0.737,-5102.6461538461535,39.73583333333333,34.28624535315985,80.76654275092937,1345,82,0.012992072793154754,,34.379925650557624,813
56,0.733,-5551.846153846152,42.21,37.19893697798026,84.27031131359149,1304,83,0.01301435540553605,,38.017463933181475,824
57,0.7289,-5610.16923076923,38.6575,34.40682999257609,81.67260579064587,1353,82,0.013187609568071001,,34.500371195248704,803
58,0.7249,-5112.415384615384,37.785833333333336,32.344852411807054,80.61771058315335,1357,81,0.013632744026185351,,32.44852411807055,337
59,0.7209,-5194.923076923076,38.11333333333334,32.47460087082729,79.45863570391872,1366,81,0.01294726249568317,,32.59143686502177,27
60,0.7169,-5903.092307692308,41.88583333333333,35.27445255474453,82.43941605839416,1353,79,0.012637394391986913,,35.48029197080292,324
61,0.7129,-5059.323076923076,38.07083333333333,34.18251533742331,79.71472392638037,1248,82,0.013072533808802873,,34.26896551724138,372
62,0.709,-4925.461538461539,31.835833333333333,27.64138438880707,72.49484536082474,1397,80,0.013564064361078078,,27.712076583210603,279
63,0.705,-6518.092307692308,48.64833333333333,40.632982456140354,89.11298245614034,1360,80,0.013366283077930648,,40.92561403508772,555
64,0.7011,-4138.876923076923,28.548333333333332,25.50763358778626,70.40839694656489,1304,81,0.014055999649878812,,25.64503816793893,125
65,0.6973,-5705.553846153847,42.64416666666666,36.50777202072539,85.4041450777202,1350,80,0.013913516916833141,,37.53328402366864,523
66,0.6934,-5575.96923076923,39.655833333333334,34.35698610095099,81.1433796634967,1328,79,0.013477810268012072,,34.5164594001463,118
67,0.6896,-5429.138461538461,38.9025,32.665446559297216,79.04685212298682,1353,81,0.014010972368461246,,32.74743777452416,266
68,0.6858,-4950.246153846154,37.49166666666667,33.55663189269747,80.94634873323398,1333,83,0.013667664052368212,,33.97615499254844,689
69,0.682,-5365.153846153846,38.193333333333335,32.58768790264853,79.1796707229778,1367,80,0.013273384070103051,,32.73586256263422,343
70,0.6782,-4287.200000000001,32.211666666666666,28.93975903614458,74.13177710843374,1319,84,0.012949262921126031,,29.08433734939759,614
71,0.6744,-4488.707692307693,29.4975,25.753383458646617,70.33684210526316,1323,80,0.013182800215724521,,25.89248120300752,207
72,0.6707,-5189.96923076923,38.174166666666665,33.35729847494554,80.20915032679738,1360,80,0.01293581402828061,,33.54320987654321,200
73,0.667,-4422.261538461538,31.666666666666668,26.217453505007153,71.59728183118742,1399,80,0.012723731904889797,,26.314020028612305,883
74,0.6633,-3822.3076923076924,26.258333333333333,23.09726443768997,67.2917933130699,1308,79,0.012740968449542794,,23.19148936170213,885
75,0.6596,-5193.2307692307695,37.98583333333333,32.64269992663243,78.98019075568598,1368,82,0.012783186570182535,,32.764490095377845,399
76,0.656,-4276.3538461538465,32.1775,29.71362940275651,74.06661562021439,1293,81,0.012904819741288678,,29.772762050497324,232
77,0.6524,-4792.461538461539,35.32416666666666,32.240525908739365,78.9984532095901,1307,78,0.012783761323013527,,33.251353441608664,554
78,0.6487,-6357.123076923077,44.87916666666667,38.012408759124085,85.63649635036496,1346,81,0.012464504569054617,,38.14598540145985,559
79,0.6452,-4700.2307692307695,34.05833333333333,30.951770911831197,76.13715146948003,1294,80,0.012529414554280098,,31.04596834966089,615
80,0.6416,-5696.707692307692,44.410833333333336,37.31715893108298,83.98241912798875,1402,84,0.012022974903691506,,37.516877637130804,587
81,0.638,-6377.03076923077,45.446666666666665,40.381055676066524,90.05639913232105,1344,80,0.012420938464190418,,40.48951554591468,231
82,0.6345,-3738.6153846153848,26.733333333333334,23.596309963099632,67.73653136531365,1341,80,0.012421371932458352,,23.70110701107011,407
83,0.631,-5008.692307692308,34.31916666666667,29.286944045911046,75.55380200860832,1366,81,0.013154702361854027,,29.40459110473458,258
84,0.6275,-4695.969230769231,35.906666666666666,31.96938013442868,78.17326362957431,1337,83,0.012747625219181245,,32.06198655713219,150
85,0.624,-4563.661538461538,33.2325,29.275991024682124,74.84442782348542,1328,79,0.012870631567219654,,29.36696562032885,435
86,0.6206,-5376.446153846154,44.821666666666665,39.43053545586107,87.71056439942113,1362,82,0.012874644913663377,,40.51191335740072,309
87,0.6171,-3832.046153846154,26.610833333333332,24.45990566037736,68.51336477987421,1259,80,0.012704443841240132,,24.55223880597015,339
88,0.6137,-5373.723076923077,39.195,32.19430604982207,79.06619217081851,1394,81,0.013084075429794652,,32.29608540925267,414
89,0.6103,-5386.092307692308,38.42333333333333,33.95684523809524,81.41443452380952,1342,80,0.012471377132107149,,34.08705357142857,397
90,0.607,-5190.215384615385,36.83416666666667,31.663761801016705,78.99128540305011,1384,81,0.012918239275839733,,31.79520697167756,793
91,0.6036,-4182.3538461538465,28.756666666666668,24.941747572815533,69.41448842419716,1356,80,0.012552932847337437,,25.050037341299475,796
92,0.6003,-4519.353846153846,34.1025,30.146558105107328,76.27313101406365,1301,83,0.012381077562815701,,30.41080680977054,670
93,0.5969,-5241.907692307692,34.92666666666667,30.097037037037037,76.82296296296296,1347,76,0.012735827625535186,,30.248148148148147,151
94,0.5936,-4480.076923076923,31.9125,27.66542750929368,73.8996282527881,1357,80,0.011954966197531815,,27.79182156133829,766
95,0.5904,-4262.384615384615,30.140833333333333,25.26959022286125,70.69734004313443,1402,81,0.012237877870933566,,25.386772106398276,564
96,0.5871,-4528.3538461538465,32.06333333333333,26.894251242015613,72.53726046841732,1421,82,0.011757407274454353,,27.017743080198724,503
97,0.5838,-4149.0,30.019166666666667,25.979315263908703,70.49857346647646,1366,80,0.011823193475378265,,26.05488239486814,780
98,0.5806,-4023.7384615384617,29.906666666666666,26.79745889387145,71.89013452914799,1309,81,0.01196484115757266,,26.902092675635277,334
99,0.5774,-3857.369230769231,28.7525,25.669195751138087,70.80424886191199,1299,82,0.012058696971938364,,25.766312594840667,492
100,0.5742,-5746.861538461539,41.48083333333334,35.450842696629216,82.3560393258427,1374,76,0.011744838782592816,,35.57303370786517,366
101,0.571,-3518.123076923077,25.863333333333333,21.922198429693076,66.30264097073518,1405,83,0.011567008610017731,,22.034975017844395,783
102,0.5679,-4186.692307692308,27.929166666666667,24.985703536493606,69.30624529721595,1320,78,0.011821065238775725,,25.071482317531977,230
103,0.5647,-4527.6,32.98,28.590308370044053,75.98458149779735,1377,84,0.012142269638363696,,28.677916360968453,58
104,0.5616,-4093.8615384615387,29.571666666666665,25.44843049327354,70.63976083707026,1330,82,0.01183121654856828,,25.539611360239164,649
105,0.5585,-4628.492307692308,32.73833333333334,28.11103047895501,73.88316400580551,1373,80,0.011837138533903984,,28.203918722786646,736
106,0.5554,-4258.138461538461,30.1025,26.498899486427,71.8070432868672,1349,80,0.012207276027098167,,26.617754952311078,271
107,0.5523,-4258.8,31.0575,27.68843843843844,72.5548048048048,1344,83,0.012506828089046254,,27.80105105105105,352
108,0.5493,-5156.7692307692305,42.064166666666665,35.805496828752645,83.6645525017618,1368,82,0.012249555986404424,,35.97746478873239,522
109,0.5462,-4411.338461538462,35.81333333333333,31.9526671675432,77.48910593538693,1307,84,0.01293798286056698,,32.37191934279313,346
110,0.5432,-5145.3538461538465,38.00416666666667,32.38616714697406,79.02017291066282,1367,82,0.012397286452613353,,32.523775216138326,834
111,0.5402,-3811.6153846153848,27.99416666666667,25.142857142857142,69.52356020942409,1337,82,0.011935139117537838,,25.230194319880418,137
112,0.5372,-5152.261538461538,36.8825,31.32378223495702,77.63252148997135,1402,81,0.01207657986898599,,31.445558739255013,365
113,0.5343,-3878.676923076923,29.015833333333333,25.581617647058824,70.40220588235294,1339,81,0.012211263872753201,,25.709558823529413,749
114,0.5313,-3938.784615384616,26.723333333333333,22.828363636363637,67.74036363636364,1376,82,0.011570603497642598,,22.929454545454547,700
115,0.5284,-4933.569230769232,36.8675,30.53114065780266,77.1406578026592,1450,82,0.011704448750891055,,30.656403079076277,791
116,0.5254,-3998.5692307692307,30.504166666666666,26.2176428054953,71.5242227042661,1362,79,0.01193347494138765,,26.336225596529285,717
117,0.5225,-4799.630769230769,36.86666666666667,31.250360750360752,76.97546897546897,1380,80,0.01200033186873191,,31.5981240981241,605
118,0.5196,-3645.6,25.3125,23.38496583143508,67.46089597570236,1296,81,0.012146663534061722,,23.48215641609719,547
119,0.5168,-5128.215384615385,34.99916666666667,29.972161172161172,75.66446886446886,1341,78,0.01163113987616429,,30.04029304029304,724
120,0.5139,-3149.246153846154,21.2125,18.248538011695906,61.96271929824562,1370,81,0.011645397855084907,,18.357456140350877,448
121,0.5111,-4317.938461538462,32.25,28.326440177252586,74.19128508124076,1319,83,0.012191732320090767,,28.423929098966028,529
122,0.5082,-3931.6615384615384,26.100833333333334,22.289532293986635,67.45953971789162,1374,81,0.012223892345340643,,22.46844840386043,651
123,0.5054,-4349.369230769231,32.615,28.558716265499637,74.07366885485047,1373,79,0.011592264683405577,,28.678336980306344,808
124,0.5026,-4106.815384615385,29.134166666666665,24.97326589595376,69.35332369942196,1362,83,0.011630404065698933,,25.08164739884393,227
125,0.4998,-4497.630769230769,32.935,29.338733431516935,75.54050073637703,1359,82,0.011937402307223888,,29.441089837997055,434
126,0.4971,-4754.553846153846,31.67,26.979457079970654,72.44020542920029,1375,79,0.011931025506303428,,27.064563462949376,471
127,0.4943,-3562.9538461538464,24.30666666666667,20.84326710816777,65.17512877115526,1372,79,0.012016015016167645,,20.91764705882353,872
128,0.4916,-3476.2,23.576666666666668,20.36121391561806,64.38267949666914,1340,81,0.01151523896261665,,20.475943745373797,505
129,0.4889,-4063.661538461538,29.100833333333334,25.189693801344287,70.07020164301717,1341,84,0.011438615447538332,,25.298730395817774,413
130,0.4862,-3743.123076923077,28.548333333333332,25.470719051149,69.8346923647146,1319,83,0.011417282977994887,,25.603409933283913,658
131,0.4835,-3716.2153846153847,25.560833333333335,22.289068231841526,67.09611151870872,1358,80,0.011584586716841783,,22.398385913426267,364
132,0.4808,-3588.0,26.355833333333333,24.21509433962264,68.91018867924528,1305,80,0.011629356446866529,,24.369056603773586,756
133,0.4781,-3568.246153846154,25.625,21.814004376367613,66.09773887673231,1368,81,0.011348265051525655,,21.937272064186725,29
134,0.4755,-4021.3846153846152,30.154166666666665,26.028943560057886,70.32923299565847,1361,81,0.0114008326660374,,26.129522431259044,537
135,0.4729,-4541.215384615385,38.049166666666665,32.72295321637427,78.57529239766082,1365,82,0.011810102975762635,,33.23653566229986,493
136,0.4703,-4242.246153846155,32.406666666666666,28.79426891991183,74.11388684790595,1337,82,0.011598047555462945,,28.929463629684054,897
137,0.4677,-3951.446153846154,28.134166666666665,25.19969278033794,70.46006144393242,1316,82,0.011392478442485416,,25.306451612903224,719
138,0.4651,-3901.923076923077,27.355,23.99405646359584,68.82986627043091,1327,79,0.011610371084578835,,24.093610698365527,284
139,0.4625,-3665.461538461538,27.835833333333333,24.063049853372434,68.11510263929618,1350,82,0.01176287305926751,,24.128843338213763,6
140,0.4599,-4601.753846153846,32.62916666666667,29.534779356768887,74.98728496634256,1310,80,0.011508276764495715,,29.647718773373224,214
141,0.4574,-4248.846153846154,38.74,34.03363228699551,79.78849028400597,1339,85,0.011192341055773767,,38.35219657483246,753
142,0.4549,-4138.923076923077,36.2175,30.946629213483146,77.23244382022472,1391,85,0.011105084608386204,,32.214783821478385,622
143,0.4523,-2957.8,19.065,18.270055599682287,61.583002382843524,1253,79,0.011892079402914564,,18.379666401906274,449
144,0.4498,-3770.5692307692307,28.086666666666666,24.55048616305161,69.58189977561705,1335,82,0.011699261235222538,,24.670905011219148,577
145,0.4474,-3628.538461538462,24.884166666666665,21.939622641509434,66.27396226415094,1341,80,0.011681516394694443,,22.033962264150944,854
146,0.4449,-3727.6769230769232,26.756666666666668,22.419744318181817,66.2450284090909,1382,83,0.011186958632734416,,22.519886363636363,166
147,0.4424,-4928.6461538461535,34.61,29.822046109510087,76.38688760806916,1377,82,0.010545525542082464,,29.94020172910663,600
148,0.44,-3308.5999999999995,24.358333333333334,22.607253086419753,67.43441358024691,1282,80,0.010920898971682939,,22.685956790123456,665
149,0.4375,-3500.1692307692306,25.49,21.71294287780188,65.71728127259581,1379,83,0.01104175062645147,,21.792630057803468,654
150,0.4351,-2957.6615384615384,20.160833333333333,17.908951798010712,61.42769701606733,1310,80,0.0113386830544619,,18.001527883880826,425
151,0.4327,-4234.876923076923,29.690833333333334,26.114243323442135,70.63575667655786,1344,81,0.01119779846699114,,26.212908011869438,393
152,0.4303,-4140.138461538461,30.0875,24.938716654650325,69.51622206200433,1371,82,0.011223528446653686,,25.03604902667628,650
153,0.4279,-3952.4,29.651666666666667,25.642120765832107,71.19661266568482,1338,83,0.011079376611229432,,25.718703976435936,890
154,0.4256,-4320.815384615385,32.384166666666665,28.836309523809526,74.57291666666667,1336,83,0.011178714156694096,,28.97172619047619,708
155,0.4232,-3764.276923076923,33.156666666666666,29.451636363636364,74.40872727272728,1346,84,0.011399278458835389,,29.821609862219,63
156,0.4209,-3431.015384615385,23.685,20.470760233918128,63.92763157894737,1360,80,0.010782519119605068,,20.57456140350877,80
157,0.4185,-4440.769230769231,33.119166666666665,27.88360539389638,71.99006387508871,1385,77,0.010864061766593132,,27.993635077793492,40
158,0.4162,-3292.1538461538457,23.829166666666666,21.025185185185187,64.40962962962963,1328,82,0.011253119442181518,,21.085122131754257,111
159,0.4139,-4089.1384615384613,30.298333333333332,27.10355029585799,73.30843195266272,1341,84,0.010952455760776721,,27.193786982248522,168
160,0.4116,-3572.8923076923074,25.234166666666667,21.696376811594202,65.49565217391304,1364,84,0.010175327989341948,,21.807246376811595,788
161,0.4094,-3610.1692307692306,25.6525,21.834189288334557,65.89435069699194,1360,80,0.010160835337484771,,21.949376375641965,423
162,0.4071,-3142.846153846154,22.861666666666668,20.058383233532933,64.38023952095809,1362,84,0.010568483607245981,,20.172155688622755,316
163,0.4048,-3370.7076923076925,23.738333333333333,20.72639405204461,65.17695167286246,1353,81,0.010592504210935313,,20.828996282527882,252
164,0.4026,-3226.584615384615,22.3625,19.23088455772114,63.18440779610195,1352,81,0.010562438286590774,,19.33583208395802,234
165,0.4004,-4716.646153846154,35.44833333333333,30.23198847262248,75.05835734870317,1370,80,0.010646430685787982,,30.387374461979913,452
166,0.3982,-3207.8153846153846,22.575,19.600609756097562,63.2782012195122,1319,83,0.010577604875410318,,19.68849961919269,633
167,0.396,-3471.538461538461,24.474166666666665,22.5364500792393,66.62519809825673,1289,82,0.010894704004142674,,22.643423137876386,488
168,0.3938,-4170.615384615385,30.6275,26.667632150615496,71.69225199131064,1372,82,0.010802451411545384,,26.78493845039826,355
169,0.3916,-3396.1538461538457,22.936666666666667,20.683969465648854,64.85114503816794,1317,82,0.011185648960669805,,20.778625954198475,548
170,0.3894,-3557.4769230769234,27.03,22.708744710860366,67.11354019746122,1409,85,0.010515915956454229,,22.847672778561353,169
171,0.3873,-3907.707692307692,27.118333333333332,22.493487698986975,67.08683068017366,1400,82,0.01066628053135866,,22.583936324167873,312
172,0.3851,-3658.784615384615,30.003333333333334,26.701858736059478,70.18884758364312,1335,83,0.010422131518125393,,26.882962962962964,193
173,0.383,-4257.676923076923,39.358333333333334,34.45592485549133,79.99349710982659,1368,85,0.010449480001890648,,39.455325232308795,211
174,0.3809,-3360.015384615385,22.879166666666666,20.329323308270677,64.03007518796993,1328,80,0.010208028371402729,,20.43350864012021,880
175,0.3788,-4330.4,35.42583333333334,31.040727272727274,76.59636363636363,1367,82,0.01052808129062087,,31.372109826589597,551
176,0.3767,-4187.292307692307,30.328333333333333,25.543921293042867,69.62825017568517,1385,80,0.01079938988952181,,25.64230498945889,778
177,0.3746,-3742.999999999999,26.925833333333333,23.34713144517066,68.68336964415396,1367,82,0.010736335562713993,,23.453159041394336,712
178,0.3725,-3619.861538461538,25.325833333333332,21.591589451176052,65.97434069850321,1391,80,0.010134167519734592,,21.689237348538846,238
179,0.3705,-3274.0153846153853,24.366666666666667,21.388929351784412,65.41150764748726,1366,83,0.010414931637595964,,21.509832483612527,553
180,0.3684,-3690.723076923077,25.051666666666666,21.52635379061372,65.48375451263539,1353,79,0.0100151442290748,,21.654873646209385,512
181,0.3664,-3913.6307692307687,29.555,26.013284132841328,71.49446494464945,1345,85,0.010259005806133092,,26.136531365313655,540
182,0.3643,-3888.015384615385,28.243333333333332,25.33132075471698,70.76905660377359,1330,82,0.010249472882070204,,25.4611320754717,546
183,0.3623,-3417.8615384615387,27.276666666666667,23.47364620938628,66.88014440433213,1358,84,0.010144558492058135,,23.550829127613554,387
184,0.3603,-3095.5692307692307,22.740833333333335,20.525283018867924,63.98943396226415,1312,81,0.009553090376289675,,20.626415094339624,586
185,0.3583,-4406.384615384615,34.52,29.94087591240876,74.88248175182481,1354,82,0.009919938918012818,,30.0978102189781,398
186,0.3563,-3694.9846153846156,26.375833333333333,23.346210995542346,67.40193164933135,1338,84,0.00993127583776985,,23.451708766716195,380
187,0.3544,-3171.153846153846,21.400833333333335,18.8722927557879,62.33383121732636,1347,81,0.010384976507130111,,19.008215085884988,695
188,0.3524,-4669.461538461538,33.90833333333333,29.699564586357038,75.79245283018868,1358,81,0.010236378394591518,,29.79535558780842,699
189,0.3505,-3611.0153846153844,25.383333333333333,21.72640819312363,65.47988295537674,1374,82,0.01034469956745749,,21.826627651792247,185
190,0.3485,-3985.046153846154,27.541666666666668,23.60820367751061,68.22913719943423,1392,81,0.010188196220621152,,23.75035360678925,757
191,0.3466,-3974.0461538461536,34.4775,30.649742457689477,75.44665194996321,1340,80,0.009845609839994458,,32.2214863870493,690
192,0.3447,-3142.753846153846,21.841666666666665,19.323507737656595,63.249078850405304,1382,80,0.009912524560623201,,19.404270986745214,681
193,0.3428,-3742.8,28.1275,23.983062808750883,68.16090331686662,1397,82,0.009702539190882558,,24.116443189837685,89
194,0.3409,-4187.892307692307,31.125833333333333,27.38,72.54074074074074,1327,82,0.009833160576194743,,27.486306439674316,735
195,0.339,-3756.538461538462,27.0125,23.406113537117903,67.91775836972343,1363,79,0.00959141192902869,,23.500727802037847,850
196,0.3371,-4790.292307692309,32.53,27.483483483483482,72.99849849849849,1354,78,0.009591238920034661,,27.56081081081081,81
197,0.3352,-3903.492307692308,28.3475,23.768267223382047,68.72303409881698,1444,80,0.00980830892531872,,23.880306193458594,23
198,0.3334,-4914.6461538461535,33.3725,28.132022471910112,73.91643258426966,1390,75,0.010090932660362035,,28.23174157303371,262
199,0.3315,-3194.1846153846154,22.476666666666667,19.7012012012012,63.48048048048048,1305,83,0.010125045310206986,,19.78469617404351,730
200,0.3297,-3793.153846153846,26.4725,23.311940298507462,67.67388059701493,1329,81,0.009634948075607525,,23.413432835820895,718
201,0.3279,-3860.6769230769232,28.168333333333333,24.846153846153847,69.87426035502959,1360,83,0.00976848377169083,,24.931213017751478,841
202,0.3261,-3374.630769230769,23.908333333333335,20.70135424091233,64.64005702067,1396,80,0.00979632613126707,,20.803991446899502,65
203,0.3243,-2863.153846153846,19.841666666666665,17.614167294649587,61.39864355689525,1325,81,0.00968945083832402,,17.726450640542577,481
204,0.3225,-3230.230769230769,22.921666666666667,19.94289897510981,63.63616398243045,1354,80,0.00942510366162168,,20.045387994143486,368
205,0.3207,-3727.6000000000004,25.9375,22.729429206819866,67.44699777613047,1349,81,0.00900486844711912,,22.823573017049668,465
206,0.3189,-3362.4461538461537,24.070833333333333,20.337615988579586,64.50463954318344,1413,83,0.009030385837131854,,20.453961456102785,367
207,0.3172,-3537.4307692307693,24.625,20.503244412400864,64.74188896899784,1390,82,0.009451507439406946,,20.597262247838618,542
208,0.3154,-3084.9076923076923,23.316666666666666,20.829194883370956,65.27840481565086,1331,84,0.009678385947324845,,20.92249811888638,533
209,0.3137,-3837.307692307693,26.663333333333334,22.752743233357716,66.76005852231164,1344,80,0.009805654126995913,,22.82236842105263,530
210,0.3119,-4342.569230769231,37.08083333333333,31.98283261802575,77.39127324749643,1348,81,0.009991834126898956,,33.2038626609442,500
211,0.3102,-3706.584615384616,24.889166666666668,21.61255411255411,65.82683982683983,1392,79,0.009769966229346621,,21.717893217893216,213
212,0.3085,-3392.3230769230768,23.91,20.815946348733235,64.56706408345752,1336,83,0.009660606640828543,,20.89940387481371,388
213,0.3068,-4388.507692307692,30.99416666666667,25.99788285109386,70.97106563161609,1402,78,0.009129972169969455,,26.110797459421313,223
214,0.3051,-3961.8461538461543,26.088333333333335,21.908957415565347,66.56314243759178,1393,82,0.009078052136645797,,22.016886930983848,715
215,0.3034,-3179.215384615384,23.254166666666666,20.445099484156227,64.6750184229919,1352,84,0.009121662449701414,,20.540162122328667,603
216,0.3017,-3861.2153846153847,31.30666666666667,28.054845980465814,72.43350864012021,1312,82,0.009370208946945305,,28.22839969947408,7
217,0.3,-3081.969230769231,20.7575,17.85234899328859,60.334079045488444,1352,82,0.009391656893491135,,17.944858420268258,158
218,0.2984,-3238.769230769231,22.434166666666666,20.41869300911854,63.941489361702125,1312,81,0.009658170130911692,,20.53419452887538,60
219,0.2967,-3754.2000000000003,25.874166666666667,22.725163161711386,66.45105148658448,1333,79,0.009404313199984778,,22.8281363306744,466
220,0.2951,-2884.015384615385,20.908333333333335,18.58951310861423,62.4,1349,80,0.009484492891187597,,18.6749063670412,143
221,0.2935,-3544.123076923077,24.0275,19.811614730878187,63.804532577903686,1408,82,0.009324649935374596,,19.930594900849858,426
222,0.2918,-3777.6,25.1125,21.94016454749439,65.97083021690352,1346,82,0.009362139042729613,,22.032909498878084,420
223,0.2902,-3428.4461538461537,22.341666666666665,19.14777618364419,62.53443328550932,1348,79,0.009342662478770794,,19.26236559139785,877
224,0.2886,-3297.215384615384,24.315,20.729942693409743,64.6984240687679,1383,81,0.009438019356440907,,20.857449856733524,132
225,0.287,-2769.876923076923,20.579166666666666,17.771554900515845,60.981577008106115,1324,83,0.009141761734920198,,17.889462048636698,436
226,0.2854,-2896.907692307692,21.546666666666667,18.548270893371757,61.71541786743516,1346,82,0.009033584115241425,,18.65658747300216,635
227,0.2838,-4905.184615384616,40.88916666666667,35.47460087082729,82.08490566037736,1339,79,0.009155605582436289,,36.14989138305576,895
228,0.2823,-3972.369230769231,28.561666666666667,25.74397590361446,70.36972891566265,1331,83,0.008842675786340026,,25.85316265060241,228
229,0.2807,-4037.830769230769,30.675,26.0148830616584,70.91495393338059,1388,80,0.008835168668454848,,26.16087880935507,892
230,0.2792,-3069.830769230769,22.106666666666666,19.592946362968405,63.255694342395294,1368,82,0.008697597280275226,,19.70242468772961,342
231,0.2776,-2844.1384615384613,21.368333333333332,19.152254249815226,63.23207686622321,1344,85,0.00900588659484872,,19.24907612712491,474
232,0.2761,-4026.9230769230776,32.41,29.199701937406857,74.32563338301043,1318,79,0.008702338930596217,,29.406389301634473,197
233,0.2746,-4552.292307692307,34.281666666666666,28.82251082251082,74.2994227994228,1372,82,0.00891125426076606,,28.961760461760463,133
234,0.273,-3149.1846153846154,21.856666666666666,19.42569081404033,63.25840179238237,1324,81,0.008333079130292754,,19.521284540702016,167
235,0.2715,-3068.3999999999996,21.190833333333334,18.5970695970696,62.75164835164835,1363,83,0.008428192817911868,,18.720879120879122,301
236,0.27,-3032.7846153846153,20.408333333333335,18.207418622255865,61.722937168811505,1330,84,0.00836430577330226,,18.298258894776684,16
237,0.2685,-2950.1538461538466,20.9275,18.113235294117647,61.73970588235294,1360,81,0.008676396633303392,,18.245588235294118,120
238,0.267,-3048.7230769230773,22.070833333333333,19.749444032616754,63.27279466271312,1334,82,0.00870167356141354,,19.81125092524056,3
239,0.2656,-3167.784615384616,21.9675,18.371906841339158,62.448326055312954,1406,85,0.008873481701853975,,18.50363901018923,217
240,0.2641,-4385.584615384615,32.37833333333333,27.2625,72.58402777777778,1422,80,0.009108802697787764,,27.39375,508
241,0.2626,-3673.4461538461537,25.725,22.10701373825018,67.03904555314534,1386,84,0.008826623312525407,,22.199566160520607,479
242,0.2612,-3413.8,23.585,20.04692082111437,63.902492668621704,1364,81,0.008846499930122735,,20.14149560117302,224
243,0.2597,-3927.846153846154,28.195833333333333,24.566247224278314,70.03849000740192,1353,81,0.008795816167028687,,24.681717246484087,740
244,0.2583,-3736.938461538461,26.275833333333335,22.056267806267805,66.26139601139602,1400,81,0.008529911444053259,,22.163105413105413,868
245,0.2569,-3524.0,24.413333333333334,20.942836468885673,65.39797395079594,1396,82,0.008886062462688114,,21.082489146164978,477
246,0.2555,-3737.1846153846154,25.126666666666665,22.114118507681052,66.6356986100951,1358,78,0.008675214150105828,,22.207022677395756,320
247,0.254,-3862.046153846154,25.760833333333334,21.374273255813954,65.80668604651163,1400,80,0.008857666903739642,,21.510174418604652,597
248,0.2526,-3212.3846153846152,22.363333333333333,19.502538071065988,63.121102248005805,1357,81,0.008730498230488083,,19.609862218999275,539
249,0.2512,-3153.969230769231,21.414166666666667,19.188946975354742,62.74831964152352,1339,78,0.008639859723213199,,19.29126213592233,129
250,0.2498,-3401.5692307692307,24.964166666666667,21.973645680819914,66.2086383601757,1354,83,0.008684417719069994,,22.053440702781845,845
251,0.2485,-2484.8153846153846,18.291666666666668,16.66001534919417,59.87336914811972,1301,85,0.008480541301789084,,16.756715272448197,314
252,0.2471,-3003.9846153846156,21.13,18.351959361393323,62.04136429608128,1382,81,0.009336670945268914,,18.468069666182874,721
253,0.2457,-4533.553846153846,38.229166666666664,33.10878962536023,78.41066282420749,1358,83,0.009453890012590156,,33.34989200863931,606
254,0.2444,-3033.4461538461537,22.565833333333334,19.99627699180938,63.30975428145942,1322,82,0.00872697840866014,,20.114668652271035,809
255,0.243,-2612.1846153846154,17.601666666666667,15.970381917381138,58.9228371005456,1288,83,0.008350641848762436,,16.09041309431021,87
256,0.2417,-2785.7846153846153,20.525,18.99770992366412,62.221374045801525,1307,83,0.008640809471616658,,19.105343511450382,589
257,0.2403,-2619.5230769230766,18.794166666666666,16.78787878787879,60.28982128982129,1312,84,0.008337133028515178,,16.877233877233877,599
258,0.239,-3351.2,26.238333333333333,22.981227436823104,67.83971119133574,1359,83,0.008301207365964918,,23.44043321299639,268
259,0.2377,-4152.723076923077,33.16,29.672659176029963,76.10786516853932,1356,84,0.008344759554901854,,29.78876404494382,896
260,0.2364,-3060.2153846153847,20.61,18.511145272867026,61.93082244427364,1318,80,0.008065652070482475,,18.614911606456573,887
261,0.2351,-3629.676923076923,29.65,26.35238095238095,71.15457875457875,1351,81,0.008075328263973584,,26.48205128205128,62
262,0.2338,-3262.830769230769,23.2775,19.85808823529412,63.711029411764706,1357,83,0.007916956878851477,,19.950036737692873,557
263,0.2325,-3555.5538461538463,25.240833333333335,21.48608137044968,65.24696645253391,1364,82,0.008182502199282678,,21.593147751605997,746
264,0.2312,-3515.630769230769,25.795833333333334,21.96186440677966,66.20621468926554,1411,84,0.00877447779616144,,22.04590395480226,323
265,0.2299,-3702.0923076923077,27.173333333333332,23.1545518701482,67.58997882851094,1417,83,0.008455788045500552,,23.26605504587156,596
266,0.2286,-2853.661538461539,20.965833333333332,18.641238670694865,62.19108761329305,1324,84,0.00811530499874669,,18.731117824773413,667
267,0.2274,-3280.969230769231,26.118333333333332,22.685449358059916,66.5527817403709,1369,81,0.008153240771766192,,22.84450784593438,643
268,0.2261,-3421.9384615384615,22.203333333333333,20.174248265227448,64.19043947571319,1301,82,0.008103943151926092,,20.273708558211258,162
269,0.2249,-2793.9076923076923,20.213333333333335,17.43781818181818,60.85527272727273,1356,81,0.008031044063314754,,17.547636363636364,351
270,0.2236,-2894.246153846154,21.856666666666666,18.68827385287691,62.42607428987618,1368,84,0.007932227864823168,,18.767662053896576,347
271,0.2224,-3771.7230769230764,25.765833333333333,21.188235294117646,65.43676470588235,1385,82,0.00795376409399458,,21.296105804555474,119
272,0.2211,-2748.9384615384615,19.5925,17.03711790393013,60.64192139737991,1365,81,0.007831961428769728,,17.143377001455605,497
273,0.2199,-4129.476923076923,38.39,33.24874910650465,78.8120085775554,1367,84,0.007990155706362896,,37.256699576868826,298
274,0.2187,-3258.661538461538,24.389166666666668,20.550387596899224,64.06131078224101,1401,83,0.008011817260295777,,20.663143058491897,706
275,0.2175,-4030.015384615385,30.588333333333335,25.99137311286844,70.90510424155283,1377,83,0.007645640677787808,,26.12508986340762,616
276,0.2163,-3350.4923076923073,24.765833333333333,21.57248520710059,66.19526627218934,1362,81,0.007723897248301683,,21.681952662721894,714
277,0.2151,-3110.6615384615384,21.564166666666665,18.775887573964496,62.078402366863905,1345,82,0.007696222877543814,,18.86770140428677,13
278,0.2139,-3110.507692307692,22.254166666666666,19.57545731707317,63.108231707317074,1325,83,0.008019362853627868,,19.671493902439025,843
279,0.2127,-2666.8307692307694,19.968333333333334,17.82028337061894,61.46159582401193,1333,85,0.007574401589494694,,17.913497390007457,146
280,0.2115,-3452.3230769230768,22.1575,18.65608856088561,62.132841328413285,1366,79,0.007758991836922632,,18.756457564575644,161
281,0.2104,-3547.584615384616,23.611666666666668,19.7209136331192,63.728051391862955,1399,78,0.007884473286560556,,19.830121341898643,75
282,0.2092,-3076.123076923077,21.401666666666667,18.690548780487806,62.71493902439025,1312,84,0.008548298312515247,,18.772103658536587,871
283,0.208,-3514.8,25.773333333333333,22.75887573964497,67.05103550295858,1338,82,0.00835990792829142,,22.872041420118343,113
284,0.2069,-3041.4769230769234,22.425,19.6410635155096,63.21639586410635,1355,84,0.008117886067460538,,19.738552437223042,124
285,0.2058,-3499.215384615385,24.085,20.983882783882784,65.10622710622711,1359,80,0.00855043098025654,,21.106227106227106,777
286,0.2046,-3636.584615384615,25.156666666666666,22.290394638868207,66.62844378257633,1326,81,0.008935535200137594,,22.376768428890543,108
287,0.2035,-3548.0307692307697,26.710833333333333,24.41410352588147,67.78844711177794,1301,80,0.00821091712131513,,24.757303370786516,451
288,0.2024,-2828.0307692307692,21.14,18.381818181818183,61.93745454545454,1344,84,0.00789266641264592,,18.473454545454544,196
289,0.2012,-3481.0923076923077,23.445,20.54232209737828,64.86217228464419,1334,82,0.007796181605733605,,20.662172284644196,64
290,0.2001,-3954.9076923076927,27.16583333333333,23.015151515151516,67.45815295815297,1396,79,0.0080470041247924,,23.116883116883116,165
291,0.199,-4721.7692307692305,36.22666666666667,31.08595988538682,77.50787965616045,1372,81,0.00787973304242411,,31.177650429799428,412
292,0.1979,-3614.492307692308,25.240833333333335,22.277213352685052,66.35050798258345,1348,77,0.007892515241636188,,22.370827285921624,335
293,0.1968,-3536.784615384616,28.74416666666667,24.754261363636363,68.9247159090909,1365,85,0.007653821769410597,,24.96314670446492,617
294,0.1957,-3211.3846153846152,23.41,20.68864468864469,64.51721611721612,1328,82,0.00783822197491482,,20.82930402930403,325
295,0.1946,-4107.723076923077,31.205833333333334,27.056671449067434,71.85007173601147,1375,81,0.008096432880790098,,27.157101865136298,26
296,0.1936,-2996.923076923077,19.36916666666667,17.93553459119497,61.72248427672956,1283,80,0.008419811546450207,,18.010220125786162,51
297,0.1925,-2978.2769230769227,20.360833333333332,17.29568345323741,60.84892086330935,1363,82,0.008386173243564582,,17.42589928057554,431
298,0.1914,-3789.2307692307695,27.375,24.18236173393124,68.97309417040358,1323,83,0.008161322480186564,,24.283258594917786,570
299,0.1904,-3152.6769230769232,21.924166666666668,18.525448028673836,62.525448028673836,1395,82,0.00814851367860497,,18.64731182795699,73
300,0.1893,-3351.076923076923,21.885,18.738518518518518,63.05925925925926,1345,80,0.008014743892785241,,18.85851851851852,602
301,0.1883,-3531.7384615384617,26.04083333333333,22.151601423487545,67.5338078291815,1387,83,0.007932078039039624,,22.26049822064057,527
302,0.1872,-2801.5692307692307,18.775,17.13157894736842,60.1749226006192,1296,82,0.008169050246451603,,17.236068111455108,72
303,0.1862,-3674.184615384616,27.620833333333334,23.430281690140845,68.23661971830985,1402,83,0.00822083797225932,,23.557746478873238,566
304,0.1852,-3435.076923076923,24.079166666666666,21.093979441997064,65.13436123348018,1358,81,0.008249679462044029,,21.202643171806166,634
305,0.1841,-2727.4153846153845,18.724166666666665,16.58383233532934,60.032934131736525,1342,82,0.008072595163800414,,16.69610778443114,400
306,0.1831,-3039.4153846153845,22.555,19.504686373467916,63.60201874549387,1380,84,0.007831178604878093,,19.620043258832013,520
307,0.1821,-3661.584615384615,26.111666666666668,22.665915915915917,67.31981981981981,1333,81,0.007812155567185615,,22.77777777777778,875
308,0.1811,-2778.0615384615385,19.740833333333335,17.47605011053795,60.50626381724392,1336,81,0.00789213693642652,,17.583640383198233,744
309,0.1801,-3385.492307692308,22.88083333333333,19.395636363636363,63.212363636363634,1378,82,0.007618523743187223,,19.48,299
310,0.1791,-3428.9076923076923,25.831666666666667,22.422991893883566,66.74281503316139,1377,82,0.007622825539009695,,22.530582166543848,489
311,0.1781,-3707.7384615384613,26.081666666666667,22.5985559566787,66.68664259927797,1366,79,0.007596476129315002,,22.706859205776173,4
312,0.1771,-3540.2461538461534,23.189166666666665,19.55988455988456,63.115440115440116,1378,79,0.007597947587541304,,19.649350649350648,379
313,0.1762,-2558.876923076923,18.450833333333332,17.105263157894736,59.86842105263158,1262,80,0.007695170381488651,,17.208204334365327,212
314,0.1752,-3059.6153846153848,21.86,18.72298767222625,62.58013052936911,1369,81,0.00752112676027434,,18.81653372008702,560
315,0.1742,-3759.630769230769,26.415,22.21886249100072,66.56299496040317,1381,81,0.007351838645102702,,22.31893448524118,798
316,0.1732,-3092.3538461538456,22.221666666666668,19.153566229985444,63.096069868995635,1372,82,0.007301549387898368,,19.28165938864629,640
317,0.1723,-3768.507692307692,28.1225,23.419540229885058,67.88218390804597,1381,84,0.007358346944519432,,23.506819813352475,171
318,0.1713,-3465.707692307692,24.775833333333335,21.01412429378531,65.375,1415,81,0.00745822158907642,,21.16313559322034,225
319,0.1704,-3045.353846153846,21.186666666666667,18.12123438648053,61.612784717119766,1377,81,0.007729207005801376,,18.207048458149778,283
320,0.1694,-3016.9538461538464,20.634166666666665,18.010393466963624,62.074981440237565,1364,81,0.007597359184301717,,18.11878247958426,561
321,0.1685,-3055.5692307692307,20.895,18.908536585365855,62.483231707317074,1315,79,0.007817837642245192,,18.9984756097561,180
322,0.1676,-3764.107692307692,33.8075,29.26508620689655,74.11853448275862,1358,81,0.007608796931277447,,31.146638054363375,729
323,0.1666,-3439.8923076923074,29.881666666666668,26.975482912332836,71.03194650817237,1325,84,0.007584546442655539,,27.155274888558694,427
324,0.1657,-2714.2769230769236,19.2325,17.108333333333334,60.56515151515151,1325,83,0.007731660760668037,,17.199242424242424,679
325,0.1648,-3610.4153846153845,25.5825,21.958156028368794,66.76382978723404,1410,80,0.007615555003815111,,22.075886524822696,563
326,0.1639,-3589.153846153846,24.873333333333335,22.177844762622456,66.50941974378297,1341,78,0.007754390291739144,,22.272042200452148,632
327,0.163,-3027.2923076923075,22.1275,19.199127906976745,63.28706395348837,1377,85,0.007508094321703494,,19.30014534883721,373
328,0.1621,-3087.7692307692305,22.263333333333332,19.297176820208023,63.11664190193165,1348,84,0.0074667560095136865,,19.39524517087667,584
329,0.1612,-2959.7999999999997,20.6475,17.844815083393765,61.59028281363307,1393,82,0.0077536837470361,,17.955039883973893,525
330,0.1603,-3348.369230769231,24.625,21.670821114369502,66.06378299120234,1345,82,0.007542258560606647,,21.791788856304986,656
331,0.1594,-3181.123076923077,22.928333333333335,18.86889818688982,62.608089260808924,1396,82,0.007526392901847854,,18.975609756097562,61
332,0.1585,-2661.8923076923074,18.990833333333335,16.554190751445088,60.02239884393064,1388,79,0.007445605526991089,,16.654873646209385,12
333,0.1577,-3480.015384615385,23.6,20.212055192447348,65.21713870733478,1375,86,0.007965560458614058,,20.334059549745824,496
334,0.1568,-2990.2615384615383,20.20916666666667,16.903248587570623,60.74081920903955,1415,82,0.007762611969072539,,17.00423728813559,641
335,0.1559,-3040.1538461538466,21.570833333333333,19.315160567587753,63.22255414488424,1341,82,0.007635647749870454,,19.414488424197163,779
336,0.155,-2565.123076923077,16.908333333333335,15.700237906423473,58.35923869944489,1267,81,0.007613144804599673,,15.773988897700239,837
337,0.1542,-2734.3538461538465,18.565,15.886651752423564,58.85085756897838,1340,83,0.007672000911026258,,16.005219985085755,34
338,0.1533,-3059.4923076923073,20.649166666666666,17.52589928057554,60.28776978417266,1359,81,0.007804331485070578,,17.645323741007193,511
339,0.1525,-2916.923076923077,20.451666666666668,17.523460410557185,60.68035190615836,1348,83,0.008193314187625766,,17.6158357771261,408
340,0.1516,-3073.7076923076925,21.58,18.528497409326423,62.283493708364176,1356,81,0.007825090013606543,,18.60843819393042,45
341,0.1508,-2667.769230769231,18.02166666666667,16.34013605442177,59.12471655328798,1309,80,0.007922012216965967,,16.442932728647015,638
342,0.15,-3498.4615384615386,24.065,20.647186147186147,64.74025974025975,1369,79,0.007943975859745213,,20.753968253968253,160
343,0.1491,-2705.3076923076924,18.424166666666668,16.82708492731446,59.959449120122414,1292,83,0.007707743862985294,,16.916666666666668,410
344,0.1483,-2508.2307692307695,17.184166666666666,14.579763663220088,57.35967503692762,1361,83,0.007740793450951037,,14.683899556868537,490
345,0.1475,-2537.8153846153846,17.5075,15.559245283018868,58.729056603773586,1322,82,0.00766171434574327,,15.652830188679244,575
346,0.1467,-2671.6923076923076,17.4275,15.191176470588236,57.65955882352941,1344,81,0.007760105750743486,,15.288970588235294,683
347,0.1459,-3457.461538461538,24.868333333333332,21.571961222967936,65.81133482475764,1348,84,0.00829893353110119,,21.68530947054437,249
348,0.1451,-3366.276923076923,31.605833333333333,28.055433989788476,72.47702407002188,1339,83,0.007729948372257889,,28.705454545454547,46
349,0.1443,-3049.6923076923076,21.465,19.79892966360856,63.698012232415905,1292,81,0.008039214739768331,,19.899847094801224,894
350,0.1435,-3223.123076923077,21.210833333333333,19.143840856924253,63.62433052792655,1323,81,0.007668139019137081,,19.239479724560063,685
351,0.1427,-3297.630769230769,22.4425,19.797904191616766,63.50299401197605,1337,80,0.007464875631864328,,19.897455089820358,478
352,0.1419,-3105.3846153846152,22.221666666666668,19.325292397660817,63.469298245614034,1370,82,0.007700584332359101,,19.421783625730995,291
353,0.1411,-2669.7384615384613,17.796666666666667,15.893146647015476,58.87324981577008,1358,81,0.007531637439288253,,16.010316875460575,657
354,0.1403,-3411.9692307692303,24.510833333333334,21.98806860551827,67.04772557792693,1311,84,0.007509656906418446,,22.099925428784488,428
355,0.1395,-3404.0769230769233,32.6375,27.217706821480405,72.3200290275762,1372,88,0.007697091236757442,,27.387518142235123,814
356,0.1388,-2980.584615384615,22.356666666666666,19.133767172812725,62.2472885032538,1339,85,0.007624937936543616,,19.241503976861896,102
357,0.138,-2944.6615384615384,21.1625,18.917220990391723,62.29711751662971,1333,82,0.007271590582710037,,18.997043606799703,376
358,0.1372,-4143.861538461539,29.030833333333334,24.617880317231435,69.58687815428983,1400,80,0.007274851979867037,,24.733958183129054,172
359,0.1365,-2618.1384615384613,18.775833333333335,16.633184523809526,59.92857142857143,1336,84,0.007013457504334854,,16.764136904761905,50
360,0.1357,-4840.723076923076,35.13916666666667,30.00854700854701,76.22792022792022,1381,80,0.007118191311472526,,30.195156695156694,333
361,0.135,-3497.9076923076923,23.42,19.925820256776035,64.36519258202567,1395,79,0.00693934718312176,,20.042082738944366,626
362,0.1342,-3870.507692307692,31.724166666666665,27.116229624379873,72.16938341601701,1408,85,0.0069742987234780365,,27.211048158640228,28
363,0.1335,-2929.8153846153846,22.15,19.460565476190474,63.59300595238095,1327,85,0.007303535971367276,,19.581845238095237,467
364,0.1327,-2992.0,21.920833333333334,18.620171673819744,62.73748211731044,1390,83,0.00692562469619092,,18.738197424892704,53
365,0.132,-3722.5230769230766,26.793333333333333,22.897510980966324,67.27598828696925,1342,81,0.007262548813935944,,22.989019033674964,294
366,0.1313,-3376.338461538462,25.56833333333333,22.795081967213115,67.43889716840536,1327,86,0.006799759671522069,,22.88673621460507,789
367,0.1306,-3387.6153846153848,23.800833333333333,20.534952170713762,64.93156732891832,1379,84,0.006939062873355988,,20.613686534216335,260
368,0.1298,-3223.0307692307692,21.955,19.12083936324168,62.11287988422576,1365,81,0.0069617857399323045,,19.22793053545586,210
369,0.1291,-3971.538461538462,36.4975,30.89488437281009,75.89628591450595,1390,86,0.0070178248621607,,32.329140461215935,68
370,0.1284,-3361.876923076923,21.73,18.382751247327157,61.58089807555239,1384,81,0.006893221248045899,,18.5032074126871,204
371,0.1277,-3388.0923076923077,23.038333333333334,19.495886312640238,63.30067314884069,1348,82,0.00690359418942156,,19.614809274495137,636
372,0.127,-4438.138461538461,33.38333333333333,29.062314540059347,74.52225519287833,1344,83,0.006885158197826659,,29.155786350148368,164
373,0.1263,-2942.3999999999996,20.5,17.87032967032967,61.06007326007326,1350,81,0.0070007470283588525,,17.955311355311355,280
374,0.1256,-2726.0,19.195833333333333,17.327881040892194,60.39182156133829,1310,80,0.007059844559512221,,17.47360594795539,750
375,0.1249,-3256.292307692308,22.5975,19.55097451274363,63.24287856071964,1325,81,0.007163076730747755,,19.635682158920538,792
376,0.1242,-3232.784615384616,22.075833333333332,19.25958702064897,63.28023598820059,1359,78,0.0069468558463807875,,19.39306784660767,170
377,0.1235,-3186.707692307692,23.245833333333334,19.6602658788774,63.09084194977844,1341,82,0.007108127179644744,,19.75997045790251,558
378,0.1228,-2962.292307692308,21.251666666666665,18.55858511422255,61.7243920412675,1324,82,0.006903804645281542,,18.647275405007363,688
379,0.1221,-3412.9230769230767,24.613333333333333,20.964849354375897,64.92826398852223,1380,83,0.006952846846140602,,21.09325681492109,618
380,0.1215,-2847.3692307692304,18.445833333333333,16.00299177262528,59.32685115931189,1339,78,0.007066502292759896,,16.11967090501122,509
381,0.1208,-3631.2615384615383,27.705,25.411278195488723,69.22706766917294,1313,81,0.007172543852492856,,25.499248120300752,674
382,0.1201,-4440.338461538462,34.725833333333334,29.80085348506401,74.81436699857753,1370,81,0.007339887345599965,,29.907539118065433,826
383,0.1195,-4377.507692307692,34.5275,29.51851851851852,75.79594689028652,1398,80,0.0070784986307551425,,30.122648083623695,612
384,0.1188,-3761.107692307692,25.955833333333334,21.00889801505818,65.22997946611909,1453,78,0.007071133068347547,,21.14715947980835,239
385,0.1181,-2850.830769230769,20.111666666666668,17.967862481315397,61.61434977578475,1323,83,0.007241293739370567,,18.090433482810166,879
386,0.1175,-3030.953846153846,20.813333333333333,18.171449595290653,61.375275938189844,1343,81,0.007234147677831698,,18.259749816041207,734
387,0.1168,-3352.0769230769233,23.460833333333333,19.690974729241876,63.709747292418776,1375,86,0.007221242878661215,,19.79783393501805,112
388,0.1162,-3356.892307692307,22.995,20.824074074074073,66.70216049382717,1304,81,0.006797704696002274,,20.931327160493826,369
389,0.1156,-2831.9384615384615,21.1225,17.879543834640057,60.58802565930149,1369,85,0.007022294974988075,,17.97006414825374,18
390,0.1149,-3261.6153846153848,23.26,20.07912087912088,64.20659340659341,1360,84,0.007160140549734973,,20.163369963369963,806
391,0.1143,-3301.4461538461537,24.135833333333334,20.997138769670958,64.95565092989986,1377,81,0.007086720687959163,,21.110157367668098,536
392,0.1136,-2832.630769230769,19.955833333333334,18.466147859922177,62.74863813229572,1290,81,0.007673513527994336,,18.56887159533074,860
393,0.113,-3326.0769230769233,24.730833333333333,21.75421863536317,65.86793837123992,1344,82,0.007770147692778588,,21.85557184750733,77
394,0.1124,-2460.646153846154,17.4875,15.456948640483384,58.12009063444109,1296,85,0.008322908177818805,,15.559667673716012,648
395,0.1118,-3006.0,19.8925,17.272586872586874,60.85173745173745,1300,84,0.0079389387956572,,17.349537037037038,250
396,0.1112,-3356.876923076923,22.885833333333334,19.665937272064188,63.36907366885485,1349,80,0.007578501709389672,,19.78482859226842,43
397,0.1105,-4348.923076923078,36.22,29.860070671378093,74.78939929328622,1421,86,0.008124436122000646,,30.39887244538407,156
398,0.1099,-2519.9846153846156,17.52166666666667,15.655737704918034,58.296572280178836,1351,80,0.008327384352937275,,15.775707898658718,483
399,0.1093,-3093.9846153846156,23.3475,19.812725958062185,63.76644974692697,1366,85,0.007446401645958963,,19.887283236994218,42
400,0.1087,-3496.0307692307697,25.83416666666667,22.907669396872674,67.16455696202532,1285,83,0.007726439159800236,,23.028294862248696,153
401,0.1081,-2386.8,16.5875,14.603092783505154,57.478645066273934,1371,84,0.007996476308749282,,14.706921944035345,329
402,0.1075,-3042.4615384615386,22.9825,19.937857142857144,63.637142857142855,1356,85,0.007897257383349737,,20.06642857142857,106
403,0.1069,-3354.5538461538463,25.256666666666668,22.39719970523213,66.5924834193073,1355,83,0.007887884527823805,,22.499631540162124,645
404,0.1063,-2327.5538461538463,15.88,14.034431137724551,56.85254491017964,1331,81,0.007748782270643376,,14.125748502994012,83
405,0.1057,-3525.538461538462,25.420833333333334,22.613515565679574,67.32649962034928,1309,83,0.0077221991237851105,,22.749430523917994,787
406,0.1052,-3464.338461538461,22.8475,20.07709414381023,63.77761304670126,1340,78,0.00735573046787248,,20.164566345441067,859
407,0.1046,-4209.707692307693,33.11,27.323225361819436,72.00413507925569,1414,83,0.007520981090094882,,27.428669882839422,2
408,0.104,-4132.0,31.920833333333334,27.057827926657264,71.63046544428772,1400,83,0.007446632478841924,,27.182651622002822,811
409,0.1034,-2462.169230769231,17.120833333333334,15.161314413741598,57.66840926064227,1327,82,0.0073217979893175494,,15.241971620612397,726
410,0.1028,-3605.876923076923,25.986666666666668,21.700296735905045,65.5727002967359,1343,81,0.007537878270107148,,21.801928783382788,345
411,0.1023,-3490.507692307692,27.575,23.269070735090153,67.31622746185853,1421,83,0.007487808218459447,,23.399445214979195,242
412,0.1017,-3306.3846153846152,22.733333333333334,19.721537345902828,63.50398839738941,1384,81,0.007652530122109989,,19.79550398839739,216
413,0.1011,-3223.8153846153846,23.6425,20.970171513795673,64.95600298284862,1343,84,0.007509383208174805,,21.06040268456376,881
414,0.1006,-2750.846153846154,19.815833333333334,17.99079754601227,61.42561349693251,1301,81,0.007468459961611951,,18.088957055214724,240
415,0.1,-3803.061538461538,30.560833333333335,26.861292665214233,71.29193899782135,1368,84,0.007344204675228673,,26.989832970225127,664
416,0.0995,-3337.3846153846152,26.513333333333332,23.362973760932945,67.44897959183673,1362,83,0.007235648299397658,,23.448979591836736,92
417,0.0989,-3270.7230769230773,24.251666666666665,20.95487106017192,65.36174785100286,1390,84,0.007120678120369863,,21.08303507516106,186
418,0.0984,-3467.276923076923,25.078333333333333,20.895291637385803,65.17638791286015,1421,81,0.007093096036332958,,21.01335207308503,716
419,0.0978,-3976.123076923077,32.86833333333333,27.830472103004293,73.03648068669528,1400,83,0.00731207555914183,,29.5527817403709,801
420,0.0973,-3176.6769230769232,29.673333333333332,25.797153024911033,69.81067615658363,1372,84,0.007530321076849402,,26.536879432624115,44
421,0.0968,-2462.5230769230775,16.61916666666667,14.912621359223301,58.143390589992535,1343,80,0.007391955643062387,,15.0134428678118,784
422,0.0962,-3600.338461538461,34.75,29.57278020378457,74.51237263464337,1361,85,0.0076458059868929505,,31.17381818181818,772
423,0.0957,-3079.846153846154,21.616666666666667,18.539017341040463,62.30274566473989,1376,85,0.007622584165316704,,18.658236994219653,288
424,0.0952,-3513.1076923076926,26.61,23.464748201438848,67.62949640287769,1378,83,0.007770025163672323,,23.574406901509704,389
425,0.0946,-3635.3076923076924,26.706666666666667,23.386834319526628,68.20192307692308,1355,82,0.007424749434054522,,23.49112426035503,67
426,0.0941,-2696.492307692308,20.0075,18.71749226006192,61.93730650154799,1279,84,0.007990515043565703,,18.820433436532507,370
427,0.0936,-3668.2000000000003,32.3775,27.86628733997155,72.61024182076814,1386,84,0.008047028909358694,,28.51487252124646,328
428,0.0931,-2930.4461538461537,20.3175,17.32389251997095,61.21423384168482,1386,85,0.00809815782470309,,17.432098765432098,443
429,0.0926,-2802.4,18.768333333333334,15.88807607900512,59.38332114118508,1376,81,0.007852384091240203,,15.99414776883687,52
430,0.092,-3310.0307692307692,22.7,20.151424287856074,64.56146926536732,1351,83,0.007942593159781559,,20.268365817091453,206
431,0.0915,-3031.2307692307695,21.515,18.3927797833935,62.15956678700361,1378,81,0.007852508995692923,,18.504693140794224,608
432,0.091,-3578.1384615384613,24.06833333333333,21.137298091042585,65.87591776798826,1369,81,0.008042667880925393,,21.24669603524229,219
433,0.0905,-3011.230769230769,20.973333333333333,18.31296572280179,62.299552906110286,1370,81,0.008455491391293814,,18.42995529061103,447
434,0.09,-3780.9846153846147,29.699166666666667,24.90671378091873,69.1356890459364,1383,82,0.008230263706500693,,25.215038650737878,86
435,0.0895,-3388.7230769230773,23.9675,19.872688477951638,63.997866287339974,1417,81,0.008353195919030278,,19.94665718349929,462
436,0.089,-3213.5538461538463,26.323333333333334,23.445515196441807,68.07487027427725,1331,85,0.007923375886306943,,23.53002223869533,799
437,0.0885,-2848.0769230769233,20.324166666666667,17.402737752161382,61.39048991354467,1391,82,0.007828916481822625,,17.50792507204611,646
438,0.088,-2946.7846153846153,20.3575,17.584604212055194,60.85257806826434,1366,81,0.007839858763539445,,17.675616835994195,790
439,0.0876,-2739.2153846153847,18.7775,16.7407132243685,59.84621099554235,1324,81,0.008008919089651812,,16.837295690936106,574
440,0.0871,-4033.123076923077,29.341666666666665,24.650104968509446,69.99440167949615,1423,82,0.008077642257475724,,24.743177046885933,828
441,0.0866,-2471.8153846153846,18.026666666666667,15.88847858197932,58.93722304283604,1348,82,0.008106791009732878,,15.97784342688331,308
442,0.0861,-3108.338461538462,22.934166666666666,19.976138828633406,63.81706435285611,1384,84,0.007821233940885334,,20.046276211135215,513
443,0.0856,-3438.553846153846,24.054166666666667,20.074679943100996,64.19132290184922,1405,81,0.007569270572863582,,20.160028449502132,259
444,0.0852,-3036.3999999999996,22.071666666666665,19.13103953147877,62.73792093704246,1367,83,0.007470574278505544,,19.250366032210835,188
445,0.0847,-3576.630769230769,25.983333333333334,21.401715511079342,65.36883488205861,1391,82,0.00762704058358441,,21.518227305218012,501
446,0.0842,-2816.3384615384616,23.258333333333333,20.56924198250729,63.80758017492711,1317,86,0.007723247367294077,,20.763119533527696,568
447,0.0838,-3601.538461538461,25.9925,22.75722543352601,66.73338150289017,1358,84,0.007778317096846869,,22.88078034682081,677
448,0.0833,-3067.215384615384,21.3025,18.37199124726477,61.85849744711889,1369,81,0.007597812529360585,,18.473377097009482,276
449,0.0828,-3068.123076923077,20.671666666666667,17.942461762563727,61.821558630735616,1381,79,0.00753085675866526,,18.010917030567686,244
450,0.0824,-3071.4461538461537,21.5925,18.65549890750182,62.68754552075747,1366,79,0.007744643341740763,,18.75892206846322,94
451,0.0819,-3362.9692307692303,24.660833333333333,22.012592592592593,66.38888888888889,1349,83,0.0074622326450338025,,22.09925925925926,830
452,0.0815,-4053.861538461538,31.25,27.50073206442167,73.28257686676427,1357,83,0.007681359638520303,,27.61639824304539,264
453,0.081,-2738.2,19.37,16.340925266903916,59.71814946619217,1416,83,0.007344057066139152,,16.44199288256228,526
454,0.0806,-3359.1384615384613,25.391666666666666,22.373775433308214,66.09495101733233,1331,82,0.007021526048723249,,22.492840994724943,727
455,0.0801,-3048.7384615384613,21.600833333333334,19.200447093889718,62.7220566318927,1330,81,0.0068902279966702755,,19.295827123695975,126
456,0.0797,-3767.630769230769,31.9225,27.3706591070163,71.43869596031183,1378,84,0.007000006122665906,,27.503897944720055,842
457,0.0792,-3362.046153846154,23.483333333333334,20.722838137472284,65.4478935698448,1325,77,0.007157582332658289,,20.847745750184774,701
458,0.0788,-3129.1692307692315,22.35333333333333,19.572479764532744,63.893303899926416,1349,82,0.007308388515962641,,19.68579838116262,184
459,0.0784,-3088.1076923076926,21.998333333333335,19.144117647058824,62.71911764705882,1361,83,0.007231862672448481,,19.230882352941176,882
460,0.0779,-2710.246153846154,19.281666666666666,17.297619047619047,60.99107142857143,1338,81,0.007338079346984086,,17.394345238095237,306
461,0.0775,-2623.9384615384615,18.3025,16.339538346984362,59.102755026061054,1295,81,0.007399963465499269,,16.436336559940433,457
462,0.0771,-2571.492307692308,17.488333333333333,15.7435697583788,58.39984411535464,1280,84,0.0075228103098706825,,15.83710054559626,628
463,0.0766,-3297.6153846153848,25.14,21.55366027007818,65.5316275764037,1403,84,0.007182373973359786,,21.70362473347548,544
464,0.0762,-2919.1846153846154,19.679166666666667,17.38638045891932,61.08734270910437,1376,78,0.007026089893712076,,17.473723168023685,758
465,0.0758,-3439.1384615384613,24.074166666666667,20.552804078659868,64.66205389657684,1393,83,0.006855668955494473,,20.626365622723963,84
466,0.0754,-2780.476923076923,20.768333333333334,18.036153289949386,61.34201012292119,1379,85,0.006728866401296838,,18.14172089660159,174
467,0.075,-3347.4461538461537,26.2725,22.981507823613086,67.02062588904694,1360,81,0.006839881378197142,,23.09950248756219,763
468,0.0745,-3844.507692307692,35.61333333333334,31.478576615831518,75.9753086419753,1363,83,0.006919285344425395,,34.697893972403776,109
469,0.0741,-3123.6153846153848,24.895,21.61665470208184,65.31586503948313,1377,84,0.007045281262835708,,21.737257717157213,429
470,0.0737,-2805.369230769231,19.775833333333335,16.921110299488678,60.028487947406866,1359,85,0.00689155028132291,,17.029218407596787,300
471,0.0733,-3222.1538461538466,23.683333333333334,20.352482269503547,64.30070921985816,1390,82,0.007142672391059893,,20.453191489361704,33
472,0.0729,-2832.830769230769,20.413333333333334,17.579250720461093,60.82276657060519,1378,82,0.007195644614002186,,17.645533141210375,221
473,0.0725,-3722.0461538461527,25.8425,21.86756373937677,67.09702549575071,1404,80,0.007128143114827112,,21.990084985835693,693
474,0.0721,-2633.7384615384617,19.3375,16.727935813274982,60.42377826404085,1359,85,0.007364535733953523,,16.84245076586433,340
475,0.0717,-2689.876923076923,18.838333333333335,16.699386503067483,59.81901840490798,1308,84,0.007269626991685832,,16.778374233128833,20
476,0.0713,-3010.584615384615,22.086666666666666,19.451495258935083,63.053245805981035,1356,83,0.007107131872909822,,19.576951130561635,418
477,0.0709,-2773.9230769230767,19.605,16.84439685938615,60.409707351891505,1375,81,0.007106596053338202,,16.957173447537475,296
478,0.0705,-3105.8307692307694,22.95916666666667,19.3864118895966,62.89950460014154,1383,83,0.007788626117223392,,19.473460721868364,336
479,0.0701,-2953.184615384616,21.465833333333332,18.778270509977826,62.60088691796009,1372,83,0.007644693573358642,,18.876570583887656,590
480,0.0697,-3027.6615384615384,21.409166666666668,18.969334330590875,62.404637247569184,1331,80,0.008228333040825259,,19.06581899775617,37
481,0.0694,-2799.753846153846,20.330833333333334,17.335051546391753,60.611929307805596,1338,83,0.0079216989909126,,17.454344624447717,439
482,0.069,-2867.630769230769,19.736666666666668,17.225454545454546,60.64654545454545,1352,81,0.007806450916085389,,17.34690909090909,598
483,0.0686,-2703.461538461538,19.0725,16.703595011005135,60.02641232575202,1357,81,0.007621694749551345,,16.79090242112986,498
484,0.0682,-2609.3846153846157,18.1975,15.735606060606061,59.39772727272727,1339,82,0.00804302849632964,,15.829545454545455,32
485,0.0678,-3601.8153846153846,29.381666666666668,25.95836431226766,70.01561338289963,1329,85,0.007513316473524907,,26.06022304832714,49
486,0.0675,-3134.7846153846153,23.31,20.64977973568282,65.02790014684288,1360,86,0.007365450091357953,,20.759911894273127,802
487,0.0671,-2548.046153846154,18.864166666666666,16.13753581661891,59.310888252149,1399,86,0.0073256823036236774,,16.248567335243553,375
488,0.0667,-2539.5230769230766,18.281666666666666,16.638022813688213,59.390114068441065,1294,83,0.00739491496049299,,16.752851711026615,543
489,0.0664,-2598.630769230769,18.220833333333335,16.015578635014837,59.45103857566765,1364,83,0.007264887630404881,,16.107566765578635,899
490,0.066,-3172.1538461538466,22.370833333333334,18.67632850241546,62.47412008281574,1423,79,0.007218767124699284,,18.786749482401657,832
491,0.0656,-2841.846153846154,20.575,17.561773255813954,61.06031976744186,1359,83,0.007123463264902181,,17.646845540246556,595
492,0.0653,-3017.276923076923,20.770833333333332,17.725274725274726,61.536263736263734,1378,85,0.00741320237488693,,17.821245421245422,176
493,0.0649,-2989.6307692307696,20.265833333333333,17.213762811127378,60.9311859443631,1374,84,0.007117589550598192,,17.341142020497802,464
494,0.0645,-2707.076923076923,19.450833333333332,17.058289174867525,60.29674489023467,1320,82,0.007297747181912845,,17.169568508705527,304
495,0.0642,-2980.830769230769,21.3425,17.904278462654098,61.70993473531544,1373,83,0.007245758857058549,,18.022480058013052,82
496,0.0638,-2580.6,17.464166666666667,15.449286250939144,58.12021036814425,1334,80,0.0071707291340998925,,15.546205860255448,183
497,0.0635,-4180.076923076924,31.685,27.940652818991097,73.32344213649851,1352,81,0.007417065857047452,,28.037091988130562,583
498,0.0631,-2182.923076923077,15.870833333333334,13.870044052863436,56.698237885462554,1344,82,0.007618652370165721,,13.972873900293255,728
499,0.0628,-2566.5538461538463,18.154166666666665,15.816432272390822,58.71132494448557,1332,82,0.007272054133892047,,15.90821613619541,182
500,0.0624,-3016.276923076923,20.7675,18.858352578906853,61.71824480369515,1283,82,0.0075540561613256845,,18.95381062355658,208
501,0.0621,-3203.953846153846,24.9925,22.155786350148368,66.19436201780415,1352,84,0.007204806224462911,,22.26854599406528,354
502,0.0617,-3271.876923076923,23.735833333333332,19.91109530583215,64.05192034139402,1397,84,0.007821247958975718,,19.990760483297798,386
503,0.0614,-3131.076923076923,21.6075,18.79575402635432,62.76354319180088,1366,82,0.007600893962745776,,18.914348462664716,1
504,0.0611,-4104.338461538462,36.281666666666666,31.526468455402465,77.05003625815809,1362,84,0.007234120813144213,,31.702683103698334,416
505,0.0607,-3274.2307692307695,23.493333333333332,20.0409057706355,64.12344777209643,1397,80,0.007298330466107511,,20.14317019722425,192
506,0.0604,-2892.5692307692307,20.066666666666666,17.61842105263158,61.20906432748538,1357,80,0.00736603946622342,,17.70175438596491,631
507,0.06,-3752.276923076923,25.970833333333335,22.24356144223694,66.66961000735836,1366,83,0.00728613064332757,,22.328676470588235,491
508,0.0597,-3317.215384615384,23.399166666666666,20.1070110701107,64.12841328413285,1368,81,0.0071868162742879,,20.231734317343175,642
509,0.0594,-4015.723076923077,28.245833333333334,23.519580419580418,69.61118881118881,1439,81,0.007092285842807618,,23.644055944055943,588
510,0.0591,-2277.3076923076924,14.124166666666667,12.785714285714286,55.2111801242236,1287,84,0.007129184199206615,,12.889751552795031,839
511,0.0587,-3077.3384615384616,21.639166666666668,18.34025787965616,61.86103151862464,1389,81,0.007228230540604627,,18.431948424068768,518
512,0.0584,-2318.784615384615,15.5225,13.99769053117783,56.76751347190146,1317,85,0.007055508021309436,,14.124711316397228,134
513,0.0581,-2643.630769230769,18.773333333333333,16.36478454680535,59.85958395245171,1356,85,0.007153815704092101,,16.449479940564636,198
514,0.0578,-4086.9846153846156,32.0075,27.508960573476703,73.18136200716846,1403,83,0.006954198858747834,,27.622222222222224,152
515,0.0574,-2962.9384615384615,21.79,19.05575935436537,63.20763022743947,1352,83,0.006761627696022432,,19.17094644167278,22
516,0.0571,-3243.6923076923076,25.460833333333333,21.29045643153527,65.70401106500691,1412,86,0.006935840194296866,,21.424619640387274,85
517,0.0568,-2720.2615384615383,18.8875,16.01854599406528,59.08456973293769,1353,86,0.007004991136299016,,16.134272997032642,421
518,0.0565,-4270.492307692308,33.83583333333333,27.670859538784068,73.15723270440252,1406,81,0.0071936757282092595,,27.79664570230608,630
519,0.0562,-2566.0153846153844,17.405833333333334,15.52659574468085,58.48632218844985,1350,79,0.0072459462704967115,,15.624620060790274,620
520,0.0559,-2555.2,18.32,15.702779757662153,58.65502494654312,1379,82,0.007022100548103489,,15.785459729151817,755
521,0.0556,-2782.769230769231,19.84,17.323933477946493,61.01084598698482,1364,83,0.007050224646097537,,17.420824295010846,357
522,0.0553,-2765.953846153846,19.846666666666668,17.985671191553543,61.822021116138764,1315,85,0.006961441990563629,,18.113876319758674,349
523,0.0549,-3021.538461538462,20.618333333333332,18.29900076863951,62.22598001537279,1292,85,0.007133422510246556,,18.4304381245196,189
524,0.0546,-3033.9692307692308,22.074166666666667,20.40078125,65.77109375,1311,83,0.007169824837469367,,20.515625,98
525,0.0543,-3705.0615384615385,29.780833333333334,25.429704397981254,69.8002883922134,1394,84,0.0073313351475048525,,25.550829127613554,506
526,0.054,-2885.2000000000003,21.25,18.146638054363375,61.70958512160229,1397,85,0.006954774442993364,,18.265379113018597,844
527,0.0537,-2199.5230769230775,16.184166666666666,14.10930576070901,56.403988183161005,1338,85,0.007268583044464948,,14.1890694239291,528
528,0.0534,-2748.415384615385,19.088333333333335,16.899543378995435,60.16438356164384,1333,83,0.0071288442798990515,,17.014459665144596,861
529,0.0531,-2740.8,19.979166666666668,17.183850036049026,61.12833453496756,1386,84,0.007439734715937292,,17.29271809661139,675
530,0.0529,-3038.4461538461537,21.654166666666665,18.847711927981994,62.37659414853714,1316,82,0.006996673778647275,,18.957989497374342,866
531,0.0526,-3872.7230769230773,29.698333333333334,23.865609924190213,68.72157133011716,1458,82,0.006992814697379914,,24.064093728463128,402
532,0.0523,-3423.523076923077,28.160833333333333,24.817784256559765,68.84475218658892,1343,86,0.007124799756508185,,24.93002915451895,484
533,0.052,-3837.4769230769225,27.719166666666666,24.886295180722893,70.52334337349397,1315,82,0.007008968462562884,,24.987951807228917,287
534,0.0517,-3322.0769230769233,23.00583333333333,19.668559261887864,62.978708303761536,1391,81,0.0071183398466502165,,19.760823278921222,519
535,0.0514,-2818.2153846153847,20.256666666666668,17.131407942238265,60.111191335740074,1382,83,0.007042082091482504,,17.23898916967509,267
536,0.0511,-2797.492307692308,18.9625,16.22380239520958,60.02170658682635,1355,84,0.006887452546206626,,16.315868263473053,256
537,0.0508,-3872.4,40.4225,33.42287434161023,78.29270127915726,1294,84,0.006889392662181298,,45.78270509977827,862
538,0.0506,-3135.7230769230773,23.468333333333334,20.94921583271098,64.56534727408514,1299,82,0.0071545047880937395,,21.066467513069455,786
539,0.0503,-2864.3846153846152,19.586666666666666,17.13582089552239,60.80223880597015,1348,81,0.007099761353392851,,17.22910447761194,710
540,0.05,-2844.784615384615,20.645,18.355034065102195,62.5109765329296,1328,84,0.007328906058016535,,18.447388342165027,731
541,0.05,-3021.753846153846,20.885,17.58974358974359,61.44088319088319,1401,84,0.007565956035198402,,17.683274021352315,127
542,0.05,-2616.6923076923076,18.905833333333334,16.971599402092675,60.69282511210762,1321,85,0.007566044069924907,,17.06576980568012,190
543,0.05,-2958.2615384615383,21.435,18.498184458968773,62.63035584604212,1365,83,0.007302519560922947,,18.639796659404503,374
544,0.05,-2858.1538461538466,20.893333333333334,18.508902077151337,61.91394658753709,1339,86,0.007578737263404477,,18.619436201780417,863
545,0.05,-3114.0923076923077,22.61,19.256826568265684,61.99040590405904,1349,83,0.007180156010191766,,19.35693215339233,722
546,0.05,-3518.5538461538463,24.385833333333334,20.915797317436663,65.09687034277198,1343,80,0.007339721281980404,,20.994038748137108,107
547,0.05,-2834.3999999999996,19.458333333333332,17.280714817572598,60.988086373790026,1351,80,0.007169318047725327,,17.401340282948624,847
548,0.05,-2125.6615384615384,15.361666666666666,14.027649769585253,56.38786482334869,1283,85,0.007540056996696948,,14.091397849462366,545
549,0.05,-2805.046153846154,19.779166666666665,17.078055964653903,60.94918998527246,1362,83,0.007448478283612529,,17.17083946980854,145
550,0.05,-2794.753846153846,21.003333333333334,18.47222222222222,61.89181286549707,1372,83,0.007876664788596993,,18.57456140350877,194
551,0.05,-2452.7999999999997,17.55,15.882711348057883,58.84082254379284,1305,86,0.007759237283735644,,15.994668697638994,829
552,0.05,-3374.415384615385,28.2625,24.516618497109828,68.43352601156069,1377,85,0.007719882066811977,,25.004307250538407,257
553,0.05,-2833.984615384615,21.386666666666667,18.844070278184482,62.08125915080527,1349,84,0.007830739097834721,,18.92977322604243,55
554,0.05,-3738.4153846153845,33.57333333333333,29.15581565471836,74.03145574250183,1375,83,0.007848233065308704,,30.068713450292396,293
555,0.05,-3145.030769230769,23.595833333333335,21.398479087452472,65.71406844106464,1304,85,0.007902540364704549,,21.533079847908745,737
556,0.05,-2474.953846153846,16.4525,15.25707727620505,57.80719204284621,1296,76,0.007519899474072904,,15.352716143840857,246
557,0.05,-2878.6769230769232,21.255,17.84648187633262,61.78464818763326,1391,83,0.007354696839026241,,17.975124378109452,253
558,0.05,-2760.707692307692,19.435,15.766169154228855,59.127931769722814,1395,83,0.007467349274690547,,15.892755681818182,668
559,0.05,-2726.3230769230768,19.5125,17.133432171979244,60.587842846553,1333,84,0.007195779201834737,,17.220904373610082,624
560,0.05,-3368.1692307692306,25.70916666666667,22.016323633782825,65.71185237757274,1389,82,0.007188487172082211,,22.132624113475178,823
561,0.05,-3267.415384615385,25.81,22.465081723625556,65.95765230312035,1328,85,0.007545198695480531,,22.58692421991085,775
562,0.05,-3932.338461538461,31.295,27.266028002947678,72.07737656595431,1363,82,0.00741985649955693,,27.675018422991894,816
563,0.05,-2920.8461538461543,20.968333333333334,18.644042232277528,62.88989441930618,1334,85,0.007669066016749316,,18.754147812971343,647
564,0.05,-3536.7692307692314,27.159166666666668,23.04965034965035,67.5104895104895,1431,83,0.007127774049561319,,23.145454545454545,318
565,0.05,-3197.538461538461,23.279166666666665,19.463187991422444,63.44674767691208,1395,83,0.0073303338979106665,,19.548963545389565,661
566,0.05,-3440.2153846153847,23.980833333333333,21.00442804428044,65.88339483394834,1356,82,0.00752637014613894,,21.106273062730626,781
567,0.05,-3013.3230769230768,27.691666666666666,25.12148148148148,69.75555555555556,1317,86,0.007457645817633316,,25.30666666666667,504
568,0.05,-3725.1230769230774,31.544166666666666,26.900920028308562,71.76716206652512,1393,86,0.007596859902768042,,27.76874115983027,592
569,0.05,-3699.0615384615385,26.378333333333334,23.164017341040463,68.88367052023122,1373,82,0.007294814296344229,,23.277456647398843,104
570,0.05,-3180.3538461538465,22.891666666666666,20.205510052122115,64.6842889054356,1348,86,0.007150039300195222,,20.320923306031272,446
571,0.05,-2562.4769230769234,18.735833333333332,16.22407541696882,59.420594633792604,1352,83,0.0071035419869989545,,16.311094996374184,888
572,0.05,-4238.230769230769,38.9,34.256914119359536,80.19505094614264,1350,84,0.007394503835616129,,34.92363636363636,179
573,0.05,-2826.276923076923,20.3625,18.10342261904762,61.32217261904762,1330,82,0.0073997243497284605,,18.170260223048327,39
574,0.05,-3339.246153846154,27.5,23.869440459110475,69.09756097560975,1369,84,0.006923945336996343,,24.47274031563845,131
575,0.05,-2938.4923076923073,22.091666666666665,20.166290443942813,64.79984951091046,1337,84,0.00717712267259001,,20.26109857035365,732
576,0.05,-3026.938461538462,21.195833333333333,17.712988826815643,61.29189944134078,1412,84,0.007192577893391711,,17.824720670391063,534
577,0.05,-2697.4769230769225,18.789166666666667,16.721758908263837,59.846095526914326,1319,81,0.007248521904884625,,16.842304776345717,812
578,0.05,-3614.0615384615385,31.984166666666667,28.012445095168374,72.95387994143485,1357,86,0.007315139052001136,,28.98249452954048,406
579,0.05,-3259.984615384615,24.83416666666667,21.750183688464364,65.97648787656135,1349,85,0.006849199578756981,,21.82819383259912,853
580,0.05,-3012.3999999999996,21.746666666666666,18.43754461099215,62.70164168451107,1411,85,0.00703063537257587,,18.531763026409706,619
581,0.05,-2385.0153846153844,15.884166666666667,14.603514132925898,57.50496562261268,1310,80,0.007213154584487677,,14.728800611153552,121
582,0.05,-3423.1846153846154,24.555833333333332,20.395549174443648,64.96913137114142,1389,82,0.007277760933366343,,20.502512562814072,394
583,0.05,-2581.538461538462,19.138333333333332,16.710273466371028,60.31929046563193,1345,86,0.007174910542117722,,16.81079083518108,629
584,0.05,-3275.353846153846,23.160833333333333,19.561416184971097,63.672687861271676,1402,83,0.007018996892566331,,19.694364161849713,662
585,0.05,-2814.476923076923,19.153333333333332,16.378711078928312,59.76393917451122,1389,82,0.007079903494061446,,16.491672700941347,469
586,0.05,-2635.476923076923,18.475,16.105960264900663,59.85724797645327,1344,83,0.007050322556162294,,16.236203090507725,455
587,0.05,-2459.4153846153845,17.075833333333332,15.751529051987768,58.45565749235474,1284,81,0.007485242461345833,,15.844801223241591,273
588,0.05,-3415.9692307692303,33.32666666666667,27.437052932761087,72.0886981402003,1394,85,0.007502164927142665,,28.485085227272727,663
589,0.05,-3214.507692307692,26.6225,23.433284457478006,67.96407624633432,1364,87,0.007468722817127349,,23.569648093841643,535
590,0.05,-2796.9384615384615,19.751666666666665,17.1869918699187,60.465631929046566,1335,84,0.007471685161092451,,17.311160384331117,764
591,0.05,-3216.9076923076923,24.490833333333335,21.933625091174324,65.59810357403356,1361,82,0.007548070077855068,,22.061269146608314,495
592,0.05,-2623.9846153846147,18.95,16.698211624441132,59.99329359165425,1336,86,0.007525994630919191,,16.81296572280179,460
593,0.05,-2704.538461538462,19.9025,17.438557763061073,60.80132450331126,1362,85,0.007405308583208188,,17.55849889624724,851
594,0.05,-2403.3846153846152,17.224166666666665,15.61178247734139,59.08534743202417,1328,84,0.007655690528715074,,15.698640483383686,295
595,0.05,-2643.876923076923,18.2125,15.483731019522777,59.20535068691251,1424,84,0.007659133562668495,,15.582067968185104,130
596,0.05,-2554.369230769231,17.739166666666666,15.876854599406528,58.62908011869436,1335,83,0.0075389802327748045,,15.979985174203113,865
597,0.05,-2582.1384615384613,17.925,15.909498878085266,59.347045624532534,1355,83,0.007422452746538683,,16.013462976813763,326
598,0.05,-2317.953846153846,18.0825,16.08223201174743,58.70704845814978,1339,84,0.007362574526400668,,16.229809104258443,748
599,0.05,-3430.876923076923,25.684166666666666,22.5756698044895,67.18320057929037,1359,86,0.0072563084333527195,,22.6908037653874,290
600,0.05,-3667.2461538461534,35.47416666666667,30.873715124816446,76.32305433186491,1340,87,0.007237794387900242,,33.22959183673469,362
601,0.05,-3390.553846153846,28.548333333333332,24.17859673990078,68.52161587526577,1395,84,0.007412015607328514,,24.360481586402265,21
602,0.05,-3147.169230769231,24.526666666666667,21.49669360764144,65.87215282880236,1350,86,0.007506632422442177,,21.615723732549597,282
603,0.05,-4800.476923076923,38.88166666666667,33.611671469740635,81.96613832853026,1400,83,0.007408064689845369,,35.06195965417867,218
604,0.05,-2980.6461538461535,20.805,17.827712609970675,60.856304985337246,1359,84,0.007292408928697372,,17.915689149560116,565
605,0.05,-2698.1692307692306,18.564166666666665,16.23644578313253,59.66189759036145,1333,84,0.007075801634395609,,16.34262048192771,292
606,0.05,-2766.3846153846152,21.425833333333333,18.104136947218258,61.68402282453638,1366,87,0.007249698067534718,,18.20970042796006,432
607,0.05,-3927.907692307692,37.016666666666666,31.273376159885796,77.10563882940757,1379,86,0.007233960123506445,,32.20328102710414,71
608,0.05,-2584.2,18.635,16.60960960960961,60.01501501501502,1332,87,0.007164550000605104,,16.72072072072072,819
609,0.05,-2276.2153846153847,15.494166666666667,13.801024140453547,56.6356986100951,1338,82,0.007277434725256524,,13.878566203365033,96
610,0.05,-2987.0307692307692,22.4875,18.958677685950413,62.72201352366642,1345,86,0.007333885125339424,,19.076634109691962,220
611,0.05,-2541.7384615384617,16.995833333333334,14.508836524300442,57.833578792341676,1375,82,0.007653189377589319,,14.625920471281296,450
612,0.05,-2658.646153846154,17.595833333333335,14.913525498891353,58.532150776053214,1375,82,0.007304654500981009,,15.025129342202513,177
613,0.05,-3548.8769230769226,24.45,21.879374534623977,66.91586001489203,1338,81,0.007216008621551381,,21.98139880952381,277
614,0.05,-2759.9846153846156,21.12,18.2993445010925,62.059723233794614,1368,87,0.007024783802749242,,18.387190684133916,499
615,0.05,-3551.215384615385,27.740833333333335,23.931133428981347,68.75681492109038,1387,85,0.00725752720726947,,24.101147776183645,538
616,0.05,-2740.646153846154,20.675,17.96065808297568,60.8447782546495,1370,84,0.007198988176907754,,18.070815450643778,215
617,0.05,-2796.1384615384613,20.2125,18.446743295019157,62.337164750957854,1295,84,0.007306873748702057,,18.539816232771823,745
618,0.05,-3255.507692307692,24.448333333333334,21.48212983223924,65.23705324580598,1340,83,0.0071762197640425135,,21.583515681983954,776
619,0.05,-3787.6,26.4925,22.2865329512894,66.97134670487107,1386,83,0.007039892601524432,,22.411174785100286,222
620,0.05,-2484.1692307692306,17.3725,15.131617647058823,58.2125,1369,82,0.007278445561172292,,15.230882352941176,411
621,0.05,-2980.4307692307693,20.593333333333334,17.768833087149186,60.7917282127031,1339,81,0.007097463401668256,,17.897341211225996,199
622,0.05,-2524.4461538461537,17.8525,15.946089597570236,59.203492786636296,1339,84,0.007015338762678878,,16.028831562974204,415
623,0.05,-2896.076923076923,21.553333333333335,19.005965697240864,62.909768829231915,1341,85,0.0073881530962834185,,19.122296793437734,562
624,0.05,-3230.784615384616,23.4,20.09370529327611,64.2381974248927,1393,80,0.007222233963409394,,20.198855507868384,825
625,0.05,-2282.0769230769233,15.9775,14.102281089036056,56.521707137601176,1345,82,0.007266624183205117,,14.224429727740986,733
626,0.05,-2648.3846153846157,18.865,16.43205317577548,59.933530280649926,1366,84,0.007031540303314511,,16.54357459379616,141
627,0.05,-3669.4000000000005,35.72,30.253373313343328,75.62068965517241,1343,86,0.007113598265734071,,31.52647278150634,576
628,0.05,-3066.8,21.473333333333333,18.540638606676342,62.01306240928882,1371,84,0.006854626870099713,,18.648040638606677,440
629,0.05,-3703.8,31.7925,27.566118656182987,72.53538241601143,1365,84,0.0071783990238118356,,28.130807719799858,502
630,0.05,-2731.3538461538465,19.170833333333334,17.395295902883156,61.27238239757208,1321,83,0.007556306125930779,,17.519726858877085,181
631,0.05,-2766.646153846154,19.419166666666666,17.23316062176166,60.86084381939304,1350,85,0.007448240578859922,,17.335307179866767,209
632,0.05,-3904.169230769231,30.3175,26.4099560761347,70.27159590043924,1342,82,0.007284356925634991,,26.97548666186013,704
633,0.05,-3079.246153846154,22.860833333333332,19.64727272727273,63.862545454545455,1368,83,0.0075914984407364095,,19.803636363636365,245
634,0.05,-3442.169230769231,23.9975,20.70359712230216,64.77410071942447,1372,81,0.007601737253868601,,20.805176132278937,392
635,0.05,-2756.0307692307692,20.134166666666665,17.174910394265233,60.14480286738351,1378,83,0.007213555791891875,,17.25448028673835,313
636,0.05,-3101.9846153846156,22.058333333333334,18.934153400868308,63.15846599131693,1376,82,0.0075033316319174015,,19.029645697758497,869
637,0.05,-2660.630769230769,18.980833333333333,16.56286549707602,59.546783625730995,1349,82,0.007550627170071972,,16.654239766081872,91
638,0.05,-2791.0615384615385,20.07,17.76757957068838,61.33160621761658,1353,85,0.007555139640334806,,17.89637305699482,88
639,0.05,-2994.8153846153846,20.260833333333334,17.024602026049205,60.42908827785818,1368,83,0.007447606129235253,,17.139652677279305,572
640,0.05,-3702.215384615385,34.17166666666667,30.08708487084871,75.02583025830258,1338,83,0.007204686331830847,,30.356457564575646,821
641,0.05,-3045.1538461538457,21.365,18.285509325681492,62.07030129124821,1389,84,0.00744669490189285,,18.384505021520802,692
642,0.05,-2614.4769230769234,18.328333333333333,15.54182087342709,58.73723168023686,1369,84,0.0075339796266478,,15.636565507031829,486
643,0.05,-2386.8153846153846,16.184166666666666,14.493708364174685,58.119911176905994,1362,84,0.007209591490822758,,14.581051073279053,66
644,0.05,-3471.338461538461,24.2275,20.047169811320753,64.11030478955007,1389,83,0.007295380537336939,,20.154571843251087,310
645,0.05,-3443.0615384615385,23.240833333333335,20.37117903930131,64.48471615720524,1353,78,0.007226578508725286,,20.483988355167394,409
646,0.05,-3448.538461538461,25.239166666666666,22.45086271567892,66.80195048762191,1322,80,0.0070942802833725985,,22.548387096774192,226
647,0.05,-3850.8307692307694,27.9025,25.068215892053974,70.13643178410794,1335,80,0.007195997796380354,,25.140929535232384,461
648,0.05,-3013.5230769230766,21.5075,18.737835875090777,62.198983297022515,1344,80,0.007217400664451934,,18.855482933914306,835
649,0.05,-2835.246153846154,20.205833333333334,17.49008082292432,60.798677443056576,1345,83,0.007321999777592857,,17.596620132255694,441
650,0.05,-2685.3538461538465,19.565,18.064836003051106,61.68649885583524,1300,83,0.00741133854430165,,18.189168573607933,248
651,0.05,-2885.7230769230773,21.565,19.217712177121772,63.183763837638374,1350,83,0.0073647426302508355,,19.335055350553507,187
652,0.05,-2746.707692307692,19.670833333333334,16.996355685131196,60.11151603498542,1363,81,0.007438249896171257,,17.096938775510203,849
653,0.05,-3890.2615384615383,28.851666666666667,24.022253129346314,68.87621696801112,1402,82,0.007196823112044959,,24.13143254520167,135
654,0.05,-2591.492307692308,17.9075,15.968586387434556,58.87584143605086,1320,82,0.007434120778982212,,16.05833956619297,117
655,0.05,-3159.9076923076923,21.7675,19.14877868245744,62.960769800148036,1363,80,0.007914322043498194,,19.253886010362695,327
656,0.05,-3933.923076923077,34.35333333333333,29.334514528703046,74.10063784549965,1389,83,0.008069254832482938,,29.64847625797307,353
657,0.05,-2995.3999999999996,20.225,17.39868804664723,60.85131195335277,1378,83,0.007607874024860148,,17.53061224489796,613
658,0.05,-3764.3846153846157,29.919166666666666,26.078488372093023,69.9484011627907,1353,83,0.007483872293295668,,26.16485112563544,867
659,0.05,-2841.8307692307694,20.780833333333334,18.084898572501878,61.73328324567994,1329,82,0.007653158929183861,,18.16604057099925,723
660,0.05,-2494.276923076923,16.200833333333332,14.445977011494254,57.28429118773946,1332,82,0.007540072637665626,,14.53103448275862,70
661,0.05,-2410.3230769230768,17.011666666666667,14.655749636098982,57.577147016011644,1369,85,0.007700758694665355,,14.747636363636364,870
662,0.05,-2512.2307692307695,17.1575,15.195732155997057,57.98233995584989,1339,81,0.007452333104397135,,15.275938189845474,275
663,0.05,-3153.3230769230768,22.743333333333332,19.52258064516129,63.62724014336918,1360,82,0.0073877618248071745,,19.66021505376344,805
664,0.05,-3493.7846153846153,24.59,20.852320675105485,65.00492264416314,1398,82,0.00735959149406381,,20.981715893108298,384
665,0.05,-2243.0923076923077,15.569166666666666,14.532145623547638,57.70797831138652,1277,84,0.007293445064452005,,14.647560030983733,19
666,0.05,-2969.2153846153847,21.013333333333332,18.41740412979351,61.860619469026545,1332,81,0.007204801761279365,,18.54646017699115,419
667,0.05,-2513.415384615385,17.53,15.917541229385307,59.40179910044977,1319,83,0.007035437158454093,,15.997003745318352,383
668,0.05,-3128.3076923076924,21.854166666666668,18.258972554539056,61.943701618578466,1396,80,0.007174347366070269,,18.363828289936663,604
669,0.05,-2532.8153846153846,17.848333333333333,15.483113069016152,58.694566813509546,1372,86,0.007088308589532306,,15.588839941262849,838
670,0.05,-3967.646153846154,34.58583333333333,30.247445255474453,75.15620437956204,1347,79,0.007331534122671025,,30.50692924872356,759
671,0.05,-2929.461538461539,21.435,18.719530102790014,62.00807635829662,1367,80,0.007025550148021759,,18.79588839941263,800
672,0.05,-2530.8615384615387,17.29,14.773932253313697,57.675257731958766,1375,83,0.007268661481474284,,14.859455481972038,610
673,0.05,-2742.661538461539,20.428333333333335,18.168389955686855,61.32422451994091,1333,84,0.00722064394131354,,18.269372693726936,770
674,0.05,-2749.169230769231,19.564166666666665,17.040242976461656,60.333333333333336,1324,84,0.007118077002274165,,17.134396355353076,381
675,0.05,-3677.4,27.795833333333334,24.03971119133574,68.87292418772563,1400,82,0.007258781303635092,,24.129241877256316,846
676,0.05,-3040.3384615384616,23.661666666666665,20.53834915997078,64.85390796201607,1379,86,0.007280081626564831,,20.64645726807889,385
677,0.05,-2782.6769230769232,20.975833333333334,18.576781778104333,62.43497428361499,1332,84,0.007075637012851858,,18.694342395297575,666
678,0.05,-3317.5538461538463,24.9425,22.322556390977443,67.20601503759399,1343,85,0.0071922951393293,,22.442857142857143,742
679,0.05,-4024.7076923076925,35.04833333333333,29.322419928825624,74.43416370106762,1400,83,0.007078009880001712,,29.90747330960854,678
680,0.05,-2544.6923076923076,17.754166666666666,15.434343434343434,58.313131313131315,1368,84,0.0071580063678260185,,15.520923520923521,322
681,0.05,-2613.461538461538,17.69333333333333,15.417758369723435,58.65211062590975,1359,83,0.007187781590775383,,15.52183406113537,175
682,0.05,-2579.292307692308,20.926666666666666,18.536531365313653,61.458302583025834,1318,83,0.007276467487715116,,18.65239852398524,815
683,0.05,-2765.6769230769232,19.82,17.06574141709277,60.79985390796202,1370,84,0.007286229559253429,,17.182615047479914,363
684,0.05,-2507.4461538461537,17.659166666666668,16.393819334389857,59.71394611727417,1273,81,0.007310811141994909,,16.474267616785433,38
685,0.05,-2861.4307692307693,20.365833333333335,17.515219005196734,61.38233110616184,1355,85,0.007033804223090748,,17.619896065330362,720
686,0.05,-3588.6615384615384,31.72833333333333,27.265436479772887,71.5124201561391,1385,82,0.007108617165255686,,27.699152542372882,480
687,0.05,-2740.7384615384613,19.1825,16.676775147928993,60.249260355029584,1363,83,0.006864515546385147,,16.78846153846154,395
688,0.05,-3846.892307692308,35.31583333333333,29.79483600837404,74.5457083042568,1403,84,0.007097495991605278,,29.901742160278747,774
689,0.05,-3447.753846153846,29.678333333333335,26.020588235294117,69.94485294117646,1335,84,0.006989798740121944,,26.22279411764706,810
690,0.05,-3458.707692307692,26.734166666666667,22.406532314107018,67.11535788742182,1408,84,0.007352682913598552,,22.519805420430856,247
691,0.05,-2618.030769230769,18.990833333333335,16.494160583941607,59.68686131386861,1363,84,0.007203294881486058,,16.603649635036497,123
692,0.05,-3048.3230769230768,22.08,18.778251599147122,62.456289978678036,1396,82,0.007245010196922059,,18.901918976545844,97
693,0.05,-2878.876923076923,20.52,17.40116703136397,60.671043034281546,1385,83,0.0070619974920270055,,17.51203501094092,573
694,0.05,-3611.5692307692307,32.814166666666665,27.671014492753624,72.3768115942029,1379,84,0.007018153543175088,,28.693198263386396,739
695,0.05,-3205.753846153846,23.454166666666666,20.64142538975501,63.956941351150704,1334,82,0.0069755155372995545,,20.749814402375648,817
696,0.05,-2907.0,21.85333333333333,19.78613569321534,63.089233038348084,1321,85,0.007023307383345969,,19.87988209285188,35
697,0.05,-3163.9846153846156,22.936666666666667,20.01879971077368,64.2299349240781,1400,81,0.006960326981254407,,20.13232104121475,341
698,0.05,-2865.7692307692305,21.1275,18.471014492753625,62.177536231884055,1367,82,0.007573141705182303,,18.571739130434782,396
699,0.05,-3472.1538461538466,30.031666666666666,25.145387453874537,69.94833948339483,1366,86,0.007153756024692412,,25.407380073800738,128
700,0.05,-2354.153846153846,16.2775,13.827535159141377,56.5358993338268,1348,83,0.007163541593075264,,13.894308943089431,445
701,0.05,-3623.7230769230764,30.268333333333334,26.51449814126394,69.8542750929368,1330,80,0.007273484450661224,,27.340236686390533,36
702,0.05,-3618.9384615384615,30.846666666666668,27.35500365230095,71.41928414901388,1332,83,0.007262403311987723,,27.815808556925308,655
703,0.05,-4369.415384615385,39.06916666666667,33.69631236442516,78.76355748373102,1362,83,0.007315954456468357,,36.62171753016324,797
704,0.05,-2822.046153846154,19.778333333333332,17.014716703458426,60.23325974981604,1358,84,0.007251371544703053,,17.136865342163354,878
705,0.05,-3233.4000000000005,25.953333333333333,23.072992700729927,65.94671532846715,1329,79,0.007196340340415692,,23.418181818181818,684
706,0.05,-3000.076923076923,20.740833333333335,18.444693572496263,61.3729446935725,1327,80,0.007219279938425969,,18.573562359970126,202
707,0.05,-2608.3538461538465,19.386666666666667,16.807168458781362,60.90752688172043,1361,85,0.007095124141830147,,16.931182795698923,785
708,0.05,-3232.0307692307692,22.9575,19.342565597667637,63.2201166180758,1374,82,0.007374978288723926,,19.42898761835397,93
709,0.05,-3888.2923076923075,27.211666666666666,24.115581565471835,68.4740307242136,1365,79,0.007183888426659646,,24.20848573518654,99
710,0.05,-3193.1538461538466,22.749166666666667,19.308135349172066,63.254859611231105,1380,86,0.007039540607301158,,19.378689704823614,0
711,0.05,-3475.4000000000005,25.985,22.879677182685253,66.71019809244314,1347,81,0.007154954744101605,,22.979457079970654,243
712,0.05,-4023.36923076923,36.7825,30.526354862657758,75.456570155902,1331,85,0.0070665903883354595,,31.634001484780995,549
713,0.05,-2254.1384615384613,15.6775,14.060902255639098,56.393984962406016,1342,82,0.007218433632919102,,14.148120300751879,25
714,0.05,-3208.5076923076927,24.288333333333334,21.260303687635574,64.6174981923355,1369,83,0.007005369807206053,,21.37237888647867,438
715,0.05,-2549.2307692307695,16.926666666666666,15.444444444444445,58.798122065727696,1299,81,0.007218297102366588,,15.582942097026605,114
716,0.05,-2895.5692307692307,21.123333333333335,18.856925418569254,62.76103500761035,1303,84,0.006987627689089266,,18.95361216730038,473
717,0.05,-3116.5692307692307,21.27,18.294331395348838,62.41424418604651,1364,80,0.006738101147213722,,18.380087209302324,857
718,0.05,-3028.2769230769227,20.5075,17.25564457392571,61.02840495265841,1393,83,0.006588887518193496,,17.36489439184268,627
719,0.05,-2516.123076923077,17.445,15.30354505169867,58.17429837518464,1350,82,0.006744192422138668,,15.412112259970458,864
720,0.05,-3834.076923076923,26.858333333333334,22.974150664697195,68.33751846381094,1364,81,0.006834685739310267,,23.091580502215656,571
721,0.05,-3228.9384615384615,23.644166666666667,20.339117859725235,64.02747650036153,1377,83,0.006711173320752583,,20.45986984815618,274
722,0.05,-3013.6000000000004,22.1225,19.628044280442804,63.56826568265683,1349,82,0.006946932562446607,,19.739483394833947,831
723,0.05,-2746.876923076923,19.330833333333334,16.707602339181285,60.119152046783626,1377,82,0.007174091026195178,,16.789473684210527,476
724,0.05,-2241.046153846154,15.795,14.396801218583397,57.30845392231531,1304,85,0.007581014926360415,,14.49124143183549,673
725,0.05,-3703.830769230769,26.55,22.238197424892704,66.13590844062946,1391,82,0.0071389800875173584,,22.33952823445318,765
726,0.05,-3186.5692307692307,22.1675,18.814814814814813,62.167029774872915,1367,80,0.006994084736608286,,18.915758896151054,691
727,0.05,-2996.030769230769,23.38,19.959856630824373,63.610035842293904,1380,85,0.007126620371579018,,20.093906810035843,741
728,0.05,-2505.353846153846,18.724166666666665,16.51027900146843,59.78193832599119,1337,84,0.007347031352891964,,16.647577092511014,517
729,0.05,-2742.6153846153848,19.031666666666666,16.3001443001443,60.115440115440116,1403,81,0.007244706253423961,,16.41125541125541,644
730,0.05,-2665.630769230769,18.888333333333332,16.032089552238805,58.82537313432836,1337,82,0.0069412522008480545,,16.12462686567164,698
731,0.05,-2760.215384615384,19.125,16.64750957854406,60.2904214559387,1310,83,0.006733354746106681,,16.748659003831417,738
732,0.05,-3417.9846153846156,24.035833333333333,20.375,64.37142857142857,1383,80,0.006724060620840465,,20.485714285714284,356
733,0.05,-2305.2615384615383,16.926666666666666,15.49660889223813,58.889977392614924,1329,84,0.00691278944856246,,15.601356443104747,594
734,0.05,-2817.538461538462,19.495,17.314623338257014,60.8109305760709,1349,82,0.006925979003479078,,17.404726735598228,404
735,0.05,-3528.4615384615386,33.15416666666667,29.271198830409357,74.27485380116958,1357,86,0.006903504414564125,,30.354956268221574,475
736,0.05,-2919.4461538461537,20.33,17.64232488822653,61.59090909090909,1351,85,0.007047695906756904,,17.74832464631422,601
737,0.05,-2508.0307692307692,17.435833333333335,14.823275862068966,57.939655172413794,1393,82,0.007303022975695779,,14.903086862885857,671
738,0.05,-3001.1076923076926,21.985,19.270389419544454,63.188096987509184,1349,84,0.007307612917096506,,19.357562408223203,116
739,0.05,-2614.2153846153847,18.71,16.25595238095238,59.376488095238095,1362,83,0.007262739412655823,,16.323420074349443,686
740,0.05,-3302.123076923077,23.9525,20.37281976744186,64.20712209302326,1375,85,0.006711417261719594,,20.48764534883721,458
741,0.05,-2414.0153846153844,16.4925,14.906584992343031,57.14777947932619,1301,81,0.006589774099484761,,15.006125574272588,579
742,0.05,-2957.5538461538463,27.4575,24.56537618699781,68.7173119065011,1346,87,0.006621425970861218,,24.676620538965768,241
743,0.05,-2899.6769230769232,20.13083333333333,17.27838033261027,60.57772957339118,1380,81,0.006778733811727059,,17.39840925524223,236
744,0.05,-3453.892307692308,24.361666666666668,20.643727598566308,65.415770609319,1416,85,0.006844441125179588,,20.74336917562724,74
745,0.05,-3444.0923076923077,23.5775,19.828796561604584,64.32091690544412,1412,81,0.006785477783501761,,19.943409742120345,625
746,0.05,-2854.4307692307693,20.821666666666665,17.983512544802867,61.85448028673835,1366,82,0.007259717899771944,,18.09605734767025,463
747,0.05,-2556.2923076923075,17.086666666666666,14.529411764705882,57.08897058823529,1347,82,0.007016402664327762,,14.61985294117647,468
748,0.05,-2955.461538461538,20.613333333333333,17.600907029478456,61.061980347694636,1324,83,0.006971290922489604,,17.702191987906275,139
749,0.05,-3032.076923076923,20.655,18.034609720176732,62.11561119293078,1352,82,0.007091561383379408,,18.153902798232696,459
750,0.05,-2619.4000000000005,17.968333333333334,16.161555721765147,59.76290201944652,1348,82,0.007098592866803817,,16.25056095736724,442
751,0.05,-2571.6615384615384,17.31833333333333,15.257352941176471,58.58970588235294,1356,82,0.007272138989451214,,15.364705882352942,833
752,0.05,-3268.7692307692305,22.935833333333335,19.41319942611191,63.12625538020086,1390,82,0.006991637105281068,,19.52367288378766,593
753,0.05,-2883.1846153846154,19.55666666666667,16.708638360175694,60.32064421669107,1383,82,0.006968065141898916,,16.80380673499268,136
754,0.05,-2740.5846153846155,17.86916666666667,15.416296296296297,58.17333333333333,1362,78,0.006844309102002633,,15.527407407407408,773
755,0.05,-3897.5230769230766,26.115833333333335,22.114950634696758,66.5768688293371,1381,80,0.006970856951378135,,22.229901269393512,122
756,0.05,-4100.430769230769,31.589166666666667,27.664473684210527,72.35014619883042,1363,83,0.007278667480484338,,27.911013858497448,278
757,0.05,-3966.0923076923073,35.06333333333333,29.7660777385159,76.0678445229682,1402,86,0.0070599281722907746,,30.074911660777385,115
758,0.05,-3818.2615384615383,28.546666666666667,24.775451263537906,69.85342960288808,1375,83,0.007326003722912367,,24.869314079422384,95
759,0.05,-2674.476923076923,19.403333333333332,17.070640176600442,60.30537159676233,1345,82,0.007224664371559274,,17.166176470588237,437
760,0.05,-2988.046153846154,19.689166666666665,16.59418181818182,59.66472727272727,1397,77,0.007083196363940548,,16.68509090909091,41
761,0.05,-2868.1692307692306,21.245,18.350036845983787,61.91599115696389,1346,84,0.007191394958484178,,18.452468680913782,48
762,0.05,-3076.830769230769,21.5825,18.375536480686694,62.17453505007153,1399,82,0.006760742909643283,,18.48354792560801,163
763,0.05,-2249.4461538461537,15.160833333333333,13.878511769172361,56.96203492786636,1321,81,0.006733049100298378,,13.967350037965073,138
764,0.05,-3003.4461538461537,22.034166666666668,18.84659090909091,62.80326704545455,1371,82,0.006942731711856711,,18.946732954545453,454
765,0.05,-2519.692307692308,17.184166666666666,15.226527570789866,57.90312965722802,1343,83,0.006715938721397407,,15.32514880952381,581
766,0.05,-3063.476923076923,20.605833333333333,18.301575393848463,62.32108027006752,1328,82,0.006939829009745546,,18.436281859070466,9
767,0.05,-2489.876923076923,18.176666666666666,15.938897168405365,59.04470938897168,1356,82,0.006817970058941683,,16.04321907600596,57
768,0.05,-2539.5846153846155,18.404166666666665,16.77046671767406,60.01530221882173,1307,83,0.007268180482533841,,16.895179801071155,205
769,0.05,-3208.9384615384615,22.645833333333332,19.265739385065885,63.079062957540266,1369,82,0.007126945974593068,,19.357979502196194,713
770,0.05,-3796.8461538461534,26.786666666666665,21.806545454545454,66.10036363636364,1352,82,0.007156789717354365,,21.896727272727272,56
771,0.05,-3296.6615384615384,23.655833333333334,20.961222967934376,65.02386278896346,1332,81,0.007086194551200453,,21.05145413870246,302
772,0.05,-2888.9384615384615,19.041666666666668,16.642593957258658,60.30729550478998,1351,79,0.007147989885816605,,16.752394988946204,307
773,0.05,-2505.6923076923076,18.191666666666666,15.946870451237263,59.4825327510917,1372,83,0.007272179410428974,,16.063318777292576,297
774,0.05,-2825.538461538462,20.523333333333333,18.186895011169025,62.44303797468354,1341,82,0.007190959821847262,,18.288905435591957,140
775,0.05,-3612.4923076923073,29.371666666666666,24.835335689045937,69.62120141342756,1399,85,0.007290721151968971,,24.95056497175141,795
776,0.05,-2953.7692307692305,21.644166666666667,18.184648805213612,62.052136133236786,1387,84,0.007452590869640638,,18.311368573497464,521
777,0.05,-3600.4923076923083,29.073333333333334,24.87950937950938,69.56998556998558,1379,84,0.007510102184955998,,24.976190476190474,17
778,0.05,-2789.369230769231,19.330833333333334,17.102178812922613,60.220886551465064,1320,84,0.007586757017978369,,17.192336589030806,494
779,0.05,-2533.553846153846,17.038333333333334,15.401086113266098,58.61753297129558,1293,83,0.007326975222824587,,15.506594259115593,31
780,0.05,-2470.461538461538,17.06,14.98483699772555,57.39575435936315,1320,83,0.00742914282093652,,15.079605761940865,147
781,0.05,-3089.3538461538465,22.211666666666666,19.703595011005135,63.77916360968452,1346,82,0.0073481514030460954,,19.7982391782832,680
782,0.05,-2446.969230769231,17.098333333333333,15.137724550898204,57.907934131736525,1322,83,0.007581767435487129,,15.241766467065869,30
783,0.05,-2477.3999999999996,16.346666666666668,14.607115821347463,57.82967448902347,1342,85,0.007378753577448442,,14.708554125662378,567
784,0.05,-2430.4,17.1775,15.057748538011696,58.64400584795322,1381,81,0.007626219928287572,,15.16812865497076,470
785,0.05,-2672.4615384615386,18.83,16.345229424617624,59.55935906773489,1379,80,0.007522005734806582,,16.434085943190095,514
786,0.05,-4144.215384615385,33.59,30.16062176165803,73.80903034789046,1314,79,0.007236675910001191,,30.820058997050147,101
787,0.05,-3396.2923076923075,30.1225,26.096497498213008,69.79270907791279,1374,85,0.0070894725642014055,,26.520936834634494,331
788,0.05,-4685.215384615385,38.350833333333334,33.20865862313698,79.20369056068134,1365,82,0.007281893445658132,,33.364088005677786,15
789,0.05,-3071.707692307692,26.971666666666668,24.106959706959707,68.37289377289378,1345,85,0.007101129651208784,,24.364102564102563,456
790,0.05,-2692.769230769231,18.276666666666667,15.956268221574344,58.94533527696793,1353,83,0.007052337403015667,,16.067055393586006,652
791,0.05,-2994.369230769231,20.254166666666666,17.74945215485756,61.28707085463842,1376,82,0.007230204890605663,,17.83418553688824,159
792,0.05,-2907.4461538461537,21.420833333333334,18.763488543976347,62.7760532150776,1349,85,0.007312337513308695,,18.8640059127864,191
793,0.05,-2294.9076923076923,15.285833333333333,13.741392501912777,56.73909716908952,1323,82,0.007020807164168037,,13.832440703902066,110
794,0.05,-3225.215384615385,22.195,18.085164835164836,61.35233516483517,1428,80,0.007088545414010242,,18.179945054945055,507
795,0.05,-3401.4461538461537,23.5075,19.966315789473683,63.8140350877193,1407,80,0.007312603107774455,,20.071578947368423,178
796,0.05,-2803.1538461538457,20.226666666666667,18.38562596599691,62.37017001545595,1295,81,0.007275965719006769,,18.493044822256568,707
797,0.05,-2780.8615384615387,19.143333333333334,16.414901387874362,59.90504017531045,1369,81,0.007386510391397525,,16.5427319211103,580
798,0.05,-2551.5538461538463,18.565,16.163115356355622,59.447465099191774,1345,83,0.00718756256060172,,16.276267450404113,709
799,0.05,-3471.538461538462,24.6975,21.36263736263736,65.43589743589743,1354,84,0.007216475404349617,,21.468131868131866,254
800,0.05,-2780.9384615384615,19.3425,16.90748898678414,60.019823788546255,1358,81,0.007192522899396834,,16.9992657856094,515
801,0.05,-2638.369230769231,18.444166666666668,16.331838565022423,59.25037369207773,1331,84,0.007218772164436643,,16.446935724962632,405
802,0.05,-2159.369230769231,15.060833333333333,13.539044730856709,56.47990902198635,1309,86,0.007249736558851021,,13.663381349507203,771
803,0.05,-3115.0923076923077,21.703333333333333,18.354181818181818,62.06909090909091,1365,83,0.007070466477804128,,18.47490909090909,578
804,0.05,-2704.292307692307,19.9275,17.721765145848916,61.18848167539267,1312,84,0.007318923459254636,,17.835452505609574,767
805,0.05,-3088.0307692307692,22.195833333333333,19.835698282300225,63.81329350261389,1333,83,0.007454183515764668,,19.926865671641792,591
806,0.05,-3181.7384615384617,24.319166666666668,21.30802919708029,64.72481751824817,1319,82,0.007513663664933246,,21.400729927007298,751
807,0.05,-2941.4307692307693,20.8525,17.994147768836868,61.61814191660571,1368,83,0.007280846021704287,,18.129480614484272,703
808,0.05,-3168.892307692308,23.365833333333335,20.67603550295858,64.59245562130178,1357,83,0.007519655575682535,,20.75221893491124,840
809,0.05,-4875.83076923077,33.0825,28.8483547925608,74.66452074391988,1371,76,0.007422767367880734,,28.959227467811157,768
810,0.05,-3061.076923076923,21.6325,18.546656869948567,62.44158706833211,1367,80,0.007698295983521849,,18.631424375917767,315
811,0.05,-2703.723076923077,19.018333333333334,16.688839615668883,59.72357723577236,1346,83,0.0074849168429138024,,16.787139689578716,430
812,0.05,-2838.6923076923076,19.481666666666666,17.01350337584396,60.674418604651166,1347,81,0.007476006421482192,,17.114778694673667,852
813,0.05,-2696.5538461538463,16.501666666666665,14.100297176820208,57.196136701337295,1361,75,0.00707092761069159,,14.202823179791976,78
814,0.05,-3523.6000000000004,24.554166666666667,20.542299349240782,64.76283441793203,1375,82,0.007431720622305764,,20.65003615328995,836
815,0.05,-2836.753846153846,19.335833333333333,16.59441587068332,59.48714180749449,1360,82,0.007681414643283904,,16.681851579720792,422
816,0.05,-3303.646153846154,23.32,20.29793510324484,64.21828908554572,1346,78,0.00764481527974645,,20.408554572271388,687
817,0.05,-2651.1384615384613,18.45,16.05749636098981,59.24235807860262,1380,81,0.007494387260854912,,16.178311499272198,203
818,0.05,-2475.6769230769232,16.2125,15.014925373134329,57.79732914375491,1267,80,0.007513175925802487,,15.113904163393558,876
819,0.05,-2587.7538461538466,17.2875,15.804314329738059,58.747303543913716,1282,81,0.00776279535935604,,15.882126348228043,90
820,0.05,-2322.3384615384616,16.19,14.8398406374502,58.00956175298805,1277,87,0.007248579064082856,,14.926693227091633,754
821,0.05,-2641.0307692307692,18.358333333333334,16.462414578587698,59.74867122247532,1334,82,0.007391791241287071,,16.555808656036447,556
822,0.05,-3520.6153846153848,25.47833333333333,21.617478510028654,66.3961318051576,1390,82,0.0071267920047829855,,21.73495702005731,154
823,0.05,-2307.846153846154,16.548333333333332,14.379970544918999,57.154639175257735,1356,83,0.007092672142850314,,14.488217967599411,358
824,0.05,-2762.7692307692305,20.155833333333334,17.81851851851852,61.004444444444445,1357,84,0.007132244828899488,,17.922962962962963,516
825,0.05,-3144.876923076923,22.416666666666668,19.57608695652174,63.69130434782609,1378,80,0.007171891116876997,,19.704347826086956,47
826,0.05,-3201.030769230769,23.688333333333333,20.87718023255814,64.56540697674419,1366,81,0.0077130147157793375,,20.953488372093023,487
827,0.05,-3101.6769230769232,21.839166666666667,19.200589970501476,63.28908554572271,1357,81,0.007535118323436732,,19.309734513274336,285
828,0.05,-2892.5538461538463,19.486666666666668,16.946125461254613,60.276752767527675,1327,82,0.0073652554363607455,,17.041328413284134,195
829,0.05,-2092.4615384615386,14.633333333333333,13.552950075642965,55.983358547655065,1304,83,0.0070852721243727925,,13.649016641452345,637
830,0.05,-3217.7384615384617,22.5575,19.26632801161103,63.32510885341074,1390,83,0.007167419922487422,,19.394049346879534,305
831,0.05,-2711.076923076923,18.924166666666668,16.40403286034354,59.53323375653473,1349,84,0.007167756250323777,,16.477221807318895,889
832,0.05,-3083.7846153846153,21.118333333333332,18.823355506282336,62.60088691796009,1340,80,0.0072141456954031725,,18.943828529194384,761
833,0.05,-3037.415384615385,21.199166666666667,18.52092352092352,62.02453102453102,1381,81,0.00726997482666479,,18.615717375630858,607
834,0.05,-4251.076923076923,35.03,29.09399293286219,73.53144876325088,1403,78,0.007071372544768661,,29.44279661016949,10
835,0.05,-3763.8769230769226,27.486666666666668,22.821503865073787,67.05621925509487,1416,81,0.00663860597171239,,22.93675333801827,898
836,0.05,-3443.6307692307696,24.038333333333334,20.395070422535213,64.39084507042253,1415,81,0.0067405469336810605,,20.495774647887323,157
837,0.05,-2323.292307692308,15.991666666666667,14.315355805243446,56.979026217228466,1329,82,0.006974881196047487,,14.413483146067415,725
838,0.05,-2849.6153846153848,21.268333333333334,18.428676470588236,62.15735294117647,1355,84,0.006949468528515815,,18.51764705882353,858
839,0.05,-2319.661538461539,15.9425,14.473484848484848,57.31287878787879,1331,85,0.006977044648100348,,14.587121212121213,550
840,0.05,-3331.3538461538465,22.5075,19.17663817663818,63.21296296296296,1400,80,0.007223575375004087,,19.31054131054131,873
841,0.05,-2982.6923076923076,18.909166666666668,16.412026726057906,59.36896807720861,1356,76,0.006721804135447314,,16.525222551928785,696
842,0.05,-2820.2307692307695,19.385833333333334,16.824981844589686,60.70225127087872,1383,82,0.0071355528286845115,,16.9680464778504,76
843,0.05,-3142.9384615384615,22.774166666666666,19.711738484398218,64.24962852897474,1372,83,0.006828976365093844,,19.795690936106983,311
844,0.05,-2991.6,23.223333333333333,20.248927038626608,63.64234620886982,1357,82,0.007079670472949349,,20.33404710920771,350
845,0.05,-2740.169230769231,18.71,16.61841128433556,60.090571640683,1365,81,0.0072198715569699295,,16.69636228656273,417
846,0.05,-3234.4153846153845,22.874166666666667,20.270485859318345,63.96011602610587,1350,80,0.007161016363451646,,20.390137781000725,807
847,0.05,-3173.2,22.07,18.43225806451613,62.443727598566305,1385,81,0.0074139236368666065,,18.582078853046596,855
848,0.05,-2859.2307692307695,20.035,17.580833942940746,60.85076810534016,1361,81,0.007355967238026513,,17.686905632772493,639
849,0.05,-2998.4307692307693,20.49416666666667,18.854247856586127,62.61886204208886,1287,84,0.007251213700590553,,18.93530787217459,390
850,0.05,-2696.5538461538463,18.765833333333333,16.070188133140377,59.18451519536903,1380,82,0.007344599233048687,,16.17221418234443,820
851,0.05,-3091.169230769231,21.5975,18.829339143064633,62.16194625998548,1337,80,0.0075359778156716545,,18.904139433551197,371
852,0.05,-2605.3846153846157,19.186666666666667,17.566310975609756,60.66158536585366,1285,83,0.007187099748271968,,17.64481707317073,14
853,0.05,-2485.4307692307693,17.319166666666668,15.834341906202724,58.77231467473525,1323,81,0.007103363426010706,,15.917549167927383,743
854,0.05,-2468.0153846153844,17.191666666666666,15.253886010362693,58.28645447816432,1345,83,0.007299444051446355,,15.335307179866765,265
855,0.05,-3022.5384615384614,21.539166666666667,18.961165048543688,62.85138162808066,1339,81,0.0071302270806843,,19.063480209111276,541
856,0.05,-3041.5846153846155,20.604166666666668,16.992784992784994,60.215728715728716,1413,81,0.007156443641079319,,17.10894660894661,317
857,0.05,-3298.5692307692307,24.085833333333333,21.016654598117306,65.34757422157857,1354,84,0.007179556113524862,,21.109341057204922,359
858,0.05,-2794.984615384615,20.044166666666666,17.629682997118156,60.56195965417867,1353,81,0.007167168358537009,,17.751440922190202,762
859,0.05,-3585.43076923077,29.655833333333334,26.160818713450293,69.58552631578948,1353,80,0.007677600527006809,,26.26608187134503,884
860,0.05,-3415.3846153846152,22.124166666666667,19.374906646751306,63.623599701269605,1360,79,0.007157436147584941,,19.47124719940254,453
861,0.05,-2603.8307692307694,17.6225,15.80421686746988,59.20331325301205,1329,79,0.00726073643286262,,15.876506024096386,621
862,0.05,-2785.9384615384615,19.0775,16.664222873900293,60.10850439882698,1369,84,0.0071994675376366125,,16.7683284457478,332
863,0.05,-2283.2769230769227,16.4125,14.883487654320987,57.823302469135804,1293,85,0.007523058172310863,,14.969907407407407,697
864,0.05,-2414.7692307692305,16.899166666666666,15.292438271604938,57.90972222222222,1287,82,0.0070634205853403595,,15.366512345679013,705
865,0.05,-2952.5384615384614,20.884166666666665,18.567428150331615,62.61974944731024,1360,80,0.007067079703988942,,18.66912306558585,827
866,0.05,-3151.2769230769227,20.838333333333335,17.00423131170663,60.55218617771509,1444,81,0.006961824439236698,,17.09443269908386,269
867,0.05,-3357.2153846153847,22.383333333333333,18.49226441631505,62.56047819971871,1437,80,0.00729107052999189,,18.62165963431786,552
868,0.05,-2845.107692307692,19.851666666666667,17.58071585098612,61.35281227173119,1342,80,0.007615879327159767,,17.720964207450695,149
869,0.05,-3010.9384615384615,20.7775,18.28082191780822,62.013698630136986,1317,81,0.007060492823517628,,18.3896499238965,148
870,0.05,-2880.3846153846152,19.8825,17.36115214180207,61.019202363367796,1368,82,0.00699640750957624,,17.466765140324963,344
871,0.05,-3403.953846153846,23.27,19.134807417974322,63.205420827389446,1398,81,0.007050211177021654,,19.226105563480743,79
872,0.05,-2960.584615384615,21.095,18.213410237923576,61.49891852919971,1364,82,0.007203706290168528,,18.30763688760807,672
873,0.05,-2593.2000000000003,18.160833333333333,16.15840118430792,59.099925980754996,1344,83,0.007142187383467315,,16.24778106508876,585
874,0.05,-2387.8461538461543,16.248333333333335,14.761977186311787,57.595437262357414,1324,85,0.00693688203974467,,14.87832699619772,270
875,0.05,-3227.3692307692304,24.58,21.471449487554906,66.41874084919473,1359,82,0.006923615676767462,,21.565471836137526,330
876,0.05,-2920.7230769230773,19.400833333333335,16.164827078734362,59.59602649006622,1376,79,0.006995374405454327,,16.276470588235295,609
877,0.05,-2682.5692307692307,17.615,15.006593406593407,58.07032967032967,1388,83,0.0069058531481134555,,15.115018315018315,303
878,0.05,-2627.3230769230768,18.485,16.97532767925983,60.37933693138011,1294,84,0.006869740194849517,,17.084040092521203,848
879,0.05,-2808.3230769230768,19.761666666666667,17.08714918759232,60.14327917282127,1340,83,0.007072470455690469,,17.166051660516604,272
880,0.05,-3541.8615384615387,25.985,21.514528703047485,65.76824946846209,1422,82,0.00752160558856607,,21.608079376328845,424
881,0.05,-4609.369230769231,30.763333333333332,26.075214899713465,71.9756446991404,1407,77,0.00717696453877412,,26.171796707229777,669
882,0.05,-4079.2153846153838,27.8725,23.29189944134078,68.07402234636872,1432,78,0.0071001119917477,,23.43016759776536,8
883,0.05,-2798.6153846153848,20.731666666666666,17.92141312184571,61.70656092285508,1372,83,0.006946457879756509,,18.02307137707282,255
884,0.05,-2822.953846153846,19.908333333333335,16.911016949152543,59.851694915254235,1382,81,0.006873035406231522,,17.031073446327685,818
885,0.05,-3225.984615384615,22.5675,19.656891495601172,63.76539589442815,1357,80,0.006769788026913817,,19.747800586510262,582
886,0.05,-2914.2923076923075,19.565,16.807692307692307,60.30986937590711,1367,78,0.007107714583062013,,16.958635703918723,289
887,0.05,-2804.4769230769234,19.5775,17.461708394698086,60.11340206185567,1340,80,0.007169676661642132,,17.589101620029457,794
888,0.05,-3546.461538461539,24.61,21.05251312828207,65.80495123780945,1349,83,0.007117537665136661,,21.147786946736684,482
889,0.05,-3482.6769230769232,31.830833333333334,28.26950867052023,72.23771676300578,1338,79,0.0068092930592688235,,28.84465317919075,59
890,0.05,-3678.846153846154,30.8525,26.18732590529248,70.97284122562674,1416,78,0.007141363726762221,,26.425487465181057,263
891,0.05,-3347.6923076923076,23.746666666666666,20.065279770444764,64.02725968436155,1399,81,0.00731413458373957,,20.161290322580644,144
892,0.05,-2595.6769230769232,19.166666666666668,16.939371804236668,60.40321402483565,1364,86,0.00738314827798689,,17.029218407596787,782
893,0.05,-2969.0769230769233,19.463333333333335,16.9596713965646,59.58028379387603,1335,82,0.007739531189221964,,17.0336071695295,569
894,0.05,-4094.584615384615,33.02333333333333,28.916606757728253,73.65564342199856,1359,76,0.007003298218531596,,29.265995686556433,804
895,0.05,-2765.7076923076925,19.8225,17.35891812865497,60.97953216374269,1350,82,0.0065952653155046,,17.496345029239766,711
896,0.05,-3282.476923076923,23.19333333333333,20.156318480642806,64.03287070854638,1350,82,0.00674952139889702,,20.263696128560994,54
897,0.05,-2945.0307692307692,20.015,17.271641791044775,60.54179104477612,1337,84,0.0067843051650684156,,17.36417910447761,261
898,0.05,-3355.8,24.58,22.129533678756477,66.04219096965211,1325,83,0.007130148805379204,,22.199704142011836,659
899,0.05,-3714.4769230769234,23.289166666666667,20.05342362678706,63.75545522949586,1338,73,0.00725867842001696,,20.136945071482316,760
