episode,epsilon,total_reward,avg_queue,avg_wait_s,avg_travel_s,throughput,switches,td_loss,q_table_states,avg_delay_s,traffic_seed
0,1.0,-13732.923076923078,79.70833333333333,117.28130081300813,229.95447154471546,660,76,8943.401289328596,54,346.1168353265869,577
1,0.9945,-12592.969230769231,73.13,104.6676217765043,217.27936962750715,705,79,7814.546660120173,86,272.60074626865674,712
2,0.989,-11632.507692307692,66.30083333333333,89.74647887323944,194.19846350832267,742,75,6016.802694934059,116,251.77607913669064,770
3,0.9835,-12032.461538461539,73.57666666666667,104.92122830440587,204.64085447263017,725,75,7030.372166659765,139,262.2352941176471,798
4,0.9781,-12888.33846153846,73.82,109.50074738415546,228.80119581464874,686,80,7791.6397217284375,145,294.43643263757116,36
5,0.9726,-12276.676923076924,78.9025,116.15466666666667,213.14666666666668,698,75,7174.564314370236,168,220.37352674524024,460
6,0.9673,-12321.338461538462,74.455,110.21861777150917,217.95204513399153,704,80,7303.099314987543,173,296.70282588878763,371
7,0.9619,-11403.384615384617,73.96083333333333,118.18630136986302,218.5849315068493,660,75,6066.272523753759,181,234.30099728014505,833
8,0.9566,-10625.753846153846,60.94833333333333,83.84229828850856,178.38264058679707,763,78,5180.277086605185,190,195.68173598553346,557
9,0.9513,-10766.43076923077,63.81333333333333,98.00420168067227,198.1764705882353,693,79,5596.359661572927,196,260.34611786716556,381
10,0.946,-12149.36923076923,70.55,104.17317708333333,221.17447916666666,732,79,7433.361648453228,207,244.90655884995508,429
11,0.9408,-11521.56923076923,69.3725,100.48307291666667,209.60286458333334,744,78,6182.274750486557,209,231.8550185873606,141
12,0.9356,-13897.030769230769,82.2325,117.53471196454949,230.10930576070902,700,76,8393.662704789735,215,321.6637401229148,223
13,0.9304,-12803.2,74.92166666666667,116.67275494672755,229.99391171993912,654,77,6756.047047447366,216,307.256549232159,784
14,0.9253,-12832.307692307691,84.79333333333334,137.74289772727272,245.17897727272728,672,79,8889.710461244482,219,276.0605786618445,762
15,0.9202,-11784.323076923076,70.18083333333334,88.38559322033899,203.85310734463278,682,80,6950.460997214425,222,288.81045751633985,838
16,0.9151,-10766.876923076923,63.5225,93.36304909560724,212.97932816537468,721,81,6587.643249558493,230,203.35480943738656,450
17,0.91,-11270.4,67.61,92.51766304347827,204.16304347826087,729,80,7177.821583159405,237,283.5292066259808,2
18,0.905,-11451.830769230768,67.6575,95.71229404309253,209.69961977186313,753,79,6473.5328438994475,241,218.33453887884266,81
19,0.9,-11304.03076923077,65.74166666666666,97.97802197802197,210.50686813186815,702,80,7464.423662918918,242,250.51369216241739,363
20,0.895,-12539.030769230769,80.9475,135.4876160990712,239.05882352941177,623,79,7047.274891166825,243,308.4290748898678,690
21,0.89,-11982.923076923078,74.16166666666666,97.77534246575343,211.03424657534248,675,78,7619.519920035691,243,301.7085242896425,846
22,0.8851,-12785.076923076922,74.37833333333333,109.32428765264586,216.92401628222524,707,75,8299.096573402672,245,253.8049645390071,728
23,0.8802,-10994.153846153846,63.8075,86.99390986601705,184.65042630937882,773,76,5921.911650382002,248,209.59538598047914,406
24,0.8753,-11604.969230769231,78.10583333333334,124.9875,235.89583333333334,663,79,7444.422025693251,253,255.15391621129325,636
25,0.8705,-12424.199999999999,72.05916666666667,100.65239294710328,201.56045340050377,745,75,7531.694496544563,258,226.36068530207393,46
26,0.8657,-11664.384615384615,64.32333333333334,92.267252195734,202.43914680050187,746,80,7245.342341249607,261,226.22924187725633,899
27,0.8609,-13258.538461538461,87.84333333333333,139.34569983136595,251.4317032040472,623,81,10357.104169719112,262,348.79780420860016,659
28,0.8561,-12947.599999999999,80.68166666666667,115.76074498567336,226.7951289398281,683,76,8808.302246504367,269,311.54841549295776,869
29,0.8514,-10974.892307692307,64.285,81.76410256410256,193.95384615384614,746,80,6981.929511431522,270,256.27938517179024,144
30,0.8467,-11756.415384615386,63.848333333333336,88.22842639593908,198.05456852791878,762,78,7982.256694408053,271,236.66021126760563,497
31,0.842,-11224.076923076924,70.44333333333333,103.84573002754821,210.55922865013775,686,80,5927.219026026785,274,250.2590476190476,885
32,0.8373,-13964.67692307692,82.43083333333334,122.95375722543352,237.16184971098266,706,79,10937.157481364911,275,318.7163247100803,553
33,0.8327,-12609.23076923077,66.0075,84.7253164556962,198.74556962025318,776,73,10324.420269384833,277,229.16681776971896,209
34,0.8281,-10800.323076923078,60.97833333333333,79.33530106257379,191.75796930342386,807,77,6911.138114742916,278,209.58073654390935,512
35,0.8235,-10985.753846153846,64.27583333333334,95.89605263157895,210.55131578947368,696,79,6509.767730443608,278,231.64312977099237,415
36,0.819,-11640.092307692308,64.47583333333333,91.25725094577554,194.91172761664566,787,75,7406.712608920784,278,201.0990909090909,778
37,0.8144,-13765.261538461542,81.65166666666667,127.70526315789473,230.02556390977443,670,71,8220.679439715166,279,288.6648148148148,366
38,0.8099,-12665.661538461536,79.8975,114.46947082767979,229.48846675712346,691,75,9238.979372634634,280,295.7809187279152,472
39,0.8054,-11950.461538461539,61.54666666666667,82.45918367346938,183.16198979591837,801,70,8327.250652404606,283,240.49820466786355,84
40,0.801,-11997.723076923077,72.44916666666667,102.64634146341463,217.02032520325204,714,77,8148.506001781544,284,263.67811934900544,609
41,0.7966,-13500.4,81.89083333333333,126.94134477825465,245.068669527897,698,78,10052.229041319908,284,295.00982142857146,895
42,0.7922,-10901.615384615385,61.094166666666666,80.09123649459784,173.97599039615847,783,74,6630.728302104785,285,206.36322869955157,781
43,0.7878,-10496.476923076923,56.03916666666667,76.85645355850423,182.53679131483716,791,75,6419.093031962701,287,197.49267399267399,529
44,0.7834,-11982.2,67.62333333333333,92.73207547169811,211.82138364779874,757,78,8044.978183090195,287,228.96903460837888,688
45,0.7791,-11165.73846153846,55.685833333333335,73.3022113022113,187.7137592137592,817,77,7696.299400986937,287,194.03092783505156,216
46,0.7748,-11969.046153846153,82.60583333333334,115.87452948557089,222.98117942283562,713,77,7635.624190479135,290,232.78565022421526,502
47,0.7705,-12383.123076923079,61.48583333333333,83.81403940886699,191.17118226600985,802,70,7800.719016128881,291,219.77643784786642,531
48,0.7662,-11438.046153846155,70.47416666666666,102.02528445006321,202.8457648546144,730,75,6075.313211812286,292,199.2071227741331,674
49,0.762,-12437.630769230767,77.0825,105.05906593406593,220.34615384615384,696,80,8046.051205598761,292,301.8471731448763,53
50,0.7578,-10559.861538461537,62.53916666666667,85.35714285714286,185.5841836734694,770,79,7186.960772919659,292,215.92935779816514,515
51,0.7536,-11968.892307692306,67.66416666666667,95.02641509433963,208.99622641509433,759,77,8649.453233833168,293,222.22541743970316,147
52,0.7494,-10077.738461538462,60.10166666666667,82.85606060606061,175.26641414141415,757,77,7739.208114380758,295,220.32882882882882,587
53,0.7453,-13433.307692307693,74.6225,109.39300134589502,220.71197846567966,730,73,9638.384656040173,295,286.4715660542432,164
54,0.7411,-10021.400000000001,57.630833333333335,78.91995221027479,170.83034647550775,802,74,5143.459272313769,300,182.06625441696113,443
55,0.737,-9039.184615384616,58.0225,77.09334889148191,168.24037339556594,790,79,6473.214819515916,309,170.99537892791128,74
56,0.733,-8723.815384615384,46.925,61.84977578475336,142.95403587443946,833,72,4417.254588307653,316,130.86222627737226,245
57,0.7289,-9309.553846153845,52.251666666666665,71.70552147239263,170.93865030674846,772,77,4309.428986755298,316,202.42883211678833,667
58,0.7249,-12159.369230769229,70.51666666666667,108.41689750692521,214.25069252077563,676,74,6634.1304810566335,317,261.90546802595,760
59,0.7209,-8910.907692307692,46.836666666666666,62.6183908045977,161.4390804597701,810,79,5455.736334365072,319,180.35110294117646,627
60,0.7169,-12078.169230769232,66.0175,93.65563725490196,202.7107843137255,782,73,8701.580296928714,320,186.60994263862332,589
61,0.7129,-10101.461538461537,62.016666666666666,81.53068592057761,169.7496991576414,772,76,5441.275128103508,323,193.63788300835654,887
62,0.709,-9196.0,53.83583333333333,72.6647465437788,169.17511520737327,827,77,5144.271648179688,323,144.97302325581396,646
63,0.705,-10823.938461538462,64.58583333333333,87.66541822721598,177.2921348314607,757,73,6874.277866956154,327,201.16965127238456,314
64,0.7011,-10757.76923076923,65.36083333333333,91.38172715894869,204.69461827284104,747,79,6735.142230393,327,223.92400370713625,105
65,0.6973,-12390.492307692308,67.05333333333333,87.88213851761847,201.1992709599028,772,72,7891.333974595118,329,209.30488888888888,344
66,0.6934,-8384.123076923077,47.17,60.76670574443142,147.09964830011722,814,76,5353.0987878569595,331,155.2060998151571,199
67,0.6896,-11062.23076923077,63.80083333333334,90.63613861386139,194.14727722772278,730,73,6411.553080469178,333,204.02201834862385,253
68,0.6858,-10967.861538461539,62.005833333333335,84.21716514954487,173.851755526658,752,74,7301.200329671378,337,249.9459706959707,49
69,0.682,-12246.89230769231,63.64083333333333,86.26503067484663,204.62576687116564,811,74,8323.784454657978,337,233.22846781504987,836
70,0.6782,-11674.400000000001,61.11333333333334,78.00345224395858,189.57192174913695,796,74,6993.049288701365,338,199.17207207207207,106
71,0.6744,-9993.938461538462,59.07,75.97709923664122,158.48964013086152,865,70,6194.894268740352,338,152.58595859585958,329
72,0.6707,-10732.092307692306,55.030833333333334,72.59233449477352,164.4843205574913,807,68,6446.1652608132845,339,177.16742493175613,417
73,0.667,-7990.923076923078,38.905,46.43942731277533,130.38876651982378,907,71,4146.853495743251,339,140.21096654275092,98
74,0.6633,-11876.369230769233,66.43916666666667,90.3729216152019,195.98812351543944,802,73,7947.8709248002615,339,211.65963060686016,774
75,0.6596,-11870.276923076923,72.82083333333334,100.4958481613286,207.22657176749703,762,75,9650.822926883508,341,198.80017921146953,716
76,0.656,-10289.015384615384,57.71333333333333,77.44444444444444,179.7719298245614,778,76,6623.486028976095,342,155.22314049586777,813
77,0.6524,-8985.046153846153,50.765,62.20151679306609,147.0899241603467,878,69,4428.080276968682,342,170.18245614035087,8
78,0.6487,-12236.661538461538,66.87583333333333,94.93848167539267,202.60994764397907,734,71,7485.898855947634,343,253.4258589511754,867
79,0.6452,-12980.646153846154,73.26416666666667,94.38231631382317,206.96513075965132,770,73,7795.240508535456,344,240.39122807017543,354
80,0.6416,-11074.907692307694,64.6425,87.45687645687646,183.020979020979,780,71,7123.879184121938,345,170.8283917340521,388
81,0.638,-11409.876923076921,56.63666666666666,68.93075117370893,170.62206572769952,861,67,5394.036382208879,347,181.80714957666981,789
82,0.6345,-8343.384615384615,45.670833333333334,62.21666666666667,146.83333333333334,818,73,4111.8810227151625,348,173.83609576427256,708
83,0.631,-8988.723076923077,45.995,57.99654377880184,147.889400921659,835,70,5192.73164813091,350,157.01403180542565,601
84,0.6275,-9135.36923076923,49.5375,64.41988950276243,162.7867403314917,800,77,6110.723074381336,351,121.33055555555555,220
85,0.624,-11944.276923076923,68.0175,98.41191066997519,203.2133995037221,737,71,7424.707136753264,351,218.98548094373865,384
86,0.6206,-8978.415384615386,46.55166666666667,59.84787472035794,150.27740492170022,836,73,3968.419183412671,351,136.98313027179006,325
87,0.6171,-12578.415384615386,69.25666666666666,91.62426383981155,192.71260306242638,777,67,10461.211229011276,353,200.60881057268722,350
88,0.6137,-12865.584615384616,71.5025,100.47133757961784,214.72866242038216,771,75,9067.455170335495,353,260.74184782608694,604
89,0.6103,-13617.184615384616,85.83166666666666,133.3239038189533,242.72277227722773,679,71,10711.042106492241,353,301.2054433713784,206
90,0.607,-12798.507692307692,73.6325,98.30354957160343,202.48347613219093,749,71,9161.114135083428,354,218.37453874538744,560
91,0.6036,-10385.415384615384,54.96666666666667,71.27536231884058,161.06020066889633,822,67,6312.413249390861,357,137.43820224719101,270
92,0.6003,-11091.384615384617,57.055,68.41228070175438,158.78179824561403,877,65,7091.453243294545,359,146.86915887850466,251
93,0.5969,-8896.646153846155,43.73,58.57280385078219,148.69193742478942,826,72,4845.003226686763,359,179.89864253393665,703
94,0.5936,-10805.507692307692,60.93333333333333,78.76914285714285,179.80114285714285,784,73,5873.998067254064,359,158.72340425531914,603
95,0.5904,-12172.492307692308,64.53583333333333,88.83076923076923,200.03846153846155,760,72,7853.933513614717,359,240.3680751173709,395
96,0.5871,-11418.615384615387,65.27416666666667,91.1007371007371,187.62776412776412,762,73,7876.011193799171,361,193.91567369385885,89
97,0.5838,-12188.23076923077,63.28916666666667,84.58343789209536,193.237139272271,773,71,6632.303458245535,362,228.08880666049953,854
98,0.5806,-10683.076923076922,59.354166666666664,77.4518779342723,168.68309859154928,826,70,6505.442545628976,365,198.08095676172954,94
99,0.5774,-10703.723076923077,55.843333333333334,74.52314814814815,182.36458333333334,816,73,5763.074875202159,366,162.8655077767612,100
100,0.5742,-11585.0,66.57583333333334,90.94088669950739,185.23399014778326,764,71,8075.966811043876,366,216.2596425211665,126
101,0.571,-10997.907692307692,54.85333333333333,72.0580204778157,164.16496018202503,828,68,5799.46783996768,366,154.10426110607435,69
102,0.5679,-9498.907692307692,44.04083333333333,46.8096256684492,132.83743315508022,943,68,4367.809194446338,366,122.92097836312324,13
103,0.5647,-13915.446153846155,68.945,95.90339425587467,203.46475195822455,771,68,7964.246370207275,368,230.33487084870848,623
104,0.5616,-13734.8,75.9775,101.86257668711656,213.06625766871164,773,70,8659.948522021517,368,210.50090252707582,853
105,0.5585,-11301.215384615381,67.3275,99.57563587684069,199.18072289156626,693,76,6942.938150834806,368,239.8218442256043,26
106,0.5554,-10646.43076923077,53.37833333333333,71.60046728971963,170.41004672897196,816,72,6841.472347285034,368,199.10733452593917,792
107,0.5523,-11223.66153846154,59.361666666666665,80.40334128878281,166.3985680190931,792,66,7701.175878651762,372,165.77767776777677,19
108,0.5493,-8951.015384615384,40.415,50.98728813559322,131.1949152542373,877,65,4680.431255815974,373,92.50415512465374,297
109,0.5462,-11122.999999999998,57.891666666666666,74.40303738317758,163.11331775700936,806,66,6747.198255196873,377,195.81397459165154,70
110,0.5432,-10135.892307692306,58.435833333333335,74.79325842696629,164.9056179775281,829,73,5949.379995455047,378,157.29497716894977,814
111,0.5402,-8494.246153846154,48.18666666666667,61.01078748651564,147.39266450916935,857,74,4908.015740049041,378,133.26008968609867,25
112,0.5372,-9979.246153846154,57.329166666666666,77.36462093862816,164.2876052948255,806,72,7028.64958304947,380,200.63586459286367,595
113,0.5343,-11986.261538461538,72.1675,98.63095238095238,215.27261904761906,795,76,7604.737582248607,381,197.48984995586937,291
114,0.5313,-7991.0615384615385,42.85916666666667,55.95785876993166,141.6742596810934,839,74,6882.435000662986,385,167.51752021563343,718
115,0.5284,-7786.076923076923,40.045833333333334,46.31942919868277,128.58507135016467,925,73,5631.175290722189,386,156.5438756855576,376
116,0.5254,-9707.876923076921,49.625,58.84285714285714,143.65824175824176,897,67,3951.7573271970577,388,134.14958448753464,198
117,0.5225,-13320.66153846154,67.24083333333333,86.141041931385,189.10673443456162,790,69,8994.507494964182,389,236.69065420560747,281
118,0.5196,-8592.446153846155,42.88666666666666,51.0381593714927,140.30751964085297,871,72,5487.501817987773,390,171.79524680073126,827
119,0.5168,-13146.046153846153,74.9675,113.19867549668874,226.1205298013245,719,74,8753.127108380191,391,247.0617620345141,201
120,0.5139,-8021.3538461538465,43.8475,56.32491389207807,137.93800229621124,823,72,5214.898218171419,394,139.77829747427504,162
121,0.5111,-11182.430769230772,60.971666666666664,80.15922798552472,175.30518697225574,805,71,5861.890729579729,396,225.45724907063197,513
122,0.5082,-10213.984615384616,47.454166666666666,59.896708286038596,159.53575482406356,852,71,5285.015996026207,397,142.58232558139534,189
123,0.5054,-10974.369230769233,55.395,74.43837209302326,164.5732558139535,790,65,7635.312721336137,397,169.1190036900369,447
124,0.5026,-10734.523076923077,54.28916666666667,70.29357798165138,160.72591743119267,812,69,6213.014763214116,398,186.94826048171277,870
125,0.4998,-8902.676923076922,41.64,51.53470715835141,134.98156182212583,908,67,5667.787899420792,404,118.29990262901656,112
126,0.4971,-10743.615384615385,52.91916666666667,58.74841437632135,150.37737843551798,952,62,7132.314262503796,404,151.44809228039043,692
127,0.4943,-8789.553846153845,46.47833333333333,57.643419572553434,140.70753655793027,867,67,4964.078219094382,405,139.83441258094356,54
128,0.4916,-10142.307692307691,62.53,84.44876325088339,166.7243816254417,774,70,7387.036219175092,405,178.47584320875114,605
129,0.4889,-13772.307692307691,67.28416666666666,79.56036446469248,182.75284738041003,858,63,8638.470380437018,407,205.2753488372093,121
130,0.4862,-7851.6,37.6425,45.58377239199157,126.9968387776607,904,70,6006.4264743688545,407,100.1796801505174,804
131,0.4835,-8326.215384615385,43.361666666666665,54.62621885157096,139.6240520043337,886,70,8503.842478519055,409,134.39795918367346,387
132,0.4808,-9394.076923076924,63.16166666666667,74.72513368983957,165.3144385026738,895,74,5239.93768969333,410,168.00626678603402,194
133,0.4781,-11569.723076923075,65.07583333333334,81.57797164667393,187.00872410032716,847,71,9915.999902375694,410,171.58044444444445,56
134,0.4755,-10073.923076923078,49.3425,59.04189636163175,142.6504961411246,888,66,5735.482067310177,410,167.28251121076232,238
135,0.4729,-9955.461538461539,44.38166666666667,51.53821313240043,133.28417653390744,953,61,5029.5366308218745,410,134.0651376146789,23
136,0.4703,-10044.738461538462,61.89333333333333,74.19318181818181,166.24380165289256,874,68,5225.906670404136,411,121.3177737881508,680
137,0.4677,-7290.046153846154,40.32,50.59977452085682,130.7249154453213,843,73,7027.644502284692,412,143.4172794117647,649
138,0.4651,-7534.307692307692,42.086666666666666,48.39424031777557,133.69414101290963,945,72,5633.47067492719,412,96.20711678832117,808
139,0.4625,-7504.492307692308,38.696666666666665,47.59847660500544,127.96300326441785,896,69,5897.782792858088,412,112.4729981378026,181
140,0.4599,-8595.599999999999,40.34583333333333,49.45824411134904,128.82441113490364,888,64,4053.0007311118256,412,101.3973880597015,576
141,0.4574,-7438.907692307692,32.20166666666667,36.892712550607285,115.4493927125506,948,65,3712.026390013362,412,84.63414634146342,357
142,0.4549,-9123.738461538462,50.0525,62.842684268426844,153.51595159515952,849,72,4567.927052623354,413,138.04452690166977,374
143,0.4523,-8147.36923076923,46.14416666666666,53.44587884806356,137.27706057596822,961,67,5544.655398888905,413,91.18371040723981,495
144,0.4498,-10420.523076923077,61.49583333333333,74.61976369495166,169.343716433942,870,67,6344.730499080694,413,136.45255474452554,486
145,0.4474,-9314.723076923077,43.39833333333333,50.35744680851064,147.79255319148936,911,75,2921.761494735095,413,150.91014234875445,353
146,0.4449,-9048.246153846154,49.4825,62.80022075055188,148.99116997792495,853,71,5860.90738345054,413,138.35120147874306,852
147,0.4424,-9783.384615384615,58.40083333333333,79.20681818181818,179.04204545454544,776,77,7281.266437795929,414,151.330615942029,334
148,0.44,-10723.276923076923,53.04666666666667,69.53146853146853,163.86247086247087,806,69,8581.11884993665,416,177.81768459434824,657
149,0.4375,-7318.769230769231,36.79083333333333,44.30612244897959,125.30290010741139,913,69,5056.392013514103,416,112.51248843663275,234
150,0.4351,-8647.169230769232,38.494166666666665,46.10462555066079,122.23788546255507,911,62,5555.147523773019,417,149.48574057037717,628
151,0.4327,-8734.384615384615,50.64083333333333,61.18853362734289,150.18743109151046,867,64,5853.373458712465,419,144.9048473967684,142
152,0.4303,-11342.4,58.159166666666664,73.54198473282443,172.16248636859325,861,67,5139.457118776749,421,171.09686098654709,731
153,0.4279,-8946.753846153846,51.10666666666667,60.05744680851064,143.05106382978724,943,70,7411.628507205516,422,149.96474953617812,111
154,0.4256,-10003.046153846153,49.013333333333335,55.63316062176166,140.67875647668393,945,61,5371.572946819757,422,119.82058287795992,150
155,0.4232,-9521.892307692307,49.645833333333336,64.73606370875996,158.89192263936292,822,76,6500.716824247229,424,144.97455230914233,103
156,0.4209,-8742.369230769233,51.95166666666667,62.73430962343096,151.03765690376568,907,67,4957.964930478285,425,133.62823949955316,886
157,0.4185,-9520.246153846154,53.530833333333334,66.86796536796537,146.51190476190476,876,60,5743.762574439568,425,150.0663082437276,382
158,0.4162,-8515.907692307692,38.8125,44.08119658119658,128.99252136752136,933,70,4386.284721164729,427,140.57298277425204,93
159,0.4139,-13065.415384615384,65.8425,90.39929328621908,180.4911660777385,789,61,7995.067600551153,431,198.86908077994428,138
160,0.4116,-12142.676923076924,72.4925,88.66842105263157,172.06842105263158,846,61,6542.657018379486,432,120.71748878923766,77
161,0.4094,-9275.153846153846,40.2,48.74535519125683,135.45136612021858,885,71,6421.653797441531,432,154.6983435047951,701
162,0.4071,-9107.76923076923,48.26083333333333,62.14160263446762,151.07244785949507,806,70,7088.8181448804435,434,134.42042318307267,173
163,0.4048,-11342.738461538462,67.72583333333333,91.73844282238443,194.3698296836983,765,70,6255.4296417449195,434,187.96157450796625,45
164,0.4026,-9131.030769230769,47.78333333333333,58.034943473792396,142.1109969167523,908,69,4968.782786893053,436,115.87230215827338,891
165,0.4004,-8653.923076923078,53.33583333333333,63.61954261954262,148.67151767151768,905,68,3988.6053579798477,439,137.5447963800905,738
166,0.3982,-10323.784615384615,49.94,64.84343991179713,149.30540242557882,819,64,4869.826408890082,441,140.41727272727272,346
167,0.396,-8346.292307692307,35.12083333333333,40.876106194690266,115.73340707964601,911,61,5231.419944449011,443,114.95532319391636,212
168,0.3938,-10555.430769230768,56.85,71.52141327623126,171.5492505353319,873,74,9126.40580260253,444,158.9442970822281,292
169,0.3916,-8880.061538461538,46.568333333333335,58.73026315789474,137.83991228070175,880,63,8318.900576216523,444,145.6384892086331,153
170,0.3894,-8284.800000000001,40.163333333333334,45.824947589098535,126.95911949685535,938,65,5654.437417485243,447,121.91636363636364,264
171,0.3873,-8601.56923076923,46.74333333333333,56.16320166320166,137.00727650727652,923,61,4703.406051444595,447,119.48621323529412,590
172,0.3851,-8497.584615384614,41.0425,48.0248190279214,127.2182006204757,922,64,5116.674696568122,447,123.89539007092199,337
173,0.383,-8434.446153846155,41.806666666666665,52.90527448869752,135.2551130247578,844,66,5371.067451920001,448,124.61804922515952,888
174,0.3809,-7712.199999999999,35.575,44.1220556745182,128.1680942184154,890,68,4945.273909444709,449,109.9576816927323,721
175,0.3788,-7574.246153846155,44.64666666666667,55.5451647183847,143.30712008501595,903,69,4944.00901300594,449,112.92922794117646,389
176,0.3767,-9372.384615384615,51.2675,67.65217391304348,144.29519450800916,807,64,5640.445539066291,449,142.21928166351606,893
177,0.3746,-8768.784615384615,42.68083333333333,53.15714285714286,134.45604395604394,863,67,5569.1172825179665,449,133.93896713615024,514
178,0.3725,-9377.400000000001,43.995,52.891149542217704,138.15361139369278,892,66,5062.342783796287,449,90.8475499092559,647
179,0.3705,-9783.2,45.64083333333333,54.86320254506893,143.23011664899258,930,64,3610.871817995881,449,121.16621499548329,195
180,0.3684,-8670.323076923078,48.15,55.877100840336134,146.36029411764707,902,69,3416.7883110315283,449,152.0348432055749,28
181,0.3664,-9510.784615384615,48.075,56.42797494780793,143.90501043841337,952,62,8844.795776674458,449,145.11867364746945,284
182,0.3643,-12256.446153846155,64.28333333333333,85.02,183.6270588235294,816,66,6894.871099532277,449,164.12430426716142,783
183,0.3623,-6880.107692307693,34.61083333333333,41.75639713408393,117.18730808597748,924,61,6507.790417410757,451,77.26940639269407,418
184,0.3603,-7081.784615384615,40.525,49.06969696969697,127.84848484848484,923,65,7631.316444637675,451,86.35636363636364,358
185,0.3583,-8285.138461538461,42.85583333333334,50.897225077081195,133.61459403905448,953,63,5401.485671503276,451,107.15285451197053,583
186,0.3563,-9328.06153846154,47.219166666666666,55.911340206185564,134.34536082474227,920,59,5994.17069339572,451,96.23497267759562,857
187,0.3544,-8685.476923076923,39.66416666666667,41.81541802388708,118.96742671009773,919,65,6711.563458434074,451,152.82612612612613,445
188,0.3524,-8242.707692307693,40.924166666666665,45.353574926542606,126.67286973555338,1010,63,5049.586521157156,452,108.11850501367365,208
189,0.3505,-11679.692307692307,59.16416666666667,71.6718232044199,168.49613259668507,838,67,6096.352068109206,452,182.09114583333334,884
190,0.3485,-9667.492307692308,55.84916666666667,66.05032119914347,153.38436830835118,918,64,4720.6089119698145,453,153.19964349376113,521
191,0.3466,-7553.738461538461,33.54333333333334,39.84582893347413,125.46040126715945,923,71,4354.526720527148,453,128.46611721611723,296
192,0.3447,-9004.261538461538,40.82416666666666,46.35,128.11326530612246,1015,64,3807.1141353411854,453,116.57946428571428,303
193,0.3428,-9291.076923076922,51.531666666666666,61.17321997874601,149.26142401700318,921,66,4955.957833654887,453,143.77488789237668,12
194,0.3409,-9027.215384615385,44.42,50.04752275025278,135.49443882709807,966,68,4714.017624100975,453,119.49555950266429,99
195,0.339,-8552.83076923077,40.40083333333333,47.87397540983606,128.37295081967213,946,66,5683.099637055887,454,101.41521539871677,550
196,0.3371,-8307.876923076923,37.06666666666667,44.11904761904762,124.97929606625259,937,65,6004.715106334633,454,110.87963800904977,518
197,0.3352,-9649.138461538461,50.78,57.99111549851925,140.6406712734452,962,57,3424.018440232164,454,124.37434554973822,438
198,0.3334,-8912.261538461538,45.4975,50.7037037037037,133.12612612612614,971,62,3537.675211715591,454,101.32051282051282,158
199,0.3315,-9250.523076923077,43.721666666666664,51.159203980099505,130.1174129353234,978,63,3834.0296637650954,454,100.22770562770563,606
200,0.3297,-9887.953846153847,47.41833333333334,48.401898734177216,133.4198312236287,957,64,6821.146076392253,455,146.55072463768116,634
201,0.3279,-6874.076923076924,35.19583333333333,41.116324535679375,112.69990224828935,973,65,4330.790635956524,455,79.99544626593807,63
202,0.3261,-9079.507692307692,42.126666666666665,50.989648033126294,129.70600414078675,929,58,5586.1150946257585,456,112.31015553522415,359
203,0.3243,-7795.199999999999,38.244166666666665,47.75627615062761,124.64853556485356,894,63,3211.134732841062,456,98.01969561324978,274
204,0.3225,-9533.784615384615,46.12916666666667,56.53446447507953,137.7136797454931,900,62,4356.24037810609,456,123.87581699346406,817
205,0.3207,-10744.415384615382,55.48166666666667,64.39630836047775,150.95982627578718,918,62,4414.52762581663,456,167.86944696282865,662
206,0.3189,-12825.569230769228,76.87166666666667,94.45726970033296,197.45948945615982,862,68,6331.878551227912,456,181.1000893655049,729
207,0.3172,-10734.36923076923,53.455,63.04746835443038,152.16455696202533,930,66,4390.352114272228,459,155.69203222918532,669
208,0.3154,-9174.384615384615,43.54083333333333,52.408862034239675,131.74420946626384,928,62,4698.924977399161,460,103.5158172231986,221
209,0.3137,-7600.369230769231,34.833333333333336,41.25881168177241,115.88016112789526,930,62,5174.852918624447,460,77.98010849909583,724
210,0.3119,-8259.261538461538,37.44416666666667,43.51271617497457,123.70193285859614,953,64,4402.16408947754,461,105.89061075660894,566
211,0.3102,-9897.8,49.82333333333333,60.72454448017149,142.60986066452304,887,58,5903.84061166975,461,146.89304812834226,140
212,0.3085,-8089.907692307692,36.403333333333336,37.156824782187805,114.52081316553728,1009,61,5001.241694478266,461,92.1068222621185,165
213,0.3068,-8736.123076923079,51.40083333333333,65.68728908886389,151.06749156355457,862,68,5612.410634059543,461,137.8789323164919,117
214,0.3051,-9427.89230769231,41.31666666666667,49.947826086956525,131.67282608695652,920,61,4702.951427299079,462,139.87385740402195,594
215,0.3034,-12227.753846153848,63.83833333333333,79.6670341786108,182.37486218302095,866,65,3968.812568283125,462,158.82998171846435,889
216,0.3017,-10566.89230769231,52.06916666666667,62.81561085972851,143.5056561085973,836,60,7233.279668827827,462,149.59510357815444,422
217,0.3,-9856.969230769231,44.0325,52.59234234234234,134.0608108108108,871,60,7316.735121590938,462,161.44669117647058,222
218,0.2984,-8428.184615384616,36.339166666666664,43.15392561983471,121.34917355371901,942,61,6252.98419513595,462,107.35841956726246,5
219,0.2967,-11025.061538461538,54.053333333333335,66.2624867162593,167.9596174282678,904,71,7211.77625738315,462,152.83468104222823,136
220,0.2951,-8579.2,38.17,44.21018418201517,124.63163596966415,897,60,5339.970472261713,463,132.3185595567867,633
221,0.2935,-9176.56923076923,36.8,42.50052687038988,123.48893572181244,929,61,6339.788772024502,463,121.94010889292196,318
222,0.2918,-13482.261538461536,74.20833333333333,95.48463356973996,200.65130023640663,787,66,8407.990182524563,463,193.01518026565464,326
223,0.2902,-9861.76923076923,50.549166666666665,62.92291220556745,157.32976445396145,910,65,5615.838175479894,464,138.1668169522092,786
224,0.2886,-9675.784615384615,43.49166666666667,47.882412060301505,121.68944723618091,966,59,4500.161283476025,464,123.15633187772926,290
225,0.287,-9253.584615384614,43.915,51.71473684210526,132.82736842105263,930,65,5883.595949904716,465,112.85165326184092,734
226,0.2854,-13116.0,71.635,96.09783989834816,215.7966963151207,765,75,8364.950901880098,466,231.08488805970148,834
227,0.2838,-10795.815384615385,48.850833333333334,56.16332665330661,137.34168336673346,975,54,3851.6366566926617,466,108.54163014899211,261
228,0.2823,-10679.6,55.2375,72.11019929660023,168.76553341148886,778,69,5799.7968971405,466,173.15514184397162,707
229,0.2807,-12435.953846153847,65.80666666666667,90.55263157894737,201.19924812030075,737,71,10360.031053603136,466,213.42465753424656,484
230,0.2792,-11519.384615384615,57.73,73.16532721010333,176.7657864523536,815,71,7444.758629435838,467,151.84736355226642,186
231,0.2776,-8079.369230769231,39.25666666666667,50.04638619201726,134.487594390507,884,70,4988.679115436251,467,122.71415850400713,356
232,0.2761,-9439.584615384616,44.79833333333333,53.811300639658846,126.51918976545842,914,56,5518.822702177871,467,123.68660968660969,876
233,0.2746,-9162.030769230769,50.27916666666667,61.27070063694268,143.83227176220808,871,65,5824.316007410552,467,135.13090909090909,160
234,0.273,-9991.56923076923,54.89416666666666,65.6967126193001,150.8016967126193,871,62,4103.201607484378,467,146.4294532627866,269
235,0.2715,-10382.046153846153,50.275,63.51450892857143,151.12053571428572,857,62,4637.17965227454,467,145.24651162790698,123
236,0.27,-8800.800000000001,49.009166666666665,54.94383149448345,130.47843530591774,950,56,4740.970382998615,468,76.3179190751445,454
237,0.2685,-10991.615384615383,55.99166666666667,72.38768529076397,156.89965792474345,808,59,6924.72320090804,468,141.4832089552239,533
238,0.267,-11678.76923076923,63.358333333333334,74.30665163472379,162.11950394588501,909,60,6261.259888161806,468,160.88219178082193,644
239,0.2656,-8227.061538461538,44.72666666666667,51.63265306122449,131.84285714285716,921,62,5005.531782477884,468,115.62534184138559,538
240,0.2641,-9150.938461538462,43.015,47.809474768280126,126.42739443872297,963,62,5446.0421686990085,468,98.49857278782112,754
241,0.2626,-8273.984615384616,41.32833333333333,48.29038854805726,127.97546012269939,957,64,6776.59838044021,470,96.35386029411765,740
242,0.2612,-12783.276923076923,62.79666666666667,81.31572769953051,192.90140845070422,844,67,9148.139598578548,470,215.13393665158372,519
243,0.2597,-8418.123076923079,43.329166666666666,49.42078708375379,130.6659939455096,946,63,5015.733632317522,472,86.30178069353327,691
244,0.2583,-9368.107692307694,50.67,60.473195876288656,140.39690721649484,903,59,5613.877985044048,472,92.0311320754717,839
245,0.2569,-9557.984615384616,54.270833333333336,63.76482830385016,148.24349635796045,922,59,5994.588779790586,473,119.4626334519573,654
246,0.2555,-10656.523076923077,52.825,63.835129310344826,143.3448275862069,922,57,6183.103580358767,473,151.8709677419355,401
247,0.254,-14301.76923076923,88.45916666666666,127.67060367454069,240.78215223097112,739,71,11255.731850097216,473,261.2050390964379,68
248,0.2526,-9868.753846153844,42.01166666666666,53.84665226781858,139.52375809935205,909,60,4569.693472319238,473,118.65176022835395,758
249,0.2512,-9379.338461538462,43.814166666666665,49.92028985507246,127.78985507246377,973,57,4597.044370982078,473,110.23459061637534,602
250,0.2498,-9404.815384615384,54.03916666666667,66.74628450106157,144.96390658174099,872,62,6214.283871322347,475,119.48148148148148,865
251,0.2485,-10981.33846153846,54.03,68.57603686635944,145.67165898617512,834,53,5549.115929950762,477,181.8456678700361,277
252,0.2471,-8765.8,46.23583333333333,54.40060544904137,137.56508577194754,965,62,4994.305960873488,478,131.90008764241892,321
253,0.2457,-10630.16923076923,55.285,70.84922394678492,168.93680709534368,879,65,4067.045105875119,478,146.88998211091234,386
254,0.2444,-12173.692307692309,67.7475,98.68388683886839,191.8241082410824,741,66,9203.06284944362,479,186.16187050359713,273
255,0.243,-11189.476923076922,52.494166666666665,63.93114406779661,149.91101694915255,889,64,6987.982804760808,479,113.99026548672566,660
256,0.2417,-8554.246153846154,46.178333333333335,56.65797705943692,134.26903023983317,889,60,3729.300584806647,480,115.6726296958855,522
257,0.2403,-7859.6,34.869166666666665,40.482581967213115,122.40881147540983,954,61,5824.669149729631,480,106.41084558823529,161
258,0.239,-8554.907692307692,49.12416666666667,54.85174418604651,129.86918604651163,964,56,5361.2932736127195,480,78.43848288621646,58
259,0.2377,-8547.83076923077,50.464166666666664,66.5067264573991,147.50336322869956,805,61,8717.61368213319,481,116.75122910521141,579
260,0.2364,-8214.246153846154,50.9275,56.51012145748988,135.00404858299595,967,63,8504.541094700633,482,90.67084942084942,509
261,0.2351,-11070.646153846155,54.196666666666665,60.08163265306123,136.9698736637512,971,48,7366.64821641638,485,94.80177777777777,163
262,0.2338,-10310.292307692307,44.84916666666667,52.15195071868583,131.52464065708418,923,54,5783.267310233469,487,117.09147424511545,64
263,0.2325,-12495.153846153846,76.52416666666667,109.81111111111112,221.5395061728395,707,72,10331.123366114305,487,212.26504941599282,575
264,0.2312,-9218.061538461538,41.8725,47.935483870967744,125.07762096774194,951,52,5655.304689157284,489,100.93131868131869,471
265,0.2299,-8963.56923076923,49.00083333333333,56.4974974974975,131.48848848848849,954,57,5131.997778893017,489,101.56879039704525,168
266,0.2286,-11112.292307692307,58.623333333333335,68.92276004119465,144.7559217301751,929,49,6436.326084903141,490,150.7397504456328,807
267,0.2274,-8844.384615384615,36.53,43.46413502109704,124.2415611814346,937,64,6206.013390769303,491,102.18511627906977,109
268,0.2261,-8829.353846153846,47.855,55.588235294117645,131.23013415892672,918,56,5927.066959195611,491,83.19351851851852,41
269,0.2249,-8397.6,33.7975,40.01372756071806,122.1531151003168,930,65,5635.224903201874,492,129.6145648312611,776
270,0.2236,-9278.4,39.175,47.605095541401276,133.56687898089172,935,62,5286.96903441393,492,106.0154968094804,416
271,0.2224,-10923.953846153847,43.343333333333334,50.505820105820106,132.36825396825398,968,62,4286.775149864276,492,150.40125111706882,683
272,0.2211,-9534.215384615383,40.12416666666667,45.993801652892564,124.31301652892562,940,59,4067.9023292249863,492,103.51177536231884,101
273,0.2199,-9103.492307692308,38.275,43.94391534391534,124.6962962962963,978,60,6480.6011646097795,492,141.41048824593128,508
274,0.2187,-8979.338461538462,38.255,43.76744186046512,136.59251769464106,973,71,2620.9172858940383,493,83.36148955495004,120
275,0.2175,-14456.861538461539,77.58833333333334,113.3056338028169,234.85774647887325,711,72,13830.342708205244,493,267.41308411214953,892
276,0.2163,-10909.076923076924,52.76833333333333,67.97441860465116,157.7093023255814,821,62,10149.65677663368,494,153.4049815498155,459
277,0.2151,-8020.276923076924,39.160833333333336,43.980269989615785,127.1754932502596,934,65,6834.328123903062,494,111.85334555453713,480
278,0.2139,-8217.015384615384,34.1975,37.606,119.517,985,63,3397.3278105361837,494,106.55992680695334,475
279,0.2127,-6606.446153846155,31.885,36.368062317429406,100.18987341772151,983,61,4230.962226541885,496,42.013145539906105,752
280,0.2115,-8032.507692307692,35.946666666666665,42.79831045406547,129.65786694825766,942,69,3119.389140110823,496,94.01467889908257,448
281,0.2104,-7956.661538461538,38.8225,45.10505050505051,128.43838383838383,969,68,5254.843519295505,496,112.23224043715847,380
282,0.2092,-7269.261538461538,32.803333333333335,37.352352352352355,119.005005005005,981,66,5461.377158548192,496,84.67801287948483,304
283,0.208,-7468.630769230769,34.02166666666667,36.263653483992464,111.14595103578155,1019,60,4995.356688557077,496,51.39488117001828,477
284,0.2069,-8564.63076923077,39.44416666666667,45.62475442043222,127.71218074656188,972,58,3741.9133672118614,496,79.62118491921005,640
285,0.2058,-9049.538461538461,44.48083333333334,47.811623246492985,132.02605210420842,1013,62,3398.210718508013,496,112.45568487018801,821
286,0.2046,-8417.030769230769,40.57666666666667,50.9277238403452,130.6925566343042,869,62,7397.660858319533,496,133.79693140794222,227
287,0.2035,-8680.046153846153,41.69583333333333,46.2919921875,136.0986328125,1006,68,2743.673569766189,496,113.35458515283842,873
288,0.2024,-10770.323076923076,52.72416666666667,60.652763295099064,154.27632950990616,923,63,4453.874955095526,498,144.1685789938217,795
289,0.2012,-7375.676923076922,34.79666666666667,40.56446700507614,121.59593908629442,937,68,5370.22663693876,499,71.86746987951807,745
290,0.2001,-7420.876923076923,33.2875,39.96117523609654,130.52256033578175,905,74,3241.410511404875,500,90.65674418604651,439
291,0.199,-7339.969230769231,35.44083333333333,42.705263157894734,127.87263157894736,914,72,3562.783920376739,500,97.96033210332104,771
292,0.1979,-7777.36923076923,38.2425,46.539267015706805,119.01256544502618,916,63,6732.299838186918,501,81.69621421975992,597
293,0.1968,-7919.338461538463,33.17333333333333,41.458695652173915,127.90652173913044,911,67,4672.612227747794,501,98.89814814814815,610
294,0.1957,-9791.184615384616,52.5925,70.27437641723355,142.08843537414967,781,60,8867.740534561604,504,110.00380952380952,119
295,0.1946,-8231.215384615385,35.151666666666664,41.86673773987207,124.61087420042644,937,69,5454.620323597252,504,98.26782449725776,859
296,0.1936,-11034.123076923077,49.87833333333333,64.41712403951702,154.50493962678377,833,62,7694.406397571267,504,134.9710407239819,24
297,0.1925,-10210.676923076924,53.0675,67.65783664459161,160.6401766004415,812,70,7096.467385942408,505,141.54886561954623,544
298,0.1914,-10976.323076923078,56.07416666666666,76.07784431137725,178.54850299401198,794,71,9678.681146953788,505,200.8147818343722,170
299,0.1904,-12981.184615384615,72.14333333333333,97.95550351288057,195.05854800936768,802,66,11869.819331091583,506,196.84560780834073,278
300,0.1893,-7746.430769230768,40.76416666666667,46.88911290322581,124.79838709677419,968,68,6468.556027774374,509,97.6086956521739,420
301,0.1883,-9546.492307692308,49.64,62.92880258899677,149.7680690399137,880,71,4334.938507135488,509,110.9716894977169,15
302,0.1872,-8308.599999999999,38.39416666666666,43.73347324239244,131.0598111227702,916,66,4641.005674507749,510,102.07635009310987,678
303,0.1862,-8721.030769230769,38.39833333333333,48.557432432432435,143.54166666666666,892,71,7355.245897402842,511,109.22117202268431,517
304,0.1852,-6350.215384615385,35.31,40.75171065493646,116.97653958944281,970,68,4446.414461232279,511,46.82132834424696,92
305,0.1841,-13615.692307692309,71.0525,101.01465201465201,198.64713064713064,767,61,10832.706023346009,512,209.98253676470588,55
306,0.1831,-7725.969230769229,27.530833333333334,30.677480916030536,107.18034351145039,1031,61,5787.984180743168,512,47.26377597109305,343
307,0.1821,-7104.846153846153,31.623333333333335,37.945549738219896,117.18219895287959,937,73,4619.666905932769,512,82.66729147141518,118
308,0.1811,-8525.907692307692,42.255833333333335,55.283256880733944,141.11238532110093,850,69,5774.73972509819,512,162.7312440645774,464
309,0.1801,-8236.923076923078,37.265,41.48285994123408,125.71302644466209,1004,67,3759.0311998518177,513,58.059204440333026,629
310,0.1791,-9352.599999999999,42.535,50.624091381100726,131.53478712357216,940,58,6639.63162063926,513,130.87269372693726,145
311,0.1781,-8065.030769230769,31.5625,34.52243270189432,113.82951146560319,1000,61,5402.785623482717,514,80.2109158186864,666
312,0.1771,-7816.138461538462,41.461666666666666,49.99587203302374,128.53973168214654,903,64,3684.18591258816,517,83.5668849391955,398
313,0.1762,-7634.723076923076,32.5275,38.21840242669363,124.2891809908999,922,66,5191.465251263773,519,117.69842657342657,596
314,0.1752,-7621.923076923077,27.361666666666668,29.341719077568133,110.94234800838575,1007,67,4636.809413376475,520,75.50143815915628,449
315,0.1742,-6987.907692307694,35.9475,41.55317073170732,126.87609756097561,943,72,4066.6081498938092,520,78.7427536231884,246
316,0.1732,-6850.7692307692305,34.4175,37.30776794493609,115.58407079646018,980,65,5114.169660904631,520,64.40449438202248,759
317,0.1723,-8773.73846153846,38.295,43.530425963488845,130.2423935091278,949,66,5057.325386806362,520,107.17579505300354,80
318,0.1713,-7796.7384615384635,30.2975,34.50910931174089,117.2672064777328,962,66,3478.644453057013,520,83.91750687442713,582
319,0.1704,-9780.507692307692,50.075,62.649890590809626,160.72647702407002,871,74,4238.300282838961,520,140.07453416149067,225
320,0.1694,-7598.569230769232,37.964166666666664,43.979209979209976,128.014553014553,933,67,4757.7431049104825,520,92.6308973172988,551
321,0.1685,-9211.076923076924,46.32083333333333,55.51094890510949,144.1584984358707,900,71,3421.5029876977655,520,82.869926199262,391
322,0.1676,-8304.06153846154,37.72666666666667,42.73511293634497,120.07494866529774,925,58,4886.013298020261,520,75.06189555125725,20
323,0.1666,-7721.399999999999,35.5525,42.65720294426919,130.92639327024185,926,73,4035.991539902244,520,94.21062271062272,250
324,0.1657,-10132.969230769231,50.41916666666667,62.87947882736157,146.28773072747015,859,65,6580.098657816066,520,150.34375,35
325,0.1648,-9753.353846153848,42.089166666666664,52.619101123595506,131.7067415730337,879,59,7064.781573016495,520,152.63996399639964,18
326,0.1639,-8307.707692307693,38.348333333333336,42.59345794392523,115.1803738317757,993,56,3786.9813879900635,520,56.810205908683976,670
327,0.163,-9652.676923076922,44.3775,53.300211416490484,130.2970401691332,932,57,6099.562690326441,521,118.7170993733214,500
328,0.1621,-8159.492307692308,32.01416666666667,35.95449949443883,113.84732052578362,1005,57,6917.113506380529,522,81.30790190735695,559
329,0.1612,-7421.369230769231,38.443333333333335,45.90358974358974,134.12410256410257,929,71,2820.6719928961797,522,74.5325164938737,205
330,0.1603,-8200.815384615384,31.51,35.20882352941177,109.77156862745097,1021,53,4173.65029472245,522,78.54643823264202,882
331,0.1594,-8334.8,38.265,46.15343347639485,122.70815450643777,935,63,7515.883773881543,522,127.07043558850788,485
332,0.1585,-7993.476923076924,41.26166666666666,45.39616935483871,130.8921370967742,981,66,6820.261431203553,522,110.03690685413005,506
333,0.1577,-9256.246153846154,39.14416666666666,42.92123629112662,123.7926221335992,982,57,4846.871633272185,522,112.00263852242745,400
334,0.1568,-8421.584615384616,35.950833333333335,41.2655771195097,118.34218590398366,990,61,4299.358748888724,522,111.2704845814978,735
335,0.1559,-9038.938461538462,46.98583333333333,56.258566978193144,140.70197300103843,934,60,3981.546450557929,522,123.68548387096774,799
336,0.155,-14129.8,73.87916666666666,101.225,201.63214285714287,758,64,10009.536770144146,522,193.76895628902764,479
337,0.1542,-7367.138461538461,29.698333333333334,33.88432122370937,96.78585086042065,1019,49,3332.8928371189995,522,34.782851817334574,403
338,0.1533,-8654.707692307691,35.31333333333333,38.940891472868216,113.58624031007751,1015,51,3788.6131997541784,522,85.07384341637011,863
339,0.1525,-8689.384615384617,42.25666666666667,45.85673892554194,124.84825636192271,1030,54,4220.994084475982,522,61.9393115942029,71
340,0.1516,-8193.476923076923,40.595,45.676907829534194,131.46283448959366,979,60,2828.7668433545073,522,94.88430493273543,310
341,0.1508,-10246.184615384616,50.48,59.218934911242606,139.57889546351086,938,54,4420.427477721991,526,82.22697674418605,548
342,0.15,-10061.923076923076,51.665,57.78150406504065,143.8180894308943,921,59,3978.461125013745,526,113.35631154879141,578
343,0.1491,-14228.599999999999,79.865,116.33505821474773,231.85381630012935,693,66,11010.16340607264,527,240.075,412
344,0.1483,-9169.36923076923,42.90833333333333,50.21035598705502,137.1057173678533,951,65,4328.7447705617,527,105.12987012987013,840
345,0.1475,-10409.723076923077,44.14666666666667,50.40952380952381,132.52698412698413,970,58,4310.412570774262,527,131.23224043715848,79
346,0.1467,-10535.707692307693,52.78,65.17608695652174,153.7173913043478,865,63,7723.110582336485,528,117.95391705069125,365
347,0.1459,-11607.107692307693,58.14333333333333,70.83423618634886,151.12242686890573,835,57,5488.412379203742,528,117.94922937443336,569
348,0.1451,-8299.292307692307,39.30166666666667,47.233265720081135,119.8529411764706,916,57,6198.063895453213,528,105.41109154929578,713
349,0.1443,-10293.76923076923,51.47,65.07658643326039,146.1159737417943,890,54,4816.205930023424,528,142.6380255941499,85
350,0.1435,-12355.076923076926,66.62833333333333,84.29220023282888,185.57625145518045,814,69,7019.638817691931,528,200.37334510150043,534
351,0.1427,-12821.661538461538,60.65416666666667,78.43565525383707,155.7650531286895,832,56,6449.614512800616,528,183.62763037511436,626
352,0.1419,-15165.261538461542,92.6575,139.8063063063063,250.87987987987987,644,68,14775.81668876138,530,327.6376021798365,166
353,0.1411,-11217.538461538461,55.48,72.25846501128669,164.67494356659142,809,68,6366.985460229407,530,157.8238993710692,494
354,0.1403,-10852.307692307691,48.920833333333334,56.52051835853132,139.58099352051835,928,61,5790.066062100907,530,162.70506108202443,482
355,0.1395,-9039.63076923077,38.469166666666666,46.29959100204499,126.74437627811861,951,61,5303.474825143943,530,87.67066420664207,214
356,0.1388,-7434.892307692308,35.13166666666667,41.583686440677965,119.64406779661017,925,61,5726.6904878245905,530,75.95441595441595,635
357,0.138,-9566.23076923077,42.5675,49.572527472527476,128.96153846153845,903,62,9490.70387823264,530,157.5099457504521,367
358,0.1372,-8286.630769230767,36.031666666666666,43.27350427350427,122.55021367521367,930,60,6564.461395036514,530,92.20319849482597,812
359,0.1365,-8529.892307692307,38.165,44.115504682622266,121.6961498439126,961,61,5282.473389051134,530,113.31046931407943,122
360,0.1357,-11748.123076923077,56.08583333333333,69.89168490153173,147.68927789934355,882,52,5043.804230012312,530,168.04529307282417,711
361,0.135,-9433.846153846154,36.87833333333333,42.65972222222222,122.48412698412699,985,55,2916.965864284168,530,76.22047970479704,542
362,0.1342,-10678.76923076923,42.5575,50.53563714902808,136.74946004319654,940,54,4377.34091009913,530,145.06871609403254,841
363,0.1335,-8124.707692307693,34.55416666666667,38.34876847290641,116.21379310344828,1013,61,5497.1020705056435,530,52.21488372093023,545
364,0.1327,-9832.599999999999,44.30833333333333,53.7956204379562,140.28050052137644,891,63,3759.477401335425,530,117.9804469273743,556
365,0.132,-9355.815384615384,38.321666666666665,44.84913353720693,122.6493374108053,958,53,7996.088164477152,530,93.29524680073126,866
366,0.1313,-10324.184615384616,50.14666666666667,62.25929978118162,149.85886214442013,869,62,6638.454098293586,530,145.07468123861565,305
367,0.1306,-9614.923076923076,44.7725,57.768973214285715,149.38727678571428,833,62,6848.932297244664,531,132.27406049495875,871
368,0.1298,-14280.538461538461,75.09333333333333,102.00751879699249,210.14786967418547,767,66,11424.105793319277,532,222.55067264573992,468
369,0.1291,-9948.046153846153,55.23166666666667,74.80318543799773,161.04323094425484,787,67,7344.996375242119,532,143.2094897045658,732
370,0.1284,-7933.307692307693,34.16166666666667,42.76923076923077,124.22435897435898,917,61,5451.0672349322085,532,86.66666666666667,671
371,0.1277,-11842.092307692306,68.1675,95.8180693069307,193.51732673267327,749,66,9761.036617985708,532,183.07039711191337,720
372,0.127,-11596.846153846154,54.58083333333333,69.85317919075145,165.41734104046242,822,63,10055.06571967999,532,160.7285067873303,394
373,0.1263,-9705.076923076922,41.6975,50.67424242424242,129.29329004329006,897,58,5411.084901166773,532,136.47097378277152,470
374,0.1256,-10493.476923076923,51.565,65.7303867403315,151.53370165745855,839,61,4497.224537986647,532,124.69505494505495,505
375,0.1249,-9656.661538461536,40.596666666666664,45.918450560652396,122.8256880733945,950,54,5637.572184894741,532,103.136078782453,254
376,0.1242,-8775.815384615384,30.368333333333332,34.588235294117645,114.3469591226321,995,62,6230.592266471851,533,91.12822796081923,96
377,0.1235,-8273.400000000001,32.251666666666665,37.16148445336008,118.31093279839519,973,56,6169.105512394453,534,84.54744525547446,527
378,0.1228,-10669.323076923076,50.608333333333334,61.321314952279955,150.13467656415693,870,61,3806.135328837801,534,109.00176211453744,127
379,0.1221,-9806.76923076923,42.555,46.77765843179377,125.93877551020408,907,60,6342.852255721427,534,158.71503957783642,432
380,0.1215,-9379.846153846154,40.44083333333333,47.66528066528066,131.15176715176716,958,62,3684.1554505568206,534,121.95567375886525,790
381,0.1208,-12382.86153846154,66.39083333333333,91.02463054187191,194.03940886699507,760,68,12793.054713285776,535,200.61698283649503,696
382,0.1201,-9258.276923076923,43.05916666666667,51.62974358974359,124.57333333333334,939,54,4306.620259048636,535,104.84039675383228,481
383,0.1195,-9339.969230769231,39.42166666666667,44.3195991091314,126.03340757238307,940,67,6149.48983986163,536,146.89872262773721,421
384,0.1188,-9629.2,43.33,49.40258342303552,133.94940796555437,937,58,3832.1585006653672,536,128.01358695652175,848
385,0.1181,-10915.446153846155,54.8875,65.54148936170213,149.6095744680851,902,56,3450.3837116948484,536,167.11160714285714,200
386,0.1175,-8276.892307692307,39.04333333333334,44.31517509727627,117.16342412451363,963,54,4579.705923012856,536,61.14441416893733,348
387,0.1168,-9450.723076923075,40.785833333333336,45.47222222222222,120.25574712643679,993,48,3512.327470918281,536,82.28144239226033,788
388,0.1162,-8343.123076923079,33.45166666666667,37.47992164544564,112.66503428011754,989,54,4098.302022480357,536,62.89383886255924,702
389,0.1156,-10666.476923076923,57.58,68.70695187165775,145.13689839572191,897,52,5759.230334942008,536,123.67823639774859,802
390,0.1149,-9890.553846153847,45.053333333333335,53.76354166666667,129.63958333333332,932,53,9457.02906206471,536,111.23113207547169,717
391,0.1143,-8842.276923076923,45.795833333333334,51.31074035453597,130.55474452554745,938,61,7160.124733851653,538,145.00089285714284,877
392,0.1136,-9042.676923076924,46.22416666666667,52.027027027027025,132.2172172172172,965,55,4208.69232026498,540,111.54907161803713,665
393,0.113,-7793.030769230769,31.9775,37.73831775700935,114.50986500519211,951,65,5481.725330798436,540,79.18241965973534,91
394,0.1124,-12541.015384615384,70.27416666666667,90.74118942731278,178.50881057268722,832,56,6166.856943772826,540,153.6949152542373,219
395,0.1118,-9308.63076923077,45.5175,55.41012396694215,134.89772727272728,924,52,8292.584456183284,540,90.29801324503312,177
396,0.1112,-10465.046153846153,57.20916666666667,64.2764645426516,139.69373072970194,916,50,3444.306149229833,540,101.38790697674419,27
397,0.1105,-8188.307692307693,33.88333333333333,38.195367573011076,114.09969788519638,999,59,5810.732476258195,540,83.11293260473589,90
398,0.1099,-9821.292307692307,46.22833333333333,51.855345911949684,133.76205450733752,971,59,5460.244147709152,540,101.381174277726,768
399,0.1093,-10448.800000000001,51.428333333333335,59.09329140461216,139.25471698113208,945,53,4813.699982031669,540,121.61961503208066,451
400,0.1087,-8339.123076923077,48.2325,53.4,126.9590243902439,966,58,4266.041448700669,541,69.14391143911439,679
401,0.1081,-9305.507692307692,36.53333333333333,41.505795574288726,113.97787144362486,952,53,6440.987634196304,541,115.39428571428572,861
402,0.1075,-9441.615384615385,44.61083333333333,50.04969574036511,125.88843813387425,943,55,3690.528280831013,541,103.33392070484581,619
403,0.1069,-10403.123076923077,51.12833333333333,63.51633986928105,140.18300653594773,879,52,8553.121749842347,541,135.15225225225225,327
404,0.1063,-8187.584615384616,34.2,37.08243375858685,116.01570166830226,997,62,6081.91651248765,541,91.7892888498683,355
405,0.1057,-10926.476923076923,51.446666666666665,58.249748237663646,139.1339375629406,954,53,4985.485295634698,541,112.922942206655,433
406,0.1052,-8694.138461538461,38.3325,44.68718967229394,122.82522343594836,943,56,2756.259795370809,541,77.58737419945105,737
407,0.1046,-8560.261538461538,37.333333333333336,45.0424178154825,116.54825026511135,931,50,4659.297042481263,541,72.81499051233396,621
408,0.104,-8157.615384615385,33.8425,37.312438785504405,118.84035259549461,1019,62,2848.6695088663414,542,99.6775043936731,128
409,0.1034,-8255.569230769232,35.37833333333333,44.06764374295378,125.55467869222097,857,64,8543.815833715165,542,110.10219675262655,446
410,0.1028,-8902.461538461539,42.270833333333336,54.970753655793025,133.41619797525308,855,58,8738.801877751435,543,138.61084681255946,42
411,0.1023,-7829.969230769231,33.525,36.87024390243902,121.18243902439025,998,69,2971.0884030140123,543,78.19658886894075,831
412,0.1017,-9225.93846153846,37.31166666666667,42.67393561786085,121.26998961578401,969,63,5771.066566911152,543,130.27982062780268,878
413,0.1011,-7761.523076923077,33.985,41.899896800825594,112.20330237358101,915,53,5554.5477078471895,543,93.84903934126258,467
414,0.1006,-9970.430769230768,46.549166666666665,53.20863309352518,133.327852004111,927,59,4240.942918263859,543,119.9920424403183,437
415,0.1,-7963.261538461537,39.14833333333333,47.61401673640167,130.68828451882845,937,66,4473.773907874243,543,88.2685609532539,231
416,0.0995,-9577.63076923077,42.40083333333333,50.61899679829242,129.90181430096052,924,60,5710.845528939987,543,138.5885509838998,498
417,0.0989,-10139.76923076923,42.9975,49.11065573770492,130.5122950819672,932,55,6478.112829260199,544,109.76881720430107,462
418,0.0984,-7757.630769230767,34.745,40.684052156469406,119.18655967903712,935,62,3517.900501075783,544,100.22115384615384,263
419,0.0978,-7449.676923076924,32.8525,36.532951289398284,109.70200573065902,1000,57,2770.9420014060856,544,49.872398190045246,39
420,0.0973,-10803.353846153846,54.4175,68.01085776330076,162.3973941368078,835,70,6486.276864519901,544,168.78191489361703,611
421,0.0968,-9681.553846153845,40.305,46.10495049504951,127.07920792079207,976,53,3073.261432287451,546,85.73670444638186,785
422,0.0962,-7501.538461538461,33.38583333333333,41.32312565997888,111.81520591341076,921,57,8149.980805852456,546,67.275390625,107
423,0.0957,-9585.953846153847,38.30833333333333,43.86508753861998,133.8032955715757,961,66,3773.9910778031344,546,123.85881294964028,766
424,0.0952,-7846.153846153846,36.98166666666667,44.81039755351682,133.2375127420999,912,69,2107.9982591775088,546,107.07394366197182,331
425,0.0946,-11227.030769230769,52.7275,69.2635838150289,168.69595375722542,822,68,8685.393742179507,547,145.9431111111111,17
426,0.0941,-7760.538461538461,35.17166666666667,40.535609756097564,115.12682926829268,977,60,3241.4419899379272,547,75.34212920837125,152
427,0.0936,-8233.415384615384,34.64416666666666,41.30448383733055,115.47340980187695,947,59,8223.304866841063,548,91.24839006439743,299
428,0.0931,-9503.876923076923,45.51916666666666,51.72803347280335,140.82426778242677,906,66,2404.690374579722,548,129.94081272084804,744
429,0.0926,-9589.56923076923,48.36333333333334,56.43172268907563,137.66281512605042,934,57,5571.569216065228,548,129.72181818181818,52
430,0.092,-9336.353846153846,47.77583333333333,58.187986651835374,143.74749721913236,842,67,5833.243499107111,548,157.26923076923077,338
431,0.0915,-8232.56923076923,43.665,51.871128871128874,130.35064935064935,944,58,4487.520555801177,548,88.64553571428571,167
432,0.091,-8044.323076923077,28.1275,31.982793522267208,109.24392712550608,972,58,6544.163182505285,549,71.06542056074767,207
433,0.0905,-8220.615384615385,47.560833333333335,52.428859737638746,133.55095862764884,945,62,4487.0079162271195,549,105.75182481751825,748
434,0.09,-11131.8,50.65833333333333,54.02883625128733,136.5005149330587,1017,52,3870.577949925037,549,133.6983842010772,452
435,0.0895,-9221.784615384615,42.538333333333334,49.04567541302235,127.88338192419825,991,52,1631.9005392672216,549,71.49089253187614,335
436,0.089,-8040.415384615385,41.598333333333336,49.44573234984194,130.05795574288726,905,60,7027.204524575183,549,105.05860113421551,725
437,0.0885,-8481.400000000001,35.4125,43.62579957356077,124.38592750533049,909,57,6794.254073257335,550,98.29227941176471,435
438,0.088,-8347.846153846154,38.13,44.85553278688525,121.79508196721312,961,55,3567.3874482530027,550,89.83197093551317,773
439,0.0876,-7703.907692307692,45.524166666666666,53.889224572004025,129.1460221550856,922,56,5594.272571771294,550,80.1348623853211,474
440,0.0871,-9352.984615384616,40.69833333333333,48.78038379530917,127.2867803837953,915,55,6342.697178871468,550,118.5125815470643,411
441,0.0866,-7403.400000000001,35.84166666666667,41.833166833166835,118.3066933066933,930,61,6526.159625028841,550,91.94298642533937,530
442,0.0861,-7074.676923076923,36.21083333333333,43.95157894736842,122.32631578947368,918,64,5620.204009153005,550,96.11296296296297,697
443,0.0856,-8280.184615384616,35.48083333333334,40.212273641851105,115.05432595573441,972,58,6230.726349503982,550,75.93947606142729,777
444,0.0852,-9235.676923076924,41.0325,48.84138655462185,125.62920168067227,910,58,5420.830761933818,550,114.80597014925372,37
445,0.0847,-9522.507692307692,37.1475,41.02974358974359,122.55282051282052,992,56,4037.249176749938,550,99.2871198568873,323
446,0.0842,-6973.553846153847,33.005,39.16074950690335,112.14595660749507,966,60,4699.690277643389,550,79.06745670009116,148
447,0.0838,-7408.953846153846,33.19,37.18217054263566,110.6501937984496,988,59,4205.559078347353,550,62.70322580645161,440
448,0.0833,-8555.36923076923,34.535833333333336,39.39112487100103,119.89267285861713,948,62,4052.2118266009843,550,123.98752228163993,375
449,0.0828,-8713.36923076923,34.123333333333335,38.43743641912513,120.39267548321465,976,58,2986.6966268207602,550,78.36388634280476,405
450,0.0824,-8289.0,33.880833333333335,37.62602459016394,117.25409836065573,946,63,5204.936365435454,550,125.61743119266055,714
451,0.0819,-8798.56923076923,35.071666666666665,42.002190580503836,120.24644030668127,951,58,6030.518254467069,550,125.57020872865274,311
452,0.0815,-8761.83076923077,37.04833333333333,42.73583093179635,119.77521613832853,991,55,2654.271483501672,550,83.53113879003558,330
453,0.081,-7676.184615384616,28.48,34.427845528455286,112.90142276422765,975,59,5859.852317569628,550,76.89626933575978,116
454,0.0806,-8588.384615384615,36.409166666666664,43.1212789415656,121.76957001102537,891,57,8349.248501456539,550,139.18099547511312,653
455,0.0801,-8368.93846153846,37.020833333333336,42.1936127744511,117.18662674650699,944,56,2976.155659020192,551,85.60688405797102,360
456,0.0797,-8279.4,42.075,48.85631067961165,128.2485436893204,975,59,4305.671862776961,552,88.54553415061297,75
457,0.0792,-7098.923076923077,28.658333333333335,32.49597585513079,109.14386317907444,992,62,8058.871899481529,552,62.57046979865772,133
458,0.0788,-8125.292307692309,37.03916666666667,42.04818092428712,121.41592920353982,968,59,3067.7848523969596,552,77.9891008174387,511
459,0.0784,-8598.907692307692,34.943333333333335,39.9145945945946,113.8681081081081,939,56,4525.078959382694,552,122.53817504655494,294
460,0.0779,-9365.384615384613,40.25333333333333,47.53837597330367,129.6329254727475,897,55,4625.749418914869,552,142.56214689265536,244
461,0.0775,-7878.3076923076915,31.38083333333333,36.279317697228144,120.52665245202559,958,68,5696.036030887891,552,98.54089219330855,320
462,0.0771,-7948.123076923078,33.80083333333334,37.50924024640657,121.93018480492813,971,69,4100.761264887753,552,126.63143872113676,493
463,0.0766,-8331.323076923076,32.1225,35.121827411167516,114.1248730964467,985,57,3279.3186953898035,552,91.65116279069767,685
464,0.0762,-8321.599999999999,35.01416666666667,38.96747967479675,119.66565040650407,982,59,4180.950863252628,552,89.0,151
465,0.0758,-8200.784615384615,29.99416666666667,34.95544041450777,118.44248704663212,978,63,2263.951997025595,552,70.34541984732824,837
466,0.0754,-10953.030769230769,51.01583333333333,62.32666666666667,156.73,847,68,7420.363679610174,553,155.91054030115146,47
467,0.075,-7731.323076923078,31.664166666666667,36.71646341463415,115.23475609756098,956,62,6490.482322126518,553,89.11131221719457,295
468,0.0745,-8394.8,34.73416666666667,38.65388496468214,113.39959636730575,980,59,3625.362460520332,553,97.24484304932736,600
469,0.0741,-7592.3538461538465,31.77166666666667,36.22562141491396,109.27437858508604,1000,58,4457.013420767106,553,74.5885911840968,769
470,0.0737,-8288.16923076923,33.6375,39.32437810945274,116.81990049751244,945,56,3599.215113058227,553,85.6118067978533,86
471,0.0733,-6834.56923076923,28.191666666666666,33.02970297029703,117.34554455445544,953,70,3601.470418364326,553,87.13906111603188,313
472,0.0729,-7115.000000000002,29.821666666666665,34.21104536489152,114.14891518737673,990,63,6591.556601789833,553,76.04170444242973,182
473,0.0725,-7796.6,29.2775,33.3038728897716,121.00893743793446,988,67,2508.5771084903567,554,80.3458110516934,805
474,0.0721,-7130.3076923076915,32.18833333333333,37.026455026455025,122.72486772486772,920,74,4777.908550899756,554,106.29102447869447,419
475,0.0717,-8637.36923076923,41.7975,49.9706498951782,139.40251572327045,896,72,2560.7772459332327,554,105.46348061316502,83
476,0.0713,-7500.953846153846,34.005833333333335,39.17087967644085,120.5278058645096,965,66,3492.611834245807,554,86.48897058823529,765
477,0.0709,-5761.307692307692,25.970833333333335,29.81809338521401,99.12743190661479,987,68,5565.024012579175,554,35.87476459510358,266
478,0.0705,-6477.6461538461535,26.270833333333332,29.836206896551722,107.26340996168582,1015,65,3308.3562847761696,554,64.91575091575092,539
479,0.0701,-6220.5230769230775,26.046666666666667,30.085354025218233,107.21338506304559,998,64,4780.937876297108,554,63.4027149321267,524
480,0.0697,-7193.507692307692,31.18,37.15606361829026,119.87972166998011,949,65,2303.671073889238,554,82.31205673758865,642
481,0.0694,-7776.6923076923085,32.2775,38.612554112554115,121.0021645021645,928,62,7678.998561385624,554,100.22701688555347,580
482,0.069,-6995.799999999999,27.99,31.598853868194844,111.78605539637059,1011,66,3760.212642949903,554,51.423447069116364,229
483,0.0686,-8090.799999999999,31.664166666666667,37.00739957716702,131.88266384778012,970,73,2202.763010643844,554,121.6672777268561,185
484,0.0682,-7362.3538461538465,28.123333333333335,33.02596053997923,115.06126687435099,944,65,3993.878786336754,554,86.49859681945743,567
485,0.0678,-7932.430769230769,33.655833333333334,40.01142263759086,127.20872274143302,935,69,4495.533252792279,554,83.15134633240483,426
486,0.0675,-9774.123076923077,35.73166666666667,40.14646996838778,126.84299262381454,949,60,2410.429517190763,554,109.95886654478976,124
487,0.0671,-7103.107692307693,29.454166666666666,33.82613065326633,113.95175879396984,965,65,5133.033839113099,555,91.49249779346867,33
488,0.0667,-8733.615384615383,40.63,46.36607142857143,124.42857142857143,1004,53,4405.111536120621,555,85.66758241758242,694
489,0.0664,-7281.784615384615,27.044166666666666,30.766437684003925,112.12365063788027,1001,64,4725.794389827038,555,70.93217231897341,455
490,0.066,-5743.446153846153,21.456666666666667,24.214828897338403,97.0,1001,62,5134.750396220573,556,47.99552372426142,44
491,0.0656,-7412.261538461538,29.0725,33.69739478957916,113.06412825651303,961,62,5038.069714900457,558,84.82643884892086,709
492,0.0653,-8228.507692307692,35.08583333333333,40.38009950248756,120.32139303482587,966,60,4432.987961536337,558,86.10759493670886,262
493,0.0649,-7421.7692307692305,32.1325,38.8297213622291,123.687306501548,946,69,4419.920013321192,558,105.72602739726027,615
494,0.0645,-8044.692307692308,29.17,32.69969040247678,113.36429308565532,980,66,7408.606311544823,558,84.73265494912118,457
495,0.0642,-8279.600000000002,31.875,36.22835497835498,118.48593073593074,939,64,3958.495209056151,558,127.19444444444444,397
496,0.0638,-7508.492307692308,31.405,36.69610935856993,121.80757097791798,954,67,6944.427637188249,558,107.76269621421976,31
497,0.0635,-7559.369230769231,28.023333333333333,34.21301154249738,113.92444910807974,928,63,4973.7270742501705,558,64.5832549388523,137
498,0.0631,-6870.076923076923,28.825833333333332,32.89092762487258,116.32313965341488,962,65,9713.238828649595,558,74.4526218951242,599
499,0.0628,-7834.507692307693,30.764166666666668,33.274146341463414,109.41268292682926,1012,61,3751.467200604182,558,62.7380073800738,648
500,0.0624,-5983.3076923076915,27.463333333333335,33.02388059701492,106.59701492537313,937,65,2345.995650169236,558,46.812849162011176,436
501,0.0621,-5767.153846153846,25.93166666666667,29.750485436893204,107.47572815533981,991,73,3617.788527391522,558,60.62252252252252,864
502,0.0617,-8183.123076923077,33.815,40.562847608453836,125.23248053392659,908,67,5364.285030568487,559,139.43956043956044,755
503,0.0614,-8757.8,36.065,42.10901883052527,126.11199207135778,983,64,2472.091771133089,559,80.93789378937893,407
504,0.0611,-8114.876923076923,33.29666666666667,38.11668372569089,118.93756397134084,977,61,2148.636069275979,559,79.88581952117863,155
505,0.0607,-8518.261538461538,33.846666666666664,39.21818181818182,119.80707070707071,992,61,3908.9757252282066,559,104.65446428571428,175
506,0.0604,-8728.430769230768,34.446666666666665,40.72478991596638,123.63235294117646,958,58,4004.453498937697,559,99.31491712707182,402
507,0.06,-8371.923076923076,34.600833333333334,39.74645030425963,119.30933062880325,992,63,3118.306396946128,559,91.2095588235294,618
508,0.0597,-9238.984615384616,40.33583333333333,46.666666666666664,129.92638036809817,922,63,5346.511047868155,559,93.73841961852861,340
509,0.0594,-9250.153846153844,42.3575,50.24574468085106,148.83510638297872,929,75,3930.830263236908,559,110.07142857142857,232
510,0.0591,-9667.169230769232,50.55833333333333,65.33521444695259,140.1546275395034,816,63,10962.670569935693,559,154.67365542388333,423
511,0.0587,-7733.461538461539,29.903333333333332,35.54361054766734,108.8316430020284,983,57,5067.722298908434,559,56.32697807435653,851
512,0.0584,-9303.969230769231,30.79083333333333,32.78234704112337,111.93981945837513,998,58,4127.917142479772,559,78.92883895131087,38
513,0.0581,-9257.692307692307,40.06666666666667,44.01365853658537,118.72585365853658,994,53,3397.1805383535434,559,86.73754448398577,767
514,0.0578,-8981.661538461536,35.18666666666667,39.61352657004831,114.94589371980676,996,52,2607.9523473555437,559,71.7219298245614,491
515,0.0574,-11021.446153846155,40.89416666666666,41.0513068731849,122.13552758954502,1052,55,3123.8045811480697,560,81.3709090909091,572
516,0.0571,-13601.8,70.2025,99.0479704797048,203.00984009840099,735,63,9733.722953648226,561,227.00456621004565,88
517,0.0568,-6910.8,28.649166666666666,33.77235772357724,116.4928861788618,962,68,6159.557175530806,561,86.73641304347827,756
518,0.0565,-10290.523076923077,55.81166666666667,76.62105263157895,174.19883040935673,807,70,6606.391826382298,561,153.74809885931558,742
519,0.0562,-8174.4000000000015,30.766666666666666,33.87325349301397,112.03493013972056,981,59,3029.654892281128,561,87.74014336917563,564
520,0.0559,-6812.030769230769,23.473333333333333,25.66892545982575,105.14520813165537,1022,66,3848.4735119326574,561,59.15567765567766,339
521,0.0556,-6925.9384615384615,28.346666666666668,33.534408602150535,115.59462365591398,903,70,5828.300308157103,561,108.12955854126679,733
522,0.0553,-6694.107692307693,27.598333333333333,30.070778564206268,113.59858442871588,944,70,4443.359348296134,561,84.59118942731277,794
523,0.0549,-6291.461538461538,25.06833333333333,30.924444444444443,122.14,883,79,4988.930463002555,561,111.1208687440982,806
524,0.0546,-6202.569230769231,24.734166666666667,30.38278008298755,120.3350622406639,922,75,2203.674456028146,561,81.68937329700273,555
525,0.0543,-6040.138461538461,26.0075,31.403061224489797,111.3,928,68,6084.310260289419,561,74.02986425339367,478
526,0.054,-7459.676923076924,38.145833333333336,43.69111969111969,121.32722007722008,968,60,2913.4805280529195,562,81.87792207792208,622
527,0.0537,-7966.446153846155,33.983333333333334,39.85888324873096,122.11675126903553,984,65,4687.313880452791,562,98.73327386262265,59
528,0.0534,-8226.246153846154,29.360833333333332,33.00408163265306,118.9469387755102,993,70,4121.317229748921,562,83.30505415162455,761
529,0.0531,-6394.476923076923,25.164166666666667,29.181818181818183,109.64535464535464,959,68,3977.791493885303,562,74.20928116469518,815
530,0.0529,-9108.553846153845,36.986666666666665,39.458333333333336,119.75678294573643,1048,65,2618.1965444298016,562,105.21016365202412,61
531,0.0526,-9818.4,36.77583333333333,39.33125,123.68125,991,62,2655.918412796213,562,140.62999112688553,293
532,0.0523,-8664.338461538462,33.100833333333334,37.70672097759674,116.45417515274949,982,58,4391.283844436636,562,93.29990714948933,453
533,0.052,-10066.723076923077,41.65416666666667,49.146368715083796,126.68938547486033,902,57,3345.013002103211,562,136.74789915966386,312
534,0.0517,-9473.661538461536,35.37583333333333,37.41439688715953,110.09338521400778,1041,52,3615.1800249900357,562,73.84446477584629,651
535,0.0514,-7122.246153846154,29.565833333333334,33.9471007121058,113.91759918616481,954,63,5497.983052604359,563,88.281677301732,726
536,0.0511,-8852.4,34.270833333333336,40.33155650319829,118.17910447761194,928,57,5160.487865527276,563,102.97312859884836,676
537,0.0508,-8301.984615384616,32.4375,37.91944146079484,117.0,936,59,4796.735509353435,563,131.07334525939177,404
538,0.0506,-8168.169230769231,29.33,34.22120285423038,116.95412844036697,983,63,5506.6516328840435,563,64.48532110091743,558
539,0.0503,-9964.523076923078,35.50083333333333,36.700934579439256,111.1214953271028,1007,54,5074.79777396317,563,107.25691347011596,0
540,0.05,-8010.446153846154,32.7625,37.4257528556594,111.97715472481828,961,58,5879.259974972751,564,102.1130355515041,584
541,0.05,-9242.307692307693,41.473333333333336,51.15384615384615,140.88568376068375,904,65,3848.0049001966136,564,140.82019486271037,791
542,0.05,-7249.6461538461535,25.1275,28.523232323232325,109.34343434343434,991,60,4016.2864343878528,564,54.89820923656927,349
543,0.05,-8342.261538461538,32.41166666666667,34.81430096051227,113.31910352187833,927,60,6543.6124589930205,564,131.25674418604652,473
544,0.05,-14714.876923076925,75.60166666666667,114.17391304347827,225.5915678524374,721,65,13059.993459474368,564,248.97195442594216,239
545,0.05,-8073.8923076923065,30.2225,30.798411122144984,116.27507447864946,1005,66,4502.508237418546,564,66.1008174386921,652
546,0.05,-9189.292307692309,32.54083333333333,40.19747899159664,119.97689075630252,957,58,5141.262780315012,564,114.93611357586512,643
547,0.05,-7208.246153846154,24.2775,27.09593023255814,104.06492248062015,1020,59,5752.463031067247,564,87.53433098591549,741
548,0.05,-7821.646153846155,29.84,33.93124368048534,113.0020222446916,978,60,4494.73843398104,564,80.86486486486487,255
549,0.05,-11765.923076923076,67.17083333333333,95.5516826923077,208.79927884615384,731,71,11240.8727788717,565,197.4877408056042,858
550,0.05,-6782.769230769231,26.45,29.165076335877863,107.18320610687023,997,62,4680.641256680773,565,78.86445012787723,235
551,0.05,-7064.492307692308,29.339166666666667,36.06283280085197,115.0702875399361,934,63,4788.885386097823,566,80.33795013850416,300
552,0.05,-7244.7692307692305,26.400833333333335,29.74748490945674,115.42857142857143,980,68,3168.478649115251,566,106.07612456747405,242
553,0.05,-7129.3076923076915,27.83416666666667,34.19092827004219,113.7120253164557,925,62,3197.543101100983,566,70.34531693472091,183
554,0.05,-6628.461538461539,27.0275,31.665284974093264,115.25181347150259,942,72,5221.3861915548705,566,80.72257479601087,469
555,0.05,-6871.3076923076915,27.675833333333333,32.0030303030303,120.55555555555556,975,72,5112.479576157387,566,72.75768872320596,543
556,0.05,-7294.923076923076,28.855,33.671875,117.31145833333333,947,66,4426.088343767162,566,99.29916897506925,32
557,0.05,-8356.646153846155,33.2825,39.73413897280967,133.5850956696878,972,69,4275.847170845046,566,74.61909090909091,860
558,0.05,-8632.8,32.174166666666665,37.00203873598369,114.565749235474,990,60,2501.834383704065,566,82.5,361
559,0.05,-7944.876923076923,35.65083333333333,42.75816326530612,123.60306122448979,925,60,2437.6128573580554,566,110.18630849220104,747
560,0.05,-9790.015384615384,37.486666666666665,42.160732451678534,134.3886063072228,985,66,3138.1607764245177,566,116.4572192513369,336
561,0.05,-7462.861538461538,36.1375,42.33635448136959,125.45115810674723,921,69,4608.159877039706,567,86.35125448028674,489
562,0.05,-7615.092307692307,31.39666666666667,37.7139896373057,118.27979274611398,941,63,4341.230089114969,567,88.41760299625469,809
563,0.05,-9067.446153846155,39.185,45.05348133198789,126.5933400605449,960,61,5678.274197270545,567,102.76207839562443,825
564,0.05,-9572.492307692308,35.80833333333333,39.60061287027579,120.61491317671093,956,56,3400.015116281232,567,79.07706093189964,638
565,0.05,-11993.0,57.7425,74.19862227324914,171.81285878300804,841,70,6674.496893536112,567,168.39890210430008,202
566,0.05,-14515.953846153847,65.305,81.43554443053817,192.74843554443055,811,66,12041.30239177135,568,246.86894586894587,620
567,0.05,-11598.923076923076,59.19166666666667,78.31468531468532,164.2074592074592,808,63,9560.608379850784,568,155.7406015037594,187
568,0.05,-11305.138461538463,50.94583333333333,61.65687426556992,148.25851938895417,836,64,4522.126354983207,568,184.70918822479928,298
569,0.05,-13411.646153846154,72.29166666666667,93.70817120622569,211.11543450064852,773,72,11210.459163808038,568,273.93078324225866,157
570,0.05,-12674.123076923073,67.54083333333334,101.14814814814815,201.510582010582,677,67,9787.389005426305,568,227.85157699443414,456
571,0.05,-8821.292307692307,40.95916666666667,46.980044345898,124.81152993348115,907,61,3918.325137508495,568,148.603738317757,256
572,0.05,-13061.476923076923,69.21333333333334,103.06233421750663,217.73607427055703,699,70,9937.826350251831,568,248.2846846846847,316
573,0.05,-13850.476923076923,68.68416666666667,103.86183310533515,228.8235294117647,704,67,13230.845855713233,568,234.20791168353267,43
574,0.05,-12465.923076923076,64.06916666666666,91.64675984752223,193.4002541296061,727,68,11755.507112456424,569,225.48658649398706,252
575,0.05,-14203.276923076923,77.43166666666667,120.72503617945007,240.1302460202605,681,72,16781.082534855894,569,303.1366459627329,385
576,0.05,-14588.984615384614,82.89333333333333,139.3890625,257.0953125,623,71,14893.16750420683,569,326.9625334522747,192
577,0.05,-11492.0,55.788333333333334,70.0927374301676,171.01899441340782,850,69,9967.898487997107,569,170.5910746812386,159
578,0.05,-11299.784615384615,64.75833333333334,98.55297157622739,207.59948320413437,678,73,10745.783196057719,569,220.90933333333334,236
579,0.05,-14673.830769230772,81.63166666666666,118.0861581920904,230.00141242937852,679,67,16596.44444412599,571,282.0776874435411,196
580,0.05,-13928.184615384615,75.865,116.94765840220386,231.03994490358127,696,70,11052.318188641875,571,275.3821209465381,309
581,0.05,-7157.092307692307,32.80583333333333,37.60526315789474,121.34526315789473,943,70,4223.574133220612,571,97.35403151065802,476
582,0.05,-16550.984615384616,85.00166666666667,128.67052023121389,246.1950867052023,709,69,13754.91848992701,571,304.40723981900453,842
583,0.05,-13019.030769230769,69.5625,91.78562259306804,212.61360718870347,777,75,9688.027191611305,571,268.9024390243902,203
584,0.05,-12479.246153846154,59.37083333333333,79.30314465408804,174.46918238993712,769,66,11087.820896630281,572,225.46889089269612,10
585,0.05,-13219.723076923077,64.41083333333333,93.07267833109017,211.5343203230148,757,73,10813.641764132328,572,250.683426443203,34
586,0.05,-13016.215384615385,66.46583333333334,94.41341463414633,204.92073170731706,773,68,8252.313596281065,572,207.9271402550091,14
587,0.05,-11349.646153846154,57.48166666666667,80.05598958333333,179.88541666666666,781,73,8560.726541522527,572,210.738679245283,342
588,0.05,-10176.892307692306,52.815,65.92569002123142,147.6815286624204,855,60,5193.021060931196,572,119.42238267148015,656
589,0.05,-8066.415384615384,37.86333333333334,44.94499449944995,130.89218921892189,902,75,4678.0881342555085,572,167.75493716337522,894
590,0.05,-14639.307692307693,67.16583333333334,86.56272401433692,195.00955794504182,791,62,11179.292123447527,572,227.081876724931,793
591,0.05,-9146.06153846154,41.995,50.633633633633636,130.92392392392392,897,64,6234.709744068773,572,67.45898617511521,190
592,0.05,-8586.538461538461,35.766666666666666,42.705005324813634,128.6059637912673,859,66,7507.892354486163,572,97.61311172668513,705
593,0.05,-14543.661538461538,78.73166666666667,112.95806028833552,218.9921363040629,768,68,10924.923444817285,572,279.6883239171375,306
594,0.05,-9839.938461538462,57.14833333333333,79.08620689655173,175.14532019704433,748,81,3972.75190756491,572,209.35857664233578,332
595,0.05,-9896.446153846155,49.141666666666666,63.12858783008037,164.51320321469575,809,74,5759.614354290435,572,170.69688644688645,631
596,0.05,-14228.676923076924,77.60916666666667,107.50261780104712,214.88350785340313,741,67,10126.560460207544,573,244.9365367180417,764
597,0.05,-8236.66153846154,41.29083333333333,51.302603036876356,134.35032537960956,882,67,4285.2329656717775,573,127.4267040149393,370
598,0.05,-14211.584615384616,72.9,100.249343832021,214.1220472440945,759,70,11613.290087168494,573,258.4780316344464,224
599,0.05,-11990.076923076924,59.67,81.35632183908046,189.13920817369095,764,71,6449.19632644128,573,216.18477251624884,779
600,0.05,-11353.969230769231,55.913333333333334,66.4719222462203,155.1695464362851,907,61,4404.147780031183,573,151.94708520179373,169
601,0.05,-14173.43076923077,73.66416666666667,98.15309842041312,198.48116646415554,776,61,14092.100621253914,574,232.71943711521547,746
602,0.05,-12829.307692307691,66.1575,84.45721271393643,177.7713936430318,795,66,5291.7142443620805,574,220.6286496350365,114
603,0.05,-12848.984615384616,52.205,59.36243093922652,166.81988950276244,914,64,14637.331296209777,574,182.2046058458813,379
604,0.05,-11065.215384615383,58.67666666666667,80.04112808460634,172.0258519388954,754,65,8855.875352551273,574,149.20551855375834,488
605,0.05,-12856.384615384615,56.18416666666667,65.45939393939393,170.03151515151515,854,66,9704.977181570084,574,193.51178133836004,226
606,0.05,-9716.076923076924,46.7275,57.959358288770055,139.66844919786095,895,58,4777.160023246946,577,121.55050973123262,289
607,0.05,-9685.876923076923,44.805,50.583580613254206,123.21266073194856,1031,49,4008.762410729519,577,82.44682835820896,672
608,0.05,-7875.430769230768,32.4675,35.20867768595041,112.90702479338843,959,62,5254.779287968149,577,121.3942394239424,739
609,0.05,-8080.615384615385,35.805,42.94444444444444,117.49056603773585,914,59,4315.721319325627,577,103.10275229357798,843
610,0.05,-8095.892307692307,34.305,40.94117647058823,121.95338512763595,927,61,7182.8603253674,577,95.15895953757226,410
611,0.05,-7341.292307692307,30.006666666666668,35.39938080495356,116.46233230134159,947,62,5502.9649389201395,577,102.69334532374101,463
612,0.05,-9370.292307692307,37.74166666666667,41.34493041749503,120.42047713717695,987,56,2004.2395306810588,577,81.68812330009067,396
613,0.05,-5112.0615384615385,20.705833333333334,24.76750972762646,82.70817120622569,966,45,4995.500336724906,578,25.393203883495147,372
614,0.05,-7897.984615384616,33.450833333333335,38.75480769230769,107.53942307692307,989,50,4864.7119107575745,579,42.47659176029963,698
615,0.05,-8171.538461538461,42.37583333333333,45.737383177570095,122.37943925233645,1037,53,2831.9800184189603,579,57.38715596330275,625
616,0.05,-7997.507692307694,32.40083333333333,36.91525423728814,112.77648305084746,941,58,5255.04380010958,579,93.32310642377756,373
617,0.05,-8390.215384615385,34.5025,41.842754367934226,118.28160328879753,935,53,5812.048751699946,579,83.94259259259259,585
618,0.05,-7144.261538461538,31.824166666666667,36.6370582617001,109.86532951289398,993,56,2999.1454236797103,579,77.79806848112379,710
619,0.05,-8726.553846153845,38.9025,46.944157187176835,125.22130299896587,946,61,4428.44828363486,579,90.24280575539568,362
620,0.05,-7680.96923076923,32.310833333333335,34.09257265877287,115.76318622174381,936,67,6453.171790932588,579,131.94123048668504,260
621,0.05,-6894.369230769231,26.7625,30.351637764932562,106.09055876685935,1002,59,4554.850429388205,579,59.29341864716636,723
622,0.05,-7509.723076923077,34.8375,41.59315206445116,119.52064451158107,974,61,4512.603508260805,579,70.65309898242369,554
623,0.05,-9301.584615384616,36.87916666666667,39.5040733197556,116.43075356415478,1004,52,5370.475227908907,579,81.92554194156456,210
624,0.05,-7866.599999999999,29.60333333333333,33.13477366255144,111.07304526748972,970,54,5039.913486631435,579,66.04310344827586,822
625,0.05,-10115.76923076923,41.15,46.38137254901961,122.50196078431372,986,50,2229.6934219205664,579,83.73542600896862,641
626,0.05,-8560.0,38.8425,45.81111111111111,123.12929292929293,958,57,3193.5817144690927,579,73.49264705882354,72
627,0.05,-7750.369230769231,32.443333333333335,38.32153392330383,114.05604719764011,976,56,5045.623594282133,580,61.854395604395606,586
628,0.05,-8249.923076923078,35.92916666666667,41.85920925747348,112.82063645130184,984,50,3776.483099305668,580,58.548617305976805,268
629,0.05,-8597.384615384615,37.12,43.240356083086056,127.77744807121661,961,61,1719.2567609630912,580,95.72148541114058,218
630,0.05,-7128.0615384615385,26.41583333333333,30.355864811133202,102.28031809145129,983,55,3291.0137570257525,580,65.13573407202216,823
631,0.05,-7878.615384615385,31.4725,36.39126117179742,114.94041708043694,984,57,2950.7137348354368,581,67.47441860465116,796
632,0.05,-7415.553846153847,28.325833333333332,31.078412391093902,108.17715392061956,1010,57,2614.362049561669,581,54.656307129798904,442
633,0.05,-7789.430769230769,33.42166666666667,38.02262016965127,117.41187558906692,1009,58,1782.4124589904993,581,56.00177462289263,693
634,0.05,-6592.876923076924,28.894166666666667,33.42182890855457,97.50540806293019,982,54,4266.37717446895,581,46.49725776965265,565
635,0.05,-8428.23076923077,41.29,50.51549586776859,127.93698347107438,901,61,1917.498810849713,581,93.2387923147301,204
636,0.05,-8541.784615384615,35.5825,39.31359223300971,113.79223300970874,1011,53,3330.550635353185,581,73.48758049678013,537
637,0.05,-8325.892307692307,35.26083333333333,40.65109343936382,118.90258449304174,987,56,2947.38595198102,581,77.72926162260711,520
638,0.05,-7797.507692307692,37.498333333333335,45.48360655737705,124.30225409836065,904,60,2182.7258176752266,581,65.23098591549295,890
639,0.05,-8371.0,36.36333333333334,43.1979274611399,121.39274611398963,915,59,3454.282896195655,581,102.21975088967972,324
640,0.05,-8845.092307692306,35.68666666666667,40.96910401647786,124.66323377960865,982,60,2124.5974369720275,581,79.72379216043755,818
641,0.05,-7537.769230769231,31.803333333333335,35.9,113.57169811320755,1035,60,3028.9788577427303,581,65.56045895851722,811
642,0.05,-8144.6923076923085,42.16,52.34174553101998,140.84542586750788,889,66,6143.655119398995,581,99.15173674588665,645
643,0.05,-9986.461538461537,40.27166666666667,42.33068520357497,125.49255213505462,1003,58,5093.460608008876,582,87.16043755697356,272
644,0.05,-8062.338461538462,44.45166666666667,53.82649842271293,138.66982124079917,930,65,3918.7581338862715,582,116.20837209302326,528
645,0.05,-7517.830769230769,48.21666666666667,59.53297297297297,146.65513513513514,874,73,4574.763437420996,583,119.20811287477954,65
646,0.05,-7708.953846153845,38.885,44.93160621761658,123.6839378238342,929,63,3023.6069744117494,583,74.80568720379146,824
647,0.05,-10002.538461538461,36.509166666666665,40.24563106796116,127.83106796116505,1005,62,3968.695395157604,583,50.05442804428044,285
648,0.05,-8029.138461538461,32.435833333333335,37.765810276679844,116.49308300395256,957,56,3018.58982182782,583,70.518281535649,102
649,0.05,-6991.153846153846,37.2325,39.86666666666667,128.05435897435896,945,73,3543.9752790383372,583,112.4873417721519,399
650,0.05,-7575.276923076924,33.461666666666666,38.2625754527163,121.98792756539235,974,68,3858.21872044466,583,101.43262411347517,715
651,0.05,-7947.907692307692,41.73833333333334,45.25925925925926,122.70870870870871,947,66,3308.2828323473127,583,79.9087591240876,6
652,0.05,-7416.0,37.89833333333333,46.15916230366492,118.76858638743455,918,62,10898.933007348463,583,79.32397003745318,286
653,0.05,-9186.4,43.06,46.906488549618324,130.63740458015266,1006,57,3897.0314901661704,583,62.88289112534309,573
654,0.05,-8221.384615384615,33.51583333333333,40.08879919273461,122.09384460141271,957,61,4160.464922360134,583,65.68686868686869,722
655,0.05,-7939.123076923077,33.91,40.066600397614316,117.48906560636183,978,60,4430.110669388238,583,66.85972850678733,178
656,0.05,-7834.815384615384,30.683333333333334,37.66770186335404,113.87991718426501,930,57,4989.080457302975,583,72.45981308411216,897
657,0.05,-7952.0615384615385,39.44833333333333,42.7126213592233,124.24757281553399,993,67,1574.052547163616,583,114.78208440999138,686
658,0.05,-8912.246153846154,49.1375,61.55005268703899,141.03371970495257,849,58,5372.196384036917,583,137.11004366812227,247
659,0.05,-7352.938461538461,28.1675,32.69825918762089,113.85976789168278,1009,61,5259.29271301563,583,82.86779059449867,523
660,0.05,-7632.153846153846,34.60916666666667,39.44970414201183,118.85700197238658,971,63,4585.083671723967,583,86.43404634581105,855
661,0.05,-8146.507692307693,35.3475,41.34100877192982,121.15131578947368,896,63,9555.254423725763,583,156.1551724137931,828
662,0.05,-8223.907692307694,34.19916666666666,35.425925925925924,111.075,1064,54,3268.1667363667307,583,41.644444444444446,525
663,0.05,-8443.923076923076,36.784166666666664,42.45171026156942,125.39537223340041,964,60,3819.5704260582474,583,99.69669937555754,97
664,0.05,-7369.153846153846,35.339166666666664,39.396733909702206,122.33813640730067,998,67,3291.354658224617,583,102.17832167832168,661
665,0.05,-9091.2,41.931666666666665,44.503311258278146,116.09933774834437,1023,51,4725.597143450861,584,74.35026269702277,248
666,0.05,-6533.969230769231,30.466666666666665,36.24,109.273,954,63,5001.586573099927,585,64.31141552511416,673
667,0.05,-6939.092307692307,27.270833333333332,31.107142857142858,111.88392857142857,987,62,3368.7412479657914,585,88.78100263852242,213
668,0.05,-7511.7692307692305,30.2825,32.48176583493282,110.66122840690979,992,58,3289.9176891991274,585,54.8689138576779,132
669,0.05,-7919.969230769232,30.6375,36.25229826353422,115.65679264555669,977,59,5454.597270727129,586,99.3967684021544,507
670,0.05,-8716.846153846154,36.376666666666665,38.26831588962892,126.69362511893435,1016,64,3161.7420301131233,586,71.5560661764706,241
671,0.05,-7193.738461538463,29.9675,34.17429406037001,111.41090555014605,1008,64,4630.439337123707,586,61.57142857142857,408
672,0.05,-8477.184615384615,37.469166666666666,44.800205973223484,125.216271884655,934,60,3776.5750575404386,586,99.22003577817532,630
673,0.05,-7946.523076923077,30.1925,33.19428007889547,115.89546351084813,996,64,2987.731590753937,586,70.06702412868633,197
674,0.05,-7168.892307692307,30.781666666666666,35.2457372116349,109.65596790371113,980,60,5356.923770399792,586,69.33301886792452,130
675,0.05,-7938.276923076924,33.235,37.6863504356244,115.7270087124879,1010,56,5244.0682141030165,586,61.1183970856102,850
676,0.05,-9588.830769230768,34.2725,39.8687374749499,127.15330661322645,981,63,3656.546788302448,586,101.04890829694322,328
677,0.05,-8533.553846153845,34.09916666666667,38.34090909090909,122.5702479338843,965,60,2097.6987501867425,586,104.57493188010899,820
678,0.05,-7681.6461538461535,30.674166666666668,34.47924901185771,115.33794466403162,971,61,4788.819316993215,586,93.41509433962264,588
679,0.05,-8859.153846153846,36.30583333333333,41.1503984063745,120.93725099601593,973,57,3897.0660832144663,586,72.6841155234657,259
680,0.05,-9265.96923076923,36.1325,40.44288577154309,114.86172344689379,975,50,3449.0953215385143,586,92.63913824057451,549
681,0.05,-8983.892307692307,40.095,47.21652719665272,134.8723849372385,934,62,4681.415906417787,587,113.78947368421052,540
682,0.05,-5777.153846153846,23.888333333333332,26.304225352112677,97.83849765258216,1020,62,7652.31457440229,587,61.28383128295255,684
683,0.05,-7295.815384615385,28.628333333333334,30.84190476190476,114.86666666666666,1049,68,2788.448618965188,587,64.28193832599119,149
684,0.05,-8513.507692307692,38.458333333333336,43.37463697967086,126.45304937076476,987,59,4035.5552616889513,587,72.68709377901578,461
685,0.05,-9871.2,42.053333333333335,47.78115501519757,126.00607902735563,973,55,4880.85674061132,587,90.28374655647383,9
686,0.05,-8931.599999999999,44.39833333333333,49.33301617507136,124.37583254043768,1023,50,4385.708638372243,587,65.27330316742082,810
687,0.05,-8316.123076923075,39.163333333333334,44.71825396825397,121.7797619047619,946,55,4570.916623733086,587,70.0775473399459,516
688,0.05,-10434.784615384615,44.79833333333333,49.09217046580773,126.08523290386522,997,50,2015.652501306556,587,115.6174142480211,4
689,0.05,-9809.2,43.64666666666667,50.27703398558187,125.19876416065911,972,50,4207.149124639332,588,98.33793738489871,308
690,0.05,-9118.8,38.3225,43.01197604790419,120.51996007984032,961,51,2247.7228658717686,588,99.00903342366757,368
691,0.05,-7880.0,47.174166666666665,51.41111111111111,120.825,1025,48,2230.591938093434,588,62.80159433126661,48
692,0.05,-8346.83076923077,33.693333333333335,40.87326943556975,115.03620873269436,895,55,6753.121937752311,588,104.57549857549857,230
693,0.05,-7511.953846153846,35.66833333333334,39.23264540337711,106.69043151969981,1012,50,6178.358930234408,588,52.599122807017544,347
694,0.05,-10608.753846153846,55.115,64.76151484135107,140.81473899692938,936,41,3358.698911598481,588,115.16266666666667,424
695,0.05,-10322.738461538462,55.5825,63.357142857142854,138.55612244897958,965,45,3371.2151264328927,588,96.46168051708217,383
696,0.05,-9652.8,51.704166666666666,57.55697445972495,125.8762278978389,990,38,6237.525690494056,589,72.11513463324049,60
697,0.05,-10601.43076923077,53.873333333333335,57.53748782862707,124.64556962025317,1012,40,8057.657564085293,589,71.63757115749526,727
698,0.05,-10465.061538461538,58.755,61.8525390625,128.625,996,42,3275.8367610127666,589,103.20069808027924,663
699,0.05,-7035.430769230769,36.14833333333333,41.21435406698565,101.6488038277512,973,45,3658.5590838887965,589,45.90414746543779,50
700,0.05,-9780.907692307692,54.0675,64.23779854620976,135.30529595015577,896,48,4708.1777497597795,589,100.99455040871935,62
701,0.05,-9830.323076923076,56.73916666666667,68.9203354297694,138.832285115304,914,46,4282.941688240249,589,96.44741873804972,237
702,0.05,-7469.538461538461,33.4525,38.95634920634921,101.94146825396825,958,48,4708.872229720213,589,51.41760299625468,67
703,0.05,-9202.584615384616,47.495,52.47138700290979,131.77982541222116,1007,55,2522.356836916326,589,76.57091882247992,174
704,0.05,-9557.384615384615,50.08583333333333,55.04012036108325,132.12236710130392,975,48,4492.525972268782,589,76.95009416195857,614
705,0.05,-8520.76923076923,46.086666666666666,53.783251231527096,135.50935960591133,952,57,5423.544839073342,589,106.86191732629727,883
706,0.05,-9300.861538461539,50.339166666666664,57.5448275862069,124.39408866995073,993,42,2161.0397727942213,589,69.22009569377991,816
707,0.05,-8342.153846153848,43.6425,50.265166340508806,120.9041095890411,964,52,2863.297463873389,590,73.7645478961504,82
708,0.05,-9319.861538461537,41.795,49.50455005055612,127.80586450960567,916,55,4609.197798422525,591,89.38073807380738,369
709,0.05,-7662.815384615384,30.951666666666668,34.39823874755382,109.92759295499022,1017,60,2412.198602662956,591,90.3209090909091,562
710,0.05,-7445.2307692307695,34.461666666666666,40.08704253214639,118.94658753709199,977,65,3244.938124581564,591,62.15639374425023,650
711,0.05,-9251.63076923077,41.315,49.04208416833667,121.65831663326654,936,49,2430.261425017486,591,72.57301293900184,862
712,0.05,-7365.16923076923,31.316666666666666,36.91692627206646,107.1786085150571,962,53,3242.9842572733646,591,60.970782280867105,333
713,0.05,-9246.369230769233,42.336666666666666,47.73401015228426,130.76852791878173,962,59,1444.1216395578829,591,84.62429906542056,179
714,0.05,-8081.723076923077,34.725,37.9055036344756,108.25545171339564,939,52,5921.94359821279,591,98.73689227836034,547
715,0.05,-8384.030769230769,34.73166666666667,38.5024485798237,115.10871694417239,1007,54,2471.744365529949,591,91.31854480922804,378
716,0.05,-10780.984615384616,45.6275,49.354674796747965,120.67581300813008,997,45,2119.023114777308,591,102.68555758683729,283
717,0.05,-11191.384615384615,57.725,69.91411042944786,153.30981595092024,875,56,5963.934949995071,591,115.87926509186352,664
718,0.05,-9641.384615384615,41.805,45.44325897187197,119.11348205625606,1034,49,3480.097702555049,591,71.92696122633002,171
719,0.05,-8952.599999999999,47.555,52.621442125237195,126.16129032258064,1025,48,2705.6330636024227,591,74.34111310592459,526
720,0.05,-9092.415384615384,39.76083333333333,45.57615230460922,116.36472945891784,936,46,3451.1999433048895,591,87.55055147058823,535
721,0.05,-9395.815384615385,56.07666666666667,67.28599801390268,130.2154915590864,900,41,2709.127671376678,591,102.60425909494232,243
722,0.05,-7883.246153846154,34.66833333333334,40.23953261927945,113.5365141187926,980,57,4627.238756970434,591,86.67804024496938,832
723,0.05,-9158.107692307693,44.225,51.51664984863774,126.82744702320888,948,54,3822.217625560692,591,85.0495867768595,875
724,0.05,-8412.369230769233,48.88166666666667,53.847804878048784,129.93463414634147,1001,51,4771.544642425996,591,65.11142322097378,501
725,0.05,-7777.707692307692,44.130833333333335,51.02017291066282,122.71469740634005,996,59,2634.136783674384,591,73.27321911632102,139
726,0.05,-8601.676923076924,39.77,47.19960668633235,110.80825958702064,971,48,3633.5168301642643,591,69.13718411552347,510
727,0.05,-8878.0,33.9325,39.40364333652924,112.68648130393098,974,44,1661.1384578980053,591,63.48922800718133,271
728,0.05,-6865.0615384615385,30.034166666666668,32.74628252788104,97.80947955390334,1014,51,2872.7691468014573,591,40.71150442477876,345
729,0.05,-9195.43076923077,38.589166666666664,44.00978473581213,116.97162426614481,992,49,4304.510554661925,591,85.14048865619546,249
730,0.05,-8195.692307692307,36.26,42.11100196463654,114.63555992141454,969,55,4886.122196207301,591,72.15561694290976,233
731,0.05,-11469.076923076924,52.8875,62.66871794871795,153.26871794871795,912,58,5974.440376632921,591,115.86995515695067,592
732,0.05,-6800.83076923077,29.445833333333333,36.137791286727456,108.47922998986829,923,58,3695.4303934695586,591,55.39443378119002,682
733,0.05,-7639.723076923077,27.439166666666665,32.60685483870968,112.66834677419355,968,60,2299.905709403734,591,67.82449725776965,275
734,0.05,-7807.492307692307,32.24,37.82713567839196,111.92160804020101,963,55,3679.2253185400946,591,74.88718411552347,267
735,0.05,-7494.938461538461,28.3825,31.44756554307116,110.3689138576779,1045,62,1668.3874107709341,591,67.42136248948697,612
736,0.05,-11618.061538461538,53.248333333333335,61.76381909547739,152.278391959799,917,58,10084.423402985944,591,91.68910540301151,608
737,0.05,-7214.738461538462,27.213333333333335,31.27881773399015,116.95960591133004,988,67,2712.217154630349,592,57.078307830783075,503
738,0.05,-8088.569230769232,32.30916666666667,36.95630081300813,120.96747967479675,998,70,3767.215661823604,592,121.82937181663837,95
739,0.05,-6912.030769230769,29.641666666666666,34.5395537525355,114.18458417849898,962,63,5197.938622859197,592,70.19025735294117,879
740,0.05,-7620.9384615384615,31.674166666666668,36.52517275419546,112.95459032576505,981,58,3247.8477852391143,593,84.72866127583109,288
741,0.05,-7334.723076923077,30.683333333333334,36.230614300100704,113.86203423967774,938,61,2909.9825832722945,593,69.06691449814126,265
742,0.05,-6799.538461538462,28.954166666666666,33.68436873747495,108.4438877755511,968,58,5688.272518969434,593,80.65844748858447,87
743,0.05,-7894.5230769230775,36.56916666666667,46.4078947368421,135.43640350877192,869,67,4346.605549020235,593,103.58294283036551,668
744,0.05,-7419.184615384616,30.293333333333333,35.92236976506639,116.5270684371808,947,63,3993.845559644393,593,87.98714416896235,730
745,0.05,-7103.584615384616,29.1225,34.53333333333333,115.68958333333333,943,64,4476.8639262363295,593,94.81571815718158,483
746,0.05,-7524.83076923077,28.413333333333334,34.378490175801446,124.39089968976215,974,70,3111.719542496508,593,94.48738738738739,763
747,0.05,-7635.2,28.220833333333335,32.12525252525253,112.74444444444444,965,60,2995.791538405903,594,70.07650273224044,215
748,0.05,-7050.123076923077,30.94333333333333,36.57719475277497,114.05650857719475,952,60,3535.0380866681016,594,79.69385884509624,803
749,0.05,-7466.246153846154,30.533333333333335,36.80800821355236,120.0164271047228,973,65,5487.212023480963,594,113.95308427454387,131
750,0.05,-8788.261538461538,34.62416666666667,41.712820512820514,130.61948717948718,984,63,3824.186014106823,594,106.0,413
751,0.05,-7038.046153846153,28.364166666666666,33.52352352352352,105.89389389389389,958,56,3432.072794068376,594,46.2337786259542,16
752,0.05,-6170.323076923078,27.233333333333334,31.80141843971631,110.74164133738601,946,71,5283.6598090598245,594,63.144067796610166,898
753,0.05,-6625.661538461539,25.170833333333334,28.52910052910053,113.12169312169313,935,69,5834.500906699872,594,117.98826714801444,617
754,0.05,-7391.0,28.320833333333333,35.202819956616054,122.42733188720173,908,70,3305.7250937801386,594,111.31751824817518,427
755,0.05,-7617.538461538462,32.1625,35.70550847457627,117.62182203389831,952,68,5270.254910729023,594,109.76066790352505,428
756,0.05,-7615.338461538462,29.886666666666667,34.751,124.581,958,67,2170.502920034908,594,86.49640933572711,797
757,0.05,-7905.2769230769245,31.4725,37.539568345323744,119.56115107913669,972,62,3131.9103923770763,594,107.23761467889908,819
758,0.05,-7386.784615384615,31.155,37.07104984093319,121.24178154825026,923,67,3082.866536253201,594,123.01883408071748,704
759,0.05,-7020.26153846154,31.195833333333333,40.23210161662818,127.87066974595842,850,73,4528.063247760613,594,122.465204957102,110
760,0.05,-7558.338461538461,36.39333333333333,45.27186512118019,131.82824025289779,860,74,3296.3429503731836,594,98.98170173833486,113
761,0.05,-9415.415384615384,39.745,46.634336677814936,139.15273132664436,878,71,3645.664075513563,594,135.16304347826087,30
762,0.05,-7321.199999999999,33.336666666666666,38.13800205973224,119.02677651905252,951,65,5303.203779946097,594,94.85701021355618,1
763,0.05,-8109.538461538461,32.25416666666667,33.575129533678755,118.20829015544041,972,66,1933.3922022607512,594,114.43478260869566,706
764,0.05,-9370.384615384613,32.843333333333334,39.11356466876972,120.41219768664564,957,57,4329.575858362235,594,89.17438692098092,129
765,0.05,-8247.815384615384,31.824166666666667,37.017418032786885,114.88831967213115,982,57,3644.021212047973,594,85.75328330206379,541
766,0.05,-14998.6,68.3375,81.6086956521739,181.57125603864733,887,61,13003.81437269602,594,232.94283121597095,172
767,0.05,-8130.3538461538465,41.2575,52.83128491620112,142.8189944134078,839,71,3122.2133046352615,594,133.53925233644858,880
768,0.05,-10408.507692307692,41.2775,47.92183908045977,124.31954022988506,923,57,3498.106307240709,594,179.03342366757002,257
769,0.05,-7629.092307692308,33.825833333333335,41.78617021276596,118.62872340425533,899,62,5311.845480255574,594,78.70896946564885,258
770,0.05,-8247.538461538461,29.8575,32.40780487804878,110.83219512195122,993,58,2165.2698146069956,594,50.08371246587807,689
771,0.05,-8441.584615384616,33.763333333333335,38.193515704154,119.38500506585613,971,58,3251.165901443207,594,81.38397017707362,125
772,0.05,-10459.553846153847,40.17916666666667,48.01713062098501,141.20449678800856,922,69,3017.7983778404405,594,155.97528684907326,624
773,0.05,-8117.338461538462,38.473333333333336,44.4969512195122,132.15853658536585,942,68,2425.607198406959,594,103.77716894977169,11
774,0.05,-7828.292307692307,31.976666666666667,36.216634429400386,118.12959381044487,998,64,1795.8132234131429,594,76.35770925110133,563
775,0.05,-8337.446153846155,32.343333333333334,37.05310621242485,114.69138276553106,983,54,3012.563624053604,594,81.6988950276243,743
776,0.05,-8372.784615384617,35.219166666666666,40.022944550669216,112.84416826003824,989,53,2871.955420604913,594,71.1353982300885,677
777,0.05,-8439.384615384613,31.153333333333332,34.268463073852296,109.87924151696606,976,53,4343.058314066985,594,98.55696202531645,180
778,0.05,-7271.461538461539,27.574166666666667,29.700854700854702,103.36372269705603,1045,52,4325.445456958274,594,47.62043795620438,51
779,0.05,-7234.953846153846,32.12916666666667,36.543052837573384,115.68590998043052,999,61,2710.747861897246,594,68.49774977497749,655
780,0.05,-8904.90769230769,34.93083333333333,38.52485089463221,119.92345924453281,992,61,1575.5514213353254,594,83.37511111111111,135
781,0.05,-6565.507692307691,29.884166666666665,34.054820415879014,107.00283553875236,994,57,3006.2303384116494,594,60.46312949640288,279
782,0.05,-11033.923076923078,45.135,52.56770310932799,131.98796389167504,938,53,5199.439536665095,595,83.94510521500457,492
783,0.05,-8615.753846153846,31.1575,31.078277886497066,107.53033268101761,1033,54,2550.1439667605973,595,79.27640036730946,40
784,0.05,-8831.646153846154,35.3625,40.359050445103854,119.4272997032641,985,56,2889.16706095372,597,91.9830053667263,532
785,0.05,-7892.523076923077,28.8425,32.79521531100478,106.1244019138756,1021,47,2476.974241713057,597,44.50185185185185,228
786,0.05,-8917.461538461539,37.60333333333333,41.138916256157636,118.78817733990148,1000,54,3303.6603028699333,597,94.76978417266187,434
787,0.05,-8995.692307692309,32.8575,36.53286147623862,112.03640040444894,962,48,2133.612720664792,597,60.37957610789981,750
788,0.05,-7796.723076923077,37.185833333333335,40.62713567839196,117.4532663316583,960,55,6671.572057158481,597,97.89204025617566,276
789,0.05,-7166.907692307692,30.955833333333334,35.51238095238095,105.4,1005,53,4274.494505489081,597,51.84397810218978,393
790,0.05,-8842.369230769233,40.59,44.384539147670964,120.21110009910802,976,51,2390.0648175451056,597,62.00380952380952,546
791,0.05,-8579.692307692309,41.895,50.970338983050844,126.5635593220339,896,54,3840.1835316245842,597,121.50230840258541,458
792,0.05,-9073.646153846154,38.611666666666665,41.6267942583732,123.56842105263158,985,53,4744.68644197045,597,62.68334849863512,736
793,0.05,-8807.646153846155,35.6975,40.888999008919725,116.95143706640238,1008,53,6012.718378653041,597,77.81801470588235,57
794,0.05,-8470.215384615385,31.941666666666666,37.83946830265849,119.15030674846626,970,58,2138.9926482790643,597,103.99825479930192,849
795,0.05,-7566.953846153846,30.414166666666667,33.63373718546132,105.9645852749301,1037,55,3966.4964067258984,597,40.45471014492754,409
796,0.05,-8133.246153846154,32.42583333333334,36.45062320230105,111.91275167785236,1036,55,4760.746838210124,597,75.05545617173524,154
797,0.05,-8813.553846153847,40.18083333333333,46.29224652087475,120.35089463220676,962,53,2186.5362101012634,597,79.76894977168949,392
798,0.05,-8767.969230769231,33.51,38.66502463054187,125.11625615763546,1003,63,2593.8071720286703,597,79.49733570159857,552
799,0.05,-7778.461538461539,32.69083333333333,36.71688574317493,115.89686552072801,958,61,3803.5256322104706,597,104.28179322964318,364
800,0.05,-8178.0,34.829166666666666,39.157099697885194,125.74622356495469,984,65,3780.312563154289,597,72.06209453197405,874
801,0.05,-7670.953846153847,32.14666666666667,37.47267206477733,118.21255060728745,971,62,2547.0902303613584,597,86.48073394495412,687
802,0.05,-8609.846153846154,35.16833333333334,39.97874493927125,125.06072874493927,965,62,1800.0224028444616,597,96.42908762420957,211
803,0.05,-8794.076923076924,37.42,41.837972166998014,123.69781312127236,999,58,1930.262192097198,597,85.93699369936994,22
804,0.05,-7903.123076923075,33.736666666666665,37.64065708418891,118.87268993839835,967,65,3100.1601964660354,597,97.99264705882354,787
805,0.05,-8616.892307692307,32.96083333333333,39.92371134020618,115.91443298969072,967,53,3920.9269886203483,597,81.84239631336405,896
806,0.05,-8207.092307692306,33.6775,37.89197224975223,114.89098116947473,983,56,3010.8110959514493,597,52.23120837297812,134
807,0.05,-10770.553846153847,47.255833333333335,56.47461139896373,145.30673575129535,927,60,3988.062232448761,597,100.99450045829514,430
808,0.05,-8140.430769230769,39.62833333333333,44.94180407371484,115.65179437439379,963,54,4627.3281197805345,597,79.28148148148148,146
809,0.05,-8428.092307692308,34.77333333333333,40.21218274111675,114.72791878172589,959,53,2824.6225326943268,597,87.09641873278237,108
810,0.05,-8839.261538461538,36.925,42.793103448275865,130.8235294117647,975,65,3048.918237750375,597,81.55337078651685,322
811,0.05,-8376.76923076923,41.73166666666667,50.62747252747253,146.7901098901099,872,75,2982.063814644106,597,115.28976234003656,772
812,0.05,-8696.615384615385,34.225,38.2574358974359,119.50051282051282,951,59,6745.494194287531,597,77.202216066482,217
813,0.05,-6805.53846153846,28.849166666666665,34.42842215256008,114.55276907001046,936,67,4488.370254867499,597,90.12616822429906,352
814,0.05,-9205.492307692308,35.630833333333335,40.327018943170486,119.34297108673978,978,52,6746.935031935457,597,80.71107110711071,593
815,0.05,-7520.1846153846145,34.3775,41.84583761562179,122.77697841726619,910,61,3014.5041779563344,597,68.97426470588235,591
816,0.05,-8958.215384615385,38.495,44.851351351351354,129.07484407484407,949,64,3945.084892257281,597,107.8052536231884,695
817,0.05,-12088.553846153845,69.71416666666667,95.74445740956826,190.47024504084013,752,62,13582.571246020516,598,201.57945566286216,188
818,0.05,-11759.461538461539,54.733333333333334,69.41349292709467,165.62568008705114,823,60,11143.750173517714,599,144.78500451671184,751
819,0.05,-8823.338461538462,39.314166666666665,46.877682403433475,134.15450643776825,908,67,4863.947253876445,599,126.31,341
820,0.05,-10092.569230769232,44.77916666666667,51.92091007583965,144.068255687974,911,69,3247.8813073657207,599,146.60267857142858,872
821,0.05,-7710.815384615385,40.975,46.205996131528046,117.49419729206963,969,49,4203.953217011225,599,62.5864592863678,3
822,0.05,-12009.8,55.031666666666666,69.98961937716263,170.91810841983852,845,66,8335.443633591345,599,156.20805369127515,829
823,0.05,-8102.107692307692,36.89333333333333,46.211581291759465,126.79064587973274,886,63,4011.7461801453815,600,125.13470533208606,856
824,0.05,-7833.723076923078,32.00666666666667,36.92338308457711,106.46268656716418,963,49,3535.4327643345177,601,61.235858101629915,490
825,0.05,-7936.292307692307,40.36333333333334,49.184505606523956,126.62793068297655,890,58,3773.440744064652,601,80.024567788899,143
826,0.05,-9831.446153846153,39.735,46.12627291242362,127.5397148676171,951,50,4741.022128432861,602,103.51383763837639,847
827,0.05,-8123.353846153848,34.214166666666664,41.711283185840706,125.59402654867256,890,64,6081.359786694648,603,133.08870214752568,414
828,0.05,-9195.415384615386,38.884166666666665,42.9781746031746,124.84126984126983,983,58,2864.305977577227,603,77.32573599240266,66
829,0.05,-8551.061538461538,36.0875,40.30009775171065,119.28445747800586,991,57,3297.387688762321,603,92.92307692307692,675
830,0.05,-8400.015384615384,35.9125,41.39203980099502,107.41890547263682,966,44,2817.2708630218494,603,59.09065420560748,76
831,0.05,-7490.815384615385,32.3225,36.952522255192875,111.26706231454006,981,53,3552.5308269131156,603,75.29204339963833,749
832,0.05,-7509.446153846154,31.416666666666668,36.27363184079602,117.58905472636816,983,61,5010.176452426383,603,71.15391705069125,465
833,0.05,-7363.0615384615385,30.20916666666667,32.527595884003745,98.46585594013096,1059,51,3316.6217469067396,603,45.49378330373002,156
834,0.05,-10603.492307692308,39.674166666666665,42.9365234375,131.9765625,1025,58,1941.209731102063,603,76.49770009199632,466
835,0.05,-8119.046153846153,32.0275,35.60038424591739,108.37463976945244,1022,51,3815.4375459447438,603,41.199052132701425,658
836,0.05,-9752.446153846155,48.594166666666666,53.645875251509054,133.57042253521126,964,50,3049.185777330489,603,93.86802973977696,390
837,0.05,-7378.861538461537,29.9475,33.51780558229066,114.94706448508181,1012,66,3844.846792037863,604,72.96136962247586,835
838,0.05,-7168.123076923076,30.911666666666665,34.716603053435115,109.37595419847328,1025,60,2165.6685659424406,604,44.11506849315069,193
839,0.05,-7055.876923076923,42.2375,47.374149659863946,130.02332361516034,974,63,3400.1699042646346,604,96.93559928443649,280
840,0.05,-8291.861538461539,45.62416666666667,52.95862068965517,129.24827586206897,955,56,5255.3764185330565,604,82.77014652014653,757
841,0.05,-8870.015384615384,40.59583333333333,45.01317027281279,114.84948259642522,1011,50,3373.2107956475134,604,48.61762034514078,536
842,0.05,-8332.169230769232,40.81666666666667,46.44646271510516,121.56309751434034,991,52,2260.1262513807005,604,71.41329739442946,868
843,0.05,-7364.16923076923,39.20666666666666,43.565346534653465,128.22772277227722,993,68,3421.5302516294787,604,104.88214285714285,571
844,0.05,-5944.6461538461535,25.5425,30.125860373647985,108.3952802359882,953,64,1889.0625886868454,604,56.09315068493151,441
845,0.05,-7927.907692307693,39.3975,44.43520309477756,122.15667311411993,975,60,4898.221876264986,604,77.2866184448463,21
846,0.05,-9433.907692307694,44.66833333333334,48.622201492537314,122.1651119402985,1017,47,1517.1828491429587,604,64.96712328767123,830
847,0.05,-7781.33846153846,29.908333333333335,34.266796494644595,114.35053554040896,992,57,3868.4641029716845,604,66.98360655737704,700
848,0.05,-8394.861538461537,47.1025,52.200387221684416,134.648596321394,975,61,3734.845998115956,604,103.96462467644521,431
849,0.05,-7584.015384615384,30.954166666666666,35.195715676728334,113.92210321324245,995,62,2402.1109817459546,604,70.64615384615385,444
850,0.05,-8234.599999999999,28.275833333333335,32.70434782608696,112.82717391304348,930,57,3077.0291404346012,604,88.0246913580247,574
851,0.05,-8737.630769230767,42.95,52.170281995661604,134.79284164859,901,67,5302.0723416519,604,129.34953271028039,499
852,0.05,-10169.153846153846,50.339166666666664,52.60541586073501,132.2292069632495,1019,50,1154.0182473936768,604,85.37433155080214,301
853,0.05,-9408.738461538462,46.80833333333333,52.460348162475825,130.38104448742746,982,47,4032.979156211712,605,86.75953859804791,598
854,0.05,-7664.6,28.411666666666665,32.656596173212485,116.38670694864048,988,64,3219.4409075714398,605,56.33674418604651,319
855,0.05,-7308.815384615384,29.329166666666666,32.746212121212125,96.38636363636364,1023,48,4141.90592279553,605,35.927034611786716,637
856,0.05,-12957.153846153846,59.4125,75.04442036836403,168.2827735644637,843,53,14047.248007782977,605,136.29102447869448,282
857,0.05,-7960.36923076923,37.339166666666664,42.42514395393474,117.81861804222649,986,58,2531.509311964214,605,57.34249084249084,307
858,0.05,-7948.492307692308,36.126666666666665,41.08770257387989,115.25738798856054,1011,54,2586.4997292144744,605,52.40402193784278,613
859,0.05,-8031.338461538462,35.29083333333333,38.83720930232558,107.26697674418605,1021,52,2963.9863909295027,605,49.66341030195382,240
860,0.05,-8835.723076923077,42.3075,44.723287671232875,115.71232876712328,1045,46,1826.0526556232062,605,57.29148375768218,561
861,0.05,-7129.569230769231,37.865,43.9080118694362,118.77744807121661,963,60,4565.739422490991,605,60.41248817407758,570
862,0.05,-9882.876923076925,50.14666666666667,56.04334677419355,139.23084677419354,953,52,5623.421998073488,606,113.2161913523459,699
863,0.05,-7379.446153846154,38.806666666666665,46.65985699693565,124.15628192032686,942,57,3354.606363363406,606,68.1923076923077,681
864,0.05,-8041.3076923076915,38.535833333333336,41.51803885291397,115.80296022201665,1023,53,1991.9226269819878,606,55.11150442477876,616
865,0.05,-9074.661538461538,52.406666666666666,60.467326732673264,134.06237623762377,962,48,3375.003064001651,606,93.10753676470588,317
866,0.05,-8058.092307692307,39.415,41.41553748870822,112.47786811201445,1072,49,3242.0328744807275,606,45.52135231316726,780
867,0.05,-7419.707692307692,30.135833333333334,35.83564356435644,102.82772277227723,983,42,3260.009786821531,607,47.241965973534974,719
868,0.05,-9124.723076923077,41.2975,44.99425837320574,118.10813397129186,1010,46,3397.482286227572,607,82.92888888888889,753
869,0.05,-7516.015384615385,31.595,34.52803738317757,109.15140186915887,1048,57,2757.657806115951,607,80.1725352112676,800
870,0.05,-7396.43076923077,33.274166666666666,36.891518737672584,116.08185404339251,986,61,2797.4920974181296,607,98.54118689105402,568
871,0.05,-7780.692307692308,33.7025,36.52446183953033,108.31702544031312,985,55,2767.5052526600566,607,57.5036231884058,302
872,0.05,-7300.753846153846,30.83,34.17123935666982,116.78807947019868,1017,67,2745.0110985981737,607,62.04644808743169,826
873,0.05,-6620.7692307692305,39.2975,36.06057781919851,101.54986020503262,1030,51,6063.319291086964,607,45.30125899280576,782
874,0.05,-8047.0,43.744166666666665,41.72485768500949,107.68975332068311,1022,44,5125.923132876158,607,53.23728813559322,73
875,0.05,-7651.123076923077,38.0975,40.214285714285715,107.23840445269016,1015,47,4341.123056144392,607,43.481651376146786,775
876,0.05,-7867.7692307692305,36.5575,40.59003831417625,118.77011494252874,979,58,4139.105938016911,607,76.23287671232876,115
877,0.05,-9554.784615384615,48.1075,52.54099905749293,128.76060320452405,995,47,3069.44194766248,607,71.83908045977012,287
878,0.05,-5372.246153846154,24.9475,27.578799249530956,88.71294559099437,1023,56,2445.971296574118,608,31.61177552897884,191
879,0.05,-9673.507692307692,45.20333333333333,50.9417773237998,131.15934627170583,962,54,1946.4318425057465,608,94.94357076780759,496
880,0.05,-9674.384615384617,35.553333333333335,41.742917103882476,119.32528856243442,962,48,4334.423685758915,608,103.43973634651601,104
881,0.05,-7846.6923076923085,32.111666666666665,35.62230919765166,117.71819960861056,982,62,2765.187816558071,608,58.70201096892139,176
882,0.05,-6570.153846153846,35.825,37.314678899082566,93.57064220183486,1030,43,6170.931391942837,609,45.06489945155393,845
883,0.05,-11402.184615384616,59.40833333333333,75.28202368137782,170.91388589881592,843,64,13226.21238597852,609,132.4271402550091,844
884,0.05,-9265.446153846155,40.75333333333333,47.33567134268537,124.14028056112224,984,52,2156.872511813637,609,81.45607476635514,7
885,0.05,-9168.692307692309,50.01916666666666,54.20517928286853,133.5398406374502,948,56,6877.9147084426395,609,99.5542600896861,487
886,0.05,-7653.015384615384,38.44083333333333,43.71833648393195,112.47258979206049,963,48,4301.3409126071,609,74.94218608852755,351
887,0.05,-9269.661538461538,47.200833333333335,53.5386119257087,126.98338220918866,966,46,5434.861772424482,609,83.41512915129151,581
888,0.05,-8032.0,32.931666666666665,38.44466019417476,105.31456310679611,984,43,1938.784461272733,609,39.38834951456311,881
889,0.05,-9411.461538461539,40.916666666666664,47.4380081300813,142.29573170731706,940,69,2374.654577594098,609,117.42191544434857,639
890,0.05,-9564.723076923077,46.2725,51.02742409402546,131.8256611165524,993,51,1237.5424757193348,609,91.15551537070525,377
891,0.05,-6926.200000000001,34.32083333333333,36.48947849954254,109.29826166514181,1074,61,3002.468037538566,609,48.04697380307137,78
892,0.05,-7555.923076923077,42.545833333333334,48.989098116947474,120.01783944499505,962,59,2890.702720685011,609,64.39326923076923,632
893,0.05,-8930.030769230769,43.69166666666667,48.85110470701249,125.12776176753123,1002,54,2040.990458742079,609,69.22844036697248,315
894,0.05,-9090.646153846154,50.1925,58.90680628272251,136.98743455497382,920,54,4255.712600504684,609,99.23612417685796,29
895,0.05,-8803.938461538462,40.47666666666667,42.04306220095694,116.1244019138756,1019,50,1870.0440030139669,609,62.06549815498155,425
896,0.05,-6730.553846153846,39.09583333333333,45.88067061143984,125.73767258382642,933,65,2989.6240371074364,609,62.46268656716418,184
897,0.05,-6338.923076923076,30.310833333333335,31.367405978784955,115.03760848601736,991,71,2812.874813784524,609,86.55178416013925,504
898,0.05,-13093.092307692308,60.45166666666667,74.42251950947603,181.87848383500557,864,65,10331.342307662444,609,199.98737373737373,801
899,0.05,-7682.6923076923085,32.82416666666666,36.69405099150141,109.28989612842304,1032,56,2376.016781025102,609,53.24508050089445,607
