episode,epsilon,total_reward,avg_queue,avg_wait_s,avg_travel_s,throughput,switches,td_loss,q_table_states,avg_delay_s,traffic_seed
0,1.0,-9856.538461538461,84.78666666666666,73.13687359760658,133.35527299925207,1315,81,5644.524355951966,90,115.19944789510006,769
1,0.9945,-9245.23076923077,69.3475,61.077618688771665,118.30821401657875,1283,79,4753.061122234995,166,62.525612472160354,403
2,0.989,-9035.353846153848,70.69333333333333,61.783080260303684,117.18365871294287,1337,81,4622.2341053038845,228,74.2848145556333,747
3,0.9835,-7838.938461538462,71.61666666666666,65.48502994011976,120.59655688622755,1268,79,3386.7089645716374,303,78.7624269005848,103
4,0.9781,-8872.492307692308,76.835,69.41529235382309,124.17916041979011,1260,82,4606.301961993036,348,70.72201630837658,100
5,0.9726,-6957.769230769231,55.556666666666665,48.660578386605785,100.41476407914764,1332,83,2902.813154170195,422,52.64079147640791,281
6,0.9673,-9660.353846153848,81.0075,73.2212927756654,130.85019011406845,1287,83,5107.231824856062,452,82.97364568081991,155
7,0.9619,-10371.046153846153,95.71,82.44677661169415,146.49175412293854,1218,79,5752.098177916396,488,128.0633263743911,235
8,0.9566,-5390.246153846154,41.01083333333333,36.60882572924458,81.01047120418848,1250,81,1679.6751239206008,537,36.480442804428044,682
9,0.9513,-5359.799999999999,41.68333333333333,37.0384047267356,82.1440177252585,1261,82,1760.0275516933248,598,37.18833087149188,891
10,0.946,-7005.953846153847,57.10666666666667,51.91134485349362,103.89857250187829,1247,85,3009.657276984478,640,52.84699853587116,11
11,0.9408,-7981.661538461538,61.84583333333333,54.44333843797856,108.08269525267994,1254,81,3290.9191054817584,662,58.940564635958395,444
12,0.9356,-9289.292307692307,74.8925,64.86923076923077,125.10384615384615,1323,81,4475.967091211033,679,103.91441441441441,653
13,0.9304,-5582.738461538462,41.92333333333333,38.232436472346784,85.78251121076234,1279,82,1875.6350481732316,717,38.3288490284006,856
14,0.9253,-10343.738461538462,97.30583333333334,97.51013513513513,153.6097972972973,1103,80,5743.759605355159,736,121.12462235649546,237
15,0.9202,-7652.7692307692305,62.3275,56.69253956292389,108.69706103993971,1238,85,3591.6614102145563,758,62.671772428884026,233
16,0.9151,-8365.2,70.85,58.71438953488372,116.1998546511628,1392,81,3534.1450695641925,770,90.11374738311235,142
17,0.91,-9339.199999999999,73.72,65.50655976676384,119.0466472303207,1289,79,4469.564283158579,794,65.17268786127168,485
18,0.905,-8602.676923076922,65.14833333333333,58.850903614457835,111.83433734939759,1266,82,3663.710232975106,818,59.23365172667157,886
19,0.9,-5471.184615384615,35.79333333333334,30.51760299625468,76.04569288389513,1349,83,1641.4505505742159,840,30.63071161048689,531
20,0.895,-9219.123076923079,83.88833333333334,70.32866617538689,130.5232129697863,1323,83,4301.854575989163,865,76.43994104642594,251
21,0.89,-9028.292307692307,73.48166666666667,64.1136712749616,122.79416282642089,1292,84,4660.898215615679,881,71.24500768049155,623
22,0.8851,-5554.6,42.39666666666667,35.45676274944567,83.17738359201773,1348,78,1679.6046502975566,916,37.00443458980045,173
23,0.8802,-7408.369230769232,62.4525,53.32843497428362,108.81631153563556,1294,84,3017.5532861304205,925,55.592352092352094,391
24,0.8753,-8255.153846153848,73.625,67.62090007627765,120.65064836003052,1260,79,3552.325898748368,951,82.90029542097489,105
25,0.8705,-9871.584615384616,88.62,81.97564935064935,147.4228896103896,1217,82,5040.230734406649,956,122.61085972850678,822
26,0.8657,-7809.276923076924,73.23833333333333,70.9123914759274,124.29360694554065,1136,75,3137.002454578034,970,81.30476900149031,286
27,0.8609,-9950.307692307691,79.19666666666667,73.35049961568025,127.77094542659492,1238,79,4669.592408474501,988,74.42116950407106,524
28,0.8561,-7829.4000000000015,70.32666666666667,64.471327572663,122.5388845247447,1228,81,3325.4821455621195,1007,84.84672619047619,201
29,0.8514,-10564.646153846154,90.0825,76.49247311827958,138.39498207885305,1313,83,5738.597821878389,1017,88.96894409937889,401
30,0.8467,-8485.261538461538,72.39583333333333,59.166432584269664,116.41081460674157,1400,81,3646.3673253708,1023,65.98176718092567,472
31,0.842,-5352.599999999999,45.263333333333335,40.787425149700596,86.55014970059881,1272,84,1902.9413584211447,1053,41.1075429424944,338
32,0.8373,-7686.630769230769,54.68333333333333,47.37989652623799,97.49150036954914,1327,81,3116.4222605227746,1079,47.492239467849224,360
33,0.8327,-7284.0,72.75833333333334,70.26767275615568,118.60524225575854,1112,82,3325.997897562551,1101,76.80234260614934,348
34,0.8281,-7849.615384615384,73.67833333333333,71.12903225806451,127.81370967741935,1148,85,3532.553282518482,1106,92.76535899333827,382
35,0.8235,-8369.169230769232,69.7675,62.63106060606061,119.25530303030303,1301,79,3618.4220431694584,1118,72.19018867924528,377
36,0.819,-6824.7692307692305,53.4725,43.19438596491228,94.67859649122806,1438,83,2484.2962887908748,1133,43.48070175438596,378
37,0.8144,-8301.76923076923,71.82083333333334,64.23772408417771,126.41932969602495,1308,84,3705.8226101477117,1144,106.63360473723168,532
38,0.8099,-6459.030769230769,56.2975,48.512727272727275,101.69163636363636,1359,84,2463.8547557339216,1154,53.18036363636364,611
39,0.8054,-9690.123076923077,84.57666666666667,78.07601880877743,139.5885579937304,1246,81,5286.004878872468,1159,123.46576319543509,433
40,0.801,-8491.046153846153,77.34916666666666,72.67539682539683,129.93412698412698,1193,81,3823.878320104301,1168,93.98533724340176,510
41,0.7966,-5846.630769230769,48.733333333333334,42.59881129271917,92.61887072808321,1291,80,1837.5126625540154,1188,47.04817518248175,69
42,0.7922,-7512.3538461538465,51.375,43.87889518413598,94.30665722379604,1376,82,3195.1466501705677,1206,44.03045325779037,660
43,0.7878,-9556.138461538461,87.9875,83.4605577689243,143.75378486055777,1175,82,4605.384075398868,1217,123.28581925055107,361
44,0.7834,-8185.492307692308,73.90166666666667,64.92342342342343,122.39189189189189,1268,83,3826.044705489879,1231,84.35744680851064,874
45,0.7791,-7170.707692307692,54.56583333333333,48.50635751682872,100.54824233358265,1334,79,2606.8826351923412,1239,54.477935676888556,5
46,0.7748,-7664.8153846153855,56.526666666666664,49.745156482861404,101.81520119225037,1390,78,2999.3746706521865,1249,51.02159344750559,229
47,0.7705,-7232.030769230769,65.65,59.32218844984803,114.08358662613982,1267,82,3173.506120158164,1261,72.23958333333333,702
48,0.7662,-7330.46153846154,53.86333333333334,46.92587209302326,97.55959302325581,1326,86,3007.7119762934344,1276,48.42694226657163,694
49,0.762,-7165.415384615384,56.71,49.629985228951256,103.44608567208272,1313,82,2738.959091174353,1295,51.01772525849335,752
50,0.7578,-8292.89230769231,62.3625,53.59275053304904,106.37526652452026,1355,82,3753.369705408678,1316,54.41293532338308,24
51,0.7536,-6709.261538461538,52.56916666666667,44.61702127659574,95.0241134751773,1388,82,2613.984809959587,1320,45.17517730496454,319
52,0.7494,-7595.553846153846,61.8725,54.3036109064112,108.62638172439205,1300,83,3143.191310568949,1328,54.75625920471281,893
53,0.7453,-7573.076923076923,65.51833333333333,55.69101533966399,112.11176040905771,1336,83,3183.781579173759,1335,63.62164073550212,321
54,0.7411,-6179.369230769231,47.5575,39.41142443962401,88.05784526391902,1343,83,2154.5943820169564,1347,39.57658959537572,676
55,0.737,-5377.723076923077,40.01166666666666,34.49627976190476,82.11383928571429,1333,83,1612.4655229609434,1352,34.56579925650558,813
56,0.733,-9407.015384615384,75.46166666666667,67.23831417624521,122.39616858237548,1272,82,5162.418312998461,1367,70.38041002277905,824
57,0.7289,-8062.03076923077,63.843333333333334,55.29027468448404,110.50705270972531,1291,80,3470.522546040397,1376,63.97847067557535,803
58,0.7249,-5695.184615384616,47.03916666666667,41.544518027961736,94.20456217807211,1333,83,1922.5636382236687,1395,51.47228221742261,337
59,0.7209,-8199.861538461539,65.4225,57.22092172640819,110.4067300658376,1330,81,3865.6155891294,1402,58.67489114658926,27
60,0.7169,-7213.3538461538465,58.854166666666664,50.50656934306569,104.02992700729926,1314,82,2814.405368650463,1408,56.64963503649635,324
61,0.7129,-6723.923076923077,48.1875,43.22947045280123,90.73292402148887,1282,81,2531.3827022591154,1417,43.27509578544061,372
62,0.709,-6290.061538461539,40.90083333333333,34.41899852724595,80.91531664212077,1381,79,2157.4451579523857,1424,35.16936671575847,279
63,0.705,-8437.307692307691,67.6275,59.082201572551824,113.40814867762688,1287,80,4187.347749092534,1455,59.424561403508775,555
64,0.7011,-6885.507692307694,50.86333333333334,46.789312977099236,96.4587786259542,1294,80,2613.520180687425,1466,47.39312977099237,125
65,0.6973,-6086.476923076923,47.65833333333333,40.102146558105105,90.07031828275352,1327,82,2059.33189139338,1476,41.13831360946745,523
66,0.6934,-7413.892307692307,59.590833333333336,51.054864667154355,99.74396488661301,1279,80,3066.519784271882,1495,51.8983174835406,118
67,0.6896,-7356.199999999999,52.5825,45.829304029304026,96.14432234432235,1318,80,2941.6298658727333,1501,45.95827232796486,266
68,0.6858,-6596.16923076923,56.2725,50.15067466266866,102.08920539730136,1255,83,2472.906857423688,1512,51.24590163934426,689
69,0.682,-6968.369230769231,59.604166666666664,53.888888888888886,104.72822822822823,1234,79,2806.4097516110087,1513,59.705082319255546,343
70,0.6782,-6522.861538461539,53.44416666666667,47.57680722891566,100.8644578313253,1293,83,2620.7405159151153,1518,49.69051204819277,614
71,0.6744,-7144.307692307692,56.2325,51.079510703363916,104.81116207951071,1295,80,2850.2150792135817,1522,61.95187969924812,207
72,0.6707,-7830.615384615385,57.88916666666667,49.93391430646333,101.80029048656499,1319,82,3241.6866357320546,1534,50.052287581699346,200
73,0.667,-6659.753846153846,52.595,44.44978479196557,96.05810616929699,1354,87,2797.2841942520968,1540,44.723891273247496,883
74,0.6633,-6220.030769230769,45.04,41.06838905775076,89.8693009118541,1288,82,2242.9130564435086,1543,41.1838905775076,885
75,0.6596,-6226.353846153846,44.27166666666667,37.87747615553925,86.21643433602348,1349,82,2185.2069168667203,1550,38.01614086573734,399
76,0.656,-7797.907692307692,62.18333333333333,56.51109410864575,113.87758224942617,1326,82,3483.8845609604186,1553,62.84621270084162,232
77,0.6524,-5973.461538461539,44.07,41.11059551430781,89.46249033255994,1283,82,2068.4490458209843,1559,41.31477184841454,554
78,0.6487,-8397.553846153845,66.89,57.82700729927007,111.57299270072993,1334,82,3889.3234265265905,1564,60.97591240875912,559
79,0.6452,-6415.784615384615,53.02583333333333,48.428786737000756,100.15599095704597,1277,81,2226.2362079453833,1571,52.69027882441598,615
80,0.6416,-7155.830769230769,54.525,46.229957805907176,98.86708860759494,1416,86,3193.8543180300026,1575,46.93037974683544,587
81,0.638,-7963.3538461538465,66.14416666666666,59.5239852398524,110.24870848708487,1228,79,3911.7762159702984,1585,59.26174981923355,231
82,0.6345,-6111.015384615384,44.99166666666667,39.261254612546125,88.89077490774908,1334,84,2289.008246597328,1589,39.39630996309963,407
83,0.631,-8839.476923076923,68.92333333333333,58.75035868005739,114.35652797704448,1318,77,4028.098491661176,1599,60.72238163558106,258
84,0.6275,-6590.7692307692305,45.71083333333333,39.77354260089686,88.2286995515695,1305,78,2105.731520785873,1612,39.837938760268855,150
85,0.624,-5416.3538461538465,40.76833333333333,37.35078534031414,84.78982797307404,1323,83,1943.8801450993865,1617,37.436472346786246,435
86,0.6206,-6611.123076923077,60.795833333333334,53.00662739322533,104.84904270986745,1320,83,2657.0379201985033,1617,58.50974729241877,309
87,0.6171,-5882.4,40.553333333333335,37.99135220125786,85.30110062893081,1244,79,1728.6085336595888,1620,38.0840534171249,339
88,0.6137,-8448.153846153846,68.43333333333334,59.82633451957295,113.05053380782918,1312,82,4130.656190419571,1623,60.5338078291815,414
89,0.6103,-7236.907692307693,60.178333333333335,51.6338880484115,104.52420574886536,1309,82,3275.3155788898275,1626,54.05059523809524,397
90,0.607,-9424.892307692306,75.84916666666666,62.51830161054173,122.06368960468521,1342,80,4821.451580613938,1630,65.87363834422658,793
91,0.6036,-6576.030769230769,49.791666666666664,44.09559372666169,98.2621359223301,1368,82,2315.5184996939156,1631,49.817774458551156,796
92,0.6003,-5444.753846153846,42.695,38.649253731343286,86.95820895522388,1252,82,1706.7855162111944,1635,38.95780903034789,670
93,0.5969,-7691.96923076923,69.11166666666666,61.27925925925926,118.97037037037038,1299,88,3789.920849116477,1637,65.18074074074075,151
94,0.5936,-6247.753846153846,48.66833333333334,42.294423791821565,94.04684014869889,1323,81,2371.768663014657,1640,43.762081784386616,766
95,0.5904,-6210.692307692308,42.97,36.69877785765636,84.3156002875629,1389,84,2422.093484496921,1649,36.82890007189073,564
96,0.5871,-5890.569230769231,43.589166666666664,36.58831908831909,86.11467236467236,1393,82,2214.674070685898,1656,36.939673527324345,503
97,0.5838,-5687.200000000001,44.97666666666667,38.601568068424804,85.69422665716323,1334,82,2225.613673254585,1663,38.72487526728439,780
98,0.5806,-6765.553846153846,52.025,47.462641509433965,97.13509433962264,1268,82,2756.0667349857845,1666,47.83856502242153,334
99,0.5774,-7271.738461538462,55.74666666666667,49.1783004552352,102.3361153262519,1278,84,3253.167598840535,1669,49.3103186646434,492
100,0.5742,-6847.107692307693,59.3625,50.143960674157306,101.20786516853933,1372,82,2806.3590820401364,1671,51.543539325842694,366
101,0.571,-6931.538461538461,49.51833333333333,42.594575303354745,92.80371163454676,1362,81,2774.0056126962513,1677,42.716630977872946,783
102,0.5679,-7044.307692307692,53.4725,47.715575620767495,99.93829947328818,1313,81,2840.139624133061,1685,50.72610985703537,230
103,0.5647,-6452.553846153846,50.2775,44.043318649045524,90.22246696035242,1308,78,2151.8809847353064,1701,44.166544387380775,58
104,0.5616,-4607.538461538462,37.638333333333335,33.937219730941706,80.06053811659193,1288,84,1388.6467068004724,1704,34.04559043348281,649
105,0.5585,-6456.969230769231,55.37833333333333,48.7082717872969,102.15509601181684,1320,87,2646.8124401712817,1705,50.96734397677794,736
106,0.5554,-7918.523076923077,64.80416666666666,57.51556567957479,110.07593014426728,1251,83,3748.9258451640503,1705,59.97432134996332,271
107,0.5523,-6038.907692307692,43.1175,35.346846846846844,83.77477477477477,1358,83,2297.482905547309,1706,35.46246246246246,352
108,0.5493,-9099.93846153846,69.47916666666667,59.70488322717622,116.18329794762916,1322,79,4515.807895166483,1712,61.10422535211268,522
109,0.5462,-6317.692307692307,51.95583333333333,46.66868381240545,98.5105900151286,1276,80,2219.190640782661,1716,47.7109783420463,346
110,0.5432,-5898.169230769231,44.69083333333333,36.955331412103746,86.23559077809799,1393,82,1963.1481546065397,1719,37.22406340057637,834
111,0.5402,-5924.076923076923,48.78333333333333,43.75149700598802,94.125,1315,81,2082.3999740414756,1725,45.95814648729447,137
112,0.5372,-6515.738461538461,44.6325,38.087392550143264,85.73853868194843,1408,78,2395.255790971087,1740,38.20630372492837,365
113,0.5343,-5690.0,42.791666666666664,37.6,84.89632352941176,1344,80,1837.4343802468059,1742,37.70514705882353,749
114,0.5313,-7088.430769230769,60.2875,52.48654545454546,105.01163636363637,1324,79,2909.4654744206364,1745,61.466181818181816,700
115,0.5284,-7355.5999999999985,66.8075,55.98315789473684,109.20350877192982,1366,83,3260.0166259851653,1752,56.13575927221834,791
116,0.5254,-5889.246153846154,43.31333333333333,37.70065075921909,86.6297903109183,1369,84,2252.736893065383,1756,37.82429501084599,717
117,0.5225,-6258.276923076923,46.74333333333333,39.388888888888886,89.74819624819625,1398,82,2311.1513477143976,1758,39.53463203463203,605
118,0.5196,-4288.323076923078,31.75583333333333,28.884586180713743,74.4707668944571,1311,84,1242.2533093664154,1764,28.978739559605163,547
119,0.5168,-7487.538461538461,63.13166666666667,55.98168498168498,107.66007326007326,1275,83,3550.5280456133573,1765,56.05787545787546,724
120,0.5139,-5143.553846153846,37.28333333333333,31.96783625730994,78.06652046783626,1332,80,1510.3557173518789,1766,32.08991228070175,448
121,0.5111,-5015.246153846155,36.61083333333333,32.292466765140325,78.75627769571639,1342,82,1577.4695896022777,1767,32.395125553914326,529
122,0.5082,-6169.953846153847,49.924166666666665,44.219985085756896,93.89261744966443,1280,85,2671.731843275855,1767,45.39123979213066,651
123,0.5054,-7645.107692307693,58.19166666666667,49.04230488694384,104.88913202042305,1397,82,3238.142389736872,1770,51.334792122538296,808
124,0.5026,-4958.96923076923,36.98583333333333,31.253612716763005,77.45809248554913,1358,83,1527.0309171547196,1773,31.36199421965318,227
125,0.4998,-5619.015384615384,44.125,39.16421207658321,85.87702503681885,1287,81,1925.94137656715,1776,39.25699558173785,434
126,0.4971,-8613.8,70.44833333333334,61.99119589141599,118.2670579603815,1311,82,4388.322931035508,1783,64.2494497432135,471
127,0.4943,-5987.8,48.28,41.45695364238411,88.80941869021339,1307,83,2164.8400400330856,1786,41.523529411764706,872
128,0.4916,-5611.092307692308,47.31583333333333,42.022945965951145,91.14285714285714,1269,82,1921.1773746475046,1791,44.83271650629164,505
129,0.4889,-6184.692307692307,47.39,41.669156086631816,90.34578043315908,1287,83,2364.5765916334894,1793,41.77968633308439,413
130,0.4862,-4881.892307692307,34.305,29.60785767234989,75.65752409191994,1364,81,1438.5613285211884,1795,29.755374351371387,658
131,0.4835,-8258.923076923076,70.48083333333334,61.51430667644901,120.6485693323551,1313,81,4095.5745747278183,1800,71.71166544387381,364
132,0.4808,-4429.6461538461535,33.55166666666667,30.552452830188678,76.73962264150943,1311,84,1304.0857511546446,1802,30.692075471698114,756
133,0.4781,-6251.2307692307695,46.645833333333336,39.63457330415755,88.90809628008753,1358,80,2369.695306288447,1803,40.12910284463895,29
134,0.4755,-5584.707692307692,39.2225,33.740231548480466,81.5629522431259,1375,82,1753.8980280507449,1804,33.84008683068017,537
135,0.4729,-6521.984615384616,48.035,39.09170305676856,90.00363901018923,1393,81,2484.8891611575054,1807,40.627365356622995,493
136,0.4703,-4843.123076923077,36.03666666666667,31.587068332108743,79.08302718589273,1356,86,1529.0492481380825,1807,31.72226304188097,897
137,0.4677,-5855.723076923077,43.5225,39.538283062645014,87.5707656612529,1268,78,1855.9702639391433,1812,39.88325652841782,719
138,0.4651,-6729.430769230769,49.5675,43.263001485884104,92.63521545319465,1322,81,2490.4778856073613,1817,43.39598811292719,284
139,0.4625,-6296.461538461539,43.83,37.997067448680355,86.25806451612904,1351,82,2302.1955535929546,1819,38.043923865300144,6
140,0.4599,-6836.738461538462,50.223333333333336,45.64098728496634,95.61630516080778,1302,80,2856.034813743758,1826,45.981301421092,214
141,0.4574,-7131.476923076922,55.61333333333334,49.344005956813106,99.76470588235294,1338,80,2941.0983829256106,1832,50.96128071481757,753
142,0.4549,-6951.138461538461,56.494166666666665,46.63719298245614,98.0259649122807,1384,83,3006.5929516879623,1833,49.5697350069735,622
143,0.4523,-3912.123076923077,25.625,23.764098490865766,68.19857029388403,1238,82,944.8223389269849,1838,23.868149324861,449
144,0.4498,-5572.215384615385,45.165,40.05913978494624,89.61674347158218,1308,80,1801.5452925977595,1843,44.38444278234854,577
145,0.4474,-6946.261538461537,55.6725,48.76,100.66415094339622,1289,81,2838.0199001234223,1847,49.92603773584906,854
146,0.4449,-6510.8,49.56583333333333,42.10795454545455,91.94389204545455,1383,77,2692.48558262853,1849,43.75355113636363,166
147,0.4424,-6832.369230769231,51.15416666666667,44.18155619596542,95.4992795389049,1354,83,2859.067348388099,1854,44.319884726224785,600
148,0.44,-7002.276923076923,53.23083333333334,49.39429012345679,101.5679012345679,1281,81,2915.2651905828398,1857,50.026234567901234,665
149,0.4375,-6217.907692307692,48.50083333333333,42.00144613159797,92.08893709327549,1362,83,2468.2648466680826,1859,42.27528901734104,654
150,0.4351,-4346.184615384615,33.975,30.056618209640398,75.69778117827084,1306,87,1326.0220993805788,1860,30.13368983957219,425
151,0.4327,-6205.615384615385,48.73416666666667,42.27151335311573,92.80044510385757,1316,84,2456.8603043441854,1864,42.57640949554896,393
152,0.4303,-6014.33846153846,42.068333333333335,35.92862292718097,82.83345349675558,1366,77,1890.321385176501,1871,36.03244412400865,650
153,0.4279,-6494.446153846155,55.776666666666664,48.85861561119293,102.31222385861561,1334,86,2799.553895167449,1873,50.63843888070692,890
154,0.4256,-6398.092307692308,46.1925,38.26860119047619,88.2046130952381,1341,83,2543.253987048039,1875,38.421875,708
155,0.4232,-5841.63076923077,44.2775,38.52685050798258,87.14804063860667,1335,82,2060.5778866822534,1876,38.84408992023205,63
156,0.4209,-5084.523076923077,36.15833333333333,30.884418434528165,77.09583028529627,1364,80,1513.9759307267402,1876,30.99561403508772,80
157,0.4185,-6739.753846153846,51.62916666666667,43.32814710042433,93.11456859971712,1345,80,2644.5602474087646,1878,44.06364922206507,40
158,0.4162,-5890.215384615385,45.464166666666664,40.35703703703704,90.15555555555555,1310,81,2241.0143672910035,1879,40.76535899333827,111
159,0.4139,-5309.169230769231,39.2225,34.57757980697847,82.3674832962138,1312,83,1820.2025337366601,1880,34.64423076923077,168
160,0.4116,-4962.292307692307,35.85,30.910144927536233,76.8123188405797,1336,84,1546.8134677762234,1880,31.01014492753623,788
161,0.4094,-6115.36923076923,45.47416666666667,39.0564930300807,87.53118121790169,1327,83,2243.7895033983514,1882,39.32061628760088,423
162,0.4071,-4255.43076923077,31.788333333333334,28.554640718562876,73.687125748503,1339,83,1173.9126410395018,1886,28.65943113772455,316
163,0.4048,-5858.661538461538,41.38,36.78661710037175,85.08847583643123,1315,79,1927.5396625109374,1890,36.92267657992565,252
164,0.4026,-4778.430769230768,36.35583333333334,32.41560390097524,77.71417854463616,1309,83,1519.1184940940673,1894,32.523988005997005,234
165,0.4004,-9535.36923076923,81.44583333333334,69.70926058865757,126.08327351040919,1288,82,5521.673618165612,1904,70.7051649928264,452
166,0.3982,-6346.523076923077,48.03666666666667,43.176067073170735,92.80030487804878,1294,80,2431.475081322326,1908,43.26808834729627,633
167,0.396,-5745.0,42.3,39.365293185419965,88.39302694136292,1229,83,2113.0803320826517,1911,39.83359746434231,488
168,0.3938,-5469.015384615384,40.18416666666667,34.46343229543809,81.67270094134685,1375,82,1883.737231118373,1911,34.58001448225923,355
169,0.3916,-5047.923076923076,39.009166666666665,35.31984732824427,83.1587786259542,1286,82,1827.8134990507215,1913,35.43129770992366,548
170,0.3894,-5711.553846153846,39.36666666666667,32.86459802538787,80.57475317348378,1425,80,1859.09689209411,1917,33.000705218617775,169
171,0.3873,-5216.815384615385,37.785,32.22648335745296,78.09261939218524,1416,82,1656.6014440737906,1918,32.31693198263386,312
172,0.3851,-5200.846153846154,40.97833333333333,35.50074074074074,85.12074074074074,1357,82,1753.256163496246,1919,37.11555555555555,193
173,0.383,-5467.707692307692,46.07333333333333,39.63493199713672,87.71367215461704,1358,78,1776.1294817597857,1920,41.68120085775554,211
174,0.3809,-5715.692307692308,49.8925,45.087218045112785,93.69323308270677,1267,83,2190.4206630324675,1925,45.17580766341097,880
175,0.3788,-8294.461538461539,69.60166666666667,60.68280346820809,118.21820809248555,1335,80,4563.358849708216,1928,61.195086705202314,551
176,0.3767,-6626.292307692308,50.95916666666667,43.52775825720309,94.03092059030217,1349,81,2893.3250075727506,1931,44.12649332396346,778
177,0.3746,-4750.753846153846,37.660833333333336,33.444850255661066,78.56172388604821,1319,82,1459.2153195039139,1931,33.59694989106754,712
178,0.3725,-5514.630769230769,42.7875,36.831789023521026,85.104062722737,1393,81,1913.03736589479,1934,36.93300071275838,238
179,0.3705,-5695.538461538461,42.634166666666665,35.92274052478134,82.8600583090379,1352,82,2132.167487407923,1934,36.03277494537509,553
180,0.3684,-5181.953846153847,38.973333333333336,33.709747292418776,79.79350180505415,1326,82,1628.1996410710428,1938,33.846209386281586,512
181,0.3664,-6026.107692307693,44.26916666666666,38.42287822878229,85.69889298892988,1308,77,1972.4130688595505,1942,38.57490774907749,540
182,0.3643,-6497.169230769231,48.3825,43.58188679245283,93.4611320754717,1303,83,2581.525797776783,1944,43.70867924528302,546
183,0.3623,-5775.953846153846,46.4725,40.27721335268505,86.92815674891146,1283,82,2260.18653691739,1947,41.06344628695025,387
184,0.3603,-4682.123076923077,34.69833333333333,31.664150943396226,76.23245283018868,1306,83,1347.4897263776131,1949,31.76,586
185,0.3583,-5162.553846153846,41.0,35.692700729927004,83.98321167883212,1332,85,1913.6805621425283,1951,35.84963503649635,398
186,0.3563,-6526.661538461538,45.92,39.317979197622584,86.73105497771174,1344,80,2379.304223288856,1954,39.45616641901932,380
187,0.3544,-5759.276923076923,41.96666666666667,36.292008961911876,84.49439880507842,1334,85,2131.3936999072594,1956,36.41747572815534,695
188,0.3524,-7199.4,52.8625,45.13134978229318,96.19521044992743,1385,78,2813.441741421366,1961,45.282293178519595,699
189,0.3505,-6789.0615384615385,48.935833333333335,39.196049743964885,86.29188002926115,1381,79,2591.8218243870233,1961,39.51353328456474,185
190,0.3485,-5328.184615384615,36.54666666666667,30.345827439886847,77.03606789250354,1405,80,1815.4568524308345,1964,30.47949080622348,757
191,0.3466,-6067.061538461538,43.795833333333334,38.19131714495953,88.16924208977188,1347,81,2255.487716401662,1965,38.317880794701985,690
192,0.3447,-6333.246153846154,47.038333333333334,40.91378039793663,90.89240972733973,1353,81,2486.0515572658064,1965,41.00810014727541,681
193,0.3428,-7675.3538461538465,72.43916666666667,62.378571428571426,117.39928571428571,1293,82,4040.7466202059672,1969,75.06139731827805,89
194,0.3409,-5541.430769230769,39.4325,34.30148148148148,81.39777777777778,1331,81,1780.017819618406,1972,34.40118430792006,735
195,0.339,-6381.584615384615,49.275,42.94395924308588,94.16593886462883,1343,81,2633.688826486323,1973,44.0174672489083,850
196,0.3371,-7576.030769230771,53.5,47.087087087087085,98.6981981981982,1329,82,3573.3864914863816,1974,47.18168168168168,81
197,0.3352,-8087.86153846154,74.49666666666667,64.5448079658606,117.10241820768137,1291,84,4651.506099415169,1976,65.21781489213639,23
198,0.3334,-5228.292307692307,37.4875,31.742977528089888,78.03862359550561,1381,81,1756.7661922702557,1976,31.839887640449437,262
199,0.3315,-4663.2,32.95666666666666,29.28903903903904,74.44969969969969,1322,80,1409.9722727011565,1981,29.367591897974492,730
200,0.3297,-5811.815384615385,40.806666666666665,35.64029850746269,82.9044776119403,1319,79,2243.2575398658496,1983,35.74776119402985,718
201,0.3279,-6843.953846153846,51.24916666666667,45.31508875739645,98.43417159763314,1349,79,2911.2824484296452,1987,46.60207100591716,841
202,0.3261,-5164.384615384615,38.06583333333333,32.54312188168211,78.31789023521026,1377,81,1708.0536675545227,1987,32.64433357091946,65
203,0.3243,-4169.876923076923,31.305833333333332,27.60135644310475,73.0482290881688,1308,85,1190.3370894970303,1988,27.71966842501884,481
204,0.3225,-5913.276923076924,42.788333333333334,36.91929567131328,84.36316947909025,1321,81,2091.8380403106503,1989,36.96705710102489,368
205,0.3207,-6259.138461538461,47.026666666666664,40.721275018532246,90.30615270570793,1339,79,2293.483453781801,1989,41.15344699777613,465
206,0.3189,-7701.630769230769,60.098333333333336,51.24982155603141,103.79871520342613,1369,81,3808.45119202343,1990,52.170592433975735,367
207,0.3172,-5192.815384615384,34.6,28.729632299927903,75.11751982696467,1402,80,1588.1567395942475,1991,28.812680115273775,542
208,0.3154,-4280.261538461538,33.06916666666667,29.36719337848006,75.1196388261851,1302,84,1263.3640613238579,1993,29.469525959367946,533
209,0.3137,-5074.6,34.655833333333334,29.569861009509875,75.54425749817118,1390,82,1630.3613382157612,1993,29.62719298245614,530
210,0.3119,-7475.323076923077,58.87166666666667,50.258226037195996,103.85836909871244,1368,83,3377.242782795386,1994,51.141630901287556,500
211,0.3102,-5665.076923076924,41.170833333333334,35.03607503607503,82.41269841269842,1342,82,2090.988450659853,1999,36.14935064935065,213
212,0.3085,-5272.0615384615385,37.4525,32.84277198211625,79.28092399403874,1320,79,1839.2988981756857,2000,32.92101341281669,388
213,0.3068,-8947.415384615384,69.85166666666667,56.51376146788991,113.29569513055752,1382,79,4670.5246971240595,2006,59.788285109386024,223
214,0.3051,-5538.123076923077,37.3225,30.416299559471366,77.55873715124817,1433,83,2004.0412716757348,2006,30.96842878120411,715
215,0.3034,-5172.076923076923,37.7575,32.497420781134856,79.14664701547531,1330,80,1715.9467072419636,2007,32.60280029476787,603
216,0.3017,-5666.0,45.579166666666666,41.413273001508294,90.66892911010558,1293,79,1998.7705689535444,2008,47.62283996994741,7
217,0.3,-6583.138461538461,49.46083333333333,43.71961222967934,90.63609246830724,1297,79,2582.3483159247044,2008,43.78688524590164,158
218,0.2984,-5252.738461538462,39.18333333333333,35.15765422696116,81.6054836252856,1290,80,1826.5221054268955,2010,35.25303951367781,60
219,0.2967,-6093.569230769231,45.08083333333333,38.59390862944162,87.29151559100798,1349,81,2424.560562095306,2016,38.70993473531544,466
220,0.2951,-5550.8153846153855,45.358333333333334,41.19775280898877,89.10337078651685,1282,82,2041.4321234867245,2018,42.846441947565545,143
221,0.2935,-6262.0615384615385,51.56583333333333,43.49289772727273,92.0987215909091,1373,81,2406.43045074739,2019,43.73654390934844,426
222,0.2918,-6512.338461538462,46.69166666666667,39.68661181750187,88.58638743455498,1322,81,2474.642904564839,2020,39.80329094988781,420
223,0.2902,-5361.092307692308,38.7825,33.12221423436377,79.73903666427032,1311,81,2065.0884189351436,2025,33.49318996415771,877
224,0.2886,-5456.584615384616,40.024166666666666,34.47421203438395,81.9570200573066,1369,81,1974.2043475712537,2025,34.59169054441261,132
225,0.287,-3487.753846153846,24.643333333333334,21.986735445836405,65.70817980840089,1344,83,900.3581892865355,2028,22.095799557848196,436
226,0.2854,-5524.276923076923,45.535,39.47139753801593,89.15423606082548,1307,85,2407.042333757365,2030,39.99640028797696,635
227,0.2838,-6232.846153846154,44.708333333333336,38.64083997103548,86.60246198406952,1337,80,2169.1822965511,2031,38.76828385228096,895
228,0.2823,-6142.707692307692,46.07,40.9277108433735,91.6257530120482,1303,80,2337.855481149264,2031,41.43222891566265,228
229,0.2807,-5891.907692307692,47.11666666666667,40.43120567375887,88.30851063829788,1344,80,2231.88448430543,2032,41.43727852586818,892
230,0.2792,-5766.861538461539,45.31,40.03453343130052,88.92725936811168,1342,80,2240.622789607642,2033,40.27332843497428,342
231,0.2776,-5231.861538461539,38.75833333333333,34.69179600886918,82.42276422764228,1324,79,1807.6193878100503,2033,34.801921655580195,474
232,0.2761,-6678.107692307691,54.465833333333336,49.518573551263,100.37369985141159,1289,85,2982.1180509557366,2035,49.676077265973255,197
233,0.2746,-5661.861538461539,42.35166666666667,36.185425685425685,83.44011544011543,1370,83,2190.281737742589,2035,36.29004329004329,133
234,0.273,-4600.892307692308,33.22416666666667,29.75280059746079,75.94025392083644,1317,77,1425.7606400664306,2039,29.95593726661688,167
235,0.2715,-5328.599999999999,37.125,31.553113553113555,79.03369963369964,1367,79,1763.9863752279143,2043,31.691575091575093,301
236,0.27,-4718.846153846154,32.7625,29.644208932626796,76.30885692657078,1330,82,1545.5145773402887,2044,29.735049205147615,16
237,0.2685,-5766.969230769231,46.11083333333333,40.31838235294118,87.34779411764706,1326,82,2078.8555828068725,2045,40.45514705882353,120
238,0.267,-5468.246153846154,42.52166666666667,36.61971830985915,84.13120830244625,1330,80,2039.9784230122282,2045,36.669874167283496,3
239,0.2656,-6562.815384615385,46.01583333333333,37.61135371179039,85.2787481804949,1405,80,2592.9743155165443,2047,37.76128093158661,217
240,0.2641,-6086.2307692307695,48.166666666666664,40.38440111420613,91.13509749303621,1375,80,2328.6403702311827,2047,44.272222222222226,508
241,0.2626,-5388.184615384615,39.45166666666667,34.106290672451195,81.37599421547361,1370,82,1885.59516228421,2048,34.193781634128705,479
242,0.2612,-5767.138461538461,41.05833333333333,34.747800586510266,81.52639296187684,1337,82,2062.7917610316313,2049,34.84457478005865,224
243,0.2597,-6335.200000000001,49.799166666666665,41.1820873427091,95.29163582531459,1348,82,2501.6581031421283,2050,43.51517394522576,740
244,0.2583,-5318.169230769231,38.343333333333334,32.396011396011396,78.6980056980057,1357,78,1727.3363722636457,2051,32.51139601139601,868
245,0.2569,-5926.307692307693,42.910833333333336,35.3849493487699,84.32127351664255,1395,82,2193.59841078009,2052,35.536903039073806,477
246,0.2555,-4683.092307692308,34.28666666666667,30.45427944403804,76.2033650329188,1343,81,1635.9643583562486,2052,30.542794440380394,320
247,0.254,-6565.707692307691,48.59916666666667,40.565406976744185,90.01380813953489,1355,80,2430.8942887791072,2053,40.83357558139535,597
248,0.2526,-6118.923076923076,45.343333333333334,39.5859318346628,85.42131979695432,1329,81,2508.2401352757483,2054,39.69688179840464,539
249,0.2512,-6225.246153846155,50.778333333333336,44.68110530246452,94.18073188946975,1284,81,2495.560916847196,2055,45.280806572068705,129
250,0.2498,-4458.83076923077,31.73,27.62298682284041,73.12152269399706,1348,79,1345.565869857783,2059,27.715226939970716,845
251,0.2485,-4883.538461538462,38.5075,34.98158096699923,81.68303914044513,1245,82,1683.8831424267514,2060,35.41442824251727,314
252,0.2471,-5511.738461538462,41.130833333333335,35.51959361393324,81.29172714078375,1347,83,2075.1424777996554,2060,35.64949201741655,721
253,0.2457,-6771.584615384615,53.373333333333335,46.96897546897547,97.52020202020202,1311,84,3327.8884253239016,2060,47.48740100791937,606
254,0.2444,-6019.661538461539,45.37916666666667,40.04393149664929,87.66195085629188,1332,80,2349.072973023155,2062,40.936708860759495,809
255,0.243,-3603.4,24.114166666666666,21.964925954793454,65.42634450506625,1266,80,898.3047855225359,2063,22.08573655494934,87
256,0.2417,-5739.753846153846,43.1475,39.1587786259542,85.85190839694657,1248,80,2285.955237436491,2064,39.27328244274809,589
257,0.2403,-4301.892307692307,29.426666666666666,25.993006993006993,71.25252525252525,1329,83,1414.0518926404718,2066,26.08080808080808,599
258,0.239,-5134.507692307692,40.125,34.067148014440434,82.0129963898917,1372,81,1681.54951905577,2066,34.3797833935018,268
259,0.2377,-5619.076923076924,37.49666666666667,32.799250936329585,79.69213483146068,1332,80,2133.658324922727,2068,32.9063670411985,896
260,0.2364,-5038.076923076924,36.776666666666664,33.70561106840891,80.03458877786318,1280,78,1622.649690916102,2070,33.908531898539586,887
261,0.2351,-5819.230769230769,42.5725,36.597802197802196,84.4065934065934,1327,79,1993.866489803553,2070,36.73406593406593,62
262,0.2338,-5286.923076923077,36.545,31.09485294117647,77.88161764705882,1382,82,1855.8786838809467,2071,31.17927994121969,557
263,0.2325,-6594.215384615385,51.39666666666667,43.92291220556745,93.3197715917202,1332,82,2731.449474543909,2071,44.03354746609565,746
264,0.2312,-6195.723076923077,44.42583333333334,38.070621468926554,85.42372881355932,1375,80,2393.3719481666117,2074,38.17655367231639,323
265,0.2299,-5334.200000000001,36.0175,30.50529287226535,77.06563161609033,1422,77,1726.0427425854652,2075,30.616090331686664,596
266,0.2286,-4992.092307692308,33.45,29.373867069486405,75.38670694864048,1346,78,1624.452250607659,2075,29.470543806646525,667
267,0.2274,-5664.338461538462,40.21666666666667,34.39586305278174,81.68045649072754,1376,79,1837.5058095436946,2078,34.548502139800284,643
268,0.2261,-5418.784615384615,36.62916666666667,33.17116422513492,80.3639167309175,1301,80,1822.3655020657213,2080,33.27679259830378,162
269,0.2249,-4829.123076923077,35.34166666666667,30.156363636363636,76.07272727272728,1310,81,1624.4274485446922,2082,30.270545454545456,351
270,0.2236,-5727.784615384615,40.7525,35.36270939548434,82.47705753823743,1337,83,2370.53624471539,2085,35.4435542607429,347
271,0.2224,-5056.261538461538,36.79333333333334,30.66029411764706,76.55294117647058,1361,81,1679.8176328745546,2086,30.769287288758267,119
272,0.2211,-4433.261538461537,35.42,30.54730713245997,76.61426491994177,1360,84,1385.859288944769,2087,31.229985443959244,497
273,0.2199,-7121.8923076923065,54.524166666666666,46.73906911142454,98.57052186177715,1365,81,3362.140043793286,2088,46.9555712270804,298
274,0.2187,-6610.415384615385,48.72,40.742756183745584,90.02897526501766,1365,84,2750.593854190845,2088,41.37491190979563,706
275,0.2175,-6059.2307692307695,48.71333333333333,41.274566473988436,91.94725433526011,1328,79,2027.117587705227,2090,53.37311286843997,616
276,0.2163,-6785.169230769232,54.8175,48.031065088757394,98.56213017751479,1327,80,3038.301662173783,2092,49.889792899408285,714
277,0.2151,-5213.461538461537,34.858333333333334,29.58505917159763,74.39644970414201,1345,78,1738.3494935393478,2093,29.679970436067997,13
278,0.2139,-4881.353846153846,34.5975,29.66844512195122,75.64557926829268,1305,81,1622.5754134218143,2095,29.783536585365855,843
279,0.2127,-5621.2307692307695,39.7325,35.449177877429,80.5575485799701,1317,79,1760.905959008959,2097,35.4862043251305,146
280,0.2115,-5104.815384615385,38.315,32.7409594095941,79.1520295202952,1338,82,1745.881582311978,2098,32.88339483394834,161
281,0.2104,-7258.769230769231,57.1425,49.42755174875089,102.31548893647394,1360,83,3262.534799801042,2099,49.55960028551035,75
282,0.2092,-6791.061538461538,56.899166666666666,50.62576219512195,99.02439024390245,1233,79,2840.3835895951197,2104,52.57545731707317,871
283,0.208,-7217.4,58.105,50.29955621301775,103.48520710059172,1305,81,3250.2234028749604,2105,52.09541420118343,113
284,0.2069,-5697.630769230769,43.27,37.70531757754801,86.16395864106352,1353,82,2374.9894392803644,2105,37.80649926144756,124
285,0.2058,-6161.984615384616,51.98083333333334,46.01391941391942,97.71062271062272,1330,80,2331.1048338520636,2105,48.27765567765568,777
286,0.2046,-6598.6923076923085,48.0625,42.77736411020104,93.28592702903947,1321,82,2738.49675609996,2107,42.868950111690246,108
287,0.2035,-7419.907692307692,59.6075,53.61654135338346,107.96616541353383,1285,83,3637.372470448999,2109,54.959550561797755,451
288,0.2024,-5425.738461538462,36.9075,31.536,77.27854545454545,1365,79,1973.2754939595397,2111,31.62109090909091,196
289,0.2012,-6029.7692307692305,41.5275,36.81348314606742,84.15205992509364,1283,80,2503.936434158599,2112,36.931835205992506,64
290,0.2001,-7200.953846153847,54.05583333333333,46.414862914862915,99.08802308802309,1340,82,3299.861462007988,2114,46.688311688311686,165
291,0.199,-6199.13846153846,46.63583333333333,39.570200573065904,90.06948424068769,1367,83,2443.3223911093005,2118,39.68409742120344,412
292,0.1979,-6943.030769230769,57.51833333333333,49.59071117561684,103.40275761973875,1337,84,3084.9476491303517,2118,51.52757619738752,335
293,0.1968,-6668.800000000001,51.35583333333334,43.90077958894401,91.85471296952515,1308,79,2757.5038584433055,2121,44.19631467044649,617
294,0.1957,-5012.584615384615,36.718333333333334,32.70915750915751,78.64688644688644,1297,83,1763.012239111696,2122,32.84615384615385,325
295,0.1946,-5588.338461538461,41.92666666666667,35.32137733142037,84.05810616929699,1345,81,2032.9853464113698,2122,35.69010043041607,26
296,0.1936,-6322.169230769231,45.08166666666666,41.102987421383645,90.30660377358491,1257,81,2555.8277594160318,2122,41.193396226415096,51
297,0.1925,-5829.938461538461,38.61083333333333,33.653237410071945,80.71079136690648,1371,77,2005.7536521891464,2123,33.8,431
298,0.1914,-6412.892307692307,47.425,42.37892376681614,93.34080717488789,1301,81,2834.222722610844,2123,42.620328849028404,570
299,0.1904,-5017.676923076923,33.589166666666664,28.801433691756273,74.64874551971326,1383,79,1800.9638392550312,2125,28.918279569892473,73
300,0.1893,-5396.6,38.535,33.73407407407407,80.09925925925926,1324,78,1827.7270448619063,2131,34.34814814814815,602
301,0.1883,-5689.461538461539,42.78,36.93451957295374,85.16370106761566,1376,81,2152.872656389005,2131,37.04697508896797,527
302,0.1872,-6679.784615384616,55.05166666666667,50.87461300309597,100.23916408668731,1256,79,2878.1706397265093,2132,50.97987616099071,72
303,0.1862,-5249.3538461538465,40.9725,34.60281690140845,83.2661971830986,1403,82,2146.0881251712935,2132,34.92253521126761,566
304,0.1852,-5700.492307692308,40.0475,34.94199706314244,80.47650513950073,1331,75,1965.2802239275356,2136,35.062408223201174,634
305,0.1841,-5251.369230769231,39.43083333333333,35.17664670658683,83.13922155688623,1308,84,1828.6704602525076,2136,35.28667664670659,400
306,0.1831,-5928.107692307693,45.17916666666667,38.152958152958156,84.94660894660895,1370,78,1884.63168026654,2137,38.65825522710887,520
307,0.1821,-5566.184615384616,48.05416666666667,40.3960843373494,91.28313253012048,1298,81,2014.102550962543,2137,43.58933933933934,875
308,0.1811,-5445.538461538461,39.2675,34.84303610906411,81.62490788504053,1318,79,1988.8465254243233,2138,34.97641857037583,744
309,0.1801,-5311.984615384616,43.2375,37.986909090909094,86.45672727272728,1328,83,2155.5515857659398,2138,38.19563636363636,299
310,0.1791,-4890.953846153846,35.035833333333336,30.683861459100957,77.97568165070007,1372,79,1776.6592223136718,2139,30.8002947678703,489
311,0.1781,-5878.784615384616,42.70166666666667,36.55306859205776,83.43393501805055,1353,80,2036.392117485182,2142,36.64837545126354,4
312,0.1771,-7566.907692307691,53.36333333333334,46.11070648215586,94.69191551347414,1307,75,3454.3012535125918,2143,46.005050505050505,379
313,0.1762,-4850.538461538462,34.34916666666667,31.90092879256966,76.51780185758514,1256,77,1523.6908158795943,2144,31.9984520123839,212
314,0.1752,-5467.092307692307,38.4625,32.74909354604786,79.2298767222625,1377,79,2126.699312624246,2145,32.846265409717184,560
315,0.1742,-7920.0,68.0075,55.72871572871573,108.98196248196248,1329,80,3811.8936348369393,2146,56.89776817854572,798
316,0.1732,-4854.9384615384615,33.901666666666664,29.70014556040757,75.9061135371179,1362,82,1419.2644543109097,2146,29.831149927219798,640
317,0.1723,-7037.092307692308,51.115833333333335,43.3441091954023,92.8125,1349,83,3356.764278747922,2147,43.44077530509691,171
318,0.1713,-7977.83076923077,60.5825,51.045197740113,104.13276836158192,1416,80,3955.514967741576,2147,51.31709039548023,225
319,0.1704,-5085.753846153846,35.09166666666667,29.547391623806025,76.1425422483468,1382,79,1889.5247460612252,2147,29.629955947136565,283
320,0.1694,-6227.6461538461535,44.55833333333333,38.512991833704525,86.94951744617669,1340,80,2406.7561405303454,2148,38.61692650334076,561
321,0.1685,-5427.538461538461,42.25333333333333,36.767530487804876,84.13643292682927,1310,84,2140.7781635974543,2150,37.02439024390244,180
322,0.1676,-5634.692307692308,48.343333333333334,42.323892519970954,93.58823529411765,1319,82,2360.488280865941,2152,47.54434907010015,729
323,0.1666,-5212.415384615384,34.08583333333333,29.951708766716195,75.9777117384844,1346,74,1844.4178052370153,2152,30.059435364041605,427
324,0.1657,-4987.492307692308,35.968333333333334,31.354545454545455,76.88181818181818,1316,81,1733.2353322297445,2152,31.44469696969697,679
325,0.1648,-7203.938461538462,49.18416666666667,41.46382978723404,91.35106382978724,1398,79,3071.8620027437682,2153,41.59361702127659,563
326,0.1639,-5065.83076923077,40.9225,36.391107761868874,81.74755086661642,1304,83,1761.2465803758791,2154,36.5320271288621,632
327,0.163,-4663.892307692307,30.686666666666667,26.44622093023256,71.13299418604652,1377,78,1433.8134819645109,2154,26.550872093023255,373
328,0.1621,-6603.630769230769,45.12416666666667,38.26968796433878,87.62109955423477,1366,76,2508.2740184794757,2155,40.04977711738484,584
329,0.1612,-6441.476923076923,57.219166666666666,44.86072218128224,96.50405305821666,1343,82,2698.9728415427558,2156,65.53734590282814,525
330,0.1603,-5647.292307692308,43.155833333333334,38.33724340175953,85.77052785923753,1315,83,2309.5237218406505,2156,38.47434017595308,656
331,0.1594,-6667.784615384615,49.41166666666667,40.840306834030685,90.8186889818689,1372,83,2964.404169394136,2157,40.93310104529617,61
332,0.1585,-5071.215384615385,37.60166666666667,32.31791907514451,78.23193641618496,1382,80,1634.7726056962208,2157,32.4072202166065,12
333,0.1577,-8115.9384615384615,62.11833333333333,52.974582425562815,107.77995642701525,1359,78,3824.182856513049,2159,55.223674655047205,496
334,0.1568,-5937.338461538461,43.0825,35.722457627118644,83.409604519774,1377,77,2330.6479059644207,2160,36.04449152542373,641
335,0.1559,-6995.446153846154,49.0225,42.7580283793876,92.47946228528752,1353,79,2885.285604026051,2161,42.982076176250935,779
336,0.155,-5688.584615384616,39.80833333333333,37.90007930214116,83.60586835844568,1225,79,2012.728280423032,2161,37.97858842188739,837
337,0.1542,-5314.846153846153,31.8925,27.13571961222968,72.1290082028337,1351,76,1870.9023045594893,2162,27.262490678598063,34
338,0.1533,-4803.169230769231,41.4325,34.97835497835498,80.0937950937951,1294,82,1546.4846381537284,2162,37.04460431654676,511
339,0.1525,-5735.276923076923,43.1,37.02785923753666,84.3409090909091,1324,82,2538.7836890684443,2162,37.12023460410557,408
340,0.1516,-4860.030769230769,34.906666666666666,30.686898593634346,76.1621021465581,1358,80,1697.356464846948,2164,30.76980014803849,45
341,0.1508,-4516.661538461538,32.17333333333333,28.83068783068783,73.36432350718064,1272,83,1603.3380510997406,2164,28.93121693121693,638
342,0.15,-6980.8153846153855,50.605,44.14213564213564,92.34632034632034,1312,75,2899.7315054595597,2170,44.25108225108225,160
343,0.1491,-5010.338461538461,33.990833333333335,31.101759755164498,76.62815608263197,1282,79,1785.8790869007553,2172,31.175076452599388,410
344,0.1483,-4217.953846153846,27.813333333333333,23.71861152141802,67.83751846381094,1362,77,1201.828664007334,2173,23.81831610044313,490
345,0.1475,-5468.892307692307,37.31583333333333,31.665660377358492,77.95396226415095,1327,75,2142.957374704834,2174,31.76452830188679,575
346,0.1467,-6626.830769230769,45.998333333333335,37.375,84.79117647058824,1321,79,2638.3081355692666,2174,37.483823529411765,683
347,0.1459,-5664.076923076922,45.36083333333333,40.60924683072334,88.79045488441461,1283,82,2490.4944433023775,2174,40.722595078299776,249
348,0.1451,-5401.015384615384,37.01,32.15709090909091,78.57309090909091,1346,81,1824.4631249067402,2175,32.26618181818182,46
349,0.1443,-5165.138461538461,37.034166666666664,33.71177370030581,80.57492354740062,1264,74,1766.6896242624427,2176,33.97018348623853,894
350,0.1435,-5352.7692307692305,37.343333333333334,33.93420045906657,81.26702371843918,1314,79,1854.5403272964586,2176,36.074980872226476,685
351,0.1427,-6180.507692307692,43.9875,38.875,85.80164670658682,1269,77,2895.03269814453,2176,38.97005988023952,478
352,0.1419,-5527.153846153846,42.12416666666667,37.39473684210526,84.24269005847954,1333,81,2330.1740367570274,2176,37.505116959064324,291
353,0.1411,-5138.523076923077,37.14333333333333,31.832719233603537,78.14738393515107,1344,80,1899.4106496087347,2176,32.08400884303611,657
354,0.1403,-5136.215384615384,36.795,32.70544369873229,78.95973154362416,1335,81,1936.7682771665825,2176,32.81804623415362,428
355,0.1395,-6931.646153846154,48.13666666666666,41.412191582002905,90.58417997097243,1393,82,3109.325904649091,2176,41.523947750362844,814
356,0.1388,-6465.907692307692,51.1025,42.82140274765003,91.88503253796095,1308,82,2781.726582536239,2179,42.96601590744758,102
357,0.138,-5676.692307692308,43.63916666666667,38.347376201034734,86.80709534368071,1330,82,2212.290232395807,2179,38.96452328159645,376
358,0.1372,-5668.938461538461,39.848333333333336,34.325883201153566,81.58832011535688,1389,78,2330.114401606634,2179,34.437635183850034,172
359,0.1365,-5273.153846153846,37.7,32.51190476190476,78.97693452380952,1336,80,1868.6733623771913,2180,32.65922619047619,50
360,0.1357,-6525.292307692308,48.174166666666665,41.339272986457594,90.03492516037063,1354,81,2688.095401724745,2181,43.70441595441596,333
361,0.135,-5438.430769230768,40.19416666666667,33.976462196861625,81.06490727532098,1359,81,2200.214225298649,2181,34.37731811697575,626
362,0.1342,-6332.261538461539,45.850833333333334,38.496810772501775,87.78951098511693,1454,81,2686.1989200983226,2181,38.593484419263454,28
363,0.1335,-4753.123076923077,35.1875,31.092261904761905,76.20089285714286,1303,82,1608.2005347678005,2182,31.229166666666668,467
364,0.1327,-7356.861538461539,60.638333333333335,49.82761087267525,104.82761087267525,1391,82,3388.6068978354965,2183,52.445636623748214,53
365,0.132,-5441.815384615385,41.48916666666667,36.134699853587115,82.06515373352855,1331,81,1897.5923971571535,2183,36.242313323572475,294
366,0.1313,-5606.676923076922,34.598333333333336,29.043964232488822,74.95901639344262,1368,74,2149.236676420375,2184,29.157228017883757,789
367,0.1306,-7518.876923076923,54.395833333333336,47.5570272259014,98.65121412803532,1325,81,3634.475370070413,2184,47.64606328182487,260
368,0.1298,-5590.846153846154,42.61666666666667,36.69796215429403,83.00873362445415,1310,82,2364.0240959882217,2185,37.467438494934875,210
369,0.1291,-6909.492307692308,53.125,44.72396925227114,94.71977638015373,1382,81,3038.8146963220584,2186,45.123689727463315,68
370,0.1284,-6276.476923076923,47.829166666666666,40.696364932287956,90.87241625089095,1337,77,2767.442701809545,2186,42.473984319315754,204
371,0.1277,-8905.938461538462,78.38166666666666,68.99847444698703,128.87948131197558,1286,84,4976.976448907496,2186,74.74046372475692,636
372,0.127,-7549.323076923078,55.93833333333333,46.818249258160236,98.95623145400593,1364,77,3528.119998767281,2187,49.32789317507418,164
373,0.1263,-4491.907692307692,31.2325,27.148717948717948,71.91135531135531,1336,82,1554.75387017809,2190,27.24029304029304,280
374,0.1256,-5719.861538461539,45.33833333333333,39.811152416356876,87.97026022304833,1303,82,2213.9553120761125,2190,40.33903345724907,750
375,0.1249,-5705.8153846153855,41.416666666666664,33.810344827586206,79.77211394302849,1282,81,2189.0802979506043,2190,33.907796101949025,792
376,0.1242,-6560.384615384615,51.27916666666667,42.37684365781711,90.76622418879056,1326,80,2665.2713007682596,2190,42.583333333333336,170
377,0.1235,-6415.584615384615,49.01833333333333,43.001477104874446,90.08419497784342,1320,80,2685.4705664119183,2190,43.108567208271786,558
378,0.1228,-4691.615384615385,33.185,29.09506263817244,73.59690493736183,1319,79,1549.7150763708873,2190,29.185567010309278,688
379,0.1221,-6123.907692307692,38.111666666666665,30.975609756097562,77.40530846484936,1423,72,2540.3734929177313,2191,31.113342898134864,618
380,0.1215,-6325.753846153845,41.985,35.95811518324607,82.4382946896036,1319,76,2498.4240865826087,2192,36.32759910246821,509
381,0.1208,-7147.799999999999,51.6025,47.178195488721805,96.5203007518797,1282,78,3239.7681617770454,2194,47.27293233082707,674
382,0.1201,-8055.153846153846,67.47333333333333,58.30390738060782,114.44356005788713,1292,85,4140.47558723841,2194,65.00853485064012,826
383,0.1195,-6275.03076923077,49.361666666666665,41.35084033613445,90.0280112044818,1371,82,2888.664756920173,2195,41.52473867595819,612
384,0.1188,-6170.553846153845,47.12083333333333,37.88637919233402,86.62833675564681,1405,78,2540.1828504698374,2195,38.163586584531146,239
385,0.1181,-4800.876923076923,33.3325,28.926008968609864,74.30418535127055,1291,79,1601.0130180835342,2196,29.12257100149477,879
386,0.1175,-6056.415384615385,41.07,36.11037527593819,82.98307579102281,1324,75,2474.6848933202737,2196,36.20161883738043,734
387,0.1168,-5616.123076923077,42.288333333333334,36.03537906137184,84.83971119133574,1383,83,2263.2800513397933,2197,36.214440433213,112
388,0.1162,-6642.323076923076,49.3925,44.855925639039505,94.77769171185128,1283,80,3037.2115396302993,2197,44.93132716049383,369
389,0.1156,-7427.0153846153835,55.0825,46.9151817533856,95.52601568068425,1344,77,3559.906067841919,2198,47.18888096935139,18
390,0.1149,-6637.046153846153,48.73416666666667,41.41275659824047,90.44208211143695,1349,81,2551.03994753372,2198,41.494505494505496,806
391,0.1143,-6524.1846153846145,48.6625,41.80543633762518,90.39270386266094,1376,82,2629.1703504699635,2198,41.92632331902718,536
392,0.1136,-5197.630769230769,38.48166666666667,36.177431906614785,83.69260700389106,1255,81,2317.7792937782924,2198,36.28249027237354,860
393,0.113,-6931.707692307693,48.65833333333333,41.50256786500367,90.13352898019076,1346,80,2904.294761689892,2199,41.604105571847505,77
394,0.1124,-5399.83076923077,37.840833333333336,33.151057401812686,79.63141993957704,1275,80,2116.2436597508204,2200,33.26359516616314,648
395,0.1118,-3977.8923076923074,26.150833333333335,23.905791505791505,67.75057915057916,1306,81,1140.2712349020765,2201,23.977623456790123,250
396,0.1112,-6716.33846153846,52.221666666666664,44.74835886214442,96.56309263311452,1321,80,3017.0357744736325,2202,45.92997811816193,43
397,0.1105,-6230.092307692308,49.20333333333333,38.91472868217054,86.60676532769556,1377,76,2356.3066471762604,2202,39.37491190979563,156
398,0.1099,-4611.461538461538,33.215833333333336,29.372578241430702,74.45827123695976,1339,81,1539.9353350504907,2202,29.50149031296572,483
399,0.1093,-6241.876923076923,44.2675,38.84598698481562,86.06652205350687,1327,80,2731.9094448139494,2205,38.89812138728324,42
400,0.1087,-6124.830769230769,41.41833333333334,36.463886820551004,83.76768428890543,1308,76,2186.375579355398,2206,36.59046909903202,153
401,0.1081,-5044.676923076922,34.24333333333333,29.435935198821795,75.44918998527245,1355,77,1764.0179119646546,2206,29.542709867452135,329
402,0.1075,-5826.215384615383,41.435,35.65357142857143,82.62785714285714,1373,79,2446.0041528507363,2208,35.785714285714285,106
403,0.1069,-6240.492307692308,47.9825,42.652910832719236,92.76344878408254,1322,79,2497.628671202915,2208,43.30213706705969,645
404,0.1063,-5107.292307692308,37.516666666666666,33.22679640718563,80.71706586826348,1294,81,2258.247331582981,2210,33.321107784431135,83
405,0.1057,-8397.246153846154,69.7425,64.08656036446469,119.86104783599089,1242,83,4843.812701528214,2216,65.95671981776765,787
406,0.1052,-5729.969230769231,42.545,37.36767976278725,84.13194959229058,1328,80,2069.3461549137505,2217,37.470719051149,859
407,0.1046,-7144.784615384615,56.42583333333334,46.41488628532047,99.76912474155755,1373,78,3034.0945824064293,2217,47.7525844245348,2
408,0.104,-7511.6461538461535,54.755833333333335,45.50352609308886,96.14174894217207,1397,80,3722.6108293032644,2217,45.64033850493653,811
409,0.1034,-3970.8,31.27,27.904263275991024,71.01645474943905,1298,83,1199.8384852289037,2217,28.121732636295743,726
410,0.1028,-5706.215384615384,37.6025,32.97997032640949,78.70623145400593,1354,78,1822.6068316714534,2218,33.08086053412463,345
411,0.1023,-7485.846153846154,60.428333333333335,52.61711385061639,104.2298767222625,1283,83,4346.734982756895,2219,56.02427184466019,242
412,0.1017,-6890.723076923077,50.06666666666667,41.93691080493111,91.13270485859319,1384,78,3094.1288129405043,2220,42.07106598984772,216
413,0.1011,-6684.476923076923,47.99666666666667,41.66517524235645,91.49739000745713,1313,82,3341.0081126599903,2223,41.75988068605518,881
414,0.1006,-5112.861538461539,35.494166666666665,32.25613496932515,79.15644171779141,1335,82,2174.667310057802,2223,32.35199386503067,240
415,0.1,-6638.6923076923085,45.675,40.641975308641975,88.84458968772694,1341,80,3053.5392028111432,2223,40.76470588235294,664
416,0.0995,-6679.73846153846,48.75833333333333,43.03644314868804,92.62099125364432,1372,78,3339.500055069276,2224,43.126822157434404,92
417,0.0989,-5095.799999999999,36.6875,31.61318051575931,79.09527220630372,1386,81,1906.903506803832,2224,31.72870436649964,186
418,0.0984,-6584.0,45.94916666666666,38.06746310611384,86.10751932536894,1400,77,2851.855386223073,2225,38.1890372452565,716
419,0.0978,-6258.9384615384615,47.655833333333334,40.21754636233951,89.72895863052781,1371,85,2424.8098344918276,2225,40.40513552068474,801
420,0.0973,-6384.138461538461,47.263333333333335,40.698581560283685,90.31560283687944,1355,80,2945.969794810095,2225,40.84964539007092,44
421,0.0968,-6534.107692307692,46.33166666666666,40.849141150112025,88.27483196415236,1318,77,2514.4184363129825,2225,40.949215832710976,784
422,0.0962,-8837.292307692307,62.81666666666667,53.28509090909091,107.59636363636363,1370,79,5062.425400330328,2226,53.64218181818182,772
423,0.0957,-6018.323076923078,41.9825,35.767341040462426,82.92991329479769,1364,75,2483.9954267861995,2226,35.891618497109825,288
424,0.0952,-5239.723076923076,36.01083333333333,31.202158273381293,76.7884892086331,1379,75,1914.448106029554,2226,31.319194823867722,389
425,0.0946,-8700.984615384616,75.00333333333333,66.06194029850747,124.02985074626865,1325,81,5055.03809615549,2228,68.35502958579882,67
426,0.0941,-5362.03076923077,37.060833333333335,34.38235294117647,80.02321981424149,1266,78,2131.0912386176733,2229,34.47987616099071,370
427,0.0936,-7471.846153846154,60.11416666666667,50.59182209469154,100.2338593974175,1362,78,3280.6204155463306,2231,52.19971671388102,328
428,0.0931,-7183.092307692308,47.0475,40.800290486565,88.1278140885984,1315,73,3085.351260077834,2233,40.925925925925924,443
429,0.0926,-5566.446153846154,39.535,32.73299195318215,80.61741038771031,1362,80,2319.1892708327086,2234,32.864667154352595,52
430,0.092,-7483.553846153846,48.79666666666667,41.98650674662669,91.43703148425787,1338,75,3536.3405054840855,2234,42.10194902548726,206
431,0.0915,-7639.476923076923,54.85,44.290974729241874,96.89530685920577,1463,81,4006.423742361646,2235,44.579061371841156,608
432,0.091,-6738.769230769231,45.78916666666667,38.83406754772393,87.20998531571219,1352,76,2960.189853645591,2237,38.95447870778267,219
433,0.0905,-8308.615384615387,68.73916666666666,60.38375558867362,111.16691505216096,1336,81,3987.745098715454,2238,60.68554396423249,447
434,0.09,-7143.4461538461555,56.685,47.76528460997892,100.4975404075896,1353,81,4237.1101970981035,2238,49.21995783555868,86
435,0.0895,-5998.892307692307,46.4325,39.185633001422474,88.6728307254623,1362,80,2260.7703118123386,2239,40.334992887624466,462
436,0.089,-5489.446153846154,36.58583333333333,32.11267605633803,78.95848776871757,1366,75,1956.972747270938,2239,32.20830244625649,799
437,0.0885,-6739.753846153846,51.22833333333333,45.14780100937275,93.91059841384282,1346,77,2966.260507299836,2242,45.820605187319885,646
438,0.088,-6651.723076923076,45.84166666666667,39.2510885341074,87.22931785195937,1342,78,3017.870451548082,2243,39.367924528301884,790
439,0.0876,-4971.0,34.78916666666667,30.319465081723624,74.42570579494799,1292,75,1675.0073993840801,2244,30.41158989598811,574
440,0.0871,-7730.292307692307,61.288333333333334,50.55773268019594,103.30090972708187,1384,80,3797.701206816032,2244,52.01469559132261,828
441,0.0866,-5562.323076923078,45.44083333333333,40.711624441132635,91.20193740685544,1306,81,2309.7577642021824,2245,40.91432791728213,308
442,0.0861,-4899.5999999999985,35.37833333333333,30.732465654374547,76.50469992769342,1358,80,1751.8348507640471,2247,30.811279826464208,513
443,0.0856,-6825.923076923076,48.92333333333333,41.343527738264584,88.67709815078236,1341,74,3365.4080348017574,2247,41.45803698435277,259
444,0.0852,-5700.953846153846,39.79666666666667,34.673499267935576,81.8433382137628,1367,77,2215.8952925885587,2248,34.79428989751098,188
445,0.0847,-5937.676923076923,48.553333333333335,41.81569474442045,92.89776817854572,1360,79,2525.9013156583846,2249,49.13652609006433,501
446,0.0842,-5798.861538461539,44.3725,38.32309941520468,85.25950292397661,1320,80,2589.2277644367236,2249,39.07507288629738,568
447,0.0838,-5480.015384615384,44.310833333333335,37.56417693981146,84.57070340826687,1313,84,2365.8012743646505,2251,37.87210982658959,677
448,0.0833,-5704.430769230769,47.8375,41.456601021152444,87.19766593727206,1311,82,2371.955292466516,2251,41.563822027716995,276
449,0.0828,-5229.3538461538465,32.875,27.594319009468318,71.97378004369993,1349,76,2093.7391383637455,2253,27.656477438136825,244
450,0.0824,-5623.446153846154,36.19583333333333,31.195193008011653,76.88638018936635,1399,80,2193.1100987405557,2253,31.296431172614714,94
451,0.0819,-6175.923076923077,43.73833333333334,38.080740740740744,85.82148148148148,1325,80,2989.7393310528196,2253,38.175555555555555,830
452,0.0815,-7857.5230769230775,57.530833333333334,50.75549048316252,100.7086383601757,1328,75,3764.6295351249787,2255,50.879941434846266,264
453,0.081,-5896.892307692307,40.775,34.05409252669039,80.61281138790035,1405,79,2828.333695380247,2256,34.148042704626334,526
454,0.0806,-6408.6461538461535,46.50333333333333,41.22833458929917,89.84099472494349,1341,81,2811.51426689517,2256,41.376036171816125,727
455,0.0801,-6327.507692307692,45.81,40.7317436661699,90.45380029806259,1338,81,2649.3276504598057,2256,40.84575260804769,126
456,0.0797,-6205.138461538461,48.49166666666667,42.440714285714286,90.925,1313,75,2569.2585096022876,2257,44.13749114103473,842
457,0.0792,-7829.584615384615,60.634166666666665,54.008869179600886,110.32372505543238,1299,78,4038.0392374801077,2257,55.33924611973392,701
458,0.0788,-6551.415384615384,48.8125,43.50699043414275,91.62251655629139,1301,78,3007.0546803498746,2258,43.638704930095656,184
459,0.0784,-5744.553846153846,42.18083333333333,37.23308823529412,86.85514705882353,1360,80,2128.5689014470117,2258,37.75367647058823,882
460,0.0779,-5629.7692307692305,41.64416666666666,37.19345238095238,84.43229166666667,1357,76,2430.4663699853136,2259,40.669642857142854,306
461,0.0775,-5600.2,40.06166666666667,35.54058078927773,81.46388682055101,1264,80,2124.0539658539647,2261,35.64408041697692,457
462,0.0771,-4430.784615384616,30.473333333333333,27.51519875292284,71.88854247856587,1296,84,1762.3657103443884,2261,27.616523772408417,628
463,0.0766,-5108.446153846155,34.20333333333333,27.67874911158493,73.2864250177683,1396,79,1945.3170815959259,2261,27.808813077469793,544
464,0.0762,-5089.461538461537,36.471666666666664,32.119170984455955,78.12287194670614,1356,80,1974.4741215203364,2261,32.21835677276092,758
465,0.0758,-6205.4,44.85333333333333,38.78150036416606,86.15294974508376,1346,80,2654.7763917490406,2261,38.872541879096865,84
466,0.0754,-4493.169230769231,29.4775,25.174981923355027,69.2176428054953,1366,76,1385.5296888567439,2262,25.284164859002168,174
467,0.075,-5075.015384615384,38.52,33.08534850640114,80.18065433854908,1391,79,1941.2791248156152,2263,33.285714285714285,763
468,0.0745,-6612.430769230768,55.244166666666665,48.31751824817518,96.39635036496351,1287,80,3326.973942592178,2263,56.781408859840234,109
469,0.0741,-5046.415384615386,33.278333333333336,28.305096913137113,74.07322325915291,1396,80,1712.0017544149428,2263,28.42713567839196,429
470,0.0737,-6104.307692307692,44.47666666666667,38.12061403508772,85.73391812865498,1323,78,2706.4357207426046,2264,38.23009495982469,300
471,0.0733,-7921.0,65.73333333333333,55.63333333333333,107.99361702127659,1350,80,3941.430540533597,2264,55.756028368794325,33
472,0.0729,-5221.815384615385,39.34166666666667,33.773775216138326,79.81628242074927,1349,81,2046.9727184645205,2265,33.863112391930834,221
473,0.0725,-6534.784615384615,62.3525,54.44619799139168,103.012912482066,1305,82,3147.3239491568347,2266,55.50354107648725,693
474,0.0721,-6467.707692307692,45.35333333333333,38.57257476294676,85.08315098468272,1331,76,2617.510232593812,2266,38.693654266958426,340
475,0.0717,-4866.630769230769,31.151666666666667,26.970092024539877,72.35506134969326,1311,76,1745.686416670378,2266,27.045245398773005,20
476,0.0713,-5842.538461538462,39.60583333333334,34.51714077315828,81.2399708242159,1337,75,2294.1550842779952,2266,34.647702407002186,418
477,0.0709,-6279.83076923077,48.06166666666667,40.98845598845599,89.42640692640693,1344,77,2710.9019735620836,2266,41.25339043540328,296
478,0.0705,-6583.984615384616,55.696666666666665,46.324555160142346,94.60213523131672,1333,79,3462.279668013152,2266,51.57183297947629,336
479,0.0701,-5127.476923076923,35.89666666666667,31.460458240946046,76.55728011825573,1346,77,2098.9606882132766,2266,31.55210643015521,590
480,0.0697,-4755.292307692309,34.27166666666667,30.533283470456244,76.42333582647719,1312,79,1580.3400024833832,2266,30.63425579655946,37
481,0.0694,-4870.461538461539,36.74916666666667,32.155949741315595,77.2520325203252,1325,78,1578.5618513939582,2268,32.93225331369661,439
482,0.069,-5452.799999999999,40.7075,35.24509090909091,82.56,1330,78,2089.849066390587,2269,36.47927272727273,598
483,0.0686,-5228.553846153847,36.87916666666667,32.7982391782832,78.65663976522377,1335,77,2172.318649761611,2271,32.91269258987528,498
484,0.0682,-7050.323076923076,55.479166666666664,49.57272727272727,102.88333333333334,1320,79,3840.1198488241585,2271,52.932575757575755,32
485,0.0678,-7868.507692307692,65.3075,54.972490706319704,105.15241635687732,1302,77,3795.1299407951788,2271,62.62825278810409,49
486,0.0675,-6599.092307692308,50.5775,44.87224669603524,98.42143906020559,1358,83,3576.9532732666607,2271,46.10425844346549,802
487,0.0671,-4692.969230769231,32.92583333333334,27.825214899713465,74.19484240687679,1414,80,1664.3015095842136,2271,27.94269340974212,375
488,0.0667,-5611.553846153846,41.03333333333333,37.053231939163496,84.39695817490494,1271,80,2336.4840927657174,2271,38.045627376425855,543
489,0.0664,-5985.184615384615,47.00333333333333,38.01186943620178,85.75370919881306,1346,82,2716.5873786762863,2272,38.11572700296736,899
490,0.066,-5308.753846153846,40.385,34.198040587823655,79.51714485654304,1388,79,2349.024823153228,2272,34.49827467218772,832
491,0.0656,-6025.784615384614,42.73,36.72093023255814,84.82994186046511,1352,79,2620.438379844541,2272,36.77157360406091,595
492,0.0653,-5983.738461538462,42.07,34.472527472527474,80.35384615384615,1356,75,2416.8850641628687,2272,34.733333333333334,176
493,0.0649,-7048.507692307692,47.345,39.82723279648609,87.89385065885799,1362,74,3163.8730261156006,2272,40.23133235724744,464
494,0.0645,-5407.476923076923,40.74,36.557153671461016,83.94852384557154,1293,80,2256.00931726903,2273,37.012869038607114,304
495,0.0642,-5925.553846153845,45.16416666666667,39.18854242204496,88.26903553299492,1351,80,2432.3007854626094,2274,39.49746192893401,82
496,0.0638,-5360.7692307692305,37.585,32.543951915852745,78.84147257700977,1354,79,2013.92608113915,2275,32.63636363636363,183
497,0.0635,-7637.23076923077,59.721666666666664,53.89243323442137,103.4339762611276,1301,76,3731.9358272873224,2276,53.99925816023739,583
498,0.0631,-4931.6,31.144166666666667,26.03081438004402,70.71386647101981,1378,72,1609.2854620669966,2280,26.129032258064516,728
499,0.0628,-4883.184615384615,35.34,31.139896373056995,77.01702442635086,1298,79,1822.547381427319,2280,31.296076980014803,182
500,0.0624,-4129.323076923078,28.704166666666666,26.003079291762894,70.78521939953811,1280,76,1544.5886889360272,2280,26.111624326404925,208
501,0.0621,-6644.0,49.8,44.47032640949555,93.11275964391692,1303,79,3200.2312386045874,2281,44.730712166172104,354
502,0.0617,-6401.553846153846,54.75083333333333,46.04360257326662,95.66547533952823,1394,79,2747.7404750118735,2282,49.19687277896233,386
503,0.0614,-5988.907692307692,44.5525,39.07613469985359,87.64860907759883,1353,80,2511.6965274535582,2284,39.41508052708638,1
504,0.0611,-5480.815384615385,36.70666666666666,31.461203770848442,77.76504713560551,1396,76,2182.4045456331387,2285,31.603335750543874,416
505,0.0607,-6799.184615384615,49.163333333333334,42.39810080350621,91.1709276844412,1392,73,3196.072502652224,2286,42.56026296566837,192
506,0.0604,-6174.338461538462,42.87916666666667,38.05921052631579,84.66959064327486,1342,77,2951.66185523449,2287,38.14766081871345,631
507,0.06,-5959.430769230768,41.37916666666667,35.574687270051506,81.09271523178808,1334,79,2535.585330167304,2288,35.64264705882353,491
508,0.0597,-6656.707692307691,49.623333333333335,43.38819188191882,91.5439114391144,1306,80,3279.7700167869716,2290,43.54391143911439,642
509,0.0594,-6896.984615384616,53.299166666666665,44.76696990902729,97.27851644506649,1394,80,3430.99944527971,2290,44.90979020979021,588
510,0.0591,-4709.846153846154,31.434166666666666,27.667701863354036,74.44875776397515,1279,80,1929.0218245957471,2293,27.78804347826087,839
511,0.0587,-6386.969230769229,43.1225,35.441977077363894,82.6676217765043,1410,75,2659.3731762820016,2293,35.60243553008596,518
512,0.0584,-4299.030769230769,28.624166666666667,26.153964588144728,70.48421862971516,1310,80,1557.4760795250165,2294,26.287143956889917,134
513,0.0581,-5311.261538461538,36.87166666666667,33.178306092124814,77.42496285289748,1320,75,1817.6566522948092,2294,33.27340267459138,198
514,0.0578,-6658.338461538462,42.799166666666665,36.08817204301075,82.62867383512545,1415,76,2882.087963970344,2296,36.18494623655914,152
515,0.0574,-5322.676923076922,41.1075,35.707997065297135,83.76008804108584,1340,84,2566.0008862385985,2298,35.8958180484226,22
516,0.0571,-5409.092307692307,39.69166666666667,33.5076071922545,78.54495159059475,1387,81,2298.81938747452,2299,33.659059474412174,85
517,0.0568,-6719.907692307693,47.23083333333334,40.47700296735905,88.18768545994065,1362,76,2986.748211333598,2300,40.945845697329375,421
518,0.0565,-7077.507692307691,50.04,40.405310971348705,89.89028651292803,1412,75,2827.883809106623,2301,40.872816212438856,630
519,0.0562,-5108.215384615385,32.844166666666666,29.357142857142858,73.81003039513678,1332,74,1896.2880766430442,2303,29.46276595744681,620
520,0.0559,-5178.123076923077,36.8525,31.184604419101923,76.57091945830363,1361,80,2603.1368329371494,2304,31.274411974340698,755
521,0.0556,-6267.2307692307695,43.155,38.17353579175705,85.46926970354302,1339,71,2715.2968994328394,2309,38.61822125813449,357
522,0.0553,-6139.446153846154,43.685833333333335,40.05354449472097,87.96530920060331,1290,76,2176.1339558225554,2310,40.64630467571644,349
523,0.0549,-5584.246153846154,39.274166666666666,35.28285933897002,81.61029976940814,1310,77,2113.660131209473,2311,35.42044581091468,189
524,0.0546,-7589.446153846154,51.950833333333335,49.2359375,98.82421875,1258,75,3245.196881678792,2311,49.38203125,98
525,0.0543,-6915.507692307692,50.57833333333333,41.47873107426099,88.76351838500361,1327,80,3208.865684244641,2311,41.62004325883201,506
526,0.054,-5557.876923076923,39.12083333333333,32.5414878397711,77.57439198855508,1381,74,1934.7612442719637,2312,32.783977110157366,844
527,0.0537,-5224.123076923077,33.274166666666666,28.84416543574594,74.80280649926145,1352,76,2247.513711171375,2314,28.94903988183161,528
528,0.0534,-4269.030769230769,28.136666666666667,25.26027397260274,69.3607305936073,1326,76,1597.955692620203,2314,25.366057838660577,861
529,0.0531,-5446.476923076923,33.961666666666666,29.446286950252343,74.44556596971881,1379,74,2076.9324828016647,2316,29.550108147080028,675
530,0.0529,-7350.4,55.259166666666665,49.781695423855965,98.2085521380345,1252,73,3672.4447366576737,2320,50.89572393098275,866
531,0.0526,-7145.676923076921,53.99,43.62439696760855,93.14266023432116,1412,79,3494.6200022798234,2321,43.79255685733977,402
532,0.0523,-5612.030769230769,39.045,34.06997084548105,80.3432944606414,1358,76,2469.25967950376,2323,34.190962099125365,484
533,0.052,-6113.323076923077,39.204166666666666,35.2710843373494,83.26807228915662,1367,73,2889.606668702516,2325,36.31174698795181,287
534,0.0517,-6083.846153846154,43.6375,34.513129879347055,82.8403122782115,1411,78,2584.0562319904598,2326,34.86657203690561,519
535,0.0514,-5039.738461538462,33.340833333333336,27.548736462093864,71.91119133574007,1381,74,1937.76613257366,2327,27.654151624548735,267
536,0.0511,-8007.492307692307,71.35333333333334,59.68712574850299,114.1369760479042,1318,79,3873.00119169166,2327,60.208083832335326,256
537,0.0508,-7428.615384615385,60.141666666666666,51.88026607538803,105.8980044345898,1317,80,3531.104820069777,2327,52.76792313377679,862
538,0.0506,-5772.738461538463,46.325833333333335,41.5496639283047,90.85287528005975,1313,82,2718.284418582873,2327,41.75578790141897,786
539,0.0503,-5351.4769230769225,36.47,32.23880597014925,78.67089552238807,1340,78,2041.5740556538517,2327,32.329850746268654,710
540,0.05,-6470.907692307692,43.37416666666667,38.23542770628312,86.32172596517789,1331,78,2861.990436965967,2328,38.333080999242995,731
541,0.05,-7004.446153846155,59.72833333333333,51.08170643528561,104.81634128705713,1314,79,3762.742575702458,2332,57.93879003558719,127
542,0.05,-5715.784615384615,38.89416666666666,34.75336322869955,79.54932735426009,1286,76,2636.5507569779,2332,34.84828101644245,190
543,0.05,-5415.6461538461535,37.60916666666667,32.66448801742919,79.7044299201162,1362,78,2615.036570333509,2333,32.82933914306464,374
544,0.05,-4819.292307692308,35.185,31.69139465875371,78.29673590504451,1315,80,1994.986044082279,2334,31.83605341246291,863
545,0.05,-7027.56923076923,50.149166666666666,41.91815476190476,89.22172619047619,1335,76,2641.317552329552,2336,42.976401179941,722
546,0.05,-6169.907692307692,44.630833333333335,39.06259314456036,87.7354694485842,1361,76,2523.3389890675944,2336,39.15573770491803,107
547,0.05,-4547.184615384615,32.416666666666664,28.16976917349218,74.24125093075205,1357,79,1871.4320859104814,2337,28.28518242740134,847
548,0.05,-5380.092307692307,40.41416666666667,38.41935483870968,84.94777265745007,1251,80,2215.5102283844,2338,38.476190476190474,545
549,0.05,-7084.553846153845,52.42666666666667,45.280559646539025,95.94108983799705,1354,74,3803.9473336653896,2341,45.410162002945505,145
550,0.05,-5501.4,42.836666666666666,37.79751461988304,85.55190058479532,1317,81,2526.14518583437,2341,37.957602339181285,194
551,0.05,-4975.369230769231,33.955,29.552932216298554,73.61538461538461,1292,76,1768.4635905342107,2341,29.68012185833968,829
552,0.05,-6212.076923076923,47.45333333333333,40.57573582196698,87.40990667623834,1335,74,2355.443470407144,2341,41.183776022972005,257
553,0.05,-6080.415384615386,46.193333333333335,41.08284457478006,89.52346041055719,1321,79,2891.9114298590243,2343,41.63789319678127,55
554,0.05,-7325.923076923077,56.75416666666667,49.49634502923977,99.16739766081871,1327,78,2899.9113225489923,2343,49.59649122807018,293
555,0.05,-5190.815384615385,36.23583333333333,32.965019011406845,80.13307984790875,1287,80,1899.5183630317417,2344,33.11406844106464,737
556,0.05,-5500.492307692308,38.983333333333334,35.56738131699847,82.21592649310873,1296,78,2406.1249517523192,2344,35.64498852333588,246
557,0.05,-6886.892307692308,52.9925,45.74911158493248,95.96872778962332,1350,79,3518.8569371205804,2345,45.9182658137882,253
558,0.05,-6022.5230769230775,45.46333333333333,37.56116642958748,86.92603129445234,1366,79,2255.2158794567613,2345,39.16548295454545,668
559,0.05,-6479.876923076923,47.01,40.355869242199105,88.0520059435364,1321,76,2635.8049088408484,2346,40.53372868791698,624
560,0.05,-5956.061538461539,47.685833333333335,40.63323782234957,90.01146131805157,1370,78,2545.4127868892947,2346,49.91347517730497,823
561,0.05,-5712.738461538462,39.61,34.4591381872214,83.64635958395245,1322,82,2048.723738010461,2346,34.63447251114413,775
562,0.05,-6990.415384615384,51.665,44.56780923994039,93.77272727272727,1339,77,3153.7878500562033,2346,45.43478260869565,816
563,0.05,-9187.846153846154,68.9925,62.868024132730014,119.84917043740573,1260,80,5598.60100709403,2348,63.87556561085973,647
564,0.05,-6745.861538461539,54.858333333333334,47.112050739957716,96.96264975334742,1367,80,2851.6072922425483,2348,50.19230769230769,318
565,0.05,-6316.3538461538465,49.35583333333334,40.134670487106014,89.2256446991404,1349,80,2923.8985461226566,2355,40.23159399571122,661
566,0.05,-5258.046153846154,39.81,35.86096654275093,81.89814126394052,1340,75,2183.236832008096,2356,38.921033210332105,781
567,0.05,-6686.615384615385,47.06916666666667,41.412592592592596,90.47555555555556,1300,75,3385.6625966899287,2356,41.52148148148148,504
568,0.05,-7189.030769230769,53.5375,44.664073550212166,94.42291371994342,1364,76,3328.7180734649087,2361,44.82461103253183,592
569,0.05,-7005.246153846154,55.9075,49.19436416184971,101.24566473988439,1350,79,3367.068720212267,2361,52.274566473988436,104
570,0.05,-6624.800000000001,47.555,41.85256887565153,90.45644080416977,1316,81,3021.965849756567,2361,41.96798212956069,446
571,0.05,-5416.107692307693,39.6225,34.47933284989123,81.64902102973168,1369,79,2595.3416298798675,2362,34.577229876722264,888
572,0.05,-6141.661538461538,51.674166666666665,44.768552534900806,93.26891991182954,1370,82,2614.3402220378125,2363,52.178909090909094,179
573,0.05,-5441.984615384616,39.0725,34.87574404761905,80.81547619047619,1324,74,1953.2273501812788,2363,35.29665427509293,39
574,0.05,-6095.261538461538,42.82083333333333,36.43041606886657,85.01147776183645,1360,76,2587.3287525881146,2364,36.83859397417503,131
575,0.05,-5516.861538461539,39.08083333333333,34.63506395786305,81.17231000752446,1317,79,2122.2266060919214,2364,34.72686230248307,732
576,0.05,-6197.061538461538,42.17,35.30167597765363,80.96508379888269,1399,70,2417.44355246693,2366,35.54399441340782,534
577,0.05,-5875.907692307692,41.61,36.351023502653526,82.95375284306293,1310,77,2516.5159062265197,2367,36.46929492039424,812
578,0.05,-6233.861538461539,41.62833333333333,34.838074398249454,82.27060539752006,1367,75,2943.0103131092606,2368,34.93216630196937,406
579,0.05,-5798.3538461538465,41.9625,36.55218356772761,82.97261287934863,1340,76,2244.8692162351886,2369,37.3913362701909,853
580,0.05,-7266.261538461539,52.51583333333333,45.256245538900785,94.9243397573162,1390,75,3430.3554309987467,2369,46.07423269093505,619
581,0.05,-4095.753846153846,29.479166666666668,26.442322383498855,71.08861726508785,1296,81,1873.30196904509,2369,26.566844919786096,121
582,0.05,-6088.461538461538,52.3325,43.06681350954479,95.571953010279,1373,81,2646.3498415866206,2370,55.14070351758794,394
583,0.05,-4187.615384615385,29.440833333333334,25.484848484848484,70.16260162601625,1372,83,1442.4636507721166,2370,25.584626755358464,629
584,0.05,-5260.476923076923,34.91166666666667,29.795520231213874,74.32153179190752,1381,77,2279.117441547664,2371,29.922687861271676,662
585,0.05,-5418.6,37.21,31.839971035481536,77.48298334540188,1387,74,2444.027193871259,2373,32.00289645184649,469
586,0.05,-6125.7692307692305,39.593333333333334,35.06181015452539,81.35835172921266,1323,74,2804.0001541196684,2373,35.184694628403236,455
587,0.05,-5106.676923076923,36.43416666666667,33.47018348623853,79.52599388379205,1270,78,2355.0438871348324,2373,33.579510703363916,273
588,0.05,-5671.046153846154,39.81666666666667,32.74644886363637,78.60014204545455,1405,73,2180.1422172639363,2373,32.86505681818182,663
589,0.05,-5899.569230769232,43.69416666666667,37.631964809384165,87.22214076246334,1332,82,2578.3606579730103,2374,37.80351906158358,535
590,0.05,-6518.507692307691,43.595,37.275683665927566,84.69549150036956,1358,78,3520.9976053407136,2374,37.402808573540284,764
591,0.05,-5302.784615384615,36.82416666666666,31.50036469730124,77.73231218088986,1360,79,2252.484091617538,2374,31.642596644784827,495
592,0.05,-5626.599999999999,45.67583333333334,40.970082273747195,87.12415856394914,1285,77,2150.8771104466186,2375,42.68703427719821,460
593,0.05,-6926.876923076923,53.049166666666665,46.35777777777778,99.09851851851852,1313,79,3794.9870825858598,2375,52.393671817512875,851
594,0.05,-4721.584615384615,32.6075,29.590634441087612,75.23791540785498,1327,77,1710.1948430482403,2375,29.686555891238672,295
595,0.05,-7337.861538461538,57.1875,50.79194139194139,103.83589743589744,1330,83,4427.87171867695,2375,52.06724511930586,130
596,0.05,-5253.430769230768,36.75,32.64169139465876,77.75222551928783,1288,76,2481.2677012970635,2377,32.73313565604151,865
597,0.05,-6866.599999999999,50.75083333333333,45.02243829468961,94.00673148840688,1303,80,3137.6940693932593,2377,45.142857142857146,326
598,0.05,-4014.0153846153844,29.088333333333335,25.125550660792953,69.34214390602055,1332,80,1614.6768093812198,2377,25.276064610866374,748
599,0.05,-6910.123076923077,52.30416666666667,44.406227371469946,96.43591600289645,1357,81,3483.6344658189696,2377,44.56118754525706,290
600,0.05,-7040.599999999999,60.38333333333333,52.74689100219459,107.67593269934163,1309,82,3564.2914973501915,2377,56.58381924198251,362
601,0.05,-5514.138461538461,41.405,35.03756201275691,81.3607370659107,1361,78,2231.8569505228074,2377,35.10269121813031,21
602,0.05,-7140.4,56.045833333333334,46.221160911094785,96.27112417340192,1345,77,3957.3212172127305,2378,46.53343130051433,282
603,0.05,-5656.492307692308,37.538333333333334,32.28674351585014,78.8314121037464,1417,76,2569.300928099325,2379,32.39193083573487,218
604,0.05,-6325.215384615385,45.18416666666667,38.820381231671554,85.10777126099707,1324,79,2708.4698776761547,2380,38.908357771260995,565
605,0.05,-6131.215384615385,43.719166666666666,39.79066265060241,88.20105421686748,1297,78,2591.495721049597,2382,41.04593373493976,292
606,0.05,-4920.8,33.20666666666666,28.02639087018545,72.78316690442226,1378,74,1727.3043708128937,2383,28.134807417974322,432
607,0.05,-6043.846153846154,43.46666666666667,36.6490727532097,84.22111269614835,1360,76,2510.5771601235624,2384,37.169757489301,71
608,0.05,-4906.584615384616,33.21,29.345345345345347,75.11636636636636,1319,76,1949.8861835498526,2385,29.46246246246246,819
609,0.05,-4916.523076923077,35.19166666666667,31.051207022677396,75.74177029992684,1305,78,1534.1960680561178,2385,31.147037307973665,96
610,0.05,-5500.03076923077,36.525,30.776108189331328,76.79789631855748,1320,76,2586.5171818288713,2387,30.888054094665666,220
611,0.05,-5653.723076923077,41.77333333333333,36.591310751104565,84.51840942562592,1347,79,2453.5885734157814,2388,37.03976435935199,450
612,0.05,-6110.446153846153,43.49333333333333,38.12416851441242,86.93569844789357,1339,77,2527.383096223052,2389,38.63488543976349,177
613,0.05,-5973.307692307693,44.0525,40.107924528301886,85.91622641509434,1295,76,2439.8130182617865,2390,41.80877976190476,277
614,0.05,-5378.7692307692305,36.32083333333333,31.740713765477057,77.97742170429716,1355,77,2074.7936666682517,2390,31.87481804949054,499
615,0.05,-8735.353846153845,72.01,62.70294117647059,117.04485294117647,1279,79,4775.787905789614,2392,65.46556671449068,538
616,0.05,-6109.953846153847,48.166666666666664,41.399856938483545,91.52217453505007,1335,81,2579.906130349663,2393,41.70886981402003,215
617,0.05,-6276.661538461539,43.865,40.80383141762452,88.56091954022989,1280,77,2789.4780017280223,2393,40.89509954058193,745
618,0.05,-7497.276923076924,49.9,43.839533187454414,92.57476294675419,1287,73,3765.666280002216,2393,43.98468271334792,776
619,0.05,-8629.430769230768,65.41083333333333,55.47349570200573,108.78223495702005,1345,77,4950.036102188507,2393,55.689828080229226,222
620,0.05,-6233.507692307692,42.39666666666667,36.921323529411765,83.96911764705882,1333,74,2827.0739181830077,2393,37.02647058823529,411
621,0.05,-5410.723076923077,36.64083333333333,31.144756277695716,76.83234859675036,1321,79,1741.859508925501,2393,31.278434268833088,199
622,0.05,-6520.861538461539,48.104166666666664,43.394077448747154,93.68488990129082,1324,79,2895.469901598236,2393,43.52427921092565,415
623,0.05,-6471.784615384616,48.06666666666667,42.085011185682326,91.23042505592841,1338,77,2778.759948786013,2393,42.340044742729305,562
624,0.05,-7212.446153846153,59.33166666666666,51.36981402002861,99.5,1268,78,3782.5132008391265,2394,52.16094420600859,825
625,0.05,-4898.430769230769,39.745,35.06475349521707,81.48270787343635,1336,81,2123.4549367612126,2394,37.409860191317144,733
626,0.05,-7098.092307692307,51.535833333333336,44.49187592319055,94.07311669128508,1332,81,3621.523761713547,2394,44.656573116691284,141
627,0.05,-7156.56923076923,53.149166666666666,45.727069351230426,96.88888888888889,1344,76,3189.2968757720764,2394,46.65920954511559,576
628,0.05,-5336.846153846154,33.916666666666664,29.00435413642961,73.81277213352685,1408,75,2047.7286020369274,2394,29.116835994194485,440
629,0.05,-7082.800000000001,52.66166666666667,46.24765342960289,97.04548736462094,1344,77,3775.215077392526,2396,49.328091493924234,502
630,0.05,-6444.892307692307,45.54083333333333,40.86722306525038,89.87329286798179,1263,73,2700.4500222896927,2397,41.51593323216996,181
631,0.05,-6492.723076923077,57.12166666666667,46.58172362555721,96.03194650817237,1312,77,2705.583105664146,2397,51.05329385640267,209
632,0.05,-7388.923076923076,52.72833333333333,45.3886085075703,95.0057678442682,1327,76,3652.4271870679318,2399,45.562364816149966,704
633,0.05,-8076.3538461538465,73.14666666666666,64.09831254585474,125.56493030080705,1354,82,4600.891748251539,2401,82.11854545454545,245
634,0.05,-6449.523076923077,46.48166666666667,39.74172661870504,90.14892086330936,1345,74,2598.4576849050236,2402,41.60316319194824,392
635,0.05,-5315.261538461539,40.91166666666667,35.76559139784946,80.44874551971326,1348,77,2001.0212151837218,2404,36.14193548387097,313
636,0.05,-7095.769230769231,51.844166666666666,45.908037653874004,93.69370021723388,1335,75,3087.2241207594984,2404,46.22198120028923,869
637,0.05,-6352.476923076923,47.00083333333333,41.93382899628253,90.63048327137547,1327,78,3312.116847776251,2407,42.84795321637427,91
638,0.05,-6639.676923076923,48.560833333333335,43.34122871946706,90.39304219096965,1295,74,3021.1451359524954,2407,43.522575869726126,88
639,0.05,-5688.846153846154,37.4625,31.86107091172214,77.70332850940666,1373,75,2316.3817620117384,2408,31.995658465991315,572
640,0.05,-5145.307692307692,34.0525,29.28560885608856,75.09741697416975,1369,77,1837.058912122475,2408,29.377859778597784,821
641,0.05,-6651.092307692307,49.79666666666667,43.187948350071736,91.87302725968436,1325,76,3004.350804842397,2408,43.98852223816356,692
642,0.05,-6362.707692307692,48.170833333333334,41.714285714285715,92.28349370836418,1338,80,2515.180893484792,2408,41.943745373797185,486
643,0.05,-6115.16923076923,42.9175,38.10584752035529,85.56254626202812,1324,77,2860.9700838902468,2409,38.2020725388601,66
644,0.05,-7232.153846153846,54.848333333333336,46.72727272727273,94.34897360703812,1324,73,3242.5114070205864,2409,49.75834542815675,310
645,0.05,-5057.046153846154,38.2025,33.30276564774381,81.01164483260553,1346,80,2297.907779919464,2410,33.68122270742358,409
646,0.05,-5118.076923076924,38.29833333333333,33.27531882970743,80.2543135783946,1313,79,2404.3569000965367,2410,33.56939234808702,226
647,0.05,-6362.446153846155,52.76083333333333,47.9992503748126,97.53823088455772,1275,80,2786.3630494536487,2411,49.685157421289354,461
648,0.05,-7603.984615384616,57.505,50.40595497458243,101.13798111837328,1308,77,3702.524793142545,2411,50.54320987654321,835
649,0.05,-5853.861538461539,39.653333333333336,34.31447465099192,80.89199118295372,1349,75,2393.9663228800187,2411,34.58119030124908,441
650,0.05,-5891.107692307692,40.91833333333334,35.107551487414185,81.10983981693364,1303,75,3138.7551921698728,2411,35.24027459954233,248
651,0.05,-6771.3076923076915,50.641666666666666,43.82730627306273,93.76826568265683,1328,79,3007.138787379449,2411,44.80590405904059,187
652,0.05,-5702.261538461538,41.755,36.27040816326531,83.25291545189505,1343,80,2344.0907091171084,2411,36.366618075801746,849
653,0.05,-9063.476923076923,75.4875,67.02051282051282,122.76410256410256,1273,78,5089.2681825418,2412,78.01182197496523,135
654,0.05,-4930.7692307692305,34.51583333333333,29.957367240089752,75.07479431563202,1314,78,2080.4587095836114,2412,30.053103964098728,117
655,0.05,-6890.6923076923085,51.774166666666666,43.48334566987417,94.90229459659511,1314,76,3192.373087092528,2413,46.268689859363434,327
656,0.05,-7508.276923076922,54.6175,46.86534372785259,96.5570517363572,1336,78,3954.243362691964,2413,47.005669737774625,353
657,0.05,-5834.292307692307,42.30416666666667,36.46064139941691,85.13848396501457,1374,80,2438.489806259925,2414,36.65889212827988,613
658,0.05,-6817.907692307693,50.85333333333333,42.36918604651163,91.26017441860465,1351,77,2997.731073886389,2415,42.84095860566449,867
659,0.05,-5863.292307692309,43.663333333333334,39.58076634109692,87.1893313298272,1297,78,2663.173076460146,2415,39.664162283996994,723
660,0.05,-7327.446153846154,53.01583333333333,48.10411810411811,96.91219891219892,1250,75,3602.989528043687,2417,49.43065134099617,70
661,0.05,-4322.169230769231,29.050833333333333,25.053129548762737,69.19941775836972,1367,77,1625.4223112711095,2417,25.139636363636363,870
662,0.05,-5550.738461538462,39.056666666666665,34.2663723325975,79.25974981604121,1315,74,2396.50997477421,2417,34.356880058866814,275
663,0.05,-6073.292307692307,43.0975,37.3505376344086,84.59068100358422,1362,74,2333.6078253354394,2417,37.53333333333333,805
664,0.05,-7279.046153846153,57.34166666666667,48.35704225352113,100.8556338028169,1372,78,3707.0384513682156,2419,50.30239099859353,384
665,0.05,-5221.215384615385,41.68,39.26878388845856,86.64910921766072,1239,77,2459.9910120449986,2419,39.8288148721921,19
666,0.05,-5219.984615384616,39.8125,35.24630177514793,82.10872781065089,1313,78,1933.6819941074257,2419,36.49410029498525,419
667,0.05,-7268.676923076923,53.99333333333333,48.75677710843374,101.31927710843374,1276,76,4012.300027247729,2422,50.37003745318352,383
668,0.05,-6750.661538461538,50.10583333333334,41.38900634249472,90.0183227625088,1342,76,3392.3001848229146,2423,42.33497536945813,604
669,0.05,-4518.0,28.355833333333333,24.638032305433185,69.59104258443466,1374,73,1906.5560857503117,2424,24.73568281938326,838
670,0.05,-6700.153846153846,54.240833333333335,47.31386861313869,99.80656934306569,1332,78,3577.7163109565645,2425,48.91247264770241,759
671,0.05,-6392.446153846154,48.4925,41.816446402349484,90.61820851688694,1364,81,2851.065502444081,2425,41.90088105726872,800
672,0.05,-6647.092307692307,48.9725,43.02899628252788,90.59553903345724,1293,77,3048.9166889610747,2426,43.04415011037528,610
673,0.05,-4903.015384615384,34.5775,30.97858197932053,75.80945347119645,1315,77,1881.8814586524215,2427,31.078966789667895,770
674,0.05,-4457.784615384615,30.508333333333333,26.949886104783598,71.21412300683372,1302,79,1635.1010244458046,2428,27.041761579347,381
675,0.05,-8322.061538461538,62.365,53.08231046931408,107.96028880866426,1379,80,4294.351362650296,2428,53.87436823104693,846
676,0.05,-6483.953846153846,45.473333333333336,39.772826880934986,89.56975894813732,1355,76,3254.0534924236,2429,39.989773557341124,385
677,0.05,-6412.307692307692,47.79083333333333,42.3269654665687,92.39529757531227,1302,78,3179.4756391781207,2432,42.660543717854516,666
678,0.05,-6874.092307692308,46.11,42.05563909774436,90.09473684210526,1279,72,3151.462552482198,2433,42.178195488721805,742
679,0.05,-7351.630769230769,58.99916666666667,47.97776183644189,97.6506456241033,1376,75,3035.0449721492087,2433,55.77081850533808,678
680,0.05,-5455.461538461539,37.88333333333333,32.55699855699856,79.11327561327562,1370,79,2072.3409052141164,2433,32.64357864357864,322
681,0.05,-4667.63076923077,30.600833333333334,26.04730713245997,71.2721979621543,1361,78,1804.1580104774328,2434,26.15574963609898,175
682,0.05,-4173.553846153846,27.965,23.88929889298893,67.84132841328413,1322,77,1454.2498491839312,2434,23.997047970479706,815
683,0.05,-6508.923076923076,48.719166666666666,41.08473338203068,89.61650840029219,1346,82,2972.3379213473345,2434,41.36523009495983,363
684,0.05,-5433.876923076923,42.2375,38.421887390959554,84.59159397303728,1247,79,2073.8050405516924,2434,39.12034837688044,38
685,0.05,-6969.8153846153855,49.163333333333334,42.97995545657015,90.73422420193022,1329,77,3093.32525527389,2434,43.092798812175204,720
686,0.05,-7724.138461538462,61.03666666666667,52.37217514124294,103.49505649717514,1342,77,4073.1556633931805,2434,52.505649717514125,480
687,0.05,-6175.153846153846,43.090833333333336,36.258136094674555,83.86908284023669,1360,76,2417.46552217042,2434,36.380917159763314,395
688,0.05,-8218.523076923077,61.80416666666667,52.115708274894814,104.16619915848527,1346,81,4831.682524739723,2435,52.03414634146341,774
689,0.05,-6932.461538461539,53.2,46.72573529411765,95.20808823529411,1328,78,3187.672083968237,2435,46.82794117647059,810
690,0.05,-7332.630769230769,57.33,48.319134078212294,96.15782122905028,1361,71,3761.0125997071214,2436,49.864489228630994,247
691,0.05,-5290.384615384615,38.420833333333334,33.684671532846714,81.21897810218978,1313,76,2459.738748248245,2438,33.96861313868613,123
692,0.05,-5823.815384615385,42.87916666666667,36.07036247334755,83.86496090973704,1374,78,2278.8567296516826,2438,36.337597725657425,97
693,0.05,-6473.815384615385,46.46083333333333,40.47410649161196,85.70459518599563,1314,75,2095.970988328052,2439,40.65572574762947,573
694,0.05,-8700.292307692307,63.085,54.199710564399425,107.32489146164978,1380,81,4948.223265404387,2439,54.365412445730826,739
695,0.05,-5275.661538461539,37.88666666666666,32.74610244988864,79.42167780252413,1322,80,2115.3942044114306,2439,32.8634001484781,817
696,0.05,-5548.384615384615,40.065,34.58997050147492,79.85176991150442,1305,75,2406.046802280282,2439,35.608695652173914,35
697,0.05,-6049.830769230769,44.50833333333333,37.608098336948665,84.54519161243674,1365,74,2250.2552295178684,2439,37.94215473608099,341
698,0.05,-6558.430769230769,49.079166666666666,43.46811594202899,92.64855072463769,1331,79,3440.3319321297213,2440,43.59855072463768,396
699,0.05,-5955.384615384615,46.855,41.131208302446254,89.6767976278725,1367,79,2688.7633635581687,2440,42.96826568265683,128
700,0.05,-5605.907692307692,35.8475,31.06217616580311,77.0740192450037,1354,77,2262.097439043822,2442,31.106430155210642,445
701,0.05,-6748.523076923077,49.27916666666667,43.24925816023739,92.69881305637982,1338,76,2965.6213073913173,2442,43.3387573964497,36
702,0.05,-7192.015384615384,53.2425,46.34978229317852,97.49419448476053,1315,80,3266.7914938704075,2442,46.4967367657723,655
703,0.05,-7508.830769230769,52.81166666666667,44.339957416607525,94.3946061036196,1371,74,3602.136499285001,2443,44.56068133427963,797
704,0.05,-6472.415384615386,42.8275,36.53421633554084,83.56732891832229,1355,74,2918.9888703457095,2444,36.67402501839588,878
705,0.05,-6108.861538461539,50.035,44.325,90.38014705882352,1298,77,3253.1001424064875,2444,45.92218181818182,684
706,0.05,-5410.784615384615,35.5475,31.201793721973093,76.22122571001495,1317,76,2534.1480819879325,2449,31.319641523525018,202
707,0.05,-4450.138461538461,31.139166666666668,26.61075268817204,71.74336917562724,1373,79,1579.7173377331565,2455,26.74121863799283,785
708,0.05,-8214.153846153846,72.80833333333334,62.811487481590575,118.62960235640648,1294,80,4869.825292301071,2455,71.32556445739257,93
709,0.05,-6857.538461538463,53.02916666666667,46.167520117044624,96.11192392099488,1345,79,3225.5617972742903,2456,46.48646671543526,99
710,0.05,-5706.784615384616,41.535833333333336,34.84593232541397,82.83945284377249,1382,81,2745.7939038201953,2457,34.933765298776095,0
711,0.05,-5967.707692307693,47.403333333333336,41.349299926308035,88.60353721444362,1351,78,2322.491514254304,2457,42.19369038884813,243
712,0.05,-6542.953846153846,50.1525,41.39940608760208,89.88270230141055,1361,78,2925.5587945170596,2457,41.640682999257606,549
713,0.05,-4687.953846153846,37.95666666666666,34.23834586466165,80.02255639097744,1293,81,1877.3020098700217,2457,34.90827067669173,25
714,0.05,-6137.384615384615,49.02916666666667,43.50923872875092,90.16260162601625,1326,77,2257.4968514505063,2457,44.573391178597255,438
715,0.05,-5318.2307692307695,35.681666666666665,32.45148669796557,77.80985915492958,1292,77,2229.012813395186,2457,32.5962441314554,114
716,0.05,-5963.538461538462,49.285833333333336,42.576103500761036,91.04033485540334,1296,78,2959.4946850778947,2459,54.17186311787072,473
717,0.05,-6784.446153846154,53.33083333333333,46.83724340175953,95.19061583577712,1335,78,2867.1433768097622,2459,49.98037790697674,857
718,0.05,-6873.676923076922,45.350833333333334,38.809176984705026,85.78878368536053,1326,76,2514.7192966208627,2459,38.9278951201748,627
719,0.05,-4872.138461538461,32.833333333333336,28.777695716395865,73.89881831610045,1302,75,1938.829567378359,2461,28.885524372230428,864
720,0.05,-5440.246153846154,37.36083333333333,32.292466765140325,79.64549483013293,1336,79,2296.945559766741,2461,32.408419497784344,571
721,0.05,-6512.615384615385,46.833333333333336,39.76428054953001,87.5712219812003,1369,73,2404.3938024472245,2461,40.0527838033261,274
722,0.05,-5786.138461538462,40.44166666666667,35.97121771217712,83.76752767527675,1359,79,2429.4571599443793,2462,36.0929889298893,831
723,0.05,-8308.276923076923,63.335,55.002197802197806,112.12307692307692,1322,76,4902.280391554069,2464,55.917397660818715,476
724,0.05,-5409.538461538462,38.024166666666666,34.054074638233054,81.57806549885758,1308,78,2166.3349167052356,2464,34.15917745620716,673
725,0.05,-7053.076923076924,53.89416666666666,43.76989247311828,94.3663082437276,1400,77,3903.986476254689,2466,46.388134381701214,765
726,0.05,-9665.861538461539,80.67166666666667,67.23330887747616,127.91709464416728,1336,82,6233.86372552081,2466,81.37472766884531,691
727,0.05,-5075.461538461539,35.846666666666664,30.721863799283152,75.9899641577061,1380,76,1986.8726425926263,2466,31.09820788530466,741
728,0.05,-6449.123076923077,49.07666666666667,43.05653450807636,92.22687224669603,1320,78,3101.4703033304386,2466,43.33773861967695,517
729,0.05,-4587.861538461539,32.63333333333333,27.752525252525253,72.94516594516594,1389,80,1468.057365094828,2466,27.86940836940837,644
730,0.05,-5689.061538461539,41.36416666666667,35.55597014925373,81.63805970149254,1311,77,2875.973328457606,2466,35.65298507462686,698
731,0.05,-6610.876923076923,53.44583333333333,49.538823529411765,100.4486274509804,1237,78,3526.3449893021148,2467,54.19616858237548,738
732,0.05,-7313.646153846153,62.068333333333335,52.496062992125985,102.76306370794559,1340,75,3754.3412182874863,2467,58.769285714285715,356
733,0.05,-6897.56923076923,55.41166666666667,46.514694800301434,101.50263752825923,1373,79,3394.4441409199753,2467,61.59683496608892,594
734,0.05,-5509.430769230769,39.87833333333333,33.001477104874446,80.19719350073855,1358,80,2362.4843199555803,2467,33.715657311669126,404
735,0.05,-5964.16923076923,43.67,37.682944606414,85.966472303207,1386,78,2188.5427181395776,2467,37.852769679300295,475
736,0.05,-5383.338461538461,34.65416666666667,30.49850968703428,76.5424739195231,1340,76,2564.984910028862,2467,30.60387192851824,601
737,0.05,-5191.076923076924,37.17583333333334,31.769562096195262,77.05671213208902,1338,74,2896.545078484771,2467,32.216798277099784,671
738,0.05,-6485.876923076921,49.5975,44.681116825863334,92.78398236590742,1311,77,2643.26557782796,2468,44.75330396475771,116
739,0.05,-5729.938461538462,55.27583333333333,51.034351145038165,95.35114503816794,1265,76,2364.8930315748657,2468,58.708550185873605,686
740,0.05,-6226.692307692308,40.105,34.32049418604651,79.96293604651163,1363,76,2817.9959177658557,2468,34.45203488372093,458
741,0.05,-5951.046153846153,47.06166666666667,42.19463601532567,89.76858237547893,1307,77,2988.269964589033,2468,44.191424196018374,579
742,0.05,-7766.292307692308,62.21,52.56300072833212,108.4122359796067,1322,82,4389.2785146322885,2470,53.6693372177713,241
743,0.05,-6001.061538461539,42.3375,37.032822757111596,82.54485776805252,1341,70,2456.999466117393,2471,37.61532899493854,236
744,0.05,-6263.723076923077,44.1375,37.83584229390681,85.30179211469535,1382,76,2399.7682315708635,2471,38.214336917562726,74
745,0.05,-7406.076923076922,52.07333333333333,44.414756446991404,93.42478510028653,1370,78,4242.156895308608,2471,44.9054441260745,625
746,0.05,-6344.5230769230775,46.09166666666667,40.04229390681004,89.40358422939067,1329,78,3133.5261421971604,2472,40.16487455197132,463
747,0.05,-4815.400000000001,35.68666666666667,29.513970588235296,75.20808823529411,1358,82,1622.5309373134442,2472,29.845588235294116,468
748,0.05,-5971.4,39.939166666666665,36.054421768707485,82.62131519274377,1312,73,2868.040619723934,2473,36.29402872260015,139
749,0.05,-4860.3538461538465,32.95916666666667,29.043446244477174,75.34683357879234,1339,79,1845.9816839394928,2473,29.19219440353461,459
750,0.05,-6039.153846153847,47.87083333333333,42.713537771129396,91.48765893792071,1322,80,3242.927153311138,2474,43.224382946896036,442
751,0.05,-7773.323076923076,53.81583333333333,47.10441176470588,98.74338235294118,1354,81,4191.085456853522,2474,47.225,833
752,0.05,-7143.43076923077,51.321666666666665,43.07173601147776,90.1793400286944,1360,72,3336.013577464317,2475,43.19799139167862,593
753,0.05,-6588.0,48.16166666666667,41.19399707174232,89.47730600292826,1306,71,2785.525556762292,2477,41.38506588579795,136
754,0.05,-4486.415384615384,32.14333333333333,28.061481481481483,73.17777777777778,1327,82,1614.0005985056173,2477,28.17703703703704,773
755,0.05,-6574.984615384616,50.583333333333336,43.16428571428571,94.29571428571428,1380,73,2741.9350139600197,2480,52.372355430183354,122
756,0.05,-7291.4,51.83833333333333,43.665207877461704,94.62873814733771,1377,79,3830.242049291168,2480,43.78264040846098,278
757,0.05,-8818.953846153847,67.3375,56.90671378091873,109.33074204946996,1345,77,4777.256967357112,2480,59.00282685512367,115
758,0.05,-6341.3538461538465,46.20166666666667,39.978339350180505,90.41083032490975,1369,75,2977.979745692992,2480,40.42671480144404,95
759,0.05,-5718.692307692307,38.57333333333333,33.462104488594555,79.51434878587196,1312,74,2788.0494002904543,2481,33.553676470588236,437
760,0.05,-6379.923076923076,46.22833333333333,39.22075055187638,87.84253127299485,1331,77,2898.8969904158025,2481,41.094545454545454,41
761,0.05,-6675.753846153846,48.3,39.305821665438465,89.06853352984524,1333,76,3050.573059156585,2481,40.05674281503316,48
762,0.05,-6950.815384615385,51.88583333333333,44.566523605150216,93.3032904148784,1349,74,2782.5460577902763,2481,44.806151645207436,163
763,0.05,-6172.799999999999,40.20333333333333,35.66059225512529,83.4677296886864,1327,75,2624.5536997034687,2481,35.7630979498861,138
764,0.05,-5668.030769230769,45.0575,38.59730113636363,88.51775568181819,1354,82,3202.2380656183577,2482,38.91619318181818,454
765,0.05,-4772.553846153846,31.886666666666667,28.415797317436663,72.81296572280179,1320,75,1697.365731719486,2482,28.49404761904762,581
766,0.05,-6756.015384615384,43.780833333333334,37.29482370592648,84.63165791447862,1338,71,3163.332736128884,2482,37.62818590704648,9
767,0.05,-5450.015384615384,38.026666666666664,33.236959761549926,79.85692995529061,1347,77,1881.070829137184,2482,33.38301043219076,57
768,0.05,-5724.723076923077,46.23916666666667,41.88982402448355,93.26243305279266,1293,78,2754.0992774739902,2484,42.5026778882938,205
769,0.05,-6549.907692307692,44.52916666666667,37.643484626647144,86.34407027818447,1391,71,2779.3746392505727,2484,38.01537335285505,713
770,0.05,-6711.153846153847,45.223333333333336,38.748363636363635,87.19054545454546,1353,77,3334.875068926756,2484,38.848727272727274,56
771,0.05,-5470.430769230769,44.38916666666667,39.678358208955224,87.05970149253731,1277,80,2542.3649895544318,2484,40.41610738255034,302
772,0.05,-6905.153846153846,46.64666666666667,40.57700810611643,88.61827560795874,1337,70,2954.502821595058,2484,43.283714075165804,307
773,0.05,-5410.276923076924,36.9375,31.558951965065503,77.84425036390103,1381,74,2229.338949995605,2485,31.689956331877728,297
774,0.05,-7945.999999999999,54.8775,48.17125837676843,100.47207743857037,1330,74,5342.082112506014,2486,48.28145941921072,140
775,0.05,-6107.4,41.55916666666667,35.215395480225986,82.66313559322033,1408,73,2569.9776833217743,2487,35.369350282485875,795
776,0.05,-6432.830769230768,45.920833333333334,39.47067342505431,87.23099203475742,1361,76,3322.1545186333246,2487,39.59739319333816,521
777,0.05,-6970.261538461538,47.81916666666667,41.542568542568546,90.62842712842713,1370,76,3747.4182003199417,2487,41.66017316017316,17
778,0.05,-6527.0615384615385,43.318333333333335,38.48459804658152,84.94966190833959,1288,71,3361.5341177068744,2488,38.960180315552215,494
779,0.05,-4587.7692307692305,31.165,28.87432117920869,73.1621411947246,1279,78,1905.1562142418056,2488,28.975950349107837,31
780,0.05,-4810.3538461538465,31.760833333333334,28.36997725549659,72.83472327520849,1310,72,1754.639747670116,2488,28.467020470053072,147
781,0.05,-6860.307692307693,46.86333333333334,40.86720469552458,89.48716067498165,1338,77,3197.1857444185525,2488,41.120322817314744,680
782,0.05,-5324.415384615384,35.835,32.47380239520958,78.29790419161677,1304,79,2688.4772622866826,2489,32.58233532934132,30
783,0.05,-5407.861538461538,39.26833333333333,35.32702498107494,81.70628311884936,1315,76,2130.4312446849212,2490,35.448145344436035,567
784,0.05,-6667.400000000001,51.33583333333333,45.48153618906942,94.61816838995568,1302,80,3256.377355220262,2492,45.59356725146199,470
785,0.05,-6345.907692307693,46.751666666666665,39.343772760378734,87.61689730517116,1424,77,2781.209867031054,2492,39.447924253459576,514
786,0.05,-5600.953846153847,40.490833333333335,35.69911504424779,82.91519174041298,1319,75,2282.0320637200693,2492,35.85545722713864,101
787,0.05,-6283.676923076923,47.5575,39.27608232789212,88.41731724627395,1388,76,2526.5716332992465,2493,39.48828956706884,331
788,0.05,-7595.830769230769,71.97416666666666,57.911284599006386,111.82966643009226,1310,81,4768.401333350211,2494,67.43718949609652,15
789,0.05,-6900.630769230769,48.314166666666665,42.75164835164835,92.26080586080586,1344,72,3448.9268466449635,2495,43.04468864468865,456
790,0.05,-5678.338461538462,41.01416666666667,34.208454810495624,79.64285714285714,1301,80,2022.6555728085546,2495,34.32434402332362,652
791,0.05,-7060.538461538461,55.068333333333335,45.02873986735446,97.39941046425939,1333,83,3720.8273627566423,2495,45.72534696859021,159
792,0.05,-5642.615384615385,36.541666666666664,32.280857354028086,79.87065779748707,1345,77,2602.4235981779448,2496,32.402069475240204,191
793,0.05,-6685.107692307693,45.8325,40.49884881043745,86.2854950115119,1290,70,2815.6427192113756,2498,40.587605202754396,110
794,0.05,-7480.015384615384,60.53,47.96544574982723,96.50241879751209,1379,75,4170.178465218584,2498,49.83791208791209,507
795,0.05,-7557.015384615386,53.445,45.49067431850789,96.16642754662841,1382,70,3435.2789948613254,2500,51.806315789473686,178
796,0.05,-6562.738461538462,50.60583333333334,46.727975270479135,92.85857805255023,1232,77,3272.292725162811,2501,46.84775888717156,707
797,0.05,-5765.661538461538,38.1325,32.57852447041636,80.30606281957634,1364,77,2600.43603077184,2501,32.88239590942294,580
798,0.05,-4833.676923076923,38.041666666666664,31.208670095518002,78.00440852314475,1335,79,2223.3901472439184,2502,33.41440117560617,709
799,0.05,-6639.907692307692,41.1625,35.26886446886447,81.15091575091576,1358,70,3272.2196058933287,2504,35.375091575091574,254
800,0.05,-7151.707692307693,61.33833333333333,54.23641703377386,106.74375917767988,1320,77,4344.864167065248,2505,57.61160058737151,515
801,0.05,-7103.092307692306,48.79083333333333,43.14947683109118,91.33707025411061,1282,76,4096.260518763053,2505,43.28176382660688,405
802,0.05,-5769.584615384615,41.5675,37.62016679302502,84.40788476118271,1272,79,3380.48898592768,2505,37.76269901440485,771
803,0.05,-8031.953846153847,63.405833333333334,54.881454545454545,107.22690909090909,1335,80,3932.1103704479,2506,55.02036363636363,578
804,0.05,-5188.246153846154,37.0,32.990276738967836,78.33582647718774,1287,78,2636.584834391698,2509,33.109947643979055,767
805,0.05,-6428.43076923077,56.626666666666665,48.66341829085457,97.75862068965517,1276,78,2973.7302196256437,2510,50.670149253731346,591
806,0.05,-5648.923076923077,42.086666666666666,36.17737226277372,82.13211678832117,1317,80,2398.117864144621,2510,36.2970802919708,751
807,0.05,-5838.5230769230775,41.88333333333333,36.509875640087785,83.23408924652524,1366,76,2674.7654894173716,2510,37.19678127286028,703
808,0.05,-6599.076923076924,46.748333333333335,42.025925925925925,90.14666666666666,1300,75,2920.438413786304,2512,42.14940828402367,840
809,0.05,-6387.815384615385,51.229166666666664,43.52575107296137,93.35050071530758,1288,78,2801.173566449848,2512,43.629470672389125,768
810,0.05,-6109.461538461539,43.9275,37.63923585598825,85.34680382072006,1348,79,2586.6246181374086,2512,37.715859030837,315
811,0.05,-6279.384615384615,40.37083333333333,35.32446415373245,81.26311899482631,1324,72,2497.57175541018,2514,35.43606799704361,430
812,0.05,-4909.323076923077,32.32666666666667,28.175543885971493,73.19654913728432,1354,72,1835.1211012881406,2516,28.278319579894973,852
813,0.05,-5564.6461538461535,37.3525,33.161961367013376,78.39004457652302,1328,75,2788.6226882076357,2516,33.26523031203566,78
814,0.05,-6696.707692307692,46.04666666666667,39.551699204627624,87.74837310195228,1365,78,2940.498259989228,2516,39.702819956616054,836
815,0.05,-5323.615384615385,44.61083333333333,37.81851579720794,83.91550330639235,1347,79,1989.0488162712988,2516,38.150624540778836,422
816,0.05,-6031.4,44.31583333333333,38.664697193500736,85.8914327917282,1306,80,2471.434346169495,2517,38.73746312684366,687
817,0.05,-5466.799999999999,41.843333333333334,36.85807860262009,84.04512372634643,1355,81,2997.4632683005243,2518,37.04221251819505,203
818,0.05,-5409.676923076922,39.2625,35.96622152395915,83.81068342498037,1273,78,2227.650777369865,2518,36.14061272584446,876
819,0.05,-5065.569230769232,41.59583333333333,38.505392912172574,83.97457627118644,1248,80,2407.5512017441633,2519,38.76040061633282,90
820,0.05,-6115.246153846154,40.3175,36.170517928286856,84.86135458167331,1309,80,3189.36691599641,2521,36.4996015936255,754
821,0.05,-6049.230769230769,40.37083333333333,34.93166287015946,83.68337129840546,1343,75,2771.9480459719903,2521,35.03416856492027,556
822,0.05,-8088.707692307692,74.74416666666667,65.80561555075595,119.65010799136068,1315,76,4986.668465136747,2521,66.17765042979943,154
823,0.05,-5955.415384615384,43.060833333333335,38.54270986745214,87.100147275405,1316,78,3459.651480951011,2522,38.81737849779087,358
824,0.05,-4913.538461538461,36.26833333333333,31.702962962962964,76.56962962962963,1327,77,1989.6401666259098,2522,31.833333333333332,516
825,0.05,-5166.199999999999,34.288333333333334,29.589855072463767,73.8623188405797,1355,74,2159.660355588225,2523,29.71014492753623,47
826,0.05,-6468.846153846154,40.22416666666667,34.57485465116279,80.16279069767442,1370,70,2938.0669849898272,2523,34.698401162790695,487
827,0.05,-7859.215384615385,47.6425,41.39601769911504,90.35545722713864,1343,71,4293.146683211283,2526,41.50516224188791,285
828,0.05,-5701.138461538461,41.525,36.10938654841094,83.38433111603844,1268,78,2696.044808352,2527,36.20959409594096,195
829,0.05,-4382.092307692307,27.7025,24.588502269288956,68.34947049924357,1314,77,1973.9271069476297,2528,24.695158850226928,637
830,0.05,-6754.83076923077,51.04083333333333,43.70609579100145,92.14150943396227,1325,78,2974.107324401686,2528,44.12119013062409,305
831,0.05,-7379.261538461538,53.776666666666664,45.2218073188947,94.35772964899178,1341,71,4129.185305142855,2531,48.35324869305452,889
832,0.05,-7632.107692307693,59.638333333333335,48.56396669190008,96.66161998485995,1322,71,3721.3789320222636,2531,56.21138211382114,761
833,0.05,-6489.553846153845,43.5325,37.016594516594516,85.47907647907648,1377,74,2961.1210655048503,2533,37.10526315789474,607
834,0.05,-7694.753846153845,54.48916666666667,44.44632768361582,96.11935028248588,1403,74,4066.462203950556,2534,44.75847457627118,10
835,0.05,-8529.43076923077,62.6825,51.25246132208157,104.0210970464135,1353,71,4610.501392417034,2534,51.69501054111033,898
836,0.05,-6097.615384615385,42.14666666666667,36.17743080198723,80.5166784953868,1334,72,2176.3806767889414,2534,36.67535211267606,157
837,0.05,-5182.4,35.20583333333333,29.96704119850187,75.38426966292135,1302,73,2158.9880604750615,2534,30.062921348314607,725
838,0.05,-5815.800000000001,40.50416666666667,35.51029411764706,80.89558823529411,1310,77,2472.683690102251,2534,35.60073529411765,858
839,0.05,-4571.415384615384,29.423333333333332,25.815151515151516,70.29545454545455,1319,78,1853.0346269867466,2536,25.94469696969697,550
840,0.05,-8180.461538461539,68.7325,58.27121102248006,109.99419869470631,1338,76,4013.272657125297,2536,64.79131054131054,873
841,0.05,-6059.646153846154,43.3525,36.792873051224944,84.10690423162583,1365,78,2913.0903950412203,2536,36.91172106824926,696
842,0.05,-6050.5230769230775,43.733333333333334,37.969498910675384,85.80973129992738,1353,80,2622.5756354196683,2536,38.11837327523602,76
843,0.05,-8179.569230769231,65.73916666666666,58.780832095096585,108.62481426448737,1307,73,3824.863494273829,2536,59.37518573551263,311
844,0.05,-5824.553846153845,41.52583333333333,36.10635260528194,81.33261955745895,1318,75,2647.668020760901,2540,36.3661670235546,350
845,0.05,-7247.3076923076915,48.405,42.12620638455828,90.93021529324425,1345,77,3830.7747001610064,2540,42.213066072754266,417
846,0.05,-8033.723076923077,58.9225,51.59694989106754,101.69135802469135,1309,75,4069.831836596507,2540,51.97679477882524,807
847,0.05,-5508.492307692308,40.78,34.55555555555556,80.95698924731182,1348,80,2223.6905252382994,2540,34.70967741935484,855
848,0.05,-6079.6923076923085,50.87416666666667,45.754160363086235,93.16187594553706,1299,77,2806.4120636951,2540,55.495245062179954,639
849,0.05,-7452.6,55.6725,50.907248636009356,103.72330475448169,1290,79,4112.743405138389,2543,50.99532346063913,390
850,0.05,-7477.476923076923,52.8275,46.76176683562636,96.19478638667633,1342,77,4699.3231540392935,2545,46.90376266280752,820
851,0.05,-7014.307692307692,48.3575,42.752360203340594,90.55047204066813,1335,73,3590.3504604401805,2545,42.878721859114016,371
852,0.05,-4468.184615384615,29.898333333333333,27.546493902439025,71.35442073170732,1286,77,1900.0382667096767,2545,27.632621951219512,14
853,0.05,-5757.430769230769,44.06583333333333,39.06807866868381,88.36157337367625,1306,74,2752.9563547642383,2546,41.39712556732224,743
854,0.05,-6053.523076923077,44.79,39.76165803108808,85.75573649148778,1285,74,2390.1864252345613,2547,40.652849740932645,265
855,0.05,-5216.569230769231,34.72666666666667,30.435399551904407,76.06796116504854,1335,75,2056.6483729321158,2548,30.533233756534727,541
856,0.05,-6879.338461538461,48.784166666666664,40.37157287157287,86.98412698412699,1332,74,2992.909443803216,2548,40.60894660894661,317
857,0.05,-6236.446153846154,39.0575,34.133960897900074,79.24185372918176,1326,70,2762.2128549512877,2548,34.22881969587256,359
858,0.05,-5546.400000000001,38.48583333333333,32.17507204610951,78.18731988472622,1347,75,2304.578892337807,2549,32.315561959654175,762
859,0.05,-5374.969230769231,37.034166666666664,30.976608187134502,76.1593567251462,1353,75,2751.4523895733337,2549,31.194444444444443,884
860,0.05,-8419.86153846154,65.34833333333333,59.33383121732636,111.77371172516804,1308,78,5084.860446064891,2549,59.91187453323376,453
861,0.05,-5598.923076923076,41.840833333333336,38.37263794406652,84.26303854875283,1316,74,2256.7584443920427,2549,40.026355421686745,621
862,0.05,-6227.538461538461,42.74916666666667,37.50879765395894,84.69208211143695,1333,77,3290.657545726052,2550,37.72947214076246,332
863,0.05,-6977.184615384616,45.39416666666666,37.04783950617284,83.32947530864197,1321,71,2936.4912155405195,2550,38.50617283950617,697
864,0.05,-7379.276923076923,59.59166666666667,53.776234567901234,106.28626543209876,1297,73,4202.205989239221,2550,56.43132716049383,705
865,0.05,-6953.492307692309,55.399166666666666,48.44253731343284,98.44029850746269,1286,74,3351.432351040226,2550,58.854826823876195,827
866,0.05,-6520.846153846154,50.68083333333333,42.74302075876879,88.48675733715103,1379,69,3046.9157522681,2552,47.48414376321353,269
867,0.05,-10071.061538461538,78.83916666666667,68.20131771595901,125.92020497803807,1291,80,6339.360588288891,2552,72.4901547116737,552
868,0.05,-6210.200000000001,46.6975,41.24835646457268,87.44850255661066,1314,73,2892.9422175209393,2553,44.97881665449233,149
869,0.05,-6072.292307692307,50.458333333333336,43.63165905631659,92.30669710806697,1269,77,2632.4833746978493,2554,44.39421613394216,148
870,0.05,-6287.16923076923,47.83833333333333,41.10666666666667,87.41333333333333,1348,75,2168.7687840898056,2554,42.826440177252586,344
871,0.05,-6396.969230769231,46.030833333333334,38.78857142857143,85.82928571428572,1328,76,3092.8000396986927,2554,38.8830242510699,79
872,0.05,-5969.215384615385,40.58,34.87959625090122,79.96322999279019,1350,71,3009.696279174715,2556,34.971902017291065,672
873,0.05,-6418.784615384616,43.905833333333334,38.79851851851852,87.1637037037037,1310,75,2861.5920751715157,2556,39.01183431952663,585
874,0.05,-4530.538461538462,29.424166666666668,26.197718631178706,70.8296577946768,1314,76,1684.1097605108178,2556,26.31102661596958,270
875,0.05,-7820.400000000001,63.0225,53.8665191740413,109.74778761061947,1290,79,3960.2218414420513,2556,57.07388441843453,330
876,0.05,-5548.753846153846,40.531666666666666,33.787343635025756,82.90139808682855,1381,80,1685.7586565220736,2556,34.16029411764706,609
877,0.05,-5855.569230769231,38.486666666666665,33.141391941391944,78.84468864468865,1354,73,2439.3301874247204,2557,33.24688644688645,303
878,0.05,-6413.261538461538,45.37916666666667,42.0686198920586,88.98380878951427,1251,71,2659.692191143207,2557,42.21202775636083,848
879,0.05,-5664.276923076923,39.034166666666664,33.40620384047267,78.82939438700147,1354,72,2437.625724854907,2557,33.49151291512915,272
880,0.05,-9572.753846153846,82.66666666666667,68.805811481219,125.57476966690291,1371,80,5889.754924412537,2558,69.12048192771084,424
881,0.05,-8974.692307692309,69.49,56.75214899713467,111.02578796561605,1351,78,4619.839063034185,2560,56.90765926986399,669
882,0.05,-9007.4,68.61333333333333,54.57413914265636,107.76458186929023,1395,76,5165.316950946423,2561,62.57192737430167,8
883,0.05,-6781.969230769231,53.026666666666664,46.178803172314346,96.65104542177362,1327,77,3187.1199034744263,2563,48.813266041816874,255
884,0.05,-6884.83076923077,48.1825,41.021908127208484,88.16749116607774,1354,78,3246.694630592603,2564,41.13912429378531,818
885,0.05,-9690.4,71.45333333333333,61.47214076246334,116.83137829912023,1317,71,5707.028439597209,2566,63.08797653958944,582
886,0.05,-6876.046153846153,51.685,45.08490566037736,96.61030478955007,1349,83,3708.575777422725,2566,45.24455732946299,289
887,0.05,-6557.6461538461535,44.931666666666665,36.66421207658321,84.94771723122238,1340,78,3065.8380547538745,2566,36.790868924889544,794
888,0.05,-6556.707692307692,46.02916666666667,41.25131282820705,91.2768192048012,1344,78,3415.062528856527,2566,41.408852213053265,482
889,0.05,-6866.507692307692,49.784166666666664,43.945809248554916,94.50650289017341,1342,78,3805.080221789951,2566,44.4371387283237,59
890,0.05,-6286.707692307693,44.098333333333336,36.432451253481894,84.22353760445682,1391,77,3765.6463709433665,2566,36.55292479108635,263
891,0.05,-6900.6,49.10666666666667,41.966211358734725,91.76563623292596,1379,71,2923.9281917675717,2566,44.4,144
892,0.05,-7488.461538461537,48.97416666666667,42.81519357195033,91.48064280496713,1368,75,4319.039607841299,2566,42.90650109569029,782
893,0.05,-5140.384615384615,33.185833333333335,29.41075429424944,75.09111277072442,1335,78,3155.9298395148758,2568,29.485436893203882,569
894,0.05,-6477.0,59.58166666666666,48.791666666666664,99.48538011695906,1293,80,3547.755292341695,2568,56.39468008626887,804
895,0.05,-7158.123076923077,53.846666666666664,48.171783625730995,97.58698830409357,1293,74,3659.112501660464,2569,48.32748538011696,711
896,0.05,-5997.446153846154,44.37416666666667,38.99780861943024,84.91161431701973,1285,77,2780.6392293710524,2569,39.16508400292184,54
897,0.05,-5564.353846153846,35.83416666666667,31.14179104477612,76.15522388059702,1331,71,2301.963892248874,2570,31.246268656716417,261
898,0.05,-6221.723076923077,39.74666666666667,34.75221893491124,80.56656804733728,1290,74,3102.8615744808108,2570,34.844674556213015,659
899,0.05,-6461.461538461539,40.295,34.550037622272384,80.49736644093304,1306,72,2904.780328350594,2572,34.6418359668924,760
