episode,epsilon,total_reward,avg_queue,avg_wait_s,avg_travel_s,throughput,switches,td_loss,q_table_states,avg_delay_s,traffic_seed
0,1.0,-13772.153846153844,84.34583333333333,131.8445171849427,243.33060556464812,621,77,nan,,337.6172607879925,802
1,0.9945,-12538.93846153846,83.24833333333333,135.6671469740634,249.80115273775215,649,79,nan,,288.98840321141836,268
2,0.989,-12942.96923076923,81.0425,116.07069219440353,228.22238586156112,671,78,nan,,308.49640287769785,153
3,0.9835,-11492.307692307691,61.64,79.1122071516646,193.2774352651048,786,77,0.3864719748783717,,228.57737556561085,738
4,0.9781,-13260.753846153846,83.70583333333333,130.81626506024097,240.8012048192771,617,77,0.17894951850931373,,330.57956600361666,557
5,0.9726,-11864.661538461538,69.0075,108.10993975903614,217.69427710843374,673,80,0.046502952843809064,,285.62546125461256,459
6,0.9673,-12261.307692307691,78.95166666666667,123.71929824561404,228.86111111111111,658,79,0.012908906369898185,,292.1348416289593,842
7,0.9619,-11760.23076923077,73.335,106.48728246318608,218.63989290495314,675,76,0.011575095422434208,,260.38195077484045,888
8,0.9566,-11815.723076923077,67.09916666666666,99.5445816186557,207.42798353909464,694,76,0.010933455420407275,,244.0018066847335,696
9,0.9513,-12659.907692307694,75.3025,101.7360097323601,221.8625304136253,750,74,0.006709130284368907,,210.5018315018315,757
10,0.946,-10740.73846153846,60.84,83.60591133004927,185.98399014778326,760,77,0.009764538978293191,,235.0818661971831,331
11,0.9408,-11550.476923076923,73.20416666666667,110.32249322493224,219.87262872628727,663,78,0.007891881547598923,,242.19077757685352,377
12,0.9356,-10715.43076923077,60.17333333333333,75.25522041763341,184.3863109048724,834,78,0.010347886387972162,,202.73529411764707,807
13,0.9304,-9650.046153846153,56.954166666666666,82.74045801526718,180.77989821882952,746,80,0.009153553753192626,,206.3573407202216,32
14,0.9253,-12417.815384615385,73.92833333333333,109.36982643524699,211.890520694259,679,74,0.009631424535234778,,252.50045662100456,484
15,0.9202,-11316.10769230769,70.5,102.17066666666666,212.72133333333332,709,77,0.010399143318795196,,271.3327305605787,724
16,0.9151,-11734.523076923077,76.42583333333333,121.01384615384616,222.41076923076923,632,77,0.01069468340289126,,296.87924528301886,717
17,0.91,-11435.507692307692,63.63,83.12089201877934,197.7781690140845,817,78,0.011560775760964585,,177.81917808219177,418
18,0.905,-12945.876923076925,73.88666666666667,107.0955497382199,217.60078534031413,751,76,0.011660880233388762,,266.83184257602863,154
19,0.9,-11218.707692307693,58.30583333333333,77.93893129770993,183.74427480916032,796,75,0.012801626007309542,,214.92485549132948,410
20,0.895,-12350.23076923077,74.8725,104.94054054054054,219.12432432432433,722,78,0.012601375091852886,,284.46666666666664,163
21,0.89,-13044.13846153846,76.5775,107.87359550561797,223.36095505617976,699,77,0.013088837733636293,,299.180052956752,795
22,0.8851,-11798.892307692307,71.19333333333333,93.79277108433735,207.04578313253012,786,77,0.014141132909965812,,232.72727272727272,263
23,0.8802,-10346.692307692307,51.916666666666664,68.47093712930013,173.33333333333334,818,77,0.01481080459309033,,156.5837187789084,186
24,0.8753,-8922.784615384615,49.765,67.65408038976858,157.23873325213154,799,78,0.015030967211404116,,191.81642066420665,771
25,0.8705,-12271.830769230768,67.80416666666666,82.86641697877653,192.05118601747816,792,79,0.014095376100047621,,234.24231464737795,262
26,0.8657,-10608.846153846154,65.74916666666667,93.11181702668361,207.92503176620076,731,83,0.014688979517743294,,250.3339317773788,640
27,0.8609,-11861.753846153846,57.759166666666665,70.328,186.12685714285715,865,75,0.014989305518876912,,199.3119266055046,23
28,0.8561,-11358.123076923079,65.43416666666667,89.77383863080685,198.46332518337408,774,78,0.015352166612369116,,228.93179880647912,235
29,0.8514,-10047.723076923077,58.82333333333333,73.59085963003264,180.13275299238302,833,80,0.014943729004330868,,180.64836138175377,791
30,0.8467,-9939.092307692306,55.950833333333335,67.93548387096774,166.9873271889401,821,76,0.01564843734504231,,190.60691537761602,152
31,0.842,-11549.984615384616,62.34583333333333,81.6,196.1168674698795,803,77,0.016451554810360883,,208.0622140896615,204
32,0.8373,-10764.123076923075,60.285,77.33255542590432,180.36756126021004,803,78,0.015871521466196564,,214.60692102928127,225
33,0.8327,-9768.969230769231,55.608333333333334,73.61702127659575,169.24822695035462,802,79,0.01753025857390037,,182.3281393217232,231
34,0.8281,-11158.923076923078,61.233333333333334,76.29808773903262,184.33520809898764,854,77,0.01688182234504706,,201.3126660761736,568
35,0.8235,-12495.923076923078,68.84583333333333,86.34505208333333,204.81510416666666,769,80,0.018671383313231718,,273.0188340807175,169
36,0.819,-10411.923076923078,60.69833333333333,83.56617647058823,188.36642156862746,802,79,0.018295409202880572,,219.4143897996357,380
37,0.8144,-8937.36923076923,52.28333333333333,66.50379198266522,151.65655471289273,838,76,0.01869394476205045,,144.1829596412556,731
38,0.8099,-10398.861538461539,57.79833333333333,79.27743526510481,179.28360049321824,776,79,0.018650657631495014,,221.0697463768116,634
39,0.8054,-8999.507692307692,53.08583333333333,69.82915717539863,153.06605922551253,811,78,0.01949323006697235,,182.20338983050848,870
40,0.801,-10685.046153846155,46.86333333333334,55.95108077360637,164.31171786120592,884,78,0.019285517494826,,186.49328558639212,274
41,0.7966,-11026.446153846155,62.71,82.79928315412187,182.2520908004779,791,77,0.01905283907676544,,207.15578358208955,533
42,0.7922,-9818.984615384616,51.2675,64.5158817086528,162.09419496166484,860,75,0.01943747088507968,,147.18953068592057,761
43,0.7878,-8873.107692307693,48.01916666666666,62.66105499438833,161.10213243546576,858,77,0.020135375730351204,,172.44364937388193,522
44,0.7834,-7927.430769230768,35.79833333333333,47.13348676639816,134.0391254315305,868,75,0.019909779606285406,,133.67683508102957,851
45,0.7791,-10924.538461538461,61.490833333333335,87.68913857677903,194.46441947565543,810,77,0.020258971590326427,,204.59355416293644,44
46,0.7748,-8787.892307692307,43.29416666666667,53.534013605442176,143.88208616780045,871,75,0.020483606536673526,,168.5735294117647,765
47,0.7705,-10395.153846153846,64.54333333333334,91.04181600955795,196.0011947431302,774,80,0.019713481003825008,,183.54361233480176,563
48,0.7662,-9838.615384615385,54.77916666666667,69.24915062287656,170.6885617214043,823,80,0.02090502287275268,,169.03197158081704,552
49,0.762,-9772.676923076922,48.26416666666667,59.40582959641256,170.9248878923767,854,79,0.020711188072396,,182.81182795698925,489
50,0.7578,-11186.261538461538,58.29,77.25572979493366,189.44028950542824,827,79,0.020989484830402725,,208.90162454873646,853
51,0.7536,-9444.953846153847,65.94333333333333,89.70257611241217,192.86651053864168,797,82,0.021534521363571563,,164.55764075067023,886
52,0.7494,-7058.400000000001,39.73,51.77525539160045,135.27695800227013,853,77,0.02220562925687248,,112.86577181208054,449
53,0.7453,-10761.615384615385,57.515,75.62108922363846,192.62108922363848,824,79,0.021887623355873655,,160.88056872037916,658
54,0.7411,-9225.123076923077,49.80583333333333,63.04506699147381,150.6041412911084,814,76,0.021157084475828564,,196.70859728506787,703
55,0.737,-10349.815384615384,59.785833333333336,74.65521064301552,183.87361419068736,843,78,0.020404537301192183,,177.4394341290893,665
56,0.733,-11491.138461538463,63.215,82.85943279901356,197.75955610357585,787,79,0.020816040148299145,,217.6780128794848,602
57,0.7289,-8505.415384615386,42.14,51.71271929824562,137.33223684210526,881,71,0.021428574589821926,,135.45078196872126,191
58,0.7249,-7692.584615384614,42.410833333333336,53.63657142857143,137.44685714285714,871,75,0.01996319613093764,,158.3132420091324,673
59,0.7209,-11013.276923076923,64.48833333333333,92.32675709001234,202.0086313193588,737,78,0.020941567219151736,,210.57857142857142,895
60,0.7169,-6952.292307692307,35.16416666666667,45.47451868629672,130.2638731596829,857,77,0.021391107135482108,,128.1611374407583,824
61,0.7129,-10158.861538461539,48.09,61.224654377880185,178.78571428571428,831,79,0.02199716727305465,,182.7433155080214,375
62,0.709,-7992.923076923078,46.42333333333333,61.346545866364664,153.42695356738392,808,78,0.021792430792777557,,156.62191780821917,615
63,0.705,-9821.83076923077,52.208333333333336,70.49521531100478,161.19617224880383,822,74,0.021087412149388484,,181.25954198473283,16
64,0.7011,-7567.830769230769,39.235,47.92939936775553,144.61854583772393,897,80,0.02007907966324538,,137.16272965879264,832
65,0.6973,-7378.953846153846,36.3375,43.80656506447831,127.32121922626025,882,77,0.0200784062752252,,188.33882783882783,49
66,0.6934,-7773.215384615385,40.439166666666665,51.3304347826087,133.99021739130436,909,73,0.01978185206756367,,123.51333946642134,304
67,0.6896,-8717.830769230768,45.82333333333333,54.609839816933636,151.8821510297483,880,80,0.019593746136147592,,189.52297794117646,798
68,0.6858,-9764.507692307692,53.18,66.12595837897042,153.947426067908,851,73,0.019647898951020346,,157.275956284153,159
69,0.682,-7683.830769230769,39.909166666666664,47.50856531049251,132.78051391862954,927,77,0.019923748020878883,,131.47759856630825,564
70,0.6782,-10812.753846153846,52.36833333333333,68.98197115384616,181.4314903846154,836,77,0.020269692661351785,,188.0274223034735,613
71,0.6744,-10420.984615384616,52.553333333333335,68.23250564334086,177.1625282167043,848,75,0.01936630337270103,,184.05224564619616,185
72,0.6707,-10691.353846153845,62.23416666666667,81.20138888888889,192.12384259259258,816,78,0.019329085142778,,194.12866015971605,692
73,0.667,-8685.923076923078,46.45666666666666,56.56215621562156,153.75907590759076,884,78,0.019302002786105506,,129.65254237288136,73
74,0.6633,-8840.753846153846,49.413333333333334,62.28410372040586,149.16459977452087,833,73,0.019398008446826952,,149.59906103286386,514
75,0.6596,-7043.707692307693,39.906666666666666,48.65092402464066,134.64681724845997,898,76,0.018884202568298567,,74.98137802607076,436
76,0.656,-7684.43076923077,36.49,45.722772277227726,133.12981298129813,917,73,0.01963631669087035,,137.73423423423424,445
77,0.6524,-10537.676923076922,58.6375,79.14819427148194,192.97509339975093,781,82,0.01819118832748118,,216.3633748801534,133
78,0.6487,-10664.430769230768,54.361666666666665,64.57127545551982,174.78027867095392,886,77,0.019546071343807547,,151.1980461811723,156
79,0.6452,-9551.261538461538,50.026666666666664,63.13758389261745,166.24608501118567,827,79,0.01925991983854566,,148.6139705882353,591
80,0.6416,-7094.923076923078,35.66833333333334,43.21822033898305,129.57838983050848,906,76,0.019307742271598493,,110.18670309653916,857
81,0.638,-7833.415384615385,42.060833333333335,54.227777777777774,147.37333333333333,848,80,0.01928120987371702,,139.70745170193192,721
82,0.6345,-9781.400000000001,45.435833333333335,56.727668845315904,163.0860566448802,872,76,0.01981034232387036,,146.3885462555066,690
83,0.631,-6294.0,27.314166666666665,32.881675392670154,119.90575916230367,929,80,0.020810698770995777,,117.22515391380827,400
84,0.6275,-9655.969230769231,54.770833333333336,69.41863207547169,176.20400943396226,775,81,0.0210579434229939,,159.4173669467787,817
85,0.624,-6214.676923076923,29.89666666666667,39.426067907995616,117.70427163198248,850,68,0.020544216323660502,,74.44739429695181,579
86,0.6206,-9071.123076923077,42.979166666666664,52.34652406417112,148.19358288770053,888,72,0.020895966711196888,,137.48418277680142,128
87,0.6171,-7613.461538461539,41.12833333333333,50.69602577873255,144.38023630504833,880,78,0.02162989175734569,,125.6853725850966,650
88,0.6137,-6953.6,35.26583333333333,43.55146262188516,128.39219934994583,904,79,0.01946463697434216,,125.27807971014492,695
89,0.6103,-6199.615384615385,29.615,35.38941798941799,116.4063492063492,929,72,0.018757322971596567,,95.3283160865475,812
90,0.607,-10226.261538461538,48.90083333333333,61.596069868995635,163.07751091703057,920,74,0.018266150923433016,,169.85400175901495,4
91,0.6036,-7312.3538461538465,39.030833333333334,47.302349336057205,126.9070480081716,927,72,0.018769527006276113,,86.86503623188406,71
92,0.6003,-9413.461538461539,52.67,63.49242424242424,162.1861471861472,893,76,0.0184051341768124,,164.0062111801242,378
93,0.5969,-6765.753846153846,30.824166666666667,37.61327713382508,124.68282402528978,899,75,0.019376562746323815,,119.16815742397138,792
94,0.5936,-8090.9384615384615,43.64666666666667,51.23451776649746,138.6751269035533,903,73,0.020279686191148456,,105.53965360072927,208
95,0.5904,-7014.292307692308,31.5075,37.727371864776444,121.82551799345693,922,75,0.022316901777957452,,153.14133333333334,753
96,0.5871,-7530.307692307693,35.545,44.17367256637168,137.0862831858407,885,77,0.019441142252457348,,132.38593155893537,742
97,0.5838,-7437.323076923078,31.741666666666667,37.91751412429379,122.2632768361582,922,76,0.018493316773738784,,164.21100090171325,10
98,0.5806,-7253.538461538462,35.82833333333333,44.67431693989071,131.7224043715847,881,75,0.017939676509405946,,108.73073351903436,138
99,0.5774,-6682.369230769231,45.45166666666667,54.98340707964602,145.00774336283186,856,79,0.01845701663895529,,116.73131504257331,183
100,0.5742,-6324.676923076923,31.16583333333333,37.987938596491226,124.6875,865,79,0.01908504206382105,,122.11825922421949,570
101,0.571,-7529.092307692308,35.181666666666665,43.30576713819369,132.49836779107727,912,76,0.019071215196859403,,131.45197740112994,614
102,0.5679,-7476.107692307693,46.08833333333333,54.87512899896801,142.22394220846232,954,74,0.017752189090833093,,138.71038732394365,800
103,0.5647,-8573.276923076925,39.806666666666665,48.85244161358811,153.69532908704883,865,77,0.018591433672688795,,125.93031674208144,394
104,0.5616,-7331.076923076922,45.369166666666665,52.37771203155818,132.12820512820514,962,71,0.01953925254753903,,67.66030881017257,536
105,0.5585,-5611.923076923077,25.730833333333333,29.545988258317024,109.06751467710372,974,75,0.017960842868583397,,59.184615384615384,39
106,0.5554,-6307.892307692307,31.93166666666667,38.04752066115702,118.98657024793388,946,72,0.018948030917445752,,78.269621421976,31
107,0.5523,-7606.246153846154,40.86083333333333,49.76801801801802,142.2454954954955,888,80,0.019229916284568077,,162.04818181818183,264
108,0.5493,-7919.246153846154,35.785833333333336,40.516877637130804,123.3386075949367,906,71,0.017444706189910814,,137.745960502693,526
109,0.5462,-7782.661538461539,48.26,57.14529058116233,143.02805611222445,893,76,0.017851765382428553,,97.42690582959641,77
110,0.5432,-7496.523076923077,40.52,48.604145077720204,129.3440414507772,898,69,0.016703055716938933,,83.668513388735,297
111,0.5402,-6791.96923076923,37.81583333333333,45.2286012526096,130.33298538622128,906,77,0.017537652914701815,,113.47723132969034,157
112,0.5372,-5615.738461538462,26.471666666666668,31.20126448893572,113.22866174920969,935,77,0.019084074914371016,,58.47281553398058,881
113,0.5343,-6291.046153846154,27.6275,31.140167364016737,110.68410041841004,927,74,0.018135837291885577,,92.5877358490566,342
114,0.5313,-6708.507692307692,31.990833333333335,39.629588431590655,130.10901001112347,890,79,0.017435923839153013,,117.40754716981132,130
115,0.5284,-6821.2,33.314166666666665,39.04935622317596,123.93347639484979,916,75,0.01763862583550769,,117.87653157398681,103
116,0.5254,-7526.969230769231,40.030833333333334,49.03579175704989,133.70498915401302,911,76,0.018141892238141773,,160.9672276350753,48
117,0.5225,-8049.492307692308,39.229166666666664,44.49374398460058,129.43118383060636,1030,68,0.017386598180281827,,79.47753303964758,149
118,0.5196,-7152.138461538461,33.43083333333333,39.084102564102565,127.73538461538462,961,73,0.01786188421655924,,113.93255395683454,463
119,0.5168,-8625.400000000001,36.5025,42.93404255319149,137.9563829787234,949,76,0.018269453488119848,,100.30193905817174,198
120,0.5139,-7533.830769230768,37.524166666666666,46.94837261503928,141.07182940516273,878,78,0.01799037150681124,,139.50723327305604,841
121,0.5111,-6568.6461538461535,41.08083333333333,50.63529411764706,137.34973262032085,903,81,0.01674523242077934,,92.51134215500946,517
122,0.5082,-6383.030769230769,27.944166666666668,34.18283166109253,117.4247491638796,897,76,0.0164403544536929,,126.63970588235294,649
123,0.5054,-6608.446153846153,29.75583333333333,36.645969498910674,124.6078431372549,894,76,0.016624692916015475,,136.27580071174378,324
124,0.5026,-7342.492307692307,38.79666666666667,46.88198103266596,140.4541622760801,932,80,0.01637955993460775,,114.11948529411765,627
125,0.4998,-5647.4769230769225,35.3875,39.965986394557824,104.52089407191448,979,61,0.01674556492573436,,55.89972652689152,605
126,0.4971,-6803.3538461538465,33.18083333333333,40.291044776119406,129.37633262260127,897,78,0.016178087819093245,,103.85517873510541,89
127,0.4943,-6859.615384615385,36.60583333333334,44.88474204171241,134.77387486278815,885,79,0.015590101655087004,,114.16096207215541,551
128,0.4916,-6856.723076923078,30.4575,35.643,117.206,986,71,0.016035372498001226,,79.43974820143885,434
129,0.4889,-8702.923076923076,41.46083333333333,50.38502109704641,141.08227848101265,923,73,0.015380747205219309,,126.45761166818596,657
130,0.4862,-6931.046153846153,33.21666666666667,41.240334378265416,132.56635318704284,900,75,0.0162101731099485,,116.81488042515501,313
131,0.4835,-8074.292307692307,41.791666666666664,50.76635514018692,138.2938733125649,906,73,0.016323109325536014,,118.71415525114155,115
132,0.4808,-6618.338461538461,35.990833333333335,43.67185877466251,125.78193146417445,928,76,0.01589194013005526,,105.1648451730419,90
133,0.4781,-9498.353846153846,43.854166666666664,51.787169042769854,157.83604887983708,916,76,0.017260248346930646,,118.09300265721878,608
134,0.4755,-7397.523076923077,37.66,45.84319833852544,135.36240913811008,901,77,0.01812546253286524,,102.59375,167
135,0.4729,-6420.569230769231,42.35666666666667,51.11844863731656,140.39832285115304,903,75,0.016608083284294695,,112.76561085972851,653
136,0.4703,-6832.507692307692,35.01083333333333,41.77081192189106,128.4224049331963,943,75,0.016723844081918435,,102.2572202166065,361
137,0.4677,-6237.738461538462,29.6925,36.52197213290461,121.87781350482315,926,73,0.01658831890817447,,113.46851851851852,397
138,0.4651,-5890.1846153846145,25.8125,31.05257731958763,115.65876288659794,960,76,0.016357545561644548,,93.79350766456267,882
139,0.4625,-6209.892307692307,30.104166666666668,34.21629485935984,108.79437439379244,988,70,0.015876992190497548,,55.30909090909091,572
140,0.4599,-5976.83076923077,28.366666666666667,31.226179018286814,106.76130895091434,1004,70,0.015387781258734093,,55.719858156028366,337
141,0.4574,-7145.784615384615,35.211666666666666,41.021119324181626,124.8532206969377,935,74,0.016468425820850528,,91.58325404376784,488
142,0.4549,-9085.63076923077,45.329166666666666,50.54626865671642,140.49950248756218,997,70,0.016364323891321034,,116.72654867256637,660
143,0.4523,-7538.846153846154,32.31166666666667,37.751284686536486,123.69475847893113,970,73,0.01792115831127141,,85.39372197309417,468
144,0.4498,-10043.36923076923,44.565,53.82202447163515,154.4349276974416,908,71,0.017202052092788328,,127.99903846153846,632
145,0.4474,-7477.36923076923,33.195,38.918153200419724,127.22140608604407,935,74,0.0169774410942717,,114.0550621669627,776
146,0.4449,-5947.153846153846,28.974166666666665,33.13122605363985,109.3227969348659,981,72,0.016809825809252638,,70.38366988586479,835
147,0.4424,-8138.384615384615,43.36,53.5808988764045,146.37977528089888,899,77,0.01649799010241018,,165.09767025089604,401
148,0.44,-5686.215384615385,22.6125,26.89308176100629,110.99475890985325,941,75,0.01715693330375926,,90.72289156626506,485
149,0.4375,-7279.861538461539,34.00416666666667,40.57380457380457,123.993762993763,915,72,0.01697417012234549,,104.86503623188406,101
150,0.4351,-6341.015384615384,28.645833333333332,32.87991927346115,114.79112008072654,961,70,0.01704648351873906,,79.4375,740
151,0.4327,-6852.492307692308,31.411666666666665,37.4848167539267,124.60523560209424,973,77,0.017918753595707923,,115.31550802139037,521
152,0.4303,-6259.215384615385,27.58416666666667,34.50642398286938,124.84689507494647,892,77,0.017495448278357282,,103.38195077484048,520
153,0.4279,-6563.3076923076915,28.845833333333335,32.30421686746988,115.71586345381526,1005,71,0.015788307035662003,,74.05407882676444,871
154,0.4256,-6945.6461538461535,39.82666666666667,48.402877697841724,131.50565262076054,905,76,0.016173438180572944,,95.15049864007253,833
155,0.4232,-6360.230769230769,39.48416666666667,46.52261306532663,138.69547738693467,944,79,0.015921751135595526,,90.17036379769299,278
156,0.4209,-6654.476923076923,31.718333333333334,36.350687622789785,119.79666011787819,974,71,0.0160756015740203,,78.72222222222223,850
157,0.4185,-6241.16923076923,28.856666666666666,34.09484536082474,115.1,934,75,0.016348720113537902,,67.58707865168539,286
158,0.4162,-6852.153846153848,32.5675,39.354314720812184,122.64771573604061,948,71,0.017025070488804354,,73.10036832412523,233
159,0.4139,-5415.169230769231,25.531666666666666,29.60562015503876,107.76065891472868,977,74,0.016588314273412008,,59.0338078291815,330
160,0.4116,-6950.476923076922,40.295833333333334,48.920265780730894,141.6467331118494,889,78,0.01621147219052009,,141.88044485634848,105
161,0.4094,-5531.753846153846,25.6125,30.585594989561585,112.41649269311064,931,75,0.017014286751947817,,64.12854442344046,719
162,0.4071,-7171.876923076923,36.90416666666667,43.51995798319328,135.58823529411765,953,76,0.016361424370381083,,124.83201407211962,213
163,0.4048,-6296.4,43.14666666666667,39.68565815324165,117.55402750491159,995,76,0.01597929813611915,,81.66456266907123,171
164,0.4026,-5745.984615384616,24.741666666666667,29.578209277238404,119.50485436893204,891,78,0.015612681616435179,,125.96585804132974,718
165,0.4004,-6470.015384615384,28.566666666666666,32.72362869198312,119.32700421940929,953,74,0.015998737172375037,,79.73209302325581,123
166,0.3982,-7238.630769230769,28.131666666666668,32.18054162487462,116.123370110331,990,70,0.015658015029145735,,71.94343065693431,486
167,0.396,-6464.646153846154,28.089166666666667,32.55088062622309,116.73091976516633,964,73,0.015403660833542185,,63.48419150858175,343
168,0.3938,-6538.16923076923,30.4925,34.2539184952978,117.23824451410658,925,73,0.014968088924958883,,129.2925292529253,739
169,0.3916,-6327.430769230769,26.924166666666668,31.78488982161595,113.36516264428121,949,74,0.0147578175661428,,102.61000944287063,806
170,0.3894,-6343.076923076924,26.113333333333333,31.21881390593047,111.77709611451942,940,69,0.014807222839349215,,100.33842010771993,271
171,0.3873,-5880.661538461538,22.3825,23.34505087881591,99.69935245143385,1062,66,0.015323941334962109,,48.25201793721973,600
172,0.3851,-7264.769230769231,42.48,48.135270541082164,134.32164328657313,961,71,0.015620872217673979,,95.66512059369202,111
173,0.383,-6019.138461538461,27.989166666666666,33.23647932131495,117.62566277836692,938,79,0.016316112651232426,,92.91412742382272,597
174,0.3809,-5720.261538461538,26.18166666666667,30.70990099009901,104.94257425742575,984,69,0.015004339220932517,,53.159176029962545,67
175,0.3788,-7148.8153846153855,31.479166666666668,35.95829195630586,120.25819265143993,995,68,0.015014451041808503,,86.06501831501832,539
176,0.3767,-8437.384615384617,35.93416666666667,38.716873212583415,130.46901811248807,1026,68,0.014433628842260172,,71.36570428696413,664
177,0.3746,-6352.292307692307,26.805,31.181818181818183,118.17659352142111,923,77,0.014605962309030133,,97.97340425531915,707
178,0.3725,-5733.307692307692,26.970833333333335,31.128282828282828,105.64646464646465,959,71,0.014228126660833803,,46.95206136145733,829
179,0.3705,-5942.3076923076915,28.326666666666668,32.81945837512538,114.94583751253761,966,75,0.015480499690451108,,70.80127041742287,647
180,0.3684,-6206.000000000001,29.964166666666667,35.24085365853659,118.03252032520325,957,72,0.015022985439370242,,76.57129881925522,555
181,0.3664,-5838.6,21.7475,26.076923076923077,107.93927125506073,962,71,0.014013633173527008,,63.45253456221198,365
182,0.3643,-5462.7692307692305,25.865,28.8876298394712,105.2993389990557,1010,72,0.014337239344278175,,42.29095792300806,500
183,0.3623,-6510.461538461539,30.965833333333332,36.56209150326797,120.89978213507625,907,77,0.014740173930834662,,124.18443002780351,760
184,0.3603,-6435.907692307693,32.95916666666667,38.78274428274428,121.8004158004158,936,74,0.015476364446650718,,81.39347408829174,733
185,0.3583,-6272.4769230769225,27.511666666666667,33.94696132596685,124.39558011049724,897,78,0.014988742660186629,,132.9514652014652,471
186,0.3563,-6116.538461538461,30.855,34.349295774647885,116.29859154929578,1004,74,0.015028459325096366,,61.70856102003643,636
187,0.3544,-6781.0615384615385,27.016666666666666,30.419740777667,117.24426719840478,984,72,0.014564535481146319,,68.2757685352622,408
188,0.3524,-7270.076923076923,35.3225,42.07344064386318,120.0271629778672,950,67,0.013837626200706318,,66.86685032139577,813
189,0.3505,-5800.692307692308,24.485,28.644644644644643,109.54154154154155,922,73,0.014235383098140632,,82.63366336633663,19
190,0.3485,-5009.4,32.3925,36.948620361560415,104.40913415794482,979,68,0.01368291740809233,,44.886877828054295,495
191,0.3466,-5239.3076923076915,27.455,29.546251217137293,100.86562804284323,1006,70,0.013687179949752415,,38.0512104283054,181
192,0.3447,-6603.261538461538,34.045833333333334,40.787847579814624,128.18949536560248,907,76,0.013368459366408821,,91.18198529411765,55
193,0.3428,-6559.092307692308,27.4625,30.07450980392157,111.12450980392157,1006,70,0.013370899834685701,,77.53026196928636,78
194,0.3409,-6833.630769230769,34.56916666666667,36.67185877466251,123.24714434060229,955,72,0.013358181795045321,,100.51627906976744,685
195,0.339,-5575.800000000001,21.8,25.095703125,108.3125,989,74,0.012847075636782156,,69.78200692041523,242
196,0.3371,-5349.153846153847,23.143333333333334,27.475951903807616,111.23647294589178,955,76,0.01324600933113087,,64.24676524953789,74
197,0.3352,-5349.7692307692305,39.354166666666664,42.02199816681943,97.59028414298808,1038,60,0.01308039240951681,,61.275519421860885,777
198,0.3334,-7547.753846153846,34.56916666666667,39.12399193548387,130.27318548387098,994,73,0.012617305224853185,,113.3242506811989,166
199,0.3315,-5544.061538461538,23.51,25.930276981852913,100.92932187201528,1027,66,0.012849306125621334,,39.76181649675625,745
200,0.3297,-5931.430769230769,28.16,34.21920668058455,116.4634655532359,923,75,0.01370368774037748,,83.92032967032966,529
201,0.3279,-3797.184615384616,16.491666666666667,17.973271889400923,75.90691244239632,1053,67,0.013547524954745089,,22.159964253798034,734
202,0.3261,-7289.16923076923,27.109166666666667,30.03692614770459,129.1007984031936,977,78,0.014321572985998355,,98.50756901157614,170
203,0.3243,-5961.184615384616,27.125833333333333,31.40366972477064,115.80632008154944,975,76,0.013054551961244396,,103.67978533094812,280
204,0.3225,-6085.323076923077,27.830833333333334,32.5609756097561,118.65345528455285,946,77,0.013207089700072026,,105.30112165660051,639
205,0.3207,-7359.015384615384,38.085,44.470408163265304,133.03979591836736,948,73,0.012644445358664692,,116.92225201072387,683
206,0.3189,-5403.400000000001,23.5225,27.331678252234358,109.48560079443892,997,73,0.012778201906665329,,61.741644083107495,196
207,0.3172,-5047.846153846154,21.281666666666666,24.45986124876115,100.47274529236869,965,70,0.012177109249365861,,45.64318389752974,737
208,0.3154,-5951.169230769232,27.7025,30.957169459962756,107.94506517690876,1009,69,0.012761130667379638,,50.19139596136962,710
209,0.3137,-6650.046153846153,28.6025,32.61675392670157,120.23664921465969,917,75,0.012398298574411245,,87.15462031107045,475
210,0.3119,-6420.2307692307695,27.455833333333334,32.87343096234309,118.99372384937239,935,74,0.012218272525133321,,88.28933092224231,867
211,0.3102,-8443.969230769231,41.846666666666664,49.187961985216475,149.2893347412883,918,78,0.013122764563135115,,125.9136690647482,362
212,0.3085,-4931.6461538461535,19.803333333333335,23.6687306501548,106.6780185758514,921,76,0.013422341748663979,,78.73271889400921,896
213,0.3068,-7145.092307692306,41.17,43.716890595009595,129.19481765834934,996,67,0.012230061116667457,,83.1073080481036,252
214,0.3051,-5324.200000000001,30.373333333333335,33.51690821256039,104.42705314009662,1009,66,0.012192112486650288,,49.693652253909846,599
215,0.3034,-6512.415384615386,36.611666666666665,41.71799807507219,119.24157844080847,993,69,0.012849549980998229,,76.97737162750218,504
216,0.3017,-5627.476923076923,27.144166666666667,32.578629032258064,111.26209677419355,951,73,0.011973909988126264,,61.56521739130435,629
217,0.3,-6596.661538461538,42.528333333333336,43.84622731614136,121.47946513849092,1001,66,0.012508332655519892,,70.15267857142857,303
218,0.2984,-6802.215384615385,29.303333333333335,31.504798464491362,109.94529750479846,1035,65,0.012418879890556308,,58.08943089430894,751
219,0.2967,-6633.615384615383,30.06833333333333,33.35023923444976,115.65645933014353,984,71,0.012949803129227253,,55.932910244786946,569
220,0.2951,-6393.323076923077,27.390833333333333,29.888665997993982,114.30591775325978,991,71,0.01316246724190122,,101.91696750902527,617
221,0.2935,-5911.507692307692,26.724166666666665,32.20707596253902,115.24453694068679,937,71,0.013192105452859927,,83.3692870201097,594
222,0.2918,-6751.461538461538,25.363333333333333,29.105154639175257,116.3298969072165,951,74,0.01348696273043291,,119.20212765957447,611
223,0.2902,-5962.153846153846,24.656666666666666,28.791417165668662,112.61976047904191,984,74,0.012799495432051859,,71.68687782805429,518
224,0.2886,-6321.415384615385,24.079166666666666,26.745,111.887,1013,71,0.012462331723781927,,83.21940163191296,69
225,0.287,-6551.338461538461,30.545833333333334,36.1777108433735,119.8293172690763,951,73,0.012202399479887799,,68.21028466483011,9
226,0.2854,-5710.492307692308,23.803333333333335,28.325796505652622,114.37718396711202,955,78,0.01230477090231683,,84.4795918367347,387
227,0.2838,-6690.261538461537,33.770833333333336,37.259887005649716,119.5894538606403,1027,70,0.011352779884669225,,52.75653742110009,786
228,0.2823,-5513.876923076923,22.60333333333333,25.946481665014865,102.67789890981169,997,69,0.011722873032421754,,50.38745387453874,581
229,0.2807,-5783.046153846153,22.723333333333333,26.527693856998994,108.8992950654582,956,70,0.011558438352318335,,103.36809269162211,140
230,0.2792,-6053.569230769231,24.435,27.702169625246547,114.96745562130178,942,77,0.012305224237554556,,66.7965796579658,369
231,0.2776,-4890.738461538461,22.7875,28.132291666666667,108.64791666666666,924,78,0.012136646066529939,,83.21009918845807,516
232,0.2761,-6254.615384615385,23.789166666666667,26.71819960861057,108.4931506849315,966,70,0.012405779304952626,,63.06371681415929,677
233,0.2746,-5934.953846153846,21.71,24.953893442622952,111.51946721311475,973,75,0.012275368711715987,,60.696096654275095,141
234,0.273,-5953.753846153846,24.601666666666667,27.007483629560337,104.4153414405987,1018,66,0.012940927480121938,,32.352833638025594,151
235,0.2715,-6239.1846153846145,28.808333333333334,33.787939698492465,118.63618090452262,944,73,0.012230329054345538,,64.4608378870674,335
236,0.27,-6628.630769230769,28.795,33.660276890308836,121.48242811501598,946,75,0.01321990832157508,,91.17796610169492,244
237,0.2685,-6779.53846153846,33.48916666666667,36.23025048169557,111.66281310211946,994,64,0.012269592665386138,,46.12825278810409,265
238,0.267,-6549.276923076923,29.72833333333333,32.45402298850575,112.63505747126437,1039,64,0.01306936751885848,,57.88040478380865,577
239,0.2656,-6386.046153846154,24.9275,28.009514747859182,109.14272121788773,990,71,0.012314850645731583,,43.788757932910244,396
240,0.2641,-6422.153846153846,30.269166666666667,34.81981981981982,120.75675675675676,991,72,0.012535821884942629,,82.2170403587444,310
241,0.2626,-6494.9846153846165,28.419166666666666,31.92920353982301,113.84660766961652,1016,72,0.012098434069031327,,80.65320456540826,223
242,0.2612,-5368.661538461538,20.403333333333332,22.492003762935088,98.74223894637818,1030,72,0.011988449496685639,,41.57218777679362,379
243,0.2597,-5249.9846153846165,23.31,28.104522613065328,108.44221105527639,933,75,0.011853146996419752,,50.4141689373297,652
244,0.2583,-6228.984615384615,22.860833333333332,25.893832153690596,111.54297269969666,991,72,0.011506271475386276,,79.85494106980961,662
245,0.2569,-6982.138461538461,33.596666666666664,38.50642927794263,122.84075173095944,990,74,0.011088464012169667,,81.41294838145232,229
246,0.2555,-6236.323076923078,36.1,38.86561631139944,114.11492122335495,1020,63,0.011015969219319492,,54.822907488986786,735
247,0.254,-6089.753846153846,35.2325,36.930170098478065,104.76991942703671,1058,58,0.011400053422231117,,39.095986038394415,663
248,0.2526,-7879.96923076923,42.53666666666667,44.02613065326633,137.913567839196,962,72,0.011269969581553473,,93.14259763851045,511
249,0.2512,-5673.723076923077,29.286666666666665,33.588291746641076,119.96065259117083,980,77,0.011496064987358867,,69.78354978354979,622
250,0.2498,-6179.492307692308,37.965833333333336,40.35660377358491,119.68207547169811,989,67,0.011574782753046346,,47.41171088746569,113
251,0.2485,-5909.369230769231,22.714166666666667,25.968596663395484,112.2306182531894,979,75,0.012161195415268439,,64.30150309460655,437
252,0.2471,-5312.4,22.986666666666668,27.887046632124353,106.03730569948186,951,74,0.011105672859995929,,67.9298245614035,823
253,0.2457,-6147.569230769231,25.133333333333333,28.804020100502512,113.67135678391959,967,74,0.0114953682816601,,65.82666666666667,17
254,0.2444,-5473.923076923077,20.185833333333335,22.82744702320888,107.5297679112008,1003,74,0.011831560904615374,,78.93687099725526,595
255,0.243,-4596.123076923077,18.2725,20.690222652468538,90.61277831558567,1005,70,0.012288855657670081,,30.0,76
256,0.2417,-5874.96923076923,28.2975,30.99053926206244,112.03595080416272,1027,70,0.013019370841025711,,51.292725679228745,261
257,0.2403,-4822.6461538461535,24.235833333333332,25.035779816513763,83.37522935779816,1066,63,0.012069163423008135,,27.62511210762332,25
258,0.239,-5875.569230769231,26.2225,29.003067484662576,114.04089979550102,973,77,0.011995899129464742,,108.32374100719424,770
259,0.2377,-6017.0615384615385,40.26916666666666,45.547187797902765,112.13632030505244,999,59,0.011828336148281184,,56.940366972477065,687
260,0.2364,-5226.446153846153,19.10333333333333,21.43330087633885,100.79454722492697,1002,69,0.011942378257464765,,57.54907407407408,697
261,0.2351,-5315.076923076924,24.6175,27.418819188191883,97.31365313653137,1029,62,0.011970784312509215,,42.983561643835614,830
262,0.2338,-5270.676923076922,22.946666666666665,28.033199195171026,110.64386317907444,957,76,0.012277370739611021,,62.08863025962399,670
263,0.2325,-6307.9384615384615,26.241666666666667,28.69412878787879,108.4905303030303,1007,68,0.011944555729663412,,57.80860403863038,355
264,0.2312,-6225.4,24.886666666666667,28.895791583166332,119.05310621242485,950,75,0.012094741365078411,,77.82714932126697,24
265,0.2299,-5567.015384615385,23.366666666666667,27.478217821782177,108.12376237623762,956,70,0.012100799103124733,,64.42095754290877,368
266,0.2286,-5583.323076923077,20.4575,23.228891149542218,105.42115971515769,951,72,0.012096165899008433,,59.5650522317189,230
267,0.2274,-5470.476923076923,23.3425,27.752475247524753,102.65643564356435,985,68,0.01212334615133911,,50.98328690807799,1
268,0.2261,-6229.276923076923,23.374166666666667,26.133911368015415,105.04335260115607,1027,67,0.012112961621711946,,66.15605381165919,878
269,0.2249,-5477.338461538462,26.00583333333333,30.278165503489532,106.55034895314058,979,69,0.01244872644039389,,50.91081593927894,311
270,0.2236,-6091.830769230768,26.37,28.876482213438734,108.52272727272727,984,70,0.012453773614800967,,62.021139705882355,879
271,0.2224,-6026.184615384616,22.454166666666666,23.277218664226897,99.40164684354987,1080,63,0.012430684779203482,,56.29902395740905,385
272,0.2211,-6211.2307692307695,23.68166666666667,27.955578512396695,112.69628099173553,935,69,0.012677836143155945,,57.595484477892754,137
273,0.2199,-5325.169230769231,25.3025,28.768858800773696,102.88394584139265,989,69,0.012275710186072201,,44.72518382352941,535
274,0.2187,-5092.553846153845,23.0675,26.979690522243715,100.07930367504835,959,71,0.012260578673975514,,42.93755656108597,530
275,0.2175,-5383.0615384615385,21.53,24.58677685950413,108.37190082644628,949,76,0.014010758019717908,,87.94525547445255,51
276,0.2163,-5706.16923076923,24.620833333333334,26.7866273352999,111.5968534906588,1013,74,0.013892118462904059,,90.85600706713781,472
277,0.2151,-6016.0615384615385,38.10583333333334,40.49368318756074,110.72108843537416,973,64,0.01197930766750829,,62.74462114125351,637
278,0.2139,-5669.415384615384,35.9,37.73050345508391,112.77393879565646,975,66,0.012662137535145059,,49.440850277264325,199
279,0.2127,-5632.16923076923,19.341666666666665,21.67292490118577,108.69466403162055,1007,75,0.012941072636543517,,70.42677448337825,136
280,0.2115,-5506.846153846154,21.1925,24.976,106.223,990,69,0.012546911235243124,,65.26793823796548,129
281,0.2104,-5582.7692307692305,25.551666666666666,30.34869739478958,106.45991983967936,959,74,0.012042165567032512,,59.25202520252025,407
282,0.2092,-6817.846153846154,26.968333333333334,31.99191102123357,125.78766430738119,965,75,0.012574319410933281,,76.69182948490231,240
283,0.208,-5899.015384615384,25.011666666666667,26.47695390781563,104.94789579158316,974,70,0.011947580479097759,,63.776744186046514,189
284,0.2069,-6404.323076923077,32.15083333333333,34.119846596356666,107.58485139022052,1016,60,0.011510472318532338,,40.00092250922509,391
285,0.2058,-6042.4,22.1475,25.066191446028512,109.83706720977597,978,72,0.011643399133730626,,89.8983666061706,828
286,0.2046,-4548.846153846154,29.310833333333335,28.61003861003861,90.02895752895753,1041,63,0.011970283776306514,,32.96235521235521,509
287,0.2035,-6014.707692307692,24.885,27.84461391801716,108.47569113441372,1052,69,0.012002605370478455,,48.535362578334826,821
288,0.2024,-5403.707692307692,43.598333333333336,39.95783132530121,90.48895582329317,977,47,0.011442273748133013,,89.00363306085377,120
289,0.2012,-5947.938461538462,24.300833333333333,25.75022706630336,94.07629427792915,1039,61,0.01186333272778429,,30.15841584158416,329
290,0.2001,-5897.661538461539,25.616666666666667,29.226964112512125,112.20659553831231,990,74,0.012181129332464322,,62.08161434977578,781
291,0.199,-6185.061538461539,25.139166666666668,30.10609243697479,117.40651260504201,938,74,0.012495744367515969,,82.23431734317343,447
292,0.1979,-5306.492307692308,20.365833333333335,23.63803680981595,104.93660531697341,963,72,0.012064851855668152,,48.678227360308284,750
293,0.1968,-5080.276923076923,27.5825,30.848230912476723,93.53258845437617,1006,60,0.012350396432572235,,32.42246982358403,461
294,0.1957,-5951.676923076922,37.094166666666666,41.40284360189573,101.33175355450237,1031,51,0.01195950974149853,,51.57222222222222,525
295,0.1946,-5519.492307692308,22.71,25.72924528301887,104.75188679245284,1006,68,0.01178291595710649,,44.649954421148585,148
296,0.1936,-4972.523076923077,23.885,25.901996370235935,87.42468239564428,1062,62,0.011590699479308414,,27.554151624548737,656
297,0.1925,-5889.784615384616,22.7975,24.725,106.2611111111111,1043,69,0.01158960494364811,,41.58748866727108,182
298,0.1914,-5393.676923076923,21.400833333333335,26.618393234672304,117.45560253699789,928,80,0.011705414694480045,,98.61866666666667,236
299,0.1904,-6035.184615384616,23.359166666666667,26.449799196787147,112.179718875502,965,72,0.011763647232116608,,72.50312221231044,192
300,0.1893,-6341.292307692307,22.461666666666666,24.910840932117527,117.33941236068895,958,77,0.01165482825119226,,108.2883275261324,28
301,0.1883,-5526.584615384616,18.294166666666666,21.04861111111111,104.12103174603175,1002,70,0.011884415065572662,,56.85863377609108,36
302,0.1872,-5692.384615384615,27.110833333333332,30.1163012392755,105.99904671115348,1004,70,0.011749054437075773,,69.92093441150045,288
303,0.1862,-4601.538461538462,17.458333333333332,18.921296296296298,84.42592592592592,1046,63,0.011549116493227627,,21.830909090909092,160
304,0.1852,-5176.184615384615,22.615833333333335,27.413533834586467,113.43179377013963,888,79,0.012208244544461153,,93.32098765432099,464
305,0.1841,-5313.384615384615,39.7975,39.955702167766255,101.40245051837888,1007,56,0.012144629716604705,,57.33239700374532,759
306,0.1831,-4212.753846153846,29.470833333333335,31.573741007194243,90.18615107913669,1088,60,0.011612558473094555,,33.370106761565836,780
307,0.1821,-5114.953846153846,22.293333333333333,24.785845588235293,92.48897058823529,1043,68,0.011541406775434297,,25.902614968440037,139
308,0.1811,-6019.507692307692,27.361666666666668,30.436672967863895,107.6398865784499,1002,66,0.01172352578225016,,39.57884972170687,374
309,0.1801,-8620.953846153847,43.86833333333333,45.901340996168585,139.85153256704982,995,71,0.011580189980032525,,103.77020202020202,801
310,0.1791,-6444.553846153846,22.573333333333334,24.316733067729082,110.60756972111554,1021,70,0.01200194700811614,,67.91682242990655,892
311,0.1781,-4937.184615384616,18.3625,20.7027027027027,92.45752895752896,1029,69,0.012665115311771929,,22.36937799043062,816
312,0.1771,-5392.815384615385,20.875833333333333,24.854103343465045,110.6727456940223,974,75,0.012296064024953219,,67.26018518518518,228
313,0.1762,-6366.553846153845,26.675,30.53935860058309,120.82410106899903,1004,77,0.011893325743531717,,81.88021295474712,406
314,0.1752,-5736.753846153846,20.0575,22.573280159521435,105.84147557328016,1011,74,0.01219506340440432,,77.58601655933762,94
315,0.1742,-3542.2769230769227,14.595833333333333,17.061023622047244,74.04133858267717,978,64,0.01150149479502368,,17.87890625,107
316,0.1732,-4725.046153846153,19.105,22.601384767556873,98.2917903066271,969,72,0.011555635716566608,,49.85766423357664,427
317,0.1723,-5898.307692307692,41.345,38.92620624408704,92.97540208136235,1013,47,0.012000610823680962,,77.81818181818181,811
318,0.1713,-5042.4,21.605,25.08637236084453,93.24376199616123,986,63,0.012081228247091666,,35.69174977334542,460
319,0.1704,-6203.092307692308,25.948333333333334,30.617677286742033,109.51901336073998,971,70,0.012606988795243298,,62.98982423681776,54
320,0.1694,-6529.415384615384,40.615,40.20192307692308,100.675,1042,51,0.012368361158525553,,58.91737891737892,66
321,0.1685,-5739.384615384615,21.440833333333334,24.05725567620928,108.22408687068115,1004,76,0.01271590692336722,,75.7686170212766,715
322,0.1676,-5457.846153846153,18.531666666666666,20.55453618756371,104.99898063200816,952,75,0.012079085041753803,,75.13796384395813,754
323,0.1666,-5559.553846153846,19.873333333333335,23.196409714889125,113.4920802534319,949,78,0.011399643435608524,,95.44227188081936,294
324,0.1657,-5369.138461538461,19.414166666666667,21.340529931305202,101.97154072620216,1007,76,0.01166070883382898,,38.015567765567766,250
325,0.1648,-6579.907692307693,36.07833333333333,37.12476722532588,108.74301675977654,1027,56,0.012345030458305904,,41.11070110701107,425
326,0.1639,-7232.0615384615385,26.211666666666666,28.15047619047619,114.30380952380952,1043,69,0.012247211962325614,,57.25267857142857,412
327,0.163,-5212.615384615385,31.988333333333333,33.99258572752549,91.87951807228916,1080,53,0.012621994443121582,,46.11425959780622,376
328,0.1621,-5555.076923076923,21.5825,24.541176470588237,113.93725490196078,967,78,0.013779185849305578,,58.668784029038115,450
329,0.1612,-3472.3076923076924,16.921666666666667,19.26345609065156,76.69688385269122,1009,69,0.012458329010816548,,20.149074074074075,220
330,0.1603,-4651.6923076923085,18.975,20.47606142728094,90.24028906955736,1060,70,0.01251306985753077,,35.200881057268724,794
331,0.1594,-5109.153846153847,20.466666666666665,23.311650485436893,100.9631067961165,985,72,0.012817993002117169,,48.27743086529884,479
332,0.1585,-4259.384615384615,17.98,20.81531100478469,84.93588516746412,996,63,0.012229954532733065,,22.796771130104464,635
333,0.1577,-4438.953846153846,31.60333333333333,38.37048192771084,88.929718875502,934,49,0.012438118149303321,,55.546065259117086,682
334,0.1568,-6694.215384615383,31.850833333333334,33.269489894128974,116.40615976900867,1015,67,0.012398693905100735,,47.48872858431019,83
335,0.1559,-6076.969230769231,35.6225,38.38826815642458,105.15921787709497,1004,57,0.012762950250093925,,46.3990990990991,864
336,0.155,-6361.707692307693,28.724166666666665,30.70363466915191,111.61230195712955,1034,66,0.012660785809480863,,48.020390070921984,728
337,0.1542,-5270.861538461539,20.760833333333334,24.210275927687917,99.50428163653663,996,68,0.012747153198803459,,46.38099389712293,701
338,0.1533,-5631.676923076923,34.2025,38.715799614643544,106.33911368015414,1002,58,0.013114310695805974,,45.98940269749518,454
339,0.1525,-5326.584615384616,21.195,25.221435793731043,110.95146612740142,966,78,0.013215476138401036,,60.60403299725023,803
340,0.1516,-2856.630769230769,12.406666666666666,13.772380952380953,65.17809523809524,1031,65,0.013483699264594784,,13.89904761904762,885
341,0.1508,-5797.815384615384,23.776666666666667,25.837890625,108.7138671875,1005,72,0.01274692826591778,,54.552158273381295,782
342,0.15,-5756.953846153847,32.785833333333336,37.20901246404602,116.60977948226271,988,71,0.012162733984591534,,55.604464285714286,877
343,0.1491,-6112.861538461539,24.239166666666666,26.28393881453155,105.7868068833652,1025,69,0.011489631460848413,,47.96745027124774,81
344,0.1483,-5796.169230769231,35.07833333333333,40.76959847036329,99.0793499043977,973,48,0.011227148970593499,,61.34713076199436,126
345,0.1475,-4838.661538461539,31.800833333333333,36.329210275927686,89.65746907706946,981,53,0.011282778697841086,,44.438202247191015,698
346,0.1467,-7247.800000000001,31.101666666666667,33.09064609450338,127.96046287367406,982,72,0.011474249784061901,,64.13303571428571,200
347,0.1459,-4662.261538461538,18.5925,21.815686274509805,93.91568627450981,986,65,0.011271064463413893,,47.19077757685353,749
348,0.1451,-5244.4,21.498333333333335,23.76568265682657,90.630073800738,1028,66,0.011422432253607336,,24.247926267281105,190
349,0.1443,-5955.799999999999,20.493333333333332,22.582924435721296,110.09715407262021,971,75,0.011442262936276376,,65.69553072625699,556
350,0.1435,-4782.2307692307695,17.031666666666666,18.518060836501903,92.84220532319392,1007,68,0.011702560967448459,,54.83435582822086,309
351,0.1427,-7917.923076923075,41.663333333333334,44.4911131898971,120.31431244153414,1036,54,0.011630936275250858,,55.23440285204991,855
352,0.1419,-6096.184615384616,38.170833333333334,43.459537572254334,111.85260115606937,968,56,0.012512833335103644,,54.73822463768116,334
353,0.1411,-5634.292307692307,21.82,25.7584789311408,118.02774922918807,968,79,0.014135732790822197,,125.87708516242319,206
354,0.1403,-4731.753846153846,21.4975,23.562846580406653,79.11275415896488,1065,61,0.012394746835037886,,23.94741697416974,679
355,0.1395,-4283.476923076923,24.368333333333332,28.7678916827853,82.60251450676982,1018,53,0.011943842235131235,,34.29170549860205,543
356,0.1388,-5576.061538461538,42.37916666666667,42.83350462487153,97.0267214799589,962,51,0.012029812080377128,,81.39405560882071,373
357,0.138,-5215.261538461538,19.230833333333333,21.65809523809524,102.03809523809524,1011,73,0.011997855342802117,,68.42297417631345,96
358,0.1372,-5288.984615384616,19.883333333333333,22.979,109.247,990,76,0.011177316898271233,,81.77468581687612,84
359,0.1365,-4522.446153846153,21.018333333333334,23.406998158379373,79.78268876611418,1048,58,0.010886399929048288,,23.590449954086317,40
360,0.1357,-7149.830769230769,43.098333333333336,45.470961887477316,122.50453720508168,1036,58,0.011370951970893852,,76.44309296264119,68
361,0.135,-6466.661538461538,35.23833333333334,37.71939736346516,118.44067796610169,982,63,0.01179926241115974,,58.694148936170215,790
362,0.1342,-5094.184615384616,19.663333333333334,22.28793774319066,104.3385214007782,989,73,0.012387950777847535,,79.34235807860262,247
363,0.1335,-5384.96923076923,20.613333333333333,24.246246246246248,107.89089089089089,965,73,0.012506892334391076,,79.04430379746836,180
364,0.1327,-5402.476923076923,28.79083333333333,31.868121442125236,91.93168880455408,1028,53,0.011861229119137609,,33.82502351834431,29
365,0.132,-5742.507692307692,29.719166666666666,31.317600786627334,104.05801376597837,969,61,0.011607120358026694,,39.89885496183206,415
366,0.1313,-5878.200000000001,21.86916666666667,24.27072927072927,105.95004995004994,991,69,0.01151137813188203,,67.04590459045905,593
367,0.1306,-4954.292307692307,33.255833333333335,37.625118035882906,93.795089707271,983,53,0.01184097981785561,,47.184306569343065,748
368,0.1298,-6162.569230769231,29.77,33.93374108053007,122.75025484199796,940,77,0.011273060141433746,,69.50468164794007,470
369,0.1291,-6169.092307692308,22.088333333333335,25.290927021696252,113.25443786982248,985,72,0.011512605372355043,,71.13244444444445,424
370,0.1284,-4725.707692307693,16.825833333333332,19.43943943943944,102.18118118118119,977,73,0.011219739207099342,,67.2780847145488,743
371,0.1277,-5416.6461538461535,18.590833333333332,21.965873836608065,107.92967942088934,943,76,0.010973525793201062,,88.54411764705883,222
372,0.127,-5177.723076923076,19.284166666666668,21.935203094777563,98.85686653771761,999,67,0.010595203409378444,,37.34511627906977,121
373,0.1263,-5379.923076923076,18.514166666666668,20.052165354330707,101.93307086614173,1021,73,0.010754338816365228,,38.65616311399444,476
374,0.1256,-5177.96923076923,23.093333333333334,25.240774907749078,94.7140221402214,1048,62,0.010960090823459912,,33.754700089525514,82
375,0.1249,-4792.215384615384,20.3225,21.925215723873443,84.80441035474593,1012,61,0.010400873916108055,,22.656759348034516,490
376,0.1242,-5151.323076923077,19.313333333333333,21.708498023715414,105.6413043478261,979,74,0.011120604973755055,,75.52230483271376,98
377,0.1235,-5034.292307692308,18.85333333333333,21.96764705882353,101.86176470588235,984,74,0.011329223209424446,,63.29460966542751,513
378,0.1228,-5423.584615384615,36.23083333333334,42.35801217038539,92.9107505070994,985,49,0.01103027778532486,,68.95142857142856,546
379,0.1221,-5001.123076923078,16.523333333333333,18.227099236641223,96.20896946564885,1035,69,0.011071187317089849,,40.20263901979265,226
380,0.1215,-4915.953846153846,17.29,19.169377990430622,93.61339712918661,1033,70,0.01099341810206906,,22.70408163265306,840
381,0.1208,-6360.2769230769245,21.9675,24.072580645161292,107.1320564516129,984,68,0.011237169873751651,,47.679245283018865,839
382,0.1201,-6387.6,26.42,28.812007874015748,116.30314960629921,973,74,0.011519295752877023,,75.66992882562278,654
383,0.1195,-4540.323076923076,18.101666666666667,20.6585136406397,94.76199435559737,1013,71,0.011208524696593664,,38.52350813743219,21
384,0.1188,-6143.446153846155,39.01833333333333,40.92357875116496,99.07362534948741,1040,44,0.010056614490268996,,65.82232142857143,35
385,0.1181,-6902.184615384615,37.615833333333335,35.75551294343241,120.99232981783318,997,64,0.010268247739773218,,49.048892988929886,285
386,0.1175,-5836.523076923077,40.435833333333335,38.23650637880275,96.67419038272817,966,47,0.010092774583259724,,67.71025399811853,789
387,0.1168,-4684.630769230769,20.2575,22.738049713193117,83.9244741873805,998,60,0.01065407371658098,,29.652293577981652,843
388,0.1162,-5650.6461538461535,19.80666666666667,23.68032786885246,108.87090163934427,968,75,0.010517097029654055,,88.8709090909091,52
389,0.1156,-5469.2307692307695,18.835833333333333,21.149080348499517,99.47144240077445,1025,69,0.010860988493823909,,37.71609403254973,508
390,0.1149,-3486.676923076923,15.944166666666666,18.265024630541873,76.18029556650247,991,70,0.011014529257180059,,21.16034155597723,621
391,0.1143,-4248.338461538461,16.391666666666666,18.253534401508013,93.12912346842602,1007,75,0.01142175689733516,,33.68677905944987,243
392,0.1136,-5206.138461538461,23.716666666666665,26.92271442035815,94.82940622054666,1013,64,0.010948675016407845,,30.82191780821918,15
393,0.113,-5160.492307692308,34.6275,39.49180327868852,90.38669238187079,1001,46,0.011102099888099591,,50.53564899451554,176
394,0.1124,-6178.707692307693,42.18,47.07954545454545,103.71306818181819,993,45,0.010971805471189347,,74.45022831050228,193
395,0.1118,-4088.476923076923,15.69,17.792934249263983,87.77232580961727,1020,72,0.013174581780787575,,25.590009425070686,210
396,0.1112,-6023.138461538461,23.865833333333335,27.094594594594593,110.49517374517374,1010,70,0.011849253192500561,,47.45289855072464,848
397,0.1105,-5861.784615384616,23.4475,24.55014605647517,107.53261927945472,1015,70,0.011545216865815902,,55.486830154405084,559
398,0.1099,-5852.184615384616,45.95916666666667,30.681636726546905,78.0878243512974,972,39,0.010646720139648175,,95.95950704225352,713
399,0.1093,-5137.492307692308,21.006666666666668,24.157945736434108,106.8672480620155,993,75,0.011368676431167664,,40.190825688073396,474
400,0.1087,-5247.923076923076,23.7725,27.563530552861298,108.28322017458778,993,77,0.011343290240655064,,53.6911369740376,194
401,0.1081,-5533.2307692307695,18.825833333333332,20.454011741682976,101.90900195694717,1004,68,0.01033829468297973,,55.450467289719626,352
402,0.1075,-5367.569230769231,19.9925,21.895229186155284,99.64359214218896,1035,69,0.01050603267049683,,47.34452296819788,53
403,0.1069,-6024.184615384615,22.358333333333334,26.60760760760761,110.42242242242243,966,69,0.010576515921427268,,67.0046511627907,528
404,0.1063,-4454.338461538461,17.208333333333332,19.479439252336448,90.42242990654205,1046,68,0.010539102288350645,,24.573104693140795,720
405,0.1057,-4695.446153846154,17.9075,20.381453154875718,89.78585086042065,1023,66,0.011376783106071748,,34.08105646630237,150
406,0.1052,-5209.415384615385,19.870833333333334,21.916666666666668,104.11647727272727,1059,73,0.011459656749553055,,70.91645133505598,61
407,0.1046,-6845.107692307693,39.98583333333333,37.14382896015549,113.488824101069,990,57,0.010783418467324633,,72.05311355311355,694
408,0.104,-6065.492307692307,27.388333333333332,30.84644549763033,109.49857819905213,1022,62,0.010884868033672479,,38.1804788213628,583
409,0.1034,-5396.461538461539,19.281666666666666,21.30028873917228,104.87776708373435,1000,76,0.011062640610929542,,65.91732629727353,746
410,0.1028,-4323.876923076923,18.33416666666667,19.674524025385313,78.12783318223028,1066,59,0.01111433133621467,,19.79076086956522,420
411,0.1023,-4431.953846153846,27.6925,31.6485473289597,83.3730084348641,1018,51,0.011071712479387897,,36.34608378870674,63
412,0.1017,-5734.7692307692305,19.6275,21.350760456273765,100.59505703422053,1012,70,0.010125398119837283,,66.62099644128114,863
413,0.1011,-6122.276923076923,25.47,30.25251509054326,108.43360160965794,945,68,0.010306320083399191,,64.99908172635445,108
414,0.1006,-6920.123076923076,47.344166666666666,39.6963249516441,102.25531914893617,977,50,0.010396757103576442,,87.56613756613757,65
415,0.1,-5642.138461538461,19.145833333333332,21.562372188139058,107.73721881390593,981,75,0.010739393536709047,,68.20654205607477,281
416,0.0995,-6871.969230769231,31.44,33.736637512147716,115.98445092322643,1001,70,0.010731583151808957,,80.56049822064057,767
417,0.0989,-5530.153846153846,31.093333333333334,32.60239852398524,91.75553505535055,1060,51,0.010840214403247339,,32.769372693726936,623
418,0.0984,-4438.276923076923,16.036666666666665,19.25224327018943,87.2951146560319,981,59,0.011619036653313587,,29.012369172216935,134
419,0.0978,-5939.492307692308,39.920833333333334,48.47023208879919,104.58123107971745,931,50,0.01141488872688067,,64.60516252390057,237
420,0.0973,-6738.984615384615,27.86,31.42613065326633,119.28241206030151,953,73,0.01104608668043352,,95.35600706713781,744
421,0.0968,-4965.446153846153,42.67166666666667,31.959574468085105,74.7968085106383,933,39,0.0109798872960783,,85.61348528015195,620
422,0.0962,-5981.107692307693,39.255833333333335,39.65147198480532,104.93257359924027,1002,60,0.011206087482772695,,68.50090579710145,409
423,0.0957,-5839.061538461539,24.8925,29.07699901283317,108.45705824284305,968,68,0.011222323675415981,,62.85090909090909,346
424,0.0952,-5425.7692307692305,17.120833333333334,18.440677966101696,98.91242937853107,1039,72,0.011388567949882467,,47.68214285714286,175
425,0.0946,-6054.092307692307,22.7975,27.61505376344086,120.93655913978495,908,80,0.011363757991056106,,108.23219241443108,496
426,0.0941,-5286.723076923077,18.743333333333332,20.949367088607595,98.4634858812074,1002,69,0.011326680827326506,,32.02201834862385,315
427,0.0936,-6006.830769230768,26.335,30.77497477295661,119.53380423814329,977,72,0.01051703232474087,,56.32596685082873,402
428,0.0931,-6784.676923076923,38.1175,35.98035547240411,122.0533208606174,1035,68,0.010813898233401963,,72.21785714285714,571
429,0.0926,-5077.707692307693,39.3275,43.9958932238193,93.43839835728953,944,44,0.010502129051885793,,71.98080614203455,676
430,0.092,-6091.2,20.955,22.783783783783782,106.12934362934362,1040,70,0.010669684880774185,,74.43772241992883,353
431,0.0915,-4747.830769230769,17.029166666666665,20.56040609137056,104.40609137055837,947,75,0.010728154399191121,,71.09232175502743,645
432,0.091,-5162.507692307692,20.139166666666668,23.250236966824644,100.39146919431279,1000,69,0.01037570382203635,,43.816326530612244,643
433,0.0905,-4835.784615384615,21.2025,23.656899810964084,91.39792060491493,1006,67,0.010362225256873431,,38.903677758318736,248
434,0.09,-5674.507692307691,25.203333333333333,28.250919117647058,92.52941176470588,1023,56,0.010291711877646246,,29.015539305301644,866
435,0.0895,-4750.676923076922,17.058333333333334,20.148554336989033,102.70089730807577,955,76,0.009857286598705023,,63.950697674418606,473
436,0.089,-5280.0,17.7975,20.336585365853658,97.93073170731708,1000,68,0.01015538698272682,,39.32089552238806,712
437,0.0885,-5455.738461538462,18.4325,19.78205128205128,88.62728937728937,1090,60,0.010347663996297022,,22.2195791399817,651
438,0.088,-6336.523076923077,30.638333333333332,31.903283052351377,111.11978704525288,1074,64,0.01034474302061189,,60.02447552447553,661
439,0.0876,-5725.2307692307695,20.5175,21.2430426716141,95.25510204081633,1067,64,0.01015628641727002,,31.990749306197966,457
440,0.0871,-7116.661538461539,39.07083333333333,39.003042596348884,128.90669371196753,942,67,0.010217411303222382,,90.01788908765653,323
441,0.0866,-5909.538461538461,29.726666666666667,33.90403071017275,100.69001919385796,984,58,0.010410848721628087,,39.7780925401322,363
442,0.0861,-6089.338461538461,25.404166666666665,27.625579240037073,95.3456904541242,1031,58,0.010504069141577164,,29.692236598890943,852
443,0.0856,-6985.861538461539,31.588333333333335,36.09295499021526,125.65362035225048,982,71,0.010451734612747674,,60.71050228310502,88
444,0.0852,-6834.369230769231,31.27166666666667,33.72289156626506,118.08155699721965,1036,65,0.010692317702558615,,62.05759162303665,438
445,0.0847,-5010.153846153846,19.981666666666666,22.711048158640228,102.42209631728045,1015,71,0.010277104635705813,,50.10205908683975,732
446,0.0842,-5331.707692307692,21.060833333333335,23.10952380952381,105.74190476190476,1018,75,0.010337524579928483,,48.018716577540104,336
447,0.0838,-4315.36923076923,15.344166666666666,17.557251908396946,93.17366412213741,994,72,0.010068975605291894,,40.77101967799642,498
448,0.0833,-6290.461538461538,27.058333333333334,29.56225296442688,112.79347826086956,999,67,0.010392242554498183,,59.491387126019944,764
449,0.0828,-7006.676923076923,26.98,29.479411764705883,112.47450980392156,1005,68,0.010809343004417764,,51.86895910780669,320
450,0.0824,-5553.553846153847,35.88,40.79847908745247,102.53802281368822,1016,56,0.010802903589317256,,51.54144144144144,763
451,0.0819,-6278.615384615385,41.41166666666667,32.72631578947368,100.9645933014354,983,54,0.01045388997760876,,76.43682310469315,267
452,0.0815,-6200.184615384615,38.905833333333334,34.931839402427634,101.68253968253968,1023,52,0.010336508201476365,,79.63874345549738,482
453,0.081,-5634.953846153847,46.096666666666664,39.45717344753747,89.39400428265525,919,43,0.010427844804787922,,108.9250936329588,501
454,0.0806,-5878.107692307692,21.19,24.659329140461217,117.46855345911949,967,79,0.010326329505824077,,95.01020408163265,147
455,0.0801,-5739.076923076923,21.936666666666667,24.058479532163744,109.82261208576998,1021,73,0.010215498632443134,,66.13351498637603,820
456,0.0797,-5817.446153846155,20.585833333333333,23.03620352250489,102.0371819960861,1031,62,0.010401040487043932,,37.781544256120526,104
457,0.0792,-5390.323076923077,41.43416666666667,46.81231953801733,101.07218479307026,986,47,0.010447200301584112,,78.29622980251347,831
458,0.0788,-4094.1384615384613,16.53,18.50094696969697,76.09469696969697,992,61,0.011188901461313858,,18.664794007490638,270
459,0.0784,-5778.015384615384,37.354166666666664,42.67175572519084,96.95992366412214,1006,46,0.010877052432027821,,56.11727272727273,860
460,0.0779,-5549.661538461539,23.215,27.233654876741692,119.11146838156485,901,81,0.01024340728443413,,100.84829443447038,142
461,0.0775,-5776.076923076924,21.255,23.766059443911793,102.22914669223394,1000,65,0.01029124499315422,,41.612226277372265,6
462,0.0771,-5080.753846153846,42.09583333333333,42.66599190283401,87.15182186234817,931,38,0.010059144005844766,,85.63051470588235,389
463,0.0766,-5554.63076923077,18.6275,21.35425101214575,107.73785425101215,982,74,0.010326268540220904,,73.39416058394161,527
464,0.0762,-4984.661538461538,15.591666666666667,16.171088746569076,90.79688929551692,1073,64,0.010348414095961378,,28.205855443732844,276
465,0.0758,-5917.4,43.325,48.61268939393939,109.72064393939394,984,58,0.010442331844788839,,77.18816254416961,443
466,0.0754,-5101.276923076923,19.324166666666667,22.406096361848576,99.19469026548673,997,68,0.010592981269054376,,40.19831618334892,92
467,0.075,-4734.753846153846,16.778333333333332,18.394833948339482,85.0488929889299,1046,58,0.010231310292512001,,33.55465949820788,462
468,0.0745,-6115.2,23.19,26.21458773784355,113.44714587737843,950,73,0.010589567264659606,,100.94941282746161,257
469,0.0741,-4987.138461538461,19.589166666666667,23.341511285574093,99.97154072620216,994,67,0.009802744615675475,,53.293687099725524,467
470,0.0737,-5919.707692307692,25.555833333333332,30.30589430894309,108.9400406504065,964,70,0.009746697264019166,,60.62162162162162,768
471,0.0733,-4520.661538461538,34.1675,41.63927855711423,87.85571142284569,956,43,0.009529597162398637,,68.13209302325582,548
472,0.0729,-6726.892307692307,43.711666666666666,42.804284323271666,100.55598831548198,972,42,0.009588950070206843,,100.27050610820244,284
473,0.0725,-7244.061538461539,38.276666666666664,41.763430725730444,123.77097078228087,986,63,0.009693645935837315,,64.20656028368795,642
474,0.0721,-6567.461538461538,30.2075,33.36372269705603,117.03133903133903,1019,71,0.009948702623797963,,53.52962298025135,165
475,0.0717,-5274.553846153845,17.945,19.274418604651164,95.71627906976744,1046,66,0.009910170727669206,,46.19095022624435,519
476,0.0713,-5805.153846153846,18.705,20.986381322957197,102.81517509727627,1024,68,0.009999208095038426,,62.98180163785259,116
477,0.0709,-6235.953846153846,22.8475,25.337090163934427,120.80840163934427,972,78,0.009684945209868063,,79.60262417994377,45
478,0.0705,-5772.461538461539,20.890833333333333,23.15909090909091,98.70833333333333,1015,69,0.00980667447108721,,49.43516873889876,493
479,0.0701,-6003.476923076923,20.654166666666665,22.08653846153846,104.4375,1016,67,0.009400176125923154,,48.236866359447006,465
480,0.0697,-5890.492307692308,25.651666666666667,28.610185185185184,105.99074074074075,1016,62,0.009799775226789414,,56.11395759717315,80
481,0.0694,-5570.907692307693,36.825833333333335,43.56385068762279,98.07072691552062,972,44,0.00952287068009664,,59.41110065851364,5
482,0.069,-6893.153846153848,37.528333333333336,41.033301617507135,110.43958135109419,998,50,0.009693980995283449,,49.746309963099634,145
483,0.0686,-6329.676923076923,27.10333333333333,28.937137330754354,106.821083172147,1007,63,0.009547020378018814,,40.462093862815884,122
484,0.0682,-5103.676923076923,37.435,45.03659742828882,93.56577645895153,980,38,0.009400211487387462,,61.91369606003752,541
485,0.0678,-5882.784615384615,43.4425,39.20101522842639,86.06294416243655,972,38,0.009772438033056115,,95.6544315129812,254
486,0.0675,-5863.276923076924,41.43,39.45067698259188,92.90522243713733,992,46,0.009903761136769261,,73.1130198915009,762
487,0.0671,-6633.738461538462,23.47,25.325982742090126,118.25886864813039,1025,76,0.010048216105199667,,72.20334507042253,869
488,0.0667,-4798.461538461539,19.305833333333332,21.594594594594593,77.06616961789375,1048,51,0.00964317446025947,,22.21799628942486,428
489,0.0664,-4778.923076923076,30.650833333333335,34.20744186046512,91.52093023255814,1024,57,0.009798820052116996,,41.20161290322581,382
490,0.066,-6548.599999999999,24.076666666666668,26.47008547008547,106.44919278252611,1022,62,0.010119945670864194,,57.89340560072267,211
491,0.0656,-5922.8,40.07416666666666,47.4507614213198,98.48223350253807,972,41,0.009673627321674308,,71.28874538745387,648
492,0.0653,-5421.723076923077,19.485,21.9189453125,106.6474609375,980,73,0.009938799582408817,,64.86278026905829,704
493,0.0649,-6017.276923076923,27.3975,28.790065604498594,107.29615745079663,1041,72,0.00994452230294455,,59.234226447709595,769
494,0.0645,-4943.153846153847,19.525,20.953917050691246,88.34654377880184,1073,60,0.010421886785274942,,27.63477460901564,299
495,0.0642,-4267.738461538462,33.0225,37.224236641221374,90.40362595419847,1029,60,0.01080125362756391,,42.41284403669725,625
496,0.0638,-5770.323076923077,20.87,24.254789272030653,102.33620689655173,1006,63,0.010479791858456428,,56.92869718309859,741
497,0.0635,-6123.969230769231,27.9,29.76158301158301,99.4488416988417,1021,61,0.010012859594895845,,47.50413223140496,722
498,0.0631,-3988.369230769231,14.050833333333333,15.919172932330827,86.59774436090225,1044,66,0.009575078865540014,,22.95224977043159,730
499,0.0628,-5309.030769230771,16.211666666666666,18.384924623115577,99.47738693467336,999,70,0.009532203043986375,,43.35938989513823,110
500,0.0624,-4765.076923076923,34.48166666666667,39.21631878557875,91.68975332068311,999,52,0.009519978326082906,,58.020890099909174,340
501,0.0621,-5760.876923076923,20.355833333333333,22.4841997961264,108.71049949031601,967,73,0.00945030115823527,,103.92039355992844,404
502,0.0617,-5086.738461538462,22.3925,26.223735408560312,108.76848249027238,985,74,0.009866691232132777,,47.07909090909091,358
503,0.0614,-6102.953846153846,35.5825,38.69429097605893,108.34254143646409,1023,57,0.009452314132995134,,64.84103019538188,99
504,0.0611,-5418.984615384616,17.900833333333335,19.768199233716476,98.82088122605364,1031,69,0.00957015822386884,,46.86666666666667,135
505,0.0607,-6008.9384615384615,19.734166666666667,21.866732477788748,107.65844027640671,1005,74,0.00944704950132831,,77.38864241348713,293
506,0.0604,-5304.507692307692,17.088333333333335,16.68132854578097,95.19928186714542,1094,69,0.010197380375741846,,60.33161068044789,686
507,0.06,-5337.96923076923,37.1475,43.386875612144955,95.4877571008815,991,45,0.010301973473417237,,58.89750692520776,383
508,0.0597,-4683.846153846154,25.341666666666665,29.674017257909874,95.03930968360498,982,61,0.009661638461998547,,33.11142322097378,809
509,0.0594,-5516.246153846154,18.1975,20.36736641221374,103.11068702290076,1024,71,0.010287672441339277,,65.85701906412478,747
510,0.0591,-5408.384615384615,34.70166666666667,37.69317118802619,94.16557530402245,998,54,0.010742867072528218,,54.873655913978496,716
511,0.0587,-5113.723076923077,18.088333333333335,21.67622950819672,107.1577868852459,952,74,0.010524749970554075,,89.11281588447653,227
512,0.0584,-5999.553846153846,40.4475,37.11770244821092,98.33709981167608,1017,51,0.010381172978436938,,70.09723461195361,0
513,0.0581,-4592.492307692308,17.716666666666665,20.354186717998076,94.97497593840231,992,70,0.010615884485177238,,34.767313019390585,705
514,0.0578,-2949.446153846154,14.88,16.281220209723546,63.50047664442326,1030,54,0.009653707903530968,,16.38417540514776,547
515,0.0574,-5810.415384615385,20.1375,22.54989816700611,109.80346232179227,989,76,0.009565596427959679,,83.21755027422303,283
516,0.0571,-5420.446153846153,19.631666666666668,23.52923387096774,97.75403225806451,955,61,0.010302979609740933,,52.55045871559633,253
517,0.0568,-4052.9538461538464,21.9725,24.487179487179485,86.62179487179488,1032,57,0.009789749979477782,,27.745205479452054,441
518,0.0565,-5560.630769230769,38.88666666666666,42.341293532338305,92.41592039800994,968,38,0.009874822823830105,,70.09444444444445,585
519,0.0562,-6254.738461538462,39.885,28.909441233140655,97.72157996146436,1009,52,0.010193057164278286,,73.08127853881278,644
520,0.0559,-5486.876923076923,38.818333333333335,36.149155722326455,94.08067542213884,1058,57,0.010686673797845625,,49.15639374425023,466
521,0.0556,-5030.0615384615385,38.94083333333333,44.81881881881882,92.3983983983984,970,39,0.010263370856166174,,78.15078630897317,234
522,0.0553,-6458.384615384615,44.72666666666667,44.6378640776699,99.06504854368931,1017,44,0.010122853392823969,,78.64542190305207,507
523,0.0549,-5661.723076923077,22.313333333333333,23.88294930875576,96.33548387096774,1025,62,0.00978013416915381,,48.12237442922375,87
524,0.0546,-5978.953846153847,21.756666666666668,24.36390532544379,111.97731755424063,990,77,0.009538960931134535,,89.35978835978835,269
525,0.0543,-5980.384615384615,24.08416666666667,25.810377358490566,106.05094339622642,1029,68,0.009948441488106401,,54.524432809773124,249
526,0.054,-6171.938461538462,23.815,26.297450424929178,111.44287063267234,1030,71,0.010188451034726065,,51.99649122807018,8
527,0.0537,-6596.046153846154,28.284166666666668,30.62948593598448,121.53831231813773,1016,74,0.00985909501760397,,75.80981595092024,239
528,0.0534,-4769.553846153846,25.435,27.939393939393938,81.67897727272727,1029,48,0.00913821246774925,,31.754874651810585,887
529,0.0531,-5631.400000000001,43.13333333333333,43.90325865580448,95.89714867617108,948,46,0.009350915989447026,,83.43854748603351,678
530,0.0529,-5517.107692307693,41.85166666666667,48.723,98.301,972,42,0.010086585542315674,,84.64176417641764,22
531,0.0526,-5377.307692307692,18.14666666666667,20.56751467710372,101.67514677103718,991,68,0.009877216589161405,,63.960694698354665,827
532,0.0523,-5361.246153846154,42.04083333333333,39.71443193449335,85.90583418628455,965,37,0.009669735213170154,,76.83473389355743,838
533,0.052,-5421.430769230768,36.16583333333333,41.36354961832061,90.63931297709924,1008,39,0.009733543669746903,,55.14010989010989,339
534,0.0517,-4382.938461538462,29.686666666666667,34.48464491362764,86.79654510556622,1028,51,0.010358447695063283,,39.735238095238095,119
535,0.0514,-5547.56923076923,37.77333333333333,43.052430886558625,97.18970448045758,990,45,0.00982037651494093,,53.474701011959525,43
536,0.0511,-5112.200000000001,18.3725,20.78688524590164,99.83317261330762,994,71,0.010208568351106262,,39.32178669097539,825
537,0.0508,-5009.061538461538,36.340833333333336,42.235181644359464,93.22657743785851,989,40,0.009813598085578292,,63.45421245421245,586
538,0.0506,-4461.107692307693,38.17666666666667,47.51774530271399,93.07828810020877,911,49,0.010195345275382411,,76.2502387774594,446
539,0.0503,-6199.815384615385,25.678333333333335,27.69747081712062,111.98735408560312,984,70,0.010369536102003167,,82.20564872021183,624
540,0.05,-6893.523076923077,41.274166666666666,43.03176043557169,115.6043557168784,1035,54,0.01035498564690497,,64.36291038154393,598
541,0.05,-6932.707692307693,48.844166666666666,52.47991967871486,108.69477911646587,966,45,0.010114013121422186,,98.96585804132974,388
542,0.05,-4495.8,34.2825,39.67526265520535,91.76695319961796,974,52,0.010053685684525722,,56.09090909090909,778
543,0.05,-7810.830769230769,36.846666666666664,33.443502824858754,117.26647834274952,1005,63,0.009652551691578654,,53.303113553113555,631
544,0.05,-6824.43076923077,38.28333333333333,36.69479882237488,121.4847890088322,959,66,0.00966368280675409,,65.15209471766849,688
545,0.05,-5260.0615384615385,41.888333333333335,46.27406679764243,96.62671905697447,990,44,0.00950981712090002,,77.35642661804923,818
546,0.05,-6951.153846153845,39.34,41.70817843866171,122.20910780669145,1005,63,0.009479785306441562,,57.743589743589745,287
547,0.05,-5912.200000000001,46.7925,33.45891783567134,83.10420841683367,988,42,0.009416144377093693,,95.40688437775816,534
548,0.05,-5808.584615384616,41.159166666666664,48.194556451612904,98.20766129032258,974,40,0.008967745232775493,,92.0399274047187,318
549,0.05,-5475.569230769231,40.535,40.902293120638085,92.25722831505483,981,44,0.009307454559441836,,72.53295668549906,422
550,0.05,-5074.030769230769,18.305833333333332,21.2168905950096,99.63819577735124,1005,70,0.009408738928833735,,36.42909760589318,708
551,0.05,-6122.292307692307,39.92583333333334,46.761265580057525,99.90604026845638,971,42,0.01004201204346712,,76.52085181898846,693
552,0.05,-5711.476923076923,36.855,40.886792452830186,94.81231380337637,985,43,0.00974071981021876,,51.29801324503311,177
553,0.05,-4965.876923076923,33.19833333333333,37.78414517669532,90.71824259789877,1013,51,0.009975452548350201,,44.63235294117647,241
554,0.05,-6238.369230769231,22.1625,23.587155963302752,114.12538226299694,960,78,0.009191793948109895,,101.09270927092709,18
555,0.05,-3931.6769230769232,26.038333333333334,29.643939393939394,80.38257575757575,1036,51,0.008833443273936158,,31.422932330827066,187
556,0.05,-6252.153846153846,23.741666666666667,25.143897996357012,102.54735883424408,1039,67,0.009098457626558995,,28.508992805755394,891
557,0.05,-6381.846153846154,38.31166666666667,40.96078431372549,108.15490196078431,978,54,0.008983149758361609,,71.09074074074074,366
558,0.05,-6714.184615384615,40.31333333333333,44.483067729083665,117.00697211155378,954,56,0.009307816362945543,,67.05078485687903,300
559,0.05,-6778.523076923077,41.04833333333333,42.487031700288185,119.06628242074927,1023,56,0.008782544719478534,,60.56,796
560,0.05,-6154.507692307692,18.511666666666667,20.442043222003928,99.89194499017681,1025,66,0.00905876181454262,,52.00628366247756,549
561,0.05,-4897.6461538461535,30.54,34.668534080298784,86.66013071895425,1038,44,0.008876980938915618,,47.69077757685353,232
562,0.05,-6073.907692307692,40.23916666666667,43.17614165890028,105.11369990680336,991,51,0.00929362894591468,,70.03926701570681,544
563,0.05,-5388.738461538462,41.494166666666665,34.523622047244096,82.99507874015748,991,42,0.009575492439058116,,87.27313566936209,494
564,0.05,-5678.953846153846,24.919166666666666,28.185116279069767,100.25302325581396,1028,58,0.009702053638862913,,36.649302325581395,646
565,0.05,-4994.3538461538465,32.229166666666664,37.25711574952562,88.207779886148,1004,42,0.009318323619538316,,50.13107241063245,550
566,0.05,-3537.246153846154,32.91416666666667,37.65425023877746,86.87965616045845,1001,63,0.009616563812268766,,64.41176470588235,524
567,0.05,-7339.969230769231,49.05583333333333,33.52611218568666,98.573500967118,987,50,0.009251134684477056,,101.97205240174672,873
568,0.05,-5656.8,39.985,40.53088803088803,93.02509652509653,1017,48,0.009014101661080262,,56.10244786944696,209
569,0.05,-5413.6,45.465833333333336,25.038379530916846,67.38912579957356,944,34,0.008441784013207053,,102.33946642134315,793
570,0.05,-6813.0615384615385,43.6725,47.25072324011572,104.77724204435873,1004,40,0.008189057126251188,,77.87136563876652,127
571,0.05,-6588.092307692307,25.901666666666667,27.42393509127789,117.13793103448276,982,74,0.00804447182066906,,69.13565536205316,405
572,0.05,-6735.292307692306,42.630833333333335,49.950095969289826,104.15642994241843,989,38,0.008188318399683207,,81.89103690685413,221
573,0.05,-7213.092307692308,36.49916666666667,40.38068709377902,102.02785515320335,1013,42,0.008443390214561261,,47.87771739130435,756
574,0.05,-5748.846153846153,24.095,28.646123260437374,99.99005964214712,980,57,0.008729908433934794,,45.819626168224296,897
575,0.05,-4564.338461538461,32.401666666666664,37.12199807877041,86.23535062439962,1022,42,0.008813726859094477,,43.515263644773356,603
576,0.05,-5080.9384615384615,35.76833333333333,38.653266331658294,91.68341708542714,975,47,0.009499770606945051,,56.11895551257253,20
577,0.05,-6447.030769230769,29.8225,33.43962264150943,114.64245283018867,994,66,0.008734090673364454,,49.60749330954505,59
578,0.05,-4757.076923076924,16.975833333333334,19.206084396467126,100.01766437684005,976,72,0.008509472806146223,,60.710669077757686,367
579,0.05,-5673.861538461538,36.134166666666665,42.491106719367586,94.47430830039525,985,40,0.00868496557324138,,57.23062381852552,893
580,0.05,-7140.0,40.4,42.103385178408054,115.31290027447392,1018,53,0.007918652470222033,,53.76651982378855,619
581,0.05,-5793.446153846154,36.61083333333333,39.97551420176298,95.486777668952,992,47,0.008487608735886323,,54.05362182502352,13
582,0.05,-7230.738461538462,43.344166666666666,46.59943181818182,106.21875,1042,43,0.00835275493822303,,68.21268990169794,729
583,0.05,-5059.230769230769,17.128333333333334,19.873804971319313,91.31357552581262,1012,61,0.008336107141281026,,42.40608228980322,607
584,0.05,-4171.6461538461535,26.341666666666665,31.082765335929892,77.3330087633885,1006,40,0.008329144921992408,,42.184331797235025,440
585,0.05,-7037.061538461539,43.4425,46.35748331744519,121.99809342230697,988,58,0.00822905823569951,,89.8322869955157,487
586,0.05,-4630.476923076923,17.563333333333333,19.965876777251186,73.75165876777251,1034,44,0.00804396877323226,,20.22748815165877,702
587,0.05,-6255.292307692307,28.585833333333333,32.18929254302103,115.33365200764818,1003,70,0.007919818407784784,,40.66757741347905,844
588,0.05,-6264.338461538461,40.96333333333333,32.02270483711747,96.58538993089832,977,48,0.007957610885490093,,80.77117117117118,316
589,0.05,-5032.6,32.611666666666665,36.81088560885609,91.13284132841328,1021,42,0.007372217773474645,,43.523381294964025,279
590,0.05,-5655.415384615385,38.086666666666666,43.07109004739336,92.12701421800948,993,38,0.007972169815936073,,73.77105263157895,347
591,0.05,-5740.246153846154,23.250833333333333,26.646942800788956,110.13806706114399,974,67,0.007761523755961538,,75.24239713774597,386
592,0.05,-5740.692307692307,20.2625,23.96896896896897,102.95595595595596,969,67,0.008090762579342246,,65.77757352941177,161
593,0.05,-5871.753846153846,39.43333333333333,45.98122529644269,97.34486166007905,968,41,0.008405133211526764,,73.36080586080585,505
594,0.05,-5495.569230769232,18.454166666666666,21.766776677667767,114.43784378437844,909,85,0.008608556289984184,,102.81352833638026,772
595,0.05,-5813.83076923077,22.870833333333334,24.81499513145083,105.52288218111003,1013,70,0.008868895179740132,,51.847122302158276,273
596,0.05,-4150.830769230769,17.194166666666668,21.176113360323885,96.76113360323886,935,71,0.008647160787443332,,55.75139146567718,456
597,0.05,-4861.676923076923,31.8675,35.13971291866029,84.32631578947368,1028,45,0.008589492134751499,,43.97012138188609,370
598,0.05,-6041.461538461539,43.66916666666667,52.4025974025974,105.03096903096903,987,40,0.00879798034503367,,92.75541516245487,277
599,0.05,-6635.092307692306,35.94916666666666,41.092261904761905,130.6140873015873,936,66,0.008631781399079247,,93.02884615384616,596
600,0.05,-6894.984615384615,43.21333333333333,39.55597722960152,116.48007590132828,1011,60,0.008863533184803063,,84.68541300527241,506
601,0.05,-6428.1846153846145,37.7475,41.5243553008596,96.55014326647564,1017,42,0.008666060453766604,,54.98987108655617,308
602,0.05,-5910.846153846154,37.48916666666667,41.97495361781076,94.42578849721707,1046,38,0.008642893393525405,,52.47822222222222,344
603,0.05,-6127.400000000001,46.17666666666667,46.19878910191726,97.57719475277497,984,39,0.008578613178112529,,98.45904590459045,655
604,0.05,-5340.200000000001,46.38916666666667,24.90815273477812,68.38390092879257,948,34,0.008561394242175899,,102.85739910313902,238
605,0.05,-5641.4,37.18,38.49114173228347,91.84645669291339,1006,44,0.009473575298001382,,55.69201520912547,212
606,0.05,-4642.953846153846,16.069166666666668,18.199214916584886,100.21687929342492,972,74,0.00919341735703613,,53.528162511542014,633
607,0.05,-4887.4,33.14,39.514619883040936,90.62962962962963,983,47,0.00894465943434197,,52.79015784586815,453
608,0.05,-5114.430769230768,36.16166666666667,40.447610294117645,90.8658088235294,1047,42,0.008181913716977131,,58.507462686567166,188
609,0.05,-7139.076923076922,39.99916666666667,40.32115384615385,116.8451923076923,992,62,0.008168818489859146,,57.219401631912966,419
610,0.05,-6061.569230769232,47.56166666666667,37.05882352941177,85.6780185758514,977,36,0.00839331156916363,,87.95450324976787,779
611,0.05,-6569.246153846155,40.60666666666667,35.537753222836095,95.36187845303867,1050,44,0.008175784019008894,,55.68545454545455,562
612,0.05,-5770.415384615385,32.119166666666665,36.26310861423221,92.27715355805243,1026,46,0.008388233412903038,,38.45013723696249,359
613,0.05,-5753.2,41.413333333333334,47.86905916585839,98.61299709020369,1025,39,0.008144857027663762,,78.48509485094851,203
614,0.05,-6496.969230769231,40.18416666666667,44.47826086956522,101.39224952741021,987,41,0.008052385087282262,,74.5216606498195,899
615,0.05,-6326.0615384615385,43.64083333333333,39.74034749034749,94.57915057915058,1051,49,0.008443817958645298,,85.5754039497307,452
616,0.05,-6909.200000000001,40.6,46.980582524271846,104.32912621359223,965,42,0.007983375997377702,,62.8452935694315,411
617,0.05,-5380.523076923077,31.954166666666666,37.146806482364155,92.17921830314586,992,42,0.007766331713442852,,41.07784986098239,289
618,0.05,-5225.615384615385,39.825,43.503311258278146,95.98391674550615,1036,45,0.00794217923828267,,76.46725663716815,413
619,0.05,-6478.584615384616,29.6125,29.74245283018868,109.88679245283019,1027,60,0.008024316303251738,,41.015553522415374,659
620,0.05,-6203.323076923078,30.004166666666666,33.36529680365297,100.0675799086758,1025,50,0.007659466246113058,,37.87914055505819,578
621,0.05,-6772.446153846154,37.80583333333333,42.29075309818875,120.53098188751191,971,58,0.007516730805333484,,59.969807868252516,364
622,0.05,-5873.261538461538,40.68416666666667,44.042857142857144,92.9826530612245,949,37,0.007525510495953936,,80.91869158878505,7
623,0.05,-5317.984615384616,16.281666666666666,17.407869481765836,97.36660268714012,1020,68,0.007681794880073358,,44.85583103764922,260
624,0.05,-5428.538461538461,34.3325,38.25894538606403,89.79472693032015,1034,41,0.008061880493613874,,51.824955116696586,894
625,0.05,-6100.184615384616,44.979166666666664,42.88288288288288,94.7957957957958,970,37,0.008248531066549705,,88.81709558823529,590
626,0.05,-5707.784615384615,40.81166666666667,46.82885572139303,99.8228855721393,966,44,0.008333129705900192,,78.0845588235294,787
627,0.05,-7604.892307692307,45.204166666666666,37.219138755980865,113.65167464114832,1011,57,0.008016016967898975,,96.50920245398773,321
628,0.05,-4438.661538461538,26.569166666666668,30.476908576814328,83.49198868991517,1038,46,0.0077714251348408,,34.28264925373134,184
629,0.05,-6327.96923076923,21.723333333333333,24.96673387096774,114.59879032258064,962,73,0.0074168291340568635,,53.32502308402585,217
630,0.05,-6433.846153846154,25.255,30.806550665301945,120.52405322415558,969,73,0.00760360670389436,,78.61261261261261,587
631,0.05,-5834.369230769231,41.23916666666667,41.887585532746826,93.01270772238514,1011,39,0.007573463583487636,,75.34080717488789,592
632,0.05,-5670.292307692307,25.2575,28.38058991436727,89.68315889628924,1029,50,0.007665863825614604,,31.621112158341187,333
633,0.05,-4720.076923076924,26.854166666666668,30.52112676056338,81.96807511737089,1011,42,0.007789624429961458,,37.0665451230629,726
634,0.05,-6171.323076923077,41.69916666666666,43.55242718446602,98.39417475728155,1018,40,0.008192452758119164,,78.54379562043796,114
635,0.05,-5506.56923076923,40.329166666666666,36.91793893129771,91.84637404580153,1033,45,0.00795909784994175,,66.27447392497713,573
636,0.05,-5824.492307692308,18.065,20.03488372093023,102.28875968992249,1058,70,0.007858985440820148,,43.38203266787659,172
637,0.05,-7294.83076923077,33.35,35.512968299711815,103.30163304514889,1007,49,0.008201444012934489,,52.178669097538744,416
638,0.05,-7689.138461538463,40.43,43.21132075471698,124.61698113207547,1017,64,0.008040207309497,,82.38183347350714,612
639,0.05,-8898.553846153847,46.16916666666667,48.747368421052634,131.85645933014354,1002,60,0.008132082032653556,,88.96736174070716,93
640,0.05,-3474.492307692308,20.541666666666668,24.14435946462715,71.25525812619503,1011,46,0.007872360056680214,,28.985185185185184,865
641,0.05,-4526.261538461538,20.008333333333333,23.451552210724365,72.37347130761994,1005,44,0.008186527956410969,,24.86672879776328,403
642,0.05,-5903.723076923077,34.3375,39.35209923664122,102.96087786259542,997,53,0.008066664572367972,,54.07857811038354,381
643,0.05,-6014.738461538462,34.225,39.802747791952896,124.12855740922473,948,75,0.009131215763351417,,66.39799635701274,14
644,0.05,-6170.123076923077,42.8525,40.6101860920666,95.5435847208619,1005,43,0.008415081754097583,,84.13560885608857,847
645,0.05,-6569.630769230769,35.83083333333333,40.507015902712816,108.66417212347989,994,49,0.008676382239621312,,46.71937842778794,275
646,0.05,-5795.969230769231,24.701666666666668,27.391221374045802,106.8043893129771,995,66,0.008658098823588395,,45.56985294117647,317
647,0.05,-3719.046153846153,20.798333333333332,24.29263565891473,71.87596899224806,1000,47,0.00842441824936035,,27.424270931326436,804
648,0.05,-6622.630769230769,46.064166666666665,54.324649298597194,105.78456913827655,975,36,0.007972725637082002,,96.19641255605382,502
649,0.05,-5319.953846153846,38.69416666666667,37.67318982387476,89.7641878669276,1015,42,0.007788803199708841,,74.27413479052824,700
650,0.05,-5535.169230769231,35.18333333333333,41.676847290640396,95.10738916256157,989,40,0.008134652027777875,,52.816287878787875,671
651,0.05,-5037.307692307692,20.159166666666668,22.83613030602172,111.32872655478776,979,80,0.008290557935150052,,68.87421383647799,575
652,0.05,-6220.66153846154,30.591666666666665,33.49856733524355,88.5577841451767,992,43,0.008144711187827034,,38.27906976744186,27
653,0.05,-5629.046153846153,38.34,43.539114043355326,99.41564561734214,1036,45,0.008271225321593493,,66.70294380017842,97
654,0.05,-6826.430769230768,45.6775,51.484848484848484,109.5979797979798,976,44,0.00837068835039065,,84.74511627906976,109
655,0.05,-6430.507692307692,46.266666666666666,38.35907723169508,89.51955867602808,983,40,0.008251670097476313,,97.69462169553327,566
656,0.05,-6014.276923076923,27.905,31.222846441947567,102.45692883895131,993,57,0.008626342670545392,,37.759963768115945,360
657,0.05,-5841.538461538462,20.105,23.317198764160658,115.20185375901133,947,79,0.00886256661460661,,68.9248188405797,30
658,0.05,-4953.676923076923,18.61916666666667,21.82088122605364,95.49233716475096,974,64,0.008775448373730245,,42.72429481346679,143
659,0.05,-7005.692307692307,49.799166666666665,31.35187057633974,84.6835187057634,971,41,0.008440798824725601,,89.6976534296029,259
660,0.05,-2988.630769230769,11.2875,12.763757115749526,63.79316888045541,1055,64,0.008650559083101405,,12.883301707779886,727
661,0.05,-6342.384615384616,33.913333333333334,36.54463390170512,121.6680040120361,961,68,0.008225395591601754,,75.0,675
662,0.05,-5185.830769230769,37.223333333333336,40.94820717131474,90.94521912350598,1015,41,0.008256352987775242,,54.049579045837234,601
663,0.05,-5492.538461538462,36.98416666666667,44.33889980353634,95.41944990176817,970,40,0.008273360811791416,,73.79909502262443,178
664,0.05,-5427.876923076923,38.049166666666665,46.839080459770116,94.25914315569489,930,39,0.008127443150249956,,81.17608286252354,898
665,0.05,-5665.861538461539,39.83083333333333,45.39160839160839,97.46953046953047,969,43,0.008203523935506603,,65.10121836925961,674
666,0.05,-6607.876923076924,45.655,49.0577915376677,101.26212590299278,971,40,0.008168914343524914,,89.37628384687208,414
667,0.05,-6142.523076923077,42.81666666666667,47.66172106824926,104.57467853610287,963,55,0.008933214011294018,,91.54586330935251,766
668,0.05,-5317.6,19.080833333333334,21.432765151515152,98.82102272727273,1039,65,0.008522336979061226,,64.04799301919721,849
669,0.05,-7250.9384615384615,50.39333333333333,49.18081918081918,126.44755244755245,965,61,0.008325557394525387,,106.45299910474485,669
670,0.05,-5692.138461538461,39.1775,48.15438950554995,103.80928355196771,954,40,0.008233618521180867,,64.83539486203615,758
671,0.05,-7237.030769230771,27.5575,31.208780487804876,121.42926829268292,971,73,0.008325068910607004,,65.16606822262119,797
672,0.05,-5412.707692307693,38.99583333333333,45.58637709772952,94.39782823297138,994,40,0.008386956517001564,,67.47021081576536,430
673,0.05,-5069.938461538461,41.105,49.40042149631191,95.0958904109589,922,36,0.0082360403026203,,96.99338999055713,512
674,0.05,-5776.630769230769,43.61333333333334,33.457868020304566,79.31167512690355,962,36,0.008121582334066376,,86.17150635208712,70
675,0.05,-5973.923076923076,40.05583333333333,43.806042884990255,98.12865497076024,1004,41,0.008354480504715834,,64.3793427230047,395
676,0.05,-5611.6,39.82666666666667,45.0,105.68169014084508,978,55,0.008401125358593385,,74.31932021466905,630
677,0.05,-4189.184615384615,18.553333333333335,20.210045662100455,76.8283105022831,1064,58,0.008425437154324525,,21.410958904109588,11
678,0.05,-5844.138461538461,25.560833333333335,28.066918001885014,96.09802073515552,1019,55,0.008560514593871502,,31.716742081447965,478
679,0.05,-5465.861538461539,45.09,38.1139896373057,82.15336787564767,923,36,0.008775061522824364,,99.29771689497717,392
680,0.05,-4594.107692307693,37.094166666666666,45.19114688128773,90.16398390342053,952,38,0.00854235365298162,,81.87673772011121,874
681,0.05,-5399.984615384615,36.513333333333335,41.976099426386234,108.06118546845124,964,56,0.009428910263788906,,76.60121633362294,131
682,0.05,-5879.200000000001,42.071666666666665,49.0,101.18072289156626,963,40,0.008352125686847725,,78.25093632958801,322
683,0.05,-6694.123076923078,44.8675,52.63618090452261,108.56582914572864,980,40,0.00861173986379762,,82.0154686078253,736
684,0.05,-6018.507692307692,47.266666666666666,31.074596774193548,80.8195564516129,948,43,0.008642746347165085,,91.75982142857143,872
685,0.05,-5412.569230769232,39.27916666666667,47.64835164835165,96.97102897102897,949,42,0.009182295723820918,,89.83646112600536,197
686,0.05,-6431.323076923076,46.61,46.00827300930713,97.62564632885211,945,42,0.00868401565485147,,93.70940959409594,560
687,0.05,-3836.2615384615387,21.195,23.38904363974002,71.15598885793872,1029,48,0.008744606928448452,,28.07038391224863,845
688,0.05,-6214.215384615385,43.303333333333335,47.67093596059113,97.79408866995074,982,35,0.008748680473855033,,73.0352504638219,531
689,0.05,-6101.323076923078,40.37416666666667,47.368951612903224,100.5070564516129,975,47,0.008579218978182543,,71.13927576601671,426
690,0.05,-6048.676923076923,41.58,50.144883485309016,98.51570415400202,977,37,0.008522915308671693,,86.13296903460838,826
691,0.05,-6533.96923076923,47.91833333333334,29.92814371257485,77.81437125748504,970,35,0.008385749707261239,,88.87287376902417,26
692,0.05,-4711.846153846154,36.185,44.48585858585859,89.85757575757576,946,40,0.008455772720752364,,71.81116279069768,319
693,0.05,-6669.846153846154,48.5425,43.407370517928285,93.40637450199203,992,34,0.008340273983590819,,99.46200873362446,290
694,0.05,-6437.6,49.37166666666667,26.504319654427647,74.39740820734342,908,34,0.008162044094953646,,109.17005545286507,862
695,0.05,-5663.953846153847,47.61833333333333,24.673447537473233,69.27516059957173,916,36,0.008012717944670917,,99.19340054995418,451
696,0.05,-5668.738461538462,43.4275,43.33092037228542,90.95863495346433,966,38,0.00824563143068686,,101.33241252302025,155
697,0.05,-7025.892307692307,49.3125,37.08130081300813,89.07418699186992,964,32,0.008145740588808065,,97.67799642218247,532
698,0.05,-6993.2307692307695,49.225,47.863911290322584,99.27520161290323,989,35,0.00785250530697585,,97.73688888888888,56
699,0.05,-5867.83076923077,43.846666666666664,42.76961271102284,93.35054617676266,978,38,0.00751939736458738,,84.84086799276673,399
700,0.05,-5690.16923076923,44.25416666666667,28.477580813347238,72.8415015641293,933,36,0.007519711011041567,,86.59906542056075,207
701,0.05,-4972.938461538461,43.10166666666667,47.85297184567258,90.7361835245047,944,34,0.0075160556661885425,,110.89295272078502,553
702,0.05,-5807.923076923076,46.82666666666667,35.45473908413206,82.09371671991481,943,35,0.007621177797164652,,87.0673624288425,326
703,0.05,-5175.969230769231,38.723333333333336,46.57905337361531,92.66666666666667,976,38,0.007510515416087784,,82.40995475113122,444
704,0.05,-6229.4,40.69416666666667,45.048590864917394,99.910592808552,987,38,0.007382747064868291,,71.07175295186194,773
705,0.05,-6929.153846153846,42.458333333333336,51.82608695652174,119.73003033367037,935,48,0.00763312935041684,,81.04779411764706,435
706,0.05,-5176.3538461538465,43.424166666666665,41.230526315789476,84.41052631578947,927,36,0.0077572972551019,,98.21159153633855,173
707,0.05,-6250.307692307692,41.92333333333333,35.177263969171484,103.2514450867052,954,53,0.007541760547600333,,95.90509059534081,431
708,0.05,-6069.307692307692,44.93083333333333,44.0921052631579,91.68623481781377,939,34,0.007548893130919623,,101.06480648064806,503
709,0.05,-7717.03076923077,50.44833333333333,45.26861167002012,101.13983903420524,971,36,0.007376426044833953,,93.21318879855465,784
710,0.05,-7761.738461538462,51.711666666666666,51.7482088024565,128.67963152507676,923,61,0.007467949502816829,,113.46324180690877,47
711,0.05,-5189.0153846153835,39.3325,47.2832131822863,92.33367662203914,940,36,0.007539325071405314,,93.32120109190173,689
712,0.05,-6114.646153846154,29.053333333333335,33.20712277413308,101.88378631677601,987,57,0.007671064285299245,,39.28649635036496,393
713,0.05,-7285.615384615383,44.608333333333334,51.77058823529412,109.83431372549019,989,40,0.007421502648157666,,81.76744186046511,86
714,0.05,-5077.184615384615,38.95916666666667,44.27603640040445,89.78260869565217,961,36,0.0073128024470390475,,84.30300272975433,815
715,0.05,-7993.615384615385,51.70666666666666,43.147762747138394,107.4120707596254,958,42,0.0072995899737647914,,97.91117216117216,296
716,0.05,-5002.076923076923,44.240833333333335,42.31368421052632,85.4621052631579,909,34,0.007383590212603842,,99.64558139534884,439
717,0.05,-5749.799999999999,42.75833333333333,42.851222104144526,88.89479277364507,924,36,0.0075278956511108585,,86.53639846743295,822
718,0.05,-6448.938461538462,46.2425,41.43922369765066,88.95505617977528,981,35,0.007208782967905484,,97.33603603603603,106
719,0.05,-5769.292307692307,42.928333333333335,45.13502538071066,93.90253807106599,965,38,0.007019864908673361,,97.22089825847846,582
720,0.05,-4756.7692307692305,32.425,39.03057199211045,85.42899408284023,973,36,0.006780325532874834,,66.31540565177758,584
721,0.05,-6395.43076923077,43.02166666666667,45.07959183673469,98.45,967,38,0.006643027563099046,,80.10104861773117,117
722,0.05,-5134.107692307693,38.83583333333333,45.03060217176703,94.29318854886476,1013,40,0.00694320034614335,,75.6810661764706,57
723,0.05,-5450.723076923077,41.625,42.39752832131823,90.96601441812564,968,38,0.0064126156736230315,,78.52764761012183,668
724,0.05,-6124.723076923077,44.6225,42.48730964467005,90.67918781725888,944,35,0.006464134455049744,,91.7073837739289,423
725,0.05,-6255.138461538461,44.810833333333335,45.31062951496388,95.63880288957688,976,40,0.0063934418098943735,,90.03457943925234,251
726,0.05,-8238.507692307692,40.45666666666666,44.974559686888455,125.52054794520548,982,58,0.00632229321454139,,68.65779816513762,448
727,0.05,-7528.061538461539,50.08,34.662944162436546,89.1492385786802,977,37,0.006463674886010566,,90.37974683544304,609
728,0.05,-4873.830769230769,36.31666666666667,42.043103448275865,86.3544061302682,1003,35,0.006241329568070086,,70.32601054481546,684
729,0.05,-5795.184615384615,46.22833333333333,23.10167714884696,68.81341719077568,968,37,0.006367105597507107,,99.37043795620438,808
730,0.05,-6679.430769230768,46.9325,48.34611503531786,101.39051463168516,974,37,0.006397263469670569,,95.05258386219401,282
731,0.05,-6082.615384615385,42.23083333333334,50.34705882352941,100.93725490196078,950,36,0.006069809076326514,,87.46003552397869,64
732,0.05,-3864.169230769231,27.029166666666665,31.613372093023255,76.84883720930233,1006,42,0.0060334989870050254,,43.11018518518519,146
733,0.05,-5294.938461538462,41.00666666666667,42.069790628115655,89.86340977068794,992,40,0.006013881019987083,,84.72702205882354,618
734,0.05,-6430.2307692307695,47.14833333333333,41.68017057569296,92.68656716417911,922,35,0.005888386270836133,,89.2454804947669,42
735,0.05,-6878.230769230769,48.64416666666666,31.338929695697797,80.31269674711437,960,33,0.00587706801350057,,96.79690346083788,79
736,0.05,-5396.338461538461,42.35166666666667,33.4954128440367,79.4770642201835,965,38,0.005733882787317604,,89.44566210045662,814
737,0.05,-5064.123076923077,35.964166666666664,41.71318575553417,90.64196342637152,981,39,0.005788376534528145,,61.29990884229717,272
738,0.05,-4697.292307692308,28.958333333333332,35.26858275520317,84.47571853320119,971,42,0.005378117416512506,,54.247201492537314,37
739,0.05,-5388.630769230769,43.138333333333335,46.32032854209446,91.98767967145791,949,36,0.0051334188207582026,,102.10665451230629,538
740,0.05,-7506.815384615385,50.333333333333336,34.65415821501014,86.80425963488844,954,33,0.0049771536136579845,,99.90819964349376,805
741,0.05,-6196.107692307691,45.62,49.25508130081301,98.8058943089431,942,36,0.004793337418764835,,88.60642201834862,775
742,0.05,-5010.96923076923,40.34583333333333,43.21218274111675,89.19289340101523,966,36,0.0049878817959256964,,88.7007299270073,245
743,0.05,-7226.8153846153855,43.233333333333334,49.54633204633205,104.91023166023166,980,37,0.004851664155701925,,78.13172043010752,638
744,0.05,-7009.384615384615,41.00416666666667,44.207635009310984,97.3780260707635,1015,39,0.005322799517092868,,56.733333333333334,491
745,0.05,-5228.369230769231,38.098333333333336,45.42211055276382,94.74170854271357,955,39,0.005234505770259968,,70.61602982292638,125
746,0.05,-6206.784615384616,44.3925,33.669660678642714,84.75848303393214,981,45,0.005083381001904388,,87.48263254113346,124
747,0.05,-8452.815384615384,47.11666666666667,45.44077669902913,108.26407766990292,1011,40,0.005146434112459262,,83.73114463176574,706
748,0.05,-8563.32307692308,48.33166666666666,56.063291139240505,122.96592015579357,960,40,0.0047859029099131,,84.27967625899281,709
749,0.05,-5771.692307692308,34.39416666666666,40.65880039331367,90.67059980334317,986,39,0.004853291564544428,,56.453183520599254,38
750,0.05,-5140.892307692307,27.4575,32.13391136801541,83.54431599229287,996,44,0.004972571241304919,,35.7221702525725,162
751,0.05,-4951.000000000001,38.464166666666664,43.71470588235294,91.78921568627452,987,40,0.004829054069153099,,71.1558203483043,846
752,0.05,-9103.692307692309,51.82333333333333,46.826040554962646,109.91995731056564,938,35,0.0048486026476993365,,95.16095238095238,861
753,0.05,-7064.8153846153855,41.98416666666667,47.53651685393258,105.86985018726591,993,38,0.004828241898581928,,73.40757042253522,497
754,0.05,-5694.3538461538465,38.43666666666667,39.69959677419355,90.21068548387096,975,37,0.005030933238192923,,61.37711069418386,580
755,0.05,-4779.9384615384615,30.54,33.029580152671755,82.49236641221374,1016,51,0.004854097853151583,,40.92085661080075,34
756,0.05,-5374.3538461538465,39.51416666666667,40.643,90.157,1009,42,0.004829732246825605,,65.62033582089552,672
757,0.05,-5362.707692307693,36.2875,43.78751258811682,93.94561933534743,939,39,0.005055060254557117,,54.39611650485437,372
758,0.05,-7954.1846153846145,48.195,53.746653919694076,124.0057361376673,999,46,0.005078835008825392,,87.0755711775044,224
759,0.05,-5088.0615384615385,35.42916666666667,40.737440758293836,91.36777251184834,1010,43,0.005051412928195194,,50.86563071297989,477
760,0.05,-6785.292307692307,48.060833333333335,42.256509161041464,92.56702025072325,999,37,0.004983736872853098,,88.36277056277056,606
761,0.05,-6239.969230769231,44.81916666666667,47.69538461538462,98.12410256410256,946,35,0.004972923822208133,,92.47047970479704,542
762,0.05,-5626.630769230769,43.5275,37.18452380952381,84.71924603174604,1001,41,0.004755436485531805,,91.28635147190009,219
763,0.05,-5145.784615384615,38.5625,37.26953125,89.1826171875,1000,48,0.004747661998076128,,70.65985130111524,390
764,0.05,-5812.246153846154,39.0625,44.86666666666667,96.50434782608696,1014,40,0.00470343831808676,,74.75658492279746,201
765,0.05,-4843.2307692307695,37.00416666666667,43.56370656370656,90.37355212355213,1006,38,0.004823339847757074,,73.0079295154185,350
766,0.05,-5887.815384615385,40.770833333333336,48.473840078973346,97.78677196446199,958,35,0.004794722702793152,,84.71776375112714,481
767,0.05,-8582.676923076924,48.2775,53.50142180094787,122.39905213270143,980,42,0.0048210711685329165,,86.64273204903678,75
768,0.05,-7969.3538461538465,49.850833333333334,51.615612648221344,109.22727272727273,972,34,0.004799804696092313,,95.56816182937555,788
769,0.05,-5574.707692307692,38.971666666666664,40.48568702290076,91.7395038167939,1029,44,0.004825630780697002,,65.96570397111914,510
770,0.05,-6856.446153846154,48.08166666666666,48.07250755287009,101.62739174219537,951,36,0.004763924154088925,,106.85839929639403,774
771,0.05,-7801.046153846154,47.02583333333333,51.59731543624161,109.22435282837968,1017,35,0.004374856662804746,,86.1842105263158,354
772,0.05,-8302.523076923077,48.344166666666666,57.34760956175299,120.31972111553785,963,37,0.00454341059590375,,95.51358695652173,604
773,0.05,-5830.476923076923,38.1325,45.452310717797445,101.04523107177974,977,43,0.0047122817002666646,,53.08926875593542,876
774,0.05,-6946.369230769231,44.2325,51.604878048780485,106.78243902439024,1001,38,0.004781695030155802,,99.86118479221928,218
775,0.05,-4883.4,27.918333333333333,31.853053435114504,84.73664122137404,1014,43,0.004567827137192361,,35.32317636195752,458
776,0.05,-5524.815384615385,36.93666666666667,44.11534701857283,93.50830889540568,977,38,0.004643170773479605,,71.6981981981982,327
777,0.05,-6103.338461538461,38.48583333333333,44.61305581835383,98.1286660359508,999,35,0.004823193644442238,,73.7985927880387,432
778,0.05,-5017.446153846155,27.31,30.79482439926063,83.58687615526802,1000,45,0.004815065640281075,,34.12737127371274,357
779,0.05,-4453.430769230768,29.9425,36.2112676056338,83.48390342052313,954,43,0.004840435186841677,,45.65141187925998,112
780,0.05,-6253.9384615384615,40.40833333333333,47.56782945736434,102.77228682170542,1010,37,0.004939021379662888,,78.1526508226691,85
781,0.05,-5798.584615384615,43.88583333333333,47.76656775469832,95.0435212660732,981,36,0.00480164911192323,,96.45558487247142,883
782,0.05,-5028.169230769231,30.81833333333333,35.23854961832061,86.79580152671755,1031,40,0.004814851229898015,,42.12705667276051,723
783,0.05,-5706.276923076924,38.35666666666667,45.10583580613254,95.77942631058357,1002,38,0.0049115030438713425,,73.46441605839416,667
784,0.05,-5112.569230769231,40.053333333333335,48.43197616683217,96.06554121151936,961,38,0.0048795417276694735,,69.735918744229,168
785,0.05,-7462.7692307692305,47.63333333333333,47.507936507936506,101.86309523809524,990,34,0.004999830202153634,,89.48870822041553,195
786,0.05,-8085.907692307693,48.994166666666665,58.071784646061815,119.7098703888335,962,38,0.0050756328691061395,,101.5884995507637,429
787,0.05,-5894.876923076923,36.38583333333333,40.72253258845438,97.1610800744879,1005,45,0.005236785428426156,,61.10549258936356,785
788,0.05,-6089.569230769232,40.0675,46.931750741839764,98.48071216617211,984,35,0.004925242079214088,,77.51548269581056,305
789,0.05,-5498.046153846153,45.15833333333333,33.24815983175605,77.60462670872765,928,39,0.004959513850698677,,98.28070175438596,540
790,0.05,-5772.96923076923,43.0975,34.72840790842872,84.0468262226847,947,40,0.004731062366901665,,92.69557021677663,314
791,0.05,-6215.369230769231,46.05,46.19469928644241,96.64118246687055,982,42,0.00491475914158992,,92.87798165137615,819
792,0.05,-6085.16923076923,44.24583333333333,28.48546824542519,73.1270182992465,906,36,0.004770191662907697,,95.78873239436619,752
793,0.05,-5836.0,45.6325,48.46534653465346,99.02475247524752,972,43,0.004692096928414212,,78.68444846292948,144
794,0.05,-5726.630769230769,45.24333333333333,38.885458167330675,87.41633466135458,984,43,0.0050231970581079855,,105.96910856134157,291
795,0.05,-5411.369230769231,33.35666666666667,40.09153543307087,89.16141732283465,958,40,0.005113082535280325,,56.59357798165138,558
796,0.05,-4887.753846153846,34.763333333333335,35.72654690618762,87.60479041916167,991,48,0.0051991064250747725,,60.63835877862596,258
797,0.05,-8361.046153846153,53.990833333333335,46.55790533736153,106.3152064451158,960,38,0.0050271918098991975,,98.93548387096774,799
798,0.05,-5412.046153846153,42.175,45.42728184553661,91.3470411233701,939,40,0.0050115618075583694,,85.163133640553,50
799,0.05,-4928.969230769231,34.369166666666665,42.58442871587462,89.61476238624874,933,36,0.005098653370094685,,68.42656688493919,398
800,0.05,-6292.446153846155,34.58583333333333,40.85019455252918,103.37937743190662,977,47,0.005245833701499627,,48.489242282507014,567
801,0.05,-5907.538461538461,42.461666666666666,50.252465483234715,103.8145956607495,947,41,0.005041544324084944,,91.70176991150443,345
802,0.05,-6205.538461538461,43.780833333333334,43.2104743083004,98.74209486166008,986,44,0.004968083804803767,,83.06416131989,480
803,0.05,-9197.153846153846,47.7875,53.37984496124031,128.24127906976744,994,44,0.005107387454390553,,66.5352241537054,100
804,0.05,-6457.076923076924,42.5625,45.27750247770069,102.89890981169475,1001,43,0.005156622474976336,,72.21361058601134,725
805,0.05,-9215.615384615385,55.829166666666666,55.717221135029355,122.29060665362036,995,38,0.004975736279482879,,92.72014260249554,301
806,0.05,-6196.461538461538,46.443333333333335,39.50105485232068,87.17405063291139,927,37,0.004982310347544551,,109.76867030965391,215
807,0.05,-6092.4,39.376666666666665,45.87673956262425,98.08946322067594,979,41,0.00503654043920041,,84.11904761904762,158
808,0.05,-6244.153846153846,43.485,50.46620959843291,112.53379040156709,1001,49,0.0051971034337623505,,86.05172413793103,384
809,0.05,-7633.430769230769,46.759166666666665,53.14226804123712,111.90721649484536,972,38,0.005100163219937361,,91.19123134328358,834
810,0.05,-4616.707692307692,17.7475,21.387589013224822,99.85554425228891,936,70,0.005148505885895248,,59.615736505032025,3
811,0.05,-5560.369230769231,37.87083333333333,45.86139630390144,94.67351129363449,975,39,0.004982032282542962,,72.48078725398312,691
812,0.05,-6880.246153846153,44.97833333333333,50.68798449612403,105.62887596899225,995,38,0.0051356590035567815,,82.99011680143755,868
813,0.05,-5554.799999999999,41.685833333333335,50.28658536585366,99.03455284552845,960,44,0.005318649118080034,,78.58960074280408,60
814,0.05,-7228.461538461539,44.71083333333333,49.062745098039215,106.6843137254902,1010,43,0.005703767961969566,,75.54986276303751,626
815,0.05,-6882.615384615385,40.63166666666667,46.39224952741021,108.22211720226844,1003,46,0.005119486308695452,,68.55954465849388,858
816,0.05,-5743.753846153846,42.3775,45.475806451612904,92.08971774193549,997,36,0.005262292167877166,,95.6235504014273,298
817,0.05,-4834.184615384615,34.32416666666666,41.28811881188119,92.27821782178218,962,47,0.005247913695384493,,57.833955223880594,576
818,0.05,-6577.6,42.07,48.16019900497513,101.6268656716418,988,38,0.005356101871802517,,82.25439407955596,854
819,0.05,-6652.953846153845,42.635,47.01256038647343,100.32463768115942,976,41,0.005319577587096609,,72.40417801998183,348
820,0.05,-7458.384615384616,50.07083333333333,50.29563492063492,102.71428571428571,986,37,0.005177824921709731,,100.93520140105079,433
821,0.05,-6418.292307692307,40.10583333333334,48.04818092428712,107.56637168141593,959,41,0.0052945089523833986,,72.80758807588076,351
822,0.05,-5617.092307692308,42.97666666666667,48.16028955532575,94.21923474663909,951,34,0.005170592363598375,,96.75788497217069,783
823,0.05,-5925.169230769232,39.725833333333334,47.72161895360316,98.83514313919052,959,39,0.005077903941871021,,74.43710407239818,295
824,0.05,-7294.5230769230775,47.995,51.5793731041456,107.5813953488372,973,38,0.005189709007950267,,97.77466063348416,810
825,0.05,-5312.492307692308,41.91916666666667,37.01962809917355,84.36880165289256,959,41,0.005267624090458219,,104.08394160583941,332
826,0.05,-5783.938461538462,40.29333333333334,33.46215943491423,83.29364278506559,980,40,0.004964178037151974,,77.03081232492997,312
827,0.05,-6358.276923076923,42.54666666666667,47.575263662511986,100.45445829338446,993,38,0.005073905642275339,,80.48367166813769,33
828,0.05,-6712.307692307692,42.87,52.3775720164609,106.20061728395062,942,39,0.005213198971036883,,82.3742911153119,91
829,0.05,-5586.2,40.869166666666665,45.923828125,96.0703125,1000,41,0.005242209321303433,,72.43761467889908,515
830,0.05,-5559.799999999999,38.2775,45.05922330097087,97.50970873786407,981,42,0.005198043846629825,,63.31410256410256,338
831,0.05,-7757.384615384616,47.99333333333333,57.106893106893104,116.80919080919081,946,37,0.005131420682136164,,92.70460704607046,483
832,0.05,-5152.261538461538,36.69416666666667,42.326171875,92.1875,990,43,0.0052003878623960624,,70.69482288828338,62
833,0.05,-6253.3538461538465,43.445,50.10843373493976,103.38152610441767,972,38,0.005115995105345946,,90.38893925657298,469
834,0.05,-6743.13846153846,42.321666666666665,46.709644670050764,102.74720812182741,977,44,0.005468195241484636,,74.87654320987654,574
835,0.05,-8578.2,51.681666666666665,55.95445544554455,117.98514851485149,954,38,0.005227380036567816,,99.21403197158082,711
836,0.05,-7233.400000000001,43.74166666666667,51.44346978557505,108.38986354775828,994,38,0.004894233309135869,,76.39762340036563,442
837,0.05,-6111.892307692308,43.595,39.98022892819979,91.37148803329865,960,42,0.005080532653845217,,102.24018691588785,179
838,0.05,-7141.4,47.45333333333333,44.15714285714286,96.81530612244897,976,38,0.005081741294302072,,96.34309240622142,202
839,0.05,-4967.646153846154,36.06916666666667,43.769076305220885,93.03313253012048,966,43,0.004829805755608357,,77.97970479704797,214
840,0.05,-5919.476923076923,41.755,47.37134778510839,97.5956644674835,1016,40,0.00510136119335434,,84.32173174872665,95
841,0.05,-6084.107692307693,24.538333333333334,27.384615384615383,103.89898053753475,1039,61,0.005316995947009147,,48.074613284804364,417
842,0.05,-5949.876923076923,44.9775,50.59811122770199,99.37460650577125,929,37,0.005405134011973268,,102.3199251637044,856
843,0.05,-5512.169230769231,46.965833333333336,19.048167539267016,63.9717277486911,944,41,0.005085067757762854,,96.92565729827743,836
844,0.05,-5832.16923076923,46.235,39.208747514910534,88.08747514910537,973,44,0.00520173532258785,,88.13362831858407,616
845,0.05,-6244.830769230768,35.915,42.17521781219748,97.04646660212973,979,41,0.005296292834826671,,52.21462043111528,216
846,0.05,-4479.461538461539,26.94,31.359464627151052,82.97609942638623,997,47,0.005268240181086926,,35.84093023255814,545
847,0.05,-6883.246153846154,42.2875,49.74554455445544,104.32970297029703,996,35,0.005336321289020584,,74.77717391304348,302
848,0.05,-5830.092307692308,46.075,38.19644723092999,87.46185997910136,919,41,0.005129632578693068,,100.13981481481481,41
849,0.05,-7418.123076923077,37.42333333333333,44.38492063492063,130.7956349206349,939,59,0.0052874319824056425,,79.671875,884
850,0.05,-5981.892307692308,42.348333333333336,44.44950495049505,95.3029702970297,1025,39,0.005534361379419161,,82.50592525068369,371
851,0.05,-6386.599999999999,42.821666666666665,44.15068493150685,100.93835616438356,1008,44,0.005727062237403354,,68.69549218031278,537
852,0.05,-4627.461538461539,22.36916666666667,25.413857677902623,76.18352059925094,1030,48,0.005632664464017582,,27.829201101928376,875
853,0.05,-5379.584615384615,39.91916666666667,47.45132743362832,95.69518190757128,959,40,0.005396296049481068,,84.28673196794301,356
854,0.05,-5629.153846153846,40.035833333333336,41.81067472306143,87.47331319234642,977,34,0.0051630194311129115,,85.75712971481141,628
855,0.05,-4953.661538461538,38.07833333333333,43.58654797230465,91.72106824925817,1009,38,0.0053623070184267065,,53.73271028037383,256
856,0.05,-5634.7692307692305,32.053333333333335,35.66290018832392,88.04331450094162,1045,44,0.005574967614420007,,44.47806215722121,859
857,0.05,-5992.523076923077,37.778333333333336,44.587949465500486,99.80758017492711,984,42,0.005759131750778774,,69.0724106324473,455
858,0.05,-6564.030769230771,44.9025,40.89905362776025,89.068349106204,940,33,0.005685210173910225,,84.84910965323337,118
859,0.05,-4622.969230769231,32.971666666666664,39.99401794616151,87.42073778664007,960,43,0.005859035818890432,,53.18833652007648,589
860,0.05,-5310.507692307692,37.56166666666667,45.805,95.315,946,40,0.0057448303655841465,,62.707981220657274,890
861,0.05,-6263.507692307692,46.845,45.55422885572139,93.05970149253731,977,36,0.005814706386528596,,102.02633889376646,561
862,0.05,-6217.076923076922,45.69583333333333,42.71761133603239,94.46153846153847,976,40,0.006055693052802859,,81.00366300366301,755
863,0.05,-6160.892307692307,43.72,48.1195219123506,98.41035856573706,953,39,0.006036306530125595,,79.66422689844465,492
864,0.05,-4565.846153846154,36.26166666666666,42.74559686888454,91.51956947162427,971,45,0.0057810494712810636,,54.844569288389515,132
865,0.05,-6685.4,46.9975,47.25462012320329,99.35728952772074,980,38,0.005709984142871757,,93.14181818181818,341
866,0.05,-6557.16923076923,45.068333333333335,43.2661207778915,97.0174002047083,972,39,0.005649487454798597,,97.49178832116789,421
867,0.05,-4775.846153846154,33.031666666666666,35.932432432432435,86.51640926640927,1023,44,0.005775035632693416,,49.41941564561734,349
868,0.05,-6504.907692307693,46.04416666666667,54.38019801980198,111.66336633663366,946,44,0.0057517664690963964,,91.1865470852018,641
869,0.05,-6236.046153846154,43.635,44.77756471716203,97.51773729626079,998,39,0.0054882681127012105,,82.73558118899734,523
870,0.05,-8168.5230769230775,52.45333333333333,46.71915747241725,104.6950852557673,967,37,0.005303106857360337,,95.09237668161435,12
871,0.05,-6002.4,39.81,47.26426426426426,102.02902902902903,989,40,0.00524912713976069,,78.44112149532711,880
872,0.05,-6832.3538461538465,46.7,49.15060240963855,104.13253012048193,993,41,0.005715387109153862,,93.08226691042047,889
873,0.05,-6343.692307692308,46.4725,43.748685594111464,92.93270241850684,942,38,0.005353578079018005,,93.47985004686035,325
874,0.05,-5711.815384615384,39.84166666666667,47.159335288367544,98.84848484848484,987,41,0.005327572399699269,,73.47755834829444,680
875,0.05,-4562.723076923077,23.4975,27.41329479768786,75.8140655105973,1018,46,0.0050571881569779825,,32.88323917137476,266
876,0.05,-6868.6461538461535,47.41833333333334,52.997944501541625,105.48612538540596,959,40,0.005405037614659113,,94.7132284921369,58
877,0.05,-7183.092307692307,40.94083333333333,47.624761904761904,103.90095238095238,991,38,0.005334069773304957,,69.21222707423581,328
878,0.05,-5164.538461538461,42.928333333333335,44.55578727841502,89.31491136600626,926,40,0.0053444553406776455,,95.3968547641073,666
879,0.05,-7011.538461538462,48.24916666666667,34.97507477567298,87.93619142572282,1001,38,0.0052317435387796846,,98.39457567804024,164
880,0.05,-6180.538461538461,43.93666666666667,39.62985074626866,90.2955223880597,1000,42,0.005096818016815387,,92.19477006311993,46
881,0.05,-6244.4,43.48833333333334,48.14,98.705,990,39,0.005297145989643168,,77.56855575868373,565
882,0.05,-5620.723076923077,45.745,29.873376623376622,73.87662337662337,924,34,0.005222576858828913,,106.51412429378531,306
883,0.05,-4887.2307692307695,38.858333333333334,47.52755102040816,92.19183673469388,952,36,0.005231541588328819,,81.53703703703704,610
884,0.05,-5269.369230769232,44.251666666666665,43.34854368932039,88.71553398058252,1006,36,0.005192734560953972,,91.46033129904097,2
885,0.05,-4981.307692307692,41.068333333333335,50.15237134207871,95.99192734611503,945,36,0.005036260603148699,,85.33395004625346,554
886,0.05,-7578.692307692307,48.8375,47.92769857433809,104.90224032586558,976,37,0.005268233790583441,,106.81311769991015,588
887,0.05,-6722.584615384616,40.91,46.487329434697855,102.13547758284601,978,43,0.0053582417484075865,,70.18256880733945,714
888,0.05,-6443.015384615384,40.369166666666665,47.33300685602351,103.06758080313418,991,40,0.0051768123934618875,,71.10347985347985,307
889,0.05,-7501.353846153846,48.071666666666665,51.48851148851149,106.75424575424576,997,36,0.005148449748877698,,96.94518125552608,292
890,0.05,-6424.984615384615,41.88916666666667,50.02685950413223,105.63326446280992,950,42,0.005491819351594692,,78.69083969465649,837
891,0.05,-4627.692307692308,37.165,45.72876151484135,89.35516888433982,932,38,0.005837749352313909,,72.47334558823529,72
892,0.05,-5372.2307692307695,40.87083333333333,50.80604796663191,101.30448383733055,935,40,0.005921545453283511,,83.93557692307692,681
893,0.05,-6824.8153846153855,41.623333333333335,46.89351403678606,99.7676669893514,1024,36,0.0057840310864512474,,77.08563782337198,174
894,0.05,-5062.246153846154,36.23083333333334,41.642245480494765,98.45290199809705,1007,57,0.0065257455354132505,,55.4411231884058,246
895,0.05,-5509.030769230769,35.295,42.88522954091816,94.4311377245509,971,44,0.006140142347528323,,52.226201696512724,205
896,0.05,-5843.153846153846,44.99583333333333,55.79916317991632,105.00627615062761,933,36,0.00612347906034758,,108.95124195032199,699
897,0.05,-6217.107692307691,43.30833333333333,49.644776119402984,104.24975124378109,990,37,0.005842058649427061,,82.87020109689215,102
898,0.05,-5715.815384615385,42.44833333333333,44.27235354573484,92.12024665981501,960,39,0.0057232959197562544,,91.19532710280374,499
899,0.05,-5924.261538461538,37.685,44.15968841285297,96.88607594936708,984,45,0.005746597733099293,,57.891891891891895,255
