episode,epsilon,total_reward,avg_queue,avg_wait_s,avg_travel_s,throughput,switches,td_loss,q_table_states,avg_delay_s,traffic_seed
0,1.0,-9241.015384615384,101.0625,95.30261011419249,168.07014681892332,1165,85,nan,,134.2041884816754,577
1,0.9945,-12450.584615384614,121.34333333333333,114.84297520661157,185.52231404958678,1090,81,nan,,202.2788671023965,712
2,0.989,-7644.246153846154,63.895833333333336,58.70708661417323,113.2527559055118,1274,81,nan,,72.98081180811808,770
3,0.9835,-10060.861538461539,94.19666666666667,88.70373250388802,145.89968895800934,1132,82,0.04843638902655261,,93.0842332613391,798
4,0.9781,-9147.76923076923,98.03583333333333,95.15524360033031,164.3608587943848,1104,83,0.014942163759609333,,172.32248520710058,36
5,0.9726,-6629.723076923077,54.585,50.32874617737003,102.57721712538226,1245,80,0.013314322001361414,,57.49701937406856,460
6,0.9673,-7526.907692307692,67.71083333333333,59.75036390101892,115.35152838427948,1306,82,0.005671832263839273,,66.12127814088599,371
7,0.9619,-7121.2307692307695,55.1175,48.894814814814815,98.2074074074074,1241,81,0.008848045508701781,,48.997058823529414,833
8,0.9566,-7644.584615384616,61.8975,54.93657817109145,109.94690265486726,1304,81,0.004357517844441169,,61.97648787656135,557
9,0.9513,-8023.9384615384615,66.30416666666666,61.53075170842825,114.57023538344723,1263,81,0.00648963443121602,,61.73044798785118,381
10,0.946,-7632.523076923076,68.10583333333334,59.223259152907396,117.77745872218235,1337,85,0.004113024507004248,,68.03732950466619,429
11,0.9408,-7094.184615384615,48.6775,42.741506646971935,91.78434268833087,1350,76,0.005912277221190813,,43.17060561299852,141
12,0.9356,-7903.2,64.63416666666667,55.25053686471009,104.5311381531854,1287,79,0.0052658336427066485,,55.31333803810868,223
13,0.9304,-9148.615384615385,79.85666666666667,69.32238349885408,133.10160427807486,1344,83,0.004906173312429469,,80.9395070948469,784
14,0.9253,-8004.923076923076,67.6225,59.05141579731744,113.42399403874813,1298,83,0.0052678172122504275,,68.25576368876081,762
15,0.9202,-8742.246153846154,81.85166666666667,75.44641480339244,133.4656900539707,1204,83,0.005228109061819308,,93.33333333333333,838
16,0.9151,-5984.923076923076,44.28916666666667,38.38659793814433,86.62223858615612,1376,81,0.0058809358236868855,,38.5139911634757,450
17,0.91,-7897.6461538461535,67.55416666666666,56.392265193370164,110.99792817679558,1356,85,0.005604156931117253,,57.534114403859405,2
18,0.905,-6885.923076923077,56.965833333333336,48.950450450450454,99.91066066066067,1327,86,0.006806476020915749,,49.0457957957958,81
19,0.9,-7787.723076923077,61.5,53.76005961251863,106.10357675111773,1273,80,0.006414307733584875,,58.96055514974434,363
20,0.895,-6874.723076923077,60.30166666666667,52.02722590139809,106.72553348050037,1337,83,0.0071737008147472305,,55.532744665195,690
21,0.89,-7750.984615384616,66.80583333333334,57.47414420975965,111.67006554989075,1383,82,0.006738293955564175,,61.30469314079422,846
22,0.8851,-5501.938461538461,44.1575,38.650036683785764,89.20249449743214,1314,85,0.007185054679631685,,39.9633431085044,728
23,0.8802,-5942.446153846154,46.5725,40.45149525893508,89.60466812545587,1344,84,0.006873278714018802,,40.585703865791395,406
24,0.8753,-6218.876923076923,47.1825,39.56918474195961,91.88706058339567,1392,83,0.0076002890939759786,,48.12490650710546,636
25,0.8705,-5583.4,43.17916666666667,37.35272727272727,84.57163636363636,1332,83,0.007384708800962372,,37.493818181818185,46
26,0.8657,-8977.784615384615,73.57583333333334,64.14780600461894,124.96689761354888,1297,83,0.008214328964518547,,79.94436201780415,899
27,0.8609,-5656.307692307692,42.516666666666666,37.94304733727811,85.27071005917159,1300,81,0.00797924969219198,,38.40828402366864,659
28,0.8561,-7206.507692307692,57.596666666666664,49.54591467823572,100.05278380332611,1314,85,0.008237529697674655,,49.66015907447578,869
29,0.8514,-7881.076923076924,71.3675,65.02541699761716,122.40984908657664,1260,83,0.008438771043683731,,112.76200716845878,144
30,0.8467,-5091.123076923077,37.96,33.148471615720524,80.51091703056768,1338,83,0.008401333867981742,,33.26491994177584,497
31,0.842,-5402.015384615384,39.8175,35.01367781155015,84.89893617021276,1316,82,0.008489056507169936,,35.61018237082067,885
32,0.8373,-6883.123076923078,54.56,48.66099185788305,98.71428571428571,1287,81,0.00859223301355353,,50.43044428259286,553
33,0.8327,-5912.384615384615,50.6125,46.46084337349398,101.09713855421687,1302,84,0.008984572070268591,,49.005181347150256,209
34,0.8281,-6752.261538461538,49.4325,41.463537906137184,92.11335740072202,1341,80,0.009366001392551887,,43.33862815884476,512
35,0.8235,-5221.846153846154,36.04083333333333,31.735003796507215,78.15110098709188,1331,82,0.009343909929301113,,31.81638846737481,415
36,0.819,-6451.261538461538,51.43083333333333,43.651440618411804,92.88826423049895,1353,84,0.009617899622005394,,43.75825720309206,778
37,0.8144,-6561.3538461538465,47.770833333333336,39.5877808988764,88.43258426966293,1420,79,0.009770391495175137,,39.73525280898876,366
38,0.8099,-6367.015384615384,45.9975,38.11921458625526,87.12201963534362,1411,80,0.009513581086515685,,38.27629733520337,472
39,0.8054,-5471.215384615385,41.649166666666666,33.98761835396941,81.88128186453022,1372,83,0.010182027804638878,,34.335032774945375,84
40,0.801,-7057.83076923077,51.5075,44.13024282560706,94.84179543782193,1339,81,0.00986303707267433,,44.440441176470586,609
41,0.7966,-7608.707692307693,62.49583333333333,53.901520637219406,107.91238233164374,1362,85,0.010763911399565182,,56.58580738595221,895
42,0.7922,-4397.846153846153,33.778333333333336,29.804428044280442,75.79483394833949,1342,82,0.010631144773986504,,29.94169741697417,781
43,0.7878,-7389.369230769231,55.44583333333333,48.9368029739777,100.89219330855019,1328,78,0.01043330590835293,,49.223781388478585,529
44,0.7834,-4660.953846153846,35.089166666666664,30.48931466470155,76.7789240972734,1312,83,0.010675709493811624,,30.57879234167894,688
45,0.7791,-5933.56923076923,45.395,39.087019579405364,87.9557650471356,1388,81,0.01045605894416751,,39.38433647570704,216
46,0.7748,-4920.861538461539,40.87416666666667,35.568655643422,82.0999281092739,1355,81,0.010337898925487055,,37.598284488920655,502
47,0.7705,-5114.738461538462,36.72666666666667,32.398501872659175,78.78426966292135,1305,82,0.010542630726705521,,32.51385767790262,531
48,0.7662,-6479.96923076923,46.51833333333333,41.90737951807229,91.56852409638554,1305,82,0.010466184164002206,,42.04436090225564,674
49,0.762,-4635.153846153846,34.165,29.219599427753934,74.32045779685265,1368,84,0.010829914387108772,,29.334048640915594,53
50,0.7578,-6250.553846153846,50.100833333333334,44.46108663729809,95.05212922173274,1316,80,0.010643578683186147,,45.1424375917768,515
51,0.7536,-4361.16923076923,30.303333333333335,26.628506444275967,71.18347232752085,1335,82,0.010427902885629435,,26.727065959059892,147
52,0.7494,-6071.076923076923,48.5825,40.65611814345991,91.30590717299577,1419,84,0.010560258883479532,,42.741209563994374,587
53,0.7453,-6654.507692307693,46.715833333333336,39.87908011869436,90.89243323442136,1348,82,0.010535313198712686,,40.29302670623145,164
54,0.7411,-4753.6461538461535,36.09166666666667,30.044299201161945,75.55700798838053,1351,85,0.01079976490988042,,30.153957879448075,443
55,0.737,-4755.953846153847,41.50333333333333,35.11414213926777,82.24407753050968,1389,85,0.011037084826772037,,36.51254480286738,74
56,0.733,-6201.846153846154,46.635,40.04509090909091,89.65381818181818,1381,84,0.011077241442914696,,40.17309090909091,245
57,0.7289,-4994.415384615384,34.708333333333336,31.312688821752264,77.29984894259819,1327,80,0.010767098786145646,,31.406344410876134,667
58,0.7249,-4820.984615384616,33.8975,28.79984951091046,74.63732129420617,1346,83,0.01115271275101007,,28.892400300978178,760
59,0.7209,-5345.046153846153,40.619166666666665,34.335032774945375,81.78441369264385,1379,84,0.010911632102290606,,34.44646758922068,627
60,0.7169,-4848.384615384615,36.60333333333333,33.47862595419847,79.37404580152672,1290,80,0.010613056118411658,,33.58320610687023,589
61,0.7129,-5430.292307692307,38.70916666666667,34.35049961568025,81.9054573405073,1293,81,0.011494804909279692,,34.44581091468101,887
62,0.709,-5752.784615384615,48.92916666666667,42.75864553314121,94.78530259365995,1341,82,0.011152850521835353,,46.00864553314121,646
63,0.705,-3662.1076923076926,30.144166666666667,27.702993092862624,72.46508058326938,1274,84,0.01134917673704169,,27.80046047582502,314
64,0.7011,-3770.7692307692305,28.2725,24.910635155096013,68.8914327917282,1363,84,0.011164193417424731,,25.025110782865582,105
65,0.6973,-4774.123076923077,34.77583333333333,29.669867060561298,75.63441654357459,1365,82,0.010965612969370726,,29.810930576070902,344
66,0.6934,-4653.984615384616,35.598333333333336,29.65288035450517,75.77769571639587,1335,84,0.01132797891738646,,29.81240768094535,199
67,0.6896,-5593.369230769231,39.53916666666667,32.614783226723524,81.85287846481876,1396,83,0.011086643557048142,,32.87135749822317,253
68,0.6858,-4966.523076923077,35.159166666666664,30.182156133828997,76.02156133828996,1354,80,0.011276140718828377,,30.284014869888477,49
69,0.682,-5448.2307692307695,39.78916666666667,33.32031814895156,81.14027476500361,1379,80,0.011674129479735304,,33.4410701373825,836
70,0.6782,-5399.246153846154,39.25666666666667,34.15,81.515,1352,82,0.010954006134803448,,34.28785714285714,106
71,0.6744,-4668.153846153847,32.72083333333333,28.170103092783506,75.01104565537555,1375,81,0.011322398356731597,,28.282032400589102,329
72,0.6707,-4093.1538461538457,28.631666666666668,24.942093541202674,70.14847809948033,1349,83,0.011127464704306934,,25.030438010393468,417
73,0.667,-4943.16923076923,41.9075,38.87265625,86.5265625,1271,84,0.011184141599813315,,39.16640625,98
74,0.6633,-6705.861538461539,51.83416666666667,42.95052264808363,92.73937282229966,1445,82,0.010733083573008258,,43.08919860627178,774
75,0.6596,-5253.246153846154,39.759166666666665,33.34434293745608,80.00140548137738,1398,81,0.010973794504369895,,33.462403373155304,716
76,0.656,-4694.16923076923,33.7325,29.962053571428573,75.21577380952381,1336,79,0.010561941410408494,,30.02899628252788,813
77,0.6524,-5268.507692307691,42.19916666666666,35.1822625698324,83.2590782122905,1416,83,0.010933634973590576,,35.824022346368714,8
78,0.6487,-5437.153846153846,45.51416666666667,39.91587417702999,86.19385515727872,1350,79,0.010909855420693932,,44.38707334785766,867
79,0.6452,-5212.000000000001,39.6325,35.56899109792285,82.39836795252225,1324,84,0.011338153421721267,,35.68768545994065,354
80,0.6416,-5539.907692307692,41.035833333333336,36.65846383296048,82.24086502609993,1301,77,0.011434636346354894,,36.722801788375556,388
81,0.638,-4894.338461538461,35.80833333333333,31.77719821162444,78.53949329359165,1315,82,0.011111838490594978,,31.875558867362145,789
82,0.6345,-4752.076923076923,34.13666666666666,30.114583333333332,76.42113095238095,1321,86,0.011415527384021977,,30.267113095238095,708
83,0.631,-4762.984615384616,32.415,28.42995529061103,74.10953800298063,1349,81,0.011517536467668737,,28.5331347728965,601
84,0.6275,-3952.353846153846,29.0075,25.617580766341096,70.4290007513148,1351,81,0.011241654460604444,,25.73328324567994,220
85,0.624,-5271.307692307693,39.975833333333334,33.52501761804088,80.67653276955602,1393,83,0.011505110159189471,,33.63853727144866,384
86,0.6206,-4120.153846153846,29.858333333333334,26.255677655677655,71.06007326007327,1326,82,0.011647848810384135,,26.39120879120879,325
87,0.6171,-3631.5076923076917,26.066666666666666,22.481428571428573,66.26071428571429,1366,81,0.011284865370195896,,22.581013561741614,350
88,0.6137,-6389.723076923077,46.839166666666664,40.494722026741734,88.64743138634765,1368,81,0.011717594528037042,,40.60942997888811,604
89,0.6103,-4829.969230769231,34.16,29.476761619190405,75.16191904047976,1344,80,0.011538398926391736,,29.58920539730135,206
90,0.607,-4176.630769230769,30.953333333333333,26.366932559825962,71.46845540246555,1365,83,0.011900019319729593,,26.467730239303844,560
91,0.6036,-4114.292307692307,28.9275,25.936882129277567,70.47528517110266,1300,84,0.01212788295138241,,26.045627376425855,270
92,0.6003,-5768.107692307693,42.653333333333336,37.23059866962306,85.02512934220252,1343,82,0.012118716764665596,,37.496683861459104,251
93,0.5969,-4666.784615384616,40.153333333333336,35.420974889217135,80.86410635155096,1331,81,0.01182768731916923,,38.73445501097294,703
94,0.5936,-5295.953846153846,40.89,36.094325718496684,82.8069270449521,1335,84,0.011606914987258013,,36.19086219602063,603
95,0.5904,-4384.015384615384,32.44416666666667,28.2292899408284,74.09985207100591,1393,82,0.011604629754920128,,28.342455621301774,395
96,0.5871,-5393.0615384615385,41.93083333333333,35.57939308398024,83.35568101623147,1383,83,0.01214815701794569,,35.775582215949186,89
97,0.5838,-4092.3538461538465,25.8475,21.976603773584905,66.39471698113208,1382,82,0.011617207564159411,,22.067169811320756,854
98,0.5806,-4162.384615384615,31.288333333333334,26.580480699198834,71.84413692643845,1354,84,0.011942011453797561,,26.67443554260743,94
99,0.5774,-4788.261538461538,37.159166666666664,32.03113417346182,77.85174203113418,1351,80,0.012052952794521149,,32.12379540400296,100
100,0.5742,-4418.784615384615,32.30833333333333,28.498881431767337,73.96793437733035,1335,80,0.011713916974851494,,28.581222056631894,126
101,0.571,-3707.6769230769232,25.6375,22.108029197080292,65.93576642335766,1353,82,0.011748951611750992,,22.217518248175182,69
102,0.5679,-4687.4,37.12583333333333,32.82317979197622,78.83432392273403,1333,82,0.011674439942306629,,33.17886178861789,13
103,0.5647,-3217.876923076923,22.493333333333332,20.531490015360983,64.17511520737327,1286,82,0.011883584853928654,,20.62058371735791,623
104,0.5616,-4881.200000000001,35.24666666666667,30.121879588839942,76.58590308370044,1358,81,0.011543286713377168,,30.250367107195302,853
105,0.5585,-4306.538461538461,30.601666666666667,25.664275466284074,70.38378766140603,1366,80,0.01209341143525477,,25.762553802008608,26
106,0.5554,-4828.799999999999,35.815,30.097451274362818,75.6784107946027,1311,82,0.011794368436735028,,30.18440779610195,792
107,0.5523,-3517.6615384615384,24.35,22.050348567002324,66.49651432997676,1271,83,0.011824194239726181,,22.164213787761426,19
108,0.5493,-4326.7692307692305,31.205833333333334,26.722707423580786,72.47088791848617,1387,81,0.011745393260350796,,26.833333333333332,297
109,0.5462,-4042.1846153846154,28.840833333333332,26.12030651340996,70.6007662835249,1311,84,0.011927355886698368,,26.212260536398468,70
110,0.5432,-4733.953846153846,34.39333333333333,28.94847605224964,73.9833091436865,1363,79,0.011086587182815138,,29.0522496371553,814
111,0.5402,-3417.9999999999995,25.7675,23.2406015037594,66.4984962406015,1319,84,0.011137200695778992,,23.33609022556391,25
112,0.5372,-4041.1076923076926,28.140833333333333,24.44985465116279,68.59811046511628,1364,79,0.011270033369758844,,24.520667150108775,595
113,0.5343,-4402.476923076923,31.020833333333332,26.579678362573098,71.9780701754386,1379,82,0.011213578260420506,,26.679093567251464,291
114,0.5313,-3937.2923076923075,34.325833333333335,31.44368858654573,76.47619047619048,1298,80,0.011194387818204797,,33.61716417910448,718
115,0.5284,-3489.538461538462,25.80666666666667,22.75092387287509,67.16777531411678,1325,82,0.0110720783100192,,22.84109386548411,376
116,0.5254,-3746.9538461538464,26.07,22.417533432392272,66.77191679049034,1361,83,0.0112473657278205,,22.500742942050522,198
117,0.5225,-4183.938461538462,29.125833333333333,24.48097412480974,69.33866057838661,1321,82,0.012127376677406864,,24.580669710806696,281
118,0.5196,-4598.692307692308,32.64416666666666,28.829771554900518,74.67354458364038,1362,81,0.01188863258296849,,28.938098747236552,827
119,0.5168,-5073.476923076923,33.38333333333333,29.67782738095238,75.70684523809524,1368,79,0.011768084062160797,,29.766369047619047,201
120,0.5139,-3550.292307692308,23.7075,21.139552814186583,65.07324595219738,1299,85,0.011388860263425286,,21.23361603700848,162
121,0.5111,-4873.599999999999,35.159166666666664,29.092552422270426,74.34779464931309,1379,80,0.011362678023793494,,29.171366594360087,513
122,0.5082,-3772.246153846154,25.799166666666668,22.982321291314374,67.26902382782475,1297,81,0.011502441443961396,,23.1076095311299,189
123,0.5054,-4326.292307692308,28.845,24.64456035767511,70.28464977645305,1378,79,0.011545080988748882,,24.77123695976155,447
124,0.5026,-3425.5846153846155,24.7,21.24454148471616,65.35007278020379,1362,83,0.011565616611635379,,21.327272727272728,870
125,0.4998,-3704.2769230769227,26.2975,22.19783393501805,66.38989169675091,1377,84,0.011435332907785803,,22.303971119133575,112
126,0.4971,-4670.584615384616,32.61333333333334,27.975609756097562,73.64275466284074,1376,80,0.01145765063997798,,28.08106169296987,692
127,0.4943,-4928.523076923077,35.17583333333334,30.5018261504748,76.5281227173119,1354,84,0.011282909264180296,,30.614317019722424,54
128,0.4916,-6054.969230769231,46.818333333333335,40.098124098124096,88.2907647907648,1359,80,0.011074550166139455,,40.22510822510822,605
129,0.4889,-3040.1076923076926,21.725833333333334,19.64094728800611,63.372803666921314,1289,85,0.011251302843972442,,19.766997708174177,121
130,0.4862,-4115.923076923076,35.43833333333333,30.557235421166308,76.00359971202303,1356,82,0.010707084009423912,,33.281811646297626,804
131,0.4835,-3744.969230769231,26.721666666666668,22.416606498194945,66.30252707581228,1362,82,0.01093763654787521,,22.49603460706561,387
132,0.4808,-3480.6769230769232,25.820833333333333,22.692251461988302,67.56944444444444,1371,82,0.011470634639153397,,22.792397660818715,194
133,0.4781,-5019.369230769231,36.525,29.632,75.27563636363637,1366,80,0.011348175407306928,,29.729454545454544,56
134,0.4755,-3921.323076923077,28.05,23.935138987883107,68.1368496079829,1382,81,0.010971288592719014,,24.03777619387028,238
135,0.4729,-5014.415384615384,37.924166666666665,31.44258872651357,79.7633959638135,1433,80,0.01107254390957286,,31.622825330549755,23
136,0.4703,-4540.753846153847,37.2075,32.97212032281732,78.7916360968452,1310,81,0.011371134849969562,,33.39325018341893,680
137,0.4677,-3428.4769230769234,24.925833333333333,21.83931240657698,65.71225710014947,1323,82,0.011265132349697282,,21.934977578475337,649
138,0.4651,-4206.815384615385,34.9125,30.525164113785557,76.35813274981766,1347,82,0.01155767935198688,,30.668854850474105,808
139,0.4625,-4039.2000000000003,29.278333333333332,26.509863429438543,71.5402124430956,1291,83,0.011236911523105042,,26.64112291350531,181
140,0.4599,-5273.0,44.556666666666665,38.8808095952024,85.43028485757121,1340,78,0.011487221364274056,,40.91051454138702,576
141,0.4574,-4179.8,31.920833333333334,27.85466377440347,72.7707881417209,1350,82,0.011321856533281558,,27.95589298626175,357
142,0.4549,-3550.5230769230766,24.644166666666667,21.135802469135804,65.28540305010893,1369,83,0.011433718401872066,,21.278867102396514,374
143,0.4523,-3472.4307692307693,25.339166666666667,22.458789204959885,66.76951130561633,1363,81,0.011478382949238532,,22.595185995623634,495
144,0.4498,-3677.830769230769,27.151666666666667,23.264248704663213,68.1939304219097,1364,85,0.011093128064668696,,23.35899333826795,486
145,0.4474,-4977.123076923077,37.0625,31.822695035460992,77.63333333333334,1371,82,0.011313273547732372,,31.92912827781715,353
146,0.4449,-3916.015384615385,27.878333333333334,24.330082520630157,68.90172543135785,1357,83,0.01116675862272475,,24.432108027006752,852
147,0.4424,-3286.138461538462,23.139166666666668,20.707025411061284,64.50298953662183,1320,83,0.011240358349070403,,20.813153961136024,334
148,0.44,-3121.523076923077,22.471666666666668,19.597641857037583,63.48415622697126,1367,86,0.011504563787272154,,19.72144436256448,657
149,0.4375,-4339.923076923076,29.0275,25.688905547226387,70.91154422788605,1362,79,0.010903955648384226,,25.798350824587708,234
150,0.4351,-3431.3538461538465,23.69333333333333,21.29228371005456,65.09353078721746,1305,83,0.011425194986938595,,21.380358534684333,628
151,0.4327,-3632.9692307692303,27.713333333333335,22.332868108862527,66.84856943475226,1443,85,0.01155084114429446,,22.414515003489182,142
152,0.4303,-3744.9076923076923,25.894166666666667,23.074943224829674,67.51627554882664,1347,81,0.011177003260951963,,23.168054504163514,731
153,0.4279,-3349.353846153846,23.95,21.34,64.80518518518518,1326,83,0.011582266576106066,,21.397483345669873,111
154,0.4256,-4041.5846153846155,29.43,25.938760268857358,70.6908140403286,1341,82,0.011369281017845664,,26.026138909634057,150
155,0.4232,-3586.7538461538466,26.325,23.491959064327485,67.29239766081871,1355,82,0.011020708196791998,,23.605994152046783,103
156,0.4209,-3618.6,26.298333333333332,23.173529411764704,67.71176470588236,1353,82,0.011004077069523346,,23.27185892725937,886
157,0.4185,-2945.1846153846154,21.515,18.839259259259258,62.25333333333333,1346,83,0.011224147402135677,,18.93116210214656,382
158,0.4162,-4341.184615384615,31.956666666666667,27.208454810495628,72.56632653061224,1361,81,0.010902247453505758,,27.283321194464676,93
159,0.4139,-2978.2615384615383,20.668333333333333,18.51025056947608,62.1085801063022,1314,82,0.01040256956264306,,18.60136674259681,138
160,0.4116,-4722.507692307692,34.31583333333333,29.677916360968453,74.53851797505503,1364,79,0.010247441941755753,,29.796187683284458,77
161,0.4094,-3817.7538461538456,26.865833333333335,23.80192165558019,68.42719881744272,1338,80,0.010461403333199327,,23.92017738359202,701
162,0.4071,-3304.492307692308,23.304166666666667,20.401330376940134,63.91574279379157,1358,81,0.010196267132361084,,20.47671840354767,173
163,0.4048,-3488.2615384615383,24.168333333333333,20.435233160621763,64.43079200592155,1351,81,0.010379464975071136,,20.52701702442635,45
164,0.4026,-3603.8923076923074,27.21,24.501850481125093,68.6780162842339,1318,81,0.010983888922017208,,24.615214180206795,891
165,0.4004,-3725.0923076923077,26.2675,22.04597701149425,66.14636015325671,1326,82,0.010492890698647039,,22.155555555555555,738
166,0.3982,-4065.9538461538464,30.924166666666668,27.665421956684092,73.78790141896938,1336,81,0.010612517808798662,,27.756534727408514,346
167,0.396,-3205.6153846153848,22.649166666666666,21.03637770897833,64.4280185758514,1261,81,0.010840040488833342,,21.13390092879257,212
168,0.3938,-4722.261538461538,32.189166666666665,28.757530120481928,75.9058734939759,1349,76,0.010589025468128399,,29.21460843373494,292
169,0.3916,-3830.707692307693,27.80666666666667,24.53909158600149,68.65152643335816,1305,77,0.011057946771282044,,24.664929262844378,153
170,0.3894,-4620.646153846154,35.69583333333333,31.243045387994144,77.50292825768668,1368,81,0.010924114232737267,,31.358711566617863,264
171,0.3873,-3549.0461538461536,26.0625,22.575757575757574,67.13747228381375,1366,82,0.010504148212432837,,22.679231337767924,590
172,0.3851,-3351.0307692307692,22.379166666666666,19.26781857451404,63.028797696184306,1390,79,0.010836128563046759,,19.374370050395967,337
173,0.383,-3018.0153846153844,22.53,19.573604060913706,63.19579405366208,1367,83,0.010633431684547542,,19.672951414068166,888
174,0.3809,-3879.292307692308,27.914166666666667,24.491291727140784,68.89622641509433,1388,81,0.011042555405898142,,24.608853410740203,721
175,0.3788,-3664.7230769230764,26.265833333333333,22.79568345323741,66.77553956834532,1375,79,0.010582991809898235,,22.897915168943207,389
176,0.3767,-4317.8153846153855,34.64083333333333,30.559322033898304,76.17022844509948,1345,80,0.011176136176426984,,31.07658321060383,893
177,0.3746,-3067.2615384615383,22.500833333333333,19.473415877640203,63.215586307356155,1375,83,0.011251954963991997,,19.55935906773489,514
178,0.3725,-3931.4000000000005,28.870833333333334,26.074660633484164,70.13499245852186,1302,83,0.009935332591375252,,26.187028657616892,647
179,0.3705,-3500.5538461538463,25.174166666666668,21.746125461254614,65.45756457564576,1331,82,0.010195531446633101,,21.835424354243543,195
180,0.3684,-4555.323076923078,32.85333333333333,28.044649184975196,73.21119773210489,1407,80,0.010271985360984195,,28.14518413597734,28
181,0.3664,-3441.876923076923,24.4375,21.641901931649333,65.82095096582466,1329,80,0.00996549014036583,,21.73922734026746,284
182,0.3643,-3402.9230769230767,24.1325,20.0813704496788,64.31477516059957,1423,82,0.0098177888803457,,20.201284796573876,783
183,0.3623,-4228.0,29.218333333333334,25.895696571845367,70.8147337709701,1353,82,0.010289975127082948,,26.026987600291758,418
184,0.3603,-3335.6153846153843,25.206666666666667,22.05743740795287,66.67157584683358,1355,82,0.01004836623458442,,22.172312223858615,358
185,0.3583,-4356.076923076924,28.8625,25.462166172106826,70.72626112759644,1355,75,0.009833785042142018,,25.56454005934718,583
186,0.3563,-4806.753846153846,33.586666666666666,28.31613372093023,73.52761627906976,1367,75,0.00987320585220948,,28.404796511627907,857
187,0.3544,-2719.461538461538,20.06,17.425295857988164,60.31730769230769,1335,83,0.009925259455432251,,17.499630450849963,445
188,0.3524,-3574.984615384615,24.885,22.44033872209392,66.43725943033103,1280,81,0.00982228342148807,,22.532717474980753,208
189,0.3505,-3103.2615384615383,22.264166666666668,19.210526315789473,62.876461988304094,1352,86,0.0096169376287769,,19.32894736842105,884
190,0.3485,-3940.8615384615387,28.3025,23.085445329471398,67.58291093410573,1378,82,0.00969156253694304,,23.206372194062272,521
191,0.3466,-3521.3692307692304,29.0375,25.44810307802434,69.4302075876879,1348,82,0.009575385838777328,,25.643825838686652,296
192,0.3447,-3269.0153846153844,21.558333333333334,18.473992673992672,62.03003663003663,1393,84,0.009415819675871795,,18.584615384615386,303
193,0.3428,-2836.9692307692308,21.579166666666666,18.964595375722542,62.585260115606935,1378,85,0.009919881270321963,,19.054873646209387,12
194,0.3409,-4160.076923076924,29.235,25.386978785662034,70.52670080468178,1362,80,0.00934596966312589,,25.480614484272127,99
195,0.339,-2555.5692307692307,17.860833333333332,16.318939393939395,59.38939393939394,1303,86,0.009679152054810708,,16.443181818181817,550
196,0.3371,-3657.630769230769,25.014166666666668,21.436962750716333,65.47492836676217,1395,80,0.010040638984365186,,21.533667621776505,518
197,0.3352,-4427.215384615384,35.2875,30.159074475777295,75.48373101952278,1370,82,0.009801092664518,,30.28344179320318,438
198,0.3334,-2977.3076923076924,20.575833333333332,17.700223713646533,60.49067859806115,1337,82,0.009468888541000866,,17.789120715350222,158
199,0.3315,-3536.6923076923076,24.779166666666665,21.148308135349172,65.76385889128869,1391,84,0.009369282829063472,,21.28941684665227,606
200,0.3297,-3104.3230769230768,22.515,19.687224669603523,63.28046989720998,1359,82,0.00935395693737254,,19.80763582966226,634
201,0.3279,-3057.323076923077,22.238333333333333,19.511611030478957,63.820754716981135,1361,85,0.009184928313036944,,19.612037708484408,63
202,0.3261,-4154.369230769231,30.089166666666667,26.498913830557566,70.92903692976104,1347,79,0.009569678473140083,,26.598841419261404,359
203,0.3243,-3591.2615384615383,24.675833333333333,21.237888647866956,65.23788864786695,1380,81,0.009068936819990913,,21.352856109906,274
204,0.3225,-3097.123076923077,23.5275,20.565701559020045,64.26429101707498,1321,82,0.00867765110013104,,20.671863400148478,817
205,0.3207,-3087.830769230769,22.06833333333333,19.052023121387283,62.83092485549133,1393,82,0.00871458426814666,,19.178468208092486,662
206,0.3189,-4615.046153846153,36.1825,31.335479256080113,77.56366237482118,1373,79,0.009066342797262136,,31.48354792560801,729
207,0.3172,-5013.0615384615385,41.780833333333334,35.33213773314204,81.67718794835007,1391,79,0.009245544836727146,,37.92412312097351,669
208,0.3154,-3640.753846153846,29.82,25.664265129683,69.73631123919309,1367,85,0.009315730286595266,,25.743515850144092,221
209,0.3137,-3959.384615384615,29.048333333333332,25.25128205128205,70.44688644688645,1364,81,0.008829201316807488,,25.323809523809523,724
210,0.3119,-3603.8923076923074,27.8175,23.948591549295774,68.14366197183098,1398,82,0.00913483689679,,24.07887323943662,566
211,0.3102,-3706.723076923077,29.794166666666666,26.931394481730052,71.09694258016405,1321,82,0.008895319522623426,,27.023827252419956,140
212,0.3085,-4356.692307692308,31.8075,27.313852813852815,72.79004329004329,1371,83,0.008893584224450872,,27.417027417027416,165
213,0.3068,-3722.661538461539,30.663333333333334,27.032161555721764,71.41062079281974,1305,83,0.008866750931099168,,27.26178010471204,117
214,0.3051,-3120.9076923076927,23.453333333333333,21.60135644310475,65.74529012810852,1320,82,0.009056854792350102,,21.708364732479275,594
215,0.3034,-3070.0769230769233,21.769166666666667,18.769977595220315,62.07916355489171,1334,83,0.008734525920647681,,18.84690067214339,889
216,0.3017,-2957.046153846153,20.919166666666666,18.15062454077884,61.31080088170463,1348,82,0.008890972703846535,,18.23438648052902,422
217,0.3,-3945.046153846154,28.3,23.8445558739255,68.96418338108883,1380,82,0.00880297496808992,,23.984240687679083,222
218,0.2984,-3261.538461538462,21.469166666666666,18.62677636499626,62.19072550486163,1322,81,0.008646828559189704,,18.73672400897532,5
219,0.2967,-3555.3384615384616,24.791666666666668,21.323572474377745,65.66910688140557,1372,80,0.008327850213570602,,21.414348462664716,136
220,0.2951,-2515.8615384615387,18.078333333333333,16.539634146341463,59.672256097560975,1322,83,0.008879257621047883,,16.62909367859863,633
221,0.2935,-3876.3692307692304,27.564166666666665,23.296503496503497,67.77202797202797,1428,80,0.008805126639231562,,23.394405594405594,318
222,0.2918,-2936.861538461538,19.781666666666666,17.416604338070307,61.33059087509349,1364,81,0.008665769235677672,,17.519820493642484,326
223,0.2902,-3842.5076923076927,27.816666666666666,24.866318147871546,69.4436146377894,1306,80,0.008613381359515273,,24.98805078416729,786
224,0.2886,-4273.0,32.65833333333333,28.258508327299058,73.77842143374366,1373,83,0.008185312272639576,,28.393917451122377,290
225,0.287,-3234.492307692308,22.151666666666667,19.207505518763796,62.68138337012509,1343,83,0.008650500105135133,,19.298749080206033,734
226,0.2854,-5433.030769230769,38.83583333333333,32.1671469740634,79.79250720461096,1394,80,0.008489324491050875,,32.31123919308357,834
227,0.2838,-3709.4461538461537,26.0225,22.465671641791044,66.69253731343284,1332,80,0.008869646547835985,,22.56044776119403,261
228,0.2823,-2862.2615384615383,21.60333333333333,19.568778979907265,63.986862442040184,1299,85,0.008421122695935986,,19.676970633693973,707
229,0.2807,-3474.6153846153848,26.971666666666668,24.104227405247812,68.08381924198251,1351,82,0.008425975054011707,,24.223032069970845,484
230,0.2792,-3546.5692307692307,25.2175,21.927650429799428,66.41404011461319,1388,82,0.008217143035926959,,22.04438081603436,186
231,0.2776,-3637.369230769231,30.405,26.006433166547534,70.27805575411008,1377,83,0.008716429705559062,,26.353571428571428,356
232,0.2761,-2725.246153846154,18.824166666666667,17.516103692065986,61.00785545954438,1267,82,0.008193339089770187,,17.622937941869598,876
233,0.2746,-3920.2000000000003,30.510833333333334,26.17676767676768,71.17821067821068,1361,83,0.008249409598402027,,26.28787878787879,160
234,0.273,-3706.1230769230774,26.673333333333332,22.534555712270805,66.66290550070522,1424,83,0.00864031884850311,,22.62226920366455,269
235,0.2715,-3567.646153846154,29.61,26.267153284671533,70.42043795620438,1327,82,0.008464901489233283,,26.4029197080292,123
236,0.27,-3363.7538461538456,24.424166666666668,20.946732954545453,64.92258522727273,1376,82,0.00867810585707903,,21.040482954545453,454
237,0.2685,-2969.1846153846154,21.151666666666667,18.76523702031603,62.596689240030095,1311,80,0.008760898891597714,,18.861550037622273,533
238,0.267,-3639.7230769230773,32.92666666666667,28.542960288808665,73.17328519855596,1372,84,0.00895379225798414,,28.77056277056277,644
239,0.2656,-4045.1846153846154,30.58,26.09325681492109,70.61334289813486,1373,83,0.00881997071981316,,26.185796269727405,538
240,0.2641,-2584.123076923077,18.335,16.819123505976094,60.62788844621514,1280,86,0.008626539831456104,,16.90836653386454,754
241,0.2626,-3773.630769230769,27.939166666666665,25.184307920059215,70.28867505551443,1350,80,0.008736463761020028,,25.303478904515174,740
242,0.2612,-3481.4461538461537,24.515,20.29098651525905,64.25550035486161,1406,83,0.009006122020496646,,20.388928317955997,519
243,0.2597,-3995.846153846154,28.410833333333333,23.5758896151053,68.5998547567175,1388,82,0.008369609332501339,,23.680464778503993,691
244,0.2583,-2931.492307692308,18.180833333333332,16.107919254658384,58.70962732919255,1279,83,0.008520262441666985,,16.21273291925466,839
245,0.2569,-3397.1846153846154,25.399166666666666,21.931308749096168,65.49023861171366,1358,81,0.008802301218840947,,22.014450867052023,654
246,0.2555,-3377.107692307692,25.161666666666665,20.969634230503797,64.88888888888889,1413,82,0.00828057941830509,,21.069013112491373,401
247,0.254,-4025.892307692307,36.475,31.532019704433498,77.05770584095707,1422,82,0.008193435469944665,,33.391334730957375,68
248,0.2526,-3362.107692307692,24.891666666666666,22.059215396002962,66.11547002220577,1350,83,0.008392875968890082,,22.156920799407846,758
249,0.2512,-3463.461538461538,23.063333333333333,19.73777777777778,64.07333333333334,1356,83,0.00835657101327447,,19.862222222222222,602
250,0.2498,-2664.6,19.37,17.183234421364986,60.13649851632047,1318,83,0.008129925057491277,,17.277983691623426,865
251,0.2485,-4079.7384615384617,29.816666666666666,26.798957557706625,72.84735666418466,1328,83,0.008373097004241891,,26.904017857142858,277
252,0.2471,-3184.9846153846156,23.423333333333332,19.60820367751061,63.91796322489392,1396,82,0.008152840930031855,,19.71074964639321,321
253,0.2457,-3795.9076923076923,26.624166666666667,22.587482219061165,67.35633001422475,1392,79,0.0082638824579625,,22.666666666666668,386
254,0.2444,-2472.046153846154,17.578333333333333,16.217125382262996,59.03669724770642,1279,83,0.008360096703499593,,16.31651376146789,273
255,0.243,-3589.4153846153845,24.658333333333335,20.989376770538243,64.89589235127478,1386,81,0.008411348391413458,,21.123229461756374,660
256,0.2417,-4574.63076923077,35.3,29.824152542372882,76.61864406779661,1395,80,0.00862560248414492,,30.11056338028169,522
257,0.2403,-3363.369230769231,24.820833333333333,21.332841328413284,65.23616236162361,1354,83,0.009032943603366778,,21.4309963099631,161
258,0.239,-4118.184615384615,29.5875,26.083700440528634,71.80837004405286,1348,82,0.008892857440257166,,26.16287600880411,58
259,0.2377,-2784.9384615384615,19.544166666666666,17.310344827586206,60.08735632183908,1303,80,0.009147806612599875,,17.39509954058193,579
260,0.2364,-2962.0153846153844,20.5425,17.855646970830218,61.35228122662678,1336,83,0.009023936715850552,,17.974569932685117,509
261,0.2351,-3413.215384615384,25.110833333333332,21.718168812589415,65.97210300429184,1395,84,0.008999871826582259,,21.82904148783977,163
262,0.2338,-3648.7230769230773,26.951666666666668,24.07565543071161,68.42097378277154,1322,85,0.009147920174021308,,24.19250936329588,64
263,0.2325,-2304.046153846154,17.09,15.16377358490566,58.35849056603774,1333,87,0.009100599688292138,,15.258867924528301,575
264,0.2312,-3777.4461538461537,30.025833333333335,26.118121790168747,70.84079236977256,1368,86,0.009164948957276788,,26.21643433602348,471
265,0.2299,-3730.3846153846152,27.935833333333335,24.96819526627219,69.69378698224853,1348,82,0.009006386531148306,,25.069526627218934,168
266,0.2286,-3425.5538461538463,29.4975,26.595604395604397,70.3934065934066,1340,83,0.008881117940467946,,28.165337200870194,807
267,0.2274,-3507.8,34.455,30.702861335289803,76.24211298606016,1350,84,0.009025496671875065,,37.0079883805374,109
268,0.2261,-3066.6153846153848,21.055833333333332,17.710545454545453,61.301818181818184,1391,82,0.008864705653042822,,17.80290909090909,41
269,0.2249,-3731.6923076923076,26.76,23.34354485776805,67.4799416484318,1360,81,0.008506889258484933,,23.441283734500363,776
270,0.2236,-4327.630769230769,34.20666666666666,29.19941986947063,74.62944162436548,1365,82,0.008029489643529146,,29.332849891225525,416
271,0.2224,-3329.9076923076927,22.174166666666668,18.38014705882353,61.71544117647059,1368,83,0.008143734303494285,,18.478676470588237,683
272,0.2211,-3528.246153846154,26.504166666666666,23.92699115044248,68.37094395280236,1352,82,0.00830846539935635,,24.050884955752213,101
273,0.2199,-3778.338461538461,26.155,21.80625,66.47916666666667,1430,82,0.008427843111985571,,21.9375,508
274,0.2187,-3282.8153846153846,23.890833333333333,20.89485294117647,65.04117647058824,1348,81,0.008437554548005242,,21.029411764705884,120
275,0.2175,-4048.4307692307693,30.5925,26.462792345854005,71.32388377037562,1393,83,0.008423824697151557,,26.594613749114103,892
276,0.2163,-3213.8923076923083,23.809166666666666,21.06921944035346,65.28939617083947,1343,83,0.008217160149151645,,21.207658321060382,459
277,0.2151,-4129.615384615384,36.87583333333333,31.772340425531915,77.61276595744681,1391,82,0.00845019016828841,,33.25282485875706,480
278,0.2139,-3803.400000000001,32.385,28.603498542274053,73.59037900874635,1361,82,0.008325281308033877,,28.801749271137027,475
279,0.2127,-3633.507692307692,26.67,23.598227474150665,68.52954209748893,1357,83,0.008509220345649162,,23.719350073855242,752
280,0.2115,-2569.169230769231,18.2175,15.950292397660819,58.869883040935676,1366,83,0.008790105185435739,,16.06578947368421,448
281,0.2104,-3445.1846153846154,24.210833333333333,21.634472511144132,65.44353640416047,1339,84,0.008496223733618358,,21.733283803863298,380
282,0.2092,-2574.6461538461544,19.269166666666667,16.989401968205904,60.33686601059803,1316,83,0.008416767019872885,,17.11355034065102,304
283,0.208,-3020.707692307692,22.268333333333334,19.140376266280754,63.211287988422576,1385,85,0.008290961254282865,,19.28509406657019,477
284,0.2069,-3018.630769230769,22.868333333333332,19.75400291120815,63.79184861717613,1373,84,0.008217067802699356,,19.878457059679768,640
285,0.2058,-3458.5230769230766,24.221666666666668,20.847232472324723,65.40885608856088,1376,83,0.008364026275695867,,20.940959409594097,821
286,0.2046,-2833.492307692308,21.1125,17.927745664739884,61.62789017341041,1377,84,0.008167111577376653,,18.029624277456648,227
287,0.2035,-3746.861538461538,26.274166666666666,22.16809116809117,66.51495726495726,1389,81,0.007996398697946196,,22.299145299145298,873
288,0.2024,-4231.123076923076,32.34,27.245056497175142,72.36440677966101,1403,80,0.008145801191643737,,27.38629943502825,795
289,0.2012,-2830.9384615384615,20.298333333333332,18.660536398467432,62.653639846743296,1297,85,0.00821867181774598,,18.75114854517611,745
290,0.2001,-2805.2615384615387,19.86,17.226067746686304,60.53755522827688,1352,82,0.008177882587809675,,17.341678939617083,439
291,0.199,-2694.353846153846,19.08416666666667,17.429112964366944,60.94692949203942,1308,84,0.007822166070234038,,17.553449583017436,771
292,0.1979,-3532.338461538461,24.055833333333332,20.251453488372093,64.69476744186046,1389,81,0.0077777889513986195,,20.376453488372093,597
293,0.1968,-2977.292307692308,20.3625,17.620029455081003,60.879970544919,1370,80,0.007805065946733002,,17.71081677704194,610
294,0.1957,-3649.569230769231,24.36916666666667,19.686994856722997,63.70022042615724,1409,80,0.007402339130161051,,19.808229243203527,119
295,0.1946,-3412.8615384615387,24.7675,21.865826538176428,65.76945885841364,1347,83,0.007457943936050543,,21.94959229058562,859
296,0.1936,-3667.784615384616,25.7025,21.5408670931059,65.81663113006397,1414,79,0.00797531964488936,,21.66169154228856,24
297,0.1925,-2973.3230769230768,21.289166666666667,17.494669509594882,61.61407249466951,1417,86,0.007855555501760784,,17.624733475479744,544
298,0.1914,-2771.5846153846155,20.47,17.956489675516224,61.990412979351035,1351,82,0.007979141898882184,,18.08259587020649,170
299,0.1904,-4042.4,29.9,26.032822757111596,71.32895696571845,1369,81,0.007859352666640774,,26.12837345003647,278
300,0.1893,-3508.1846153846154,24.999166666666667,21.477187733732237,65.83320867614061,1341,85,0.008278686150891544,,21.572176514584893,420
301,0.1883,-5129.938461538461,38.165,32.39460610361959,79.91057487579843,1377,82,0.008323504984617765,,32.54506742370476,15
302,0.1872,-4493.0615384615385,31.800833333333333,27.045551601423487,72.99288256227759,1402,77,0.008199527876680839,,27.176512455516015,678
303,0.1862,-3010.3846153846152,21.3,18.897209985315712,62.69089574155653,1345,81,0.008038873086641135,,19.03230543318649,517
304,0.1852,-3773.753846153847,27.701666666666668,24.394314868804663,68.44752186588921,1356,80,0.008144063991394635,,24.481049562682216,92
305,0.1841,-3268.6461538461535,24.27166666666667,21.144948755490482,64.93411420204978,1342,83,0.00845411389380332,,21.22970007315289,55
306,0.1831,-2961.3230769230768,20.495,17.3478883321403,60.688618468146025,1380,83,0.008333231232556181,,17.492483894058697,343
307,0.1821,-3229.2769230769236,22.894166666666667,19.794440380395027,63.27212874908559,1352,81,0.008353312300454852,,19.91294806144843,118
308,0.1811,-3028.123076923077,21.213333333333335,18.125183016105417,61.82137628111274,1381,84,0.008117813721075456,,18.251830161054173,464
309,0.1801,-2609.215384615384,18.884166666666665,16.632668144863267,59.91130820399113,1353,83,0.007912069270776503,,16.74057649667406,629
310,0.1791,-3503.1384615384613,24.100833333333334,20.607511045655375,65.00441826215022,1378,81,0.008240655811959909,,20.69955817378498,145
311,0.1781,-3086.6461538461535,22.281666666666666,19.62968405584129,63.73989713445996,1358,82,0.008112525197977762,,19.742836149889786,666
312,0.1771,-3363.5076923076927,23.16,20.151094890510947,64.14744525547445,1368,80,0.008164336610964036,,20.304379562043795,398
313,0.1762,-3984.6153846153843,29.871666666666666,25.556104446012704,70.41496118560339,1412,83,0.008073150822280223,,25.669019054340154,596
314,0.1752,-2513.8,15.5,14.484511517077046,57.62351072279587,1265,81,0.008292493406489675,,14.589356632247815,449
315,0.1742,-2551.415384615385,18.95,17.464012251148546,60.53139356814702,1321,85,0.008018246177742501,,17.55547054322877,246
316,0.1732,-3665.953846153846,25.065833333333334,21.87883211678832,66.12043795620438,1354,79,0.008511016269183972,,21.975200583515683,759
317,0.1723,-3180.9692307692308,21.458333333333332,17.723684210526315,60.869883040935676,1377,80,0.008185576079161183,,17.83406432748538,80
318,0.1713,-4134.430769230769,29.67,26.025659824046922,71.39809384164222,1359,80,0.008326186502312335,,26.118768328445746,582
319,0.1704,-3476.338461538462,24.6525,20.896186440677965,64.68926553672317,1409,79,0.00831016800321941,,21.04943502824859,225
320,0.1694,-4388.630769230769,37.10916666666667,32.07552650689905,78.2316630355846,1366,83,0.008316951726977367,,32.58309248554913,551
321,0.1685,-4387.676923076923,31.976666666666667,27.88888888888889,73.26334776334777,1354,82,0.008331166088193113,,27.98051948051948,391
322,0.1676,-2467.507692307692,17.466666666666665,15.86579754601227,58.605828220858896,1304,83,0.008144537501087018,,15.949386503067485,20
323,0.1666,-3213.369230769231,19.820833333333333,17.195366795366795,60.23243243243243,1305,79,0.007835634729338192,,17.275462962962962,250
324,0.1657,-3010.3076923076924,21.963333333333335,19.581858407079647,63.01548672566372,1328,83,0.007831694817993718,,19.670596904937362,35
325,0.1648,-2816.0769230769233,20.285,16.77690662865289,59.704918032786885,1377,83,0.00837433920804509,,16.87384176764077,18
326,0.1639,-2473.0923076923077,18.395,16.47520355292376,59.50111028867506,1326,83,0.008561746222040213,,16.595114729829756,670
327,0.163,-4333.876923076923,40.38,34.27702219040802,80.3428775948461,1367,83,0.009058907714111492,,36.474964234620884,500
328,0.1621,-3394.9384615384615,23.97833333333333,20.486861313868612,65.15620437956204,1373,81,0.008532559776074748,,20.617518248175184,559
329,0.1612,-2870.661538461538,20.825,18.93955623565417,62.80260137719969,1326,82,0.008378924191736125,,19.074215761285387,205
330,0.1603,-2736.7692307692305,18.5625,16.30955882352941,59.82279411764706,1354,80,0.0084873256982444,,16.393382352941178,882
331,0.1594,-2965.3384615384616,21.118333333333332,18.3121387283237,62.059248554913296,1371,81,0.008043604135748159,,18.427023121387283,485
332,0.1585,-3777.0,27.921666666666667,23.54506128334535,68.155010814708,1399,82,0.008226782392789051,,23.660418168709445,506
333,0.1577,-2869.8153846153846,19.405,17.334580838323355,61.12874251497006,1344,81,0.008636165884980009,,17.436377245508982,400
334,0.1568,-3621.4153846153845,26.1175,22.986666666666668,67.57629629629629,1335,82,0.00819810884696269,,23.102146558105108,735
335,0.1559,-3583.4461538461537,27.465,24.541882876204596,69.22609340252039,1341,80,0.008516776092244455,,24.63306152705708,799
336,0.155,-4091.4000000000005,29.5125,25.96529284164859,71.03109182935647,1379,82,0.008147221839068946,,26.055676066522054,479
337,0.1542,-2771.861538461538,19.495,17.114328136599852,60.233853006681514,1342,82,0.008310108446907731,,17.216035634743875,403
338,0.1533,-2630.6153846153848,17.945,15.875278396436526,59.037861915367486,1349,83,0.008272763746720299,,15.979228486646884,863
339,0.1525,-3805.6923076923076,29.588333333333335,24.547788873038517,69.04850213980029,1397,82,0.008261710338000793,,25.218259629101283,71
340,0.1516,-3222.046153846154,21.85,18.443396226415093,62.1422351233672,1388,80,0.008062465768363345,,18.553701015965167,310
341,0.1508,-2671.9846153846156,18.76,17.146564885496183,60.66259541984733,1298,81,0.008573593627067546,,17.251908396946565,548
342,0.15,-4024.9076923076923,28.098333333333333,23.62109090909091,68.15054545454545,1363,79,0.008540642419125676,,23.746181818181817,578
343,0.1491,-4615.969230769231,37.4225,32.16045845272206,78.33381088825215,1387,80,0.008432605903608767,,32.42836676217765,412
344,0.1483,-3774.8461538461534,28.083333333333332,24.706360946745562,69.62426035502959,1359,80,0.008425448793817023,,24.791420118343197,840
345,0.1475,-3820.6153846153848,27.418333333333333,22.55206847360913,66.57560627674751,1389,80,0.008190080123980445,,22.651925820256775,79
346,0.1467,-3416.046153846154,24.320833333333333,20.790114613180517,65.17621776504298,1404,81,0.00832719189758528,,20.921203438395416,365
347,0.1459,-3047.7076923076925,20.294166666666666,17.88050784167289,60.80955937266617,1351,81,0.008037013699606674,,17.956684092606423,569
348,0.1451,-3116.3230769230768,22.738333333333333,19.43484626647145,63.00658857979502,1363,82,0.008292622215676773,,19.53367496339678,713
349,0.1443,-3368.276923076923,24.320833333333333,20.12240663900415,64.35269709543569,1411,81,0.008425590850160689,,20.261410788381742,85
350,0.1435,-3305.7230769230773,22.88083333333333,18.993715083798882,62.495810055865924,1422,81,0.008377519820218948,,19.098463687150836,534
351,0.1427,-4025.246153846154,29.6625,25.587731811697576,70.22895863052781,1403,78,0.008833797807431413,,25.700427960057063,626
352,0.1419,-3663.753846153846,25.726666666666667,21.04971590909091,64.76136363636364,1392,82,0.008677059505804269,,21.152698863636363,166
353,0.1411,-3226.6769230769237,20.759166666666665,18.749812171299773,61.95792637114951,1335,79,0.008207152244739982,,18.825694966190834,494
354,0.1403,-3442.7076923076925,23.253333333333334,20.042760690172543,64.36534133533384,1338,82,0.008492878592947013,,20.131282820705177,482
355,0.1395,-3730.246153846154,25.008333333333333,21.968586387434556,66.45774121166791,1339,82,0.008382026652880185,,22.079281974569934,214
356,0.1388,-3176.6615384615384,22.165,19.180835734870318,62.764409221902014,1363,79,0.00829642722042909,,19.2829373650108,635
357,0.138,-3145.9692307692308,22.413333333333334,18.596716630977873,62.25767309064953,1404,84,0.008394859753039515,,18.70378301213419,367
358,0.1372,-3198.123076923077,23.85333333333333,20.986353297952995,65.63457164518574,1312,84,0.008331086345670195,,21.18650492797574,812
359,0.1365,-4430.538461538461,31.045833333333334,26.511988716502117,72.47672778561353,1382,79,0.00836820335744119,,26.63469675599436,122
360,0.1357,-3171.2615384615383,22.79083333333333,19.782894736842106,63.78874269005848,1347,84,0.008385345535876441,,19.914473684210527,711
361,0.135,-3637.4461538461537,26.145,21.932227829848593,66.57894736842105,1381,82,0.008532664101272455,,22.019452449567723,542
362,0.1342,-3484.83076923077,24.525833333333335,21.796597633136095,65.9430473372781,1337,79,0.008307384471781537,,21.88609467455621,841
363,0.1335,-2411.723076923077,16.914166666666667,15.499231950844854,58.357142857142854,1290,81,0.00861086311160349,,15.556835637480798,545
364,0.1327,-2424.5230769230766,17.14,15.300683371298405,58.475322703113136,1346,82,0.008345585950707975,,15.385725132877752,556
365,0.132,-3425.2,24.136666666666667,20.885221305326333,65.51687921980495,1311,84,0.008460226703079094,,20.998499624906227,866
366,0.1313,-3186.9846153846156,21.97,18.605950653120466,62.587808417997095,1383,84,0.008553472506142997,,18.735123367198838,305
367,0.1306,-3236.015384615385,22.689166666666665,20.0609756097561,63.85060975609756,1307,81,0.008444912186124873,,20.148628048780488,871
368,0.1298,-2393.276923076923,16.583333333333332,14.5125,57.01323529411765,1356,82,0.008564956699766509,,14.60220588235294,468
369,0.1291,-3095.2,22.8075,20.675696012039126,65.05793829947329,1337,85,0.008495327901210931,,20.775771256583898,732
370,0.1284,-2623.753846153846,18.8975,15.964824120603016,59.2275664034458,1376,84,0.00864468726492452,,16.06173725771716,671
371,0.1277,-2897.246153846154,19.32,17.0,60.3162583518931,1358,80,0.009040626153267544,,17.105419450631032,720
372,0.127,-3660.6923076923076,25.046666666666667,20.536252692031585,65.11127063890883,1399,78,0.008555093256292086,,20.64824120603015,394
373,0.1263,-3042.4461538461537,20.705,17.88888888888889,61.93640350877193,1392,78,0.00845935078430786,,18.002923976608187,470
374,0.1256,-2875.8,19.569166666666668,17.367875647668395,60.94744633604737,1343,80,0.008380267487572765,,17.47298297557365,505
375,0.1249,-3035.3999999999996,20.785833333333333,18.015384615384615,61.83882783882784,1354,84,0.008679320349961217,,18.12014652014652,254
376,0.1242,-2477.3076923076924,17.0175,15.1609363569861,58.260424286759324,1350,79,0.00897152852413131,,15.238478419897586,96
377,0.1235,-3960.692307692308,29.734166666666667,25.60284697508897,71.11459074733096,1388,84,0.008725893465137113,,25.711032028469752,527
378,0.1228,-3276.8,23.024166666666666,19.478632478632477,63.41096866096866,1401,82,0.009115776005718338,,19.57437722419929,127
379,0.1221,-2680.0307692307692,19.048333333333332,16.217546362339515,59.41298145506419,1380,83,0.008786534609052899,,16.31312410841655,432
380,0.1215,-2464.9846153846156,18.109166666666667,15.681422351233673,58.64296081277213,1359,86,0.008352320728988174,,15.784470246734397,790
381,0.1208,-3309.1076923076926,23.065,19.65924276169265,63.239792130660724,1359,82,0.008767783260037316,,19.764094955489615,696
382,0.1201,-3125.753846153846,23.063333333333333,20.756593820648078,64.57799547852298,1319,82,0.00875766622376614,,20.87490580256217,481
383,0.1195,-3108.538461538462,22.183333333333334,19.106824925816024,62.804896142433236,1350,83,0.008162567430075665,,19.218842729970326,421
384,0.1188,-3429.046153846154,32.2,29.8218966846569,74.62606013878181,1278,84,0.00807799633241141,,31.063993831919817,848
385,0.1181,-2811.1846153846154,20.15,17.132897603485837,60.61801016702977,1366,83,0.008342690296676234,,17.208424110384893,200
386,0.1175,-2674.8615384615387,18.844166666666666,16.428257686676428,59.45461200585652,1345,82,0.00829272250321151,,16.553440702781845,348
387,0.1168,-3403.3076923076924,21.775,18.517391304347825,61.62246376811594,1373,77,0.008823479255105904,,18.616666666666667,788
388,0.1162,-2854.215384615384,21.336666666666666,18.58779761904762,61.96205357142857,1339,83,0.008229683359516158,,18.69717261904762,702
389,0.1156,-3249.7692307692305,22.165,19.52055800293686,63.27826725403818,1351,81,0.008270209339719014,,19.633627019089573,802
390,0.1149,-3058.815384615385,22.438333333333333,19.437454808387564,63.229934924078094,1376,83,0.008085714541671288,,19.54013015184382,717
391,0.1143,-3413.7692307692305,24.225,20.82496413199426,64.44619799139168,1340,81,0.00797286254013652,,20.941935483870967,877
392,0.1136,-2661.6923076923076,17.601666666666667,16.550925925925927,60.25231481481482,1298,79,0.008077373165346792,,16.641203703703702,665
393,0.113,-2865.1076923076926,20.3075,17.86549707602339,61.44809941520468,1351,80,0.008210755345266548,,17.960526315789473,91
394,0.1124,-3420.9076923076927,23.85,20.75403817914831,64.97577092511013,1375,82,0.008401099702972528,,20.859030837004404,219
395,0.1118,-2964.0153846153844,20.323333333333334,17.53880266075388,61.65853658536585,1363,78,0.008570674516011342,,17.65410199556541,177
396,0.1112,-3539.323076923077,24.35,21.3033381712627,65.92815674891146,1372,79,0.008202256684490457,,21.410740203193033,27
397,0.1105,-2619.1384615384613,19.09,17.536209553158706,60.78428351309707,1285,85,0.007989895715103534,,17.61787365177196,90
398,0.1099,-4169.107692307693,29.595,25.26680972818312,70.16881258941345,1365,80,0.008101257295609926,,25.354792560801144,768
399,0.1093,-3138.876923076923,21.876666666666665,19.568539325842696,62.84194756554307,1310,80,0.008244224643664703,,19.680149812734083,451
400,0.1087,-2751.5230769230766,19.418333333333333,17.449242424242424,60.675,1321,80,0.00830073036012902,,17.53939393939394,679
401,0.1081,-3322.476923076923,22.88,19.866818873668187,63.5144596651446,1331,81,0.0084490046612987,,19.98173515981735,861
402,0.1075,-3660.5230769230766,26.88083333333333,22.6830835117773,67.7323340471092,1406,82,0.008147724574102563,,22.78015703069236,619
403,0.1069,-3119.430769230769,21.20916666666667,18.14581791265729,61.924500370096226,1362,79,0.008284842651102544,,18.253145817912657,327
404,0.1063,-3965.446153846154,27.8875,23.952932657494568,69.04199855177407,1391,81,0.008383669408510845,,24.062997827661114,355
405,0.1057,-3602.523076923077,25.329166666666666,21.57917261055635,66.3830242510699,1404,77,0.008294509238971348,,21.92796005706134,433
406,0.1052,-3324.9384615384615,21.433333333333334,19.35361216730038,63.444866920152094,1320,78,0.007994009813856336,,19.485171102661596,737
407,0.1046,-3412.9692307692303,27.553333333333335,24.932177844762624,69.00979653353428,1304,84,0.007727373481242002,,24.9894578313253,621
408,0.104,-3699.3384615384616,32.035,28.024354243542437,72.15571955719557,1365,82,0.007592658954727964,,28.214022140221402,128
409,0.1034,-3908.2307692307695,27.264166666666668,24.04169769173492,69.36783320923305,1352,79,0.007885619641467119,,24.152643335815338,446
410,0.1028,-2589.907692307692,18.493333333333332,16.018063583815028,59.30780346820809,1367,83,0.00808762284912251,,16.11199421965318,42
411,0.1023,-3348.461538461538,25.248333333333335,23.024354243542437,67.64280442804429,1343,82,0.008103919785623616,,23.142435424354243,831
412,0.1017,-2902.2,19.370833333333334,16.434142752023547,59.42163355408388,1361,84,0.008409590417283992,,16.559234731420162,878
413,0.1011,-2880.0615384615385,20.308333333333334,17.921875,61.752232142857146,1337,80,0.00787383332435688,,18.044642857142858,467
414,0.1006,-2637.0307692307692,19.03,16.4878587196468,59.4532744665195,1346,84,0.007874000890892205,,16.59264705882353,437
415,0.1,-3323.292307692308,28.736666666666668,25.408532176428054,69.35574837310195,1352,80,0.008022265782835752,,25.906001446131597,231
416,0.0995,-2551.646153846154,17.989166666666666,15.796771826852531,58.85399853264857,1341,81,0.008061531770228175,,15.89435069699193,498
417,0.0989,-3205.0307692307692,22.638333333333332,18.870554765291608,62.60953058321479,1415,83,0.007919094698272124,,18.940256045519202,462
418,0.0984,-3405.953846153846,24.485833333333332,20.68384401114206,64.92130919220055,1435,81,0.007869084622713268,,20.803621169916436,263
419,0.0978,-2666.5230769230766,18.16,15.979910714285714,58.46577380952381,1334,81,0.00775297162361446,,16.059479553903344,39
420,0.0973,-3797.3846153846152,25.3625,21.782545454545456,66.58036363636364,1379,78,0.007965982482273516,,21.872,611
421,0.0968,-3061.753846153846,22.714166666666667,19.627956989247313,63.56344086021505,1349,82,0.0076400398789718835,,19.763440860215052,785
422,0.0962,-3477.5692307692307,26.535,23.149776453055143,67.28390461997019,1337,82,0.007549642464298809,,23.23248882265276,107
423,0.0957,-3376.5384615384614,24.629166666666666,21.116728624535316,65.37472118959109,1343,82,0.008213717800867534,,21.233457249070632,766
424,0.0952,-3539.3846153846157,25.8925,22.165365507452094,66.52377572746629,1379,80,0.008036629622924998,,22.26614620298084,331
425,0.0946,-3479.8153846153846,24.221666666666668,20.858585858585858,64.72510822510823,1386,79,0.007895469997195271,,20.950937950937952,17
426,0.0941,-3752.6307692307696,27.6325,24.093189964157705,69.00286738351255,1392,81,0.00800193832486519,,24.179928315412187,152
427,0.0936,-3339.676923076923,26.726666666666667,23.290181818181818,67.328,1352,83,0.007887337324007768,,23.374545454545455,299
428,0.0931,-2605.0,19.08416666666667,16.787030213706707,60.11201179071481,1342,84,0.007563739689218837,,16.893146647015474,744
429,0.0926,-2680.9846153846147,18.991666666666667,16.108997805413313,59.67959034381858,1369,84,0.007324039937034769,,16.21872713972202,52
430,0.092,-2250.5230769230766,15.395,13.50336071695295,56.29798356982823,1327,83,0.0075984416348452285,,13.615384615384615,338
431,0.0915,-2304.7846153846153,16.105,14.34503360716953,57.014936519790886,1329,84,0.007546966262547095,,14.433905899925318,167
432,0.091,-2741.0307692307692,18.404166666666665,16.467669172932332,59.75338345864662,1339,79,0.0072330672260412735,,16.594736842105263,207
433,0.0905,-2597.5230769230766,18.035,16.055066079295155,58.62261380323054,1338,80,0.007162690299901857,,16.205580029368576,748
434,0.09,-4189.830769230768,32.05583333333333,27.45154343144293,71.99712849964106,1369,81,0.006967770012920018,,27.917503586800574,452
435,0.0895,-3708.876923076923,27.2325,23.95210449927431,68.28374455732946,1352,80,0.0072462451330087265,,24.050798258345427,335
436,0.089,-2441.3076923076924,17.84,15.66816479400749,58.63520599250936,1331,84,0.007358617993738099,,15.763295880149812,725
437,0.0885,-3129.5538461538463,21.391666666666666,19.32161555721765,63.44577412116679,1335,79,0.007112491702004291,,19.429745889387146,435
438,0.088,-2276.8,15.093333333333334,13.220740740740741,55.75037037037037,1352,82,0.007095387757495684,,13.337037037037037,773
439,0.0876,-3006.3846153846152,21.296666666666667,19.051736881005173,63.09682187730968,1337,79,0.0072058090895777745,,19.159645232815965,474
440,0.0871,-3332.1384615384613,23.239166666666666,19.69338235294118,63.7625,1367,80,0.007535322612433849,,19.788970588235294,411
441,0.0866,-2408.3076923076924,17.641666666666666,15.463057790782736,58.47183613752743,1353,82,0.007265565500231443,,15.529239766081872,530
442,0.0861,-2554.923076923077,17.273333333333333,15.395061728395062,58.489197530864196,1313,83,0.007350290170209625,,15.483024691358025,697
443,0.0856,-3389.4461538461537,23.403333333333332,20.438827838827837,64.41758241758242,1364,78,0.0073119372842052974,,20.572893772893774,777
444,0.0852,-2922.076923076923,20.88083333333333,18.76364996260284,62.43530291697831,1338,81,0.00771286185219292,,18.860882572924456,37
445,0.0847,-3059.8461538461534,22.293333333333333,19.021892655367232,62.523305084745765,1407,83,0.00790056731595451,,19.10593220338983,323
446,0.0842,-3203.0923076923073,23.095833333333335,20.67427701674277,64.80517503805174,1310,83,0.0077960058202392836,,20.782343987823438,148
447,0.0838,-2776.0307692307692,20.455833333333334,17.73076923076923,61.60522496371553,1361,87,0.007975169518221935,,17.829462989840348,440
448,0.0833,-2555.138461538462,17.950833333333332,15.032234957020057,57.61318051575931,1390,82,0.007866377672163203,,15.142550143266476,375
449,0.0828,-2636.9692307692303,18.503333333333334,16.628550074738417,59.671898355754855,1324,82,0.008091956458911254,,16.745142002989535,405
450,0.0824,-2923.753846153846,20.809166666666666,17.994822485207102,61.26849112426036,1348,81,0.007794140217581585,,18.09467455621302,714
451,0.0819,-3345.0923076923077,23.254166666666666,19.953937592867756,64.29123328380386,1363,81,0.0076314682951907015,,20.053491827637444,311
452,0.0815,-3887.6153846153843,29.62,26.002928257686676,72.18887262079063,1346,81,0.007779098265694978,,26.113386978785663,330
453,0.081,-2793.4461538461537,20.1625,17.620132255694344,61.106539309331374,1363,84,0.008007408611501335,,17.705580029368576,116
454,0.0806,-2498.123076923077,17.428333333333335,15.45945945945946,58.7027027027027,1337,82,0.007444611539244595,,15.576576576576576,653
455,0.0801,-2776.4307692307693,18.9125,16.61419068736142,59.40724316334072,1364,83,0.007513352194073855,,16.719881744271987,360
456,0.0797,-3069.7230769230773,21.126666666666665,17.728051391862955,61.69593147751606,1413,82,0.007486917525662714,,17.8401142041399,75
457,0.0792,-3199.4769230769234,22.929166666666667,19.543290043290042,63.506493506493506,1371,84,0.00754974012288916,,19.645021645021647,133
458,0.0788,-2531.753846153846,17.243333333333332,14.772661870503597,57.34892086330935,1374,84,0.007298352467453597,,14.902158273381295,511
459,0.0784,-2764.2307692307695,19.336666666666666,16.799414348462665,59.79062957540263,1356,83,0.007530171909826068,,16.890190336749633,294
460,0.0779,-3090.492307692308,20.713333333333335,17.772032046613255,61.76984705025492,1389,83,0.00739908173430091,,17.847889374090247,244
461,0.0775,-3120.0615384615385,21.766666666666666,19.394294074615946,63.264081931236284,1364,79,0.007555261917433207,,19.47549378200439,320
462,0.0771,-3586.9076923076927,25.784166666666668,22.119359534206694,66.16957787481805,1367,80,0.007274459541433389,,22.225618631732168,493
463,0.0766,-3228.3384615384616,29.27166666666667,26.942616679418517,71.8194338179036,1300,89,0.007283766795264004,,27.053557765876054,685
464,0.0762,-3259.1384615384613,22.766666666666666,19.677777777777777,63.982962962962965,1351,80,0.007625441746779303,,19.804444444444446,151
465,0.0758,-2469.9076923076923,15.601666666666667,14.681998413957176,57.01110229976209,1271,79,0.007504324222428203,,14.75654242664552,837
466,0.0754,-3421.230769230769,25.97,22.88623188405797,67.50217391304348,1362,79,0.007372092249346548,,23.002898550724638,47
467,0.075,-2471.5692307692307,17.760833333333334,16.1012084592145,59.50226586102719,1331,81,0.007351632616160542,,16.186555891238672,295
468,0.0745,-3878.7384615384617,26.611666666666668,23.13328530259366,68.54034582132564,1385,79,0.007223811232887108,,23.257204610951007,600
469,0.0741,-3979.492307692308,32.195,26.88543823326432,71.43823326432022,1426,80,0.00731768485763595,,27.72808833678399,769
470,0.0737,-3284.1076923076926,27.61916666666667,23.460283687943264,67.96879432624114,1373,87,0.007450693819033823,,24.48208011243851,86
471,0.0733,-3078.723076923077,22.53,19.34910394265233,62.89820788530466,1377,82,0.007615097602242995,,19.427956989247313,313
472,0.0729,-2632.6,19.301666666666666,17.006661732050333,60.38119911176906,1337,84,0.0077057557148852,,17.09696521095485,182
473,0.0725,-3572.707692307692,24.2625,20.802867383512545,65.21505376344086,1379,80,0.007547474176226858,,20.93046594982079,805
474,0.0721,-2857.123076923077,21.0775,18.379793510324482,61.915929203539825,1335,82,0.007652091110324301,,18.51622418879056,419
475,0.0717,-2303.246153846154,16.618333333333332,14.761227544910179,57.22829341317365,1335,84,0.007562174825486879,,14.8562874251497,83
476,0.0713,-3849.7384615384617,30.800833333333333,26.38334529791816,70.37185929648241,1382,82,0.007554729118559218,,26.54181558255897,765
477,0.0709,-3317.8153846153846,23.98,21.00805270863836,65.06734992679355,1358,85,0.007702260914868056,,21.090775988286968,266
478,0.0705,-3185.246153846154,22.529166666666665,19.481508339376358,63.11022480058013,1368,83,0.007354972699176653,,19.590282813633067,539
479,0.0701,-4096.153846153846,36.11,28.98223538119911,74.26720947446336,1356,80,0.007323941096172878,,30.1480384900074,524
480,0.0697,-3371.8153846153846,22.84,19.651660516605165,63.77269372693727,1362,81,0.007320599292240604,,19.769741697416976,642
481,0.0694,-3326.3846153846152,21.49416666666667,17.89116143170197,61.456537618699784,1388,78,0.0073098944469986455,,18.016800584368152,580
482,0.069,-3574.630769230769,25.539166666666667,22.87704918032787,66.64381520119225,1328,78,0.00723404073650959,,22.955323901712585,229
483,0.0686,-3117.3230769230768,20.78,17.66422823701536,61.33357717629846,1388,81,0.007221336265264054,,17.761521580102414,185
484,0.0682,-2455.7692307692305,16.465833333333332,14.785768357305072,57.78274034822105,1323,83,0.007371577446155349,,14.887206661619985,567
485,0.0678,-2859.4307692307693,19.259166666666665,16.152974504249293,59.25,1396,81,0.007280643767563815,,16.271954674220964,426
486,0.0675,-2724.953846153846,18.775,16.27621861152142,59.33825701624816,1357,84,0.00716251433821898,,16.372968980797637,124
487,0.0671,-3757.984615384615,31.151666666666667,27.00496453900709,71.04893617021277,1365,84,0.006929427907198289,,27.114893617021277,33
488,0.0667,-3625.2307692307686,24.839166666666667,20.5848787446505,65.19828815977175,1400,80,0.007127807259368528,,20.67783321454027,694
489,0.0664,-2963.1384615384613,20.245833333333334,17.415011037527595,61.253127299484916,1347,80,0.006883530905026185,,17.54598969830758,455
490,0.066,-3629.338461538461,28.233333333333334,24.427659574468084,68.44468085106384,1375,81,0.00712012091904554,,24.53049645390071,44
491,0.0656,-2587.6,18.74416666666667,16.433504775900072,59.907421013960324,1346,82,0.007214209897752232,,16.54592211609111,709
492,0.0653,-3763.2,25.794166666666666,21.81741573033708,66.17205056179775,1389,78,0.007390066384463619,,21.917134831460675,262
493,0.0649,-2315.5538461538463,15.768333333333333,14.071590052750565,56.78146194423512,1318,81,0.006980802663493374,,14.155237377543331,615
494,0.0645,-2528.0153846153844,18.75,16.790766939687266,59.897989575577064,1314,83,0.006878665111653577,,16.88607594936709,457
495,0.0642,-4039.4000000000005,36.73166666666667,33.05806938159879,78.97963800904978,1340,84,0.007263886499639672,,36.140625,397
496,0.0638,-2549.769230769231,16.481666666666666,15.08456167571761,58.15515903801396,1300,81,0.007190702797751232,,15.183087664856478,31
497,0.0635,-3170.7692307692305,22.63083333333333,20.305680119581464,64.19805680119582,1334,80,0.007265615822915683,,20.406576980568012,137
498,0.0631,-2962.369230769231,20.379166666666666,18.236208236208235,61.872571872571875,1315,80,0.007434220258260602,,18.326340326340326,599
499,0.0628,-2525.2923076923075,17.674166666666668,15.607250755287009,58.520392749244714,1327,82,0.0071504710221869,,15.70392749244713,648
500,0.0624,-2570.876923076923,18.545,16.497420781134856,59.50921149594694,1339,81,0.006771219205354269,,16.61680176860722,436
501,0.0621,-2631.0615384615385,18.5525,16.389955686853767,59.348596750369275,1346,80,0.00670536589782479,,16.48966026587888,864
502,0.0617,-2763.461538461538,20.1425,17.06272273699216,60.49394155381326,1407,84,0.006899183449535708,,17.148253741981467,755
503,0.0614,-2804.2615384615383,20.1475,17.47011070110701,61.14538745387454,1349,82,0.007081100936675909,,17.569741697416973,407
504,0.0611,-3791.7076923076925,25.811666666666667,22.22327964860908,66.96193265007321,1386,80,0.007338373016580826,,22.33382137628111,155
505,0.0607,-2782.2615384615383,19.081666666666667,16.647016011644833,59.85080058224163,1365,82,0.0070526652570368255,,16.75618631732169,175
506,0.0604,-3112.7846153846153,24.309166666666666,20.11302549965541,63.94831150930393,1442,85,0.007239973715506899,,20.2460372157133,402
507,0.06,-3253.123076923077,21.79083333333333,18.41606886657102,62.348637015781925,1404,81,0.007310234148638503,,18.55954088952654,618
508,0.0597,-2873.5230769230775,20.4,17.828592268417214,61.53172866520788,1363,85,0.006990222267474777,,17.948212983223925,340
509,0.0594,-2655.1076923076926,18.544166666666666,17.098699311400154,60.37107880642693,1301,80,0.007176439107766987,,17.179801071155318,232
510,0.0591,-3173.4461538461537,21.5025,18.805575935436536,61.87160674981658,1340,78,0.007458798161400552,,18.918561995597944,423
511,0.0587,-2782.6153846153843,19.253333333333334,16.677704194260485,59.79396615158205,1348,81,0.00761306492165658,,16.794701986754966,851
512,0.0584,-2552.353846153846,17.445833333333333,16.408874801901742,59.50475435816165,1260,78,0.007098215202880588,,16.48535233570863,38
513,0.0581,-2864.1384615384613,19.335,17.44128646222887,60.540762902019445,1306,79,0.007035189992078571,,17.55646970830217,767
514,0.0578,-2990.507692307692,18.940833333333334,16.69168506254599,59.92200147167035,1352,78,0.0070099974091944245,,16.772058823529413,491
515,0.0574,-2552.123076923077,16.850833333333334,14.767727930535456,57.79088277858177,1366,81,0.007150249523904491,,14.890738060781477,572
516,0.0571,-2672.492307692308,18.350833333333334,16.24944485566247,59.37379718726869,1353,83,0.006753461433806634,,16.379718726868987,88
517,0.0568,-2498.3384615384616,17.6025,16.060377358490566,59.455849056603775,1322,81,0.006866497830326666,,16.19924528301887,756
518,0.0565,-4546.799999999999,31.065,28.307518796992483,74.28345864661654,1329,76,0.006712591620178427,,28.42406015037594,742
519,0.0562,-3161.1846153846154,21.174166666666668,17.85549964054637,61.440690150970525,1387,81,0.006814536113798269,,17.9784327821711,564
520,0.0559,-2441.0307692307697,15.953333333333333,14.867924528301886,57.463050314465406,1265,82,0.006736269430451441,,14.96229379418696,339
521,0.0556,-2207.2615384615387,15.79,13.902133922001472,56.2111846946284,1350,84,0.007056457972390656,,14.014716703458426,733
522,0.0553,-2817.0615384615385,19.1175,16.868924889543447,59.72017673048601,1344,79,0.007118408646039627,,16.99926362297496,794
523,0.0549,-3212.9846153846156,21.8175,18.715018315018316,62.42051282051282,1365,82,0.007023419864369365,,18.804395604395605,806
524,0.0546,-3430.2,24.825,20.852631578947367,65.3698245614035,1401,82,0.006823171058953674,,21.000701754385965,555
525,0.0543,-3031.584615384615,21.4425,19.070359281437124,62.77619760479042,1332,83,0.006648988045018738,,19.175898203592816,478
526,0.054,-3809.846153846154,29.25583333333333,24.804044630404462,70.04811715481172,1406,83,0.007272068238510288,,24.933751743375176,622
527,0.0537,-3225.2923076923075,25.499166666666667,22.415462427745666,66.21820809248555,1361,85,0.0072379235047248915,,22.54913294797688,59
528,0.0534,-3217.169230769231,24.416666666666668,21.976348854397635,66.16925351071693,1340,85,0.007188537912804991,,22.100517368810053,761
529,0.0531,-2577.4,19.965833333333332,17.74391143911439,60.602952029520296,1314,82,0.007204711007248632,,17.865682656826568,815
530,0.0529,-2972.0,20.148333333333333,16.691073919107392,60.216875871687584,1418,82,0.007421412147356811,,16.795121951219514,61
531,0.0526,-3511.107692307692,32.5875,28.701023391812864,73.5906432748538,1367,84,0.007476780609437849,,29.47953216374269,293
532,0.0523,-3439.830769230769,31.489166666666666,28.266467065868262,72.54715568862275,1334,84,0.007268225615900039,,28.396564600448094,453
533,0.052,-2965.4461538461537,20.411666666666665,16.00795947901592,59.484804630969606,1401,81,0.007291770465528372,,16.09479015918958,312
534,0.0517,-2473.769230769231,16.901666666666667,14.911655530809206,58.29992576095026,1353,81,0.007142734518819047,,15.005939123979212,651
535,0.0514,-2428.046153846154,15.970833333333333,14.128454070201643,56.76923076923077,1342,82,0.00715109121555018,,14.206123973114265,726
536,0.0511,-2923.107692307692,19.534166666666668,16.954446854663775,60.093275488069416,1371,80,0.007140429019810035,,17.03034682080925,676
537,0.0508,-2482.492307692308,17.720833333333335,15.584194977843428,58.63810930576071,1347,84,0.007350842455681803,,15.683899556868537,404
538,0.0506,-2765.784615384616,19.766666666666666,16.88109305760709,59.8301329394387,1354,84,0.00711539386157561,,16.98301329394387,558
539,0.0503,-2967.276923076923,20.8275,17.550755939524837,61.156227501799854,1395,84,0.007021641993851336,,17.6227501799856,0
540,0.05,-2930.230769230769,19.405,17.034918276374444,60.69390787518574,1349,82,0.007095844342939648,,17.138930163447252,584
541,0.05,-4566.153846153846,33.64083333333333,27.45626312106368,73.67879636109167,1444,82,0.0069399448169569136,,27.592022393282015,791
542,0.05,-3056.169230769231,25.651666666666667,23.598039215686274,67.8657616892911,1320,86,0.00712472826953481,,23.728506787330318,349
543,0.05,-3186.1846153846154,25.349166666666665,22.34855403348554,66.1765601217656,1306,83,0.007409453061689866,,22.424334600760456,473
544,0.05,-3587.7384615384617,26.044166666666666,21.368240930869266,65.31211498973306,1428,80,0.007247158592197847,,21.50650239561944,239
545,0.05,-2559.846153846154,17.553333333333335,15.357871720116618,58.484693877551024,1342,83,0.0072666128553358815,,15.475218658892128,652
546,0.05,-2997.846153846154,20.506666666666668,18.003566333808845,61.42867332382311,1386,77,0.007063418244893724,,18.147646219686163,643
547,0.05,-2537.415384615384,18.419166666666666,15.567741935483872,58.505376344086024,1382,83,0.007183613788702855,,15.679569892473118,741
548,0.05,-2995.0923076923077,22.66583333333333,19.803172314347513,63.674116798846434,1374,84,0.007316270511134834,,19.917087238644555,255
549,0.05,-2876.507692307692,21.24,18.470588235294116,62.008823529411764,1344,84,0.006954454330368682,,18.551470588235293,858
550,0.05,-3781.753846153846,34.63166666666667,29.496118560338743,73.98870853916725,1381,86,0.00712178840612569,,31.79053583855254,235
551,0.05,-3153.8,22.65,19.27997076023392,62.271929824561404,1347,81,0.007014199275150605,,19.365230094959824,300
552,0.05,-3762.6307692307696,31.705833333333334,26.494452149791954,71.47156726768377,1408,85,0.006976655135995443,,26.694174757281555,242
553,0.05,-2620.123076923077,17.990833333333335,15.670172802404208,58.32381667918858,1337,83,0.007139420360943484,,15.760330578512397,183
554,0.05,-2932.246153846154,19.741666666666667,16.934829833454017,60.14192614047791,1386,80,0.007261988878552733,,17.051412020275162,469
555,0.05,-2318.046153846154,16.036666666666665,14.203041825095058,57.125475285171106,1310,82,0.007131058567185574,,14.317110266159697,543
556,0.05,-2616.2153846153847,18.1725,15.938636363636364,59.47121212121212,1332,81,0.0069700120588622695,,16.04090909090909,32
557,0.05,-2649.5384615384614,18.481666666666666,17.219455252918287,61.23657587548638,1287,83,0.007043403006836256,,17.326070038910505,860
558,0.05,-3016.9384615384615,21.229166666666668,18.78104335047759,62.56722997795738,1346,80,0.0068479706154467215,,18.864070536370317,361
559,0.05,-3958.507692307692,29.9875,25.535339398180547,70.27641707487754,1400,84,0.006641199201541633,,25.654303708887333,747
560,0.05,-2874.0461538461536,20.901666666666667,17.656050955414013,60.64401981599434,1376,84,0.006674425982629787,,17.73248407643312,336
561,0.05,-3048.1846153846154,21.410833333333333,18.073691967575535,61.848931466470155,1378,82,0.0068348704196389025,,18.17686072218128,489
562,0.05,-2579.4307692307693,17.304166666666667,15.472077438570365,58.81533879374535,1333,81,0.006679315942439046,,15.58897989575577,809
563,0.05,-3121.8153846153846,22.514166666666668,19.358369098712448,63.3412017167382,1391,80,0.0071306496860148874,,19.454935622317596,825
564,0.05,-2330.123076923077,16.019166666666667,14.287226001511716,57.1103552532124,1319,83,0.0072806229120457025,,14.389266817838246,638
565,0.05,-3030.9846153846156,20.581666666666667,18.043348281016442,61.26008968609865,1331,82,0.0069728403094847105,,18.170276325616133,202
566,0.05,-2420.461538461538,17.090833333333332,15.446808510638299,58.672492401215806,1349,83,0.0070098073693416795,,15.542553191489361,620
567,0.05,-2981.8615384615387,21.206666666666667,18.6140221402214,62.53948339483395,1339,82,0.007177332299289647,,18.731365313653136,187
568,0.05,-3575.292307692307,34.333333333333336,29.38576512455516,74.60782918149467,1386,85,0.007016286541127549,,32.132581100141046,298
569,0.05,-3518.461538461539,23.788333333333334,20.15,64.00704225352112,1409,80,0.007055345907769119,,20.250704225352113,157
570,0.05,-2918.5230769230766,20.4,18.35091575091575,62.22930402930403,1358,80,0.007157008868763496,,18.426373626373625,456
571,0.05,-2991.6923076923076,20.100833333333334,17.517964071856287,61.23952095808383,1355,84,0.007328460181928005,,17.610778443113773,256
572,0.05,-2697.507692307692,18.028333333333332,16.0374251497006,59.18562874251497,1344,77,0.007131265023484877,,16.139221556886227,316
573,0.05,-2971.4461538461537,20.419166666666666,17.710430342815464,60.91539022611233,1341,82,0.007019671144547988,,17.832968636032092,43
574,0.05,-2910.4615384615386,19.9225,17.73011152416357,61.585130111524165,1343,81,0.0072587125001197525,,17.82379182156134,252
575,0.05,-2742.784615384615,20.1675,17.403214024835645,61.338933528122716,1384,83,0.007333160919802411,,17.504017531044557,385
576,0.05,-3384.923076923077,23.39,20.213294375456538,64.40832724616509,1388,78,0.0071433829851310325,,20.315558802045288,192
577,0.05,-3263.4769230769225,21.968333333333334,18.6208911614317,62.29875821767714,1360,81,0.007202554066478601,,18.70489408327246,159
578,0.05,-2887.584615384615,20.149166666666666,17.214027476500362,60.70354302241504,1365,84,0.007040860725008778,,17.327548806941433,236
579,0.05,-2703.2307692307695,19.879166666666666,17.312,60.75781818181818,1350,82,0.0073944929308638035,,17.394909090909092,196
580,0.05,-3285.7230769230773,23.108333333333334,20.36389891696751,64.32851985559567,1372,81,0.007319272251450035,,20.464259927797833,309
581,0.05,-3402.5692307692307,24.770833333333332,21.464912280701753,66.23026315789474,1379,82,0.00736424132750277,,21.542397660818715,476
582,0.05,-3381.0923076923073,24.394166666666667,20.841956059532247,64.43302622253721,1388,80,0.007229367991292013,,20.946137491141034,842
583,0.05,-2371.584615384615,16.846666666666668,14.78966521106259,57.56550218340611,1370,84,0.0069182415704935815,,14.903930131004367,203
584,0.05,-4346.446153846154,34.57,28.708333333333332,74.07627118644068,1408,82,0.007035579903720869,,28.872175141242938,10
585,0.05,-2486.5384615384614,15.944166666666666,13.903803131991051,56.743475018642805,1354,81,0.007015068447403866,,14.020134228187919,34
586,0.05,-2535.046153846154,16.988333333333333,15.279725609756097,58.03506097560975,1310,81,0.006848436030803686,,15.364329268292684,14
587,0.05,-2649.3999999999996,19.363333333333333,17.110213078618663,60.7060984570169,1349,82,0.0071301949357537265,,17.216752387950038,342
588,0.05,-3210.123076923077,22.285,19.565982404692082,64.20454545454545,1365,83,0.007178689964094968,,19.687683284457478,656
589,0.05,-2606.876923076923,17.831666666666667,16.259174311926607,59.67201834862385,1302,81,0.007335303262819961,,16.3631498470948,894
590,0.05,-3607.784615384615,24.3575,20.21132897603486,64.97095134350036,1402,82,0.007343222860331541,,20.326071169208426,793
591,0.05,-2449.507692307692,17.903333333333332,16.05156950672646,59.633781763826605,1319,84,0.007111846142547853,,16.14798206278027,190
592,0.05,-2854.584615384615,20.21,18.133487654320987,61.263888888888886,1285,81,0.006986483128030533,,18.20679012345679,705
593,0.05,-2588.538461538461,18.033333333333335,16.15029761904762,59.60565476190476,1342,83,0.00717569046490534,,16.243303571428573,306
594,0.05,-2886.861538461538,19.085833333333333,16.58724340175953,60.211876832844574,1372,80,0.007200896114000911,,16.69868035190616,332
595,0.05,-3236.9384615384615,21.763333333333332,18.689327485380115,62.675438596491226,1355,78,0.007257250707691767,,18.774122807017545,631
596,0.05,-3015.876923076923,19.425833333333333,16.946045824094604,60.33407243163341,1343,79,0.007013316092860334,,17.07760532150776,764
597,0.05,-2430.923076923077,17.7475,16.561919504643964,59.47445820433437,1267,82,0.0070096676694687875,,16.6609907120743,370
598,0.05,-3350.5692307692307,22.924166666666668,19.04398826979472,62.435483870967744,1378,82,0.007008404731840144,,19.14516129032258,224
599,0.05,-2986.0307692307692,19.8975,17.822255414488424,61.64600448095594,1350,79,0.007095137896442852,,17.929051530993277,779
600,0.05,-2637.0307692307692,19.349166666666665,16.427362482369535,60.16995768688293,1424,83,0.007421533444866226,,16.555007052186177,169
601,0.05,-2963.246153846154,19.7975,16.898643825838686,59.84796573875803,1380,80,0.007147190696122057,,17.00642398286938,746
602,0.05,-2641.2769230769227,16.465833333333332,15.087636932707355,58.1283255086072,1290,81,0.007287010575326953,,15.230046948356808,114
603,0.05,-2995.1538461538466,18.9425,16.075036075036074,58.75036075036075,1382,77,0.006845630319644808,,16.173160173160174,379
604,0.05,-2548.4615384615386,16.519166666666667,14.958795562599049,58.020602218700475,1285,80,0.007116168934424764,,15.06418383518225,488
605,0.05,-2827.9538461538464,20.444166666666668,18.29107276819205,61.88597149287322,1346,80,0.007233724055198334,,18.37584396099025,226
606,0.05,-2900.246153846154,19.736666666666668,17.119013062409287,60.769956458635704,1358,79,0.007623653667801887,,17.265602322206096,289
607,0.05,-2842.6153846153848,23.299166666666668,20.46142754145638,63.53713049747657,1362,81,0.007655564250885606,,20.579250720461093,672
608,0.05,-3574.1846153846154,30.989166666666666,26.976121562952244,71.29811866859623,1380,82,0.006866085034927085,,27.116497829232994,739
609,0.05,-3192.2307692307695,22.034166666666668,19.651676829268293,63.0922256097561,1320,80,0.007216556310275465,,19.746951219512194,843
610,0.05,-2655.0923076923077,18.301666666666666,16.592960979342006,59.54705432287682,1302,82,0.007139009431045681,,16.68730886850153,410
611,0.05,-2546.953846153846,18.805,16.227240143369176,59.86666666666667,1384,83,0.007159519589236926,,16.34551971326165,463
612,0.05,-2994.2769230769227,21.375,19.036231884057973,62.731159420289856,1368,82,0.007139338101085845,,19.13478260869565,396
613,0.05,-2741.3076923076924,18.718333333333334,17.24616564417178,60.52990797546012,1292,77,0.007106666508877112,,17.337931034482757,372
614,0.05,-2482.0923076923073,17.2275,14.976865671641791,57.53582089552239,1331,81,0.006831644283652702,,15.061940298507462,698
615,0.05,-3126.2615384615383,20.844166666666666,17.832378223495702,61.626074498567334,1412,79,0.007038383539999734,,17.95343839541547,625
616,0.05,-2637.584615384615,18.2575,15.9375,59.24563953488372,1371,80,0.006786938211861389,,16.038517441860463,373
617,0.05,-2633.8153846153846,18.170833333333334,15.964444444444444,59.32666666666667,1353,84,0.006629367198230338,,16.04215976331361,585
618,0.05,-2791.1076923076926,18.234166666666667,16.06044776119403,59.570149253731344,1350,79,0.006496756644874268,,16.149253731343283,710
619,0.05,-3934.169230769231,37.090833333333336,31.286861313868613,76.48029197080292,1367,82,0.006848841950547313,,35.33090379008746,362
620,0.05,-2986.784615384615,21.376666666666665,18.42972774098602,62.20824135393672,1370,84,0.006739120940752624,,18.515820456217806,260
621,0.05,-2904.0615384615385,21.8125,19.546205860255448,63.064613072877535,1329,83,0.0068698630628363285,,19.631855747558227,723
622,0.05,-2581.230769230769,17.650833333333335,16.40371229698376,59.4215003866976,1313,80,0.007021773794376006,,16.501160092807424,554
623,0.05,-4857.799999999999,32.263333333333335,28.02749638205499,72.39146164978293,1363,75,0.006973183041718762,,28.15629522431259,210
624,0.05,-2676.4307692307693,17.280833333333334,15.533182503770739,58.950980392156865,1335,81,0.006940299433483358,,15.632730015082956,822
625,0.05,-3064.5230769230766,22.3,18.63771186440678,62.88629943502825,1412,83,0.0068961002326949575,,18.73870056497175,641
626,0.05,-2455.2615384615383,16.743333333333332,15.40170278637771,58.642414860681114,1288,84,0.007098949798860491,,15.506191950464396,72
627,0.05,-2462.4153846153845,17.276666666666667,15.567220543806647,58.62537764350453,1321,83,0.0068298830883278625,,15.649056603773586,586
628,0.05,-3260.7384615384613,23.4525,20.63249097472924,64.9797833935018,1369,79,0.0074494932450305746,,20.76245487364621,268
629,0.05,-4475.507692307692,34.955,30.320605187319885,76.02737752161383,1391,82,0.007358306750241673,,30.51657060518732,218
630,0.05,-3284.8307692307694,25.0875,21.323633782824697,64.6749467707594,1392,80,0.007127401492087439,,21.44113475177305,823
631,0.05,-3355.6923076923076,26.451666666666668,22.896938013442867,67.43988050784168,1353,84,0.007024317641097859,,23.029873039581776,796
632,0.05,-3067.415384615385,21.266666666666666,18.841436050860136,63.05459985041137,1349,82,0.007100894888569926,,18.925953627524308,442
633,0.05,-3165.8615384615387,22.495,19.004249291784703,63.69121813031161,1391,81,0.007175585186545554,,19.121104815864022,693
634,0.05,-2687.5538461538463,17.71,15.041788856304985,58.10703812316716,1382,82,0.007114010014007478,,15.129032258064516,565
635,0.05,-2730.6923076923076,17.86916666666667,14.856022808267998,57.52387740555952,1394,79,0.007206961544232979,,14.972202423378475,204
636,0.05,-3207.8923076923074,22.599166666666665,19.373371924746746,63.249638205499274,1379,81,0.007243703734721953,,19.468162083936324,537
637,0.05,-3192.6153846153848,21.81833333333333,19.20620043258832,63.20043258832011,1367,79,0.006965667694347277,,19.315068493150687,520
638,0.05,-3014.476923076923,22.164166666666667,19.5,63.325478645066276,1340,83,0.006665243750877449,,19.587628865979383,890
639,0.05,-3528.707692307692,25.354166666666668,22.225547445255476,66.30364963503649,1362,78,0.006888102829736046,,22.349635036496352,324
640,0.05,-2759.6153846153843,19.24,16.449152542372882,59.2478813559322,1392,82,0.006783092206675769,,16.568502824858758,818
641,0.05,-3442.846153846154,31.0275,26.73049645390071,70.88014184397163,1385,82,0.006782003260479573,,28.370944992947813,811
642,0.05,-3622.830769230769,27.536666666666665,24.969049373618276,69.69417833456153,1338,81,0.0064460267689240335,,25.080324244657334,645
643,0.05,-2560.092307692308,17.860833333333332,15.401033973412112,58.11521418020679,1346,80,0.006785615276060216,,15.481918819188191,272
644,0.05,-2315.0615384615385,16.233333333333334,14.282127031019202,56.67799113737075,1355,84,0.006506570121018675,,14.360413589364844,528
645,0.05,-2677.2307692307695,18.2225,15.542409123307198,58.89665003563792,1390,81,0.006251303529342155,,15.641482537419815,65
646,0.05,-3123.0000000000005,21.439166666666665,19.059225512528474,62.74183750949127,1322,83,0.006820510840538978,,19.16324981017464,824
647,0.05,-2658.9538461538464,19.596666666666668,17.208702064896755,60.78834808259587,1350,83,0.006872232633816544,,17.31637168141593,285
648,0.05,-2868.4615384615386,20.350833333333334,17.462762111352134,60.67968185104844,1332,82,0.006715869415062687,,17.576283441793205,102
649,0.05,-2908.630769230769,20.2475,17.400586940572268,60.93396918561996,1378,80,0.007338699048544608,,17.532648569332355,399
650,0.05,-4610.184615384616,39.14416666666666,32.72980910425844,77.96255506607929,1371,84,0.007147074654968282,,33.22246696035242,715
651,0.05,-3269.830769230769,23.17,19.914956011730204,64.06011730205279,1361,81,0.00710542325929096,,19.981698389458273,6
652,0.05,-2709.1846153846154,20.579166666666666,18.710879284649778,62.6371087928465,1318,84,0.006994087163859753,,18.827868852459016,286
653,0.05,-2798.7999999999997,21.0675,17.782640408460978,60.44638949671772,1377,84,0.007205834002236023,,17.89496717724289,573
654,0.05,-3143.2923076923075,20.83,17.92699115044248,61.03466076696165,1348,80,0.0072961979180584365,,18.028761061946902,722
655,0.05,-3740.784615384616,27.3075,23.322105263157894,67.33122807017544,1388,81,0.007680652052749338,,23.42736842105263,178
656,0.05,-3398.2923076923075,25.778333333333332,22.90227773695812,67.15870683321087,1344,84,0.007483429816528239,,23.03894195444526,897
657,0.05,-2513.661538461539,17.881666666666668,15.921130952380953,59.054315476190474,1359,83,0.007799423278628415,,15.992565055762082,686
658,0.05,-3148.169230769231,23.12,19.318971507991662,63.675469075747046,1415,82,0.007528763928725042,,19.431549687282835,247
659,0.05,-2891.2,19.315833333333334,16.491487786824575,60.425610658771284,1376,81,0.007195629421321959,,16.567307692307693,523
660,0.05,-3059.1846153846154,22.723333333333333,19.534767025089607,63.5584229390681,1390,85,0.007264854758333386,,19.6831541218638,855
661,0.05,-4906.846153846154,36.43416666666667,30.332400279916026,76.28971308607417,1402,80,0.007246515671209192,,30.43596920923723,828
662,0.05,-3101.507692307692,21.54083333333333,18.452501812907904,62.306744017403915,1387,83,0.00723854268307088,,18.555474981870923,525
663,0.05,-2982.7538461538466,21.215,18.015636105188342,61.6183368869936,1397,82,0.007059971430656148,,18.1272210376688,97
664,0.05,-3398.938461538461,25.0775,20.854896354538955,65.30092923516797,1400,82,0.0073437943342283445,,20.94853466761973,661
665,0.05,-2900.9384615384615,19.613333333333333,17.90465293668955,61.74294431731503,1321,81,0.0072860630272362364,,18.035087719298247,248
666,0.05,-2230.6000000000004,15.579166666666667,14.108910891089108,56.81188118811881,1314,84,0.007732623732980809,,14.204112718964204,673
667,0.05,-4110.2,35.03666666666667,29.696750902527075,74.91335740072202,1357,87,0.007655569057791351,,29.847763347763347,213
668,0.05,-3347.276923076923,23.574166666666667,20.186962750716333,63.93624641833811,1391,80,0.007784751146439265,,20.294412607449857,132
669,0.05,-2786.7384615384617,19.739166666666666,15.999313186813186,58.97802197802198,1438,82,0.00744683931796259,,16.09271978021978,507
670,0.05,-3098.8615384615387,26.323333333333334,23.55247813411079,67.13921282798835,1344,82,0.007745809656528848,,23.66788055353241,241
671,0.05,-2675.3230769230768,18.185,15.697947214076246,58.476539589442815,1350,82,0.007977441818958719,,15.785923753665688,408
672,0.05,-3652.076923076923,26.350833333333334,21.6512928022362,65.90845562543676,1405,83,0.007695275231257859,,21.769392033542978,630
673,0.05,-3075.8923076923074,22.0675,19.599554234769688,63.93833580980684,1334,83,0.007807104314697981,,19.72065378900446,197
674,0.05,-2759.9692307692303,18.668333333333333,15.728850325379609,59.34056399132321,1414,84,0.007602853552679968,,15.822125813449023,130
675,0.05,-2914.3846153846152,22.186666666666667,19.2962154294032,63.39301310043668,1356,84,0.0076757539219442054,,19.39155749636099,850
676,0.05,-3694.3999999999996,25.57,21.46246458923513,65.91076487252124,1409,79,0.007209848471997987,,21.588526912181305,328
677,0.05,-2942.646153846154,20.34,17.448225923244028,61.05358435916003,1386,82,0.007459105510978953,,17.53617945007236,820
678,0.05,-3614.5538461538463,24.661666666666665,20.69020979020979,65.77272727272727,1429,77,0.007202304578466813,,20.81118881118881,588
679,0.05,-3452.661538461539,23.624166666666667,19.874822190611663,64.10384068278805,1404,78,0.007470987732457508,,19.953769559032718,259
680,0.05,-2743.492307692308,18.265,15.786933927245732,58.69636228656273,1349,82,0.007394513078686748,,15.86785449146251,549
681,0.05,-3401.061538461538,23.501666666666665,20.744649446494464,65.00516605166051,1349,79,0.007320340879919426,,20.85830258302583,540
682,0.05,-3040.5538461538463,20.576666666666668,17.864,61.38981818181818,1353,81,0.007311698269883524,,17.978181818181817,684
683,0.05,-2524.630769230769,17.266666666666666,15.27319211102995,58.69028487947407,1356,80,0.007454324931878859,,15.409788166544923,149
684,0.05,-2958.369230769231,20.9625,18.584707646176913,62.60344827586207,1343,80,0.00728960174436077,,18.66416791604198,461
685,0.05,-3010.2615384615383,21.0175,18.78469617404351,62.60165041260315,1314,83,0.007317884964287986,,18.918290854572714,9
686,0.05,-3094.5538461538463,24.748333333333335,21.805882352941175,65.61176470588235,1346,84,0.00760177381204481,,21.897058823529413,810
687,0.05,-2795.0923076923077,18.6825,16.286666666666665,59.08518518518518,1348,79,0.007141888899649504,,16.395555555555557,516
688,0.05,-3469.8923076923074,25.190833333333334,21.56534296028881,65.46209386281589,1397,82,0.007278933327013821,,21.67436823104693,4
689,0.05,-2887.4461538461537,20.050833333333333,17.74519940915805,60.80059084194978,1354,79,0.0074648834956495816,,17.83751846381093,308
690,0.05,-3075.8153846153846,22.481666666666666,19.705710102489018,63.46120058565154,1362,82,0.007176499661553736,,19.81259150805271,368
691,0.05,-2434.6000000000004,18.416666666666668,15.96683861459101,59.12748710390567,1346,86,0.00712828811463372,,16.073691967575535,48
692,0.05,-2898.507692307692,18.636666666666667,16.443942814145974,59.4778028592927,1325,78,0.0072973683710525475,,16.532731376975168,230
693,0.05,-2768.7846153846153,19.601666666666667,17.217771303714493,60.524399126001455,1361,80,0.007225519873196239,,17.304442825928625,347
694,0.05,-3163.9846153846156,21.885,18.45499645641389,62.26789510985117,1419,82,0.006688511929986785,,18.54571226080794,424
695,0.05,-3475.6923076923076,25.47833333333333,23.197151424287856,67.53298350824588,1316,82,0.00691844071134843,,23.271161048689137,383
696,0.05,-2756.123076923077,18.3275,16.26671732522796,59.10334346504559,1304,80,0.006710691413039118,,16.38145896656535,60
697,0.05,-3743.9692307692303,33.80833333333333,28.982522796352583,73.27963525835867,1328,82,0.007034737982390626,,31.10399397136398,727
698,0.05,-3461.492307692308,29.3175,24.57061340941512,68.09486447931526,1394,81,0.00694866641722461,,24.8515625,663
699,0.05,-2320.4,16.155,14.465029761904763,57.50297619047619,1340,81,0.007097461447988946,,14.597470238095237,50
700,0.05,-3037.2923076923075,25.2,22.203663003663003,66.52527472527473,1354,82,0.007260192095716724,,22.38974358974359,62
701,0.05,-3387.3230769230768,24.75,22.246978851963746,67.83232628398791,1332,83,0.0070590042256953875,,22.33610271903323,237
702,0.05,-3966.661538461538,27.364166666666666,23.717455621301774,68.79511834319527,1352,81,0.00709759043010284,,23.825443786982248,67
703,0.05,-2779.0461538461536,19.345833333333335,16.698481561822124,60.02747650036153,1378,82,0.007047671435000517,,16.803326102675342,174
704,0.05,-2475.7999999999997,16.988333333333333,15.286897590361447,57.6769578313253,1316,82,0.0071512992500899755,,15.409638554216867,614
705,0.05,-3367.630769230769,26.3,23.06223175965665,66.38483547925608,1374,80,0.007071569563561464,,23.15450643776824,883
706,0.05,-3772.56923076923,27.406666666666666,23.69344141488578,67.91156963890936,1380,80,0.007048224676867127,,23.81650700073692,816
707,0.05,-3553.4000000000005,24.549166666666668,20.498187092095723,64.51414068165337,1380,79,0.007135403270141279,,20.622189992748368,82
708,0.05,-2871.2769230769227,19.723333333333333,18.089506172839506,62.24305555555556,1304,81,0.007451815956884342,,18.181327160493826,369
709,0.05,-2911.338461538462,21.589166666666667,19.32587621178225,63.51826994780015,1336,82,0.007065798993166245,,19.44295302013423,562
710,0.05,-3479.892307692308,25.14,21.38644556596972,65.7043979812545,1370,82,0.0073900532208969845,,21.480173035328047,650
711,0.05,-3827.769230769231,34.00666666666667,29.984478935698448,74.72727272727273,1345,79,0.00720354347207547,,31.232815964523283,862
712,0.05,-3669.753846153846,27.2375,23.460826210826212,68.1545584045584,1389,82,0.00701609331451596,,23.577635327635328,333
713,0.05,-3901.6615384615384,35.46083333333333,31.13046647230321,75.63556851311954,1353,82,0.007209857631665356,,31.26909090909091,179
714,0.05,-2505.2615384615383,16.581666666666667,14.993925588458618,57.73120728929385,1302,80,0.006974103548626522,,15.089597570235384,547
715,0.05,-3693.692307692308,26.60333333333333,21.912280701754387,66.03017543859649,1418,82,0.006857948822632399,,22.027368421052632,378
716,0.05,-2907.2000000000003,20.316666666666666,17.024981631153565,60.447465099191774,1371,81,0.0067509940228380316,,17.113069016152718,283
717,0.05,-3247.2307692307695,21.608333333333334,18.735657225853306,62.26143790849673,1367,78,0.006689512091868727,,18.859840232389253,664
718,0.05,-3476.753846153846,25.824166666666667,21.87212643678161,65.73850574712644,1388,80,0.006518850870387145,,21.963388370423548,171
719,0.05,-3013.2615384615387,21.003333333333334,17.89964412811388,61.212099644128116,1400,78,0.006571106889407872,,17.993594306049822,526
720,0.05,-3190.3999999999996,23.561666666666667,20.978005865102638,64.42155425219941,1359,78,0.006633707057997488,,21.116568914956012,535
721,0.05,-3153.2000000000003,24.124166666666667,21.361702127659573,64.8503301540719,1354,81,0.006459303367584576,,21.461482024944974,243
722,0.05,-3118.6923076923076,22.0125,18.322981366459626,62.04692891649413,1431,81,0.006881780211421238,,18.429261559696343,832
723,0.05,-3294.3538461538456,24.0225,21.21921921921922,65.37912912912913,1332,85,0.006626802571383158,,21.33033033033033,875
724,0.05,-3134.4,22.060833333333335,18.435310936383132,61.94924946390279,1401,80,0.006641052422328065,,18.551107934238743,501
725,0.05,-2808.0,18.973333333333333,16.434618291761147,59.89191232048375,1333,82,0.0067529293487733726,,16.526832955404384,139
726,0.05,-2507.2615384615387,18.035833333333333,15.739736070381232,58.72434017595308,1352,84,0.006398750882596012,,15.830645161290322,510
727,0.05,-3255.3846153846152,22.553333333333335,19.720469552457814,63.86500366837858,1363,80,0.0069106505030300976,,19.83125458547322,271
728,0.05,-3454.292307692308,23.97,19.310830860534125,62.98442136498517,1368,79,0.006850388961166376,,19.41394658753709,345
729,0.05,-3478.6,25.526666666666667,22.126025354213272,66.19835943325876,1343,82,0.006708102773842514,,22.237136465324383,249
730,0.05,-3314.538461538461,24.19333333333333,21.313639679066373,64.92195477753465,1357,82,0.006901704945206464,,21.38439095550693,233
731,0.05,-3661.876923076923,29.578333333333333,25.128005657708627,69.51768033946252,1389,83,0.006798864797354691,,25.304101838755304,592
732,0.05,-2698.2307692307695,19.1325,16.993357933579336,60.497416974169745,1343,84,0.006937407400805875,,17.09889298892989,682
733,0.05,-2658.3076923076924,19.863333333333333,17.416482707873435,61.067696835908755,1357,85,0.00664917378769716,,17.495952906548933,275
734,0.05,-2311.123076923077,16.5125,14.052707581227438,56.84332129963899,1380,84,0.00704210472784265,,14.154512635379062,267
735,0.05,-3400.8,27.6875,23.561672473867596,67.78466898954704,1401,80,0.0066594196801652685,,24.18675958188153,612
736,0.05,-2837.138461538462,19.2,16.335740072202167,59.65559566787004,1392,79,0.007117740891812619,,16.44187725631769,608
737,0.05,-3315.246153846154,23.461666666666666,19.92264017033357,63.58268275372605,1402,80,0.007016958070455009,,20.041873669268984,503
738,0.05,-3520.8,25.254166666666666,21.896750902527074,66.2245487364621,1370,80,0.006822834239186188,,21.983393501805054,95
739,0.05,-2740.9692307692308,19.210833333333333,17.22645739910314,60.52391629297459,1319,82,0.006688063886187356,,17.353512705530644,879
740,0.05,-3324.2769230769236,23.108333333333334,20.016618497109828,64.05202312138728,1374,83,0.006690653055945724,,20.13800578034682,288
741,0.05,-2351.707692307692,16.2875,14.219096965210955,57.16654330125833,1347,84,0.006728489220654762,,14.298297557364915,265
742,0.05,-2609.6615384615384,18.044166666666666,16.795011691348403,59.60093530787218,1281,82,0.00673909279900532,,16.915042868277474,87
743,0.05,-2965.2,20.270833333333332,16.578236130867708,59.95590327169275,1408,80,0.0068522073550637864,,16.693892045454547,668
744,0.05,-2897.6153846153848,20.03,17.68018018018018,61.257507507507505,1318,82,0.006599917937589177,,17.769692423105777,730
745,0.05,-2832.138461538462,20.623333333333335,18.146050670640836,61.69448584202683,1338,83,0.006755716638260992,,18.26602086438152,483
746,0.05,-2989.0615384615385,24.225,21.08819345661451,65.42603129445234,1376,86,0.006751928616843067,,21.207533759772566,763
747,0.05,-2981.369230769231,22.525833333333335,19.600858369098713,62.82546494992847,1370,82,0.006765919670444415,,19.721030042918454,215
748,0.05,-2644.7384615384617,18.891666666666666,16.535263548626578,59.73570898292502,1346,85,0.0066078978331006386,,16.6354862657758,803
749,0.05,-3402.0,28.960833333333333,25.44388489208633,69.70143884892086,1366,80,0.006841556284934681,,26.284791965566715,131
750,0.05,-3227.353846153846,21.829166666666666,19.42569081404033,63.235250186706494,1353,80,0.00681402001724682,,19.53547423450336,413
751,0.05,-2752.0,19.618333333333332,17.6222558667676,61.11960635881908,1318,83,0.00653150101050064,,17.717638152914457,16
752,0.05,-4386.615384615384,31.6675,26.114546732255796,71.86085734364019,1413,82,0.006632613781960634,,26.22979620520028,898
753,0.05,-3549.415384615385,25.899166666666666,22.116938341601703,66.42452161587526,1382,84,0.006523448923695813,,22.240963855421686,617
754,0.05,-2621.292307692308,19.17,16.99108469539376,60.54903417533433,1339,85,0.006514700309593915,,17.09286775631501,427
755,0.05,-3195.4,21.689166666666665,19.359433258762117,63.08202833706189,1332,81,0.006444254495316162,,19.468307233407906,428
756,0.05,-4316.338461538462,32.306666666666665,27.100780695528744,71.48970901348474,1373,80,0.006543067606303859,,27.234208658623135,797
757,0.05,-2970.8923076923074,19.9875,17.626876876876878,61.253003003003,1335,81,0.0067733602959487,,17.73798798798799,819
758,0.05,-3698.0461538461536,25.47833333333333,22.20620043258832,66.42177361211247,1366,80,0.007032456859790387,,22.356164383561644,704
759,0.05,-2388.6153846153848,16.366666666666667,14.785003825554705,57.99693955623565,1318,82,0.006972915800858201,,14.869166029074215,110
760,0.05,-2931.353846153846,22.168333333333333,19.451923076923077,63.65458579881657,1363,86,0.007001839190969305,,19.568786982248522,113
761,0.05,-2374.4153846153845,17.155,15.23502994011976,57.928892215568865,1317,83,0.006842525518584247,,15.33682634730539,30
762,0.05,-3343.076923076923,24.435833333333335,21.66544655929722,65.6566617862372,1348,83,0.006829854205409759,,21.782576866764277,1
763,0.05,-3085.4461538461537,21.620833333333334,17.881606765327696,60.83650458069063,1417,82,0.007012145535837825,,17.98661028893587,706
764,0.05,-3189.4307692307693,23.980833333333333,21.433159073935773,65.39507094846901,1330,84,0.007006276624441932,,21.536221060492906,129
765,0.05,-3541.6153846153848,24.145,20.634055265123227,64.72815533980582,1345,78,0.007002477975021981,,20.740104555638535,541
766,0.05,-3627.830769230769,28.070833333333333,24.541456380677722,68.94881038211969,1385,80,0.0069204743186261665,,24.67267483777938,172
767,0.05,-2732.4,18.269166666666667,16.36466165413534,60.05864661654135,1343,82,0.006875760603658423,,16.477084898572503,880
768,0.05,-3939.4,27.3225,23.393395549174443,67.724335965542,1395,78,0.006782524103263715,,23.49605168700646,257
769,0.05,-3471.661538461539,24.93166666666667,21.62912482065997,65.93185078909613,1380,80,0.006922531091788074,,21.74461979913917,258
770,0.05,-2654.9230769230767,20.1,17.628166915052162,61.05886736214605,1341,84,0.006723438744111907,,17.736959761549926,689
771,0.05,-2577.6153846153848,18.473333333333333,16.91679389312977,60.620610687022904,1316,82,0.007006782854284206,,17.051145038167938,125
772,0.05,-2672.923076923077,18.52166666666667,16.342475908080058,59.55893254262416,1328,82,0.007037891882698928,,16.43587842846553,624
773,0.05,-3355.2615384615383,26.243333333333332,23.184480234260615,67.24816983894583,1321,82,0.0073031646700682405,,23.284040995607615,11
774,0.05,-3056.415384615385,22.51,19.312765957446807,63.68368794326241,1408,84,0.007162810362193369,,19.43617021276596,563
775,0.05,-2407.953846153846,17.738333333333333,15.990166414523449,59.16187594553706,1318,84,0.007250678862488261,,16.06656580937973,743
776,0.05,-2991.461538461539,19.860833333333332,17.393063583815028,60.87861271676301,1376,81,0.006857548467907646,,17.520231213872833,677
777,0.05,-2579.0923076923077,17.85,16.041920731707318,59.05792682926829,1299,82,0.007044897940024874,,16.129573170731707,180
778,0.05,-3291.061538461538,21.516666666666666,19.357704402515722,62.977987421383645,1289,80,0.006998244917830154,,19.437106918238992,51
779,0.05,-3426.1538461538457,24.9575,21.34713144517066,65.41757443718228,1366,81,0.006904727093689701,,21.484408992023205,655
780,0.05,-3750.7076923076925,31.804166666666667,26.4163179916318,70.71966527196653,1411,84,0.00686293262812983,,26.585535465924895,135
781,0.05,-2627.6769230769232,18.323333333333334,16.177466863033874,59.227540500736374,1375,82,0.006972370413322737,,16.243740795287188,279
782,0.05,-2663.3692307692304,19.783333333333335,17.93019726858877,61.30045523520486,1308,86,0.00685993932574926,,18.017450682852807,492
783,0.05,-2864.7846153846153,20.961666666666666,17.606082036775106,60.70792079207921,1375,84,0.006911631436507075,,17.701555869872703,40
784,0.05,-3462.046153846154,23.673333333333332,20.427831236121392,64.6180606957809,1373,84,0.006666202826894588,,20.531458179126574,532
785,0.05,-2928.6923076923076,20.555,18.559487951807228,62.482680722891565,1336,84,0.006875046008089517,,18.66867469879518,228
786,0.05,-3487.5538461538463,24.386666666666667,21.5699558173785,65.66347569955818,1343,79,0.00671578863334028,,21.663475699558173,434
787,0.05,-3378.646153846154,25.485833333333332,22.687732342007436,66.20446096654275,1295,82,0.007486309287485312,,22.8364312267658,750
788,0.05,-2591.3384615384616,18.323333333333334,16.10649161196207,59.055433989788476,1356,84,0.006846884507418418,,16.210065645514224,276
789,0.05,-3003.923076923077,21.824166666666667,19.169881305637983,62.945845697329375,1337,82,0.006899657140313419,,19.264836795252226,393
790,0.05,-3484.646153846154,24.903333333333332,22.427169811320756,67.08301886792452,1331,83,0.007206085462093939,,22.552452830188678,546
791,0.05,-2804.3076923076924,19.824166666666667,16.968023255813954,60.23037790697674,1383,85,0.007344861333304596,,17.089389534883722,458
792,0.05,-2898.1384615384613,19.914166666666667,16.970246734397676,60.86865021770682,1379,83,0.007490632611976274,,17.06531204644412,736
793,0.05,-2486.4615384615386,17.160833333333333,15.093144560357675,58.081222056631894,1363,81,0.007275223191592328,,15.193740685543965,57
794,0.05,-3303.6923076923076,23.635833333333334,20.732507288629737,64.54883381924198,1347,79,0.007297542501768908,,20.8265306122449,849
795,0.05,-3069.3538461538465,22.345,19.374090247452692,63.42940320232896,1346,84,0.007199393056425945,,19.49126637554585,409
796,0.05,-4157.892307692307,38.40083333333333,31.77132616487455,77.48387096774194,1377,81,0.007108818699912325,,33.97779369627507,154
797,0.05,-3061.9692307692308,21.395,18.307194244604318,61.90503597122302,1366,83,0.007008949839850737,,18.416247304097773,392
798,0.05,-3706.8923076923074,27.605,23.20886075949367,68.08227848101266,1424,80,0.007343642608090683,,23.41631504922644,552
799,0.05,-2978.338461538462,19.956666666666667,17.134262655906088,60.738077769625825,1377,82,0.007337795534732129,,17.23404255319149,364
800,0.05,-3234.7384615384613,26.201666666666668,22.686524822695034,66.62340425531914,1399,84,0.007311175076294493,,22.81418439716312,874
801,0.05,-2724.630769230769,19.970833333333335,17.243362831858406,60.6570796460177,1358,83,0.007231330439125804,,17.349557522123895,687
802,0.05,-3352.753846153846,23.449166666666667,20.176554681915654,64.35811293781272,1412,79,0.007415321020400528,,20.26590421729807,211
803,0.05,-2518.876923076923,19.514166666666668,17.134996331621423,61.006603081438,1345,88,0.007269519017691382,,17.25311812179017,22
804,0.05,-2405.123076923077,16.905833333333334,15.261958997722095,58.15261958997722,1310,85,0.006909035434025874,,15.387243735763098,787
805,0.05,-3147.523076923077,21.801666666666666,19.19700374531835,63.557303370786514,1354,81,0.006905871496236599,,19.29438202247191,896
806,0.05,-2635.3846153846152,17.2375,14.977675134719014,57.93687451886066,1306,80,0.007066789686556257,,15.099307159353348,134
807,0.05,-3109.415384615385,22.274166666666666,19.6260162601626,63.263118994826314,1343,82,0.007157441056220127,,19.730229120473023,430
808,0.05,-2680.723076923077,19.605833333333333,17.496644295302012,60.88441461595824,1338,84,0.006871889495388887,,17.588366890380314,146
809,0.05,-2608.1846153846154,17.309166666666666,15.220402084884586,58.2933730454207,1341,81,0.006869928329510852,,15.302308265078183,108
810,0.05,-2733.7384615384617,19.069166666666668,16.606782106782106,59.76767676767677,1378,85,0.006955250705162546,,16.703463203463205,322
811,0.05,-3295.923076923076,21.365833333333335,18.027636363636365,61.895272727272726,1389,80,0.006722305366882572,,18.124363636363636,772
812,0.05,-3021.8,20.490833333333335,17.070596797671033,61.19650655021834,1409,85,0.006439077304769821,,17.20887918486172,217
813,0.05,-2750.123076923077,20.08416666666667,17.66891891891892,60.87312312312312,1324,84,0.006494267255811481,,17.786036036036037,352
814,0.05,-2796.338461538461,19.695833333333333,16.84863701578192,60.020086083213776,1385,83,0.006540734105476335,,16.959110473457677,593
815,0.05,-3092.876923076923,21.723333333333333,19.1680358476475,62.83271097834205,1339,81,0.006388801086893612,,19.257462686567163,591
816,0.05,-2418.4307692307693,16.919166666666666,15.138909634055265,58.29873039581778,1346,81,0.00643331371538936,,15.270351008215085,695
817,0.05,-2715.2153846153847,18.745,16.34553440702782,59.680819912152266,1378,82,0.0063968690520499315,,16.478038067349928,188
818,0.05,-2990.0,23.418333333333333,20.72043795620438,63.72700729927007,1334,83,0.006588569263072253,,20.816058394160585,751
819,0.05,-3153.8,22.363333333333333,19.357194504699926,63.276934201012295,1384,81,0.006543637471257502,,19.475777295733913,341
820,0.05,-2911.076923076923,20.158333333333335,17.130978660779984,60.64974245768948,1363,81,0.006487901679568119,,17.20735294117647,872
821,0.05,-2641.2,18.305,16.131949592290585,59.0177909562639,1339,83,0.0067336782783997,,16.20503330866025,3
822,0.05,-2316.2769230769227,15.665,14.17136329017517,57.08758568164509,1304,83,0.006550817554806679,,14.27951256664128,829
823,0.05,-2355.369230769231,17.615,15.964125560538116,59.0575485799701,1297,83,0.006728758207653028,,16.056053811659194,856
824,0.05,-2154.292307692308,14.989166666666666,13.055391432791728,55.58271787296898,1355,83,0.006481607319155983,,13.163958641063516,490
825,0.05,-2696.630769230769,19.628333333333334,17.791011235955057,61.30187265917603,1336,82,0.006663614117319839,,17.87191011235955,143
826,0.05,-2842.476923076923,19.86,17.59344750558451,61.168279970215934,1351,83,0.006599815115233428,,17.709605361131793,847
827,0.05,-3084.7692307692305,21.031666666666666,17.64270462633452,61.13807829181495,1393,77,0.0066390595989396905,,17.738078291814947,414
828,0.05,-2767.0307692307697,18.7125,16.6039970392302,60.284233900814215,1356,80,0.006826284575018067,,16.69059955588453,66
829,0.05,-2920.1076923076926,21.6425,18.576784426820478,62.786589762076424,1395,84,0.00671590557912124,,18.68276856524874,675
830,0.05,-2785.3230769230768,19.38,17.082062454611474,60.40377632534495,1373,85,0.006201244070321918,,17.224400871459697,76
831,0.05,-3072.7076923076925,22.8675,19.84779411764706,63.61691176470588,1338,83,0.006497289446710051,,19.98014705882353,749
832,0.05,-3023.0307692307692,21.845,19.318754633061527,63.43736100815419,1357,83,0.006355118380001186,,19.422535211267604,465
833,0.05,-3641.2615384615383,25.4975,20.42071881606765,64.54686398872445,1431,82,0.006434679084535806,,20.565186751233263,156
834,0.05,-3146.8153846153846,21.3125,18.28716461203771,61.85134155184917,1366,81,0.006292623992391273,,18.391588107324147,466
835,0.05,-2566.630769230769,17.066666666666666,15.261675315048183,58.21942179392142,1337,81,0.006259389796842516,,15.386953298739808,658
836,0.05,-3107.692307692308,20.390833333333333,18.52689010132502,62.31332813717849,1283,81,0.006612601593017124,,18.610288386593922,390
837,0.05,-2900.953846153846,21.221666666666668,18.380537400145244,62.00726216412491,1363,83,0.00644598451561382,,18.4960058097313,835
838,0.05,-2778.2000000000003,19.345,16.80074074074074,59.83851851851852,1351,82,0.006282541056124388,,16.895555555555557,193
839,0.05,-2452.6153846153848,18.088333333333335,15.836630036630037,58.899633699633696,1349,87,0.0060033326370187365,,15.92893772893773,280
840,0.05,-3567.8,23.1125,19.57920792079208,63.99363507779349,1408,76,0.006078622087618295,,19.712871287128714,757
841,0.05,-3242.5538461538463,23.7575,20.61230329041488,64.38412017167381,1384,83,0.006107049602230334,,20.720314735336196,536
842,0.05,-3423.246153846154,22.946666666666665,19.473646723646723,63.53490028490028,1396,80,0.006130250907019897,,19.57977207977208,868
843,0.05,-3253.153846153846,22.914166666666667,19.182422451994093,63.472673559822745,1377,82,0.006590823874647319,,19.302806499261447,571
844,0.05,-2445.2307692307695,17.34,15.083027185892727,57.88096987509184,1350,81,0.006117812230737654,,15.193240264511388,441
845,0.05,-3017.876923076923,20.83,17.279943302622254,60.257264351523744,1416,81,0.0060122400590596385,,17.360481586402265,21
846,0.05,-3235.523076923077,24.708333333333332,21.937037037037037,65.76222222222222,1337,82,0.006426419982271956,,22.025185185185187,830
847,0.05,-3287.292307692308,22.080833333333334,18.904,63.10109090909091,1375,79,0.006386248277803014,,19.01890909090909,700
848,0.05,-2811.2307692307695,19.5575,17.011510791366906,60.61942446043165,1370,82,0.0063957553387217515,,17.148201438848922,431
849,0.05,-3135.646153846154,20.870833333333334,17.508172362555722,61.38632986627043,1373,80,0.0064909867681900045,,17.62035661218425,444
850,0.05,-2815.3384615384616,19.435833333333335,17.37964338781575,60.61069836552749,1332,79,0.006565366916796202,,17.471025260029716,574
851,0.05,-3110.076923076923,22.498333333333335,19.16096139839767,63.10050983248361,1373,83,0.006763254344517213,,19.24454148471616,499
852,0.05,-3228.676923076923,21.321666666666665,18.234432234432234,62.563369963369965,1365,81,0.006812958724349304,,18.355311355311354,301
853,0.05,-2658.5538461538463,18.441666666666666,16.136727272727274,59.22836363636364,1346,79,0.0068903154185302445,,16.259636363636364,598
854,0.05,-2918.8153846153846,21.3325,17.832624113475177,61.314893617021276,1417,84,0.006788160582033584,,17.926241134751773,319
855,0.05,-2200.846153846154,14.974166666666667,13.705748865355522,55.9553706505295,1301,82,0.006679586185643476,,13.804841149773072,637
856,0.05,-3690.630769230769,26.013333333333332,23.019103600293903,67.92358559882439,1368,81,0.006964289342535847,,23.13005143277002,282
857,0.05,-2954.5076923076927,20.423333333333332,17.927781871775977,61.79071481208548,1357,81,0.006886852763148085,,18.033898305084747,307
858,0.05,-2919.215384615384,19.789166666666667,16.85276967930029,60.09110787172012,1373,81,0.007019401698609858,,16.986880466472304,613
859,0.05,-2459.169230769231,16.813333333333333,15.35659509202454,58.36503067484663,1307,82,0.00706071952512072,,15.452453987730062,240
860,0.05,-3129.876923076923,22.279166666666665,19.69636228656273,63.771343726800296,1352,81,0.00706979125147414,,19.802524127691164,561
861,0.05,-3158.292307692307,20.651666666666667,18.271300448430495,62.29372197309417,1345,79,0.006932023764480426,,18.37070254110613,570
862,0.05,-3854.5692307692307,28.216666666666665,24.590711175616836,69.86139332365748,1381,80,0.006730557954103234,,24.68722786647315,699
863,0.05,-2745.0307692307692,18.355833333333333,15.79439941046426,59.12085482682387,1378,80,0.006878459207671391,,15.874815905743741,681
864,0.05,-3487.1384615384613,29.54,25.36474820143885,69.70719424460431,1364,84,0.006713013614926286,,25.497483824586627,616
865,0.05,-2898.138461538462,20.3975,16.92207792207792,60.292929292929294,1390,84,0.0065023319958689985,,17.04040404040404,317
866,0.05,-3303.492307692308,23.429166666666667,19.829650748396293,63.44975053456878,1400,82,0.006435506994872582,,19.930862437633643,780
867,0.05,-2837.492307692308,19.029166666666665,16.983870967741936,60.784946236559136,1320,81,0.006675545670250051,,17.097542242703533,719
868,0.05,-2951.138461538462,20.079166666666666,17.72747580044676,61.37155621742368,1354,80,0.006321465457419367,,17.821295606850335,753
869,0.05,-2941.0615384615385,19.840833333333332,16.9992657856094,59.977239353891335,1370,79,0.006618911427221784,,17.072687224669604,800
870,0.05,-2834.676923076923,20.469166666666666,18.051020408163264,61.1530612244898,1336,81,0.006511653659869034,,18.139212827988338,568
871,0.05,-2858.246153846154,19.6375,17.556301267710662,61.313199105145415,1324,80,0.006742675146555405,,17.64578672632364,302
872,0.05,-3344.0769230769233,23.9325,20.18421052631579,64.22332859174965,1405,81,0.00650249231892163,,20.290896159317214,826
873,0.05,-2772.6923076923076,19.510833333333334,17.072315558802046,60.7100073046019,1372,82,0.006690792534015963,,17.157779401022644,782
874,0.05,-2699.3230769230768,18.2875,15.684587813620071,59.09749103942652,1400,80,0.006775004931626059,,15.799283154121865,73
875,0.05,-3314.2307692307695,22.570833333333333,19.349182763744427,62.690193164933135,1338,80,0.006947181077981765,,19.459881129271917,775
876,0.05,-4368.9384615384615,40.483333333333334,34.129722024233786,80.19173200285104,1386,81,0.006655409061367633,,36.725088339222616,115
877,0.05,-3134.123076923077,21.664166666666667,19.24397590361446,63.16039156626506,1337,80,0.006896899122885984,,19.332831325301203,287
878,0.05,-3441.415384615385,26.22833333333333,23.404286770140427,67.92387287509239,1333,84,0.006630812626931206,,23.510716925351073,191
879,0.05,-3593.215384615384,24.3275,20.81917211328976,65.5846042120552,1376,80,0.006521539426372754,,20.94480755265069,496
880,0.05,-3453.5692307692307,24.533333333333335,21.57369942196532,66.51589595375722,1367,80,0.006780300022473118,,21.6878612716763,104
881,0.05,-3513.1846153846154,22.704166666666666,19.074725274725274,63.17948717948718,1361,82,0.00664901928947537,,19.17069597069597,176
882,0.05,-2892.0,20.888333333333332,18.23060029282577,62.13323572474378,1366,82,0.006438576454974851,,18.316251830161054,845
883,0.05,-3075.030769230769,20.284166666666668,16.98140200286123,60.396995708154506,1392,79,0.006566857679110053,,17.09728183118741,844
884,0.05,-2816.4307692307693,19.049166666666668,17.126972201352366,60.541697971450034,1341,79,0.006974586191687652,,17.234410217881294,7
885,0.05,-3413.1538461538466,25.2075,21.984011627906977,66.21729651162791,1373,80,0.006914466726919887,,22.07485465116279,487
886,0.05,-2431.7384615384617,16.956666666666667,14.770909090909091,57.73745454545455,1365,79,0.006650242314421623,,14.888727272727273,351
887,0.05,-2721.415384615385,17.7975,15.921013412816691,58.714605067064085,1348,81,0.006552273144753918,,16.00297619047619,581
888,0.05,-3013.1538461538457,20.525,17.936614466815808,61.747949291573455,1349,82,0.006372399045087563,,18.026099925428785,881
889,0.05,-3259.0923076923073,22.490833333333335,19.757132406730065,63.28675932699342,1347,81,0.006548534833631423,,19.86539868324799,639
890,0.05,-2587.923076923077,17.066666666666666,15.164528301886792,58.17660377358491,1341,83,0.0066693141826364155,,15.274716981132075,377
891,0.05,-2945.661538461538,20.91,18.280089153046063,61.93907875185735,1360,80,0.006776118406653103,,18.37815750371471,78
892,0.05,-2997.3076923076924,20.760833333333334,18.623210248681236,62.48455162019593,1337,81,0.006862843077009608,,18.720422004521478,632
893,0.05,-3224.246153846154,23.185,19.504775900073476,63.38941954445261,1378,81,0.006720015091073453,,19.588105726872246,315
894,0.05,-2491.292307692308,17.4,15.105032822757112,57.80306345733042,1365,82,0.006754752121354119,,15.226112326768781,29
895,0.05,-2632.4923076923073,17.365,15.319051262433053,58.412394797245604,1313,80,0.006750002606728087,,15.418640183346065,425
896,0.05,-3616.7230769230773,25.374166666666667,22.32008830022075,66.88520971302428,1340,79,0.006433631135520395,,22.440765268579838,184
897,0.05,-3032.3538461538465,21.925,19.435555555555556,63.63333333333333,1339,81,0.006514512684977219,,19.525925925925925,504
898,0.05,-3922.8923076923074,33.5825,28.27690100430416,73.53299856527977,1394,84,0.006437968909370159,,30.452211126961483,801
899,0.05,-2953.076923076923,19.429166666666667,16.473304473304474,59.8037518037518,1389,78,0.006495671079526713,,16.56813266041817,607
