episode,epsilon,total_reward,avg_queue,avg_wait_s,avg_travel_s,throughput,switches,td_loss,q_table_states,avg_delay_s
0,1.0,-1990.7538461538463,7.650833333333333,10.871733966745843,82.10570071258907,787,134,79.34695922814936,191,11.021377672209026
1,0.9945,-1697.4846153846154,6.684166666666667,9.892193308550185,78.67657992565056,759,133,52.634290381033715,319,10.032218091697645
2,0.989,-2166.3076923076924,8.605833333333333,12.25952380952381,83.0345238095238,778,132,84.02109146978708,399,12.401190476190477
3,0.9835,-1592.7923076923075,6.0841666666666665,8.821601941747574,75.45995145631068,768,131,44.080278153082894,476,8.969660194174757
4,0.9781,-2349.4076923076923,8.996666666666666,12.617819460726846,82.6717467760844,790,126,110.27612558973674,547,12.770222743259085
5,0.9726,-2048.8538461538465,7.735833333333333,11.911196911196912,81.6949806949807,716,126,68.47124131711637,598,12.04118404118404
6,0.9673,-1867.5923076923077,7.115,10.457002457002456,80.18673218673219,769,129,56.35353251411139,644,10.598280098280098
7,0.9619,-1931.715384615385,7.645,10.72887323943662,81.30046948356808,791,135,73.2698848494055,678,10.862676056338028
8,0.9566,-2217.9307692307693,8.428333333333333,12.165259348612787,80.0735826296743,759,132,85.52943263245668,727,12.302774427020507
9,0.9513,-1496.6,6.109166666666667,8.47906976744186,76.2406976744186,808,140,40.33236781381008,761,8.603488372093024
10,0.946,-1728.076923076923,6.6883333333333335,9.253472222222221,77.40277777777777,810,136,54.55939314842704,795,9.410404624277456
11,0.9408,-1818.8153846153846,7.305,11.070975918884663,81.99493029150824,739,134,60.069003029825815,821,11.191381495564006
12,0.9356,-1602.946153846154,6.445,9.180190930787589,77.31742243436754,771,135,43.333416145369746,844,9.306317044100119
13,0.9304,-2180.6692307692306,8.714166666666667,12.153846153846153,81.81934731934732,815,138,93.09039678889822,869,12.297202797202797
14,0.9253,-1668.123076923077,6.428333333333334,9.424539877300614,77.91779141104294,765,130,38.899791937239726,891,9.565644171779141
15,0.9202,-2230.507692307692,8.9225,12.549411764705882,82.56705882352941,780,136,74.76612564577692,907,12.679200940070505
16,0.9151,-1713.8846153846152,6.591666666666667,9.073732718894009,77.35599078341014,821,132,46.37665228791746,940,9.2073732718894
17,0.91,-1944.253846153846,7.665,10.596531791907514,76.94335260115606,792,126,56.048661864156344,967,10.71907514450867
18,0.905,-1644.4692307692308,6.418333333333333,9.107015457788346,76.64447086801427,792,132,43.49819615031441,988,9.243757431629014
19,0.9,-1816.7846153846153,7.144166666666667,10.582403965303593,79.75340768277572,756,133,53.1021100125834,1005,10.736059479553903
20,0.895,-1694.0769230769229,6.4775,9.242822966507177,76.04904306220095,758,129,47.6324504440146,1022,9.386363636363637
21,0.89,-1370.9692307692308,5.788333333333333,8.626716604244693,79.16354556803995,740,139,34.54339508591206,1041,8.786516853932584
22,0.8851,-1979.330769230769,7.780833333333334,11.133971291866029,80.11244019138756,770,133,64.044405469273,1058,11.270334928229666
23,0.8802,-1556.1076923076923,6.4725,8.812072892938497,77.23804100227791,821,140,42.0748313937034,1065,8.956719817767654
24,0.8753,-1410.5153846153846,5.505,8.161490683229813,75.74658385093167,744,128,33.15963223806634,1082,8.284119106699752
25,0.8705,-1541.7153846153847,6.139166666666667,8.895631067961165,76.87864077669903,757,133,40.45347442128174,1101,9.04247572815534
26,0.8657,-1643.176923076923,6.555,9.322619047619048,77.16547619047618,769,140,49.036019926147446,1113,9.467857142857143
27,0.8609,-1534.9692307692308,6.145,9.007352941176471,76.11642156862744,762,137,41.09926817427002,1131,9.14093137254902
28,0.8561,-1253.7923076923078,5.113333333333333,7.462102689486553,74.84229828850856,772,141,34.484329567507764,1144,7.601466992665037
29,0.8514,-1581.4846153846154,5.951666666666667,8.577804583835947,76.57056694813028,776,126,38.388430295978985,1159,8.721351025331725
30,0.8467,-1649.8076923076924,6.366666666666666,9.053571428571429,75.36666666666666,786,124,39.4901620496044,1182,9.225
31,0.842,-1508.6153846153845,6.14,9.022140221402214,75.58302583025831,770,135,34.85079891028441,1191,9.153751537515376
32,0.8373,-1333.676923076923,5.398333333333333,7.848964677222899,76.18026796589525,767,138,29.885978157789502,1201,7.976857490864799
33,0.8327,-1551.4153846153845,6.295,9.315985130111525,77.45600991325898,757,138,42.98221300848513,1211,9.464684014869889
34,0.8281,-1466.1846153846154,5.61,8.129696969696969,76.38181818181818,765,128,41.99488414084448,1226,8.271515151515151
35,0.8235,-1381.4692307692308,5.449166666666667,7.995085995085995,75.24815724815724,762,133,28.89434727904701,1232,8.114250614250615
36,0.819,-1563.6769230769232,6.166666666666667,8.972019464720194,78.18369829683698,770,137,35.2837182586081,1243,9.078979343863912
37,0.8144,-1544.9846153846154,6.073333333333333,8.766626360338574,76.21523579201934,765,128,36.14154342591536,1252,8.908101571946796
38,0.8099,-1449.3615384615384,5.676666666666667,8.339483394833948,75.04305043050431,758,136,31.657702248437662,1259,8.469864698646987
39,0.8054,-1392.3076923076924,5.45,8.307397959183673,76.64923469387755,744,129,31.117368804050805,1275,8.423469387755102
40,0.801,-1391.6153846153845,5.340833333333333,7.9440298507462686,75.6231343283582,743,128,31.53139868119696,1280,8.059701492537313
41,0.7966,-1583.9076923076923,6.181666666666667,8.82078853046595,77.79450418160096,791,131,34.31849964162212,1282,8.943847072879331
42,0.7922,-1213.0307692307692,5.05,7.162901307966706,73.69916765755053,784,138,28.03752727388964,1290,7.321852731591449
43,0.7878,-1229.2307692307693,4.994166666666667,7.254567600487211,73.73568818514008,766,138,26.982955847804174,1297,7.403166869671133
44,0.7834,-1979.3,7.810833333333333,11.065165876777252,79.61018957345972,792,130,60.81218061207965,1302,11.200236966824644
45,0.7791,-1696.9615384615386,6.916666666666667,9.345762711864406,77.55367231638418,820,136,46.23613706849042,1312,9.525423728813559
46,0.7748,-1496.3692307692309,6.05,8.66306954436451,75.73141486810552,784,135,34.208873195356944,1316,8.814148681055157
47,0.7705,-1576.5923076923077,6.175,9.427841634738186,78.57598978288634,728,129,39.30627698705727,1322,9.565772669220944
48,0.7662,-1262.923076923077,5.168333333333333,7.386826347305389,74.5377245508982,784,134,32.0034347547687,1326,7.536526946107784
49,0.762,-1481.769230769231,5.879166666666666,7.980681818181818,74.56363636363636,818,133,37.02157783511433,1330,8.130681818181818
50,0.7578,-1221.8999999999999,4.894166666666667,7.2640099626401,75.81818181818181,758,134,30.725412238664227,1335,7.407222914072229
51,0.7536,-1440.9461538461537,5.7,8.033018867924529,73.94457547169812,799,132,32.6282511354158,1342,8.17570754716981
52,0.7494,-1206.6,4.7825,7.420572916666667,74.79166666666667,727,131,30.379481461130418,1360,7.548177083333333
53,0.7453,-1463.3,5.7975,8.412408759124087,76.88686131386861,778,132,37.621074554391654,1366,8.5669099756691
54,0.7411,-1209.2384615384617,5.1,7.229216152019003,74.32422802850357,791,141,34.021835037440674,1379,7.380047505938243
55,0.737,-1295.6769230769232,5.075,7.405140758873929,75.50061199510404,764,128,32.34166139473726,1380,7.534883720930233
56,0.733,-1288.5384615384614,5.3025,7.593525179856115,76.30695443645084,772,142,35.498135128529974,1393,7.713429256594724
57,0.7289,-1453.0461538461536,5.9366666666666665,8.735221674876847,76.24384236453201,762,138,34.329513557663816,1397,8.833743842364532
58,0.7249,-1346.023076923077,5.236666666666666,7.830827067669173,76.20676691729324,734,127,29.344641510067067,1409,7.983709273182957
59,0.7209,-1283.0615384615385,5.131666666666667,7.603726708074534,74.13913043478261,752,131,36.0448116007907,1422,7.741614906832298
60,0.7169,-1453.8076923076924,5.755833333333333,8.270758122743683,77.00361010830325,768,130,36.89297567607928,1426,8.417569193742478
61,0.7129,-1276.1,5.070833333333334,7.176749703440095,74.54211150652432,793,131,30.034360256314496,1431,7.33570581257414
62,0.709,-1338.3692307692309,5.2091666666666665,7.529126213592233,75.92839805825243,771,129,32.13759235503536,1440,7.672330097087379
63,0.705,-1131.6384615384613,4.523333333333333,6.901408450704225,72.05761843790013,727,133,27.173268446093143,1444,7.014084507042254
64,0.7011,-1298.5923076923077,5.4,7.741007194244604,76.22781774580336,784,139,34.23473055456362,1450,7.89568345323741
65,0.6973,-1635.0692307692307,6.425833333333333,9.180406212664277,79.09199522102747,790,133,45.45162139648162,1464,9.321385902031063
66,0.6934,-1258.6076923076926,5.026666666666666,7.031615925058548,74.11943793911007,799,133,31.977853461006767,1467,7.15906432748538
67,0.6896,-1256.5384615384614,4.815833333333333,6.952898550724638,73.76570048309179,780,127,28.69826025379025,1471,7.065217391304348
68,0.6858,-1421.6846153846154,5.5025,8.255959849435383,76.23337515683815,748,129,32.05317407179198,1475,8.361355081555834
69,0.682,-1383.453846153846,5.441666666666666,7.322435174746336,75.82412626832019,834,132,31.679100459535515,1478,7.469594594594595
70,0.6782,-1264.6076923076923,5.1883333333333335,7.570904645476773,74.73594132029339,767,136,31.570907089128383,1483,7.699266503667482
71,0.6744,-1616.4076923076923,6.5875,9.154651162790698,76.77093023255814,802,135,44.1707012658526,1488,9.268604651162791
72,0.6707,-1298.1999999999998,5.163333333333333,7.465454545454546,76.02060606060606,774,128,31.531164978272997,1489,7.626666666666667
73,0.667,-1245.176923076923,5.081666666666667,7.375912408759124,73.2639902676399,762,136,33.38338071346506,1494,7.524330900243309
74,0.6633,-1220.3615384615387,5.0875,7.171394799054373,74.01891252955083,794,140,30.44942177715597,1497,7.309692671394799
75,0.6596,-1384.6615384615386,5.346666666666667,7.470725995316159,73.89110070257611,802,126,39.301832203965134,1502,7.625292740046838
76,0.656,-1418.1153846153845,5.905833333333334,7.9091928251121075,76.42937219730942,822,144,44.06923411709008,1506,8.044843049327355
77,0.6524,-1220.2615384615383,4.8125,6.541002277904328,74.26082004555809,833,133,27.12602910386057,1506,6.707289293849659
78,0.6487,-1138.3846153846152,4.516666666666667,6.389548693586699,74.07600950118764,786,129,27.793962735278832,1510,6.539192399049881
79,0.6452,-1265.9615384615386,5.0525,7.133727810650887,74.25917159763314,790,131,37.2150376071442,1515,7.2695035460992905
80,0.6416,-1237.353846153846,4.95,7.269372693726937,74.35916359163592,766,133,31.430338818220328,1523,7.403444034440344
81,0.638,-1288.7153846153847,5.1675,7.076834862385321,73.75229357798165,819,134,32.095722283487675,1526,7.201834862385321
82,0.6345,-1251.2076923076925,5.058333333333334,7.207885304659499,74.69772998805257,784,131,32.33143042435429,1530,7.3345280764635605
83,0.631,-1439.0615384615385,5.799166666666666,8.174528301886792,76.44457547169812,786,136,36.56125674908728,1534,8.33372641509434
84,0.6275,-1233.253846153846,5.053333333333334,7.185935637663886,74.74374255065554,784,140,30.495646426002626,1538,7.33611442193087
85,0.624,-1209.607692307692,4.854166666666667,6.95078031212485,73.18727490996399,768,133,29.596109663621558,1541,7.084033613445378
86,0.6206,-1168.230769230769,4.655833333333334,6.590747330960854,72.62870699881375,785,133,29.816796186409757,1544,6.723606168446026
87,0.6171,-1329.2,5.254166666666666,7.486260454002389,74.95101553166069,779,132,28.983010953028977,1544,7.62962962962963
88,0.6137,-1222.7846153846153,5.0675,7.122497055359246,72.44405182567726,803,136,31.598705995129393,1552,7.280329799764429
89,0.6103,-1418.1769230769232,5.5408333333333335,7.8843861740166865,75.40762812872467,782,130,33.56346845629825,1562,8.01072705601907
90,0.607,-1129.6384615384616,4.635833333333333,6.908863920099876,75.103620474407,750,138,29.2191268538231,1563,7.061173533083646
91,0.6036,-1141.9076923076923,4.735833333333333,6.762874251497006,73.53532934131736,779,136,31.054287429177176,1568,6.913772455089821
92,0.6003,-1374.3461538461538,5.594166666666666,8.273853779429988,76.17224287484511,756,133,34.87768216070759,1574,8.403965303593557
93,0.5969,-1378.2384615384615,5.4475,7.388636363636364,73.82613636363637,825,129,34.07006187716464,1584,7.517045454545454
94,0.5936,-1176.123076923077,4.865833333333334,6.744186046511628,74.73720930232558,800,138,32.57423279896453,1587,6.863953488372093
95,0.5904,-1215.0,4.8075,7.121588089330025,75.4863523573201,750,131,30.27113186153443,1596,7.269230769230769
96,0.5871,-1223.3615384615384,5.153333333333333,7.646766169154229,74.84452736318408,758,138,33.7583037122838,1601,7.788557213930348
97,0.5838,-1077.1846153846154,4.309166666666667,6.6705577172503245,73.8171206225681,720,129,29.329986735052422,1613,6.787289234760052
98,0.5806,-1139.3461538461538,4.758333333333334,6.944852941176471,72.33088235294117,752,138,30.297713894003344,1614,7.0870098039215685
99,0.5774,-1130.2076923076922,4.645,6.702898550724638,72.56038647342996,776,137,32.96409738018846,1617,6.846618357487923
100,0.5742,-1303.3076923076924,5.168333333333333,6.932584269662922,72.60224719101123,828,133,41.50547952047223,1621,7.093258426966292
101,0.571,-1117.4923076923078,4.533333333333333,6.5120481927710845,73.04698795180722,771,136,29.49508102026663,1625,6.648192771084338
102,0.5679,-1261.6,5.350833333333333,7.6975903614457835,75.6855421686747,777,139,32.90333403019754,1629,7.825301204819277
103,0.5647,-981.5461538461539,4.0675,5.8647342995169085,74.09420289855072,784,140,30.62180163210471,1632,5.993961352657005
104,0.5616,-1072.6000000000001,4.5375,6.234752589182969,73.54545454545455,810,145,27.205139751622273,1632,6.377445339470656
105,0.5585,-1139.353846153846,4.601666666666667,6.669902912621359,73.69902912621359,767,139,32.93881528373699,1639,6.798543689320389
106,0.5554,-1199.2230769230769,4.920833333333333,7.121212121212121,74.07878787878788,772,139,31.702109969851314,1641,7.226666666666667
107,0.5523,-1238.8461538461538,4.800833333333333,6.833930704898447,73.98446833930704,790,124,33.02175307854553,1652,7.016726403823178
108,0.5493,-1227.5461538461539,4.6975,6.828048780487805,75.72804878048781,761,131,30.517212425227385,1657,6.982926829268293
109,0.5462,-1150.8923076923077,4.8875,7.121026894865525,73.68704156479218,757,137,29.597421794485882,1659,7.255501222493888
110,0.5432,-1460.7923076923078,6.029166666666667,8.546318289786223,76.74228028503563,788,136,41.99320198321721,1666,8.680901542111506
111,0.5402,-1170.1000000000001,4.636666666666667,6.947236180904523,76.09422110552764,747,133,28.651891816667305,1674,7.052763819095477
112,0.5372,-1156.9307692307693,4.8075,6.791715976331361,74.56923076923077,792,137,35.839303861953994,1678,6.925443786982249
113,0.5343,-1276.0692307692307,5.320833333333334,7.736906211936662,74.06699147381242,774,137,32.250556823035126,1686,7.8369829683698295
114,0.5313,-1059.069230769231,4.3325,6.200239808153477,73.3369304556355,786,140,32.11153783967507,1689,6.309352517985611
115,0.5284,-1326.7230769230769,5.491666666666666,7.674473067915691,73.93793911007026,794,131,36.12147382261213,1692,7.822014051522248
116,0.5254,-1371.9153846153847,5.413333333333333,7.847087378640777,78.54004854368932,777,128,37.36341146222751,1696,7.992718446601942
117,0.5225,-1015.6615384615384,4.089166666666666,6.04590570719603,71.01488833746899,753,135,26.288454886302453,1699,6.1648079306071875
118,0.5196,-1104.3,4.495833333333334,6.419664268585132,72.81654676258992,778,138,28.76816215421403,1700,6.523353293413174
119,0.5168,-1189.3692307692309,4.781666666666666,6.725235849056604,74.54127358490567,804,132,32.76852507265073,1706,6.880896226415095
120,0.5139,-1160.1384615384616,4.8825,7.093788063337393,75.21193666260658,784,138,29.90084991343943,1707,7.2362971985383675
121,0.5111,-1170.976923076923,4.7125,6.703218116805721,73.41477949940405,795,136,31.06428158352337,1715,6.833134684147795
122,0.5082,-1269.5846153846155,4.996666666666667,7.14765906362545,74.51140456182473,785,130,36.550349279726554,1716,7.289315726290516
123,0.5054,-1138.2923076923075,4.473333333333334,6.518925518925519,74.51648351648352,766,129,30.81123152564998,1722,6.68009768009768
124,0.5026,-1243.7153846153847,5.166666666666667,7.409145607701564,74.352587244284,774,137,36.627860490728274,1723,7.547533092659447
125,0.4998,-1094.8692307692309,4.529166666666667,6.486194477791116,72.54981992797119,769,136,35.950244092341705,1728,6.623049219687875
126,0.4971,-1318.9615384615383,5.19,7.289752650176679,73.2909305064782,798,129,40.04168011010739,1736,7.424028268551237
127,0.4943,-1107.2769230769231,4.593333333333334,6.240592930444698,73.10376282782212,821,138,25.494077431945865,1736,6.367160775370581
128,0.4916,-1284.0076923076922,5.178333333333334,7.182558139534883,72.92209302325581,803,134,37.058040127907255,1742,7.32093023255814
129,0.4889,-1495.1846153846154,5.743333333333333,7.632516703786192,77.3608017817372,846,130,36.962912987021795,1744,7.8084632516703785
130,0.4862,-1036.2076923076922,4.3125,6.108076009501188,72.38479809976248,778,139,25.658813024965085,1745,6.276722090261282
131,0.4835,-1311.576923076923,5.3116666666666665,7.704738760631835,76.34264884568651,780,135,36.985375121604505,1749,7.8432563791008505
132,0.4808,-1406.930769230769,5.644166666666667,8.228327228327228,77.78266178266178,767,126,40.309788393281146,1752,8.4004884004884
133,0.4781,-1153.423076923077,4.715833333333333,6.407744874715262,71.70045558086561,817,138,35.25324694265651,1758,6.58997722095672
134,0.4755,-1324.0153846153846,5.226666666666667,7.450536352800953,75.18712753277711,786,129,34.07880638752916,1758,7.5709177592371875
135,0.4729,-1387.4846153846154,5.63,7.888366627497062,76.63572267920094,806,131,43.396553995245796,1762,8.029377203290247
136,0.4703,-1165.6846153846154,4.8275,6.615384615384615,73.27095292766934,801,137,35.17332692979741,1766,6.7543053960964405
137,0.4677,-1378.8461538461538,5.5008333333333335,7.962378640776699,77.55946601941747,774,131,35.90045558043258,1766,8.120145631067961
138,0.4651,-1094.1076923076923,4.573333333333333,6.796758104738155,73.89401496259352,760,133,27.626009582283626,1769,6.9002493765586035
139,0.4625,-1205.8076923076924,4.745,6.871046228710462,73.72871046228711,767,127,32.68611117952236,1771,7.012150668286756
140,0.4599,-1132.9615384615386,4.630833333333333,6.806411837237977,74.42786683107275,761,135,31.618081188986057,1774,6.960542540073983
141,0.4574,-1217.753846153846,5.025833333333333,7.196642685851319,74.74700239808153,784,137,36.682619920934854,1778,7.3261390887290165
142,0.4549,-1111.1,4.555,6.645476772616137,71.85819070904645,779,135,36.72335289738116,1779,6.755501222493888
143,0.4523,-1159.2153846153847,4.65,6.745742092457421,73.6301703163017,771,135,29.780278547695385,1779,6.8892944038929445
144,0.4498,-1274.2461538461537,5.170833333333333,7.25764705882353,75.16705882352942,807,134,38.18486023843227,1784,7.397647058823529
145,0.4474,-1303.7615384615383,5.251666666666667,6.96329254727475,74.13904338153503,850,134,36.837895284441714,1791,7.119021134593993
146,0.4449,-886.5,3.635,5.641927083333333,74.37630208333333,732,138,24.412183477562717,1792,5.791666666666667
147,0.4424,-1053.9692307692308,4.464166666666666,6.180023228803717,71.98722415795586,811,138,27.64202847249338,1794,6.320557491289199
148,0.44,-1107.553846153846,4.47,6.57213316892725,73.68927250308262,756,130,31.93410851772408,1795,6.705302096177559
149,0.4375,-1044.6769230769232,4.371666666666667,6.742561448900388,74.8150064683053,728,136,34.80725600382167,1799,6.85640362225097
150,0.4351,-1246.5846153846155,5.1125,7.154929577464789,76.28638497652582,805,134,34.161737712016496,1801,7.292253521126761
151,0.4327,-1083.6923076923076,4.456666666666667,6.596273291925466,74.11055900621118,747,130,32.39567342771234,1807,6.73697270471464
152,0.4303,-1304.7384615384617,5.078333333333333,7.032520325203252,73.07781649245064,805,129,35.7680755215934,1810,7.184668989547038
153,0.4279,-967.5461538461539,4.1241666666666665,5.972019464720194,71.84306569343066,765,143,30.79381559597281,1812,6.103406326034063
154,0.4256,-1084.423076923077,4.4991666666666665,6.372479240806643,75.49228944246738,790,132,31.935717685491024,1819,6.525504151838671
155,0.4232,-1048.7230769230769,4.324166666666667,6.123515439429929,74.3479809976247,795,135,31.898810153286565,1821,6.292161520190024
156,0.4209,-1321.9769230769232,5.448333333333333,7.416666666666667,74.49657534246575,814,135,43.650940705696236,1823,7.549086757990867
157,0.4185,-1205.8,4.810833333333333,6.8953068592057765,72.50661853188929,775,131,40.530488357612185,1826,7.042117930204573
158,0.4162,-1153.8384615384616,4.889166666666667,6.968973747016706,73.06682577565633,784,145,38.59195841335584,1828,7.107398568019093
159,0.4139,-1411.7769230769231,5.469166666666666,7.621052631578947,74.54152046783626,798,124,35.93353899651093,1829,7.760233918128655
160,0.4116,-1064.8692307692309,4.258333333333334,6.275308641975308,72.22469135802469,758,134,28.740049472011126,1830,6.381481481481481
161,0.4094,-1168.8538461538462,4.5825,6.625,73.66383495145631,774,126,33.76855983205882,1837,6.752427184466019
162,0.4071,-873.8615384615384,3.655,5.501896333754741,71.66371681415929,745,140,25.838261369597628,1841,5.61441213653603
163,0.4048,-1189.9384615384615,4.8325,6.735981308411215,74.94158878504673,809,131,31.400506644626375,1841,6.864485981308412
164,0.4026,-1067.2153846153847,4.645,6.375862068965517,73.62068965517241,809,145,32.60277496006701,1841,6.52183908045977
165,0.4004,-1280.8538461538462,5.153333333333333,7.241176470588235,74.72588235294117,791,132,39.595297597329655,1845,7.378823529411765
166,0.3982,-1202.1846153846154,4.8925,6.998799519807923,74.24129651860744,779,131,36.896314546953896,1846,7.148859543817527
167,0.396,-1100.107692307692,4.715,6.977667493796526,73.19478908188586,747,139,35.75515373248786,1849,7.0955334987593055
168,0.3938,-1059.2923076923078,4.298333333333333,6.438442211055277,73.44095477386935,746,129,30.77295400493288,1851,6.550815558343789
169,0.3916,-914.6846153846153,3.7816666666666667,5.389221556886228,72.92694610778443,793,134,23.68056612730089,1855,5.548502994011976
170,0.3894,-1092.753846153846,4.318333333333333,6.117717003567182,75.49583828775268,785,130,32.300077767000275,1857,6.271105826397147
171,0.3873,-1216.1846153846152,5.1866666666666665,7.0963302752293576,73.81422018348624,817,139,34.83984925286832,1858,7.237113402061856
172,0.3851,-1147.3076923076922,4.83,6.6352128883774455,72.49712313003452,804,140,33.111365479551935,1859,6.782508630609897
173,0.383,-899.6538461538461,3.7225,5.382281553398058,71.41868932038835,771,138,25.910055690287773,1864,5.536407766990291
174,0.3809,-1035.976923076923,4.295,6.08680142687277,74.23900118906064,797,139,28.042154017961227,1864,6.244946492271106
175,0.3788,-1079.8461538461538,4.3975,6.140515222482436,73.54098360655738,800,136,37.87077981798292,1866,6.307602339181287
176,0.3767,-1195.0846153846153,4.788333333333333,6.958536585365854,72.68048780487806,761,136,38.254619648060455,1873,7.069512195121951
177,0.3746,-1154.8846153846155,4.773333333333333,6.677230046948357,74.43779342723005,792,134,35.46129698395007,1881,6.838028169014085
178,0.3725,-989.4153846153845,4.1375,6.024420024420024,71.001221001221,767,139,27.047142426383346,1882,6.13919413919414
179,0.3705,-1143.353846153846,4.711666666666667,6.484429065743945,73.63667820069205,814,140,39.34909536161688,1884,6.628604382929643
180,0.3684,-1096.5384615384614,4.3925,6.336154776299879,74.78718258766627,776,131,24.264190301112496,1884,6.4667472793228535
181,0.3664,-1027.3461538461538,4.0275,5.822815533980583,72.63592233009709,780,133,34.7130670400076,1885,5.979368932038835
182,0.3643,-968.3384615384615,4.031666666666666,5.852618757612667,69.66138855054811,766,140,30.759084803452225,1886,5.968369829683699
183,0.3623,-1232.5384615384617,4.9375,7.008333333333334,75.47261904761905,797,129,42.03929424023656,1888,7.142857142857143
184,0.3603,-890.4615384615386,3.7416666666666667,5.369879518072289,74.2132530120482,783,136,27.51351892538279,1892,5.5036144578313255
185,0.3583,-1080.3692307692309,4.620833333333334,6.265909090909091,72.3534090909091,824,140,32.42034942122465,1893,6.389330306469921
186,0.3563,-1214.830769230769,4.940833333333333,6.782508630609897,74.54315304948216,824,133,43.38699379348489,1897,6.932183908045977
187,0.3544,-1020.7384615384615,4.38,6.1692307692307695,73.20946745562131,776,140,32.076440160691504,1897,6.321893491124261
188,0.3524,-958.9538461538463,4.038333333333333,6.002496878901373,72.27215980024968,748,137,28.314447375072433,1897,6.149812734082397
189,0.3505,-1214.9,4.845833333333333,7.020631067961165,73.8118932038835,764,129,36.556369474694804,1904,7.136969696969697
190,0.3485,-1012.6846153846154,4.335,6.111111111111111,74.50354609929079,793,142,36.3292450937942,1906,6.264775413711584
191,0.3466,-1005.1769230769231,4.448333333333333,6.188304093567251,74.43976608187134,787,140,30.713667520544387,1907,6.350877192982456
192,0.3447,-1006.2153846153847,4.23,5.983372921615202,71.8313539192399,792,136,29.156529998861938,1909,6.114014251781473
193,0.3428,-939.8076923076924,3.9225,5.677184466019417,72.35800970873787,780,136,33.18820829508149,1913,5.815533980582524
194,0.3409,-966.9000000000001,3.9408333333333334,5.738705738705739,72.53357753357753,770,129,22.398950752393016,1921,5.8559218559218555
195,0.339,-1163.3076923076922,4.613333333333333,6.566825775656325,74.06205250596659,793,133,40.31401030156752,1923,6.706443914081145
196,0.3371,-1052.4384615384615,4.225833333333333,6.212083847102343,72.48212083847102,751,130,30.630042539872544,1924,6.335388409371147
197,0.3352,-1178.3846153846155,4.6875,6.789793438639125,73.68894289185906,772,127,31.683269633086155,1924,6.921020656136087
198,0.3334,-1106.4076923076923,4.551666666666667,6.248847926267281,73.9758064516129,802,141,30.532078555861467,1924,6.3986175115207375
199,0.3315,-1069.7,4.320833333333334,6.200721153846154,72.6045673076923,779,130,32.95046784844349,1925,6.331730769230769
200,0.3297,-1082.9153846153845,4.309166666666667,6.311193111931119,72.2410824108241,769,127,35.059442382779835,1930,6.460024600246003
201,0.3279,-1019.7230769230769,4.158333333333333,6.222361809045226,73.98366834170854,751,131,29.718903416426176,1930,6.355527638190955
202,0.3261,-1180.6923076923076,4.6025,6.450588235294117,73.3364705882353,803,126,34.022502947288,1933,6.589411764705883
203,0.3243,-1020.5307692307692,4.118333333333333,6.333762886597938,72.95231958762886,721,127,37.66990267524896,1937,6.433719433719434
204,0.3225,-1087.3076923076924,4.440833333333333,6.264218009478673,73.0936018957346,790,133,27.28914335583609,1940,6.408767772511848
205,0.3207,-1114.653846153846,4.36,6.542138364779874,74.18490566037735,752,125,36.59114924271771,1941,6.685534591194968
206,0.3189,-991.3846153846152,4.048333333333333,5.842615012106537,72.96489104116223,780,133,32.52010570835537,1943,5.97457627118644
207,0.3172,-1153.4307692307693,4.6325,6.648192771084338,74.2710843373494,774,130,37.20395614395237,1948,6.813253012048193
208,0.3154,-1110.476923076923,4.408333333333333,6.081018518518518,72.66435185185185,810,127,29.208372929928213,1950,6.236111111111111
209,0.3137,-1063.3923076923077,4.261666666666667,6.1451027811366385,72.21160822249094,758,128,32.243208854071455,1955,6.253929866989117
210,0.3119,-1148.876923076923,4.6925,6.537383177570093,73.79672897196262,811,135,32.98395233746585,1957,6.668224299065421
211,0.3102,-1107.8461538461538,4.57,6.683435582822086,72.99877300613497,768,132,30.459636300703362,1958,6.809815950920245
212,0.3085,-1248.6538461538462,4.993333333333333,7.27906976744186,74.328029375765,755,127,34.711732842690935,1960,7.405140758873929
213,0.3068,-1206.1307692307691,4.835,6.793875147232038,71.91401648998823,788,129,34.168830072012845,1964,6.9340400471142525
214,0.3051,-1025.9923076923078,4.166666666666667,5.929594272076372,73.25656324582339,782,132,29.341009088800735,1964,6.034564958283671
215,0.3034,-1177.753846153846,4.791666666666667,7.141426783479349,74.16770963704631,754,129,40.60284210728556,1965,7.292866082603254
216,0.3017,-999.5230769230768,4.0275,5.828675577156743,72.94289185905225,780,129,27.59302674398507,1965,5.956257594167679
217,0.3,-900.8615384615384,3.7508333333333335,5.294326241134752,69.76241134751773,794,142,26.833374453961063,1967,5.416075650118203
218,0.2984,-1090.4384615384615,4.45,6.08955223880597,73.8633754305396,812,138,27.51949286396877,1968,6.223880597014926
219,0.2967,-1386.5230769230768,5.471666666666667,7.682352941176471,75.12235294117647,789,124,42.44070152326166,1972,7.834117647058823
220,0.2951,-1044.5153846153846,4.108333333333333,6.061957868649318,71.4002478314746,759,126,39.64721868199916,1974,6.18091697645601
221,0.2935,-968.4846153846153,4.014166666666667,5.9675,71.665,738,135,31.642112161866628,1974,6.10375
222,0.2918,-1011.2384615384616,4.225833333333333,5.750857142857143,71.64342857142857,818,135,35.93994262696658,1976,5.897142857142857
223,0.2902,-1123.123076923077,4.568333333333333,6.5602409638554215,73.87349397590361,774,127,36.74499961022175,1978,6.70722891566265
224,0.2886,-969.6076923076923,4.0633333333333335,5.741706161137441,73.34478672985782,788,137,23.690914039088856,1980,5.907582938388626
225,0.287,-1372.4461538461537,5.359166666666667,7.786585365853658,75.15365853658537,773,125,45.35157190728016,1982,7.908536585365853
226,0.2854,-1429.3384615384616,5.406666666666666,7.610849056603773,75.90801886792453,800,121,40.6561286808798,1986,7.78066037735849
227,0.2838,-1024.7153846153847,4.2508333333333335,6.088835534213685,73.8547418967587,785,131,28.347092658721138,1989,6.257793764988009
228,0.2823,-1351.9538461538464,5.485833333333333,7.849939975990396,73.52581032412965,780,130,46.86155282834285,1995,8.01920768307323
229,0.2807,-1069.6538461538462,4.508333333333334,6.345926800472255,72.77213695395514,799,138,30.41854738047329,1997,6.45926800472255
230,0.2792,-1274.9076923076923,5.130833333333333,7.258600237247924,75.61447212336893,791,125,33.701931819377975,1999,7.393831553973903
231,0.2776,-1200.1923076923076,4.88,7.201732673267327,75.29207920792079,752,134,40.54723890623062,2003,7.340346534653466
232,0.2761,-1122.2692307692307,4.490833333333334,6.554601226993865,73.48588957055215,760,125,35.82875854709525,2007,6.683435582822086
233,0.2746,-992.3307692307692,4.135,6.207808564231738,73.88664987405542,746,127,37.92746832119622,2011,6.340050377833753
234,0.273,-1038.330769230769,4.255833333333333,6.064670658682635,73.62275449101796,777,134,30.774984036847577,2016,6.161483253588517
235,0.2715,-1108.646153846154,4.484166666666667,6.452352231604342,73.81905910735826,773,130,32.04455647838653,2020,6.582629674306394
236,0.27,-1252.2615384615385,5.048333333333333,7.022170361726954,74.60443407234538,808,130,44.22031861231769,2020,7.194865810968495
237,0.2685,-1243.8923076923077,4.911666666666667,6.821678321678322,74.41142191142191,798,124,35.56837210999841,2025,6.972027972027972
238,0.267,-1087.6076923076923,4.550833333333333,6.409467455621302,73.10887573964497,790,136,30.200495502539514,2025,6.570414201183432
239,0.2656,-1251.8692307692309,4.920833333333333,7.021556886227545,72.9748502994012,774,122,44.091703705959425,2027,7.1746411483253585
240,0.2641,-1205.6,4.869166666666667,6.855962219598584,73.87367178276268,800,136,37.764962610658294,2027,7.009445100354191
241,0.2626,-948.6846153846153,3.8933333333333335,5.69079754601227,72.68466257668712,773,132,30.46179070964044,2027,5.823312883435583
242,0.2612,-1279.4,4.8825,7.0024067388688325,73.94945848375451,767,123,36.641260261678866,2027,7.140794223826715
243,0.2597,-1062.2846153846153,4.248333333333333,6.183374083129585,74.18092909535453,756,130,29.204675612227696,2028,6.32762836185819
244,0.2583,-1227.2,4.960833333333333,6.553215077605321,72.98337028824834,845,133,37.99216467442418,2029,6.697339246119734
245,0.2569,-1201.5384615384614,4.825833333333334,7.103448275862069,74.64532019704434,747,127,40.36151155638193,2032,7.232758620689655
246,0.2555,-1046.9384615384615,4.348333333333334,6.534678436317781,75.76418663303909,757,132,32.064784882400176,2032,6.654476670870113
247,0.254,-1051.7923076923075,4.214166666666666,6.1568627450980395,72.12622549019608,762,129,33.0388752007756,2032,6.297794117647059
248,0.2526,-1116.4846153846152,4.445,6.619524405506883,72.99874843554443,755,125,31.132414854286722,2039,6.742177722152691
249,0.2512,-934.9076923076923,3.825833333333333,5.29569266589057,72.13853317811409,809,136,25.54791943360122,2039,5.448195576251456
250,0.2498,-1263.7307692307693,5.0675,7.081967213114754,75.16744730679157,795,130,40.194350789600016,2041,7.255269320843091
251,0.2485,-918.3923076923077,3.859166666666667,5.36013986013986,72.04778554778555,803,144,27.230782449059944,2041,5.512820512820513
252,0.2471,-907.2076923076924,3.816666666666667,5.3568904593639575,70.78327444051826,782,142,25.864071560627345,2041,5.498233215547703
253,0.2457,-1065.4153846153845,4.068333333333333,6.359580052493438,73.81758530183727,728,117,34.050613580880274,2043,6.498034076015728
254,0.2444,-1168.9923076923078,4.764166666666667,6.595596755504055,73.396292004635,815,129,33.758186083447505,2046,6.742757821552723
255,0.243,-964.7230769230769,3.89,5.851197982345523,73.5750315258512,738,133,28.370273408497248,2048,5.973518284993695
256,0.2417,-906.2615384615385,3.8633333333333333,5.40962441314554,70.94718309859155,803,140,33.31670355656223,2050,5.537558685446009
257,0.2403,-1176.8076923076924,4.8075,6.717798594847775,73.17564402810305,795,130,33.05762988730521,2050,6.85480093676815
258,0.239,-1214.9923076923078,4.8125,6.671711292200233,75.83701979045402,816,128,38.375167352596016,2052,6.834691501746216
259,0.2377,-1330.6538461538462,5.2058333333333335,7.101714285714285,74.44914285714286,815,120,37.8717826097356,2055,7.2548571428571424
260,0.2364,-1137.0307692307692,4.409166666666667,6.201650943396227,71.98466981132076,798,124,39.75069504357977,2058,6.352594339622642
261,0.2351,-1110.2,4.21,6.046987951807229,74.65301204819278,774,122,31.97681186224198,2059,6.1493975903614455
262,0.2338,-969.5692307692308,4.023333333333333,5.92336217552534,73.56489493201484,755,135,28.95610569316034,2059,6.085290482076638
263,0.2325,-981.2538461538461,3.890833333333333,5.723797780517879,70.15043156596793,748,126,29.999680966802387,2065,5.889025893958077
264,0.2312,-930.4538461538461,3.845833333333333,5.51140456182473,70.78151260504201,782,136,26.417281053552202,2066,5.641056422569028
265,0.2299,-954.7769230769231,3.9475,5.5477031802120145,70.46525323910483,792,135,25.188913653808765,2068,5.705882352941177
266,0.2286,-958.2153846153847,3.993333333333333,5.755743651753325,71.9334945586457,783,136,28.659000665753428,2068,5.899637243047159
267,0.2274,-991.8230769230769,3.870833333333333,5.852604828462516,72.30241423125794,754,129,33.01453322314963,2069,5.993646759847522
268,0.2261,-1162.476923076923,4.585833333333333,6.663824604141291,74.65651644336175,762,122,46.28093866701003,2072,6.766138855054812
269,0.2249,-970.9307692307692,3.9575,5.679131483715319,71.8431845597105,769,134,26.007754583673936,2075,5.788902291917974
270,0.2236,-891.7153846153847,3.8125,5.214449541284404,70.21559633027523,799,138,22.69355578677115,2075,5.36697247706422
271,0.2224,-977.4538461538461,3.9791666666666665,5.895522388059701,73.15547263681592,759,132,34.265080307992626,2076,6.016169154228856
272,0.2211,-1047.5692307692307,4.229166666666667,6.276463262764633,70.74968866749688,757,131,38.41505610242763,2079,6.410958904109589
273,0.2199,-1036.1923076923076,4.2091666666666665,5.992831541218638,73.72043010752688,791,130,30.701459426018328,2079,6.126642771804062
274,0.2187,-972.5538461538463,3.99,5.857142857142857,74.16625615763547,775,134,34.19758367648237,2080,6.009852216748769
275,0.2175,-963.7692307692307,3.9691666666666667,5.958438287153652,72.8690176322418,742,131,33.239015066066564,2082,6.079345088161209
276,0.2163,-1077.7307692307693,4.395,6.3136308805790105,73.20024125452352,779,131,34.740493529424306,2087,6.452352231604342
277,0.2151,-886.3307692307692,3.6858333333333335,5.130688448074679,69.65227537922988,794,139,30.885907940260758,2087,5.26487747957993
278,0.2139,-1156.1153846153848,4.634166666666666,6.246606334841629,73.82918552036199,830,130,32.39029841112107,2088,6.409502262443439
279,0.2127,-1200.3461538461538,4.685,7.372523117569353,72.62483487450463,695,120,43.04617048307096,2093,7.520475561426684
280,0.2115,-978.8307692307692,3.9758333333333336,5.753958587088916,71.87819732034104,766,130,27.123640546053384,2094,5.87956204379562
281,0.2104,-1214.7846153846153,5.095833333333333,6.795530726256983,73.30167597765363,852,138,35.922063169264554,2094,6.93854748603352
282,0.2092,-882.7153846153846,3.6058333333333334,4.853107344632768,69.29265536723163,826,135,20.56091692550002,2094,4.989841986455982
283,0.208,-1036.5384615384614,4.1975,5.82051282051282,73.78904428904428,803,128,29.27994811591801,2094,5.981351981351981
284,0.2069,-874.0384615384614,3.486666666666667,5.206030150753769,72.37060301507537,747,125,24.268831386175908,2096,5.340452261306533
285,0.2058,-968.4307692307692,4.099166666666667,5.860911270983213,73.878896882494,780,135,37.502036246219454,2097,6.0071942446043165
286,0.2046,-1054.4692307692308,4.26,6.301863354037267,73.83354037267081,762,131,36.74918844836107,2098,6.429280397022333
287,0.2035,-1145.3615384615387,4.6925,6.472222222222222,73.9699074074074,811,136,29.35920648858393,2100,6.590277777777778
288,0.2024,-1031.7076923076925,3.944166666666667,5.988520408163265,72.00127551020408,732,124,35.56433657820378,2101,6.121173469387755
289,0.2012,-971.5307692307692,3.870833333333333,5.76125,70.395,745,128,27.95302771730704,2104,5.90125
290,0.2001,-1002.8615384615384,4.145,5.791324736225088,72.97772567409145,805,131,27.83664825130082,2106,5.944900351699883
291,0.199,-1076.9384615384615,4.1925,6.076642335766423,72.52068126520682,770,127,37.67343545634102,2108,6.226277372262774
292,0.1979,-1023.8076923076924,4.085833333333333,5.750885478158206,73.05312868949233,799,128,26.798720610234714,2113,5.852420306965762
293,0.1968,-1187.246153846154,4.7058333333333335,6.65361803084223,75.02253855278767,794,128,31.656627405114584,2113,6.785290628706999
294,0.1957,-1283.646153846154,5.078333333333333,7.06892523364486,72.98130841121495,794,123,38.271117701818994,2117,7.220794392523365
295,0.1946,-934.8076923076923,3.825833333333333,5.460431654676259,72.93764988009592,771,134,26.82182271963785,2118,5.609112709832134
296,0.1936,-1026.3153846153846,4.195833333333334,6.024096385542169,74.23253012048193,775,137,37.270623589398625,2118,6.163855421686747
297,0.1925,-1018.4615384615386,4.079166666666667,6.1042713567839195,72.03391959798995,755,131,23.387972568428395,2118,6.226130653266332
298,0.1914,-1104.7384615384615,4.451666666666667,6.2811387900355875,72.26690391459074,781,129,28.273743411232378,2118,6.412811387900356
299,0.1904,-1077.876923076923,4.454166666666667,6.294187425860024,72.45907473309609,783,136,32.54544773066836,2120,6.428232502965599
300,0.1893,-1302.1153846153845,5.009166666666666,6.819428571428571,73.16342857142857,812,122,35.57589408478098,2121,6.974857142857143
301,0.1883,-1198.9846153846154,4.73,6.559953434225844,73.64260768335274,809,126,37.87125858841461,2121,6.711292200232829
302,0.1872,-1075.6307692307691,4.384166666666666,6.4324324324324325,74.39066339066339,770,133,34.19290480310345,2121,6.572481572481572
303,0.1862,-1137.6,4.595833333333333,6.3955659276546095,72.66977829638273,807,131,40.893489602349554,2121,6.539089848308051
304,0.1852,-1004.1923076923076,4.030833333333334,5.669421487603306,73.33648170011806,800,133,34.073209422909244,2121,5.798349056603773
305,0.1841,-1025.9153846153847,4.25,6.119709794437727,72.87424425634825,774,135,24.306981354837088,2121,6.256348246674728
306,0.1831,-1001.1307692307691,4.275,6.0236406619385345,73.57565011820331,788,136,34.47495697464669,2121,6.153664302600473
307,0.1821,-1084.4307692307693,4.435,6.514778325123153,73.24384236453201,763,133,41.6871333285903,2128,6.649014778325123
308,0.1811,-1148.6923076923076,4.608333333333333,6.498220640569395,73.47924080664295,790,127,38.332198207090684,2129,6.628706998813761
309,0.1801,-980.1692307692308,3.973333333333333,5.6975903614457835,71.84457831325301,769,130,23.263931864931173,2129,5.828915662650602
310,0.1791,-1029.0230769230768,4.193333333333333,5.74367816091954,73.72988505747126,811,132,37.398206582327354,2129,5.86551724137931
311,0.1781,-1112.3538461538462,4.335833333333333,6.210336538461538,73.25,765,124,40.69172698130769,2129,6.350961538461538
312,0.1771,-1090.6153846153848,4.574166666666667,5.898488120950324,72.51727861771059,860,138,35.82705940345132,2130,6.06695464362851
313,0.1762,-862.0538461538462,3.645,5.349323493234932,71.95817958179582,756,136,33.890597162544594,2130,5.484624846248463
314,0.1752,-984.8076923076924,4.064166666666667,5.921760391198044,71.15281173594133,761,137,35.09954336612199,2132,6.053789731051345
315,0.1742,-1175.2846153846153,4.81,6.709601873536299,74.47072599531616,791,133,43.81678338896956,2133,6.823185011709602
316,0.1732,-1192.2230769230769,4.708333333333333,6.621749408983452,73.61583924349881,794,127,40.61781896891453,2136,6.7718676122931445
317,0.1723,-1159.1769230769232,4.536666666666667,6.705590062111801,72.81614906832299,750,124,40.241587167877064,2140,6.8472049689441
318,0.1713,-1095.0076923076922,4.395,6.21640903686088,72.75505350772889,790,129,33.274501615619286,2140,6.342449464922711
319,0.1704,-1055.8384615384616,4.425,6.241706161137441,73.43009478672985,788,136,34.874850875402444,2141,6.418246445497631
320,0.1694,-1079.6461538461538,4.3225,5.967592592592593,72.26388888888889,807,130,31.328247661119427,2143,6.099421965317919
321,0.1685,-1034.0615384615385,4.434166666666667,6.398305084745763,74.79661016949153,781,134,35.74463364137996,2143,6.514527845036319
322,0.1676,-1004.0692307692307,4.1125,5.589509692132269,72.22348916761688,831,131,33.30600959130889,2145,5.733181299885975
323,0.1666,-1185.3615384615384,4.6466666666666665,6.703748488512696,76.07617896009674,783,117,40.23889337443341,2147,6.866989117291415
324,0.1657,-1010.9769230769232,4.181666666666667,5.945107398568019,72.76014319809069,792,140,30.114970976921732,2147,6.075178997613365
325,0.1648,-962.8615384615384,3.8275,5.525485436893204,70.29126213592232,770,132,35.203214575207255,2147,5.651699029126213
326,0.1639,-1062.9153846153847,4.429166666666666,6.446341463414634,74.98048780487805,773,132,34.77745943240481,2148,6.5634146341463415
327,0.163,-1160.3384615384616,4.573333333333333,6.5,73.39021479713604,787,130,39.67640579008218,2151,6.6324582338902145
328,0.1621,-1047.6307692307691,4.335,6.43640897755611,72.40523690773067,750,130,32.406241919070986,2151,6.589775561097257
329,0.1612,-1120.1153846153848,4.56,6.713580246913581,71.9320987654321,751,131,38.28638375165985,2155,6.81750924784217
330,0.1603,-1065.3846153846155,4.2825,6.060714285714286,73.65238095238095,778,127,27.12959010235011,2156,6.216666666666667
331,0.1594,-1100.8384615384616,4.344166666666666,6.396296296296296,73.5962962962963,760,127,35.76200246032453,2158,6.54074074074074
332,0.1585,-880.6692307692308,3.8208333333333333,5.358068315665489,73.57126030624264,794,145,32.324816012215585,2158,5.497055359246172
333,0.1577,-962.9692307692308,3.8958333333333335,5.768656716417911,71.29975124378109,739,133,25.477877723969744,2158,5.917910447761194
334,0.1568,-949.5,3.9233333333333333,5.587320574162679,72.18301435406698,784,135,24.58051267425317,2159,5.7272727272727275
335,0.1559,-960.323076923077,3.941666666666667,5.672289156626506,73.25542168674698,777,132,34.70327758086158,2159,5.801204819277109
336,0.155,-1033.0384615384614,4.148333333333333,5.996359223300971,72.36771844660194,770,126,35.85455383167318,2162,6.128640776699029
337,0.1542,-879.4153846153846,3.6633333333333336,5.35995085995086,71.69041769041769,756,139,33.601242264398294,2163,5.49017199017199
338,0.1533,-1064.3615384615384,4.225833333333333,6.388818297331639,72.70012706480306,743,126,29.650187733189004,2163,6.493011435832274
339,0.1525,-1065.376923076923,4.3175,6.149880095923262,72.7757793764988,789,132,34.412596992269854,2164,6.286570743405276
340,0.1516,-1099.3999999999999,4.380833333333333,6.186018957345971,74.0367298578199,788,128,29.696675749982894,2166,6.319905213270142
341,0.1508,-1123.1384615384616,4.558333333333334,6.35906432748538,72.39415204678363,784,132,41.7189919966565,2166,6.542690058479532
342,0.15,-1061.0384615384614,4.508333333333334,6.022446689113356,72.49382716049382,830,138,34.71243274095309,2168,6.158249158249158
343,0.1491,-958.6846153846153,3.7375,5.356971153846154,71.34254807692308,781,125,28.227710901107738,2168,5.497596153846154
344,0.1483,-988.4461538461538,4.07,5.647607934655776,71.87047841306884,795,134,27.61362347315229,2168,5.777389277389277
345,0.1475,-1069.9384615384615,4.409166666666667,6.1068524970963995,72.2787456445993,807,136,35.000670554021795,2168,6.272938443670151
346,0.1467,-924.8384615384615,3.8358333333333334,5.946614583333333,71.41145833333333,720,137,29.676170960835535,2169,6.055989583333333
347,0.1459,-1100.730769230769,4.4558333333333335,6.446060606060606,74.95151515151515,778,130,41.14946038500319,2169,6.56
348,0.1451,-983.6923076923077,4.009166666666666,5.971214017521902,73.23404255319149,754,132,35.54536463651129,2171,6.086357947434293
349,0.1443,-1078.5076923076922,4.383333333333334,5.9794285714285715,71.85485714285714,822,133,31.554397081088567,2172,6.107428571428572
350,0.1435,-1019.7846153846153,4.030833333333334,5.9041769041769046,73.63636363636364,767,127,24.63587259189085,2173,6.030712530712531
351,0.1427,-984.723076923077,3.9458333333333333,5.781057810578106,73.96063960639606,762,127,28.975736769852308,2173,5.907749077490775
352,0.1419,-1065.1538461538462,4.196666666666666,5.8870588235294115,73.5635294117647,788,130,34.9515776280045,2175,6.029411764705882
353,0.1411,-966.7230769230769,3.8475,5.307424593967517,72.60324825986079,804,126,30.372822095266443,2175,5.459396751740139
354,0.1403,-1093.769230769231,4.343333333333334,6.089411764705883,72.06588235294117,800,126,39.75584192569914,2176,6.235017626321974
355,0.1395,-1016.6384615384616,4.2125,6.049457177322075,73.43305186972256,764,134,29.3432139196118,2177,6.1734939759036145
356,0.1388,-953.9461538461538,4.181666666666667,5.974850299401197,72.02754491017964,772,146,25.79663525857397,2179,6.094497607655502
357,0.138,-1220.5,4.779166666666667,6.930656934306569,75.10583941605839,774,126,43.73719256803977,2180,7.062043795620438
358,0.1372,-1110.9076923076923,4.474166666666667,6.18677494199536,70.53828306264501,793,130,36.68481769972304,2181,6.334106728538283
359,0.1365,-912.7153846153847,3.75,5.548507462686567,71.10820895522389,754,130,28.93619768391775,2181,5.655900621118012
360,0.1357,-1255.423076923077,5.038333333333333,7.0093348891481915,73.57876312718787,813,134,53.45338498337982,2183,7.155192532088681
361,0.135,-1356.0,5.380833333333333,7.636904761904762,75.38928571428572,772,121,40.23815035863372,2184,7.788095238095238
362,0.1342,-1223.769230769231,4.975833333333333,6.946072684642439,74.46189917936694,789,135,36.44354612023385,2187,7.090269636576788
363,0.1335,-1181.4538461538461,4.7725,6.741399762752076,73.02016607354686,796,129,41.684000221407075,2193,6.883748517200474
364,0.1327,-799.8615384615384,3.450833333333333,4.6696935300794555,71.64812712826334,821,140,30.73499753708284,2195,4.850170261066969
365,0.132,-939.5461538461537,3.7933333333333334,5.529339853300733,70.24694376528117,763,137,29.60965979773874,2196,5.6552567237163816
366,0.1313,-934.5538461538462,3.9158333333333335,5.569212410501193,72.18377088305489,785,134,26.77391172894602,2197,5.72673031026253
367,0.1306,-922.9615384615385,3.9291666666666667,5.533096926713948,73.42553191489361,787,141,31.81846314411966,2197,5.690307328605201
368,0.1298,-1069.5923076923077,4.218333333333334,5.938534278959811,73.24113475177305,798,131,30.234050647842608,2197,6.08274231678487
369,0.1291,-909.0076923076923,3.8325,5.46642685851319,72.1726618705036,784,136,27.50564035679045,2199,5.630695443645084
370,0.1284,-849.8000000000001,3.555833333333333,5.130909090909091,72.80727272727273,778,136,27.435077892305387,2202,5.295757575757576
371,0.1277,-959.8846153846154,3.925,5.720588235294118,71.08946078431373,754,133,25.31300449487095,2202,5.829656862745098
372,0.127,-821.8153846153846,3.4775,4.983173076923077,71.90745192307692,788,139,22.868823409125426,2202,5.117788461538462
373,0.1263,-1053.2230769230769,4.386666666666667,5.903954802259887,72.2497175141243,828,140,26.2086599680003,2202,6.035028248587571
374,0.1256,-984.8692307692307,3.9583333333333335,5.654676258992806,71.90767386091127,782,134,30.518777434559055,2203,5.778177458033573
375,0.1249,-889.8153846153847,3.9716666666666667,5.800245098039215,72.36642156862744,765,139,26.371573317207712,2203,5.924019607843137
376,0.1242,-902.9307692307693,3.714166666666667,5.304191616766467,72.98443113772456,781,132,27.807781345550016,2203,5.449101796407185
377,0.1235,-839.5846153846154,3.5608333333333335,4.9153132250580045,71.56728538283063,821,139,22.925534752581896,2204,5.059164733178655
378,0.1228,-1022.7692307692307,4.1575,5.8213866039952995,71.45945945945945,794,133,29.350114222937236,2205,5.961222091656874
379,0.1221,-963.8615384615387,3.9383333333333335,5.6884848484848485,73.24606060606061,771,134,30.286512751358092,2206,5.821818181818182
380,0.1215,-937.723076923077,3.8875,5.665441176470588,70.6078431372549,754,137,32.183964136537284,2206,5.795343137254902
381,0.1208,-877.2846153846153,3.6375,5.122931442080378,71.79432624113475,785,136,26.594615365860324,2206,5.260047281323877
382,0.1201,-965.9538461538461,3.9025,5.699017199017199,72.507371007371,764,128,31.56363670760301,2206,5.829238329238329
383,0.1195,-830.9230769230769,3.525,5.157248157248158,72.81326781326781,768,138,23.001717792068103,2206,5.296068796068796
384,0.1188,-802.4153846153846,3.38,4.9072039072039075,70.86202686202687,762,139,20.01404216861775,2206,5.0537240537240535
385,0.1181,-814.4692307692308,3.4633333333333334,4.826697892271663,70.53629976580797,801,146,24.959377570504238,2207,4.955503512880562
386,0.1175,-1127.0615384615385,4.4775,6.268779342723005,74.66197183098592,792,124,37.62957916905316,2209,6.400234741784038
387,0.1168,-826.0461538461539,3.57,5.117647058823529,72.91356542617046,785,135,25.930236792061365,2212,5.267707082833133
388,0.1162,-991.8076923076924,4.185,6.035108958837772,72.65859564164649,775,132,27.727183578287928,2213,6.15235792019347
389,0.1156,-908.4769230769231,3.8158333333333334,5.67375,72.59625,748,133,36.950658074278664,2214,5.8
390,0.1149,-822.2615384615385,3.4316666666666666,5.047029702970297,69.39232673267327,753,139,17.525812544332492,2214,5.186881188118812
391,0.1143,-967.1000000000001,4.113333333333333,5.628735632183908,73.2022988505747,814,142,36.8173518149846,2214,5.7827586206896555
392,0.1136,-914.3846153846154,3.93,5.466121495327103,70.88200934579439,807,140,14.5687001476675,2214,5.582943925233645
393,0.113,-897.0461538461539,3.7308333333333334,5.327338129496403,71.16187050359713,780,139,30.819887922841428,2214,5.479616306954436
394,0.1124,-890.3769230769232,3.9558333333333335,5.465816917728853,71.4936268829664,800,142,21.885670491391387,2214,5.595596755504055
395,0.1118,-1153.0230769230768,4.37,6.275903614457832,73.144578313253,780,125,41.852050358862286,2215,6.424096385542168
396,0.1112,-861.8538461538462,3.549166666666667,5.1803680981595095,70.23680981595092,764,140,26.697313148484746,2215,5.29079754601227
397,0.1105,-939.9692307692308,3.7816666666666667,5.2602100350058345,69.32788798133022,815,140,25.324915956061716,2215,5.402567094515753
398,0.1099,-814.7615384615385,3.3941666666666666,5.058676654182272,71.51560549313358,764,138,31.508147461069743,2217,5.177278401997503
399,0.1093,-1077.3615384615384,4.4125,6.488888888888889,72.43827160493827,756,135,32.42821458269788,2219,6.6382716049382715
400,0.1087,-941.2384615384615,3.8866666666666667,5.693726937269373,73.8019680196802,761,134,33.24372877090465,2219,5.816728167281672
401,0.1081,-956.0692307692308,4.0075,5.740384615384615,71.1358173076923,782,132,30.02876095241994,2219,5.877403846153846
402,0.1075,-956.9153846153847,4.050833333333333,5.744047619047619,72.53809523809524,773,141,40.04136064719452,2219,5.883333333333334
403,0.1069,-934.0,3.8333333333333335,5.438763376932224,72.19976218787158,792,137,23.16238478449486,2219,5.58858501783591
404,0.1063,-868.2153846153847,3.79,5.219653179190751,72.07052023121388,822,140,18.68644252739436,2219,5.364896073903003
405,0.1057,-1214.8846153846152,5.0925,7.1505882352941175,73.98117647058824,794,135,39.44468571050217,2219,7.292941176470588
406,0.1052,-963.8,4.216666666666667,5.8739789964994165,72.17386231038506,799,148,36.44173438621975,2219,6.0466744457409565
407,0.1046,-1054.9,4.2716666666666665,6.015348288075561,73.43565525383707,794,134,30.39030229953796,2220,6.1652892561983474
408,0.104,-806.6307692307693,3.5716666666666668,5.1863580998781975,71.85505481120585,774,146,22.71958150384045,2221,5.3300852618757615
409,0.1034,-961.3615384615384,4.105833333333333,5.9963190184049076,72.02331288343558,763,138,24.074264340058765,2224,6.152147239263804
410,0.1028,-978.8153846153846,4.0441666666666665,5.488027366020525,71.78221208665906,818,136,26.99026365675419,2226,5.6476624857468645
411,0.1023,-970.3615384615384,4.153333333333333,5.639269406392694,72.77625570776256,824,141,30.108085846975996,2226,5.777397260273973
412,0.1017,-967.4153846153846,3.9833333333333334,5.753026634382566,72.00484261501211,764,135,35.85588628993146,2226,5.872881355932203
413,0.1011,-854.3384615384616,3.6058333333333334,4.94367816091954,70.48045977011495,826,142,23.53184855841619,2228,5.074712643678161
414,0.1006,-966.1153846153846,4.081666666666667,5.785969084423305,73.03091557669441,772,136,24.995325069179746,2230,5.933491686460807
415,0.1,-1010.1307692307691,4.155833333333334,5.797897196261682,73.33411214953271,812,135,25.68598224059834,2230,5.9264018691588785
416,0.0995,-899.3307692307692,3.9483333333333333,5.416378316032295,72.0957324106113,811,139,25.379312471157615,2230,5.577854671280277
417,0.0989,-891.8384615384616,3.756666666666667,5.4645476772616135,72.3080684596577,761,137,24.015440809426753,2230,5.6222493887530565
418,0.0984,-1069.0307692307692,4.240833333333334,5.91578947368421,72.26900584795321,804,132,33.06942187799052,2232,6.051461988304093
419,0.0978,-806.7307692307693,3.408333333333333,4.828775267538645,71.33293697978597,798,137,21.21795548415657,2232,4.9655172413793105
420,0.0973,-889.9153846153847,3.8325,5.448687350835322,71.91050119331742,782,137,27.504896579957236,2233,5.591885441527446
421,0.0968,-1177.0923076923077,5.155833333333334,7.0285714285714285,73.38742857142857,814,139,36.71769007464918,2233,7.174857142857143
422,0.0962,-843.4923076923078,3.425,5.18297331639136,72.21473951715375,741,134,24.08738187457397,2233,5.312579415501906
423,0.0957,-905.5384615384615,3.845833333333333,5.65636588380717,70.67490729295426,763,136,24.73072992745066,2233,5.794808405438813
424,0.0952,-1137.3307692307692,4.4925,6.390214797136038,73.3854415274463,787,127,33.03537681923361,2234,6.520286396181384
425,0.0946,-1022.576923076923,4.135,5.9493365500603135,71.81423401688782,782,132,29.940981519271443,2235,6.103739445114596
426,0.0941,-1070.0230769230768,4.4475,6.097701149425287,72.62068965517241,806,137,35.69449838210019,2235,6.213793103448276
427,0.0936,-1003.1538461538461,4.189166666666667,6.065693430656935,73.02311435523114,776,135,34.278913402328755,2238,6.2250608272506085
428,0.0931,-1040.9461538461537,4.3125,6.190361445783132,73.91566265060241,789,128,31.57514301665072,2238,6.319277108433735
429,0.0926,-1060.769230769231,4.425,6.3506024096385545,72.90602409638554,778,137,28.365777735585162,2240,6.495180722891567
430,0.092,-972.876923076923,4.026666666666666,5.9812967581047385,72.8640897755611,746,132,32.38864515102814,2241,6.105985037406484
431,0.0915,-885.7692307692307,3.6766666666666667,5.757894736842105,73.59868421052632,718,132,42.213005326836125,2244,5.882894736842105
432,0.091,-1062.7615384615385,4.299166666666666,6.293251533742331,73.25276073619632,768,128,42.124421861799085,2248,6.450306748466257
433,0.0905,-887.5615384615385,3.7425,5.201631701631702,72.11538461538461,798,139,21.496934395917105,2248,5.344988344988345
434,0.09,-1066.9076923076923,4.4675,6.148960739030023,71.905311778291,803,134,40.916234560873036,2253,6.326789838337183
435,0.0895,-781.1384615384616,3.3208333333333333,4.729665071770335,71.19258373205741,785,144,20.137017283572025,2253,4.866028708133971
436,0.089,-859.9230769230769,3.635,5.489226869455006,71.26489226869455,742,136,31.262717359707064,2254,5.599493029150824
437,0.0885,-857.2384615384615,3.6283333333333334,5.0478413068844805,70.24737456242707,790,140,28.87141934443744,2255,5.213535589264877
438,0.088,-771.8230769230769,3.395,4.891041162227603,70.01452784503633,782,145,21.771794385087524,2255,5.0242130750605325
439,0.0876,-807.1384615384615,3.404166666666667,5.134347275031685,72.75285171102662,735,140,34.482972951755926,2258,5.237974683544304
440,0.0871,-942.7923076923078,3.8716666666666666,5.5065710872162486,71.92114695340501,783,135,33.519271643566185,2259,5.658303464755078
441,0.0866,-873.3384615384616,3.695,5.426108374384237,72.24261083743842,759,138,28.216174596724112,2260,5.580049261083744
442,0.0861,-812.4000000000001,3.3966666666666665,4.8247914183551845,72.05363528009535,785,133,25.304859557803375,2264,4.966626936829559
443,0.0856,-878.7307692307692,3.9541666666666666,5.654261704681873,73.16206482593037,783,143,24.7283364463887,2264,5.792316926770709
444,0.0852,-869.2538461538462,3.4741666666666666,5.11372064276885,69.74660074165637,769,139,30.18728483167714,2266,5.259579728059332
445,0.0847,-844.1,3.4225,4.929782082324455,72.88014527845036,784,136,26.193724485760477,2267,5.070133010882708
446,0.0842,-897.2538461538462,3.796666666666667,5.243337195828505,74.38702201622247,825,137,26.209524275877545,2269,5.405561993047509
447,0.0838,-1035.1,4.275833333333333,6.169491525423729,73.09685230024213,769,136,40.50126093144126,2270,6.315980629539951
448,0.0833,-937.7846153846153,3.9791666666666665,5.721014492753623,71.86352657004831,762,134,21.768458339255215,2271,5.858695652173913
449,0.0828,-909.4615384615386,3.68,4.969457013574661,71.16402714932127,833,136,20.484004523729684,2271,5.115384615384615
450,0.0824,-873.5461538461539,3.525,5.094660194174757,72.52912621359224,780,131,34.81274981033231,2272,5.225728155339806
451,0.0819,-979.7769230769231,3.986666666666667,5.78345498783455,71.42700729927007,771,134,38.04138060030678,2272,5.908759124087592
452,0.0815,-829.5076923076922,3.5833333333333335,4.896670493685419,70.31572904707232,827,143,26.365276832985476,2272,5.043628013777267
453,0.081,-1004.0846153846154,4.059166666666667,5.72189349112426,73.29704142011835,791,134,31.346800522856952,2274,5.89112426035503
454,0.0806,-943.6692307692308,4.064166666666667,5.793309438470729,72.79808841099164,785,142,24.72781758493888,2276,5.9342891278375145
455,0.0801,-1007.7846153846153,4.1525,5.815294117647059,71.66235294117647,786,134,26.009638864292334,2276,5.950588235294117
456,0.0797,-773.1615384615385,3.3133333333333335,4.834558823529412,72.59191176470588,767,143,18.81317788093788,2276,4.955882352941177
457,0.0792,-885.0846153846155,3.6466666666666665,5.330466830466831,71.34520884520884,757,131,21.710682669046715,2276,5.442260442260443
458,0.0788,-913.9230769230769,3.595833333333333,5.087990487514864,71.59215219976218,790,130,26.917578081846163,2277,5.233055885850178
459,0.0784,-904.7538461538462,3.7558333333333334,5.495085995085995,71.55528255528256,763,134,32.12049922018054,2278,5.632678132678133
460,0.0779,-905.5769230769231,3.7441666666666666,5.434676434676435,71.32844932844932,760,134,31.683792450892447,2278,5.604395604395604
461,0.0775,-888.3076923076924,3.7308333333333334,5.535491905354919,72.97135740971358,750,135,29.603007588415004,2278,5.666666666666667
462,0.0771,-972.5846153846154,3.795,5.7598978288633464,70.53001277139208,738,126,28.67329003990838,2280,5.874840357598979
463,0.0766,-957.4615384615385,3.8633333333333333,5.670776818742294,71.97780517879161,759,125,23.41843318243713,2280,5.79284833538841
464,0.0762,-970.8461538461538,4.065,5.75,73.09285714285714,781,135,24.976447337169176,2280,5.904761904761905
465,0.0758,-814.2307692307693,3.2466666666666666,4.617224880382775,70.42464114832536,785,129,28.075082515108004,2282,4.787081339712919
466,0.0754,-847.2076923076922,3.4975,5.014457831325301,70.51084337349397,779,132,24.833240429010722,2285,5.134939759036144
467,0.075,-877.3307692307692,3.8008333333333333,5.5758323057953145,72.3711467324291,755,136,23.274153206813978,2285,5.694204685573366
468,0.0745,-1072.069230769231,4.4816666666666665,6.371428571428571,74.1297619047619,788,133,32.892728229127755,2285,6.510714285714286
469,0.0741,-879.7153846153847,3.714166666666667,5.132250580046404,71.92343387470997,816,136,23.17351855820058,2287,5.266512166859791
470,0.0737,-821.2230769230769,3.6108333333333333,5.086186540731996,70.8642266824085,797,145,26.787656287106895,2287,5.198347107438017
471,0.0733,-726.3230769230769,3.1075,4.4667472793228535,70.05078597339782,786,136,15.191933234765509,2287,4.608222490931076
472,0.0729,-958.6615384615384,3.9833333333333334,5.625592417061611,71.97985781990522,779,133,26.313361361185326,2288,5.768957345971564
473,0.0725,-869.376923076923,3.6575,5.230769230769231,70.45432692307692,781,139,25.044675653623347,2288,5.361778846153846
474,0.0721,-805.5692307692307,3.3375,4.971214017521902,70.44430538172716,743,138,30.977868227616074,2288,5.113892365456821
475,0.0717,-963.3692307692307,4.0125,5.67497034400949,73.66073546856465,789,139,27.711734052744678,2288,5.842230130486358
476,0.0713,-909.053846153846,3.8116666666666665,5.298368298368298,71.58508158508158,799,136,32.21510963422765,2289,5.442890442890443
477,0.0709,-847.7384615384615,3.715,5.140371229698376,71.24361948955917,814,144,28.45371382532789,2290,5.292343387470997
478,0.0705,-831.5153846153846,3.5,4.798154555940023,70.66666666666667,812,140,25.211768266341117,2291,4.955017301038063
479,0.0701,-829.0307692307692,3.5575,5.040428061831153,69.87514863258026,786,141,31.47072623687839,2292,5.1807372175980975
480,0.0697,-759.3230769230769,3.2283333333333335,4.646489104116223,70.7953995157385,779,138,28.00959445910613,2292,4.778450363196126
481,0.0694,-865.5307692307692,3.578333333333333,5.410419313850063,70.90088945362135,735,135,28.011435781786336,2292,5.547649301143583
482,0.069,-920.1615384615385,3.8508333333333336,5.375878220140515,70.44730679156909,794,135,29.230987604724803,2294,5.516393442622951
483,0.0686,-916.6692307692307,3.756666666666667,5.224037339556593,71.68261376896149,812,132,32.3380256473035,2294,5.3745624270711785
484,0.0682,-861.2692307692307,3.58,5.436781609195402,72.45721583652617,735,135,25.564502627113065,2294,5.549169859514687
485,0.0678,-806.4307692307691,3.3758333333333335,4.895377128953771,72.85036496350365,766,136,13.581825010644428,2294,5.01338199513382
486,0.0675,-1031.0384615384617,4.25,6.031026252983294,74.03937947494033,794,133,28.888834678845658,2294,6.152744630071599
487,0.0671,-814.2461538461538,3.4275,4.859356376638856,71.47437425506556,780,141,21.561962297227915,2294,5.00119189511323
488,0.0667,-896.8076923076923,3.71,5.434355828220859,71.93742331288344,765,129,25.671773937188,2294,5.561963190184049
489,0.0664,-892.1923076923076,3.5925,5.091666666666667,71.32142857142857,777,131,29.407825772058448,2294,5.247619047619048
490,0.066,-929.0461538461537,3.9066666666666667,5.564439140811456,72.29832935560859,789,140,25.320401569051864,2294,5.686157517899761
491,0.0656,-895.7307692307693,3.888333333333333,5.555822328931573,71.94477791116446,784,144,32.54120219653054,2294,5.698679471788716
492,0.0653,-862.0307692307692,3.4908333333333332,5.070904645476773,71.260391198044,771,133,25.591845354688203,2295,5.196581196581197
493,0.0649,-827.9923076923077,3.3225,4.653755868544601,71.43779342723005,793,134,20.542496957443394,2295,4.780516431924883
494,0.0645,-761.8615384615384,3.305,4.940880503144654,70.53459119496856,741,142,25.25201675216333,2296,5.09811320754717
495,0.0642,-941.2923076923076,3.8366666666666664,5.784537389100127,71.72877059569075,729,131,31.937907596645974,2299,5.907477820025348
496,0.0638,-876.5615384615385,3.745833333333333,5.352941176470588,71.00240096038415,768,138,31.61085776046956,2303,5.504201680672269
497,0.0635,-782.9076923076923,3.2175,4.907692307692308,72.41025641025641,738,135,28.145218222624443,2304,5.030769230769231
498,0.0631,-914.7153846153846,3.6933333333333334,5.13785046728972,69.69859813084112,807,132,22.690337236965373,2304,5.271028037383178
499,0.0628,-857.6153846153846,3.7216666666666667,5.2565320665083135,71.05463182897863,794,139,22.534135339092103,2304,5.404988123515439
500,0.0624,-879.8923076923076,3.658333333333333,5.076923076923077,71.73659673659674,795,139,26.954641755622028,2305,5.2191142191142195
501,0.0621,-772.2307692307693,3.4008333333333334,4.813760379596679,72.18505338078292,790,149,28.721073431965436,2305,4.943127962085308
502,0.0617,-676.1076923076923,2.9758333333333336,4.337423312883436,70.68343558282209,766,141,19.26477536762107,2305,4.451533742331288
503,0.0614,-1023.7230769230771,4.160833333333334,5.743916570104288,71.92584009269989,810,132,33.26039897236683,2305,5.893518518518518
504,0.0611,-985.3307692307692,3.8441666666666667,5.730576441102757,72.91979949874687,751,126,36.934823387937996,2305,5.881101376720901
505,0.0607,-952.053846153846,3.970833333333333,5.6830732292917165,72.77551020408163,784,134,37.22524943560422,2306,5.8261390887290165
506,0.0604,-786.8846153846155,3.265833333333333,4.539719626168225,71.20911214953271,810,138,25.82319522179614,2307,4.700934579439252
507,0.06,-819.676923076923,3.4925,4.907910271546635,71.24675324675324,792,141,29.994964899749018,2308,5.036599763872491
508,0.0597,-780.0769230769231,3.2908333333333335,4.752727272727273,70.55757575757576,765,138,21.341356332915055,2310,4.905454545454545
509,0.0594,-822.8076923076922,3.390833333333333,4.889830508474576,71.05205811138015,783,131,28.827370700467906,2310,5.020581113801453
510,0.0591,-785.6923076923076,3.2383333333333333,4.671912832929782,70.58111380145279,773,132,26.89876925788672,2310,4.776029055690072
511,0.0587,-879.6461538461538,3.660833333333333,4.952326901248581,72.81838819523269,827,138,32.53445953966839,2310,5.097616345062429
512,0.0584,-818.5461538461539,3.4716666666666667,4.919047619047619,69.25119047619047,777,136,19.829950738779907,2310,5.069047619047619
513,0.0581,-866.4692307692308,3.6783333333333332,5.413878562577447,71.85254027261462,758,136,35.762392431129136,2312,5.554455445544554
514,0.0578,-734.553846153846,3.154166666666667,4.757921419518378,72.57287705956908,747,139,9.309702297303145,2312,4.886075949367089
515,0.0574,-866.5076923076922,3.6983333333333333,5.254761904761905,71.43571428571428,793,139,36.9001470866591,2315,5.382142857142857
516,0.0571,-778.4076923076924,3.203333333333333,4.80352644836272,69.28589420654912,747,131,19.140299970528364,2316,4.913098236775818
517,0.0568,-946.0615384615385,3.91,5.66747572815534,71.42961165048544,774,135,25.042714924685868,2318,5.810679611650485
518,0.0565,-869.3923076923077,3.8008333333333333,5.073825503355705,71.41275167785236,830,142,24.39862897055518,2318,5.223214285714286
519,0.0562,-797.676923076923,3.529166666666667,4.978698224852071,71.20591715976332,786,140,14.255222572052105,2318,5.111242603550296
520,0.0559,-1156.5923076923077,4.6725,6.768203883495145,75.08009708737865,780,129,40.770543484236455,2318,6.918689320388349
521,0.0556,-823.376923076923,3.4783333333333335,4.8913813459268,72.16410861865407,792,142,27.43572226699438,2320,5.037780401416765
522,0.0553,-827.9538461538461,3.585,5.143028846153846,73.59975961538461,794,141,27.469869833093018,2320,5.2920673076923075
523,0.0549,-802.9923076923078,3.4325,4.792497069167643,71.94607268464244,804,138,24.2712981004791,2321,4.960140679953106
524,0.0546,-941.0384615384614,3.9816666666666665,5.5568581477139505,70.33997655334115,801,139,31.51630427999704,2322,5.692848769050411
525,0.0543,-920.8076923076922,3.815,5.37396449704142,72.16686390532544,791,133,25.893608710809204,2323,5.511242603550296
526,0.054,-940.0461538461539,3.8825,5.742857142857143,72.05217391304348,760,131,37.55050790415667,2324,5.88944099378882
527,0.0537,-895.3076923076923,3.680833333333333,5.235364396654719,72.2520908004779,786,136,24.88854762333484,2324,5.362007168458781
528,0.0534,-936.1846153846154,3.890833333333333,5.7992471769134255,71.71016311166876,742,132,31.338056156674703,2324,5.934755332496863
529,0.0531,-894.2307692307693,3.6475,5.207185628742515,71.34610778443114,770,134,42.11033423583242,2325,5.3532934131736525
530,0.0529,-980.6153846153845,4.034166666666667,5.961538461538462,73.71960297766749,752,128,29.436836284986185,2325,6.093052109181142
531,0.0526,-1147.876923076923,4.61,6.9144654088050315,71.4691823899371,742,130,49.489401846083325,2327,7.047798742138365
532,0.0523,-1083.2615384615385,4.323333333333333,5.9479768786127165,71.60462427745665,817,135,42.22884394562232,2333,6.100578034682081
533,0.052,-957.4769230769232,3.8016666666666667,5.659176029962547,71.23720349563047,741,126,30.1758680392308,2333,5.810237203495631
534,0.0517,-1041.9153846153847,4.108333333333333,5.570615034168565,72.00569476082005,816,128,30.51097863613084,2334,5.723234624145786
535,0.0514,-934.4384615384615,4.05,5.694214876033058,72.46871310507674,788,138,34.3070800797745,2338,5.82172373081464
536,0.0511,-973.7923076923078,3.9925,5.688622754491018,73.92455089820359,791,129,26.617098906582793,2338,5.82874251497006
537,0.0508,-1005.1,4.016666666666667,5.971214017521902,72.45056320400501,743,126,34.55179837381875,2339,6.100125156445557
538,0.0506,-1190.7076923076925,4.658333333333333,6.799019607843137,74.5171568627451,767,126,43.04173556928636,2341,6.932598039215686
539,0.0503,-838.423076923077,3.6141666666666667,5.339130434782609,70.5391304347826,756,140,25.234454871133085,2342,5.48695652173913
540,0.05,-1312.9846153846154,5.058333333333334,7.238895558223289,71.84033613445378,785,117,43.590188109195246,2343,7.348139255702281
541,0.05,-1118.946153846154,4.444166666666667,6.411622276029056,73.58958837772397,778,125,36.93945223553569,2346,6.560532687651332
542,0.05,-921.7692307692307,3.819166666666667,5.188141391106043,72.09920182440136,814,133,25.351986485453445,2346,5.310148232611175
543,0.05,-1006.1461538461539,4.2125,5.98450536352801,73.51728247914184,794,130,29.944181820229886,2346,6.171632896305125
544,0.05,-869.3384615384614,3.5,4.92080378250591,73.07801418439716,794,130,22.710339853509552,2347,5.078014184397163
545,0.05,-969.7307692307693,3.8316666666666666,5.687032418952619,71.83291770573567,754,125,37.62813646909312,2351,5.815461346633416
546,0.05,-1190.4384615384615,4.685,6.386727688787185,73.91533180778032,821,123,38.96543574631794,2355,6.513142857142857
547,0.05,-1105.5,4.364166666666667,6.341047503045067,72.05481120584653,774,125,34.413158527264656,2357,6.489646772228989
548,0.05,-991.2538461538462,4.020833333333333,6.179354838709678,74.55870967741936,730,127,47.913482792983395,2360,6.325161290322581
549,0.05,-979.0692307692308,3.9433333333333334,5.456445993031359,72.65621370499419,811,131,30.13117710261648,2360,5.59349593495935
550,0.05,-1195.1153846153848,4.795833333333333,6.599769319492503,74.65282583621683,814,127,45.136931331637335,2360,6.750865051903114
551,0.05,-941.4000000000001,3.92,5.614645858343337,70.5906362545018,768,137,25.899700568566423,2360,5.7370948379351745
552,0.05,-1005.8307692307692,3.9258333333333333,5.654171704957679,70.70253929866989,779,124,27.83285564373628,2361,5.794685990338165
553,0.05,-921.5230769230768,3.7408333333333332,5.640151515151516,72.17171717171718,738,129,33.56882036970117,2361,5.781565656565657
554,0.05,-955.9,3.910833333333333,5.777639751552795,72.50931677018633,754,130,20.098460806469284,2361,5.920496894409938
555,0.05,-704.7846153846153,3.1758333333333333,4.443661971830986,70.1244131455399,800,148,20.32735757981207,2361,4.562206572769953
556,0.05,-977.7692307692308,4.1175,5.895558223289315,74.6782713085234,765,134,31.78073262782857,2361,6.024009603841536
557,0.05,-737.0846153846153,3.154166666666667,4.834190231362468,70.58226221079691,736,140,21.908190841814942,2361,4.93573264781491
558,0.05,-1017.9307692307692,4.27,5.85632183908046,72.13793103448276,804,139,26.323134768011894,2361,5.989655172413793
559,0.05,-1153.8307692307692,4.67,6.351598173515982,74.13470319634703,820,129,29.968831189181245,2361,6.505707762557078
560,0.05,-854.4769230769232,3.5033333333333334,5.137931034482759,72.68596059113301,776,129,24.719510039319825,2361,5.246305418719212
561,0.05,-836.2,3.4908333333333332,5.076923076923077,72.45299145299145,768,133,31.19828944777207,2362,5.221951219512195
562,0.05,-822.5999999999999,3.5675,5.061904761904762,70.52738095238095,783,140,22.324505200052492,2363,5.183333333333334
563,0.05,-760.9153846153847,3.2816666666666667,5.007692307692308,72.2102564102564,736,141,17.389285376677936,2363,5.134443021766965
564,0.05,-961.7769230769231,3.8666666666666667,5.618004866180049,70.28710462287104,766,132,33.25813514934027,2364,5.737226277372263
565,0.05,-981.4,4.059166666666667,5.894031668696711,72.36175395858709,763,135,21.44795488256585,2364,6.018270401948842
566,0.05,-956.5923076923077,3.9408333333333334,5.516470588235294,71.86823529411765,792,128,19.962553233312967,2364,5.657647058823529
567,0.05,-945.5846153846153,3.8666666666666667,5.552472858866103,72.96501809408926,777,131,29.778544619079142,2364,5.670687575392039
568,0.05,-886.4384615384615,3.714166666666667,5.501246882793017,71.70324189526184,742,131,24.964386449851183,2364,5.65211970074813
569,0.05,-885.7846153846153,3.7358333333333333,5.059158134243458,73.51422070534699,832,140,18.58204245455532,2365,5.196814562002276
570,0.05,-977.0538461538462,3.924166666666667,5.6987804878048784,71.33536585365853,781,131,22.958040484535402,2365,5.829268292682927
571,0.05,-1026.9384615384615,4.225,5.863953488372093,70.81976744186046,791,133,34.77225009147359,2367,6.015116279069767
572,0.05,-1047.4923076923078,4.215833333333333,5.853146853146853,72.67132867132867,806,131,30.87383778327882,2367,5.9906759906759905
573,0.05,-964.5153846153846,3.9766666666666666,5.533411488862837,69.90269636576788,787,131,23.044310104208442,2367,5.669402110199297
574,0.05,-750.4384615384615,3.2908333333333335,4.818965517241379,69.89778325123153,761,144,21.876649672013446,2367,4.929802955665025
575,0.05,-794.6692307692307,3.3858333333333333,5.059045226130653,71.3605527638191,734,139,23.729252470336473,2367,5.194723618090452
576,0.05,-841.5076923076923,3.7383333333333333,5.296428571428572,71.12619047619047,785,142,20.670567290941968,2367,5.419047619047619
577,0.05,-941.1230769230768,3.9408333333333334,5.690157958687728,73.38517618469015,774,137,29.65443384814698,2367,5.842041312272175
578,0.05,-1054.2384615384615,4.243333333333333,6.135757575757576,72.81939393939393,783,127,50.97772738965462,2367,6.281212121212121
579,0.05,-897.8692307692307,3.665,5.29939393939394,73.09818181818181,770,134,21.34122833709143,2368,5.4351515151515155
580,0.05,-1131.730769230769,4.680833333333333,6.791970802919708,74.2956204379562,773,133,32.129125411962264,2370,6.924574209245742
581,0.05,-890.6076923076922,3.7,5.438423645320197,72.67733990147784,756,132,33.470898676245355,2371,5.580049261083744
582,0.05,-1010.3076923076922,4.0575,5.637529137529137,72.88694638694639,806,133,25.508566507248556,2371,5.778554778554779
583,0.05,-847.0846153846153,3.6725,5.012600229095074,70.89461626575029,810,142,27.82211346311562,2371,5.139747995418099
584,0.05,-1077.1384615384613,4.4,6.049653579676674,74.1593533487298,821,129,35.234894155333116,2371,6.176674364896074
585,0.05,-1012.6538461538462,3.9858333333333333,5.761846901579587,73.4131227217497,777,130,32.38343365878397,2371,5.929526123936816
586,0.05,-1002.0999999999999,3.9391666666666665,6.0218508997429305,71.7866323907455,733,127,30.491725240799166,2371,6.154241645244216
587,0.05,-903.9307692307693,3.75,5.107428571428572,73.51885714285714,829,137,17.864074387966053,2371,5.228571428571429
588,0.05,-1027.3461538461538,4.149166666666667,5.890476190476191,72.89761904761905,783,127,26.779128952320242,2373,6.016666666666667
589,0.05,-1015.9076923076924,4.2425,6.004750593824228,70.56175771971496,794,136,23.177819863899643,2373,6.155581947743468
590,0.05,-948.5923076923077,3.7725,5.525215252152521,71.77736777367774,761,129,23.845287053196888,2374,5.639606396063961
591,0.05,-912.9615384615386,3.694166666666667,5.538364779874214,72.27421383647798,751,124,23.340147144945387,2374,5.646540880503145
592,0.05,-988.776923076923,4.089166666666666,5.848920863309353,72.7673860911271,774,130,30.157856066817825,2374,5.982014388489208
593,0.05,-928.9846153846154,3.875,5.607533414337788,71.90643985419199,777,136,25.4069558859408,2374,5.7630619684082625
594,0.05,-1009.4615384615386,4.015,6.096815286624204,74.19490445859873,747,126,41.64865800858726,2374,6.243002544529262
595,0.05,-727.9230769230769,3.2525,4.631264916467781,70.46778042959427,782,147,25.037916775769435,2376,4.743436754176611
596,0.05,-1076.246153846154,4.3375,6.223826714801444,73.90012033694344,784,129,36.90662870544149,2376,6.348977135980746
597,0.05,-959.0999999999999,4.123333333333333,5.8697729988052565,72.60454002389486,792,134,28.362529981269198,2376,6.032258064516129
598,0.05,-891.8076923076923,3.6325,5.510204081632653,70.0420918367347,736,130,23.535884629588793,2377,5.627551020408164
599,0.05,-907.9923076923078,3.7108333333333334,5.269689737470167,72.9128878281623,781,129,28.13706666237811,2378,5.405727923627685
600,0.05,-1257.8615384615382,5.0625,7.005800464037123,73.83758700696056,793,128,50.51789710059571,2382,7.120649651972157
601,0.05,-892.9153846153847,3.765,5.0,69.99442586399108,838,140,24.682510114494253,2382,5.1404682274247495
602,0.05,-1097.8307692307694,4.460833333333333,6.092783505154639,73.18213058419244,830,128,36.30138072278066,2382,6.235967926689576
603,0.05,-877.1153846153845,3.8425,5.720551378446116,70.10401002506266,745,143,24.088160471904658,2382,5.848560700876095
604,0.05,-826.8,3.3825,4.858866103739445,71.51628468033776,787,131,33.17380473865827,2383,4.985524728588661
605,0.05,-1001.9461538461538,4.22,5.923349056603773,73.16509433962264,804,136,20.773208669663227,2383,6.04127358490566
606,0.05,-889.2384615384615,3.6558333333333333,5.113849765258216,71.26643192488262,792,137,23.368002402547276,2385,5.261737089201878
607,0.05,-865.4230769230769,3.7075,5.302884615384615,72.34134615384616,788,139,29.39559061375803,2385,5.420673076923077
608,0.05,-854.2692307692308,3.5975,4.934331797235023,70.88248847926268,823,140,25.739359501992265,2385,5.109447004608295
609,0.05,-942.5615384615385,3.8775,5.446407538280329,71.70435806831567,801,135,23.084724242394554,2385,5.579505300353357
610,0.05,-1016.5923076923077,4.2175,6.083434099153567,73.19951632406288,791,132,39.5680004448236,2387,6.204353083434099
611,0.05,-1052.253846153846,4.479166666666667,6.0225225225225225,73.65878378378379,834,140,39.99924143976497,2388,6.184476940382452
612,0.05,-992.9230769230771,4.105,5.821428571428571,71.33690476190476,774,129,27.950435398589708,2388,5.975
613,0.05,-989.9615384615385,4.035833333333334,5.705463182897862,71.79334916864607,786,129,34.71059660901945,2388,5.830166270783848
614,0.05,-988.1307692307691,3.9925,5.652794292508918,71.83234244946492,779,131,26.59916298609433,2389,5.775267538644471
615,0.05,-929.5384615384615,3.7675,5.450242718446602,72.32038834951456,778,134,24.71688572621474,2389,5.572815533980583
616,0.05,-863.3692307692307,3.6083333333333334,5.217496962332929,72.24665856622114,775,140,21.57861906724048,2390,5.359659781287971
617,0.05,-950.4846153846154,3.9316666666666666,5.540828402366864,72.57278106508876,794,133,25.012864788295897,2390,5.700591715976332
618,0.05,-1154.9615384615386,4.57,6.485101311084625,72.17997616209773,780,123,45.50119220550028,2395,6.615017878426698
619,0.05,-786.7307692307693,3.3125,4.983544303797468,70.56455696202532,743,134,17.913062285794393,2397,5.110126582278481
620,0.05,-853.1846153846154,3.5083333333333333,5.251572327044025,72.9132075471698,741,132,25.041207401960445,2397,5.383165829145729
621,0.05,-949.7,3.8891666666666667,5.660954712362301,73.59485924112607,750,124,26.262627504512686,2398,5.794369645042839
622,0.05,-1049.5692307692307,4.256666666666667,6.107228915662651,71.62289156626505,775,132,24.53650497318756,2398,6.248192771084337
623,0.05,-944.8461538461538,3.9491666666666667,5.522914218566393,72.64512338425382,786,138,32.763174477898595,2399,5.659224441833137
624,0.05,-931.7923076923076,3.9541666666666666,5.675903614457831,72.53614457831326,783,142,26.030383626475228,2399,5.8108433734939755
625,0.05,-1056.3076923076924,4.275833333333333,5.8175598631698975,70.27708095781072,828,136,31.386593676713726,2401,5.95096921322691
626,0.05,-785.0153846153846,3.5725,5.007067137809187,71.63839811542992,806,148,23.61100523253741,2401,5.168433451118964
627,0.05,-918.6461538461539,3.7041666666666666,5.270883054892601,71.68735083532219,781,130,21.360038272903115,2401,5.406921241050119
628,0.05,-996.0076923076923,3.966666666666667,5.5729411764705885,72.03764705882352,804,132,26.254740031451355,2401,5.734117647058824
629,0.05,-878.8461538461538,3.7091666666666665,5.22603550295858,71.38224852071006,791,138,27.836931388090928,2401,5.3810650887573965
630,0.05,-1038.5153846153844,4.1875,6.159259259259259,72.78271604938271,757,131,31.48868518725195,2402,6.322222222222222
631,0.05,-907.4,3.6925,5.33252427184466,71.50728155339806,767,129,23.541292815168052,2402,5.462378640776699
632,0.05,-830.0230769230768,3.5675,5.155339805825243,71.46723300970874,779,139,22.294526080624536,2402,5.29126213592233
633,0.05,-861.5230769230769,3.6266666666666665,5.096812278630461,71.55726092089728,798,135,28.804026576258167,2402,5.250295159386068
634,0.05,-1148.8153846153846,4.614166666666667,6.450175849941384,74.1453692848769,806,131,46.44351582688504,2403,6.5978898007034
635,0.05,-684.8692307692307,3.065,4.439854191980559,68.99878493317132,765,146,29.077142782300086,2403,4.563791008505468
636,0.05,-838.5999999999999,3.5683333333333334,5.136473429951691,71.86835748792271,769,142,19.454383603264823,2404,5.309178743961352
637,0.05,-1025.8846153846155,4.1975,6.0765492102065615,73.75820170109355,767,132,47.348653662944486,2407,6.226002430133657
638,0.05,-823.9000000000001,3.4,5.094458438287154,71.08942065491183,742,134,25.522748804948016,2407,5.231738035264484
639,0.05,-911.6076923076923,3.745833333333333,5.550995024875622,72.01865671641791,758,133,27.838957324742097,2409,5.682835820895522
640,0.05,-773.8230769230769,3.375,5.08745247148289,71.92902408111533,742,142,27.00562376113935,2409,5.233206590621039
641,0.05,-907.6153846153846,3.904166666666667,5.442105263157894,72.92280701754386,807,141,21.778416756580008,2409,5.605847953216374
642,0.05,-1032.9692307692308,4.128333333333333,6.067985166872682,71.67861557478368,757,128,42.880491651133006,2410,6.202719406674907
643,0.05,-829.4923076923077,3.4583333333333335,5.220812182741117,71.30456852791878,747,136,25.810898184514908,2411,5.350253807106599
644,0.05,-1030.0076923076922,4.401666666666666,6.140515222482436,71.47775175644028,808,138,35.850269680988646,2412,6.3009367681498825
645,0.05,-817.5307692307692,3.5858333333333334,5.163240628778718,71.66384522370012,778,145,29.241563947584,2412,5.313180169286578
646,0.05,-1099.7615384615383,4.450833333333334,6.546913580246914,73.32962962962964,762,130,33.98026709119378,2412,6.658024691358024
647,0.05,-1070.123076923077,4.254166666666666,6.374371859296482,72.62311557788945,728,128,29.203849487585078,2413,6.525125628140704
648,0.05,-890.7538461538461,3.7191666666666667,5.398294762484775,72.08891595615104,777,139,17.91973956715976,2413,5.531059683313033
649,0.05,-917.4692307692308,3.7683333333333335,5.500611995104039,71.87392900856793,760,135,15.879967932992507,2413,5.624694376528117
650,0.05,-1015.4230769230769,4.2283333333333335,6.045673076923077,71.68028846153847,782,131,30.444184347674632,2414,6.163461538461538
651,0.05,-883.1153846153845,3.7066666666666666,5.135040745052386,71.0605355064028,805,135,22.790778001563737,2414,5.273255813953488
652,0.05,-1009.1846153846154,4.069166666666667,5.800720288115246,72.4357743097239,787,134,27.993067798499418,2414,5.960384153661464
653,0.05,-943.553846153846,4.095833333333333,5.609195402298851,74.00804597701149,819,139,28.330253573259775,2414,5.766666666666667
654,0.05,-826.5384615384615,3.5975,5.181598062953995,72.19370460048427,783,141,25.715703058921484,2414,5.3075060532687655
655,0.05,-986.3692307692309,4.086666666666667,5.777645659928656,74.0986920332937,786,130,27.116004193772167,2414,5.925089179548157
656,0.05,-1026.5538461538463,4.134166666666666,5.868891537544696,73.2777115613826,790,128,34.4124602401081,2415,6.035756853396901
657,0.05,-1137.8384615384616,4.611666666666666,6.527380952380953,73.86071428571428,788,123,39.132668858422676,2416,6.692857142857143
658,0.05,-951.6999999999999,4.023333333333333,5.808484848484849,71.59515151515151,770,138,24.60954078482404,2416,5.932203389830509
659,0.05,-1018.8384615384616,4.47,6.162224797219004,74.26882966396292,817,140,21.699495779644444,2416,6.294322132097335
660,0.05,-1081.1,4.678333333333334,6.433679354094579,75.54901960784314,815,138,34.593997395842244,2417,6.549019607843137
661,0.05,-1002.3076923076924,4.07,5.906211936662607,70.98660170523752,753,133,24.294193006835176,2418,6.059683313032886
662,0.05,-733.8923076923077,3.370833333333333,4.6343713956170705,70.57324106113033,813,152,12.847443922948313,2418,4.768166089965398
663,0.05,-837.553846153846,3.6275,5.231234866828087,70.76876513317191,758,142,30.049002918063284,2418,5.3607748184019375
664,0.05,-998.2923076923078,3.8608333333333333,5.424028268551237,72.50058892815076,801,125,25.862289959957575,2420,5.5583038869257955
665,0.05,-807.6692307692308,3.4541666666666666,5.255754475703325,74.15217391304348,745,137,24.010293751327907,2420,5.396419437340153
666,0.05,-920.6692307692306,3.716666666666667,5.192488262910798,73.35680751173709,799,134,19.606774457785882,2420,5.332159624413146
667,0.05,-916.223076923077,3.7916666666666665,5.518337408312958,72.71515892420538,764,135,25.382096996543243,2420,5.707823960880195
668,0.05,-843.9923076923077,3.674166666666667,5.190023752969121,71.7874109263658,787,137,15.978843063069693,2420,5.3087885985748215
669,0.05,-945.3076923076923,3.9008333333333334,5.681318681318682,71.87789987789988,767,135,19.943058541459635,2420,5.813186813186813
670,0.05,-856.9923076923077,3.5258333333333334,5.055421686746988,70.87349397590361,777,140,26.627977617793327,2420,5.218072289156627
671,0.05,-798.9230769230769,3.3475,4.854191980558931,70.22721749696234,757,140,27.575832156566307,2421,4.9696233292831105
672,0.05,-958.2461538461539,4.065,5.669005847953216,73.95906432748538,795,138,34.029863274566615,2422,5.83625730994152
673,0.05,-904.323076923077,3.973333333333333,5.771672771672772,73.15262515262515,776,141,40.33311050902312,2424,5.896341463414634
674,0.05,-1029.0846153846153,4.126666666666667,5.990267639902676,72.01459854014598,769,129,38.81884608305515,2425,6.109489051094891
675,0.05,-801.7307692307693,3.285,4.644815256257449,71.94874851013111,788,137,22.185680892754274,2425,4.814064362336114
676,0.05,-1114.253846153846,4.511666666666667,6.508474576271187,74.11985472154964,787,126,38.733026866137685,2425,6.708232445520581
677,0.05,-914.4692307692308,3.9725,5.475694444444445,71.58333333333333,804,142,32.854298304899956,2426,5.619212962962963
678,0.05,-1041.8076923076924,4.2316666666666665,5.914419695193435,71.76670574443142,810,130,32.12546516278613,2426,6.033997655334115
679,0.05,-837.3153846153846,3.3991666666666664,4.760895170789164,70.18256772673733,795,136,22.100420025153394,2426,4.899882214369847
680,0.05,-993.3692307692309,3.8916666666666666,5.648780487804878,73.54146341463415,759,124,30.40235951737184,2427,5.7890243902439025
681,0.05,-979.7692307692308,3.966666666666667,5.602609727164888,72.76868327402136,794,129,37.27797832659623,2429,5.747330960854092
682,0.05,-968.6153846153845,3.8225,5.4290822407628125,72.43146603098927,795,133,26.15691335054595,2429,5.548809523809524
683,0.05,-1009.0,4.298333333333333,6.12814371257485,72.94610778443113,797,137,33.17825167684106,2429,6.231137724550898
684,0.05,-828.1846153846154,3.6441666666666666,5.5082592121982215,72.2312579415502,738,144,23.781496228099435,2429,5.641677255400254
685,0.05,-1037.230769230769,4.223333333333334,5.779310344827586,72.96091954022988,813,132,27.22235998364964,2429,5.93448275862069
686,0.05,-900.4615384615385,3.783333333333333,5.284705882352942,71.24705882352941,796,136,17.897514804795406,2429,5.415294117647059
687,0.05,-983.9769230769232,3.8608333333333333,5.638922888616891,70.92288861689107,753,128,32.7692496166691,2430,5.7649938800489595
688,0.05,-960.2615384615383,4.02,5.935643564356436,73.05321782178218,767,133,23.6037998463596,2430,6.066831683168317
689,0.05,-954.0769230769231,3.7075,5.641123882503193,72.01149425287356,738,122,16.60996597456523,2430,5.745849297573436
690,0.05,-723.1,3.225,4.569725864123957,67.89988081048868,785,146,14.148864596803147,2430,4.693682955899881
691,0.05,-920.123076923077,3.7266666666666666,5.227326266195524,72.91283863368669,791,133,26.78762256212123,2430,5.381625441696113
692,0.05,-919.4692307692308,3.7616666666666667,5.410132689987937,72.3534378769602,781,132,23.036519424984842,2430,5.579010856453558
693,0.05,-1028.876923076923,4.125,5.9313253012048195,73.15903614457831,775,127,28.189308392683444,2430,6.062650602409638
694,0.05,-914.8538461538462,3.9775,5.654761904761905,71.45119047619048,791,138,25.577469461494765,2430,5.8011904761904765
695,0.05,-826.3,3.620833333333333,5.303329223181258,72.76202219482121,766,138,18.903494726367178,2430,5.44019728729963
696,0.05,-1039.1615384615384,4.328333333333333,6.2967032967032965,73.03296703296704,767,130,38.569372654808774,2430,6.442002442002442
697,0.05,-998.7923076923076,4.055833333333333,5.8914634146341465,72.72195121951219,768,133,35.375079435290516,2430,6.025609756097561
698,0.05,-775.9,3.3716666666666666,4.789034564958284,70.58998808104887,779,145,13.354411565908062,2430,4.934445768772348
699,0.05,-906.123076923077,3.8108333333333335,5.605425400739827,73.96177558569667,768,133,26.585479517803105,2430,5.743526510480888
700,0.05,-910.9461538461538,3.7325,5.444852941176471,69.93504901960785,768,130,21.80483609582932,2431,5.5625
701,0.05,-973.846153846154,3.924166666666667,5.75462392108508,74.28729963008631,759,128,31.967176726096508,2431,5.87422934648582
702,0.05,-865.6615384615385,3.8716666666666666,5.301149425287356,72.62413793103448,822,146,17.96772523975657,2431,5.4574712643678165
703,0.05,-902.0999999999999,3.908333333333333,5.572455089820359,71.86826347305389,782,145,20.37995236392615,2433,5.711377245508982
704,0.05,-839.2538461538461,3.4458333333333333,4.930288461538462,71.06129807692308,775,132,22.640994851807072,2433,5.060096153846154
705,0.05,-790.5692307692307,3.470833333333333,5.092707045735476,72.73918417799753,773,140,20.37571473392136,2433,5.226205191594561
706,0.05,-846.6384615384616,3.828333333333333,5.265282583621684,71.06574394463668,823,148,23.059550951568365,2433,5.392156862745098
707,0.05,-886.0384615384614,3.7916666666666665,5.634663341645886,73.73815461346634,758,134,22.890192743916124,2433,5.7658779576587795
708,0.05,-1003.0692307692308,4.338333333333333,6.114792899408284,73.14556213017751,795,139,30.717895870847524,2434,6.279289940828402
709,0.05,-895.2384615384616,3.816666666666667,5.4596871239470515,71.57761732851985,778,138,23.450756908358134,2435,5.592057761732852
710,0.05,-1009.3000000000002,4.148333333333333,5.94705174488568,72.44645006016847,785,135,28.190572497510384,2435,6.067388688327316
711,0.05,-884.6923076923076,3.839166666666667,5.562575941676792,71.85662211421628,765,143,20.4354915678285,2436,5.712029161603888
712,0.05,-959.123076923077,4.190833333333333,5.86150234741784,73.18896713615024,791,138,24.80267668412958,2436,6.011737089201878
713,0.05,-848.7076923076925,3.533333333333333,5.078597339782346,72.84522370012093,774,129,22.590017649637904,2438,5.2273276904474
714,0.05,-963.8,3.796666666666667,5.512851897184823,71.94492044063648,756,135,28.283482694503526,2438,5.6450428396572825
715,0.05,-961.6461538461538,4.003333333333333,5.554132712456345,72.9988358556461,814,137,28.383001407158435,2438,5.690697674418605
716,0.05,-1175.6538461538462,4.620833333333334,6.543297746144721,71.90628706998814,778,123,40.92635336282741,2439,6.698695136417556
717,0.05,-889.0769230769231,3.7675,5.294811320754717,70.2122641509434,794,138,19.956929957765027,2439,5.40683962264151
718,0.05,-844.5384615384614,3.4975,5.252525252525253,73.74116161616162,741,130,34.8327148485094,2440,5.372474747474747
719,0.05,-816.2692307692308,3.2616666666666667,4.891551071878941,71.9281210592686,743,133,28.19386408217962,2440,5.055485498108449
720,0.05,-982.5,4.1625,5.619750283768445,70.79568671963678,822,137,31.58130018245028,2440,5.771850170261067
721,0.05,-894.2538461538461,3.5866666666666664,5.123501199040767,71.0959232613909,777,132,37.12662228767497,2441,5.270983213429257
722,0.05,-818.8384615384616,3.5533333333333332,4.900462962962963,69.0,804,141,13.982650494203211,2441,5.024305555555555
723,0.05,-1102.7384615384615,4.4475,6.4755501222493885,72.41320293398533,759,128,31.90153941744352,2442,6.601466992665037
724,0.05,-992.0615384615385,4.0408333333333335,6.007481296758105,70.9713216957606,755,136,32.77402765075343,2446,6.123287671232877
725,0.05,-885.2153846153847,3.665,5.412128712871287,72.12252475247524,767,133,28.769427874514005,2446,5.547029702970297
726,0.05,-1197.5,4.733333333333333,6.84969696969697,73.2278787878788,769,128,43.41532522312738,2447,6.958787878787879
727,0.05,-954.9307692307692,3.9383333333333335,5.5790725326991675,74.2116527942925,805,134,23.288917025139412,2447,5.703923900118906
728,0.05,-954.8230769230769,3.9975,5.67818831942789,72.08581644815256,794,141,28.655233643807442,2447,5.8319427890345645
729,0.05,-1004.8846153846154,4.116666666666666,5.7579318448883665,75.48296122209166,797,128,25.464884947379176,2447,5.91421856639248
730,0.05,-948.6538461538462,3.825833333333333,5.286875725900116,71.07665505226481,811,129,25.388866566129174,2447,5.4157955865272935
731,0.05,-973.1153846153846,4.140833333333333,5.8654761904761905,72.375,789,137,26.305219782593,2447,6.021428571428571
732,0.05,-849.776923076923,3.445,5.184343434343434,71.70959595959596,744,128,24.88659923845549,2448,5.318181818181818
733,0.05,-734.9846153846154,2.986666666666667,4.319174757281553,70.66383495145631,767,136,23.614333181577777,2448,4.439320388349515
734,0.05,-841.3846153846154,3.515,4.906432748538012,70.60701754385966,800,137,39.6553715137555,2448,5.053738317757009
735,0.05,-939.1923076923076,3.7525,5.318668252080856,73.45303210463733,790,129,27.238499844709974,2448,5.475624256837099
736,0.05,-1072.230769230769,4.2283333333333335,6.115291262135922,72.83616504854369,782,126,31.176688325232483,2448,6.239077669902913
737,0.05,-889.1461538461539,3.59,5.195625759416768,70.97812879708384,766,129,23.312146579727276,2449,5.339003645200486
738,0.05,-854.4153846153846,3.4483333333333333,5.025703794369645,70.46144430844554,766,127,20.237476610162236,2449,5.173806609547124
739,0.05,-954.0384615384614,3.941666666666667,5.5188235294117645,71.0635294117647,802,133,26.37198558608631,2449,5.684705882352941
740,0.05,-766.1153846153846,3.3233333333333333,4.989911727616645,70.72005044136192,746,138,21.749020254906256,2449,5.12484237074401
741,0.05,-830.0230769230769,3.4225,5.063432835820896,71.22885572139303,748,133,24.791094334422382,2449,5.195273631840796
742,0.05,-937.0769230769231,3.9191666666666665,5.408564814814815,72.72800925925925,802,137,18.91382938870232,2449,5.546296296296297
743,0.05,-896.8076923076924,3.7533333333333334,5.244131455399061,70.86854460093896,781,134,18.646152800578427,2450,5.393192488262911
744,0.05,-897.4538461538461,3.683333333333333,5.48314606741573,73.61423220973782,753,133,34.582414893179866,2452,5.627965043695381
745,0.05,-831.3307692307692,3.4008333333333334,5.032258064516129,72.06451612903226,767,134,16.39174545415347,2452,5.1575682382134
746,0.05,-829.2307692307693,3.4391666666666665,4.928915662650603,70.0566265060241,787,140,19.054096976253543,2452,5.054216867469879
747,0.05,-771.7307692307693,3.2891666666666666,4.743030303030303,69.96848484848485,779,140,24.53186218416546,2452,4.877575757575758
748,0.05,-958.5923076923077,4.181666666666667,6.0843520782396086,73.34596577017115,765,142,31.561400837227193,2453,6.211491442542787
749,0.05,-1073.5461538461539,4.454166666666667,6.247641509433962,74.19221698113208,791,133,29.156532679983385,2453,6.40566037735849
750,0.05,-845.7923076923078,3.779166666666667,5.362336114421931,71.86293206197854,792,144,29.55880590956806,2454,5.506555423122765
751,0.05,-967.6538461538462,3.9133333333333336,6.023285899094438,71.9366106080207,730,134,42.88985546254704,2455,6.14359637774903
752,0.05,-958.2615384615384,3.8408333333333333,5.755974842767295,72.38238993710692,754,127,27.668626281907713,2455,5.8830188679245285
753,0.05,-969.3538461538462,4.0625,5.659649122807018,71.96842105263158,801,139,24.53856063981275,2455,5.795321637426901
754,0.05,-885.1769230769231,3.7083333333333335,5.352727272727273,71.92121212121212,771,139,15.429221030752103,2455,5.496969696969697
755,0.05,-903.8923076923077,3.6191666666666666,5.133492252681764,71.53754469606675,798,135,15.347458003718138,2455,5.2630952380952385
756,0.05,-659.6692307692308,2.8641666666666667,4.325285895806862,71.39390088945362,749,142,11.586005388752126,2455,4.456162642947904
757,0.05,-863.5384615384615,3.6025,5.251225490196078,72.32598039215686,755,134,19.368644152946516,2455,5.384803921568627
758,0.05,-780.5846153846154,3.441666666666667,5.145911949685535,71.75849056603774,751,138,27.61772180213303,2455,5.251572327044025
759,0.05,-930.7076923076924,3.785833333333333,5.584158415841584,73.64356435643565,760,131,27.51101607898496,2457,5.716584158415841
760,0.05,-879.4307692307692,3.5683333333333334,5.0011750881316095,72.61222091656875,797,131,24.62346018895462,2458,5.1280846063454755
761,0.05,-913.8230769230769,3.805,5.450060168471721,71.8086642599278,776,128,30.497226230599253,2458,5.596871239470517
762,0.05,-739.0,3.1841666666666666,4.557831325301205,70.57710843373494,785,137,13.103620725142676,2458,4.6819277108433734
763,0.05,-919.9307692307692,3.885,5.792240300375469,74.18648310387985,749,134,26.776779480272907,2458,5.933667083854819
764,0.05,-1035.7230769230769,4.318333333333333,6.11520190023753,73.00356294536817,798,132,22.464317032926317,2458,6.250593824228028
765,0.05,-801.8692307692309,3.4716666666666667,4.625279642058166,69.51677852348993,840,146,32.11693382693395,2459,4.7774049217002235
766,0.05,-935.9461538461538,4.035,5.45124716553288,72.54648526077098,824,136,31.520214111733644,2459,5.619047619047619
767,0.05,-872.3923076923077,3.4925,5.16044776119403,72.22512437810946,762,126,21.075269735450544,2459,5.268656716417911
768,0.05,-956.4,3.9658333333333333,5.66546762589928,72.57434052757793,770,130,34.84536040892293,2461,5.793764988009593
769,0.05,-839.9923076923077,3.5683333333333334,5.076372315035799,71.54295942720763,790,134,23.45101809239629,2461,5.192124105011933
770,0.05,-903.0076923076923,3.6216666666666666,5.124703087885986,72.51187648456057,795,128,19.912088335171113,2461,5.262470308788599
771,0.05,-757.4153846153846,3.171666666666667,4.559854897218863,70.43893591293833,776,138,21.05290948833225,2461,4.7061668681983075
772,0.05,-1059.9692307692308,4.265,5.673743016759777,72.01340782122905,837,132,33.73534449375666,2461,5.802234636871509
773,0.05,-924.2,3.9091666666666667,5.673170731707317,72.52073170731707,767,138,35.94721408840483,2461,5.81973203410475
774,0.05,-1115.4153846153845,4.536666666666667,6.340350877192982,72.32865497076024,799,133,33.973593083010726,2461,6.508771929824562
775,0.05,-734.0769230769231,3.4225,4.762573099415205,70.96140350877192,809,154,18.953445134865692,2461,4.888888888888889
776,0.05,-884.6538461538462,3.756666666666667,5.432038834951456,72.0618932038835,777,142,25.65879769173499,2461,5.570388349514563
777,0.05,-768.4076923076923,3.2941666666666665,4.7630619684082625,69.38639125151883,767,140,27.56956464774857,2461,4.864077669902913
778,0.05,-838.3769230769232,3.5633333333333335,5.234567901234568,72.3246913580247,764,139,19.172945902382285,2461,5.374074074074074
779,0.05,-753.6923076923076,3.2641666666666667,4.447368421052632,71.29862700228833,813,145,17.639716037748506,2461,4.620137299771167
780,0.05,-951.8923076923077,3.8425,5.374853113983549,72.56756756756756,802,131,25.568069573269177,2461,5.521739130434782
781,0.05,-740.8076923076923,3.183333333333333,4.6547911547911545,71.42137592137593,762,135,25.247924739729125,2462,4.782555282555283
782,0.05,-770.553846153846,3.1666666666666665,4.51500600240096,70.937575030012,790,138,14.710823384116365,2462,4.642685851318944
783,0.05,-868.8846153846155,3.4875,4.987995198079232,70.92196878751501,782,134,20.84751516146206,2463,5.144057623049219
784,0.05,-968.5,4.14,5.483333333333333,71.55222222222223,849,136,20.971472252401313,2463,5.637777777777778
785,0.05,-874.2615384615385,3.720833333333333,5.516169154228856,73.72139303482587,751,134,21.386436669508285,2463,5.662935323383085
786,0.05,-832.1076923076923,3.368333333333333,4.884428223844282,70.15815085158151,752,134,22.268409703125904,2463,5.038882138517619
787,0.05,-813.7692307692308,3.5008333333333335,5.03869407496977,70.57557436517533,774,138,19.038932331808446,2465,5.197097944377267
788,0.05,-895.7923076923078,3.7108333333333334,5.311298076923077,72.57692307692308,786,135,15.489956644944114,2466,5.4735576923076925
789,0.05,-960.1923076923077,4.055833333333333,5.880923450789793,72.42041312272175,773,138,35.787735799944855,2466,6.012150668286756
790,0.05,-830.8461538461538,3.484166666666667,5.205031446540881,70.5685534591195,738,136,33.04908274479353,2467,5.330817610062893
791,0.05,-860.7230769230769,3.5416666666666665,4.9025522041763345,70.05568445475637,816,132,29.996055465184106,2467,5.0533642691415315
792,0.05,-1018.623076923077,4.214166666666666,6.131868131868132,72.44566544566544,774,133,28.185804251637556,2469,6.288156288156288
793,0.05,-924.0692307692307,3.925,5.4672897196261685,71.35630841121495,808,136,28.391855090354216,2469,5.610981308411215
794,0.05,-871.4538461538461,3.5541666666666667,5.244416873449132,72.37717121588089,769,135,20.89063081311138,2469,5.380893300248139
795,0.05,-747.3538461538462,3.145,4.725094577553594,71.51324085750315,745,131,16.64051496871078,2470,4.8562421185372004
796,0.05,-790.9923076923078,3.38,4.928921568627451,70.375,771,148,24.209099239398082,2470,5.050245098039215
797,0.05,-978.2461538461538,4.060833333333333,5.955773955773956,72.37223587223588,765,130,25.777670255368527,2470,6.081081081081081
798,0.05,-768.8230769230769,3.3108333333333335,4.575581395348837,71.14767441860465,809,145,19.285954021730685,2470,4.7372093023255815
799,0.05,-947.5307692307694,3.8608333333333333,5.4934289127837514,72.32019115890084,799,134,29.99499083259469,2470,5.634408602150538
800,0.05,-801.7461538461539,3.578333333333333,5.03905325443787,72.4603550295858,794,146,23.674435229746972,2470,5.177514792899408
801,0.05,-669.5461538461539,2.885,4.08452380952381,68.75714285714285,781,145,19.981080963490562,2470,4.220238095238095
802,0.05,-773.0846153846153,3.3275,4.7299880525686975,70.89127837514934,781,141,20.29841041157036,2470,4.899641577060932
803,0.05,-766.9153846153847,3.35,4.782035928143713,70.42994011976047,767,141,16.26348986817212,2470,4.890083632019116
804,0.05,-827.6923076923076,3.5433333333333334,5.100362756952841,72.23941958887545,772,141,31.712891506372866,2470,5.22463768115942
805,0.05,-892.623076923077,3.868333333333333,5.533013205282113,70.20048019207682,780,142,27.49769427307287,2470,5.696278511404562
806,0.05,-749.2307692307693,3.4741666666666666,4.855633802816901,70.35915492957747,804,152,18.88809874219635,2470,5.009389671361502
807,0.05,-838.1461538461538,3.5875,5.455242966751918,72.57033248081841,735,137,32.05146158372593,2470,5.59079283887468
808,0.05,-729.8384615384616,3.3025,4.585280373831775,70.3785046728972,818,148,17.22292673192401,2471,4.731308411214953
809,0.05,-827.1384615384616,3.5375,5.217552533992583,72.29542645241038,758,141,17.415416961873223,2471,5.334567901234568
810,0.05,-802.9384615384615,3.6325,4.951890034364261,70.97709049255441,809,148,17.219009166942755,2471,5.097365406643757
811,0.05,-846.323076923077,3.7883333333333336,5.339644970414201,70.23076923076923,800,145,30.493689642333457,2471,5.458628841607565
812,0.05,-756.8153846153846,3.254166666666667,4.881462799495586,69.5813366960908,732,137,27.1781438546434,2471,5.006305170239597
813,0.05,-732.9153846153846,3.1733333333333333,4.560916767189385,70.6357056694813,775,148,26.17676947051408,2471,4.705669481302775
814,0.05,-836.5615384615385,3.6066666666666665,5.072189349112426,70.95739644970415,805,145,32.29438674443216,2472,5.237869822485207
815,0.05,-837.8153846153846,3.5875,5.590314136125654,71.80497382198953,713,140,22.996329597400116,2472,5.714659685863874
816,0.05,-863.7692307692307,3.86,5.337979094076655,71.6109175377468,796,143,22.469873560317698,2475,5.502903600464576
817,0.05,-684.8384615384615,3.1133333333333333,4.460890493381468,70.56438026474127,763,150,11.408126142425942,2475,4.576413959085439
818,0.05,-752.4307692307691,3.2616666666666667,4.735688185140073,70.99634591961023,770,140,19.865035470372803,2475,4.879415347137637
819,0.05,-773.6538461538462,3.3625,4.562002275312856,72.06143344709898,835,149,20.189893509615437,2475,4.708759954493743
820,0.05,-726.8384615384614,3.2125,4.711467324290998,70.16892725030826,755,145,15.787890011356653,2475,4.8520345252774355
821,0.05,-791.4384615384615,3.4783333333333335,4.95221027479092,70.63440860215054,780,142,23.295544067417854,2475,5.066905615292712
822,0.05,-771.5923076923077,3.4766666666666666,4.906175771971497,69.21615201900238,776,149,25.11102450930983,2475,5.048693586698337
823,0.05,-775.5923076923077,3.191666666666667,4.594921402660217,71.62031438935912,780,139,23.46900686669717,2475,4.707376058041112
824,0.05,-743.323076923077,3.22,4.6920245398773,72.14478527607362,771,137,18.633850151368716,2475,4.829447852760736
825,0.05,-719.3307692307692,3.2741666666666664,4.708937198067633,71.83091787439614,781,149,19.24420988283006,2475,4.863526570048309
826,0.05,-662.5692307692308,2.9375,4.295202952029521,71.47355473554735,762,144,17.719535754028158,2475,4.409594095940959
827,0.05,-797.3384615384616,3.339166666666667,4.697399527186761,72.69858156028369,801,138,22.89176541169906,2475,4.8417945690672965
828,0.05,-794.7615384615385,3.390833333333333,4.668208092485549,70.76184971098266,817,136,28.94572263814445,2475,4.821016166281755
829,0.05,-697.1692307692308,3.0275,4.207459207459207,69.41841491841492,799,151,18.25950033197499,2475,4.353146853146853
830,0.05,-868.7307692307693,3.7316666666666665,5.187864644107351,71.82847141190199,805,144,20.537441471211217,2475,5.3185530921820305
831,0.05,-688.923076923077,3.1475,4.568292682926829,69.1780487804878,763,147,18.760271301969315,2476,4.713414634146342
832,0.05,-717.6692307692308,3.1283333333333334,4.795865633074936,72.24935400516796,730,144,21.94899968095702,2477,4.940568475452197
833,0.05,-789.623076923077,3.2825,4.8751560549313355,73.37827715355806,737,139,21.298658884099773,2477,5.023720349563046
834,0.05,-813.5,3.3983333333333334,4.828162291169451,70.81384248210024,785,138,19.65842882945978,2477,4.998806682577565
835,0.05,-713.6538461538462,3.2083333333333335,4.585336538461538,70.6766826923077,776,145,30.8114884467662,2477,4.740384615384615
836,0.05,-837.6692307692308,3.5575,4.897109826589595,71.45202312138728,810,147,26.210287406818995,2478,5.028901734104046
837,0.05,-803.5999999999999,3.4466666666666668,5.106965174129353,71.94651741293532,750,134,17.085621235557102,2478,5.25
838,0.05,-848.3923076923077,3.6166666666666667,5.160671462829736,70.32254196642685,777,140,28.31108709199252,2478,5.304556354916067
839,0.05,-821.876923076923,3.635,4.997690531177829,70.44226327944573,812,143,20.209048083137194,2479,5.1362586605080836
840,0.05,-736.6384615384616,3.359166666666667,4.561503416856492,69.72779043280183,825,148,11.2233537411744,2479,4.703872437357631
841,0.05,-928.8461538461538,3.8108333333333335,5.477629987908101,70.78839177750906,769,134,21.84913006753263,2480,5.633615477629988
842,0.05,-833.5538461538462,3.4483333333333333,5.17780580075662,71.31778058007566,741,134,23.821956285015567,2481,5.324085750315258
843,0.05,-751.6615384615385,3.200833333333333,4.6024242424242425,71.42666666666666,773,136,22.452781198887614,2481,4.756363636363637
844,0.05,-726.5769230769231,3.1141666666666667,4.528763769889841,70.3561811505508,775,140,13.457699046670383,2481,4.631578947368421
845,0.05,-680.0769230769231,2.97,4.329253365973072,68.94492044063648,769,144,26.432974295481664,2481,4.4541003671970625
846,0.05,-916.1846153846153,3.8758333333333335,5.304247990815155,71.8369690011481,818,139,28.813082694721626,2482,5.445464982778415
847,0.05,-909.9,3.8008333333333333,5.172571428571429,72.95885714285714,816,140,20.221381772132943,2482,5.308571428571429
848,0.05,-853.1692307692308,3.5075,4.845886442641946,71.4739281575898,804,132,21.31754296259322,2482,4.9768250289687135
849,0.05,-855.6153846153845,3.473333333333333,4.87603305785124,72.55726092089728,797,130,16.38977303811378,2482,5.024793388429752
850,0.05,-892.4923076923077,3.8108333333333335,5.365248226950355,71.0130023640662,794,142,20.509862179627454,2482,5.505910165484633
851,0.05,-860.6846153846154,3.645,5.089097303634232,72.99882766705744,799,133,35.30544538794721,2483,5.237983587338804
852,0.05,-877.9,3.76,5.448359659781288,73.06318347509114,780,132,23.90895849668337,2484,5.588092345078979
853,0.05,-1011.7384615384616,3.995,5.405895691609977,72.07142857142857,837,128,29.84183285396931,2485,5.536281179138322
854,0.05,-719.5230769230768,3.13,4.582309582309582,69.72972972972973,764,149,15.200315667933868,2485,4.717791411042945
855,0.05,-923.4846153846154,3.7733333333333334,5.327014218009479,71.81635071090048,784,132,24.721166047041883,2485,5.441943127962086
856,0.05,-762.7461538461539,3.245,4.751537515375154,72.57318573185732,754,140,13.732358186491643,2485,4.883148831488315
857,0.05,-855.6692307692308,3.535833333333333,5.385897435897436,70.97692307692307,726,132,32.584123785665845,2485,5.516666666666667
858,0.05,-708.4230769230769,3.0216666666666665,4.729907773386034,70.72595520421608,708,139,22.301426104998214,2487,4.823451910408433
859,0.05,-810.1,3.46,4.8549528301886795,70.77594339622641,797,144,19.93199137692567,2487,5.015330188679245
860,0.05,-876.1153846153845,3.6783333333333332,5.251798561151079,70.70863309352518,768,136,15.833927778016037,2487,5.372901678657074
861,0.05,-954.8384615384616,4.194166666666667,5.7336394948335245,73.91618828932262,816,143,27.64700477003234,2488,5.873708381171068
862,0.05,-825.3846153846155,3.5716666666666668,4.749163879598663,69.7190635451505,840,146,19.58922272177239,2488,4.897435897435898
863,0.05,-886.376923076923,3.526666666666667,5.052821128451381,72.05402160864345,775,129,26.411777570446386,2489,5.177458033573141
864,0.05,-936.9615384615386,3.7525,5.685350318471338,73.82292993630573,742,127,28.904247744471828,2489,5.806369426751592
865,0.05,-828.4230769230769,3.4683333333333333,5.133250311332503,70.79078455790784,754,138,19.71302873533054,2490,5.281444582814446
866,0.05,-667.7384615384615,3.098333333333333,4.546125461254612,69.71586715867159,748,150,13.822894148475845,2490,4.666666666666667
867,0.05,-716.7307692307692,3.214166666666667,4.473130841121495,71.16355140186916,807,148,14.893781599230943,2491,4.615654205607477
868,0.05,-807.8461538461538,3.5191666666666666,5.024009603841536,71.78511404561824,774,142,19.258314788353783,2491,5.170263788968825
869,0.05,-899.8461538461538,3.8266666666666667,5.300464037122969,70.72041763341068,810,142,33.574841522340186,2493,5.451911935110081
870,0.05,-869.5230769230769,3.4408333333333334,5.1498740554156175,70.80856423173803,747,130,30.067114343475502,2496,5.287153652392947
871,0.05,-867.2,3.6666666666666665,5.123239436619718,71.74413145539906,796,134,17.701124048649792,2496,5.262295081967213
872,0.05,-824.1615384615386,3.41,4.632420091324201,71.0068493150685,818,136,13.69267393856919,2496,4.764840182648402
873,0.05,-968.3384615384616,4.03,5.711904761904762,72.95238095238095,793,137,33.071759328989046,2496,5.826190476190476
874,0.05,-685.5153846153846,3.0108333333333333,4.447335811648079,70.39776951672863,755,140,13.154036555344815,2496,4.558859975216852
875,0.05,-854.823076923077,3.6233333333333335,5.1380952380952385,72.24761904761905,798,137,15.050755902052288,2496,5.2976190476190474
876,0.05,-722.3,3.026666666666667,4.435265104808878,69.47965474722565,757,141,13.327759333064517,2496,4.574599260172627
877,0.05,-831.0384615384615,3.4075,4.945188794153472,71.46406820950061,765,139,27.45660689282267,2496,5.071863580998782
878,0.05,-852.1,3.4908333333333332,5.026634382566586,71.8002421307506,778,134,17.816793259885625,2496,5.175544794188862
879,0.05,-958.5230769230769,3.868333333333333,5.6239316239316235,73.42979242979243,765,127,15.78478470132765,2496,5.754578754578755
880,0.05,-758.5461538461539,3.3333333333333335,4.8604651162790695,71.2141982864137,770,144,17.615443608720106,2496,4.9804161566707466
881,0.05,-635.353846153846,2.7116666666666664,3.796470588235294,69.45411764705882,799,143,15.49154237582813,2496,3.9412455934195063
882,0.05,-814.5,3.3658333333333332,4.859393939393939,72.38303030303031,779,138,20.492753103119373,2496,5.0
883,0.05,-785.8538461538461,3.3383333333333334,4.852439024390244,68.67682926829268,758,145,29.236600334808696,2497,4.995121951219512
884,0.05,-1048.1769230769232,4.2025,5.774826789838337,72.02078521939954,811,126,27.215731903104487,2497,5.937644341801386
885,0.05,-737.7769230769231,3.1475,4.720403022670025,71.7191435768262,741,138,25.286429898139822,2497,4.819899244332493
886,0.05,-849.0230769230769,3.5125,5.126070991432068,71.48837209302326,772,136,23.860846156923323,2497,5.272949816401469
887,0.05,-788.3846153846154,3.265833333333333,4.58983451536643,69.73049645390071,799,136,15.631051706210288,2497,4.719858156028369
888,0.05,-792.4923076923077,3.495833333333333,4.96415770609319,74.33094384707287,795,143,28.48083878505764,2497,5.106332138590203
889,0.05,-694.3076923076924,2.9725,4.257831325301205,71.09156626506024,771,145,13.921986016263656,2497,4.3831325301204815
890,0.05,-844.9076923076923,3.435,5.028290282902829,70.23370233702337,771,133,24.992705612372095,2497,5.1402214022140225
891,0.05,-981.6076923076923,4.0475,5.805790108564535,72.58986731001207,785,133,50.26149124455807,2498,5.967430639324487
892,0.05,-692.0461538461539,3.118333333333333,4.520681265206813,70.64355231143553,756,152,12.704385466761567,2498,4.656934306569343
893,0.05,-876.8923076923076,3.5775,5.17639902676399,71.32360097323601,778,132,23.438522497940404,2500,5.3321167883211675
894,0.05,-902.4846153846155,3.6533333333333333,5.1761904761904765,72.71309523809524,791,127,26.936086066206656,2501,5.315476190476191
895,0.05,-841.2769230769231,3.4033333333333333,5.006180469715698,70.45364647713227,773,130,19.525192539205186,2501,5.150803461063041
896,0.05,-1014.676923076923,4.139166666666667,5.9124700239808154,72.51079136690647,783,137,27.436242797541254,2502,6.0731414868105515
897,0.05,-779.4615384615386,3.390833333333333,5.02111801242236,71.72670807453416,744,141,18.535989053017182,2502,5.144099378881988
898,0.05,-809.1538461538462,3.4158333333333335,4.908212560386473,70.1243961352657,781,138,23.35712111475722,2504,5.043478260869565
899,0.05,-731.0923076923076,3.1216666666666666,4.465703971119134,69.60168471720819,787,144,16.04921293192141,2506,4.587740384615385
