episode,epsilon,total_reward,avg_queue,avg_wait_s,avg_travel_s,throughput,switches,td_loss,q_table_states,avg_delay_s,traffic_seed
0,1.0,-3245.046153846154,32.9975,96.0028653295129,154.15759312320918,338,85,nan,,160.12534818941504,577
1,0.9945,-3652.4153846153845,40.34583333333333,121.932944606414,185.48688046647231,302,81,nan,,225.9496021220159,712
2,0.989,-3280.276923076923,32.159166666666664,95.30971128608924,152.53280839895012,350,82,nan,,131.80361757105942,770
3,0.9835,-3763.0,41.41583333333333,124.45429362880887,182.6786703601108,346,80,0.12300687444492872,,203.54114713216958,798
4,0.9781,-2834.4,27.446666666666665,94.0060975609756,148.1737804878049,292,83,0.07656347052322889,,131.5548780487805,36
5,0.9726,-2779.507692307692,28.83416666666667,96.07602339181287,146.54093567251462,305,81,0.060276013595678093,,144.79722222222222,460
6,0.9673,-3730.723076923077,41.155833333333334,130.96866096866097,196.4957264957265,332,83,0.01254470886489177,,166.0672268907563,371
7,0.9619,-3283.1076923076926,33.05916666666667,101.13256484149856,160.0893371757925,333,81,0.013427405256592162,,129.164265129683,833
8,0.9566,-2903.492307692308,28.616666666666667,98.38192419825073,156.0058309037901,318,81,0.005244322217770244,,102.07246376811594,557
9,0.9513,-2627.3230769230768,24.198333333333334,76.6045197740113,131.16101694915255,345,82,0.010730673585073545,,109.7542372881356,381
10,0.946,-3018.1384615384613,33.61666666666667,103.92063492063492,164.4920634920635,342,86,0.006340682071011744,,141.5185185185185,429
11,0.9408,-2905.846153846154,23.991666666666667,74.30053191489361,124.31382978723404,361,76,0.011515423057020972,,77.36702127659575,141
12,0.9356,-3127.6615384615384,25.87,78.29120879120879,132.1098901098901,366,79,0.010245213999596822,,85.8021978021978,223
13,0.9304,-3200.846153846154,30.99416666666667,95.75,153.44117647058823,365,84,0.011626738493548916,,104.21388888888889,784
14,0.9253,-3715.0,40.9,121.60220994475138,183.04972375690608,346,82,0.01246209150639476,,168.8903743315508,762
15,0.9202,-2160.0307692307692,18.174166666666668,66.73717948717949,111.625,288,82,0.013190139042213181,,67.42307692307692,838
16,0.9151,-2428.953846153846,19.5525,64.98230088495575,111.46017699115045,335,80,0.01599393900834289,,68.27635327635328,450
17,0.91,-3525.138461538462,38.35166666666667,110.6015037593985,176.04010025062658,360,85,0.01593752413530164,,135.71882640586796,2
18,0.905,-3298.323076923077,36.13583333333333,115.81286549707602,182.42690058479533,345,86,0.018687933976227093,,139.4476439790576,81
19,0.9,-2814.1076923076926,26.006666666666668,88.0,141.91228070175438,330,79,0.018153864012755018,,94.46778711484593,363
20,0.895,-3203.3230769230768,30.093333333333334,94.14971751412429,150.15536723163842,334,81,0.020477035968397162,,106.33333333333333,690
21,0.89,-2947.1538461538457,26.064166666666665,77.92105263157895,132.14736842105262,368,79,0.021374515030345455,,81.93893129770993,846
22,0.8851,-2275.507692307692,20.33416666666667,68.14080459770115,119.7816091954023,334,84,0.024267294774671704,,70.52432432432433,728
23,0.8802,-2225.153846153846,20.989166666666666,64.61229946524064,114.43048128342247,364,84,0.023976625459761557,,67.77377892030849,406
24,0.8753,-2916.523076923077,25.391666666666666,76.80222841225627,131.5459610027855,354,80,0.02658069820723252,,85.32054794520548,636
25,0.8705,-2210.8615384615387,18.899166666666666,59.309333333333335,106.58133333333333,338,82,0.025910295018344572,,59.71465968586387,46
26,0.8657,-2734.4461538461537,28.11,97.11436950146627,154.50439882697947,319,81,0.029967415667394522,,138.87878787878788,899
27,0.8609,-3217.584615384615,27.91583333333333,87.69315068493151,139.9041095890411,349,78,0.029767943033165014,,92.11702127659575,659
28,0.8561,-2453.4,21.370833333333334,69.10027855153203,122.6740947075209,338,83,0.032040678636342364,,71.13440860215054,869
29,0.8514,-2684.1692307692306,27.36916666666667,79.53099730458221,132.18598382749326,347,82,0.032005522322470496,,117.2620320855615,144
30,0.8467,-3172.2615384615383,30.2925,88.52574525745257,145.9430894308943,355,84,0.033806064340701956,,113.26287262872629,497
31,0.842,-2981.246153846154,24.6875,79.32378223495702,135.1432664756447,340,79,0.03569006244729085,,83.36962750716333,885
32,0.8373,-2460.153846153846,21.929166666666667,69.80965147453082,118.3941018766756,341,84,0.03682465344149742,,70.07506702412869,553
33,0.8327,-2921.276923076923,25.456666666666667,81.06811989100818,134.24523160762942,341,84,0.036529010470632055,,80.02116402116403,209
34,0.8281,-2124.707692307692,16.370833333333334,54.7953216374269,99.04385964912281,338,80,0.03831853178993272,,55.06140350877193,512
35,0.8235,-2549.8923076923074,23.99416666666667,78.55718475073314,135.2873900293255,340,84,0.03992185794657959,,88.0733137829912,415
36,0.819,-2285.6615384615384,17.7075,56.35195530726257,101.96368715083798,345,78,0.040131241078735794,,56.74301675977654,778
37,0.8144,-2519.292307692308,23.039166666666667,70.65616797900262,118.0262467191601,364,78,0.04414946922938645,,73.33333333333333,366
38,0.8099,-3268.5692307692316,33.44833333333333,104.51344086021506,163.23387096774192,358,78,0.043177747302458123,,118.72631578947369,472
39,0.8054,-2933.0153846153844,28.714166666666667,87.40437158469945,145.57650273224044,357,82,0.04424034898041349,,105.36413043478261,84
40,0.801,-2799.0923076923077,29.26,89.55780346820809,147.3063583815029,342,85,0.04379821512570904,,126.64756446991404,609
41,0.7966,-2814.2615384615383,29.230833333333333,86.08695652173913,138.00815217391303,344,80,0.04436310986132998,,155.70483460559797,895
42,0.7922,-2924.6000000000004,27.991666666666667,86.57765667574932,142.30790190735695,349,79,0.043105316145375154,,115.11989100817439,781
43,0.7878,-2807.753846153846,25.758333333333333,78.01315789473684,130.48157894736843,365,81,0.04454744654419107,,87.39793281653746,529
44,0.7834,-3179.0,32.7075,102.64032697547684,162.70027247956403,337,83,0.04414574333151563,,129.08719346049045,688
45,0.7791,-2828.9076923076923,25.643333333333334,80.33155080213903,131.00534759358288,346,80,0.04354224841214171,,81.7379679144385,216
46,0.7748,-2373.030769230769,20.115833333333335,65.35112359550561,115.61235955056179,343,79,0.04367491188674193,,66.13966480446928,502
47,0.7705,-3061.492307692308,31.31833333333333,106.86687306501548,161.26006191950464,316,80,0.04359632131959171,,160.27514792899407,531
48,0.7662,-2177.0153846153844,19.195833333333333,65.72647058823529,114.85882352941177,327,81,0.04526502083395418,,77.36811594202898,674
49,0.762,-3255.2769230769236,32.82333333333333,100.09234828496042,160.15831134564644,366,82,0.04461757662618562,,113.1078947368421,53
50,0.7578,-2341.9692307692308,24.80666666666667,70.7948717948718,119.09401709401709,338,81,0.045042707967541985,,134.8641304347826,515
51,0.7536,-2420.784615384616,18.8125,64.61077844311377,109.03592814371258,333,78,0.04330060462210444,,65.38323353293413,147
52,0.7494,-2931.5692307692307,28.4625,80.8009828009828,134.52825552825553,380,77,0.04632448703275708,,131.65133171912834,587
53,0.7453,-3693.4307692307693,35.10166666666667,102.69146005509641,161.6060606060606,365,79,0.045886352987337654,,156.6871794871795,164
54,0.7411,-2198.3538461538465,20.4975,66.38655462184875,118.17647058823529,349,84,0.046923404465592275,,78.57422969187675,443
55,0.737,-2948.6615384615384,31.054166666666667,98.98907103825137,160.9344262295082,345,86,0.0434766311609934,,120.04569892473118,74
56,0.733,-2821.7384615384617,28.7225,88.85915492957747,145.77464788732394,342,84,0.044816659908112545,,109.45205479452055,245
57,0.7289,-2510.8769230769235,24.6975,78.61159420289854,132.6086956521739,350,81,0.0424077212451319,,103.49425287356321,667
58,0.7249,-1782.1384615384613,13.736666666666666,42.56182795698925,85.04301075268818,341,83,0.04286386622156625,,42.87096774193548,760
59,0.7209,-2458.4153846153845,23.965833333333332,72.61281337047353,126.56824512534818,363,84,0.042360064136397466,,105.33147632311977,627
60,0.7169,-1857.769230769231,15.803333333333333,50.67039106145251,96.82402234636872,354,82,0.04295842243998859,,51.03351955307262,589
61,0.7129,-2544.3076923076924,27.053333333333335,83.41239892183289,133.48787061994608,331,82,0.04315399673518127,,100.15508021390374,887
62,0.709,-2617.3230769230768,27.623333333333335,86.93055555555556,138.875,341,80,0.043330806294914315,,140.6135770234987,646
63,0.705,-2512.153846153846,25.876666666666665,76.70553935860059,125.89504373177843,326,82,0.04335427974191873,,146.0568181818182,314
64,0.7011,-2369.3230769230768,26.395833333333332,86.58235294117647,137.25,338,83,0.04353736795455087,,143.21052631578948,105
65,0.6973,-2631.5846153846155,23.560833333333335,70.31466666666667,116.71466666666667,349,81,0.04270672933030403,,72.024,344
66,0.6934,-2348.8461538461543,21.52,74.12612612612612,127.28528528528528,330,80,0.04098964479730486,,78.36936936936937,199
67,0.6896,-2358.7384615384617,23.225833333333334,72.11345646437995,121.94722955145119,353,83,0.038518386358954104,,76.85751978891821,253
68,0.6858,-2338.923076923077,21.1725,68.95402298850574,119.82758620689656,348,81,0.04083448693203018,,77.93103448275862,49
69,0.682,-2714.630769230769,25.675,79.93783783783783,130.81621621621622,357,81,0.039242306168424196,,87.21621621621621,836
70,0.6782,-2748.723076923077,26.3875,81.47368421052632,133.79736842105262,361,81,0.041556430499904554,,88.1921052631579,106
71,0.6744,-1933.2923076923078,16.460833333333333,51.861111111111114,98.20833333333333,359,85,0.041355395764505844,,52.30833333333333,329
72,0.6707,-2469.3230769230768,25.5275,88.34834834834835,139.05705705705705,319,81,0.04191895317420764,,99.28328611898017,417
73,0.667,-2278.5846153846155,23.930833333333332,77.32193732193733,130.64957264957266,335,81,0.04388028068991903,,94.66573816155989,98
74,0.6633,-2268.2769230769227,23.250833333333333,70.84696569920844,123.21635883905013,360,83,0.04368806855721474,,93.33509234828496,774
75,0.6596,-2716.953846153846,27.485,82.53826530612245,133.2576530612245,355,81,0.042524356872535383,,94.18781725888324,716
76,0.656,-3549.415384615384,37.0,106.13350125944585,165.95717884130983,376,80,0.04151987381641383,,130.8108108108108,813
77,0.6524,-2931.215384615385,30.2775,91.87335092348285,145.84168865435356,345,80,0.04096210116389465,,133.04145077720207,8
78,0.6487,-2505.246153846154,25.385833333333334,78.61021505376344,131.58870967741936,344,81,0.03989076746270383,,96.9144385026738,867
79,0.6452,-2419.7384615384617,22.4575,66.78534031413612,118.06020942408377,360,82,0.04250976431976696,,72.09045226130654,354
80,0.6416,-2171.984615384615,22.985,76.54571428571428,124.36571428571429,343,82,0.041423606744102615,,91.32506887052341,388
81,0.638,-2275.5692307692307,21.335,68.84548104956268,119.73760932944606,341,83,0.04119382509628845,,88.76384839650146,789
82,0.6345,-2335.538461538462,18.969166666666666,60.95774647887324,110.69295774647887,355,79,0.04132970698010242,,62.00281690140845,708
83,0.631,-2277.369230769231,20.695,66.47191011235955,120.74719101123596,361,79,0.04141339397798378,,80.8932584269663,601
84,0.6275,-1964.1384615384616,14.7075,44.879356568364614,87.99731903485255,362,79,0.04145189127390972,,45.53887399463807,220
85,0.624,-3127.369230769231,30.1025,87.6265664160401,138.3659147869674,365,75,0.042521164201435514,,127.77057356608479,384
86,0.6206,-2157.2,19.49,59.423772609819125,106.13178294573643,359,81,0.042081104007302875,,61.674418604651166,325
87,0.6171,-2918.4,29.346666666666668,82.34382566585957,135.99273607748185,377,79,0.04166324962227851,,108.58767772511848,350
88,0.6137,-2737.0615384615385,27.74,86.17174515235457,140.30193905817174,342,79,0.041165605054683245,,141.87027027027028,604
89,0.6103,-2597.6615384615384,26.625833333333333,84.76923076923077,135.6456043956044,358,80,0.04099724490885647,,101.54933333333334,206
90,0.607,-2395.8461538461543,25.313333333333333,81.72375690607734,132.6353591160221,344,85,0.04188044940482452,,97.12947658402204,560
91,0.6036,-2292.415384615384,20.6575,64.01166180758017,114.50437317784257,342,83,0.04151055208533489,,66.09550561797752,270
92,0.6003,-2295.0923076923077,19.879166666666666,64.26988636363636,114.17897727272727,341,81,0.041412977618996004,,66.52272727272727,251
93,0.5969,-2537.3538461538465,25.138333333333332,77.71313672922253,127.70509383378015,347,82,0.04232541002705159,,110.05263157894737,703
94,0.5936,-1800.9384615384613,17.518333333333334,56.880466472303205,105.17784256559767,348,82,0.040974588917782384,,63.533527696793,603
95,0.5904,-1979.3076923076924,15.311666666666667,49.69318181818182,93.0284090909091,336,81,0.040480037296425124,,49.96306818181818,395
96,0.5871,-2091.753846153846,23.378333333333334,72.67647058823529,120.3475935828877,364,80,0.04105025292725913,,112.76441102756893,89
97,0.5838,-1936.2153846153847,22.029166666666665,73.39701492537313,121.38507462686567,330,85,0.041575205089414445,,116.8728323699422,854
98,0.5806,-2224.4461538461537,23.2025,68.32727272727273,116.17922077922078,365,80,0.04169320197115092,,93.96363636363637,94
99,0.5774,-1800.4615384615386,14.873333333333333,49.69627507163324,93.8567335243553,350,81,0.041442598576010924,,49.92263610315186,100
100,0.5742,-2334.8153846153846,22.314166666666665,72.18611111111112,120.25555555555556,349,79,0.04195226033218878,,86.51944444444445,126
101,0.571,-1592.9692307692308,13.475833333333334,43.04931506849315,87.94794520547946,349,81,0.04133652540274366,,44.42894736842105,69
102,0.5679,-2388.769230769231,23.885833333333334,76.31868131868131,127.68131868131869,340,81,0.041618065227278636,,89.00791556728232,13
103,0.5647,-1883.4153846153847,14.326666666666666,44.717451523545705,89.38227146814404,360,81,0.04162329274435748,,45.21883656509695,623
104,0.5616,-1901.8769230769228,16.819166666666668,57.69298245614035,103.80701754385964,324,81,0.040049590481555666,,59.50574712643678,853
105,0.5585,-2307.676923076923,23.28,75.47353760445682,125.57938718662953,344,80,0.04043810149925457,,92.73351648351648,26
106,0.5554,-2518.3230769230768,22.909166666666668,73.3899721448468,121.40947075208913,345,78,0.03996767437696579,,77.4150417827298,792
107,0.5523,-2278.6,21.46,67.16666666666667,116.34166666666667,336,85,0.039642125155754104,,71.58171745152355,19
108,0.5493,-1715.0923076923075,12.701666666666666,41.16201117318436,83.30167597765363,345,77,0.038339048200145,,41.22841225626741,297
109,0.5462,-2292.169230769231,18.6575,57.166666666666664,107.70621468926554,360,79,0.038305440731199764,,62.0,70
110,0.5432,-2369.7076923076925,25.924166666666668,69.99731903485255,118.59249329758713,354,81,0.038877162331149934,,154.10152284263958,814
111,0.5402,-1508.123076923077,12.143333333333333,41.288690476190474,82.5327380952381,329,81,0.03979805193145451,,41.44606413994169,25
112,0.5372,-1844.2,14.365833333333333,46.17355371900826,89.7465564738292,357,81,0.04157740013499708,,46.44505494505494,595
113,0.5343,-1982.7538461538463,20.845833333333335,64.07608695652173,114.63586956521739,353,81,0.041469897463331,,73.36413043478261,291
114,0.5313,-2210.3384615384616,21.456666666666667,62.48756218905473,113.3905472636816,371,81,0.040288993115527354,,64.48507462686567,718
115,0.5284,-1956.476923076923,19.15,59.94385026737968,106.73529411764706,346,83,0.04008866630966135,,60.944,376
116,0.5254,-2095.369230769231,18.294166666666666,59.41761363636363,107.65056818181819,351,80,0.04023388789416766,,59.84180790960452,198
117,0.5225,-2337.4615384615386,23.663333333333334,59.84927536231884,106.9768115942029,348,83,0.03979940690296071,,171.6764705882353,281
118,0.5196,-1247.1538461538462,8.218333333333334,29.49544072948328,68.790273556231,315,72,0.039298606553823445,,29.689969604863222,827
119,0.5168,-1642.9692307692308,12.775833333333333,43.1875,85.49107142857143,335,81,0.04068872234482637,,43.42559523809524,201
120,0.5139,-1718.2923076923078,14.778333333333334,46.849726775956285,93.08743169398907,356,82,0.04132983797586489,,48.131147540983605,162
121,0.5111,-1936.923076923077,15.609166666666667,47.68311688311688,92.23376623376623,372,83,0.03997537968612437,,47.35549872122762,513
122,0.5082,-2177.3076923076924,19.471666666666668,60.58152173913044,106.59510869565217,352,79,0.03986670960650484,,63.33604336043361,189
123,0.5054,-2467.646153846154,24.3275,78.26330532212886,128.2156862745098,351,83,0.038667184595290206,,87.75350140056022,447
124,0.5026,-1894.7846153846156,16.045833333333334,51.169398907103826,98.8360655737705,350,77,0.03902490361553736,,54.887978142076506,870
125,0.4998,-1915.769230769231,13.334166666666667,42.134246575342466,84.18904109589042,369,77,0.04075471749498774,,42.37808219178082,112
126,0.4971,-2204.369230769231,24.7025,82.98265895953757,127.83526011560694,331,82,0.040318668658607136,,133.55495978552278,692
127,0.4943,-1976.5692307692307,21.174166666666668,66.57361963190183,113.8282208588957,327,80,0.04111086775013216,,82.02719033232628,54
128,0.4916,-1415.9846153846154,10.724166666666667,34.938375350140056,76.07282913165267,342,78,0.039206476527996005,,35.148459383753504,605
129,0.4889,-2343.9076923076923,23.0175,73.71703296703296,123.3021978021978,350,82,0.040551261131578066,,85.94505494505495,121
130,0.4862,-1679.4307692307693,13.996666666666666,47.20749279538905,89.40057636887607,331,80,0.03842031757992894,,47.515406162464984,804
131,0.4835,-1724.9076923076923,13.0275,39.93297587131367,82.22520107238606,362,78,0.036817908473945914,,40.26809651474531,387
132,0.4808,-2613.415384615385,25.954166666666666,76.48930481283422,125.1096256684492,370,77,0.03621807591512234,,97.98933333333333,194
133,0.4781,-2096.6153846153848,15.748333333333333,51.011267605633805,95.31549295774649,351,78,0.03738086223289887,,51.54647887323944,56
134,0.4755,-2049.7384615384613,19.888333333333332,60.373056994818654,108.67098445595855,385,77,0.038253828152289775,,73.38601036269431,238
135,0.4729,-2321.876923076923,24.43166666666667,73.23273657289002,122.15089514066496,369,80,0.038624808648891173,,88.18925831202046,23
136,0.4703,-2129.5384615384614,19.636666666666667,58.23409669211196,102.92111959287531,376,79,0.03833088225560762,,59.20356234096692,680
137,0.4677,-2050.7384615384613,22.0075,72.35380116959064,123.00877192982456,333,82,0.03984873039684408,,109.28571428571429,649
138,0.4651,-2288.3692307692304,22.366666666666667,68.01315789473684,117.05,356,80,0.0392469743061868,,77.37894736842105,808
139,0.4625,-1550.246153846154,11.2775,36.82303370786517,78.45786516853933,338,78,0.03614502294467554,,37.21629213483146,181
140,0.4599,-1914.8461538461538,13.98,43.18666666666667,86.192,370,80,0.038018989639924075,,43.45066666666666,576
141,0.4574,-1295.2615384615383,9.4775,29.91256830601093,71.24043715846994,365,79,0.0390951568199616,,30.12295081967213,357
142,0.4549,-1406.0461538461539,10.946666666666667,34.83152173913044,76.14945652173913,352,83,0.03793324821147586,,35.08152173913044,374
143,0.4523,-2051.630769230769,19.849166666666665,64.05464480874316,109.69945355191257,327,83,0.037456608509982246,,69.59239130434783,495
144,0.4498,-1774.3230769230772,14.095,43.30563002680965,87.75067024128687,363,80,0.03803597266688125,,43.48266666666667,486
145,0.4474,-1625.246153846154,14.823333333333334,46.116531165311656,91.24119241192412,366,82,0.0372863226120482,,46.9159891598916,353
146,0.4449,-1587.4923076923078,10.469166666666666,32.33618233618234,73.86039886039886,360,76,0.037179180804126744,,32.65242165242165,852
147,0.4424,-1804.5846153846155,13.900833333333333,48.073170731707314,92.8810975609756,322,77,0.037372489401663,,48.26829268292683,334
148,0.44,-2167.015384615385,21.0125,70.51744186046511,120.93313953488372,341,77,0.035202623517357215,,78.78488372093024,657
149,0.4375,-2016.0615384615385,15.843333333333334,51.03631284916201,95.40502793296089,355,82,0.03598644098993574,,51.24301675977654,234
150,0.4351,-1791.0615384615382,12.946666666666667,42.887573964497044,87.45266272189349,352,79,0.03587447190621502,,43.14792899408284,628
151,0.4327,-2083.2153846153847,21.8875,68.02925531914893,113.42819148936171,359,78,0.03548712202287253,,107.6921052631579,142
152,0.4303,-2085.123076923077,19.7725,63.51639344262295,111.49180327868852,355,77,0.03533371806516421,,64.05737704918033,731
153,0.4279,-2258.9538461538464,20.579166666666666,62.220670391061454,112.41899441340782,367,77,0.034993280834096606,,70.10335195530726,111
154,0.4256,-1926.6615384615384,17.961666666666666,56.57066666666667,104.10666666666667,352,82,0.03497784250747554,,57.180851063829785,150
155,0.4232,-1493.4615384615383,10.8475,35.1243093922652,77.47790055248619,353,77,0.03672616331333936,,39.03957783641161,103
156,0.4209,-2066.9846153846156,18.95916666666667,55.28862973760933,102.6268221574344,346,77,0.03575542933907223,,56.76967930029154,886
157,0.4185,-1526.9538461538464,10.715,33.632876712328766,75.93424657534247,366,79,0.03719996155850345,,33.83835616438356,382
158,0.4162,-2438.415384615385,24.675,71.78249336870026,121.62334217506631,380,79,0.03650901884986669,,83.18832891246684,93
159,0.4139,-1673.0461538461536,11.263333333333334,35.2962962962963,77.92592592592592,370,79,0.03848672977627333,,35.55270655270655,138
160,0.4116,-1871.0307692307692,15.369166666666667,46.703896103896106,92.11428571428571,382,81,0.037084195068276614,,47.04675324675325,77
161,0.4094,-2134.56923076923,23.36,75.1,120.94054054054054,336,79,0.03651766843943697,,89.79624664879357,701
162,0.4071,-1807.9076923076923,13.1775,40.98395721925134,84.45454545454545,363,76,0.03941721974087302,,41.25133689839572,173
163,0.4048,-1417.876923076923,9.639166666666666,30.005555555555556,70.95277777777778,360,80,0.03858690785357677,,30.23611111111111,45
164,0.4026,-1665.3538461538462,13.215,39.91815856777494,82.56265984654732,361,78,0.03726838409681542,,40.478696741854634,891
165,0.4004,-2386.753846153846,19.863333333333333,59.29066666666667,103.74666666666667,359,79,0.03642050282196214,,60.18933333333333,738
166,0.3982,-1114.5076923076924,8.655,29.01142857142857,69.92,342,77,0.03674639587794101,,29.56,346
167,0.396,-1624.876923076923,14.654166666666667,50.26300578034682,95.17630057803468,323,83,0.03752343103681758,,55.06703910614525,212
168,0.3938,-1607.6000000000001,11.121666666666666,35.10326086956522,75.83152173913044,356,79,0.0374657529125485,,35.38858695652174,292
169,0.3916,-1633.2615384615383,12.963333333333333,37.848866498740556,79.92443324937028,378,79,0.036430316813353625,,38.74811083123426,153
170,0.3894,-2197.6000000000004,21.170833333333334,66.92663043478261,111.875,352,80,0.03529523700217618,,68.07336956521739,264
171,0.3873,-1679.4,13.395,43.12396694214876,86.9504132231405,351,78,0.035206154823593815,,43.58402203856749,590
172,0.3851,-1980.584615384615,18.063333333333333,55.981627296587924,98.65354330708661,365,79,0.03516623644151906,,56.361979166666664,337
173,0.383,-1251.8461538461538,9.1525,29.61281337047354,70.2284122562674,343,79,0.03387561980313106,,29.919220055710305,888
174,0.3809,-1519.892307692308,13.811666666666667,45.15469613259668,89.70718232044199,346,83,0.036270378929151255,,51.98118279569893,721
175,0.3788,-1494.2153846153847,11.338333333333333,37.18591549295775,79.50985915492957,350,77,0.035402035235290334,,37.971830985915496,389
176,0.3767,-1311.753846153846,9.829166666666667,32.63841807909605,74.48022598870057,348,79,0.03711623973069401,,32.943502824858754,893
177,0.3746,-1245.4923076923078,8.929166666666667,29.945558739255013,71.26074498567336,341,79,0.03535327910358891,,30.10888252148997,514
178,0.3725,-2569.6,24.185833333333335,74.1576227390181,118.43669250645995,355,82,0.03355596581501368,,74.44444444444444,647
179,0.3705,-1696.4,11.700833333333334,36.516666666666666,78.88888888888889,370,75,0.03392287240309387,,36.74444444444445,195
180,0.3684,-2356.4153846153845,22.635833333333334,69.06020942408377,114.63350785340315,368,80,0.03477463330602825,,93.68020304568527,28
181,0.3664,-1389.6153846153848,9.175833333333333,29.353932584269664,69.21348314606742,349,77,0.03446478759852556,,29.64325842696629,284
182,0.3643,-1620.323076923077,12.294166666666667,38.0079575596817,81.07427055702918,379,77,0.03546239017010118,,38.246684350132625,783
183,0.3623,-1369.8461538461538,10.585833333333333,34.438395415472776,76.51575931232092,348,76,0.035596517165538036,,36.565714285714286,418
184,0.3603,-1064.8307692307694,7.339166666666666,24.808823529411764,64.32058823529412,343,79,0.035347894757338474,,24.985294117647058,358
185,0.3583,-1974.0000000000002,19.836666666666666,62.01381215469613,109.37845303867404,358,80,0.035254329426637275,,64.28650137741047,583
186,0.3563,-1509.4153846153845,11.100833333333334,34.480211081794195,76.79419525065963,376,81,0.03482471265209581,,34.78627968337731,857
187,0.3544,-1079.1999999999998,8.015,26.24137931034483,66.20114942528735,344,79,0.03474717813592812,,26.49425287356322,445
188,0.3524,-1484.3076923076924,11.749166666666667,38.10192837465565,82.06611570247934,352,76,0.03470026693636496,,38.66942148760331,208
189,0.3505,-1756.8307692307694,13.435833333333333,40.87830687830688,87.47883597883597,376,80,0.035007243371820165,,41.74867724867725,884
190,0.3485,-2114.6769230769232,21.2925,64.44591029023746,109.79683377308707,369,81,0.03734362882277928,,69.42337662337663,521
191,0.3466,-1967.2615384615387,17.286666666666665,51.69444444444444,95.07323232323232,371,81,0.03763580280099191,,52.02272727272727,296
192,0.3447,-1106.3692307692306,8.271666666666667,25.894021739130434,65.54076086956522,348,80,0.0379703529440216,,26.13783783783784,303
193,0.3428,-1253.676923076923,10.243333333333334,35.282738095238095,77.36309523809524,338,83,0.03883849862683911,,35.529761904761905,12
194,0.3409,-2108.061538461538,19.550833333333333,59.210796915167094,103.16452442159382,362,80,0.03536850829760743,,64.25192802056556,99
195,0.339,-1191.0461538461536,8.795833333333333,26.382051282051282,65.34871794871795,366,78,0.03606589830918499,,26.553571428571427,550
196,0.3371,-2384.015384615385,24.661666666666665,71.68527918781726,116.38832487309645,375,77,0.034568538532614324,,96.96332518337408,518
197,0.3352,-1973.1538461538457,16.988333333333333,53.85558583106267,99.05449591280654,366,75,0.035229010900586964,,54.47010869565217,438
198,0.3334,-1365.769230769231,9.155833333333334,27.223958333333332,67.3671875,373,78,0.03601522047455633,,27.440104166666668,158
199,0.3315,-1110.0307692307692,7.745,24.34246575342466,64.37260273972603,368,78,0.03542908853442611,,24.589041095890412,606
200,0.3297,-1623.646153846154,11.718333333333334,36.39705882352941,79.72941176470589,363,74,0.03541107528380612,,37.661764705882355,634
201,0.3279,-1716.6769230769235,13.8825,40.8375,83.8275,373,78,0.03420967263203398,,44.1125,63
202,0.3261,-1060.6,7.318333333333333,23.65909090909091,62.5,350,79,0.03424899025692312,,23.892045454545453,359
203,0.3243,-1903.9076923076923,15.880833333333333,45.52088452088452,89.81326781326781,377,79,0.03338664712787442,,45.88452088452088,274
204,0.3225,-1007.5076923076922,7.159166666666667,22.72316384180791,62.23728813559322,349,81,0.03484158277687994,,23.002824858757062,817
205,0.3207,-1616.5384615384614,11.769166666666667,35.131443298969074,76.0,377,78,0.03564493494557871,,35.20204603580563,662
206,0.3189,-1615.5230769230768,12.544166666666667,39.3800539083558,82.10512129380054,356,77,0.037050525332873195,,42.13527851458886,729
207,0.3172,-1850.8000000000002,13.329166666666667,39.803664921465966,82.78010471204189,363,76,0.035026608673083465,,42.18848167539267,669
208,0.3154,-1253.8461538461538,9.55,29.35170603674541,68.67979002624672,367,80,0.03633594993873427,,30.11627906976744,221
209,0.3137,-1012.7692307692307,6.2091666666666665,19.75,57.991279069767444,351,78,0.03595426388354042,,20.011627906976745,724
210,0.3119,-2244.4769230769234,18.8225,58.64054054054054,105.65675675675676,381,80,0.03534253509605874,,60.25067385444744,566
211,0.3102,-1175.5692307692307,7.951666666666667,23.428934010152282,61.90862944162436,376,77,0.03490297535540127,,23.67258883248731,140
212,0.3085,-1719.769230769231,12.6575,39.58465608465608,82.73544973544973,365,78,0.036169732658900645,,40.01322751322751,165
213,0.3068,-1570.8923076923077,12.510833333333334,39.527624309392266,82.11325966850829,355,75,0.035156719450209706,,40.59945504087194,117
214,0.3051,-1189.1846153846154,8.9075,29.858356940509914,70.35410764872522,345,80,0.03428882528535384,,30.076487252124647,594
215,0.3034,-2073.8,19.464166666666667,60.2037037037037,108.82539682539682,373,77,0.03388225319512913,,61.58611825192802,889
216,0.3017,-1366.2307692307693,9.4175,31.325581395348838,72.70930232558139,349,78,0.032932771921010975,,31.420289855072465,422
217,0.3,-1755.8153846153846,13.109166666666667,39.66487935656836,85.20911528150134,371,75,0.03267528058673974,,41.2171581769437,222
218,0.2984,-1527.923076923077,9.801666666666666,30.295890410958904,70.64931506849315,367,78,0.033456520777204415,,30.528767123287672,5
219,0.2967,-1382.246153846154,10.335833333333333,31.552278820375335,71.42359249329759,358,79,0.034110802175468406,,32.101876675603215,136
220,0.2951,-853.2,5.908333333333333,20.574404761904763,59.526785714285715,325,82,0.03499278702556932,,20.87797619047619,633
221,0.2935,-1747.5846153846155,11.158333333333333,33.402116402116405,76.16931216931216,384,74,0.034128213970061556,,33.74603174603175,318
222,0.2918,-2080.507692307692,19.016666666666666,59.90190735694823,104.19891008174388,356,74,0.03403907703680314,,73.78877005347593,326
223,0.2902,-1448.5384615384614,11.6,35.39473684210526,77.0421052631579,368,81,0.03521100149851923,,35.892105263157895,786
224,0.2886,-1120.446153846154,7.8025,25.142061281337046,65.50139275766017,360,83,0.033345951472383534,,25.37883008356546,290
225,0.287,-1401.1384615384616,10.573333333333334,31.71938775510204,71.52806122448979,374,80,0.03341148218507146,,31.946428571428573,734
226,0.2854,-1512.0,10.148333333333333,30.376963350785342,70.8717277486911,385,74,0.034842692595544046,,30.51832460732984,834
227,0.2838,-1064.4,7.7491666666666665,24.876750700280112,64.62745098039215,358,80,0.034155141454319596,,25.11764705882353,261
228,0.2823,-825.2461538461539,5.496666666666667,19.137724550898202,57.00299401197605,325,78,0.034522305904039645,,19.350299401197606,707
229,0.2807,-835.0615384615385,5.684166666666667,19.08695652173913,57.73623188405797,342,78,0.033518199326640324,,19.269565217391303,484
230,0.2792,-1359.0,10.158333333333333,31.34656084656085,72.65608465608466,365,76,0.03467254090208209,,32.25714285714286,186
231,0.2776,-1638.7076923076922,11.435,36.096317280453256,79.13881019830028,367,76,0.03405187389997882,,36.31161473087819,356
232,0.2761,-919.4461538461537,6.340833333333333,21.810089020771514,60.166172106824924,324,78,0.03401646016749865,,21.979228486646885,876
233,0.2746,-854.0923076923077,6.3025,20.2,58.925,355,81,0.03390146264813153,,20.394444444444446,160
234,0.273,-1993.5846153846155,14.144166666666667,41.27105263157895,86.53157894736842,393,75,0.03472881877139519,,41.742105263157896,269
235,0.2715,-1114.6615384615384,7.5425,23.54742547425474,63.53658536585366,379,78,0.032505070965085404,,23.802168021680217,123
236,0.27,-1591.4615384615383,11.388333333333334,35.05570291777188,77.78249336870026,376,75,0.03265724355930296,,35.3368700265252,454
237,0.2685,-1556.9230769230771,10.466666666666667,33.55652173913043,75.51884057971014,356,78,0.0328232810751791,,33.802898550724635,533
238,0.267,-1704.0153846153846,11.428333333333333,33.88413098236776,75.00755667506297,390,73,0.03167064303069043,,34.1360201511335,644
239,0.2656,-1358.1384615384613,9.6,29.933333333333334,71.06133333333334,373,78,0.031540591302071576,,30.093333333333334,538
240,0.2641,-998.723076923077,7.214166666666666,23.645714285714284,62.70857142857143,346,83,0.03292331696211167,,23.928571428571427,754
241,0.2626,-1032.1999999999998,7.1375,22.075675675675676,61.64054054054054,373,78,0.03281197064385883,,22.324324324324323,740
242,0.2612,-818.6153846153846,5.2275,17.730994152046783,55.432748538011694,336,78,0.03256440091509704,,17.935672514619885,519
243,0.2597,-1028.6615384615384,6.043333333333333,19.294797687861273,57.543352601156066,353,77,0.03290175394156508,,19.46820809248555,691
244,0.2583,-1361.3538461538462,9.2325,27.026954177897576,67.71967654986523,376,75,0.03255919897352832,,27.336927223719677,839
245,0.2569,-1166.230769230769,7.884166666666666,24.861495844875346,63.662049861495845,355,79,0.032077267487097855,,25.03601108033241,654
246,0.2555,-2076.5076923076927,14.53,41.32843137254902,84.24019607843137,394,71,0.031212474637434408,,41.57107843137255,401
247,0.254,-1282.0,8.609166666666667,27.177285318559555,67.66204986149584,356,78,0.033741608175,,27.44321329639889,68
248,0.2526,-1073.6769230769232,7.791666666666667,25.84971098265896,65.94797687861272,353,79,0.034925611887145505,,26.060693641618496,758
249,0.2512,-1520.9384615384615,10.271666666666667,31.78125,75.3125,364,77,0.03522490720207772,,32.02840909090909,602
250,0.2498,-1110.9846153846152,8.221666666666666,26.23835616438356,66.0,357,81,0.035259134857692755,,26.53698630136986,865
251,0.2485,-1900.1692307692306,21.2375,66.91978609625669,111.78877005347593,363,81,0.03421278758066491,,86.10846560846561,277
252,0.2471,-1031.7846153846153,6.6258333333333335,21.71671388101983,61.81869688385269,366,76,0.03308388499251266,,21.864022662889518,321
253,0.2457,-1633.6923076923076,11.746666666666666,35.13775510204081,77.48724489795919,379,73,0.032456619115765625,,35.44387755102041,386
254,0.2444,-1101.123076923077,7.683333333333334,24.793871866295266,63.83286908077994,345,75,0.03338654629046765,,24.988888888888887,273
255,0.243,-1791.076923076923,11.251666666666667,26.216710182767624,66.61879895561357,396,77,0.03294101331617258,,26.369791666666668,660
256,0.2417,-1150.7230769230769,8.414166666666667,26.446866485013626,66.69209809264305,360,77,0.033332719854226554,,26.645776566757494,522
257,0.2403,-1482.2615384615387,10.548333333333334,32.20052770448549,73.26385224274406,378,76,0.03326850445065166,,32.41842105263158,161
258,0.239,-1314.876923076923,9.319166666666666,27.385474860335197,67.51396648044692,354,78,0.031037311504575896,,28.50974930362117,58
259,0.2377,-1012.2461538461539,7.371666666666667,24.7134670487106,64.35816618911174,343,81,0.03189940117206465,,24.931232091690543,579
260,0.2364,-1571.5538461538463,10.145833333333334,32.59171597633136,74.09467455621302,355,78,0.03271092994793055,,32.76923076923077,509
261,0.2351,-1636.0153846153844,13.078333333333333,41.29066666666667,85.91466666666666,361,77,0.03196508165576992,,45.496,163
262,0.2338,-1489.5384615384614,9.455833333333333,29.384408602150536,70.46505376344086,375,77,0.03228201084445,,29.647849462365592,64
263,0.2325,-1069.3538461538462,7.64,24.679775280898877,63.46629213483146,347,76,0.030527276680427207,,24.879213483146067,575
264,0.2312,-1387.6307692307691,9.326666666666666,28.380208333333332,68.6953125,374,73,0.030701182533344477,,28.630208333333332,471
265,0.2299,-1139.0461538461539,7.970833333333333,24.64627659574468,64.04521276595744,367,76,0.029922602246439348,,24.877659574468087,168
266,0.2286,-1528.4461538461537,9.543333333333333,29.203166226912927,69.84168865435356,370,76,0.030673686652655824,,29.437994722955146,807
267,0.2274,-1449.3076923076922,10.66,33.352785145888596,74.18302387267904,376,71,0.030574959525606328,,33.63925729442971,109
268,0.2261,-954.4923076923076,6.7375,21.257534246575343,60.21917808219178,366,80,0.030805738120552532,,21.443835616438356,41
269,0.2249,-1273.6153846153848,8.546666666666667,26.654986522911052,67.30458221024259,371,77,0.03071120842769589,,26.873655913978496,776
270,0.2236,-803.7846153846154,5.4816666666666665,18.94080996884735,57.14641744548287,325,79,0.030281525370556246,,19.093457943925234,416
271,0.2224,-1495.8923076923077,8.560833333333333,25.780748663101605,65.8288770053476,383,74,0.02916116183068706,,25.997326203208555,683
272,0.2211,-1221.923076923077,7.616666666666666,24.019886363636363,63.72159090909091,367,77,0.029264950487745873,,24.28125,101
273,0.2199,-1464.846153846154,10.901666666666667,32.23809523809524,75.3984962406015,386,73,0.03089503777865217,,32.664160401002505,508
274,0.2187,-983.7076923076925,5.9591666666666665,18.85112359550562,57.800561797752806,366,77,0.03019435064955728,,19.00560224089636,120
275,0.2175,-1316.9846153846156,9.474166666666667,29.28723404255319,70.33244680851064,375,75,0.0286053411871437,,29.482758620689655,892
276,0.2163,-1220.323076923077,9.008333333333333,28.084468664850135,68.52588555858311,371,80,0.029509117982504746,,28.35967302452316,459
277,0.2151,-1611.1384615384616,9.445833333333333,28.246684350132625,68.37400530503979,387,72,0.03100045632073223,,28.514588859416445,480
278,0.2139,-1120.0461538461539,7.0633333333333335,22.329700272479563,62.217983651226156,368,75,0.02991990945256076,,22.59400544959128,475
279,0.2127,-1100.6615384615384,7.464166666666666,24.427777777777777,64.02777777777777,355,81,0.02932584746735499,,24.625,752
280,0.2115,-1209.2153846153847,7.9925,23.699731903485254,62.20375335120644,363,75,0.03085682260238755,,23.959785522788202,448
281,0.2104,-1198.1076923076923,7.6675,25.15340909090909,65.91477272727273,358,80,0.030765705190712818,,25.397727272727273,380
282,0.2092,-781.076923076923,5.379166666666666,17.56896551724138,56.03735632183908,346,79,0.02886836508722917,,17.761494252873565,304
283,0.208,-1023.0923076923076,6.591666666666667,21.582386363636363,60.50284090909091,348,77,0.028958746303173653,,21.821022727272727,477
284,0.2069,-1158.2153846153847,8.041666666666666,25.155913978494624,65.44086021505376,373,79,0.029547420108869744,,25.387096774193548,640
285,0.2058,-1602.7692307692307,11.458333333333334,34.255319148936174,77.59042553191489,392,67,0.03176476417827265,,35.48936170212766,821
286,0.2046,-1420.5230769230766,10.243333333333334,30.308673469387756,71.33163265306122,380,73,0.031080547064843735,,30.602040816326532,227
287,0.2035,-1904.9846153846156,14.584166666666667,43.508951406649615,86.63938618925832,387,73,0.029384602670779057,,44.0460358056266,873
288,0.2024,-2050.3846153846152,15.01,43.725,87.6275,392,72,0.028383208855532898,,44.45679012345679,795
289,0.2012,-856.2615384615385,5.995833333333334,19.600574712643677,58.48275862068966,356,79,0.027664518211839368,,19.830459770114942,745
290,0.2001,-996.6615384615385,7.138333333333334,22.219576719576718,61.51322751322751,374,79,0.027903961671373975,,22.515873015873016,439
291,0.199,-916.4615384615385,6.421666666666667,21.669616519174042,61.551622418879056,340,77,0.028099463979581754,,21.86725663716814,771
292,0.1979,-1131.3230769230768,7.779166666666667,23.6,63.28378378378378,375,79,0.028521058459911364,,23.8,597
293,0.1968,-1532.7846153846156,14.053333333333333,43.43766578249337,89.34748010610079,372,79,0.029680363963398515,,56.736147757255935,610
294,0.1957,-804.5538461538462,4.994166666666667,16.938053097345133,55.99705014749262,339,78,0.030112887465039175,,17.153392330383483,119
295,0.1946,-782.876923076923,5.486666666666666,18.6047197640118,57.256637168141594,343,85,0.02918637180726139,,18.846607669616517,859
296,0.1936,-1274.0923076923077,9.080833333333333,27.30179028132992,66.94373401534527,384,78,0.030102402228857975,,27.570332480818415,24
297,0.1925,-988.4153846153847,6.4225,20.44141689373297,58.70299727520436,350,76,0.030264457196554417,,20.705722070844686,544
298,0.1914,-1091.2153846153847,6.7941666666666665,21.47645429362881,60.48476454293629,362,74,0.029062828629143275,,21.770083102493075,170
299,0.1904,-1497.5076923076922,10.56,32.43927648578811,73.51162790697674,382,76,0.027889739580828018,,32.695090439276484,278
300,0.1893,-1144.3076923076924,8.1,24.692513368983956,64.42780748663101,368,77,0.027774293011448157,,24.9572192513369,420
301,0.1883,-1166.9230769230771,7.4675,22.4765625,62.205729166666664,378,78,0.027495403882355923,,22.794270833333332,15
302,0.1872,-980.2769230769231,5.969166666666666,19.213483146067414,58.30337078651685,364,75,0.02724421109821699,,19.348314606741575,678
303,0.1862,-1094.3846153846155,7.8425,24.186842105263157,63.857894736842105,381,76,0.027572015943854424,,24.478947368421053,517
304,0.1852,-897.8461538461539,5.9366666666666665,19.675213675213676,58.43874643874644,355,78,0.027737450939387127,,19.90883190883191,92
305,0.1841,-1054.9384615384615,7.5008333333333335,23.37150837988827,62.899441340782126,355,76,0.026554466474449208,,23.592178770949722,55
306,0.1831,-1364.2923076923075,9.22,28.333333333333332,69.2103825136612,360,78,0.026468138390641785,,28.538251366120218,343
307,0.1821,-853.6,5.7091666666666665,18.95086705202312,57.8757225433526,348,82,0.026954572026027586,,19.15028901734104,118
308,0.1811,-1150.2769230769231,6.899166666666667,21.980392156862745,61.01960784313726,366,74,0.025150885082313525,,22.173669467787114,464
309,0.1801,-1396.4923076923078,10.318333333333333,32.78016085790885,76.04021447721179,363,75,0.025724967512221752,,33.024128686327074,629
310,0.1791,-1206.3846153846152,7.5875,24.334302325581394,63.656976744186046,350,76,0.026870985835541664,,24.5203488372093,145
311,0.1781,-1023.2,6.9225,21.964864864864865,61.37027027027027,365,76,0.025157654168463994,,22.197297297297297,666
312,0.1771,-1228.4769230769232,7.676666666666667,22.94300518134715,62.10621761658031,379,72,0.02611710351444117,,23.22538860103627,398
313,0.1762,-1199.4307692307693,8.113333333333333,24.404092071611252,64.14066496163683,392,77,0.02592711713317837,,24.62148337595908,596
314,0.1752,-863.876923076923,5.579166666666667,18.296296296296298,57.25071225071225,351,78,0.025760499721624856,,18.532763532763532,449
315,0.1742,-701.8307692307692,4.878333333333333,17.15727002967359,55.53412462908012,331,77,0.0260528475467658,,17.311572700296736,246
316,0.1732,-774.0615384615385,5.2125,18.00602409638554,56.16867469879518,326,80,0.02496228147003811,,18.08383233532934,759
317,0.1723,-1686.753846153846,12.213333333333333,35.87909319899244,76.70528967254408,381,71,0.02429037917837618,,36.211586901763226,80
318,0.1713,-970.323076923077,6.954166666666667,22.68169014084507,61.95492957746479,352,80,0.02469486967951368,,22.87323943661972,582
319,0.1704,-1471.3846153846152,9.785833333333333,28.09090909090909,69.20638820638821,409,69,0.024770288309992325,,28.415233415233416,225
320,0.1694,-1170.0153846153846,8.028333333333334,24.288770053475936,63.903743315508024,386,77,0.024510172967981542,,24.462566844919785,551
321,0.1685,-1018.8,5.823333333333333,18.65616045845272,57.343839541547275,363,76,0.024452814411959983,,18.813753581661892,391
322,0.1676,-846.5999999999999,6.505,21.72622478386167,60.15850144092219,337,84,0.024151663752515273,,21.976945244956774,20
323,0.1666,-682.0153846153846,4.3741666666666665,15.697530864197532,53.80555555555556,323,78,0.024016366518487407,,15.806153846153846,250
324,0.1657,-1007.2461538461538,6.505833333333333,20.034391534391535,59.70634920634921,384,76,0.02299481299022339,,20.264550264550266,35
325,0.1648,-1011.2615384615385,6.7125,20.211382113821138,59.24390243902439,375,77,0.023163780970811194,,20.444444444444443,18
326,0.1639,-1266.923076923077,9.74,30.546195652173914,71.30978260869566,348,78,0.02293261684141576,,30.83695652173913,670
327,0.163,-1200.4923076923076,7.449166666666667,23.58423913043478,62.39673913043478,351,76,0.02272958261188457,,23.858695652173914,500
328,0.1621,-1207.4461538461537,7.921666666666667,23.54471544715447,63.15447154471545,376,75,0.02161256369889306,,23.745257452574524,559
329,0.1612,-799.8307692307692,5.261666666666667,18.14329268292683,56.920731707317074,335,81,0.021087701113759006,,18.26219512195122,205
330,0.1603,-921.6000000000001,6.151666666666666,20.689655172413794,59.67816091954023,346,75,0.022364256651278048,,20.867816091954023,882
331,0.1594,-967.1692307692307,6.9375,22.161473087818695,61.47308781869688,356,80,0.022919925968742354,,22.39660056657224,485
332,0.1585,-1054.7230769230769,7.860833333333333,24.174479166666668,64.28645833333333,368,80,0.023990897165951458,,24.434895833333332,506
333,0.1577,-1281.4153846153845,8.938333333333333,27.670157068062828,67.28534031413612,359,77,0.022654478656418592,,27.905759162303664,400
334,0.1568,-1784.4615384615386,15.4525,44.92156862745098,86.90196078431373,398,72,0.02282992541026471,,45.700980392156865,735
335,0.1559,-1045.0923076923077,7.2091666666666665,23.375690607734807,62.11602209944751,352,74,0.022948053276855028,,23.591160220994475,799
336,0.155,-1061.476923076923,7.283333333333333,22.551075268817204,61.30913978494624,363,79,0.021950697687600346,,22.827956989247312,479
337,0.1542,-1187.6,8.375,27.345403899721447,66.85515320334262,346,75,0.022676694231012266,,27.537604456824514,403
338,0.1533,-1042.5538461538463,6.638333333333334,20.217506631299734,59.04774535809018,376,72,0.021647590971043566,,20.44031830238727,863
339,0.1525,-1233.6923076923078,8.281666666666666,24.871391076115486,64.81889763779527,385,75,0.021805206674979562,,25.11286089238845,71
340,0.1516,-2052.630769230769,19.02,57.68298969072165,102.33762886597938,383,76,0.022383278725896044,,65.4253164556962,310
341,0.1508,-737.9384615384615,5.535,18.250704225352113,56.17464788732394,343,82,0.021394132292225747,,18.4056338028169,548
342,0.15,-1051.676923076923,7.756666666666667,23.956639566395665,63.71273712737128,376,81,0.021389628308426466,,24.051212938005392,578
343,0.1491,-1054.0153846153848,7.1466666666666665,21.513089005235603,60.86387434554974,381,78,0.020312715202709625,,21.772251308900522,412
344,0.1483,-1247.8923076923077,8.2025,24.97612732095491,66.0212201591512,385,75,0.02126959862319392,,25.29177718832891,840
345,0.1475,-1218.523076923077,9.158333333333333,28.81401617250674,69.25606469002696,350,76,0.021265273867082282,,30.121293800539082,79
346,0.1467,-948.9230769230769,6.545,21.42982456140351,60.8859649122807,352,78,0.020822089557364518,,21.63157894736842,365
347,0.1459,-1410.5846153846155,9.934166666666666,30.72845953002611,72.61879895561357,369,75,0.020538820456451407,,32.189119170984455,569
348,0.1451,-943.2615384615383,6.216666666666667,21.286567164179104,59.865671641791046,326,75,0.02153464312508735,,21.573134328358208,713
349,0.1443,-886.3538461538462,5.651666666666666,19.055882352941175,58.05882352941177,342,79,0.022466666675992498,,19.24705882352941,85
350,0.1435,-1093.1846153846154,7.689166666666667,24.671309192200557,64.67130919220055,365,79,0.021658668360381248,,24.87743732590529,534
351,0.1427,-1185.3076923076924,7.565833333333333,23.115183246073297,63.35078534031414,381,72,0.021609997025817833,,23.37597911227154,626
352,0.1419,-1372.8615384615387,8.6375,26.58288770053476,67.55882352941177,380,75,0.021560149309841365,,26.858288770053477,166
353,0.1411,-834.9076923076923,6.219166666666666,19.608815426997246,58.162534435261705,345,82,0.020353780597609814,,19.80716253443526,494
354,0.1403,-1056.2923076923078,7.21,24.198863636363637,63.96590909090909,357,81,0.0195870963203338,,24.392045454545453,482
355,0.1395,-1278.0615384615385,9.778333333333334,29.468030690537084,68.89002557544757,372,75,0.020121362472711422,,29.792838874680307,214
356,0.1388,-800.4615384615386,6.035,19.941176470588236,58.81512605042017,344,83,0.019717269727421403,,20.170868347338935,635
357,0.138,-1093.6769230769232,7.725833333333333,23.854497354497354,65.11111111111111,381,79,0.019611789319646227,,24.246031746031747,367
358,0.1372,-897.0923076923077,6.2075,20.469914040114613,58.59025787965616,345,77,0.01968690565705166,,20.7134670487106,812
359,0.1365,-1278.9384615384615,9.1475,27.31282051282051,67.14871794871794,377,74,0.02016118521833462,,27.57948717948718,122
360,0.1357,-1238.123076923077,7.914166666666667,23.835106382978722,63.5531914893617,376,77,0.019269882277714274,,24.069148936170212,711
361,0.135,-1240.4615384615386,8.3025,24.65228426395939,64.30456852791878,386,77,0.01976253611574173,,25.01015228426396,542
362,0.1342,-795.5384615384615,5.435,18.36873156342183,57.415929203539825,344,80,0.02065281937454689,,18.545722713864308,841
363,0.1335,-764.5999999999999,5.385833333333333,17.05187319884726,55.737752161383284,356,77,0.019716130414302674,,17.26801152737752,545
364,0.1327,-827.3230769230769,5.464166666666666,18.458333333333332,56.82440476190476,339,78,0.01969533071792897,,18.666666666666668,556
365,0.132,-999.4307692307692,7.195833333333334,22.683646112600535,61.93297587131367,360,79,0.02035437293882422,,22.89544235924933,866
366,0.1313,-1323.7230769230769,8.6625,26.01595744680851,65.50531914893617,377,75,0.01994066566671628,,26.18617021276596,305
367,0.1306,-886.1692307692308,6.555,20.233062330623305,59.111111111111114,364,82,0.020325994688984238,,20.506775067750677,871
368,0.1298,-1207.8615384615384,8.324166666666667,25.981283422459892,65.68983957219251,367,78,0.02087183255054195,,26.28609625668449,468
369,0.1291,-1254.523076923077,8.708333333333334,26.5974025974026,66.64935064935065,384,74,0.0196957752140831,,26.846753246753245,732
370,0.1284,-1077.6615384615384,7.095833333333333,22.658959537572255,62.56936416184971,354,77,0.018957979969971034,,22.780979827089336,671
371,0.1277,-1067.6,7.7683333333333335,24.285714285714285,64.29649595687331,370,79,0.019489876919572772,,24.52021563342318,720
372,0.127,-907.9384615384615,6.2508333333333335,19.724431818181817,58.12215909090909,350,78,0.020954432864812918,,19.960227272727273,394
373,0.1263,-944.2,6.445833333333334,19.972375690607734,59.552486187845304,371,76,0.019966590969372183,,20.23204419889503,470
374,0.1256,-1347.6923076923076,10.014166666666666,30.205194805194804,70.64935064935065,387,74,0.020136414282268235,,30.646753246753246,505
375,0.1249,-948.1999999999999,6.831666666666667,21.457534246575342,60.47671232876712,361,81,0.019289293563012358,,21.671232876712327,254
376,0.1242,-911.0923076923076,6.2225,20.116343490304708,59.22437673130194,358,75,0.018495996823281163,,20.31578947368421,96
377,0.1235,-941.9384615384615,6.469166666666666,21.97953216374269,61.69005847953216,342,78,0.017638856309843656,,22.216374269005847,527
378,0.1228,-1084.123076923077,7.735833333333333,23.914438502673796,63.9331550802139,368,79,0.018187267099358546,,24.128342245989305,127
379,0.1221,-1238.8923076923077,8.3075,26.373655913978496,66.23387096774194,369,76,0.017846847733016712,,26.620967741935484,432
380,0.1215,-1198.7076923076922,8.825833333333334,25.87121212121212,65.02525252525253,386,78,0.01876491895149148,,26.11868686868687,790
381,0.1208,-1104.892307692308,7.976666666666667,25.3048128342246,64.77272727272727,363,80,0.018141646440558563,,25.47860962566845,696
382,0.1201,-1015.1076923076923,6.706666666666667,21.47632311977716,60.4791086350975,356,77,0.019976436983293183,,21.654596100278553,481
383,0.1195,-1512.4,10.788333333333334,33.242666666666665,74.59466666666667,388,75,0.018846772721861173,,33.55733333333333,421
384,0.1188,-817.9230769230769,5.5216666666666665,16.760932944606413,54.57142857142857,345,78,0.019203863100894048,,17.02332361516035,848
385,0.1181,-1226.5384615384614,8.84,26.678851174934724,66.8485639686684,382,77,0.020103651149926547,,26.95822454308094,200
386,0.1175,-798.0615384615385,5.126666666666667,17.642857142857142,56.12797619047619,336,76,0.019161462290179475,,17.94345238095238,348
387,0.1168,-1555.3076923076924,11.593333333333334,32.43230403800475,72.65795724465558,402,72,0.019176290543847712,,33.39192399049881,788
388,0.1162,-846.2,6.199166666666667,20.692307692307693,59.79202279202279,343,80,0.018747585694566533,,21.05128205128205,702
389,0.1156,-1142.476923076923,7.7875,24.25945945945946,63.87837837837838,373,75,0.018665827959980674,,24.45945945945946,802
390,0.1149,-980.0769230769231,6.573333333333333,21.625714285714285,61.06857142857143,356,76,0.01830838588213785,,21.86,717
391,0.1143,-911.2307692307693,5.9816666666666665,19.615598885793872,58.00557103064067,348,78,0.01916652848119024,,19.86350974930362,877
392,0.1136,-1291.4769230769232,8.96,28.31117021276596,67.8377659574468,359,71,0.018918295330335864,,28.578249336870027,665
393,0.113,-698.123076923077,5.0808333333333335,17.06376811594203,55.82898550724638,347,82,0.019829108049170957,,17.27246376811594,91
394,0.1124,-1246.076923076923,8.924166666666666,26.984496124031008,67.5452196382429,383,78,0.018831061537474353,,27.289405684754524,219
395,0.1118,-1188.8153846153848,7.914166666666667,25.3314447592068,65.26912181303116,359,73,0.018888532229446097,,25.575070821529746,177
396,0.1112,-1149.2153846153847,7.523333333333333,22.97082228116711,62.63660477453581,385,74,0.019655239709119306,,23.214854111405835,27
397,0.1105,-947.0461538461539,6.404166666666667,20.692737430167597,59.402234636871505,355,74,0.018851598410372924,,20.907821229050278,90
398,0.1099,-908.5076923076924,6.341666666666667,20.53409090909091,59.67045454545455,353,82,0.018974401162132105,,20.789772727272727,768
399,0.1093,-1022.0461538461539,7.629166666666666,23.25526315789474,62.64473684210526,367,80,0.0185417101179429,,23.58157894736842,451
400,0.1087,-1134.6000000000001,7.535,23.409703504043126,63.16172506738545,369,79,0.0193401353371108,,23.6900269541779,679
401,0.1081,-940.5692307692308,6.736666666666666,22.055555555555557,61.50555555555555,353,77,0.019395892089665415,,22.36111111111111,861
402,0.1075,-1420.4307692307693,8.7175,25.741206030150753,65.19849246231156,400,67,0.01907828603756188,,25.957286432160803,619
403,0.1069,-838.3538461538462,5.7716666666666665,18.02777777777778,56.25,368,78,0.018865522773059286,,18.261111111111113,327
404,0.1063,-919.9076923076923,5.138333333333334,16.695774647887323,54.391549295774645,348,78,0.018816247893391667,,16.884831460674157,355
405,0.1057,-1281.9846153846154,8.9375,27.015706806282722,67.52356020942409,381,76,0.018761471441267944,,27.26439790575916,433
406,0.1052,-1006.5230769230769,7.0575,21.781420765027324,61.36612021857923,373,79,0.019936612783619478,,21.994535519125684,737
407,0.1046,-944.2307692307693,6.565,20.678571428571427,59.34065934065934,363,76,0.018404788318032148,,20.98076923076923,621
408,0.104,-1328.7384615384615,9.141666666666667,27.464285714285715,67.22448979591837,383,74,0.018606113234282604,,27.757653061224488,128
409,0.1034,-1062.0307692307692,7.1775,22.00261780104712,61.16230366492147,371,75,0.018562165991424764,,22.230366492146597,446
410,0.1028,-895.1076923076923,6.360833333333333,19.67924528301887,58.39353099730458,366,81,0.018216996418794613,,19.935309973045822,42
411,0.1023,-1135.676923076923,7.74,25.115702479338843,65.6969696969697,361,75,0.017980251228594542,,25.264462809917354,831
412,0.1017,-1133.6769230769232,6.680833333333333,20.86413043478261,59.39673913043478,368,76,0.018466884365578733,,21.171195652173914,878
413,0.1011,-1245.476923076923,8.3475,27.82905982905983,68.76068376068376,363,76,0.018374946449332897,,28.125356125356124,467
414,0.1006,-1203.9384615384615,8.423333333333334,24.598984771573605,64.12944162436548,390,77,0.018657343054295124,,24.82994923857868,437
415,0.1,-797.9692307692308,5.656666666666666,18.286501377410467,56.34710743801653,352,81,0.018633567637154794,,18.482093663911847,231
416,0.0995,-1005.676923076923,6.903333333333333,21.173228346456693,60.55905511811024,371,77,0.01848642943048339,,21.41469816272966,498
417,0.0989,-2416.169230769231,17.62,50.8498789346247,93.3365617433414,382,64,0.01826087382010989,,52.97122302158273,462
418,0.0984,-1091.123076923077,7.994166666666667,22.751243781094526,62.25373134328358,398,79,0.018378225305743436,,23.01741293532338,263
419,0.0978,-953.4923076923077,6.8825,21.088709677419356,59.153225806451616,365,77,0.0183829985268258,,21.27077747989276,39
420,0.0973,-998.0153846153846,6.571666666666666,20.350574712643677,58.7816091954023,346,75,0.018114749360153226,,20.580459770114942,611
421,0.0968,-1015.7538461538461,7.045,21.05420054200542,60.74525745257453,377,76,0.01753533150931853,,21.21680216802168,785
422,0.0962,-1073.9230769230767,6.998333333333333,21.60053619302949,61.01072386058981,376,74,0.01851894248374807,,21.823056300268096,107
423,0.0957,-951.3076923076923,6.4558333333333335,20.117021276595743,59.32446808510638,373,77,0.01793273906054523,,20.367021276595743,766
424,0.0952,-1049.4769230769232,7.174166666666666,22.020833333333332,61.830729166666664,379,78,0.018519252672348285,,22.263020833333332,331
425,0.0946,-1215.7846153846153,7.744166666666667,22.406735751295336,61.82642487046632,384,73,0.018233954807214358,,22.71502590673575,17
426,0.0941,-1108.4615384615383,7.3341666666666665,20.855361596009974,60.089775561097255,399,77,0.018573107146899165,,21.01496259351621,152
427,0.0936,-911.3076923076923,6.088333333333333,18.991869918699187,58.203252032520325,374,80,0.017914306366003354,,19.165311653116532,299
428,0.0931,-813.2461538461539,5.308333333333334,16.54016620498615,54.78670360110803,353,78,0.01874126748633523,,16.77285318559557,744
429,0.0926,-978.1538461538462,6.3758333333333335,20.34159779614325,60.049586776859506,368,78,0.019043310743657126,,20.537190082644628,52
430,0.092,-992.9384615384615,7.525833333333333,23.149732620320854,63.532085561497325,376,81,0.0185957316404006,,23.350267379679146,338
431,0.0915,-972.4000000000001,7.171666666666667,21.655352480417754,60.49086161879895,369,82,0.01869184099149458,,21.882506527415142,167
432,0.091,-756.3692307692307,5.414166666666667,17.931232091690543,55.66189111747851,339,77,0.01854913548647978,,18.114285714285714,207
433,0.0905,-899.3384615384616,6.2225,19.5,58.40112994350282,356,78,0.018259386519737575,,19.71186440677966,748
434,0.09,-1833.5846153846153,17.70916666666667,54.23116883116883,96.48311688311688,370,76,0.01794952857067972,,74.2925,452
435,0.0895,-906.8923076923077,6.441666666666666,20.555248618784532,59.450276243093924,360,79,0.018644361646067,,20.759668508287294,335
436,0.089,-841.3538461538461,5.78,18.29380053908356,56.857142857142854,359,78,0.01908651620292264,,18.460916442048518,725
437,0.0885,-843.7692307692307,6.205,19.807065217391305,58.70652173913044,361,80,0.018899518432475643,,20.04891304347826,435
438,0.088,-1141.8923076923077,8.205833333333333,26.338983050847457,66.87005649717514,363,77,0.01865867862926099,,26.562146892655367,773
439,0.0876,-861.2153846153846,6.199166666666667,20.101928374655646,58.88154269972452,357,78,0.018018239087159115,,20.308539944903583,474
440,0.0871,-1335.2153846153847,9.245833333333334,27.62992125984252,67.97112860892389,388,79,0.017973799118735496,,27.913385826771652,411
441,0.0866,-749.1692307692306,5.8275,19.174647887323943,57.51830985915493,347,84,0.018213853989674303,,19.425352112676055,530
442,0.0861,-784.5846153846155,5.4191666666666665,17.62,56.16285714285714,357,76,0.01769459066854332,,17.84857142857143,697
443,0.0856,-854.2615384615383,6.234166666666667,19.521505376344088,58.54838709677419,374,82,0.01919046063525642,,19.70967741935484,777
444,0.0852,-812.2615384615384,5.306666666666667,17.17948717948718,55.37891737891738,357,77,0.019075810682616864,,17.336182336182336,37
445,0.0847,-1534.2,8.77,25.50828729281768,64.68232044198895,378,75,0.018430544664854942,,25.825966850828728,323
446,0.0842,-1133.4923076923078,7.7683333333333335,23.166240409207163,62.57289002557545,378,77,0.01881349338527525,,23.47826086956522,148
447,0.0838,-843.2307692307692,5.793333333333333,18.115281501340483,56.85790884718499,373,78,0.019472290931646576,,18.328877005347593,440
448,0.0833,-1131.2615384615385,7.81,23.34438775510204,63.01020408163265,387,78,0.019820625948297112,,23.556122448979593,375
449,0.0828,-786.5692307692308,5.4875,17.861189801699716,55.78470254957507,352,80,0.018851108091403793,,18.13314447592068,405
450,0.0824,-994.6615384615385,6.348333333333334,20.409470752089135,59.147632311977716,357,70,0.018427241783790238,,20.584958217270195,714
451,0.0819,-1019.0307692307692,6.6625,21.3,60.522222222222226,362,74,0.0182281380103459,,21.533333333333335,311
452,0.0815,-1121.2923076923075,7.9725,24.222513089005236,64.14921465968587,381,78,0.017769724220954353,,24.479057591623036,330
453,0.081,-1052.5230769230768,7.941666666666666,24.986449864498645,65.2059620596206,361,80,0.017859362557750013,,25.2710027100271,116
454,0.0806,-1230.353846153846,8.8025,27.27055702917772,67.10344827586206,367,76,0.01780275205361697,,27.53315649867374,653
455,0.0801,-1511.1538461538462,10.215833333333334,31.36103896103896,71.47532467532467,368,76,0.016665228362909106,,31.618181818181817,360
456,0.0797,-1071.076923076923,7.0216666666666665,22.037735849056602,61.878706199460915,374,73,0.016461723689929212,,22.288409703504044,75
457,0.0792,-1294.0153846153846,7.865,23.78342245989305,63.336898395721924,382,75,0.01684409380377368,,24.048128342245988,133
458,0.0788,-1000.2923076923076,6.3308333333333335,19.29100529100529,58.05291005291005,368,77,0.01744453719388382,,19.574074074074073,511
459,0.0784,-881.076923076923,6.194166666666667,19.872576177285318,59.04432132963989,361,83,0.016540741952765527,,20.058171745152354,294
460,0.0779,-958.9076923076923,6.681666666666667,20.329700272479563,59.555858310626704,371,79,0.0159985084319998,,20.547683923705723,244
461,0.0775,-744.6615384615385,4.18,13.910179640718562,51.90119760479042,346,75,0.016027934997376817,,14.125748502994012,320
462,0.0771,-908.4307692307692,6.49,20.456989247311828,59.776881720430104,368,79,0.01672849094895852,,20.666666666666668,493
463,0.0766,-845.7384615384615,5.44,17.03399433427762,55.4957507082153,360,78,0.017031778488710833,,17.297450424929178,685
464,0.0762,-1347.0,9.31,28.79787234042553,69.16755319148936,373,69,0.017113542966214486,,29.0718085106383,151
465,0.0758,-665.0923076923077,4.741666666666666,16.175953079178885,53.759530791788855,331,78,0.017021829766422022,,16.35483870967742,837
466,0.0754,-1077.5692307692307,7.16,22.158038147138964,61.43051771117166,369,76,0.017021528196413675,,22.446866485013626,47
467,0.075,-883.0,6.1925,19.517906336088153,58.22865013774105,359,79,0.018161841472371747,,19.798898071625345,295
468,0.0745,-991.1692307692308,6.610833333333333,20.462365591397848,59.54838709677419,371,78,0.017507903601199783,,20.717741935483872,600
469,0.0741,-1584.7846153846153,11.235833333333334,31.564593301435405,72.95693779904306,403,78,0.016832691634364516,,31.832535885167463,769
470,0.0737,-1216.1076923076923,9.721666666666666,28.454773869346734,67.17336683417085,379,77,0.016803301730163003,,29.0525,86
471,0.0733,-1120.6923076923076,7.655833333333334,24.706371191135734,64.70083102493075,366,75,0.017277112501147524,,24.905817174515235,313
472,0.0729,-1050.4153846153845,7.181666666666667,21.581632653061224,60.5,387,77,0.016990724354340875,,21.9234693877551,182
473,0.0725,-912.1846153846154,6.2058333333333335,19.286472148541115,58.16710875331565,373,75,0.017093894660050672,,19.49602122015915,805
474,0.0721,-1178.923076923077,7.761666666666667,23.948924731182796,62.91935483870968,367,75,0.01652794396083624,,24.177419354838708,419
475,0.0717,-1076.4153846153845,8.031666666666666,25.160762942779293,63.561307901907355,362,80,0.01671781321244851,,25.39782016348774,83
476,0.0713,-728.1846153846154,4.885,15.58659217877095,54.02513966480447,359,78,0.01668233697636002,,15.77094972067039,765
477,0.0709,-992.9692307692305,6.574166666666667,20.75537634408602,59.62903225806452,368,74,0.016365647100686533,,21.008064516129032,266
478,0.0705,-882.5846153846154,5.185833333333333,16.904347826086955,55.37101449275362,356,72,0.01605434064589663,,17.144927536231883,539
479,0.0701,-815.1846153846152,5.985833333333333,18.705382436260624,57.79320113314448,362,80,0.01609887896341835,,18.937677053824363,524
480,0.0697,-1088.7846153846153,7.126666666666667,22.106666666666666,61.650666666666666,377,78,0.016254807312003895,,22.389333333333333,642
481,0.0694,-964.6923076923078,6.215833333333333,18.67208672086721,56.77235772357724,376,75,0.0170712085216508,,18.926829268292682,580
482,0.069,-782.4307692307691,5.0441666666666665,17.052023121387283,54.638728323699425,335,79,0.016110185241299424,,17.25722543352601,229
483,0.0686,-958.5230769230769,6.09,18.650837988826815,58.13128491620112,370,81,0.017129957947797893,,18.863128491620113,185
484,0.0682,-1060.5692307692307,6.85,21.876750700280112,60.963585434173666,360,75,0.016782665187983978,,22.086834733893557,567
485,0.0678,-856.1538461538462,5.913333333333333,19.239669421487605,57.75482093663912,356,80,0.016559274492370726,,19.457300275482094,426
486,0.0675,-1011.9230769230769,7.039166666666667,21.74934036939314,61.05540897097625,373,79,0.016822793786238917,,22.029023746701846,124
487,0.0671,-1005.5230769230768,6.203333333333333,19.032,57.22933333333334,372,78,0.017273692061506966,,19.248,33
488,0.0667,-1094.769230769231,7.476666666666667,22.462532299741603,61.19896640826873,379,74,0.01685876986206566,,22.64857881136951,694
489,0.0664,-960.8153846153847,6.5841666666666665,20.603217158176943,59.498659517426276,368,76,0.016710361209055124,,20.935656836461128,455
490,0.066,-778.4153846153847,5.721666666666667,18.319444444444443,57.291666666666664,355,83,0.0163439250656714,,18.516666666666666,44
491,0.0656,-975.1692307692308,6.9275,21.507894736842104,61.05789473684211,380,77,0.015311734054113152,,21.742105263157896,709
492,0.0653,-1150.9230769230767,8.2225,24.615776081424936,64.46055979643766,389,77,0.015309671525362362,,24.770992366412212,262
493,0.0649,-811.6307692307691,5.390833333333333,17.576704545454547,55.76420454545455,352,75,0.015775127628889114,,17.758522727272727,615
494,0.0645,-948.1999999999999,5.9366666666666665,19.45682451253482,57.85793871866295,353,72,0.01580986678451289,,19.64066852367688,457
495,0.0642,-896.2769230769231,5.471666666666667,17.4375,56.24715909090909,360,75,0.01589466417014603,,17.650568181818183,397
496,0.0638,-789.2461538461539,5.3116666666666665,17.803468208092486,56.395953757225435,340,76,0.015550568371339174,,18.026011560693643,31
497,0.0635,-914.323076923077,5.950833333333334,19.13276836158192,57.06497175141243,344,74,0.015504905048727988,,19.30225988700565,137
498,0.0631,-892.5076923076924,5.923333333333333,18.99718309859155,57.50704225352113,358,79,0.016155820660149738,,19.16338028169014,599
499,0.0628,-825.1846153846154,5.49,18.319209039548024,56.29661016949152,342,75,0.01569092401857624,,18.573446327683616,648
500,0.0624,-904.0153846153846,6.4191666666666665,19.952380952380953,57.99470899470899,363,76,0.01628200434573485,,20.187830687830687,436
501,0.0621,-880.8615384615384,5.983333333333333,18.925824175824175,56.502747252747255,354,74,0.016398297923982827,,19.0989010989011,864
502,0.0617,-1052.1692307692306,6.864166666666667,20.402666666666665,59.28,375,75,0.016053411405367195,,20.632,755
503,0.0614,-927.3538461538461,6.0075,19.076712328767123,57.74794520547945,357,76,0.016319421230941464,,19.34246575342466,407
504,0.0611,-1144.1384615384616,7.460833333333333,23.7103825136612,63.08469945355191,369,74,0.016792924221760108,,23.959016393442624,155
505,0.0607,-754.4153846153846,4.6725,15.42732558139535,53.79651162790697,350,77,0.01691489554684437,,15.619186046511627,175
506,0.0604,-996.523076923077,6.400833333333333,19.68351063829787,59.170212765957444,375,74,0.016687505809287156,,19.93351063829787,402
507,0.06,-1577.4,10.023333333333333,27.42142857142857,67.75952380952381,418,70,0.01611566202076942,,27.766666666666666,618
508,0.0597,-872.2307692307692,5.6775,18.662011173184357,57.1927374301676,347,76,0.01647712961843975,,18.910614525139664,340
509,0.0594,-1253.2307692307693,8.709166666666667,28.293150684931508,68.65753424657534,355,72,0.016548943782416493,,28.493150684931507,232
510,0.0591,-918.1076923076923,5.701666666666667,17.07103825136612,55.62841530054645,372,74,0.01670251884336431,,17.3224043715847,423
511,0.0587,-753.0461538461539,5.096666666666667,17.00589970501475,55.309734513274336,345,77,0.017181099527700423,,17.24188790560472,851
512,0.0584,-807.6923076923076,5.110833333333333,17.391304347826086,55.88405797101449,344,75,0.017249917267314917,,17.628985507246377,38
513,0.0581,-878.3538461538461,5.766666666666667,18.88268156424581,57.35474860335196,353,79,0.017213362234738065,,19.036312849162012,767
514,0.0578,-888.9692307692308,5.86,18.740437158469945,57.49726775956284,365,77,0.016089964727141384,,19.016393442622952,491
515,0.0574,-899.7692307692307,6.4075,19.185185185185187,58.26984126984127,380,78,0.015348669905586226,,19.47089947089947,572
516,0.0571,-1006.3692307692306,6.409166666666667,20.59722222222222,59.22222222222222,355,78,0.016117690065312253,,20.822222222222223,88
517,0.0568,-836.7692307692307,5.416666666666667,17.286516853932586,55.22752808988764,354,76,0.015973562421781006,,17.60112359550562,756
518,0.0565,-1019.2769230769231,6.5008333333333335,21.03380281690141,59.74929577464789,357,78,0.016116991734653405,,21.23661971830986,742
519,0.0562,-1094.6153846153848,6.906666666666666,19.624678663239074,58.93573264781491,402,74,0.015281147112461826,,19.835475578406168,564
520,0.0559,-832.8307692307692,5.434166666666667,18.58357771260997,57.48093841642229,337,77,0.015724927787944876,,18.75659824046921,339
521,0.0556,-1037.8461538461538,7.071666666666666,20.91731266149871,60.5374677002584,395,76,0.01602423407292459,,21.2015503875969,733
522,0.0553,-1314.753846153846,8.4725,24.921518987341774,65.24556962025316,401,74,0.014992469977985631,,25.227848101265824,794
523,0.0549,-957.6153846153845,6.744166666666667,21.094086021505376,59.64247311827957,364,80,0.014981993510490704,,21.3252688172043,806
524,0.0546,-1050.2923076923078,7.131666666666667,21.74867724867725,60.642857142857146,373,73,0.015696768014937214,,21.965608465608465,555
525,0.0543,-889.4615384615386,5.600833333333333,18.03116147308782,56.54957507082153,357,77,0.014397940056312395,,18.161473087818695,478
526,0.054,-1198.3692307692309,7.944166666666667,23.248730964467004,62.91624365482234,399,73,0.014861282568294758,,23.384810126582277,622
527,0.0537,-872.0,5.906666666666666,18.416666666666668,57.14247311827957,372,75,0.014317842917145517,,18.68010752688172,59
528,0.0534,-747.723076923077,4.904166666666667,16.18840579710145,54.19420289855073,346,79,0.014989414958611268,,16.420289855072465,761
529,0.0531,-897.1692307692308,5.705,17.715846994535518,56.032786885245905,362,72,0.013828297370130298,,17.991803278688526,815
530,0.0529,-1123.0,7.710833333333333,22.1925,62.295,400,78,0.013961665891501685,,22.4925,61
531,0.0526,-1331.4307692307693,7.0175,20.203296703296704,58.76648351648352,375,78,0.013631950520426234,,20.4010989010989,293
532,0.0523,-888.6923076923076,5.3075,16.753424657534246,54.73972602739726,360,81,0.014632921707442258,,16.947945205479453,453
533,0.052,-1070.753846153846,6.465833333333333,19.694594594594594,57.76756756756757,372,76,0.015314823751219092,,19.875675675675677,312
534,0.0517,-829.4923076923078,5.344166666666666,18.061046511627907,56.25581395348837,335,77,0.013896462562302297,,18.205797101449274,651
535,0.0514,-759.2153846153847,4.825833333333334,16.068376068376068,53.957264957264954,336,74,0.014826467367949018,,16.284900284900285,726
536,0.0511,-1440.9230769230771,9.469166666666666,29.558823529411764,68.36096256684492,360,68,0.015286179623122353,,29.735294117647058,676
537,0.0508,-852.446153846154,5.200833333333334,16.257617728531855,54.016620498614955,353,77,0.014282660477636171,,16.46814404432133,404
538,0.0506,-754.9384615384615,5.508333333333334,17.75211267605634,56.38591549295775,354,81,0.014351742150155871,,17.96056338028169,558
539,0.0503,-1216.9230769230771,8.56,26.2720207253886,65.95336787564767,379,75,0.014560129829815175,,26.50518134715026,0
540,0.05,-832.8923076923077,5.465,17.870056497175142,56.378531073446325,357,77,0.014177725207955617,,18.081920903954803,584
541,0.05,-1073.8153846153846,7.574166666666667,22.734536082474225,62.579896907216494,387,79,0.013281761049876849,,22.99484536082474,791
542,0.05,-741.9076923076923,4.975833333333333,16.588757396449704,54.53846153846154,333,78,0.013889071336712177,,16.755162241887906,349
543,0.05,-795.2461538461539,5.910833333333334,18.475,56.5,352,79,0.01426686397645682,,18.68611111111111,473
544,0.05,-1392.9846153846154,10.846666666666666,33.088541666666664,72.6015625,368,72,0.013712731340179985,,33.91370558375635,239
545,0.05,-966.0769230769231,6.735,21.877777777777776,61.50277777777778,359,79,0.013922360575744433,,22.130555555555556,652
546,0.05,-1341.246153846154,9.665833333333333,28.434782608695652,69.54219948849105,385,77,0.013671002150680298,,28.70843989769821,643
547,0.05,-798.8923076923077,5.645833333333333,17.708791208791208,56.15934065934066,366,79,0.0139767728172122,,17.96978021978022,741
548,0.05,-1034.1076923076923,7.46,22.427461139896373,62.44818652849741,389,78,0.01344404468744256,,22.645077720207254,255
549,0.05,-878.1846153846154,5.94,18.56763925729443,57.19098143236074,369,77,0.014042573516430665,,18.77777777777778,858
550,0.05,-1159.0,7.995833333333334,22.900485436893202,62.37864077669903,397,74,0.013979114020764837,,23.079710144927535,235
551,0.05,-1040.5384615384617,7.450833333333334,23.876712328767123,64.61643835616438,373,80,0.014116723025007704,,24.115068493150684,300
552,0.05,-1265.6,8.545,26.17105263157895,66.97894736842105,381,72,0.014470945320139022,,26.426315789473684,242
553,0.05,-934.0769230769231,6.275833333333333,18.059154929577463,56.861971830985915,366,79,0.013643694051999434,,18.27323943661972,183
554,0.05,-1025.2153846153847,6.558333333333334,20.077333333333332,58.784,374,75,0.014374630772454138,,20.304,469
555,0.05,-836.723076923077,5.261666666666667,17.771260997067447,55.9941348973607,335,74,0.013581718124471731,,17.964809384164223,543
556,0.05,-866.446153846154,6.079166666666667,19.518105849582174,59.17270194986072,366,80,0.014234159124631936,,19.807799442896936,32
557,0.05,-810.6615384615384,5.483333333333333,18.3121387283237,57.127167630057805,349,82,0.01334160163543945,,18.53179190751445,860
558,0.05,-688.5999999999999,4.995,16.03932584269663,54.36516853932584,350,80,0.01374190415865284,,16.320224719101123,361
559,0.05,-1100.876923076923,7.3925,21.794871794871796,61.0025641025641,385,73,0.014014005094457604,,22.035897435897436,747
560,0.05,-1132.9076923076923,8.106666666666667,23.625316455696204,63.858227848101265,403,78,0.01311731644542096,,23.878481012658227,336
561,0.05,-901.6461538461538,5.689166666666667,17.563025210084035,55.97478991596638,364,74,0.01407583201960468,,17.7703081232493,489
562,0.05,-802.3384615384615,5.605,18.473389355742295,56.739495798319325,351,79,0.013455552569118259,,18.683473389355743,809
563,0.05,-1212.6153846153848,8.184166666666666,24.48854961832061,64.34096692111959,388,76,0.013878281086748939,,24.748091603053435,825
564,0.05,-780.3538461538462,5.394166666666667,17.016806722689076,55.76470588235294,361,80,0.013433399819582645,,17.243697478991596,638
565,0.05,-863.1538461538462,5.755,18.30747922437673,57.0803324099723,360,75,0.013085016475403466,,18.52908587257618,202
566,0.05,-826.2,5.6725,17.96418732782369,57.03305785123967,360,79,0.013280787350587783,,18.225895316804408,620
567,0.05,-885.276923076923,5.623333333333333,18.75072463768116,56.802898550724635,338,75,0.013248281149759839,,18.92753623188406,187
568,0.05,-1704.892307692308,10.629166666666666,30.3080684596577,70.72371638141809,405,64,0.013685307931137501,,30.628361858190708,298
569,0.05,-1082.8923076923077,6.883333333333334,21.44235924932976,60.78552278820376,376,74,0.013739106432110003,,21.68900804289544,157
570,0.05,-1014.3076923076924,6.766666666666667,20.45767195767196,59.3994708994709,376,76,0.01485196903760137,,20.735449735449734,456
571,0.05,-867.0769230769231,5.620833333333334,18.150724637681158,56.333333333333336,349,81,0.013778883706133425,,18.35072463768116,256
572,0.05,-1106.676923076923,6.836666666666667,21.116531165311653,61.05149051490515,379,76,0.014773572072505695,,21.319783197831978,316
573,0.05,-948.3538461538461,6.351666666666667,19.45382585751979,58.32981530343008,379,79,0.014877278302441538,,19.654353562005277,43
574,0.05,-939.2000000000002,6.2025,19.20911528150134,58.42627345844504,370,76,0.014519151164278658,,19.41823056300268,252
575,0.05,-1242.2153846153847,7.9075,24.6398891966759,64.36842105263158,367,75,0.01457852286671047,,24.869806094182824,385
576,0.05,-1092.923076923077,6.314166666666667,19.301369863013697,57.95890410958904,375,77,0.014128077264733753,,19.515068493150686,192
577,0.05,-873.1076923076923,5.4825,16.952112676056338,55.31267605633803,365,76,0.014667071626829927,,17.166197183098593,159
578,0.05,-1242.646153846154,8.240833333333333,23.395886889460154,62.93573264781491,394,74,0.01389431968829118,,23.652956298200515,236
579,0.05,-834.1384615384617,5.9675,17.92248062015504,56.248062015503876,374,81,0.013315380417761829,,18.142118863049095,196
580,0.05,-1410.5384615384614,9.845833333333333,29.68717948717949,70.8,386,76,0.013782085376165584,,29.935897435897434,309
581,0.05,-670.6615384615385,4.139166666666667,14.462006079027356,51.91793313069909,329,75,0.014425251483210985,,14.610942249240122,476
582,0.05,-1027.4461538461537,6.845,21.989071038251367,61.12021857923497,366,74,0.014285958647867738,,22.316939890710383,842
583,0.05,-928.3846153846155,6.275833333333333,19.37466307277628,58.54177897574124,384,74,0.014901803212659265,,19.62264150943396,203
584,0.05,-1234.6615384615386,8.3525,24.99484536082474,64.48711340206185,387,76,0.014043738143259618,,25.257731958762886,10
585,0.05,-698.4153846153845,4.4425,14.988059701492537,52.961194029850745,333,77,0.01400121676064171,,15.155223880597015,34
586,0.05,-909.8,6.074166666666667,19.140495867768596,57.829201101928376,362,74,0.014473818507268603,,19.36914600550964,14
587,0.05,-825.446153846154,5.2325,16.89010989010989,54.95879120879121,352,75,0.013978022951720313,,17.063186813186814,342
588,0.05,-944.1692307692308,6.533333333333333,20.645429362880886,58.65650969529086,349,75,0.013575849687852002,,20.897506925207757,656
589,0.05,-953.5230769230769,6.425,19.095238095238095,57.164021164021165,369,77,0.014179047177568481,,19.373015873015873,894
590,0.05,-857.4769230769231,5.0175,16.030898876404493,54.05337078651685,355,71,0.013420241221811732,,16.26050420168067,793
591,0.05,-842.0923076923077,5.3625,18.063583815028903,56.947976878612714,352,77,0.013927010314298884,,18.3757225433526,190
592,0.05,-842.1384615384616,5.685833333333333,18.939655172413794,56.85632183908046,343,79,0.014178287380926347,,19.17241379310345,705
593,0.05,-1061.3076923076924,6.840833333333333,23.476470588235294,63.141176470588235,347,77,0.014028859078429875,,23.75,306
594,0.05,-894.5692307692307,6.0625,18.840220385674932,57.85674931129476,370,77,0.014115957022199713,,19.07162534435262,332
595,0.05,-1037.2923076923078,5.9991666666666665,18.5625,56.81521739130435,363,75,0.014880171985196282,,18.758152173913043,631
596,0.05,-918.3846153846155,5.729166666666667,18.293150684931508,56.83013698630137,367,76,0.014317436797963183,,18.482191780821918,764
597,0.05,-956.5538461538462,6.650833333333333,19.666666666666668,58.59375,386,77,0.014097521223329197,,19.90625,370
598,0.05,-907.5230769230769,6.378333333333333,20.186301369863013,58.865753424657534,367,77,0.014611148075102469,,20.378082191780823,224
599,0.05,-1265.1692307692306,7.69,24.977337110481585,65.04532577903683,362,74,0.014402640569251028,,25.152974504249293,779
600,0.05,-1308.0307692307692,8.406666666666666,24.857506361323153,65.05597964376591,391,71,0.013282779816004165,,25.104325699745548,169
601,0.05,-1353.1538461538462,8.790833333333333,25.40841584158416,65.16584158415841,399,71,0.013940053401517655,,25.653465346534652,746
602,0.05,-879.6153846153845,5.2908333333333335,17.361031518624642,55.73638968481375,351,79,0.013996202463713494,,17.535816618911173,114
603,0.05,-797.7692307692307,5.26,17.636103151862464,55.67908309455587,341,80,0.013906398209856015,,17.802292263610315,379
604,0.05,-676.7384615384615,4.288333333333333,14.852852852852854,52.58258258258258,326,77,0.01352218638543369,,15.06906906906907,488
605,0.05,-1159.1076923076923,7.446666666666666,22.664021164021165,62.3068783068783,384,75,0.013364087566460126,,22.84656084656085,226
606,0.05,-816.9230769230769,5.14,16.424157303370787,54.70224719101124,360,74,0.013627714349247151,,16.59269662921348,289
607,0.05,-1339.3846153846152,9.066666666666666,26.585241730279897,66.6793893129771,395,70,0.013719774987551687,,26.860050890585242,672
608,0.05,-941.9076923076923,5.8575,17.461111111111112,56.16111111111111,370,74,0.013125350762367117,,17.716666666666665,739
609,0.05,-1025.0,6.993333333333333,21.815508021390375,60.94652406417112,368,76,0.013404183935065844,,22.077540106951872,843
610,0.05,-795.8923076923078,5.148333333333333,17.32732732732733,55.648648648648646,347,76,0.012441765913338874,,17.5975975975976,410
611,0.05,-1009.2615384615385,6.928333333333334,20.713541666666668,58.796875,378,75,0.012746241671288676,,20.919270833333332,463
612,0.05,-2206.9692307692308,16.54083333333333,46.5311004784689,87.77272727272727,396,64,0.012967292329713345,,48.547846889952154,396
613,0.05,-752.7384615384615,4.5925,15.50287356321839,53.451149425287355,343,75,0.013356774450837565,,15.744252873563218,372
614,0.05,-647.446153846154,4.361666666666666,15.882352941176471,53.424148606811144,323,76,0.013313454441558818,,16.05263157894737,698
615,0.05,-1927.4923076923078,12.116666666666667,34.02158273381295,76.1558752997602,412,70,0.013724700978054977,,34.700239808153476,625
616,0.05,-1203.9692307692308,8.354166666666666,25.641160949868073,65.78891820580475,382,79,0.013658687754537302,,25.839050131926122,373
617,0.05,-672.7384615384616,4.815,17.01197604790419,54.88922155688623,322,79,0.014607892970257228,,17.17365269461078,585
618,0.05,-940.3846153846152,6.598333333333334,20.397849462365592,59.376344086021504,369,73,0.014542364544288878,,20.64516129032258,710
619,0.05,-1120.1538461538462,6.625,21.05785123966942,60.42699724517907,364,74,0.014139563416197359,,21.294765840220386,362
620,0.05,-935.2461538461539,6.025,19.730878186968837,58.18130311614731,345,73,0.01520476377984442,,19.93201133144476,260
621,0.05,-888.276923076923,5.881666666666667,19.039660056657222,57.626062322946176,356,79,0.014917709810384086,,19.31728045325779,723
622,0.05,-872.123076923077,5.545,17.85754189944134,56.30446927374302,361,76,0.015089861328347819,,18.06983240223464,554
623,0.05,-1031.1538461538462,5.923333333333333,20.92744479495268,59.791798107255524,331,74,0.014274314082264048,,21.07570977917981,210
624,0.05,-894.6615384615385,5.803333333333334,18.536931818181817,56.73011363636363,357,78,0.014974642419891462,,18.71590909090909,822
625,0.05,-990.323076923077,6.031666666666666,18.372340425531913,56.53191489361702,375,76,0.015157081180850593,,18.59308510638298,641
626,0.05,-732.3230769230769,4.7525,15.68639053254438,52.917159763313606,328,76,0.015203642015352545,,15.878698224852071,72
627,0.05,-798.1076923076923,5.764166666666667,18.019390581717452,56.42936288088643,350,80,0.014949229984166043,,18.28808864265928,586
628,0.05,-939.4000000000001,6.596666666666667,20.61662198391421,59.68632707774799,370,74,0.015189205339752737,,20.92225201072386,268
629,0.05,-1694.3384615384616,11.169166666666667,30.22429906542056,70.79439252336448,420,68,0.01586176514747754,,30.563084112149532,218
630,0.05,-1698.523076923077,9.893333333333333,29.41315789473684,69.53421052631579,392,65,0.015143870958465781,,29.681578947368422,823
631,0.05,-1220.3230769230768,8.555833333333334,26.080939947780678,66.36031331592689,389,77,0.01580299890476036,,26.300261096605745,796
632,0.05,-991.0923076923077,6.6975,21.20855614973262,60.49197860962567,370,74,0.01579062459814658,,21.446524064171122,442
633,0.05,-1186.0307692307692,8.216666666666667,24.45897435897436,64.53846153846153,388,75,0.015362382054586465,,24.746153846153845,693
634,0.05,-792.0153846153846,5.0633333333333335,16.3988603988604,54.36182336182336,357,75,0.016283209641602688,,16.643874643874643,565
635,0.05,-1101.3076923076924,7.526666666666666,22.89974293059126,62.04370179948586,379,77,0.016350464945777257,,23.105398457583547,204
636,0.05,-1069.5076923076922,6.944166666666667,20.852331606217618,59.961139896373055,391,74,0.016321744772246224,,21.20984455958549,537
637,0.05,-722.8461538461538,4.8308333333333335,16.189655172413794,54.002873563218394,340,78,0.01574349596242877,,16.436781609195403,520
638,0.05,-1167.569230769231,7.765833333333333,23.028350515463917,62.30154639175258,383,75,0.015430052329603221,,23.262886597938145,890
639,0.05,-848.6307692307693,5.785,17.88533333333333,56.36533333333333,370,75,0.016380922880706278,,18.096,324
640,0.05,-990.9076923076924,6.714166666666666,20.46419098143236,59.721485411140584,386,75,0.0153235770365452,,20.787798408488065,818
641,0.05,-955.6307692307691,5.943333333333333,19.062322946175637,57.34844192634561,353,73,0.015588705092072525,,19.334277620396602,811
642,0.05,-879.4153846153847,5.774166666666667,18.50985915492958,57.202816901408454,356,75,0.015626265977582685,,18.687323943661973,645
643,0.05,-1008.8615384615383,6.875,21.849056603773583,60.37466307277628,356,79,0.015688149514877375,,22.06199460916442,272
644,0.05,-1091.9538461538461,7.224166666666667,21.891472868217054,61.514211886304906,387,71,0.014985421632944348,,22.121447028423773,528
645,0.05,-1035.8615384615384,6.541666666666667,19.174934725848566,57.070496083550914,369,75,0.01505811936205265,,19.354166666666668,65
646,0.05,-848.8615384615384,5.550833333333333,18.210227272727273,56.59375,345,78,0.014867329502599462,,18.43465909090909,824
647,0.05,-922.9384615384615,6.7575,21.387978142076502,60.7896174863388,367,78,0.014496622234551806,,21.62295081967213,285
648,0.05,-909.5230769230768,6.019166666666667,18.27882037533512,56.369973190348524,364,74,0.014079354401714787,,18.56300268096515,102
649,0.05,-914.3846153846155,6.0808333333333335,18.5972602739726,57.084931506849315,370,77,0.01482181581422001,,18.846575342465755,399
650,0.05,-1159.6153846153845,6.979166666666667,20.923705722070846,60.381471389645775,382,77,0.015006791440964137,,21.147138964577657,715
651,0.05,-784.4923076923077,5.118333333333333,16.639664804469273,54.46648044692738,347,75,0.015207206645697949,,16.963687150837988,6
652,0.05,-770.8461538461538,4.610833333333333,15.76923076923077,53.88,331,77,0.01492670831182205,,15.975384615384616,286
653,0.05,-956.3692307692307,5.8825,20.195046439628484,58.69969040247678,332,73,0.014907677705768592,,20.352941176470587,573
654,0.05,-924.3076923076924,5.591666666666667,18.294460641399418,56.8134110787172,355,76,0.014569567390921679,,18.551020408163264,722
655,0.05,-1106.430769230769,8.04,23.788413098236777,63.47858942065491,392,78,0.015119756238430511,,24.0176322418136,178
656,0.05,-929.4307692307692,6.278333333333333,19.87845303867403,58.94475138121547,363,72,0.014407044991333065,,20.154696132596683,897
657,0.05,-1080.1384615384616,6.545833333333333,18.846547314578004,57.29667519181586,391,73,0.015940566611592776,,19.04859335038363,686
658,0.05,-813.2769230769231,5.411666666666667,17.437853107344633,55.516949152542374,354,79,0.016408594926994466,,17.63276836158192,247
659,0.05,-753.323076923077,5.026666666666666,16.302777777777777,55.36388888888889,370,73,0.016387217279250573,,16.516666666666666,523
660,0.05,-1014.5076923076923,7.093333333333334,21.542105263157893,60.497368421052634,377,79,0.01591836844805474,,21.760526315789473,855
661,0.05,-1053.2153846153847,7.236666666666666,21.573979591836736,60.82397959183673,390,74,0.01662624783471295,,21.783163265306122,828
662,0.05,-1022.0307692307692,6.9825,21.245283018867923,60.54716981132076,382,75,0.016112258407447882,,21.49056603773585,525
663,0.05,-1104.076923076923,7.3425,21.555276381909547,60.73618090452261,392,72,0.016300524692376736,,21.896984924623116,97
664,0.05,-1330.1076923076923,9.785833333333333,29.431168831168833,69.67532467532467,392,78,0.01570912078449363,,29.667532467532467,661
665,0.05,-1089.1076923076923,6.550833333333333,21.31564245810056,60.332402234636874,360,78,0.01565518751326755,,21.58659217877095,248
666,0.05,-826.1076923076923,5.59,18.454545454545453,56.78977272727273,340,74,0.015901658518495072,,18.633522727272727,673
667,0.05,-1246.1846153846154,8.475,24.67669172932331,64.82957393483709,402,73,0.015393530949351414,,24.914786967418546,213
668,0.05,-642.123076923077,4.3925,14.322766570605188,52.12103746397695,345,79,0.015579395129422339,,14.478386167146974,132
669,0.05,-1202.0769230769229,7.156666666666666,20.049875311720697,59.18703241895262,401,71,0.015156981814721512,,20.374064837905237,507
670,0.05,-782.3076923076924,5.0633333333333335,16.318181818181817,54.78125,356,76,0.015456527334368574,,16.539772727272727,241
671,0.05,-881.1538461538462,5.6241666666666665,17.550964187327825,55.56473829201102,356,74,0.015468157975979682,,17.81267217630854,408
672,0.05,-1077.2769230769231,6.8475,20.064599483204134,59.42635658914729,389,72,0.015174305270467082,,20.320413436692508,630
673,0.05,-1093.353846153846,7.310833333333333,22.33068783068783,61.7989417989418,382,73,0.01524883235812508,,22.56084656084656,197
674,0.05,-802.9846153846154,5.243333333333333,16.65921787709497,55.435754189944134,362,75,0.015046567330541999,,16.891061452513966,130
675,0.05,-1069.246153846154,7.355833333333333,21.681578947368422,61.00526315789474,383,81,0.015286976649323738,,21.910526315789475,850
676,0.05,-1164.553846153846,7.460833333333333,21.4735516372796,60.984886649874056,398,70,0.015411314449244953,,21.690954773869347,328
677,0.05,-825.8615384615385,5.6658333333333335,18.87463556851312,58.14868804664723,350,78,0.016031356915705144,,19.075801749271136,820
678,0.05,-1106.076923076923,7.304166666666666,21.848563968668408,60.78067885117493,383,71,0.01476276648477011,,22.075718015665796,588
679,0.05,-1129.0923076923077,7.343333333333334,21.56926952141058,60.531486146095716,388,72,0.01551543069902849,,21.896725440806044,259
680,0.05,-1418.4461538461537,7.365,21.36914600550964,60.93939393939394,379,67,0.015610632219443513,,21.65564738292011,549
681,0.05,-1051.0461538461539,6.368333333333333,19.414634146341463,58.05691056910569,370,73,0.015704518191203855,,19.688346883468835,540
682,0.05,-1163.1384615384616,7.883333333333334,24.408488063660478,64.27851458885942,375,76,0.01648427697929923,,24.578249336870027,684
683,0.05,-1121.4307692307693,6.716666666666667,20.39686684073107,59.45953002610966,380,72,0.015365120317264041,,20.613577023498696,149
684,0.05,-716.3846153846154,5.026666666666666,16.23076923076923,54.08262108262108,353,80,0.01566556928253991,,16.392045454545453,461
685,0.05,-900.3076923076923,5.775833333333333,18.18801089918256,56.59128065395095,364,76,0.015022940300165957,,18.376021798365123,9
686,0.05,-804.2,5.164166666666667,16.59039548022599,54.7909604519774,359,75,0.015089309289755996,,16.8135593220339,810
687,0.05,-817.9692307692308,5.43,17.63372093023256,56.10174418604651,353,78,0.014547607586028964,,17.828488372093023,516
688,0.05,-998.4615384615386,6.849166666666667,20.654353562005277,59.82849604221636,380,77,0.014318517993361198,,20.891820580474935,4
689,0.05,-1105.1692307692308,7.691666666666666,23.602702702702704,63.24864864864865,377,82,0.014777653189555602,,23.791891891891893,308
690,0.05,-1094.8461538461538,7.4991666666666665,22.696569920844325,62.31662269129288,384,80,0.014624128697151802,,22.928759894459102,368
691,0.05,-765.4923076923078,5.069166666666667,16.29512893982808,54.48424068767908,355,80,0.014510573309978018,,16.595988538681947,48
692,0.05,-883.4615384615385,5.214166666666666,16.434540389972145,54.013927576601674,347,72,0.014670881530335996,,16.66573816155989,230
693,0.05,-907.8153846153846,6.3758333333333335,19.490716180371354,58.69761273209549,375,77,0.01548170366286519,,19.69761273209549,347
694,0.05,-1212.6615384615384,7.234166666666667,23.120786516853933,62.71910112359551,369,71,0.014838135560250251,,23.28932584269663,424
695,0.05,-1120.9692307692308,7.486666666666666,23.523936170212767,63.44946808510638,366,75,0.01483491880693298,,23.75,383
696,0.05,-750.7846153846153,4.559166666666667,15.865443425076453,54.027522935779814,331,79,0.014202527791063894,,16.116207951070336,60
697,0.05,-757.5538461538463,4.3575,14.515759312320917,52.43266475644699,347,78,0.014287043937752054,,14.750716332378223,727
698,0.05,-887.7692307692308,6.121666666666667,18.77747252747253,57.93956043956044,373,78,0.014561911080695641,,18.958791208791208,663
699,0.05,-819.7076923076922,5.366666666666666,16.68392370572207,54.70299727520436,364,79,0.014619117924450682,,17.040871934604905,50
700,0.05,-1389.0,8.301666666666666,23.929870129870128,63.6,397,71,0.014855978055099294,,24.106493506493507,62
701,0.05,-1006.3076923076924,6.489166666666667,21.014409221902017,59.345821325648416,352,76,0.015129497730265916,,21.21613832853026,237
702,0.05,-804.4923076923076,5.17,17.298591549295775,55.42253521126761,345,73,0.015041563674230037,,17.56619718309859,67
703,0.05,-886.2923076923078,5.943333333333333,18.257452574525747,57.03252032520325,371,79,0.01500419233164808,,18.490514905149052,174
704,0.05,-1051.7076923076922,6.855,21.471232876712328,60.83561643835616,368,73,0.014801762411100894,,21.695890410958903,614
705,0.05,-996.7692307692307,6.401666666666666,18.466321243523318,57.64248704663213,381,74,0.016275735672530284,,18.70984455958549,883
706,0.05,-769.1692307692307,5.29,18.21005917159763,57.03550295857988,340,79,0.015235660627943627,,18.38757396449704,816
707,0.05,-671.7846153846153,4.3925,14.657971014492754,52.608695652173914,345,79,0.015160131721256052,,14.88695652173913,82
708,0.05,-893.6461538461538,5.916666666666667,18.349206349206348,56.97883597883598,367,80,0.014563650490862409,,18.563492063492063,369
709,0.05,-767.9076923076923,5.243333333333333,17.303206997084548,55.14868804664723,343,77,0.014839934697377278,,17.55393586005831,562
710,0.05,-840.1999999999999,5.318333333333333,17.193905817174514,55.43213296398892,355,74,0.014598755037917,,17.41988950276243,650
711,0.05,-982.3384615384615,6.513333333333334,20.221621621621622,59.64324324324324,369,73,0.013892165644367674,,20.392473118279568,862
712,0.05,-1017.0769230769231,6.945833333333334,22.69187675070028,61.90756302521008,364,73,0.014426434220718223,,22.92997198879552,333
713,0.05,-1321.0923076923077,7.7058333333333335,22.74869109947644,62.27225130890052,390,71,0.014756070467711418,,22.963350785340314,179
714,0.05,-870.2,5.475833333333333,17.96638655462185,56.128851540616246,350,73,0.014490118163220819,,18.162464985994397,547
715,0.05,-1608.5846153846157,12.861666666666666,38.3727959697733,80.6146095717884,396,72,0.014460427805080276,,38.85642317380353,378
716,0.05,-959.523076923077,5.990833333333334,19.273504273504273,57.24216524216524,356,77,0.013615809798079493,,19.435897435897434,283
717,0.05,-908.1846153846154,5.735833333333333,17.148825065274153,55.240208877284594,384,77,0.01424322181560436,,17.389033942558747,664
718,0.05,-1376.7230769230769,7.783333333333333,22.580976863753214,61.68380462724936,392,74,0.014032254836714785,,22.920308483290487,171
719,0.05,-1108.6153846153848,7.685,22.71139240506329,61.97974683544304,380,77,0.013527774955871694,,23.01772151898734,526
720,0.05,-719.2153846153847,5.254166666666666,16.887283236994218,55.0635838150289,347,77,0.013787276810082238,,17.020231213872833,535
721,0.05,-1022.2153846153846,7.060833333333333,22.169354838709676,61.70967741935484,368,76,0.014100735428826831,,22.33780160857909,243
722,0.05,-952.4923076923076,6.466666666666667,19.79100529100529,58.764550264550266,379,77,0.01396052197519986,,20.00793650793651,832
723,0.05,-1051.8307692307694,7.145,20.898477157360407,60.246192893401016,392,75,0.014290558505499843,,21.106598984771573,875
724,0.05,-1696.5692307692307,10.491666666666667,30.611267605633802,71.84507042253522,384,72,0.014670873455091252,,30.825352112676057,501
725,0.05,-1032.1384615384616,7.026666666666666,22.11413043478261,61.557065217391305,371,77,0.014177609792621646,,22.233062330623305,139
726,0.05,-897.4769230769231,6.326666666666667,19.383597883597883,58.65343915343915,381,78,0.014939251128500494,,19.79100529100529,510
727,0.05,-782.3076923076924,5.369166666666667,17.74022346368715,56.07541899441341,348,75,0.014408512794106897,,17.977653631284916,271
728,0.05,-668.0615384615385,4.590833333333333,15.276785714285714,53.62797619047619,342,77,0.01349686038463044,,15.526785714285714,345
729,0.05,-1088.3384615384616,7.279166666666667,22.638522427440634,62.205804749340366,376,77,0.013461975408924605,,22.899736147757256,249
730,0.05,-730.1999999999999,5.361666666666666,17.12568306010929,55.56284153005465,365,81,0.014397600438857277,,17.368852459016395,233
731,0.05,-1106.3076923076922,8.626666666666667,26.58047493403694,66.28759894459102,357,77,0.013658104304595645,,26.868073878627968,592
732,0.05,-809.4615384615383,5.591666666666667,19.21364985163205,58.02077151335312,341,76,0.014554439474467367,,19.382789317507417,682
733,0.05,-751.1538461538462,5.078333333333333,17.688622754491018,55.712574850299404,331,75,0.014719821680083272,,17.865671641791046,275
734,0.05,-1108.476923076923,7.610833333333333,22.386363636363637,61.75252525252525,383,75,0.014824960286911706,,22.589420654911837,267
735,0.05,-1424.3692307692309,8.495,25.704960835509137,65.30287206266318,379,74,0.014388008000963856,,25.986945169712794,612
736,0.05,-1130.5692307692307,7.390833333333333,22.491847826086957,61.953804347826086,380,74,0.014653958482118014,,22.730978260869566,608
737,0.05,-735.4307692307692,4.895833333333333,16.126436781609197,54.747126436781606,345,77,0.014535734866091507,,16.316091954022987,503
738,0.05,-1044.4,6.6875,19.99228791773779,58.73007712082262,384,73,0.014677102448258851,,20.22879177377892,95
739,0.05,-733.8307692307692,5.149166666666667,17.055882352941175,55.64411764705882,344,81,0.01440213669305792,,17.235294117647058,879
740,0.05,-1120.7692307692307,7.435,22.117346938775512,61.683673469387756,389,73,0.015242866481271149,,22.339285714285715,288
741,0.05,-804.323076923077,5.590833333333333,18.50429799426934,56.22636103151862,343,77,0.015538707686348283,,18.845272206303726,265
742,0.05,-688.3384615384615,4.806666666666667,16.227544910179642,53.98203592814371,332,78,0.015533283753484204,,16.420895522388058,87
743,0.05,-834.1846153846154,5.825833333333334,18.354570637119114,57.63157894736842,368,80,0.01576895133813647,,18.545706371191137,668
744,0.05,-801.8615384615384,4.8275,15.302777777777777,53.225,359,79,0.015943702128188828,,15.48611111111111,730
745,0.05,-909.8923076923077,5.885,18.238095238095237,56.84033613445378,362,81,0.015290342550157932,,18.49299719887955,483
746,0.05,-764.2153846153847,5.495,17.412742382271468,55.850415512465375,363,79,0.015934877671109134,,17.662049861495845,763
747,0.05,-840.7538461538461,5.636666666666667,18.286501377410467,56.41597796143251,357,77,0.015637972153298103,,18.479338842975206,215
748,0.05,-862.4769230769232,5.726666666666667,18.57758620689655,57.798850574712645,352,75,0.015332966720268541,,18.772988505747126,803
749,0.05,-890.5692307692308,6.056666666666667,19.22972972972973,58.38648648648649,365,79,0.015044237597145954,,19.483783783783785,131
750,0.05,-1236.123076923077,7.595833333333333,23.023560209424083,62.66492146596859,379,70,0.014583533004657702,,23.31151832460733,413
751,0.05,-944.8461538461538,5.9591666666666665,18.89075630252101,57.42577030812325,355,77,0.015538367255873313,,19.106442577030812,16
752,0.05,-922.0769230769231,6.1466666666666665,19.346994535519126,58.42896174863388,371,75,0.015168938210105355,,19.62568306010929,898
753,0.05,-1095.9384615384615,6.775,20.350132625994696,60.15119363395225,376,77,0.015075983913612832,,20.6737400530504,617
754,0.05,-1061.6461538461538,5.538333333333333,17.404011461318053,56.189111747851,361,73,0.015338319693782654,,17.584527220630374,427
755,0.05,-756.0769230769231,5.058333333333334,17.357988165680474,55.15384615384615,338,79,0.01537053456751763,,17.547337278106507,428
756,0.05,-778.4307692307692,5.0633333333333335,16.835227272727273,55.55681818181818,350,78,0.015329090929249075,,17.113636363636363,797
757,0.05,-982.0769230769231,6.343333333333334,19.6123595505618,58.25,372,74,0.015099110893086453,,19.81232492997199,819
758,0.05,-977.030769230769,6.555833333333333,20.87292817679558,59.46132596685083,361,78,0.014846324326615156,,21.08011049723757,704
759,0.05,-936.9076923076923,7.115833333333334,21.492268041237114,60.55670103092783,380,78,0.014554744592038427,,21.698453608247423,110
760,0.05,-1113.7692307692307,8.11,23.285714285714285,62.66753246753247,390,78,0.013365409305312785,,23.44300518134715,113
761,0.05,-861.0153846153846,5.9475,19.42090395480226,58.016949152542374,349,80,0.014659863786106416,,19.638418079096045,30
762,0.05,-758.8153846153846,4.79,16.25,54.71176470588235,351,81,0.013746085688076308,,16.476470588235294,1
763,0.05,-1268.4615384615386,7.833333333333333,21.925064599483203,61.49870801033592,391,76,0.013841049568112471,,22.113695090439276,706
764,0.05,-978.8000000000002,6.14,18.688,57.99466666666667,372,79,0.012993912557832592,,18.904,129
765,0.05,-837.2923076923076,5.620833333333334,17.6991643454039,56.29526462395543,356,77,0.013615598278966703,,17.958217270194986,541
766,0.05,-1259.5538461538463,8.85,26.243589743589745,66.13333333333334,391,77,0.01372596300805874,,26.47179487179487,172
767,0.05,-875.4461538461537,5.753333333333333,18.87319884726225,57.38616714697406,351,73,0.01412573592120002,,19.0835734870317,880
768,0.05,-918.2923076923076,6.225833333333333,18.977777777777778,57.56388888888889,372,74,0.014336153208900181,,19.225,257
769,0.05,-835.5384615384617,5.446666666666666,18.207492795389047,57.27665706051873,356,79,0.014054043768892367,,18.423631123919307,258
770,0.05,-896.1230769230768,6.586666666666667,21.139275766016713,60.401114206128135,358,82,0.013674227074393187,,21.398328690807798,689
771,0.05,-1119.1692307692306,7.6725,23.061696658097688,61.75064267352185,382,77,0.014868355544700894,,23.30591259640103,125
772,0.05,-1026.0307692307692,7.014166666666667,21.226912928759894,60.675461741424805,376,79,0.014341460852648319,,21.511873350923484,624
773,0.05,-964.6923076923077,7.259166666666666,22.231770833333332,61.450520833333336,372,80,0.01483376394106555,,22.427083333333332,11
774,0.05,-1018.3384615384614,7.176666666666667,22.060686015831134,61.88390501319261,378,78,0.014426019857436329,,22.24802110817942,563
775,0.05,-748.0307692307692,4.9383333333333335,16.123595505617978,54.88483146067416,354,78,0.013911354923408246,,16.30056179775281,743
776,0.05,-815.8615384615384,5.640833333333333,17.863387978142075,56.10928961748634,360,77,0.013355676358742631,,18.098360655737704,677
777,0.05,-1282.0769230769229,8.205,25.43617021276596,65.62234042553192,379,72,0.013527938293820744,,25.70744680851064,180
778,0.05,-1040.9846153846154,5.55,17.208695652173912,54.84057971014493,346,77,0.013399079943659575,,17.4,51
779,0.05,-1131.4461538461537,7.560833333333333,23.32020997375328,63.25721784776903,377,74,0.012938973523528201,,23.545931758530184,655
780,0.05,-1296.8615384615384,8.2975,24.154241645244216,64.61696658097686,387,77,0.013201662890591279,,24.367609254498714,135
781,0.05,-645.9384615384615,4.546666666666667,15.404624277456648,53.46820809248555,343,76,0.013581355658749576,,15.722543352601155,279
782,0.05,-1362.9076923076923,10.160833333333333,29.334146341463416,69.97317073170731,386,74,0.013488033250907996,,29.60731707317073,492
783,0.05,-1157.0307692307692,7.4775,23.291208791208792,63.63186813186813,377,76,0.014118448077916105,,23.483516483516482,40
784,0.05,-987.5692307692308,6.274166666666667,19.24791086350975,57.51532033426184,365,74,0.014497683930611816,,19.501392757660167,532
785,0.05,-655.8153846153846,4.1866666666666665,14.617469879518072,53.00903614457831,342,79,0.014140875975347526,,14.798192771084338,228
786,0.05,-814.4461538461538,6.275833333333333,20.735042735042736,59.957264957264954,350,81,0.014143356075982275,,20.934472934472936,434
787,0.05,-853.1538461538462,5.674166666666666,18.49002849002849,57.01424501424501,356,78,0.013794791883517909,,18.666666666666668,750
788,0.05,-1527.4153846153845,9.5325,28.48205128205128,68.60512820512821,382,71,0.013677490278949213,,28.71025641025641,276
789,0.05,-786.9846153846154,5.525833333333333,18.75792507204611,57.2536023054755,342,79,0.013923139389136347,,18.922190201729105,393
790,0.05,-814.2,5.5525,18.611428571428572,56.47142857142857,339,78,0.01417369436475303,,18.854285714285716,546
791,0.05,-1065.646153846154,7.3341666666666665,22.79787234042553,61.5186170212766,374,77,0.014478818757925982,,23.03723404255319,458
792,0.05,-1388.9538461538461,9.779166666666667,28.72568578553616,69.2793017456359,386,75,0.014355823452018489,,28.997506234413965,736
793,0.05,-825.4769230769231,5.5975,17.566037735849058,55.38274932614555,353,79,0.014988573930256701,,17.746630727762803,57
794,0.05,-826.0615384615385,5.626666666666667,17.785123966942148,56.14325068870524,362,78,0.015117474050237483,,18.118457300275484,849
795,0.05,-741.7692307692307,5.4475,17.56741573033708,56.050561797752806,356,83,0.014752734345932385,,17.76123595505618,409
796,0.05,-1247.9230769230771,8.903333333333334,26.944881889763778,68.54593175853019,391,79,0.014349465775566402,,27.175853018372703,154
797,0.05,-891.8,6.2491666666666665,19.198391420911527,57.93297587131367,364,78,0.01456803432649513,,19.367292225201073,392
798,0.05,-1109.3384615384616,7.47,25.019886363636363,65.76420454545455,357,77,0.013989202596497042,,25.272727272727273,552
799,0.05,-733.6923076923076,4.78,15.449720670391061,53.43854748603352,351,77,0.014542712325905167,,15.650837988826815,364
800,0.05,-1046.9692307692308,7.369166666666667,21.803571428571427,61.33163265306123,383,76,0.014113764213819465,,22.135204081632654,874
801,0.05,-931.8923076923077,6.6658333333333335,21.901960784313726,60.739495798319325,351,74,0.014221320128813886,,22.218487394957982,687
802,0.05,-1127.646153846154,7.600833333333333,23.589812332439678,63.32439678284182,372,80,0.0143034826088643,,23.86058981233244,211
803,0.05,-838.1384615384616,5.2825,17.019553072625698,55.25139664804469,357,74,0.014316433311410857,,17.298882681564248,22
804,0.05,-949.9846153846154,6.25,19.774104683195592,58.27823691460055,357,76,0.014932404870216775,,19.96694214876033,787
805,0.05,-979.676923076923,6.441666666666666,20.4579945799458,59.40379403794038,366,74,0.01478001092908421,,20.66937669376694,896
806,0.05,-722.0769230769231,5.0425,17.14868804664723,55.83381924198251,341,82,0.01503574550289221,,17.361516034985424,134
807,0.05,-783.2461538461539,5.453333333333333,17.354054054054053,55.94864864864865,364,76,0.01482376308070613,,17.61081081081081,430
808,0.05,-811.3384615384616,5.358333333333333,18.0835734870317,56.13256484149856,335,75,0.015428162420957955,,18.354466858789625,146
809,0.05,-965.3538461538461,6.326666666666667,18.97027027027027,57.394594594594594,366,79,0.014647483695311266,,19.248648648648647,108
810,0.05,-1112.4461538461537,7.529166666666667,23.52659574468085,63.5718085106383,370,75,0.013894886927586081,,23.829787234042552,322
811,0.05,-1041.876923076923,6.736666666666666,21.15573770491803,60.26502732240437,372,75,0.01457185472535789,,21.407103825136613,772
812,0.05,-1286.6153846153848,7.635833333333333,22.87434554973822,62.382198952879584,388,73,0.013797510406143333,,23.099216710182766,217
813,0.05,-868.1846153846154,6.081666666666667,20.283667621776505,60.27507163323782,351,78,0.014411682609885595,,20.541547277936964,352
814,0.05,-1312.9692307692308,8.62,24.623115577889447,64.80904522613065,401,78,0.014414765093243997,,24.79396984924623,593
815,0.05,-1083.0923076923077,6.995,22.766016713091922,62.192200557103064,356,76,0.014086448241753348,,22.983286908077993,591
816,0.05,-1015.6769230769232,6.770833333333333,20.47480106100796,59.38726790450929,365,74,0.01423801838923853,,20.70822281167109,695
817,0.05,-1190.876923076923,7.4991666666666665,22.94750656167979,62.00524934383202,377,74,0.014577267841242919,,23.16272965879265,188
818,0.05,-651.3846153846155,4.5325,15.669642857142858,53.351190476190474,333,81,0.015308018319927256,,15.886904761904763,751
819,0.05,-1242.6,7.918333333333333,22.602040816326532,62.642857142857146,403,74,0.014621592812257785,,22.82908163265306,341
820,0.05,-856.323076923077,5.660833333333334,16.77777777777778,55.401709401709404,363,76,0.01326517846851927,,17.02279202279202,872
821,0.05,-797.1384615384615,5.310833333333333,18.430722891566266,56.7289156626506,334,72,0.013855241648777838,,18.61261261261261,3
822,0.05,-1075.0153846153846,6.5325,21.677142857142858,60.894285714285715,354,79,0.013522724418623868,,22.005714285714287,829
823,0.05,-873.2461538461538,6.1475,20.019390581717452,58.52354570637119,352,78,0.013893007117939865,,20.23268698060942,856
824,0.05,-685.5384615384614,4.828333333333333,15.342105263157896,53.0233918128655,342,79,0.013440442481783688,,15.56140350877193,490
825,0.05,-733.1538461538462,5.345833333333333,17.134615384615383,54.857142857142854,346,82,0.01457532892197775,,17.35164835164835,143
826,0.05,-830.8615384615384,5.815,18.896358543417367,57.56582633053221,355,80,0.013631791017675112,,19.15126050420168,847
827,0.05,-1039.9846153846154,8.294166666666667,26.165289256198346,66.34986225895317,347,76,0.014420987310338914,,26.4027397260274,414
828,0.05,-1149.4923076923078,7.4425,22.56951871657754,62.5855614973262,386,75,0.014611147520263157,,22.82085561497326,66
829,0.05,-1093.4923076923078,7.3575,22.395833333333332,61.7890625,381,75,0.014289957498307726,,22.661458333333332,675
830,0.05,-746.7230769230769,4.889166666666667,15.172043010752688,53.34139784946237,366,80,0.014243906412221188,,15.413978494623656,76
831,0.05,-743.8461538461538,5.32,17.370588235294118,55.84705882352941,354,79,0.014286318849771301,,17.58529411764706,749
832,0.05,-768.7384615384615,5.203333333333333,17.584302325581394,56.32267441860465,348,77,0.01438294022625673,,17.767441860465116,465
833,0.05,-823.3384615384615,5.64,17.815217391304348,56.71195652173913,366,77,0.013786020668869723,,18.043478260869566,156
834,0.05,-982.723076923077,6.354166666666667,19.308900523560208,58.452879581151834,380,75,0.013965576916841022,,19.523560209424083,466
835,0.05,-1447.892307692308,9.309166666666666,27.074742268041238,67.21649484536083,398,75,0.014025490196645828,,27.373711340206185,658
836,0.05,-776.2923076923078,5.116666666666666,16.562857142857144,55.07714285714286,350,79,0.013799866341773393,,16.805714285714284,390
837,0.05,-1000.8,6.6866666666666665,21.026881720430108,60.336021505376344,364,76,0.013871200356116607,,21.293010752688172,835
838,0.05,-859.076923076923,6.175,19.113259668508288,58.22099447513812,366,77,0.014333557395574337,,19.334254143646408,193
839,0.05,-962.0769230769231,6.8425,20.62402088772846,59.885117493472585,380,79,0.014324652249288963,,20.87206266318538,280
840,0.05,-1075.0153846153848,7.320833333333334,22.410994764397905,61.18324607329843,376,75,0.014017089065867482,,22.604712041884817,757
841,0.05,-1000.5076923076922,6.983333333333333,21.2109375,60.9609375,387,76,0.014493856785496721,,21.416666666666668,536
842,0.05,-1200.2153846153847,8.515833333333333,25.259640102827763,65.63753213367609,394,77,0.014362079290258978,,25.439588688946014,868
843,0.05,-998.0153846153845,6.073333333333333,19.22349570200573,58.29226361031519,363,73,0.01544105415910187,,19.51862464183381,571
844,0.05,-728.7692307692307,5.014166666666667,16.88235294117647,55.4,340,75,0.014789109893765057,,17.08529411764706,441
845,0.05,-1081.6461538461538,6.990833333333334,22.10723860589812,61.26809651474531,370,76,0.014180650478361902,,22.37265415549598,21
846,0.05,-969.6923076923076,6.010833333333333,19.192419825072886,57.58600583090379,350,74,0.01490496848246081,,19.411078717201168,830
847,0.05,-890.5230769230769,6.123333333333333,19.346883468834687,58.48780487804878,371,77,0.014761138753059148,,19.533875338753386,700
848,0.05,-1244.4153846153847,8.24,23.501222493887532,63.271393643031786,406,71,0.014558544768066414,,23.77750611246944,431
849,0.05,-803.2307692307693,5.33,17.424157303370787,55.51123595505618,344,77,0.015363771270721834,,17.620786516853933,444
850,0.05,-874.2307692307693,5.619166666666667,19.64741641337386,58.57446808510638,339,78,0.014627464241825214,,19.811550151975684,574
851,0.05,-826.0923076923077,5.2975,18.035502958579883,56.42307692307692,346,75,0.013970368354135497,,18.263313609467456,499
852,0.05,-811.3692307692307,5.180833333333333,16.708215297450426,55.1586402266289,353,73,0.01509841137540134,,16.988668555240793,301
853,0.05,-900.5999999999999,6.138333333333334,19.59065934065934,58.7967032967033,367,80,0.014752963382933422,,19.912087912087912,598
854,0.05,-1168.7076923076925,7.475833333333333,22.294573643410853,62.28423772609819,393,73,0.01459398783877818,,22.49095607235142,319
855,0.05,-823.9230769230769,5.516666666666667,19.0,56.52647058823529,329,76,0.014171877551538514,,19.16470588235294,637
856,0.05,-1297.6307692307691,8.363333333333333,26.115068493150684,66.21095890410959,367,75,0.013562117784191013,,26.353424657534248,282
857,0.05,-823.5384615384615,5.265,19.190625,57.125,316,76,0.014432027690233464,,19.340625,307
858,0.05,-1141.7384615384617,6.5616666666666665,19.86842105263158,58.53947368421053,378,67,0.01446941135627197,,20.152631578947368,613
859,0.05,-907.5692307692309,6.114166666666667,19.40106951871658,57.4331550802139,367,74,0.013822331142238364,,19.592,240
860,0.05,-1245.0153846153844,8.145,23.72139303482587,62.950248756218905,393,72,0.013395296118666057,,23.99004975124378,561
861,0.05,-837.3076923076924,5.33,17.227777777777778,55.62222222222222,358,75,0.013495232895970133,,17.591666666666665,570
862,0.05,-1150.5076923076922,7.996666666666667,24.711286089238847,64.69291338582677,378,75,0.013408744785519185,,24.992125984251967,699
863,0.05,-976.1076923076924,6.1875,19.360433604336045,57.951219512195124,374,77,0.014018973483069875,,19.577235772357724,681
864,0.05,-900.3076923076922,5.850833333333333,18.07894736842105,56.8,375,77,0.013292896524068377,,18.323684210526316,616
865,0.05,-937.5384615384615,6.538333333333333,20.755555555555556,59.21666666666667,358,76,0.0137859271639194,,21.041666666666668,317
866,0.05,-1072.1384615384613,7.565,24.081967213114755,63.37158469945355,355,77,0.013123942587950342,,24.3551912568306,780
867,0.05,-730.3846153846154,4.8741666666666665,15.95086705202312,54.346820809248555,354,79,0.013766196836573492,,16.112716763005782,719
868,0.05,-1091.476923076923,6.095833333333333,19.295890410958904,57.865753424657534,362,75,0.013927588354617854,,19.561643835616437,753
869,0.05,-732.4461538461538,4.605,14.78062678062678,52.945868945868945,357,76,0.012799387153684214,,14.923295454545455,800
870,0.05,-1072.8307692307694,6.854166666666667,21.0844327176781,59.96306068601583,378,72,0.013090679705464361,,21.34300791556728,568
871,0.05,-1436.4923076923076,11.609166666666667,35.89473684210526,75.04473684210527,348,73,0.012954394672101896,,39.83419689119171,302
872,0.05,-991.4307692307692,6.614166666666667,21.465181058495823,60.540389972144844,360,73,0.01285026754610356,,21.657381615598887,826
873,0.05,-1056.5692307692307,6.704166666666667,21.664756446991404,60.7163323782235,355,72,0.012890812856205063,,21.939828080229226,782
874,0.05,-958.2153846153847,6.059166666666667,20.054755043227665,59.03170028818444,358,71,0.013227896222280199,,20.27377521613833,73
875,0.05,-874.1692307692306,5.474166666666667,17.75766016713092,55.373259052924794,349,72,0.013298899401091689,,17.90277777777778,775
876,0.05,-985.4153846153847,6.745,20.3717277486911,59.47905759162304,379,78,0.013147840027474645,,20.573298429319372,115
877,0.05,-925.0923076923077,6.2925,19.42257217847769,58.06824146981627,373,76,0.013069674262017392,,19.73753280839895,287
878,0.05,-712.2153846153847,4.696666666666666,15.368115942028986,53.095652173913045,345,77,0.014081415599453697,,15.508670520231213,191
879,0.05,-1500.9692307692308,9.9425,28.041162227602907,68.7820823244552,411,71,0.014405769328839479,,28.246973365617432,496
880,0.05,-963.0769230769231,6.7725,21.31117021276596,60.7686170212766,379,75,0.013882470553448361,,21.5718085106383,104
881,0.05,-1092.1692307692306,6.993333333333333,21.711590296495956,61.1266846361186,374,76,0.014089667036607368,,21.89276139410188,176
882,0.05,-925.3230769230769,5.911666666666667,18.03166226912929,56.93931398416886,378,78,0.014156621429275339,,18.266490765171504,845
883,0.05,-990.1538461538462,6.295,19.572972972972973,58.67567567567568,370,73,0.013353506372129141,,19.86756756756757,844
884,0.05,-1095.8461538461538,6.859166666666667,21.575342465753426,59.90684931506849,361,70,0.013809255602453264,,21.81917808219178,7
885,0.05,-1239.0153846153846,8.000833333333333,25.040431266846362,64.64420485175202,371,69,0.013800196864949304,,25.296495956873315,487
886,0.05,-914.3538461538462,5.548333333333333,17.93646408839779,56.306629834254146,359,77,0.014396663650885013,,18.22099447513812,351
887,0.05,-934.5076923076923,6.246666666666667,19.451351351351352,57.78648648648649,365,75,0.013933924408494029,,19.7027027027027,581
888,0.05,-749.7538461538461,4.3975,15.274626865671642,52.41492537313433,326,73,0.013218456771859151,,15.48358208955224,881
889,0.05,-1229.4,7.913333333333333,24.16010498687664,63.38320209973753,372,71,0.013503179506550677,,24.398950131233597,639
890,0.05,-750.5230769230769,4.7825,15.602272727272727,53.05113636363637,345,74,0.014526995545765349,,15.826704545454545,377
891,0.05,-1039.0615384615385,6.485833333333333,19.413612565445025,58.24083769633508,380,70,0.013923102779560811,,19.701570680628272,78
892,0.05,-920.4307692307692,5.980833333333333,19.24233983286908,57.67966573816156,361,74,0.014525806864725863,,19.49025069637883,632
893,0.05,-933.8153846153847,6.2683333333333335,19.1640625,58.223958333333336,375,75,0.014445299298203125,,19.361979166666668,315
894,0.05,-1369.9692307692308,8.4375,24.29041095890411,64.74520547945205,387,75,0.01448120267639342,,24.575342465753426,29
895,0.05,-928.9846153846155,6.1033333333333335,19.356948228882835,57.3433242506812,355,75,0.014536065025078876,,19.516304347826086,425
896,0.05,-816.0307692307692,5.286666666666667,16.434540389972145,54.977715877437326,358,76,0.014361954643858515,,16.715877437325904,184
897,0.05,-910.3846153846154,6.125,19.577656675749317,58.62397820163488,361,74,0.01408138228242979,,19.833787465940055,504
898,0.05,-1306.6615384615384,8.2525,25.86058981233244,66.21179624664879,371,69,0.014208186500984788,,26.13941018766756,801
899,0.05,-1001.5384615384614,6.7908333333333335,21.05614973262032,60.43582887700535,371,74,0.01355169807299987,,21.235294117647058,607
