episode,epsilon,total_reward,avg_queue,avg_wait_s,avg_travel_s,throughput,switches,td_loss,q_table_states,avg_delay_s,traffic_seed
0,1.0,-3245.046153846154,32.9975,96.0028653295129,154.15759312320918,338,85,692.7897017933545,103,160.12534818941504,577
1,0.9945,-3631.9846153846156,40.090833333333336,118.29545454545455,180.95170454545453,312,81,742.7358585316807,185,217.0424403183024,712
2,0.989,-3391.8615384615387,34.266666666666666,100.9295039164491,160.82506527415143,352,83,712.6275035105537,256,135.671834625323,770
3,0.9835,-4049.2000000000003,43.91416666666667,133.33519553072625,194.41899441340783,344,80,900.0846845994046,295,214.9501246882793,798
4,0.9781,-2958.630769230769,28.125833333333333,98.02439024390245,153.39634146341464,298,84,500.19238621059856,359,129.57926829268294,36
5,0.9726,-2706.8153846153846,28.001666666666665,93.61876832844575,142.95014662756597,311,81,414.13935124160855,433,137.21944444444443,460
6,0.9673,-3689.461538461539,38.31666666666667,119.62359550561797,181.15168539325842,340,82,774.7448864749028,481,149.45378151260505,371
7,0.9619,-3404.5692307692307,35.285,111.69164265129683,171.14121037463977,330,82,624.418779181172,529,127.09510086455332,833
8,0.9566,-2960.523076923077,27.38,92.56559766763849,149.09037900874637,322,81,477.43846059926466,589,96.33623188405797,557
9,0.9513,-2664.507692307692,24.8175,80.14406779661017,135.24293785310735,330,82,418.84329980395967,642,108.27966101694915,381
10,0.946,-2824.0153846153844,31.421666666666667,98.98659517426273,155.7265415549598,337,84,448.19177809774374,680,134.26190476190476,429
11,0.9408,-3404.6615384615384,28.613333333333333,88.98378378378378,142.47837837837838,353,76,603.4398052059846,732,91.84574468085107,141
12,0.9356,-2986.876923076923,25.6925,79.25274725274726,133.01098901098902,367,78,454.1410637548398,791,83.43681318681318,223
13,0.9304,-3178.9692307692308,30.345,92.65889212827989,149.87463556851313,364,85,554.8956946599798,827,102.76388888888889,784
14,0.9253,-3661.8461538461534,41.69,117.2425068119891,176.62125340599454,338,82,663.8041470825566,844,190.2326203208556,762
15,0.9202,-2123.138461538462,16.6675,59.97435897435897,104.4775641025641,300,83,279.70413336962366,897,60.291666666666664,838
16,0.9151,-2887.369230769231,24.175,80.65889212827989,130.9387755102041,327,79,462.667972130547,939,83.05128205128206,450
17,0.91,-3177.8153846153846,36.284166666666664,113.77005347593582,173.1711229946524,330,85,627.1447343232699,970,163.22982885085574,2
18,0.905,-3211.630769230769,34.88916666666667,113.93471810089021,178.75370919881306,340,87,578.1417482248612,989,135.54188481675394,81
19,0.9,-3129.5076923076917,29.30666666666667,98.4171597633136,155.85798816568047,321,79,488.18089031532,1022,133.61344537815125,363
20,0.895,-2859.4153846153845,28.098333333333333,87.38983050847457,142.6129943502825,333,84,501.52817611888014,1041,105.03389830508475,690
21,0.89,-2871.6769230769232,25.215833333333332,76.69973190348526,131.05630026809652,364,82,471.01776881603257,1079,79.18829516539441,846
22,0.8851,-2706.0307692307692,23.835833333333333,75.04132231404958,126.28099173553719,343,84,408.7742864713501,1096,79.86756756756756,728
23,0.8802,-2246.6923076923076,20.899166666666666,64.78933333333333,114.08266666666667,345,83,316.4898170325785,1127,66.72493573264782,406
24,0.8753,-3470.9692307692303,33.9975,110.78171091445428,171.67551622418878,324,80,626.9767495463982,1152,121.0986301369863,636
25,0.8705,-2588.169230769231,24.9225,82.51675977653632,135.85474860335196,328,84,389.9894933472184,1167,86.72774869109948,46
26,0.8657,-2753.1846153846154,30.680833333333332,103.3757225433526,157.5028901734104,310,83,405.93523276739916,1185,157.43250688705234,899
27,0.8609,-3443.876923076923,37.3725,113.47297297297297,173.40540540540542,345,81,602.0207226230939,1210,134.72074468085106,659
28,0.8561,-2340.3538461538465,21.480833333333333,71.21551724137932,122.4080459770115,324,83,309.25690100831855,1233,77.89516129032258,869
29,0.8514,-2858.523076923077,30.3375,97.80337078651685,149.5561797752809,320,82,493.0236458404734,1251,138.87433155080214,144
30,0.8467,-3423.246153846154,30.915,91.38147138964578,152.07901907356947,359,83,632.5342078869988,1277,112.80216802168022,497
31,0.842,-2991.661538461539,26.169166666666666,83.24425287356321,136.7844827586207,339,80,507.86013548626494,1306,105.72206303724928,885
32,0.8373,-2715.0153846153844,22.6525,71.90835579514825,123.3099730458221,348,82,429.2498486952871,1335,72.15281501340482,553
33,0.8327,-3188.7076923076925,29.944166666666668,93.94385026737967,149.56417112299465,331,85,624.5313184756387,1348,94.05820105820106,209
34,0.8281,-2522.3846153846152,18.835833333333333,61.93567251461988,113.67836257309942,349,81,356.43562260662463,1386,62.26900584795322,512
35,0.8235,-2382.584615384615,20.826666666666668,72.24776119402985,124.94029850746269,331,82,313.5471869116465,1408,76.99413489736071,415
36,0.819,-3094.9076923076923,30.33416666666667,94.96927374301676,154.5586592178771,340,84,573.8321119655594,1419,100.20670391061452,778
37,0.8144,-2763.8,25.75583333333333,78.20997375328083,129.34120734908137,366,80,399.41284729586226,1434,98.4724409448819,366
38,0.8099,-3211.184615384615,33.2125,97.1078947368421,155.45,350,81,560.9274410488086,1446,142.18947368421053,472
39,0.8054,-3082.3230769230768,30.508333333333333,93.77094972067039,151.8631284916201,349,83,501.5837800822978,1455,138.92934782608697,84
40,0.801,-3067.2769230769227,29.811666666666667,89.0086455331412,145.35734870317003,348,83,507.9971314989232,1469,134.24928366762177,609
41,0.7966,-3047.9846153846156,33.965833333333336,104.06837606837607,161.45868945868946,328,86,543.6019546637119,1476,174.68702290076337,895
42,0.7922,-2728.0,25.235,78.25,134.61263736263737,362,81,386.03820919787285,1487,105.08446866485014,781
43,0.7878,-3288.661538461539,33.913333333333334,101.49870801033592,162.80878552971575,349,80,682.0668410693064,1523,110.79586563307494,529
44,0.7834,-3201.5692307692307,29.7675,90.96185286103542,148.5149863760218,337,81,548.499578996111,1531,149.2207084468665,688
45,0.7791,-2837.984615384615,26.688333333333333,83.1470588235294,137.524064171123,346,81,439.1608438375885,1542,101.56951871657753,216
46,0.7748,-2991.2153846153847,28.43,92.69767441860465,150.5872093023256,324,82,489.1934411321984,1556,101.97486033519553,502
47,0.7705,-2736.215384615384,26.8775,80.9733727810651,136.0207100591716,346,82,406.23170513431694,1563,122.32544378698225,531
48,0.7662,-2554.6,22.1425,68.21739130434783,120.00869565217391,336,79,340.42005915069063,1567,78.73333333333333,674
49,0.762,-3270.2923076923075,34.91833333333334,107.15702479338843,166.03030303030303,342,82,600.9884666697357,1586,151.82368421052632,53
50,0.7578,-3036.4461538461537,31.3875,101.21367521367522,157.15954415954417,324,81,473.8634351079016,1589,136.19021739130434,515
51,0.7536,-2685.4461538461537,25.986666666666668,77.34730538922156,129.42215568862275,330,81,384.41859239951344,1602,122.30239520958084,147
52,0.7494,-3622.4,42.111666666666665,121.65803108808291,188.52072538860102,354,85,783.9787699164344,1611,210.0629539951574,587
53,0.7453,-3284.015384615385,32.839166666666664,92.25745257452574,146.16531165311653,350,82,579.6481128638558,1613,156.8846153846154,164
54,0.7411,-2730.630769230769,27.883333333333333,89.76011560693641,145.68208092485548,330,83,436.9326231606783,1625,111.89075630252101,443
55,0.737,-2805.5846153846155,29.0125,89.52588555858311,147.44686648501363,340,85,500.91544839858113,1627,136.28763440860214,74
56,0.733,-3171.4769230769225,31.205,94.85552407932012,156.13031161473089,351,86,581.6709330564977,1631,108.76164383561644,245
57,0.7289,-2983.8307692307694,28.16583333333333,87.8419540229885,142.8448275862069,337,79,455.5426759915387,1637,135.42241379310346,667
58,0.7249,-2458.123076923077,24.5025,78.27123287671233,128.04109589041096,318,84,368.7118006189662,1645,79.0510752688172,760
59,0.7209,-2807.0307692307692,28.995,93.42618384401115,149.9108635097493,346,85,456.02452273510363,1651,117.55988857938719,627
60,0.7169,-2692.0,27.0625,89.2784090909091,139.59375,325,80,391.82491646915025,1671,94.3659217877095,589
61,0.7129,-2587.646153846154,22.823333333333334,72.3024523160763,122.60217983651226,333,82,362.48077243820194,1683,73.21122994652407,887
62,0.709,-3061.661538461538,34.4175,113.18181818181819,168.2840909090909,329,82,510.57784936068856,1689,162.45691906005223,646
63,0.705,-2898.83076923077,27.3225,87.26361031518624,144.07449856733524,349,84,507.0197779948351,1704,94.26704545454545,314
64,0.7011,-2789.1076923076926,25.471666666666668,78.07756232686981,131.4349030470914,360,81,449.26465192656946,1715,79.85041551246537,105
65,0.6973,-3069.0307692307692,29.424166666666668,86.43406593406593,140.66758241758242,352,82,525.105032717196,1717,100.30933333333333,344
66,0.6934,-2873.0615384615385,24.725,82.41441441441441,138.94894894894895,344,81,431.18255361090246,1728,87.97897897897897,199
67,0.6896,-2779.4769230769234,26.16,81.95430107526882,134.20430107526883,346,84,479.31352992597124,1740,82.22955145118733,253
68,0.6858,-3249.1538461538466,37.3625,126.55246913580247,188.1820987654321,319,83,576.1750567911901,1747,149.57758620689654,49
69,0.682,-3330.0,34.825,102.11716621253406,162.53405994550408,363,80,582.2360361206357,1751,125.1027027027027,836
70,0.6782,-3184.923076923077,31.32,93.29144385026738,152.41176470588235,353,82,566.3950409789682,1760,113.3157894736842,106
71,0.6744,-2366.7692307692314,21.184166666666666,70.86494252873563,120.12068965517241,334,84,343.40921827274536,1784,72.11666666666666,329
72,0.6707,-2360.3384615384616,23.525833333333335,79.5625,133.00892857142858,325,84,323.03083150109677,1801,85.5099150141643,417
73,0.667,-2751.076923076923,27.698333333333334,92.4463768115942,150.83188405797102,327,83,435.9410930124813,1805,102.80779944289694,98
74,0.6633,-2673.369230769231,27.5575,79.10695187165776,136.13636363636363,345,84,478.45521208391045,1808,133.95778364116094,774
75,0.6596,-2906.830769230769,28.808333333333334,87.57474226804123,137.68041237113403,350,81,468.8473155699904,1820,89.5253807106599,716
76,0.656,-3859.5538461538454,39.420833333333334,112.10918114143921,175.44913151364764,376,82,771.7575009897886,1824,145.1081081081081,813
77,0.6524,-2902.476923076923,30.549166666666668,95.37940379403794,152.39837398373984,338,82,482.99102569552934,1828,108.43782383419689,8
78,0.6487,-3650.892307692308,35.80166666666667,103.18279569892474,165.0483870967742,344,78,660.6615655662196,1832,125.71122994652407,867
79,0.6452,-3082.2615384615383,26.948333333333334,79.37755102040816,130.95663265306123,363,81,495.62629075265505,1842,79.96482412060301,354
80,0.6416,-2473.876923076923,22.9775,71.72957746478873,124.34929577464789,341,81,331.5262195362002,1858,83.73553719008264,388
81,0.638,-2811.3846153846152,27.741666666666667,88.96501457725948,140.8396501457726,329,82,455.2063055995739,1865,145.45772594752188,789
82,0.6345,-2718.7384615384617,26.215,84.30140845070423,138.4901408450704,338,81,423.88229012633695,1870,90.9492957746479,708
83,0.631,-3267.8923076923074,30.383333333333333,98.72857142857143,158.38285714285715,342,81,548.7940371749024,1871,108.44101123595506,601
84,0.6275,-2883.1538461538466,27.264166666666668,89.90087463556851,141.6326530612245,327,81,445.77313548075904,1879,89.93565683646112,220
85,0.624,-3255.984615384615,33.97,103.11979166666667,158.7265625,338,79,577.4664686351838,1882,125.7281795511222,384
86,0.6206,-3448.2307692307695,33.035833333333336,100.28804347826087,163.6875,355,82,654.064911365826,1883,121.31007751937985,325
87,0.6171,-3223.953846153846,31.7775,88.78571428571429,145.76847290640393,374,79,610.7334291341147,1886,102.53791469194313,350
88,0.6137,-3617.6769230769232,36.5725,117.93802816901409,183.80281690140845,358,81,719.847053746658,1896,132.3783783783784,604
89,0.6103,-3532.753846153846,35.2775,114.7316384180791,179.4180790960452,337,82,695.5605349302928,1897,127.568,206
90,0.607,-3035.246153846154,27.585833333333333,87.69421487603306,143.76859504132233,346,80,525.5343183528856,1904,94.75206611570248,560
91,0.6036,-2855.0307692307692,27.674166666666668,84.91495601173021,139.01466275659823,328,81,439.46886466345677,1911,104.83988764044943,270
92,0.6003,-2761.4,25.93,87.02373887240356,140.42433234421364,328,80,394.4613360949231,1923,101.8465909090909,251
93,0.5969,-2803.4,26.544166666666666,81.42705570291777,137.43766578249335,356,77,442.7960309523613,1930,85.8078947368421,703
94,0.5936,-2696.123076923077,24.428333333333335,78.90379008746356,131.8862973760933,332,80,382.96052155358507,1938,80.27405247813411,603
95,0.5904,-2595.3076923076924,21.0375,69.00854700854701,118.25071225071225,334,77,344.6168684854549,1947,69.36647727272727,395
96,0.5871,-3158.830769230769,32.36,97.15608465608466,156.42328042328043,350,84,530.3705277473937,1949,160.43358395989975,89
97,0.5838,-2662.476923076923,24.508333333333333,81.19584569732937,134.35905044510386,332,87,436.5028675240854,1958,86.63583815028902,854
98,0.5806,-2905.4615384615386,31.704166666666666,88.75623268698061,144.595567867036,350,83,508.9968380543345,1958,166.03636363636363,94
99,0.5774,-2020.9692307692308,14.6225,46.355300859598856,90.30659025787966,346,81,227.02249241269033,1988,46.578796561604584,100
100,0.5742,-2852.8153846153846,25.81833333333333,82.60555555555555,134.20833333333334,353,76,395.3586884239123,1990,87.08333333333333,126
101,0.571,-2975.123076923077,29.335833333333333,89.47326203208556,145.4625668449198,342,81,514.4627521594816,1990,96.55526315789474,69
102,0.5679,-2538.2615384615383,25.5675,80.67924528301887,131.95148247978437,340,81,383.3721435838016,1996,86.11873350923483,13
103,0.5647,-3139.5692307692307,28.416666666666668,90.01385041551247,145.0775623268698,351,83,518.0415752091178,2010,100.97506925207756,623
104,0.5616,-2365.4461538461537,20.7,71.34615384615384,122.5828402366864,321,82,331.7088654415368,2017,71.44252873563218,853
105,0.5585,-2514.9230769230767,23.2825,76.3841642228739,131.39296187683286,339,81,349.98929900436667,2019,91.40934065934066,26
106,0.5554,-2582.476923076923,22.5625,75.55059523809524,128.51190476190476,338,79,352.9772030606672,2036,87.25348189415041,792
107,0.5523,-2691.1846153846154,25.088333333333335,77.8,130.59166666666667,341,87,449.06683538449516,2041,79.16620498614958,19
108,0.5493,-2811.8461538461543,24.2025,74.61797752808988,128.47471910112358,349,82,456.4437211912679,2051,76.24512534818942,297
109,0.5462,-2990.2615384615383,24.395833333333332,80.86206896551724,131.44827586206895,348,76,488.5928248510432,2060,81.52824858757062,70
110,0.5432,-3028.676923076923,29.884166666666665,89.17312661498708,148.76227390180878,373,83,541.408637328474,2064,112.02791878172589,814
111,0.5402,-1775.184615384615,15.6575,50.529761904761905,95.04761904761905,322,86,218.00321055942567,2085,51.583090379008745,25
112,0.5372,-3120.015384615385,26.253333333333334,81.33518005540166,137.3601108033241,361,82,539.0597865404338,2093,81.34615384615384,595
113,0.5343,-3009.4615384615386,29.269166666666667,88.81095890410958,139.63013698630138,350,81,500.12764692932717,2097,94.94836956521739,291
114,0.5313,-3328.5384615384614,32.354166666666664,95.06818181818181,152.77777777777777,354,81,678.8654657806059,2100,103.94278606965175,718
115,0.5284,-2689.2615384615387,28.6925,86.82920110192838,143.08264462809916,321,83,432.56117995874087,2103,146.01866666666666,376
116,0.5254,-2964.9384615384615,22.465,70.67514124293785,122.57909604519774,359,80,473.65930197694445,2114,70.96327683615819,198
117,0.5225,-2980.784615384616,30.879166666666666,81.94769230769231,132.3446153846154,325,81,518.015650217083,2115,207.42780748663102,281
118,0.5196,-2244.876923076923,20.754166666666666,74.31306990881458,128.0790273556231,307,85,309.73122587805375,2117,92.26747720364742,827
119,0.5168,-2267.753846153846,17.221666666666668,55.61607142857143,102.89285714285714,343,80,292.9647521828664,2134,56.044642857142854,201
120,0.5139,-2827.0153846153844,27.195833333333333,88.57549857549857,143.54700854700855,325,81,464.2542182283004,2144,94.68032786885246,162
121,0.5111,-2751.7846153846153,27.071666666666665,80.2992125984252,131.3779527559055,345,82,394.9717411811744,2148,108.42710997442455,513
122,0.5082,-2530.153846153846,24.64,71.1267217630854,126.0633608815427,337,82,382.89005521256547,2153,98.67750677506776,189
123,0.5054,-2774.6923076923076,28.215833333333332,84.01960784313725,138.3921568627451,338,80,431.2941372963055,2154,148.07563025210084,447
124,0.5026,-2379.138461538462,20.091666666666665,64.49862258953168,114.14049586776859,349,81,335.1453075532622,2163,65.10109289617486,870
125,0.4998,-2970.7384615384617,26.0925,79.04383561643836,131.3041095890411,367,84,549.9661827154221,2164,79.67123287671232,112
126,0.4971,-2934.523076923077,29.935833333333335,94.72802197802197,150.5686813186813,332,80,464.23474680178515,2167,115.19839142091153,692
127,0.4943,-2479.630769230769,22.54083333333333,73.51963746223565,127.85498489425981,327,83,359.12615681639,2167,80.02416918429003,54
128,0.4916,-2221.123076923077,18.214166666666667,59.44817927170868,106.4201680672269,342,86,308.9427491055112,2172,59.666666666666664,605
129,0.4889,-2999.7384615384617,27.085833333333333,87.22507122507122,137.5014245014245,334,81,511.501417232671,2179,99.72802197802197,121
130,0.4862,-2627.461538461539,25.634166666666665,86.13352272727273,138.92045454545453,305,79,423.67951126167105,2191,99.11764705882354,804
131,0.4835,-2911.123076923077,27.3975,84.45231607629428,141.1716621253406,350,81,486.71863878904406,2196,93.04021447721179,387
132,0.4808,-3370.9538461538464,32.361666666666665,98.18133333333333,156.59733333333332,356,80,602.423212244328,2201,120.056,194
133,0.4781,-2577.5692307692307,23.308333333333334,74.42655367231639,122.80225988700565,343,81,376.1525583295702,2207,78.30704225352113,56
134,0.4755,-3217.1692307692306,31.641666666666666,96.65544041450777,154.04663212435233,368,82,589.1287706125888,2209,103.4559585492228,238
135,0.4729,-2658.046153846154,24.378333333333334,73.48337595907928,125.55242966751918,370,81,439.20667334893767,2215,75.70843989769821,23
136,0.4703,-3156.6000000000004,28.986666666666668,89.11052631578947,148.72894736842105,367,82,602.9870779434469,2217,91.16539440203562,680
137,0.4677,-2803.153846153846,26.644166666666667,90.50887573964496,143.30473372781066,323,81,447.596789875739,2228,102.18,649
138,0.4651,-2422.876923076923,22.6875,67.99736842105263,119.32105263157895,351,80,349.4331651816872,2232,83.49736842105263,808
139,0.4625,-2331.415384615385,18.314166666666665,59.8954802259887,105.05649717514125,329,82,317.5571091622264,2238,60.12640449438202,181
140,0.4599,-2690.2,23.958333333333332,73.88266666666667,125.61866666666667,352,82,427.3864670898853,2241,75.904,576
141,0.4574,-2737.5230769230766,24.974166666666665,79.57692307692308,132.26098901098902,350,77,392.5948301812716,2244,82.36612021857924,357
142,0.4549,-2542.8461538461534,24.750833333333333,81.76285714285714,134.09428571428572,333,83,410.0433851140954,2250,92.57608695652173,374
143,0.4523,-2066.769230769231,15.096666666666666,48.35326086956522,91.5679347826087,344,82,280.6149912130419,2264,48.55978260869565,495
144,0.4498,-3119.492307692308,31.408333333333335,89.08625336927224,146.88140161725067,351,83,617.8754648706831,2270,136.864,486
145,0.4474,-2662.5538461538463,26.49,77.65311653116531,131.33062330623306,326,80,401.86485127995076,2272,116.70460704607046,353
146,0.4449,-3362.3846153846152,32.880833333333335,106.82028985507246,165.87826086956522,337,81,600.5093829269508,2275,111.7008547008547,852
147,0.4424,-1967.1076923076923,13.708333333333334,46.6219512195122,91.21036585365853,328,80,210.5526590870018,2280,46.829268292682926,334
148,0.44,-2667.2307692307695,23.5275,79.40697674418605,135.0581395348837,347,80,419.0791255642544,2283,89.59883720930233,657
149,0.4375,-2689.076923076923,20.960833333333333,68.25356125356126,117.92307692307692,350,81,398.05564105757867,2291,69.12569832402235,234
150,0.4351,-2878.6461538461535,22.394166666666667,72.59171597633136,126.19822485207101,353,78,429.50966381160816,2293,73.09763313609467,628
151,0.4327,-2907.2,26.529166666666665,81.65263157894736,138.77894736842106,370,79,456.2255260737404,2294,104.2,142
152,0.4303,-2972.6461538461535,29.655833333333334,97.27653631284916,151.18435754189943,330,81,522.4165181708598,2295,99.99453551912568,731
153,0.4279,-3140.723076923077,34.86666666666667,109.30571428571429,168.51714285714286,312,84,582.3583169995919,2297,151.17877094972067,111
154,0.4256,-3179.1384615384613,29.403333333333332,91.71273712737127,147.65582655826557,343,78,538.417547304995,2303,100.00531914893617,150
155,0.4232,-2745.553846153846,27.506666666666668,86.75274725274726,141.43406593406593,337,84,457.0262234541854,2307,95.45910290237467,103
156,0.4209,-2740.0,25.985,88.66071428571429,144.88690476190476,322,82,445.67669856506416,2315,91.6064139941691,886
157,0.4185,-2342.492307692308,18.148333333333333,58.46260387811634,103.33795013850416,345,79,295.21308966603044,2330,58.74794520547945,382
158,0.4162,-3474.753846153846,32.973333333333336,97.5840220385675,159.08815426997245,371,82,691.0209042813163,2335,106.03183023872678,93
159,0.4139,-2691.2923076923075,22.63,73.77207977207978,124.22222222222223,343,78,389.41238046898087,2343,77.47863247863248,138
160,0.4116,-3056.784615384615,29.888333333333332,90.96363636363637,148.93506493506493,363,83,593.3096028944716,2349,92.11688311688312,77
161,0.4094,-2258.584615384615,18.221666666666668,56.853658536585364,107.16531165311653,360,82,307.16072602973406,2357,56.833780160857906,701
162,0.4071,-2903.3538461538465,25.025833333333335,78.41917808219178,132.91232876712328,355,78,455.81092523207326,2363,82.73262032085562,173
163,0.4048,-2624.123076923077,25.9525,83.25141242937853,132.5225988700565,332,82,415.53837862436126,2371,101.44722222222222,45
164,0.4026,-2883.3076923076924,25.935,81.2127659574468,132.3031914893617,343,78,440.38501648087737,2374,88.88220551378446,891
165,0.4004,-3032.0,28.20916666666667,87.71236559139786,139.9247311827957,353,82,495.1228867028888,2378,97.50133333333333,738
166,0.3982,-2265.4615384615386,22.515,76.02949852507375,129.0353982300885,313,82,341.25694683743365,2380,77.24857142857142,346
167,0.396,-2707.2307692307695,23.278333333333332,74.9915014164306,126.41076487252124,348,78,404.04891662688834,2383,77.69832402234637,212
168,0.3938,-1897.8461538461538,18.08416666666667,61.33806818181818,106.72727272727273,317,82,245.26516082079246,2390,63.80163043478261,292
169,0.3916,-2684.753846153846,24.905,76.21671018276763,132.77023498694518,365,79,427.9226251737621,2393,84.02267002518892,153
170,0.3894,-2418.0615384615385,24.756666666666668,82.63235294117646,134.38823529411764,330,81,348.7785011051617,2396,93.8125,264
171,0.3873,-2933.046153846154,23.905833333333334,77.48158640226629,134.0028328611898,346,76,427.9353161739963,2397,84.47933884297521,590
172,0.3851,-2876.9384615384615,27.513333333333332,81.11979166666667,135.26302083333334,370,82,482.6200462248637,2399,96.6015625,337
173,0.383,-3227.8769230769235,29.390833333333333,91.03621169916434,148.32311977715878,350,81,588.3437419581868,2399,120.14484679665738,888
174,0.3809,-2388.769230769231,20.116666666666667,64.04891304347827,112.67391304347827,352,80,338.68766060658817,2400,65.69354838709677,721
175,0.3788,-2478.2000000000003,24.153333333333332,77.1907514450867,125.17341040462428,331,82,389.13850821145786,2402,78.7943661971831,389
176,0.3767,-2277.8461538461543,16.9325,55.16949152542373,103.85875706214689,347,79,318.33886843388564,2407,55.50847457627118,893
177,0.3746,-2384.0923076923077,19.621666666666666,62.080691642651296,112.0835734870317,328,79,328.75208655898945,2419,66.89398280802293,514
178,0.3725,-2766.769230769231,24.67,75.8355091383812,129.00783289817232,355,78,423.46282262056053,2419,79.00516795865633,647
179,0.3705,-2197.2923076923075,17.996666666666666,58.034285714285716,105.47142857142858,346,82,282.54651147117744,2433,59.42777777777778,195
180,0.3684,-3044.4615384615386,29.9325,93.88858695652173,150.5625,352,79,521.6232495716001,2433,128.58883248730965,28
181,0.3664,-2715.523076923077,23.8375,78.21965317919076,129.28612716763007,336,82,431.86114625880475,2436,78.02808988764045,284
182,0.3643,-2380.9846153846156,20.588333333333335,63.48010610079576,112.93368700265252,361,84,369.8172789999523,2440,63.782493368700266,783
183,0.3623,-2506.5692307692307,22.1875,71.59142857142857,125.83714285714285,352,81,354.8344511655148,2442,88.99714285714286,418
184,0.3603,-2220.3076923076924,20.7475,71.7764705882353,121.27058823529411,309,81,352.23604950310073,2447,79.13823529411765,358
185,0.3583,-2455.246153846154,22.036666666666665,70.62430939226519,121.97237569060773,357,80,335.3223759589399,2451,87.71625344352617,583
186,0.3563,-2279.3384615384616,20.84,63.88063660477454,112.59151193633953,349,83,328.5376165485183,2454,64.35883905013192,857
187,0.3544,-2252.1384615384613,23.22,79.25797101449275,127.55652173913043,314,80,297.6468787588341,2454,94.22126436781609,445
188,0.3524,-2047.1076923076926,17.1475,56.86033519553072,102.29608938547486,318,76,253.3577271045341,2463,59.08815426997245,208
189,0.3505,-2932.3230769230763,29.013333333333332,95.87142857142857,152.94857142857143,346,80,516.0766395176411,2467,106.2989417989418,884
190,0.3485,-2826.3846153846152,28.6875,85.85254691689008,140.8337801608579,353,77,447.69250279082536,2467,112.0077922077922,521
191,0.3466,-2963.953846153846,24.886666666666667,74.44155844155844,127.26233766233766,363,79,534.3498052415091,2468,76.79797979797979,296
192,0.3447,-2083.0307692307692,15.665,48.330555555555556,90.7388888888889,344,81,247.80705913897418,2475,48.30810810810811,303
193,0.3428,-1770.3076923076922,13.798333333333334,47.74702380952381,91.6875,329,82,205.95931714358315,2478,47.973214285714285,12
194,0.3409,-2549.1384615384613,21.684166666666666,66.23958333333333,115.65104166666667,370,80,376.6733641752127,2484,66.93573264781492,99
195,0.339,-2494.030769230769,22.415,70.1108108108108,119.61351351351351,338,81,375.9877310782718,2489,70.00255102040816,550
196,0.3371,-3608.076923076923,38.215,113.9020618556701,173.75515463917526,358,81,769.9815806805719,2492,154.74083129584352,518
197,0.3352,-3433.4307692307693,33.85166666666667,108.60393258426966,168.81460674157304,342,81,691.1691062159472,2496,108.78804347826087,438
198,0.3334,-2546.230769230769,22.360833333333332,69.28989361702128,119.46542553191489,355,81,369.9234448292251,2500,69.2890625,158
199,0.3315,-2553.5384615384614,23.79083333333333,76.03561643835616,127.02465753424657,342,80,379.3349010732182,2503,91.55342465753425,606
200,0.3297,-2397.338461538461,19.019166666666667,63.33529411764706,111.89411764705882,350,86,367.4130253265698,2504,63.59705882352941,634
201,0.3279,-3239.9384615384615,29.639166666666668,85.46,139.435,363,80,606.3769353175032,2506,86.4925,63
202,0.3261,-2506.646153846154,20.144166666666667,66.07428571428571,115.11714285714285,337,78,364.84100069494593,2512,66.77272727272727,359
203,0.3243,-3011.830769230769,27.2525,80.75,136.44845360824743,370,79,487.4654430899916,2514,92.76167076167076,274
204,0.3225,-1895.9846153846154,15.308333333333334,50.97982708933718,94.69452449567723,319,82,233.40934454670864,2517,52.28813559322034,817
205,0.3207,-2274.753846153846,20.804166666666667,64.30727762803234,114.52291105121294,341,83,330.60874864885704,2517,66.8005115089514,662
206,0.3189,-1981.0000000000005,15.820833333333333,49.75405405405405,96.68648648648649,347,82,228.34647211895617,2520,51.755968169761275,729
207,0.3172,-2909.6461538461535,25.776666666666667,80.67204301075269,133.6290322580645,345,77,455.68509130717007,2522,83.39267015706807,669
208,0.3154,-2362.2615384615383,20.5875,63.93224932249323,116.04065040650407,362,81,341.7091947356434,2522,68.87080103359173,221
209,0.3137,-2920.707692307692,25.17,81.22383720930233,134.9389534883721,336,83,534.0849033299259,2523,84.27906976744185,724
210,0.3119,-2700.5538461538463,22.315833333333334,70.02432432432433,121.35405405405406,368,81,443.5907835021784,2524,70.14824797843666,566
211,0.3102,-2889.846153846154,29.301666666666666,89.29820051413881,141.0848329048843,337,79,477.20128753689414,2526,105.86040609137056,140
212,0.3085,-3026.3846153846152,25.9825,83.80672268907563,135.43977591036415,332,80,545.0044107214735,2531,88.35185185185185,165
213,0.3068,-2684.2615384615387,28.381666666666668,88.46944444444445,144.81666666666666,339,82,429.9448205660695,2533,106.23978201634877,117
214,0.3051,-2696.169230769231,25.405833333333334,83.86968838526913,136.46458923512748,334,80,471.26761391263875,2534,85.03966005665723,594
215,0.3034,-2989.9692307692308,30.7175,89.49870801033592,151.17571059431523,369,85,559.8364346515002,2536,110.04627249357327,889
216,0.3017,-2284.2769230769236,17.489166666666666,57.098837209302324,106.11627906976744,342,80,311.8107687829215,2537,58.44927536231884,422
217,0.3,-2506.169230769231,19.4225,59.94021739130435,107.93478260869566,353,78,335.0444773811294,2542,61.820375335120644,222
218,0.2984,-2175.7846153846153,18.211666666666666,58.59944751381215,105.11325966850829,332,81,270.4577876097627,2545,61.227397260273975,5
219,0.2967,-2945.8,24.516666666666666,75.52445652173913,126.04347826086956,357,80,499.29529538789114,2546,78.84182305630027,136
220,0.2951,-1478.4615384615383,10.964166666666667,37.095238095238095,79.25892857142857,328,83,141.5527146817422,2551,37.455357142857146,633
221,0.2935,-3010.8153846153846,26.401666666666667,82.288,139.41066666666666,360,81,532.7740725223429,2556,87.70370370370371,318
222,0.2918,-3612.8923076923074,33.55416666666667,102.94385026737967,162.33155080213905,363,82,766.4674869766379,2562,107.8475935828877,326
223,0.2902,-3235.9384615384615,31.474166666666665,96.01851851851852,152.494708994709,358,82,661.3967519523904,2567,106.30526315789474,786
224,0.2886,-2143.953846153846,20.948333333333334,64.10335195530726,118.27374301675978,343,85,293.7515772106803,2570,71.89136490250696,290
225,0.287,-2586.7692307692314,28.761666666666667,89.24804177545693,139.54569190600523,323,83,435.9483713923284,2572,97.52806122448979,734
226,0.2854,-3054.076923076923,30.598333333333333,86.59947643979058,145.5130890052356,365,85,586.9546500881495,2574,114.93455497382199,834
227,0.2838,-2232.8461538461534,18.246666666666666,59.24929971988796,108.25490196078431,347,83,301.6003652837095,2575,59.62464985994398,261
228,0.2823,-1732.8461538461538,13.3025,42.556231003039514,88.83282674772036,325,80,176.78869794130657,2579,46.035928143712574,707
229,0.2807,-2169.9846153846156,17.270833333333332,57.81437125748503,102.7065868263473,327,78,265.67219344747355,2583,57.86666666666667,484
230,0.2792,-2250.8307692307694,19.444166666666668,60.81267217630854,108.71900826446281,352,84,315.29179072579245,2584,64.35064935064935,186
231,0.2776,-2577.3846153846152,21.9025,69.90368271954674,122.37677053824362,356,80,393.66255443813697,2587,77.62322946175638,356
232,0.2761,-2472.6153846153848,20.136666666666667,66.0979228486647,115.36498516320475,328,83,373.4532584346219,2593,66.29080118694363,876
233,0.2746,-1962.1538461538462,17.2925,60.096676737160124,103.29607250755286,315,79,213.93717471536888,2597,70.68888888888888,160
234,0.273,-2810.923076923077,29.358333333333334,96.14529914529915,156.45584045584044,353,86,513.044323079473,2597,103.28684210526316,269
235,0.2715,-2411.3076923076924,22.2425,71.00821917808219,123.6054794520548,352,80,329.24207050194,2598,77.97289972899729,123
236,0.27,-2243.6153846153848,19.33,62.86797752808989,109.02808988764045,342,80,300.127318921477,2598,74.43766578249337,454
237,0.2685,-2370.1846153846154,19.345833333333335,56.733333333333334,109.07246376811594,356,80,326.41423842418226,2601,62.66376811594203,533
238,0.267,-2629.5538461538463,26.126666666666665,76.55837563451777,125.35786802030456,360,80,433.37792610580937,2603,95.11586901763224,644
239,0.2656,-2931.076923076923,25.024166666666666,78.712,128.61866666666666,349,77,459.49198827647405,2606,80.05866666666667,538
240,0.2641,-2053.107692307692,15.498333333333333,49.58857142857143,93.70857142857143,348,82,258.76526245993716,2609,49.86857142857143,754
241,0.2626,-2632.9846153846156,23.594166666666666,75.3956043956044,125.79120879120879,344,78,399.2385125837176,2609,76.14054054054054,740
242,0.2612,-2011.8000000000002,15.0975,51.748538011695906,97.63450292397661,336,76,228.82467526143643,2616,52.30994152046784,519
243,0.2597,-2972.1846153846154,26.124166666666667,79.23410404624278,132.0,334,78,515.9287655182758,2618,92.46531791907515,691
244,0.2583,-2422.661538461539,20.6425,61.68108108108108,112.53783783783784,361,78,326.11342832445536,2620,65.37196765498652,839
245,0.2569,-3066.1076923076926,28.860833333333332,86.87257617728532,142.21052631578948,356,78,528.6799109079748,2622,102.08310249307479,654
246,0.2555,-2961.2615384615383,27.599166666666665,80.47848101265822,134.5620253164557,374,78,486.03041744236594,2625,87.45588235294117,401
247,0.254,-2557.9076923076923,23.258333333333333,74.83098591549296,121.4281690140845,330,80,388.57371892599434,2631,75.14127423822714,68
248,0.2526,-2366.0307692307692,20.8675,69.8757225433526,121.73121387283237,347,78,311.7385418036171,2633,75.10404624277457,758
249,0.2512,-2902.953846153846,28.703333333333333,96.59036144578313,151.95481927710844,319,81,487.54814120098087,2635,117.30681818181819,602
250,0.2498,-2583.2923076923075,22.400833333333335,70.22465753424657,121.41917808219178,351,81,431.0795599597856,2638,71.24657534246575,865
251,0.2485,-3273.2615384615383,31.43,96.23809523809524,156.85449735449737,369,82,640.3507624386245,2640,115.0,277
252,0.2471,-1864.4461538461537,14.875,49.22096317280453,96.4929178470255,354,76,189.4065356160135,2649,49.60339943342776,321
253,0.2457,-2529.3846153846152,23.1175,68.93076923076923,122.56923076923077,365,79,381.58573654236795,2649,77.85204081632654,386
254,0.2444,-1450.276923076923,13.1475,45.792792792792795,87.45645645645645,315,82,153.5541125754834,2650,53.08888888888889,273
255,0.243,-4015.6923076923076,37.21,108.84986595174263,173.44235924932977,363,80,866.3664825295498,2654,130.5078125,660
256,0.2417,-2751.4,27.376666666666665,87.58953168044077,140.95867768595042,327,80,456.35811846810935,2655,96.11716621253406,522
257,0.2403,-2299.9384615384615,21.465833333333332,66.82804232804233,115.58465608465609,350,79,331.0880555106744,2656,71.65263157894736,161
258,0.239,-2339.169230769231,18.988333333333333,63.56470588235294,112.67647058823529,338,79,326.95631720200515,2658,67.23955431754875,58
259,0.2377,-2322.153846153846,19.519166666666667,66.00869565217391,115.67826086956522,326,82,344.46133460964,2661,66.15759312320917,579
260,0.2364,-2760.046153846154,27.015,84.01775147928994,138.7396449704142,328,82,467.9623772200785,2665,121.54437869822485,509
261,0.2351,-2596.2307692307686,21.33416666666667,64.15466666666667,114.95466666666667,353,85,420.54653453806725,2665,64.50666666666666,163
262,0.2338,-3222.6615384615384,28.3225,87.95161290322581,140.69354838709677,352,78,577.7997956246982,2668,89.41129032258064,64
263,0.2325,-2182.4461538461537,20.085833333333333,64.11898016997168,112.02549575070822,340,83,306.74486874452367,2668,65.96910112359551,575
264,0.2312,-2659.661538461538,25.406666666666666,76.10677083333333,130.25,340,80,414.84704432166853,2668,101.1796875,471
265,0.2299,-2575.8307692307694,25.624166666666667,81.07733333333333,134.17333333333335,331,79,433.26517574385923,2670,86.40691489361703,168
266,0.2286,-2687.2153846153847,21.059166666666666,63.33244680851064,112.97340425531915,356,80,395.95164203022426,2671,64.02902374670185,807
267,0.2274,-2854.8153846153846,28.973333333333333,87.9893899204244,145.73209549071618,359,80,466.15954873584525,2672,98.3289124668435,109
268,0.2261,-2305.923076923077,22.316666666666666,69.51780821917808,122.44657534246575,355,83,317.13993088594543,2673,90.52328767123288,41
269,0.2249,-2507.4000000000005,22.454166666666666,69.59838274932615,123.88140161725067,361,82,388.6112526718079,2674,74.95161290322581,776
270,0.2236,-1684.6615384615386,12.2525,43.48909657320872,85.03426791277259,315,78,164.2062074346514,2674,43.68847352024922,416
271,0.2224,-2410.553846153846,17.705,53.22192513368984,99.29946524064171,362,79,345.38270676545307,2678,53.481283422459896,683
272,0.2211,-2897.4153846153845,31.3775,102.98550724637681,161.64347826086956,331,81,466.59752634072737,2678,114.93181818181819,101
273,0.2199,-2661.584615384615,23.91,73.63129973474801,123.88063660477454,365,80,416.4172645957467,2681,82.70676691729324,508
274,0.2187,-2128.1846153846154,17.2475,55.92112676056338,101.92112676056338,342,79,262.051737485856,2681,56.07843137254902,120
275,0.2175,-2344.953846153846,22.1125,68.63685636856368,117.21680216802169,347,79,322.80544466941507,2686,76.60477453580901,892
276,0.2163,-2272.476923076923,16.725833333333334,52.822888283378745,99.95367847411444,364,79,287.7956223742336,2687,53.12806539509537,459
277,0.2151,-2462.0,20.22,63.950819672131146,110.26502732240438,341,79,335.7430629821436,2691,65.64986737400531,480
278,0.2139,-2747.0153846153844,24.1725,76.33521126760563,130.90140845070422,347,77,417.89433503222233,2696,94.22070844686648,475
279,0.2127,-1789.7076923076925,14.45,47.547486033519554,90.1536312849162,334,80,209.31971871919637,2700,47.702777777777776,752
280,0.2115,-2462.6461538461544,22.205,71.35211267605634,119.70422535211267,334,81,359.4961353404688,2704,73.14745308310992,448
281,0.2104,-2022.5846153846153,16.995833333333334,57.10919540229885,102.99425287356321,326,85,285.3553001067996,2709,58.03409090909091,380
282,0.2092,-1874.5384615384614,14.944166666666666,49.69827586206897,94.6896551724138,338,80,226.88112599548896,2710,49.985632183908045,304
283,0.208,-2368.3999999999996,16.386666666666667,53.42045454545455,98.08806818181819,341,76,307.8768628044038,2712,53.68181818181818,477
284,0.2069,-2479.907692307692,20.791666666666668,66.01639344262296,111.93989071038251,351,79,363.8626555837257,2712,65.66397849462365,640
285,0.2058,-2960.2769230769227,25.109166666666667,74.36968085106383,130.375,378,79,474.4014303164309,2713,88.41755319148936,821
286,0.2046,-3075.2769230769227,29.98,91.22938144329896,144.29896907216494,355,77,552.3795064298736,2714,120.75765306122449,227
287,0.2035,-2999.2769230769236,25.780833333333334,74.9693094629156,124.24808184143222,378,79,500.98839284685863,2715,77.38874680306905,873
288,0.2024,-3091.661538461539,28.395,84.03875968992249,142.24031007751938,368,78,551.1399629989255,2716,94.07901234567902,795
289,0.2012,-2663.369230769231,25.328333333333333,85.183908045977,138.55172413793105,331,78,435.5594053390767,2719,90.76724137931035,745
290,0.2001,-2270.4769230769234,22.820833333333333,73.35792349726776,125.14754098360656,333,81,324.97082586329543,2723,78.69047619047619,439
291,0.199,-1970.5846153846155,15.708333333333334,53.788990825688074,96.86544342507645,315,81,246.3541325760185,2724,55.392330383480825,771
292,0.1979,-2433.846153846154,22.031666666666666,67.86486486486487,118.83513513513513,362,78,327.0809961546153,2727,74.51081081081081,597
293,0.1968,-2652.353846153846,20.618333333333332,62.72031662269129,110.08707124010554,382,78,405.274268276877,2730,64.70976253298153,610
294,0.1957,-2337.3692307692304,17.9025,61.365781710914455,109.5693215339233,332,77,303.8257683184056,2735,61.640117994100294,119
295,0.1946,-2577.1076923076926,18.496666666666666,62.52212389380531,109.08259587020649,339,78,394.45301136133287,2737,62.76401179941003,859
296,0.1936,-2878.1384615384613,26.003333333333334,76.29667519181585,131.92583120204603,379,83,520.4760339203978,2739,83.18925831202046,24
297,0.1925,-2245.8,18.038333333333334,58.81440443213297,106.08310249307479,333,81,313.15402835734227,2740,60.17438692098093,544
298,0.1914,-2341.4461538461537,17.926666666666666,56.77158774373259,101.79387186629526,354,77,300.82120797539875,2746,57.24376731301939,170
299,0.1904,-2943.338461538462,25.8575,79.25064599483204,132.84754521963825,357,83,584.8589187200133,2746,80.4780361757106,278
300,0.1893,-2297.4461538461537,19.9425,63.85434173669468,111.75350140056022,346,81,322.11306438673125,2749,72.44385026737967,420
301,0.1883,-3206.7846153846153,28.614166666666666,86.9296875,139.6328125,352,80,573.59469835073,2749,92.765625,15
302,0.1872,-2533.0923076923077,22.133333333333333,70.39589442815249,124.31378299120234,337,77,357.39855296426117,2753,82.20505617977528,678
303,0.1862,-2241.230769230769,19.2125,59.29736842105263,109.46578947368421,351,81,352.20524640550815,2756,60.75,517
304,0.1852,-2565.5846153846155,25.1925,86.45697329376854,141.88427299703264,320,83,417.3311393117045,2757,95.01139601139602,92
305,0.1841,-2284.953846153846,19.048333333333332,57.58100558659218,104.43854748603351,341,79,335.59302741153846,2760,59.245810055865924,55
306,0.1831,-1984.9846153846154,14.573333333333334,46.4066852367688,89.72701949860725,342,77,208.5583922476832,2762,48.65846994535519,343
307,0.1821,-2219.123076923077,17.180833333333332,56.968023255813954,100.78779069767442,322,82,313.59724571848375,2763,58.90462427745665,118
308,0.1811,-2599.9846153846156,23.6475,74.92436974789916,126.72268907563026,346,79,399.85757228623015,2763,80.79551820728291,464
309,0.1801,-2116.507692307692,19.10333333333333,61.00544959128065,111.37874659400545,342,83,323.2527842291836,2765,64.0804289544236,629
310,0.1791,-2346.353846153846,17.69333333333333,55.83720930232558,102.49418604651163,345,80,314.6426325246821,2767,56.401162790697676,145
311,0.1781,-2429.6461538461535,18.669166666666666,59.68956043956044,107.03296703296704,353,76,350.11092672777727,2775,59.78378378378378,666
312,0.1771,-2240.215384615385,18.099166666666665,56.16842105263158,101.04473684210527,365,79,324.3067462451617,2777,56.424870466321245,398
313,0.1762,-2692.984615384615,29.100833333333334,97.67826086956522,155.52463768115942,317,83,458.47331855895436,2777,171.58823529411765,596
314,0.1752,-2318.123076923077,19.2375,63.957264957264954,114.32193732193733,329,81,335.46086426851383,2779,64.23361823361823,449
315,0.1742,-1806.8153846153846,14.149166666666666,49.103857566765576,92.63501483679525,322,79,193.62448248155007,2781,49.36498516320475,246
316,0.1732,-2136.7384615384617,17.48,61.015060240963855,107.54518072289157,324,81,273.3430290720023,2784,60.9940119760479,759
317,0.1723,-3117.5538461538463,31.541666666666668,93.94117647058823,152.77237851662403,351,80,602.5630195158817,2785,98.99496221662469,80
318,0.1713,-2327.7692307692305,19.3175,62.64124293785311,110.09604519774011,345,80,334.1238430404863,2785,63.29577464788732,582
319,0.1704,-2502.492307692308,23.555,70.3923076923077,123.66923076923077,375,81,433.493419675806,2785,73.01719901719902,225
320,0.1694,-2467.076923076923,22.3175,69.13636363636364,116.41176470588235,353,83,386.294523948432,2786,69.38770053475936,551
321,0.1685,-2786.8615384615387,19.835833333333333,63.051575931232094,110.41547277936962,360,80,429.0693921229861,2787,63.25501432664756,391
322,0.1676,-1645.6461538461538,12.626666666666667,42.79479768786127,84.6907514450867,317,80,175.99049526214233,2790,42.96829971181556,20
323,0.1666,-1338.323076923077,9.3025,32.907407407407405,72.82407407407408,310,79,125.83633392394388,2792,33.02153846153846,250
324,0.1657,-2067.861538461538,17.44,56.07297297297297,104.82162162162162,356,79,267.57524596753524,2792,63.68518518518518,35
325,0.1648,-3228.138461538462,30.733333333333334,96.70879120879121,156.27747252747253,347,78,582.2644977834369,2793,101.94579945799458,18
326,0.1639,-1889.3846153846155,17.398333333333333,57.861971830985915,101.3830985915493,322,77,217.3634649344326,2799,62.27989130434783,670
327,0.163,-2366.0769230769233,20.509166666666665,66.90331491712708,113.75414364640883,320,81,379.05566740680064,2799,67.0,500
328,0.1621,-2526.246153846154,19.205,57.43360433604336,107.71815718157181,368,78,373.95251279765586,2802,57.7289972899729,559
329,0.1612,-1904.2307692307695,13.279166666666667,46.170731707317074,88.03658536585365,319,76,211.62692042951315,2805,46.332317073170735,205
330,0.1603,-2240.2,19.775,66.1235632183908,114.73563218390805,330,81,318.6947118082499,2806,67.1867816091954,882
331,0.1594,-2379.9846153846156,24.645,78.98575498575498,127.46153846153847,329,80,326.63050039999814,2806,108.11331444759207,485
332,0.1585,-2439.7999999999997,19.955833333333334,61.91076115485564,110.29133858267717,361,78,341.76255369890595,2807,62.0,506
333,0.1577,-2762.2,26.6425,84.51771117166213,136.5367847411444,333,79,434.7860842140529,2809,105.86910994764398,400
334,0.1568,-2784.8923076923074,22.953333333333333,66.81546134663341,116.16708229426433,384,80,451.67322136467897,2810,68.84313725490196,735
335,0.1559,-2275.6153846153848,18.890833333333333,61.3756906077348,107.96685082872928,340,81,350.6020710569639,2811,61.62707182320442,799
336,0.155,-2681.646153846154,25.5125,82.58263305322129,135.60504201680672,329,79,419.20778950533725,2813,89.36021505376344,479
337,0.1542,-2108.2615384615383,17.9875,59.25070422535211,105.09014084507042,320,80,280.38338935545505,2813,61.852367688022284,403
338,0.1533,-2256.9076923076923,24.44333333333333,79.06611570247934,131.0,325,84,376.6356373378907,2813,85.70822281167109,863
339,0.1525,-2958.6,27.269166666666667,84.11315789473684,137.85526315789474,358,81,560.693697690499,2813,86.56167979002625,71
340,0.1516,-3484.230769230769,35.01916666666666,99.12213740458016,162.73027989821884,389,80,708.278913204533,2814,106.28354430379747,310
341,0.1508,-1591.6615384615382,11.8175,39.90173410404624,82.32658959537572,325,81,152.38994630013752,2814,40.54647887323944,548
342,0.15,-2398.492307692308,20.128333333333334,64.22662889518413,110.70821529745042,354,74,318.32339530758634,2819,72.59029649595688,578
343,0.1491,-2311.707692307692,17.33,52.373333333333335,98.072,369,75,296.2004681141868,2822,52.00261780104712,412
344,0.1483,-2432.076923076923,20.275,61.58355437665782,108.9973474801061,358,78,345.9577651460465,2825,65.26525198938992,840
345,0.1475,-1986.446153846154,16.0675,52.36338028169014,99.21971830985916,332,82,268.9081711680012,2825,54.39622641509434,79
346,0.1467,-2357.4153846153845,22.169166666666666,75.35843373493977,125.79518072289157,335,83,343.6053795163169,2825,79.09649122807018,365
347,0.1459,-2185.2,15.823333333333334,48.38381201044386,94.17232375979113,359,80,281.2410718431266,2825,48.89119170984456,569
348,0.1451,-1907.2615384615385,13.3175,45.39274924471299,88.52567975830816,317,74,199.60150092071765,2829,46.46865671641791,713
349,0.1443,-2168.630769230769,18.096666666666668,60.84705882352941,112.39411764705882,341,81,282.3455388428171,2830,69.20882352941176,85
350,0.1435,-2253.369230769231,19.201666666666668,62.30172413793103,107.52586206896552,349,75,260.8802074486586,2831,69.08635097493037,534
351,0.1427,-2914.8923076923074,30.776666666666667,96.30079155672823,148.4617414248021,323,80,570.6973861204666,2831,106.33942558746736,626
352,0.1419,-2921.538461538462,22.429166666666667,68.33957219251337,120.20855614973262,362,76,446.9846024846353,2833,69.86898395721926,166
353,0.1411,-1799.169230769231,15.305833333333334,50.111111111111114,93.01424501424502,312,83,228.91645927572014,2833,50.85123966942149,494
354,0.1403,-2051.8,14.749166666666667,49.41761363636363,94.4403409090909,350,76,239.40907587142317,2834,49.63068181818182,482
355,0.1395,-2330.0923076923077,18.408333333333335,55.646907216494846,103.23195876288659,361,82,334.87518123248543,2836,56.30690537084399,214
356,0.1388,-1765.076923076923,13.835833333333333,45.378151260504204,90.36414565826331,328,80,207.5025121368381,2836,45.719887955182074,635
357,0.138,-3170.138461538461,28.845,88.3068783068783,146.36507936507937,365,77,582.737042680009,2839,98.69576719576719,367
358,0.1372,-2062.0615384615385,17.175,57.87965616045845,103.81948424068769,318,81,276.6571159794457,2839,58.15759312320917,812
359,0.1365,-2013.476923076923,17.998333333333335,56.383783783783784,99.52162162162162,336,80,271.77073147146774,2842,67.71538461538462,122
360,0.1357,-2654.1692307692306,21.624166666666667,65.03191489361703,115.54521276595744,370,78,398.87067582811943,2844,75.01595744680851,711
361,0.135,-2973.7692307692305,27.601666666666667,79.83762886597938,135.1340206185567,370,84,514.6240502631139,2844,96.751269035533,542
362,0.1342,-2209.046153846154,19.210833333333333,66.58769230769231,116.00307692307692,328,82,297.6054267935393,2847,66.31858407079646,841
363,0.1335,-2352.6769230769232,21.971666666666668,73.38904899135447,124.97406340057637,344,82,341.97541176409305,2847,73.89625360230548,545
364,0.1327,-1908.6615384615386,15.306666666666667,53.017857142857146,97.5327380952381,330,79,239.88758391254868,2848,53.42857142857143,556
365,0.132,-2963.630769230769,30.02,93.08791208791209,144.85164835164835,327,80,506.87198032514556,2849,114.38337801608579,866
366,0.1313,-2826.538461538462,29.4625,92.80939226519337,150.48342541436463,336,84,511.32175339833185,2849,110.80319148936171,305
367,0.1306,-2135.3999999999996,15.7525,47.84782608695652,90.67391304347827,358,79,263.2667880314392,2850,48.0,871
368,0.1298,-2127.630769230769,16.1375,50.394101876675606,94.33243967828419,349,80,269.44406672821856,2850,50.663101604278076,468
369,0.1291,-2889.7846153846153,28.116666666666667,83.44155844155844,143.83896103896103,361,82,567.0665223947648,2853,87.64935064935065,732
370,0.1284,-1729.4923076923076,12.804166666666667,41.62608695652174,87.40869565217392,353,81,182.10025058018687,2855,41.62536023054755,671
371,0.1277,-2018.5384615384614,15.910833333333333,50.698113207547166,96.23719676549865,351,80,271.75542928435203,2855,50.95417789757413,720
372,0.127,-1868.646153846154,14.258333333333333,45.47159090909091,89.48863636363636,350,79,215.38928276540065,2856,45.76988636363637,394
373,0.1263,-2362.923076923077,20.4175,68.03779069767442,117.8313953488372,344,81,351.9587854110002,2857,72.73480662983425,470
374,0.1256,-2236.4769230769225,19.405833333333334,58.776,108.79466666666667,358,82,329.36399788261747,2858,63.093506493506496,505
375,0.1249,-2509.538461538462,25.311666666666667,80.84873949579831,132.2268907563025,336,81,392.8334279443285,2858,100.09041095890412,254
376,0.1242,-2162.2,17.159166666666668,56.82152974504249,104.91501416430594,338,80,279.41263082798,2859,57.73130193905817,96
377,0.1235,-2392.5538461538463,20.08416666666667,69.53508771929825,117.2719298245614,332,82,398.37925348081654,2860,70.35087719298245,527
378,0.1228,-1916.3230769230772,14.379166666666666,44.90616621983914,88.4798927613941,347,80,288.7433472802307,2862,44.99732620320856,127
379,0.1221,-2680.784615384615,23.430833333333332,74.41666666666667,122.65591397849462,353,78,429.8911270996093,2863,75.22849462365592,432
380,0.1215,-2992.4769230769234,26.496666666666666,81.10077519379846,133.11627906976744,361,73,502.6020930803472,2864,83.73989898989899,790
381,0.1208,-2411.1384615384613,22.783333333333335,74.05479452054794,123.44109589041096,334,81,377.9285338620949,2864,91.36898395721926,696
382,0.1201,-2407.7076923076925,18.251666666666665,60.022346368715084,105.77653631284916,336,79,369.47129656210683,2866,60.116991643454035,481
383,0.1195,-3147.0461538461536,27.534166666666668,85.65322580645162,137.80376344086022,354,81,596.2471968860493,2867,87.91466666666666,421
384,0.1188,-2257.6000000000004,17.135,54.44642857142857,102.44642857142857,338,78,294.3326885717779,2868,54.61807580174927,848
385,0.1181,-2233.6923076923076,17.206666666666667,52.805851063829785,96.82446808510639,353,78,294.21892561018177,2871,54.221932114882506,200
386,0.1175,-1577.3384615384614,11.505833333333333,40.22754491017964,82.04491017964072,321,80,169.73426070596787,2871,40.87797619047619,348
387,0.1168,-2687.5230769230766,24.528333333333332,67.53012048192771,120.08915662650602,381,79,471.96915538115,2872,78.90498812351544,788
388,0.1162,-1982.3076923076924,15.113333333333333,50.89173789173789,94.56410256410257,326,76,242.44913903005482,2875,51.23931623931624,702
389,0.1156,-2781.9230769230767,27.105,85.9918918918919,138.96486486486486,339,80,473.3550466754814,2875,113.1027027027027,802
390,0.1149,-2690.9538461538464,22.296666666666667,73.04857142857144,129.93142857142857,356,74,407.74450982717286,2875,77.33714285714285,717
391,0.1143,-1825.353846153846,12.854166666666666,41.543175487465184,82.95543175487465,346,80,202.10794088417688,2876,41.78272980501393,877
392,0.1136,-1963.0461538461539,17.095833333333335,53.7686170212766,99.25797872340425,351,79,246.82997577371253,2878,57.225464190981434,665
393,0.113,-1792.3076923076924,13.465,45.61739130434783,90.97101449275362,333,79,196.64228403119736,2879,45.881159420289855,91
394,0.1124,-3417.4615384615395,34.91416666666667,103.47757255936675,166.38522427440634,370,82,701.1279132827059,2879,116.85529715762274,219
395,0.1118,-2716.4615384615386,21.68,69.01699716713881,115.76770538243626,335,78,459.53966545513646,2880,69.85269121813032,177
396,0.1112,-3143.6923076923076,29.376666666666665,94.87052341597796,151.32231404958677,337,77,577.301890726563,2881,103.13793103448276,27
397,0.1105,-1692.353846153846,13.959166666666667,45.50420168067227,89.38375350140056,336,81,198.45667695440844,2881,45.64804469273743,90
398,0.1099,-2019.5076923076924,16.578333333333333,50.28735632183908,95.17241379310344,340,77,245.7225172253997,2882,53.19886363636363,768
399,0.1093,-2782.430769230769,23.81833333333333,75.22010869565217,123.70108695652173,353,78,430.093496953551,2882,85.06842105263158,451
400,0.1087,-2675.6461538461535,20.703333333333333,65.80716253443526,113.31404958677686,351,76,368.4430034013561,2886,66.366576819407,679
401,0.1081,-2307.2,20.066666666666666,65.59722222222223,114.26944444444445,335,80,368.0539102224876,2887,66.19166666666666,861
402,0.1075,-2743.0769230769233,25.70916666666667,78.63471502590673,131.0103626943005,356,75,438.36542464911156,2887,98.02010050251256,619
403,0.1069,-2749.753846153846,23.58416666666667,72.93785310734464,124.77118644067797,352,82,471.48499473649593,2887,74.05277777777778,327
404,0.1063,-2359.876923076923,18.163333333333334,57.87042253521127,105.05633802816901,350,81,337.2207840195147,2888,58.443820224719104,355
405,0.1057,-2680.6615384615384,26.770833333333332,83.09164420485175,137.19946091644204,348,81,444.2584962771215,2889,103.33246073298429,433
406,0.1052,-2657.123076923077,25.471666666666668,83.20461095100865,140.90201729106627,341,80,417.94878448929455,2890,91.07103825136612,737
407,0.1046,-1989.7076923076925,15.909166666666666,50.69505494505494,96.4478021978022,345,80,249.42952055722964,2891,50.994505494505496,621
408,0.104,-2600.6,24.030833333333334,75.84139784946237,128.2311827956989,345,82,427.2751635621071,2892,81.69132653061224,128
409,0.1034,-1879.1076923076923,14.884166666666667,45.955497382198956,90.10471204188482,357,77,222.5034338908772,2893,46.76701570680628,446
410,0.1028,-1939.784615384615,15.559166666666666,49.22702702702703,93.48378378378378,343,81,266.0589181905333,2895,49.41239892183288,42
411,0.1023,-2639.6153846153843,24.533333333333335,80.57851239669421,134.62258953168043,355,80,469.71062216415163,2895,85.58126721763085,831
412,0.1017,-2726.246153846154,23.154166666666665,73.59722222222223,125.71388888888889,345,77,380.1606760962461,2895,76.62771739130434,878
413,0.1011,-2186.830769230769,15.255,49.67236467236467,93.80341880341881,351,76,271.72014067307134,2899,49.94871794871795,467
414,0.1006,-2688.6153846153848,23.678333333333335,71.66404199475066,121.93700787401575,369,82,452.0162393454131,2900,74.41624365482234,437
415,0.1,-2080.830769230769,16.215,52.60055096418733,96.98898071625344,340,81,300.04404332324395,2901,52.815426997245176,231
416,0.0995,-2121.2153846153847,17.781666666666666,56.01340482573727,101.72117962466488,343,80,276.05103797908004,2902,57.63779527559055,498
417,0.0989,-3375.661538461539,34.63333333333333,99.67919799498746,157.22055137844612,357,80,668.4483238312268,2903,135.11031175059952,462
418,0.0984,-2692.8615384615387,23.780833333333334,70.6919191919192,122.61616161616162,383,78,412.5625005198563,2904,76.14676616915423,263
419,0.0978,-2239.5230769230766,18.873333333333335,59.47645429362881,106.26315789473684,347,78,321.91373271027754,2905,59.107238605898125,39
420,0.0973,-2338.923076923077,16.811666666666667,52.3132183908046,100.78448275862068,351,76,325.99116135318934,2907,56.9367816091954,611
421,0.0968,-2574.276923076923,27.048333333333332,85.58011049723757,138.61878453038673,337,84,457.8956959725476,2907,93.24661246612466,785
422,0.0962,-2700.7076923076925,21.025,61.088471849865954,109.8739946380697,374,77,399.82795454461535,2907,61.9946380697051,107
423,0.0957,-3005.969230769231,23.898333333333333,73.136,123.75733333333334,358,73,493.7235209540548,2909,81.98936170212765,766
424,0.0952,-2739.2153846153847,27.38,90.28732394366197,144.46478873239437,339,80,442.364699035454,2910,97.0625,331
425,0.0946,-3106.830769230769,29.835,90.08571428571429,144.75064935064935,351,79,553.6945029026422,2911,101.69948186528498,17
426,0.0941,-3272.8615384615387,31.946666666666665,97.11436170212765,155.74468085106383,362,81,612.3974546513713,2915,103.0997506234414,152
427,0.0936,-2654.1846153846154,22.64,71.27371273712737,123.8509485094851,366,80,417.86691881194935,2916,73.13279132791328,299
428,0.0931,-2201.276923076923,15.636666666666667,49.06371191135734,93.95013850415512,353,76,259.8201051378151,2916,49.578947368421055,744
429,0.0926,-1991.153846153846,14.954166666666667,47.75757575757576,92.2396694214876,361,82,247.29662830337494,2916,47.96969696969697,52
430,0.092,-2965.83076923077,30.776666666666667,96.97311827956989,156.15591397849462,345,82,548.1125376223384,2917,112.70053475935829,338
431,0.0915,-1960.6153846153848,13.373333333333333,41.08093994778068,83.59791122715404,358,78,229.43532038671282,2918,41.29503916449086,167
432,0.091,-1941.7076923076922,15.1475,50.26300578034682,95.378612716763,319,78,245.11118273014438,2920,51.28285714285714,207
433,0.0905,-2176.0,16.450833333333332,54.09887005649718,100.4322033898305,350,77,293.8428660465613,2921,54.40395480225989,748
434,0.09,-3966.3846153846152,40.005,118.58885941644563,184.09018567639257,366,80,905.1975912307335,2926,137.3475,452
435,0.0895,-1984.3999999999999,14.169166666666667,45.168508287292816,88.61049723756906,357,80,246.64137404664763,2926,45.392265193370164,335
436,0.089,-2375.584615384615,19.9775,62.402702702702705,112.63783783783784,348,80,332.3490268649706,2928,68.6765498652291,725
437,0.0885,-2549.7384615384617,22.894166666666667,73.27049180327869,121.42622950819673,347,80,392.57434659190096,2929,75.7445652173913,435
438,0.088,-2263.4615384615386,18.564166666666665,58.66477272727273,107.6221590909091,351,78,281.3714730880502,2930,59.144067796610166,773
439,0.0876,-1975.2,15.36,49.02535211267605,93.16901408450704,343,78,239.14245055990443,2931,50.72451790633609,474
440,0.0871,-2683.953846153846,22.4725,70.44535519125684,116.85792349726776,352,79,412.17492868296523,2931,73.18897637795276,411
441,0.0866,-1746.2307692307693,15.338333333333333,50.48295454545455,93.49431818181819,322,82,232.52487280554948,2932,51.245070422535214,530
442,0.0861,-2273.984615384615,18.550833333333333,61.114285714285714,112.16,347,80,328.0442912353426,2933,61.47428571428571,697
443,0.0856,-2151.2,18.75583333333333,58.48924731182796,107.84408602150538,338,82,287.0420684509634,2933,59.90860215053763,777
444,0.0852,-1896.2769230769231,14.515,48.759312320916905,91.50716332378224,338,79,200.03769096222345,2935,49.1025641025641,37
445,0.0847,-2928.584615384615,27.705,84.26519337016575,142.89226519337018,361,83,514.0787110284755,2935,96.64364640883979,323
446,0.0842,-1863.3692307692304,13.89,41.67179487179487,83.53846153846153,369,79,249.5522626709975,2936,41.91815856777494,148
447,0.0838,-2292.415384615385,18.4825,57.53825136612022,103.0327868852459,357,78,301.03092387302837,2936,62.41711229946524,440
448,0.0833,-2938.292307692308,24.8025,76.6266318537859,126.87728459530027,355,78,533.85042776771,2938,77.2015306122449,375
449,0.0828,-2034.9230769230767,15.108333333333333,48.4985835694051,93.23229461756374,341,81,243.51981212221781,2939,48.77903682719547,405
450,0.0824,-2583.3538461538465,21.439166666666665,68.95543175487465,121.32869080779945,342,81,426.1493973143303,2940,70.18384401114206,714
451,0.0819,-2826.6769230769232,26.6375,83.33333333333333,139.6861111111111,347,83,498.82335797269906,2940,97.98611111111111,311
452,0.0815,-2792.246153846154,28.216666666666665,92.12640449438203,146.47191011235955,348,82,512.8735680840844,2941,100.42408376963351,330
453,0.081,-1900.8153846153848,14.539166666666667,46.08672086720867,91.20325203252033,342,82,206.44291748204043,2944,46.48509485094851,116
454,0.0806,-2349.1692307692306,20.6275,66.28184281842819,115.27371273712737,337,81,340.59870858323967,2948,70.63660477453581,653
455,0.0801,-2206.0,18.2725,56.83835616438356,102.34520547945205,347,81,327.0092337237993,2948,60.6987012987013,360
456,0.0797,-2201.953846153846,18.399166666666666,58.09189189189189,108.81351351351351,358,79,270.8569789859372,2949,58.85983827493261,75
457,0.0792,-2615.5230769230766,20.150833333333335,62.42307692307692,111.5,372,77,383.9452733440129,2949,62.54812834224599,133
458,0.0788,-2545.6,20.343333333333334,64.05464480874316,112.79508196721312,346,79,402.3704360075237,2949,66.52380952380952,511
459,0.0784,-2399.3846153846152,18.18,58.436619718309856,106.57464788732395,349,81,358.6838200992425,2951,58.825484764542935,294
460,0.0779,-2248.753846153846,17.325,53.58888888888889,98.29166666666667,356,79,326.1304356466758,2952,53.87738419618529,244
461,0.0775,-2155.6000000000004,18.3525,64.46107784431138,113.2994011976048,332,80,295.65428813905766,2952,64.8443113772455,320
462,0.0771,-2146.4615384615386,17.639166666666668,56.002702702702706,100.87837837837837,349,78,268.64931933625604,2957,58.494623655913976,493
463,0.0766,-2868.476923076923,23.240833333333335,73.30311614730878,124.65722379603399,356,80,459.58615926670507,2958,73.79320113314448,685
464,0.0762,-2318.3538461538465,20.99,68.625,116.96388888888889,327,76,389.56341783860984,2962,76.94946808510639,151
465,0.0758,-1808.6307692307691,15.2025,52.928358208955224,96.55820895522388,307,76,205.1927254058396,2964,55.334310850439884,837
466,0.0754,-3221.446153846154,32.983333333333334,105.92837465564739,165.4848484848485,338,80,661.2362142659395,2965,134.91825613079018,47
467,0.075,-2017.3538461538465,16.975833333333334,54.36363636363637,101.20936639118457,342,78,236.94832921159542,2967,57.617079889807165,295
468,0.0745,-2784.7846153846153,21.946666666666665,64.2741935483871,112.38978494623656,372,74,397.27545997744613,2970,68.11021505376344,600
469,0.0741,-2978.538461538462,27.9875,82.67875647668394,137.08031088082902,369,80,523.5756241343413,2970,104.59808612440192,769
470,0.0737,-2929.8615384615387,28.439166666666665,80.34517766497461,135.98984771573603,358,78,503.2625376066811,2970,101.975,86
471,0.0733,-1803.0000000000002,12.631666666666666,40.16897506925208,83.26592797783934,356,81,214.37958899835766,2971,40.38227146814405,313
472,0.0729,-2358.3076923076924,21.089166666666667,67.12806539509536,118.01907356948229,352,77,342.0409374708652,2972,71.13010204081633,182
473,0.0725,-2819.5230769230766,21.114166666666666,63.909574468085104,113.72074468085107,354,74,405.65511021204844,2974,65.34748010610079,805
474,0.0721,-2527.5692307692307,24.0775,72.38333333333334,121.30277777777778,340,76,390.57438695298686,2977,98.3010752688172,419
475,0.0717,-2139.2000000000003,16.406666666666666,48.49863760217983,92.16621253405995,360,81,316.09951709101244,2977,48.787465940054496,83
476,0.0713,-2640.6615384615384,27.265833333333333,88.03428571428572,145.22857142857143,326,82,469.8026696300673,2978,107.08659217877096,765
477,0.0709,-2435.8923076923083,21.11,67.27322404371584,117.47540983606558,354,78,364.28126666693794,2979,69.87096774193549,266
478,0.0705,-2629.0923076923073,23.725,72.83188405797101,126.5623188405797,355,75,370.6013950953244,2980,110.34202898550724,539
479,0.0701,-3089.3384615384616,26.774166666666666,87.26345609065156,142.74787535410766,346,76,533.0367291134095,2985,92.19546742209631,524
480,0.0697,-2898.646153846154,23.988333333333333,74.55040871934605,128.858310626703,369,80,457.85834776679854,2986,90.58133333333333,642
481,0.0694,-2672.876923076923,22.625,68.04891304347827,119.14402173913044,367,81,409.5161104368058,2988,70.55826558265582,580
482,0.069,-2257.707692307692,18.673333333333332,64.2953216374269,112.82456140350877,318,85,315.6071656677648,2989,65.30057803468208,229
483,0.0686,-2586.7846153846153,20.633333333333333,68.98245614035088,117.90643274853801,343,78,370.22153699811173,2989,72.65642458100558,185
484,0.0682,-1710.9384615384615,12.404166666666667,39.48179271708683,82.5546218487395,348,76,189.1592850704904,2989,39.773109243697476,567
485,0.0678,-2044.3846153846157,16.020833333333332,52.45505617977528,97.88202247191012,326,76,259.93944807732197,2990,52.539944903581265,426
486,0.0675,-2196.3846153846152,19.1225,59.92391304347826,107.60326086956522,352,81,297.25778492173623,2990,60.74934036939314,124
487,0.0671,-1931.8923076923077,13.213333333333333,40.112,83.248,369,79,229.3638340271912,2990,40.352,33
488,0.0667,-2576.123076923077,20.491666666666667,60.736434108527135,109.28940568475453,368,79,391.42539593304315,2990,61.60206718346253,694
489,0.0664,-2687.9076923076923,24.425,78.3242506811989,131.55313351498637,338,80,446.1234970144713,2990,82.6514745308311,455
490,0.066,-1570.2153846153847,11.841666666666667,36.139275766016716,76.3899721448468,342,76,162.4219640693863,2991,36.28055555555556,44
491,0.0656,-2263.3846153846152,22.665,73.71232876712328,126.24931506849315,341,83,337.4230653927104,2991,86.74473684210527,709
492,0.0653,-2314.353846153846,19.985,60.40153452685422,107.92838874680307,371,79,366.84688190427516,2991,60.52671755725191,262
493,0.0649,-1962.3230769230768,15.8525,52.53125,95.78693181818181,339,82,268.8669223065135,2991,52.73579545454545,615
494,0.0645,-2195.3384615384616,16.4575,54.070028011204485,98.33613445378151,338,76,280.4642379451414,2994,54.033426183844014,457
495,0.0642,-1831.2461538461537,12.095,38.86931818181818,84.07102272727273,348,72,199.54927847395163,2994,39.20170454545455,397
496,0.0638,-1853.5384615384614,14.455,48.24277456647399,92.21965317919076,333,81,225.37184043339283,2996,48.528901734104046,31
497,0.0635,-1603.0,12.593333333333334,41.26912181303116,81.36827195467423,326,78,183.90322153633866,2996,41.39265536723164,137
498,0.0631,-1892.8923076923074,14.255833333333333,46.86760563380282,88.46760563380282,342,77,218.6131679365559,2997,47.056338028169016,599
499,0.0628,-1562.8153846153846,11.036666666666667,36.740112994350284,77.26553672316385,332,81,175.08890918059413,3000,36.95762711864407,648
500,0.0624,-1979.723076923077,16.41583333333333,51.20053475935829,93.93582887700535,338,78,247.13481936611763,3000,54.388888888888886,436
501,0.0621,-2021.9846153846152,17.22,52.476584022038566,99.99173553719008,340,83,292.27987787967305,3001,52.59065934065934,864
502,0.0617,-2950.4461538461537,27.200833333333332,79.59625668449198,133.25935828877004,365,79,470.8713205843239,3003,93.56533333333333,755
503,0.0614,-1903.5538461538458,14.2425,45.61095890410959,88.76438356164384,335,77,226.91657149566592,3004,46.09041095890411,407
504,0.0611,-2319.9692307692308,21.208333333333332,69.36871508379889,119.68156424581005,350,83,324.05169319053556,3005,69.66666666666667,155
505,0.0607,-2259.8153846153846,18.98,64.67732558139535,114.93313953488372,342,80,310.81900380099586,3005,66.22093023255815,175
506,0.0604,-2622.2307692307695,22.395,69.42553191489361,121.34042553191489,351,83,439.78658400799486,3006,70.55851063829788,402
507,0.06,-3316.4923076923073,34.51833333333333,99.43069306930693,158.47524752475246,373,80,638.9967439006259,3006,129.4404761904762,618
508,0.0597,-1714.1846153846154,15.249166666666667,52.7683284457478,95.51906158357771,307,83,230.35061051000218,3006,56.29608938547486,340
509,0.0594,-2191.3538461538465,18.046666666666667,59.78186968838527,107.8300283286119,341,83,320.5196249690618,3008,62.50958904109589,232
510,0.0591,-2090.7230769230764,17.425833333333333,57.15909090909091,101.75,335,76,300.97305703657463,3009,57.85792349726776,423
511,0.0587,-2083.1076923076926,13.6775,44.87020648967552,88.97050147492625,343,78,246.9277653865226,3010,45.14159292035398,851
512,0.0584,-2011.8615384615387,15.451666666666666,51.391304347826086,95.15652173913044,337,79,250.56682988456927,3011,51.594202898550726,38
513,0.0581,-1888.1538461538462,13.5725,43.57821229050279,86.10055865921788,345,79,216.10938647890876,3013,43.77653631284916,767
514,0.0578,-2048.9384615384615,15.956666666666667,49.82786885245902,95.13387978142076,346,80,262.7517502198344,3013,50.41803278688525,491
515,0.0574,-2135.246153846154,18.9,61.03888888888889,109.14722222222223,349,85,332.8906234830196,3014,63.73015873015873,572
516,0.0571,-2676.661538461539,19.39666666666667,60.236111111111114,111.01666666666667,366,76,395.39653881912903,3015,61.02777777777778,88
517,0.0568,-1869.7076923076922,14.293333333333333,46.497191011235955,91.74157303370787,345,78,235.20790734740433,3017,47.146067415730336,756
518,0.0565,-2824.876923076923,24.485833333333332,74.69295774647887,128.04788732394366,353,79,490.91139786122807,3017,80.98591549295774,742
519,0.0562,-2643.7076923076925,23.655833333333334,69.2107969151671,119.92544987146529,367,79,441.76392344833755,3017,71.32904884318766,564
520,0.0559,-1985.9384615384615,14.873333333333333,48.5693215339233,92.62241887905604,323,81,230.5198859234247,3017,49.74193548387097,339
521,0.0556,-2434.3384615384616,20.883333333333333,63.61618798955614,115.05483028720627,375,80,380.133843494403,3017,65.46770025839793,733
522,0.0553,-3130.9384615384615,28.27,89.95604395604396,143.82417582417582,358,78,511.9901935445875,3017,106.80253164556962,794
523,0.0549,-2502.369230769231,23.259166666666665,73.93513513513514,123.87837837837837,345,82,425.55831269535156,3019,77.69623655913979,806
524,0.0546,-2322.507692307692,18.454166666666666,58.264150943396224,104.24528301886792,350,79,338.07585089525446,3019,62.96560846560847,555
525,0.0543,-2381.1384615384613,18.506666666666668,60.58923512747875,106.6685552407932,344,79,320.4705226627711,3020,60.830028328611895,478
526,0.054,-2565.9846153846156,22.539166666666667,68.11825192802057,116.63753213367609,364,80,406.26727202591263,3020,70.69113924050633,622
527,0.0537,-2788.7230769230764,28.254166666666666,88.55913978494624,140.3790322580645,337,80,495.53836014309974,3020,117.09677419354838,59
528,0.0534,-1721.3076923076924,13.24,44.76417910447761,85.68955223880597,327,75,195.63272070643933,3022,47.15652173913043,761
529,0.0531,-1762.3538461538462,13.615833333333333,43.29752066115702,88.86225895316804,329,78,244.3135249767996,3022,47.81693989071038,815
530,0.0529,-2948.661538461539,28.400833333333335,86.68684210526315,142.30526315789473,365,78,514.968119863923,3023,97.5875,61
531,0.0526,-2952.953846153846,26.4025,79.93333333333334,132.94166666666666,358,82,505.67174372255494,3023,95.9532967032967,293
532,0.0523,-2715.523076923077,21.574166666666667,69.46301369863014,118.91780821917808,350,78,453.4946370300979,3025,69.79452054794521,453
533,0.052,-2284.6923076923076,19.153333333333332,60.09189189189189,108.64594594594594,364,80,290.6269035156091,3025,63.66216216216216,312
534,0.0517,-1912.4,14.905833333333334,50.78171091445428,97.952802359882,320,79,243.0164411461924,3025,51.6463768115942,651
535,0.0514,-1845.646153846154,15.644166666666667,56.223241590214066,99.74923547400611,308,79,209.49185594512977,3028,57.22222222222222,726
536,0.0511,-2286.5692307692307,21.0825,70.23229461756374,117.81303116147309,317,80,351.09549637759875,3031,77.20053475935829,676
537,0.0508,-1671.1384615384616,12.508333333333333,39.289693593314766,82.08356545961003,344,80,179.88271608445902,3031,39.398891966759,404
538,0.0506,-2126.4,17.39,56.85070422535211,102.38591549295775,339,79,286.94168273652707,3031,57.07887323943662,558
539,0.0503,-2127.3999999999996,16.63083333333333,50.13989637305699,97.78756476683938,368,80,277.6924331778787,3031,51.27720207253886,0
540,0.05,-1794.707692307692,13.7,45.02824858757062,92.70056497175142,347,80,210.11711408364474,3031,45.48870056497175,584
541,0.05,-2279.7692307692305,19.711666666666666,61.14627659574468,107.49468085106383,355,76,305.75440036994036,3031,66.89948453608247,791
542,0.05,-1725.6153846153848,13.399166666666666,45.55621301775148,87.60059171597634,315,79,196.26407947326248,3031,47.10914454277286,349
543,0.05,-1633.1692307692308,11.55,36.575,78.30555555555556,351,76,169.6934148500803,3031,36.82222222222222,473
544,0.05,-2696.7384615384613,25.9725,82.67847411444141,138.65940054495914,352,78,438.3560396088219,3031,104.29187817258884,239
545,0.05,-2116.8,16.034166666666668,52.75833333333333,99.47222222222223,349,80,274.16270024229016,3032,53.05555555555556,652
546,0.05,-2880.6153846153848,26.594166666666666,80.64432989690722,136.9458762886598,361,78,500.1763845585387,3034,86.0690537084399,643
547,0.05,-2383.1846153846154,20.530833333333334,66.10989010989012,114.39285714285714,350,78,303.3850758613096,3034,66.49725274725274,741
548,0.05,-2425.169230769231,20.479166666666668,63.455026455026456,113.17460317460318,366,82,369.071463554901,3034,66.37564766839378,255
549,0.05,-2170.292307692308,18.876666666666665,58.70133333333333,105.97333333333333,343,83,273.25764498641047,3034,58.833333333333336,858
550,0.05,-2558.123076923077,21.150833333333335,59.64563106796116,109.49029126213593,379,78,384.80024247643775,3035,60.85265700483092,235
551,0.05,-2585.0307692307692,23.455833333333334,73.38356164383562,125.6054794520548,362,79,412.9233985690338,3035,84.17260273972603,300
552,0.05,-2539.5230769230766,20.06833333333333,62.3800539083558,112.18598382749326,357,77,433.5961653563118,3036,64.71315789473684,242
553,0.05,-2708.046153846154,21.685,68.16056338028169,119.39718309859155,358,77,420.9739676531366,3039,68.8225352112676,183
554,0.05,-2926.4615384615386,27.715,85.912,140.19733333333335,353,83,521.3797454270768,3041,88.00533333333334,469
555,0.05,-1936.5538461538465,13.4225,44.43988269794721,88.88269794721407,336,79,261.4428224642672,3041,44.651026392961874,543
556,0.05,-2727.184615384615,23.858333333333334,76.03899721448468,130.88022284122562,349,83,422.6575386951769,3041,77.86072423398329,32
557,0.05,-2596.5384615384614,24.8275,82.09144542772862,137.4542772861357,319,81,394.19868753689224,3042,95.57225433526011,860
558,0.05,-1745.123076923077,12.531666666666666,39.37078651685393,82.46629213483146,353,79,201.62349893802303,3042,39.73033707865169,361
559,0.05,-2844.6153846153848,24.339166666666667,75.11466666666666,127.46933333333334,359,77,435.5929404295688,3042,78.01025641025642,747
560,0.05,-3915.1538461538457,42.38166666666667,127.51436031331593,191.63185378590077,349,82,912.3353902390439,3044,154.09620253164556,336
561,0.05,-2150.2,16.715,53.036414565826334,99.2016806722689,349,79,250.95130174304535,3044,53.80112044817927,489
562,0.05,-2432.3230769230777,21.788333333333334,70.80112044817928,124.21008403361344,343,79,380.57955638459407,3044,73.35574229691876,809
563,0.05,-2803.6000000000004,25.581666666666667,77.51295336787565,130.4455958549223,368,79,460.5574824865993,3044,87.2264631043257,825
564,0.05,-1765.646153846154,15.74,52.84045584045584,96.97150997150997,333,77,218.71596264596815,3045,55.96078431372549,638
565,0.05,-2735.646153846154,25.108333333333334,78.54016620498615,133.85041551246536,352,81,450.6278836296077,3045,80.13019390581718,202
566,0.05,-3403.476923076923,29.456666666666667,87.53443526170798,142.5785123966942,353,81,668.5044594086705,3045,95.78787878787878,620
567,0.05,-2131.6153846153848,14.965833333333334,49.18550724637681,91.26666666666667,329,74,272.4505662523494,3047,49.39710144927536,187
568,0.05,-2979.3230769230768,25.7125,75.65228426395939,126.8248730964467,376,80,565.4388205349524,3049,76.13447432762837,298
569,0.05,-2615.630769230769,22.719166666666666,69.28969359331477,118.33704735376044,357,77,390.4952445985399,3051,71.56300268096514,157
570,0.05,-3186.0307692307692,28.389166666666668,86.42666666666666,138.81066666666666,365,78,521.7012112551542,3053,104.78571428571429,456
571,0.05,-2472.0,21.0,66.4608695652174,118.00579710144928,343,79,357.01955901949583,3053,70.42608695652174,256
572,0.05,-3379.415384615384,33.185,95.47237569060773,149.76795580110496,348,74,573.2808736465333,3053,130.1680216802168,316
573,0.05,-2652.5692307692307,24.805833333333332,77.06332453825857,127.3825857519789,347,79,452.6532822541772,3055,79.86279683377309,43
574,0.05,-2197.8153846153846,17.143333333333334,53.63270777479893,100.0,346,80,288.6076956702,3055,54.85790884718499,252
575,0.05,-3020.1384615384613,24.140833333333333,77.1551246537396,131.65650969529085,348,77,523.2287402299279,3056,82.5235457063712,385
576,0.05,-2463.6153846153843,21.773333333333333,69.05027932960894,118.85754189944134,344,82,352.51349644103766,3056,73.24109589041096,192
577,0.05,-2943.2769230769227,28.405833333333334,93.83679525222551,146.75964391691394,323,74,455.36544290905294,3056,107.7943661971831,159
578,0.05,-2457.523076923077,23.368333333333332,70.75132275132275,121.97619047619048,363,77,345.82041662736697,3056,126.03084832904884,236
579,0.05,-2129.6,17.615,52.83727034120735,100.1259842519685,355,77,273.09594084388823,3057,55.34625322997416,196
580,0.05,-2441.4,21.72,65.43589743589743,113.96923076923076,355,79,354.6183935751418,3058,70.81538461538462,309
581,0.05,-1608.8153846153846,10.9175,38.20060790273556,80.98784194528875,328,79,163.02644998522928,3060,38.422492401215806,476
582,0.05,-2119.0923076923077,15.959166666666667,51.23224043715847,96.56284153005464,345,75,256.5477195889085,3061,52.55191256830601,842
583,0.05,-3058.2923076923075,29.1475,91.70027247956403,147.6566757493188,352,81,550.5187888919554,3061,96.35849056603773,203
584,0.05,-2412.123076923077,18.610833333333332,55.095360824742265,103.81443298969072,383,75,317.5865464524957,3061,58.77061855670103,10
585,0.05,-2070.876923076923,13.954166666666667,47.50149253731343,89.14626865671642,324,78,288.1679729878763,3063,47.69253731343284,34
586,0.05,-2560.1384615384613,25.3625,80.30555555555556,132.775,336,78,405.26160270710085,3064,95.82093663911846,14
587,0.05,-1830.7692307692307,12.254166666666666,38.08791208791209,77.4532967032967,348,75,221.76171580091284,3065,38.27472527472528,342
588,0.05,-2023.6615384615384,19.429166666666667,65.36389684813754,114.77650429799426,315,80,287.519705604535,3065,70.25761772853186,656
589,0.05,-2614.3230769230768,20.5125,55.85674931129476,103.4297520661157,374,74,408.15114644282664,3066,61.833333333333336,894
590,0.05,-2735.6153846153848,24.354166666666668,81.56395348837209,136.40406976744185,341,78,390.7050473160602,3068,94.39495798319328,793
591,0.05,-2362.753846153846,20.393333333333334,67.09248554913295,115.97109826589596,328,80,400.50546019015746,3068,69.121387283237,190
592,0.05,-1837.6923076923078,14.3375,47.15988372093023,90.65988372093024,325,78,244.92972959950842,3068,47.548850574712645,705
593,0.05,-2443.138461538462,20.559166666666666,66.1,116.6735294117647,343,77,345.22457354026625,3069,70.66176470588235,306
594,0.05,-2090.584615384615,16.686666666666667,50.76584022038568,97.24242424242425,372,77,256.90784373904563,3071,56.823691460055095,332
595,0.05,-2749.230769230769,25.520833333333332,78.93854748603351,135.231843575419,355,79,453.33240659915396,3071,97.66032608695652,631
596,0.05,-2656.7538461538466,19.2825,61.85479452054795,110.13424657534246,353,77,377.0508664406274,3071,62.326027397260276,764
597,0.05,-2637.1076923076926,23.265,71.2219321148825,122.91383812010444,363,81,482.1141917327535,3072,72.65625,370
598,0.05,-1952.5692307692307,15.130833333333333,48.4986301369863,92.41095890410959,346,79,227.71200229272694,3074,48.71506849315068,224
599,0.05,-2015.3846153846155,16.08,53.0406976744186,98.6046511627907,335,78,269.2706946040166,3074,55.71954674220963,779
600,0.05,-2869.584615384615,28.426666666666666,84.9609375,137.03385416666666,365,79,477.71069582265244,3075,96.8676844783715,169
601,0.05,-2583.7692307692305,24.9075,72.92307692307692,123.57568238213399,362,79,409.12551857501956,3076,83.06435643564356,746
602,0.05,-2571.415384615385,21.268333333333334,67.2406876790831,115.99426934097421,341,79,428.8409277896545,3078,68.8567335243553,114
603,0.05,-1877.969230769231,13.685,44.96551724137931,88.0919540229885,339,80,224.2576559107327,3079,45.03724928366762,379
604,0.05,-1754.3384615384616,12.335833333333333,42.6996996996997,85.30630630630631,321,81,197.6126560265648,3080,42.97897897897898,488
605,0.05,-2313.0153846153853,17.441666666666666,50.91798941798942,98.73280423280423,379,79,321.2719472922597,3080,52.47883597883598,226
606,0.05,-1954.246153846154,14.186666666666667,45.668555240793204,91.0028328611898,355,80,247.85291222702028,3080,45.57865168539326,289
607,0.05,-2226.1846153846154,16.8875,50.08461538461538,95.49230769230769,380,79,301.4260861286489,3081,51.12977099236641,672
608,0.05,-2354.507692307692,17.100833333333334,53.03611111111111,96.53611111111111,350,74,270.6710515944244,3082,54.47222222222222,739
609,0.05,-2315.2307692307695,18.748333333333335,57.52173913043478,102.49728260869566,341,81,370.00156840433465,3082,57.29946524064171,843
610,0.05,-1930.0769230769229,13.888333333333334,47.24024024024024,92.6096096096096,344,75,215.6244490044735,3086,47.645645645645644,410
611,0.05,-3201.2923076923075,33.02166666666667,102.39024390243902,163.73170731707316,350,82,636.6658130066972,3086,117.25260416666667,463
612,0.05,-2698.0153846153844,22.715,64.85024154589372,110.88164251207729,375,75,440.3761203233335,3086,64.97607655502392,396
613,0.05,-1969.6,13.078333333333333,40.407514450867055,83.55780346820809,344,75,233.18689158292463,3089,40.979885057471265,372
614,0.05,-1528.3076923076924,11.883333333333333,41.93498452012384,84.79256965944272,311,80,172.93669849282597,3090,42.916408668730654,698
615,0.05,-3464.6769230769232,31.965,89.04347826086956,142.58454106280195,385,80,669.0432608145679,3091,95.38848920863309,625
616,0.05,-2517.5230769230775,20.899166666666666,65.89136490250696,113.92200557103064,350,78,328.42872870177894,3091,79.76781002638522,373
617,0.05,-1582.1076923076926,11.7425,41.26946107784431,83.53892215568862,316,80,162.22674179680087,3091,41.4940119760479,585
618,0.05,-2217.353846153846,19.045,61.314207650273225,109.50546448087432,348,77,343.3439242449393,3092,63.424731182795696,710
619,0.05,-2486.246153846154,19.865,61.74651810584958,111.46518105849582,353,78,402.56522931202915,3092,62.36088154269972,362
620,0.05,-2089.723076923077,17.416666666666668,57.71306818181818,103.0,327,76,260.6416289253482,3093,59.68838526912181,260
621,0.05,-1668.4923076923076,12.583333333333334,42.240469208211145,85.66275659824046,335,73,175.08792350183074,3095,43.022662889518415,723
622,0.05,-1939.4,14.045,45.75139664804469,89.34357541899442,346,76,226.85486925919488,3096,46.01675977653631,554
623,0.05,-2044.0769230769229,14.334166666666667,49.646687697160885,93.94006309148266,333,75,285.3504530154898,3098,53.15141955835962,210
624,0.05,-1884.5692307692307,13.210833333333333,42.25,84.84943181818181,349,77,238.8832284050004,3099,42.46022727272727,822
625,0.05,-2254.3076923076924,16.63,50.42627345844504,96.81501340482573,376,81,343.12672908188864,3099,50.46010638297872,641
626,0.05,-1872.0000000000002,14.701666666666666,50.594674556213015,93.29585798816568,314,80,267.12043591729224,3100,50.86390532544379,72
627,0.05,-2079.8,16.2925,53.15235457063712,97.77008310249307,343,73,280.6548200023359,3100,53.609418282548475,586
628,0.05,-2089.830769230769,18.060833333333335,57.25268817204301,103.50537634408602,353,79,280.7351023025936,3101,58.16890080428954,268
629,0.05,-2944.1384615384613,27.120833333333334,75.48356807511738,128.97652582159625,392,83,586.9513017686024,3102,86.71028037383178,218
630,0.05,-2895.3538461538465,26.106666666666666,74.14323607427056,128.89655172413794,371,78,489.5813615160846,3102,80.59210526315789,823
631,0.05,-2907.4769230769234,30.913333333333334,94.69451697127937,152.10182767624022,359,85,580.8157356066719,3103,105.8929503916449,796
632,0.05,-1635.5846153846155,12.123333333333333,37.529411764705884,80.32352941176471,355,78,166.45402130679403,3105,38.17112299465241,442
633,0.05,-2436.6000000000004,20.73,63.44155844155844,111.55324675324675,353,77,361.68734795234434,3106,65.58461538461539,693
634,0.05,-1742.3230769230768,13.483333333333333,43.96866096866097,87.32193732193733,339,82,216.34758404391167,3106,44.23076923076923,565
635,0.05,-1888.030769230769,16.131666666666668,51.16172506738545,95.85175202156334,353,79,248.94771712383817,3106,59.97429305912596,204
636,0.05,-2952.8,23.730833333333333,72.49222797927462,124.0880829015544,376,78,489.2825160740445,3107,72.92487046632124,537
637,0.05,-2105.5538461538463,14.4075,48.770114942528735,89.96551724137932,319,76,320.0687687171118,3109,49.02298850574713,520
638,0.05,-3086.9076923076927,26.480833333333333,81.95187165775401,136.50267379679144,356,78,519.8931338271594,3109,84.02577319587628,890
639,0.05,-2626.9076923076923,22.58416666666667,70.92857142857143,121.49175824175825,339,80,399.6873172689108,3110,76.89866666666667,324
640,0.05,-3221.1846153846154,31.240833333333335,92.42204301075269,151.97043010752688,359,84,657.1540262051176,3110,99.38992042440319,818
641,0.05,-1803.892307692308,13.5375,44.78186968838527,88.88101983002832,336,81,229.12494662421588,3110,45.110481586402265,811
642,0.05,-2374.3846153846152,22.010833333333334,72.45161290322581,123.18181818181819,329,80,337.7763651378088,3112,79.24788732394366,645
643,0.05,-2156.507692307692,16.458333333333332,52.86760563380282,95.05915492957746,330,77,261.4627457249372,3113,54.08355795148248,272
644,0.05,-2523.492307692308,23.711666666666666,75.911051212938,127.3611859838275,342,81,419.43188145451666,3114,80.50904392764858,528
645,0.05,-2131.2615384615383,16.38083333333333,49.94960212201592,92.70026525198939,351,80,298.9768462521546,3114,50.013020833333336,65
646,0.05,-1933.9384615384615,16.886666666666667,57.55425219941349,105.3782991202346,332,82,234.9691555447245,3114,62.06534090909091,824
647,0.05,-2259.8923076923074,20.765,66.83333333333333,112.9207650273224,346,81,360.7994819411607,3114,67.15027322404372,285
648,0.05,-2230.523076923077,16.115,50.32171581769437,94.88471849865952,361,75,277.09093420006127,3117,50.89544235924933,102
649,0.05,-2080.630769230769,16.346666666666668,50.66027397260274,99.30684931506849,370,77,249.89773449038583,3118,54.10958904109589,399
650,0.05,-2947.0307692307697,26.828333333333333,83.31404958677686,136.72176308539946,369,77,481.92750006527996,3119,94.35967302452316,715
651,0.05,-1807.8923076923074,13.435,43.73184357541899,86.8854748603352,329,73,211.73823605975605,3121,44.108938547486034,6
652,0.05,-2237.8615384615387,19.6175,66.32615384615384,116.64307692307692,325,81,298.51841092703984,3121,76.99076923076923,286
653,0.05,-1674.6615384615384,11.7425,41.253869969040245,83.74922600619195,324,77,170.0573278822963,3121,41.408668730650156,573
654,0.05,-2171.169230769231,16.623333333333335,51.15451895043732,97.19533527696792,350,75,255.72007609888524,3121,56.51020408163265,722
655,0.05,-2566.6461538461535,23.5375,69.50629722921914,119.5969773299748,364,81,427.16506672820367,3123,69.8337531486146,178
656,0.05,-1910.6153846153848,18.225,64.10210210210211,112.38738738738739,323,83,257.26089760507296,3123,76.93370165745857,897
657,0.05,-2936.8,24.015,68.81550802139037,122.32352941176471,362,74,486.18373650015735,3125,73.04347826086956,686
658,0.05,-2081.6461538461535,18.415,61.64957264957265,109.25925925925925,333,79,259.033917273375,3125,63.067796610169495,247
659,0.05,-1799.5384615384614,13.870833333333334,45.21666666666667,87.18055555555556,359,76,199.84528737320738,3126,45.53333333333333,523
660,0.05,-2034.4,15.330833333333333,47.151595744680854,90.06117021276596,365,79,251.13976849296472,3127,46.973684210526315,855
661,0.05,-3345.061538461538,34.369166666666665,103.64871794871794,163.7948717948718,362,80,708.1329231053751,3127,111.3545918367347,828
662,0.05,-2783.7076923076925,25.930833333333332,77.16981132075472,128.6522911051213,358,81,527.2852511616817,3128,83.98382749326146,525
663,0.05,-2927.6769230769232,25.9975,77.56666666666666,128.95641025641027,372,75,446.23111799306423,3131,81.75879396984925,97
664,0.05,-3175.0615384615385,31.766666666666666,95.01329787234043,154.23670212765958,372,81,612.2380203999243,3131,114.35844155844156,661
665,0.05,-2575.630769230769,21.439166666666665,70.52542372881356,122.35028248587571,339,79,389.43723755265637,3134,79.33519553072625,248
666,0.05,-2208.123076923077,17.004166666666666,57.125,102.33238636363636,317,79,295.63891055641085,3135,57.35795454545455,673
667,0.05,-3159.9846153846156,28.718333333333334,86.1119592875318,142.3587786259542,360,78,600.4434565835929,3138,90.91478696741855,213
668,0.05,-1810.7076923076922,12.964166666666667,42.70028818443804,86.01729106628243,332,75,241.04363809664451,3140,42.873198847262245,132
669,0.05,-2997.369230769231,30.10333333333333,91.30517711171662,147.38692098092642,346,79,491.054240504204,3140,134.27431421446383,507
670,0.05,-2149.6,15.995,51.87784090909091,97.08806818181819,353,77,299.9713283073018,3144,52.10511363636363,241
671,0.05,-2075.0153846153844,14.901666666666667,47.647382920110196,89.33608815426997,351,76,254.86173829101506,3147,47.955922865013775,408
672,0.05,-2820.9692307692308,26.1125,79.92650918635171,133.81364829396327,358,80,465.11639289973715,3147,82.36692506459949,630
673,0.05,-2971.630769230769,25.968333333333334,79.944,132.08533333333332,365,78,477.0790106797765,3147,80.76984126984127,197
674,0.05,-2444.676923076923,20.484166666666667,66.4593837535014,114.87675070028011,336,81,373.65106969150355,3148,66.73743016759776,130
675,0.05,-2679.169230769231,20.963333333333335,62.23947368421052,111.17105263157895,367,79,411.97723878948045,3148,62.49473684210526,850
676,0.05,-3106.292307692308,29.763333333333332,96.1510989010989,151.6565934065934,349,77,598.8177898032867,3150,114.43969849246231,328
677,0.05,-2251.8307692307694,16.656666666666666,54.096209912536445,99.3527696793003,350,73,313.19848739412004,3152,54.31486880466473,820
678,0.05,-2737.276923076923,23.128333333333334,71.24128686327077,119.54691689008042,349,78,461.5114596363167,3153,72.72584856396867,588
679,0.05,-2810.3846153846152,25.31833333333333,78.95698924731182,132.15322580645162,354,78,416.9603873602146,3153,86.60705289672543,259
680,0.05,-2902.492307692308,24.4725,73.23809523809524,124.8515406162465,354,73,428.2492521717733,3153,88.21763085399449,549
681,0.05,-3125.076923076923,32.093333333333334,96.8356940509915,157.09631728045326,342,81,620.6603818278828,3153,135.88346883468836,540
682,0.05,-2766.538461538462,27.814166666666665,91.74515235457064,140.7202216066482,319,79,488.3661677746221,3153,99.6604774535809,684
683,0.05,-2010.7384615384615,15.025833333333333,45.24281984334203,89.27415143603133,367,79,270.8114836090967,3153,45.50391644908616,149
684,0.05,-1705.4,12.2575,36.50712250712251,78.39886039886039,363,77,213.0774327455622,3153,38.38920454545455,461
685,0.05,-2333.630769230769,21.12,67.64305177111717,117.90463215258856,341,81,348.3922707502845,3154,71.90735694822888,9
686,0.05,-3421.138461538462,33.85333333333333,114.40949554896143,174.03857566765578,332,76,611.8223233289656,3155,120.7542372881356,810
687,0.05,-1915.8769230769226,15.551666666666666,51.93604651162791,95.94767441860465,325,80,260.78002434095305,3156,52.39825581395349,516
688,0.05,-2378.3076923076924,20.86,63.699208443271765,113.74142480211081,357,77,305.0772731258111,3156,69.43799472295514,4
689,0.05,-1947.1692307692306,14.1875,44.07837837837838,89.1891891891892,369,79,219.63961729924043,3156,44.351351351351354,308
690,0.05,-2236.215384615384,18.893333333333334,58.00263852242744,104.8311345646438,351,76,288.763891075701,3156,59.08970976253298,368
691,0.05,-2836.476923076923,26.250833333333333,86.0515759312321,140.0028653295129,335,80,519.2838354118347,3156,96.3810888252149,48
692,0.05,-1882.7846153846153,13.309166666666666,41.19774011299435,84.88418079096046,339,79,238.2788694742887,3156,41.31197771587744,230
693,0.05,-2255.0153846153844,17.891666666666666,55.388739946380696,102.10455764075067,352,74,302.88689677074086,3156,55.89124668435013,347
694,0.05,-2729.6923076923076,23.6325,77.19491525423729,132.69774011299435,351,80,384.48534033541614,3156,80.19662921348315,424
695,0.05,-2722.2769230769236,21.925833333333333,65.71542553191489,117.36170212765957,360,77,420.6639003095682,3158,68.53989361702128,383
696,0.05,-2079.0,16.33,58.681957186544345,105.00611620795107,331,78,273.3517859119441,3159,58.96636085626911,60
697,0.05,-1989.9846153846156,13.101666666666667,42.289398280802295,85.36676217765043,337,79,236.109837445538,3159,42.65902578796562,727
698,0.05,-1891.0307692307692,15.016666666666667,48.8356940509915,94.08498583569406,343,76,212.7343043927553,3159,53.56043956043956,663
699,0.05,-2757.3846153846157,22.331666666666667,69.34173669467788,122.83473389355743,360,77,418.7216062454469,3159,72.02179836512262,50
700,0.05,-2889.9384615384615,23.699166666666667,69.52467532467533,122.04415584415584,381,77,466.3912294539445,3159,71.43896103896104,62
701,0.05,-2192.8615384615387,19.000833333333333,61.78901734104046,110.11849710982659,348,78,291.8839873195947,3159,63.919308357348704,237
702,0.05,-1636.8769230769228,10.88,36.08169014084507,76.84788732394367,340,74,191.63112583981518,3161,36.35492957746479,67
703,0.05,-1942.6307692307691,14.0525,43.10326086956522,85.7663043478261,351,72,244.208822705272,3162,43.4390243902439,174
704,0.05,-2493.923076923077,20.2425,61.11538461538461,109.97527472527473,355,77,349.92984673789095,3162,64.71780821917808,614
705,0.05,-2695.076923076924,21.065,64.25392670157068,112.52094240837697,357,75,423.7008267125904,3162,66.20207253886011,883
706,0.05,-2147.0615384615385,16.188333333333333,55.437869822485204,99.05029585798816,322,77,281.40083904798433,3163,55.65680473372781,816
707,0.05,-1801.4923076923076,13.659166666666666,46.47604790419162,89.3562874251497,321,74,183.86793780982435,3163,49.83188405797102,82
708,0.05,-2369.246153846154,18.6975,61.04545454545455,109.29829545454545,349,76,297.76687293790036,3163,66.12962962962963,369
709,0.05,-1933.4461538461537,13.9225,47.42857142857143,90.1865889212828,340,75,233.4864660451738,3163,47.72886297376093,562
710,0.05,-1950.476923076923,16.059166666666666,50.46814404432133,95.66481994459834,345,77,245.9002085014755,3164,54.26243093922652,650
711,0.05,-2644.3076923076924,24.8375,80.57575757575758,134.03030303030303,343,76,447.9394069220435,3165,96.01344086021506,862
712,0.05,-2417.892307692308,18.2825,56.31372549019608,102.74509803921569,352,79,347.49651678591806,3165,56.596638655462186,333
713,0.05,-3227.4615384615386,28.778333333333332,85.90789473684211,141.68157894736842,373,74,540.6898758087958,3166,92.44240837696336,179
714,0.05,-2064.0307692307692,16.375,54.38068181818182,101.17897727272727,335,75,272.6884553843972,3166,58.81512605042017,547
715,0.05,-3415.984615384615,32.346666666666664,96.35770234986946,152.52219321148826,367,81,711.5357514366284,3167,96.47858942065491,378
716,0.05,-2106.3846153846152,18.615,61.97560975609756,109.32926829268293,333,82,262.90421928939855,3167,72.02564102564102,283
717,0.05,-2234.8,16.675833333333333,50.80417754569191,96.00261096605745,370,77,286.6780074695257,3169,51.33942558746736,664
718,0.05,-2789.507692307692,23.293333333333333,70.53703703703704,120.07671957671958,377,82,506.77078655541163,3169,69.7917737789203,171
719,0.05,-2648.0923076923077,25.03,78.37931034482759,129.20424403183023,343,81,434.99480977586853,3172,80.37974683544304,526
720,0.05,-1779.6307692307691,14.038333333333334,47.53757225433526,91.63583815028902,336,80,231.93602744879283,3174,47.6878612716763,535
721,0.05,-1834.3384615384614,12.52,38.61290322580645,81.58602150537635,371,73,208.74087345878877,3174,38.78016085790885,243
722,0.05,-2245.107692307692,18.22,56.10582010582011,102.53703703703704,364,76,338.27366836836643,3174,58.03703703703704,832
723,0.05,-2090.9846153846156,16.756666666666668,50.12213740458015,96.20865139949109,373,79,292.76074660399746,3174,50.34771573604061,875
724,0.05,-2831.8153846153846,23.945833333333333,74.83661971830986,127.44507042253521,358,77,459.9295970094043,3175,75.86760563380281,501
725,0.05,-2833.0307692307692,28.446666666666665,91.95197740112994,146.5536723163842,337,80,508.0407449563051,3175,102.17073170731707,139
726,0.05,-2800.2307692307695,25.958333333333332,80.94444444444444,133.6005291005291,360,80,470.77654406998187,3175,82.21957671957672,510
727,0.05,-1993.7846153846153,16.186666666666667,56.01466275659824,100.78592375366568,322,75,306.5037252087216,3175,60.12849162011173,271
728,0.05,-2545.9846153846156,24.3875,84.57440476190476,135.89583333333334,308,77,402.0475933912435,3175,87.08630952380952,345
729,0.05,-2736.0615384615385,22.725833333333334,69.65957446808511,120.26063829787235,366,78,496.2499568567174,3176,70.05540897097626,249
730,0.05,-2230.2615384615383,17.769166666666667,56.00824175824176,102.05494505494505,352,80,278.01134266194487,3177,56.77322404371585,233
731,0.05,-2161.9076923076923,18.3325,57.27968337730871,103.6939313984169,345,77,350.423278228307,3177,58.43007915567282,592
732,0.05,-2107.030769230769,16.710833333333333,57.85459940652819,105.47181008902078,334,77,272.08747949082033,3178,58.94362017804154,682
733,0.05,-1981.676923076923,16.291666666666668,56.8955223880597,102.69253731343284,330,77,248.4481711384903,3178,57.28358208955224,275
734,0.05,-2152.923076923077,18.645,58.41509433962264,104.59029649595688,341,76,302.95603403854807,3179,63.050377833753146,267
735,0.05,-2465.3999999999996,17.523333333333333,51.300261096605745,99.1514360313316,380,79,323.2287421199806,3181,51.66318537859008,612
736,0.05,-2577.3538461538465,20.3625,63.52989130434783,111.68478260869566,356,75,390.58080664447976,3182,65.55978260869566,608
737,0.05,-2386.8,16.509166666666665,53.91379310344828,98.80747126436782,351,72,307.0797072105643,3183,54.32471264367816,503
738,0.05,-2878.215384615385,29.525,89.73584905660377,145.97304582210242,366,82,458.78336559679553,3183,107.33161953727506,95
739,0.05,-1672.3076923076924,11.330833333333333,36.86764705882353,78.69411764705882,335,75,180.0273077785216,3183,37.07941176470588,879
740,0.05,-2436.8153846153846,18.9425,56.767857142857146,101.96683673469387,367,78,354.20653951303535,3183,57.03316326530612,288
741,0.05,-1515.6307692307691,12.3525,43.353658536585364,84.11585365853658,319,81,156.98567918063978,3183,47.289398280802295,265
742,0.05,-1464.3230769230768,11.464166666666667,38.48502994011976,79.45808383233533,315,80,181.33325622903936,3183,38.659701492537316,87
743,0.05,-2143.0615384615385,19.06833333333333,62.12640449438202,107.26685393258427,342,80,309.98630483827986,3185,63.34903047091413,668
744,0.05,-2002.0461538461539,14.5875,43.394444444444446,87.09166666666667,352,75,258.70622823583903,3185,43.71388888888889,730
745,0.05,-2148.2,14.829166666666667,47.4593837535014,90.81512605042016,354,72,275.09476353117725,3185,47.70868347338936,483
746,0.05,-1905.7076923076922,13.740833333333333,42.83379501385041,84.95013850415512,345,77,230.715125330854,3186,43.124653739612185,763
747,0.05,-1723.8000000000002,14.263333333333334,46.752066115702476,89.1900826446281,343,83,223.79468747412562,3186,47.31404958677686,215
748,0.05,-1986.6923076923074,14.9675,48.6657060518732,93.31412103746398,353,82,267.60111675995233,3186,48.86206896551724,803
749,0.05,-1938.6000000000001,18.61,61.78370786516854,107.54775280898876,333,82,253.89493678971502,3186,68.1054054054054,131
750,0.05,-2182.6153846153848,17.665,54.21989528795812,99.27486910994764,364,82,325.43568430407214,3188,54.52356020942408,413
751,0.05,-2962.369230769231,24.921666666666667,80.82913165266106,137.2408963585434,350,78,457.68853877727133,3188,83.74789915966386,16
752,0.05,-2139.4307692307693,18.583333333333332,62.054131054131055,107.97150997150997,337,78,277.2815663333344,3189,70.36612021857924,898
753,0.05,-2412.7846153846153,18.605833333333333,57.52785145888594,106.54907161803713,363,77,325.0931700825113,3190,58.6657824933687,617
754,0.05,-1991.3692307692313,15.614166666666666,53.0,100.62985074626866,334,79,255.68596688772263,3190,56.05730659025788,427
755,0.05,-1543.769230769231,11.175,38.26923076923077,78.59763313609467,330,80,173.97342072893363,3191,38.44082840236686,428
756,0.05,-1978.9538461538464,13.02,42.15340909090909,85.98579545454545,351,74,227.1324858432116,3191,42.44602272727273,797
757,0.05,-2661.8461538461543,24.395833333333332,74.86235955056179,130.85393258426967,357,84,423.41245281950023,3191,86.3109243697479,819
758,0.05,-1995.8461538461538,15.344166666666666,50.87896253602305,92.04034582132564,340,75,248.7821496117948,3191,57.06077348066298,704
759,0.05,-2114.1846153846154,16.445,49.73453608247423,94.03092783505154,374,73,280.00416875145714,3191,50.91237113402062,110
760,0.05,-3042.7230769230773,27.836666666666666,85.5254691689008,140.15549597855227,361,77,585.5294676032081,3191,90.29274611398964,113
761,0.05,-1837.2000000000003,13.540833333333333,45.090395480225986,88.68079096045197,346,76,219.98740935006578,3191,45.313559322033896,30
762,0.05,-2119.046153846154,16.186666666666667,56.06707317073171,99.49085365853658,323,77,254.50287155602354,3191,61.82941176470588,1
763,0.05,-3668.0307692307697,38.90416666666667,120.22099447513813,182.6049723756906,337,81,722.0151322341482,3192,157.7235142118863,706
764,0.05,-2402.9384615384615,21.343333333333334,68.03005464480874,117.10655737704919,353,83,345.6113688522014,3192,73.76533333333333,129
765,0.05,-1888.2,15.2475,47.66295264623955,94.04735376044569,346,80,215.84816382295404,3193,48.45125348189415,541
766,0.05,-2963.2769230769227,28.648333333333333,90.4593837535014,147.71428571428572,361,84,569.158501537247,3193,100.12820512820512,172
767,0.05,-2379.415384615384,16.020833333333332,51.319884726224785,98.72910662824208,367,73,293.597059490017,3194,51.69164265129683,880
768,0.05,-2587.092307692308,20.788333333333334,63.861111111111114,117.26944444444445,366,79,361.1825918579281,3196,67.04444444444445,257
769,0.05,-2336.1384615384613,17.865,59.56772334293948,107.19596541786744,346,76,301.24172367954185,3198,59.88184438040346,258
770,0.05,-1838.7846153846153,13.835833333333333,44.523676880222844,87.5849582172702,348,80,220.92288643884712,3198,44.883008356545965,689
771,0.05,-2800.646153846154,26.850833333333334,85.22252010723861,138.1769436997319,341,78,475.2647074073115,3198,88.65552699228792,125
772,0.05,-3199.7230769230764,33.42166666666667,113.18571428571428,169.21142857142857,321,81,638.7887107450924,3198,122.92612137203166,624
773,0.05,-1932.0153846153846,14.413333333333334,44.450520833333336,87.90885416666667,359,76,255.44876548683482,3198,45.15625,11
774,0.05,-2173.4461538461537,18.291666666666668,58.28918918918919,102.01891891891891,342,73,325.8364234090788,3199,60.57519788918206,563
775,0.05,-2313.584615384615,17.253333333333334,56.52857142857143,105.85142857142857,351,78,346.69529639374946,3200,56.938202247191015,743
776,0.05,-1918.215384615385,14.4,45.75409836065574,87.04098360655738,348,73,233.12316653478834,3200,45.98360655737705,677
777,0.05,-2662.4307692307693,18.968333333333334,57.12234042553192,103.31382978723404,365,77,420.00380585872387,3202,57.398936170212764,180
778,0.05,-2230.9692307692303,14.703333333333333,45.72463768115942,90.92173913043479,353,78,290.2170446315077,3202,46.4,51
779,0.05,-2885.3384615384616,25.061666666666667,75.08923884514435,129.45931758530185,375,78,484.43644051322497,3203,78.55905511811024,655
780,0.05,-2557.569230769231,20.076666666666668,59.6910569105691,107.35230352303523,355,77,420.5015626938712,3205,66.91259640102828,135
781,0.05,-1510.9538461538461,11.204166666666667,37.73410404624278,80.2485549132948,341,80,172.95006697825173,3205,38.08381502890173,279
782,0.05,-2309.6769230769232,18.435833333333335,53.7192118226601,99.33743842364532,365,77,317.66965437624935,3206,54.826829268292684,492
783,0.05,-2593.6769230769232,22.904166666666665,72.71703296703296,121.58516483516483,352,81,387.5292629389672,3208,72.9423076923077,40
784,0.05,-1871.353846153846,12.094166666666666,38.77158774373259,80.1866295264624,352,73,194.3408586514224,3210,39.02785515320334,532
785,0.05,-1807.9846153846152,11.250833333333333,38.975903614457835,80.64156626506023,336,70,241.07149313553208,3211,39.23192771084337,228
786,0.05,-2741.4461538461537,24.1625,77.06267806267806,125.81481481481481,330,76,460.41169742565364,3213,81.82051282051282,434
787,0.05,-2243.292307692307,17.164166666666667,50.11396011396011,97.45014245014245,353,75,317.0214253214472,3214,56.00854700854701,750
788,0.05,-3110.2,26.9925,83.57333333333334,137.94666666666666,363,78,522.6564260491203,3216,90.23846153846154,276
789,0.05,-1819.2153846153847,12.593333333333334,41.96253602305475,85.25648414985591,332,76,216.05077088825098,3217,42.14121037463977,393
790,0.05,-1835.5076923076924,11.395833333333334,37.42285714285714,77.77714285714286,336,69,195.89392994062513,3219,37.76,546
791,0.05,-2198.353846153846,16.051666666666666,49.4813829787234,91.625,351,78,287.31532302242323,3220,49.744680851063826,458
792,0.05,-3092.4769230769234,27.9275,82.875,135.64,362,77,621.0154487817445,3221,88.13715710723191,736
793,0.05,-1801.8153846153846,13.221666666666666,42.81994459833795,85.32963988919667,338,78,217.09771644597345,3221,43.02964959568733,57
794,0.05,-2254.0153846153844,15.973333333333333,47.63085399449036,92.31404958677686,364,78,333.0948191750888,3221,48.06887052341598,849
795,0.05,-1768.9846153846154,13.103333333333333,43.32303370786517,86.98595505617978,344,78,194.27680649628778,3222,43.561797752808985,409
796,0.05,-3070.1076923076926,24.501666666666665,73.20997375328083,125.09448818897638,383,78,534.7780672671757,3224,73.91076115485565,154
797,0.05,-2644.0307692307697,23.2275,71.1313672922252,119.4798927613941,354,76,365.56534394658144,3225,76.12332439678285,392
798,0.05,-3045.1846153846154,25.295833333333334,80.38352272727273,134.9034090909091,358,77,515.0640801196982,3226,84.88920454545455,552
799,0.05,-2125.5538461538463,16.401666666666667,52.92857142857143,96.98571428571428,332,79,284.93111519310736,3227,52.94972067039106,364
800,0.05,-2355.846153846154,19.02166666666667,57.470588235294116,103.12787723785166,360,78,347.95951857111726,3228,57.724489795918366,874
801,0.05,-2039.8307692307692,13.163333333333334,42.11764705882353,84.4593837535014,355,73,284.914683714209,3228,42.431372549019606,687
802,0.05,-2457.5538461538463,19.28,60.14477211796247,110.18498659517427,363,78,361.24896583670926,3229,60.479892761394105,211
803,0.05,-1768.4923076923078,12.1125,38.88826815642458,80.32402234636872,345,75,215.6955454614413,3229,39.245810055865924,22
804,0.05,-2648.6153846153848,19.249166666666667,60.54269972451791,110.70247933884298,340,77,423.51166417041446,3230,60.807162534435264,787
805,0.05,-2171.2461538461544,16.074166666666667,51.0840108401084,97.62330623306234,355,79,301.98137785791056,3231,52.0650406504065,896
806,0.05,-1690.7846153846153,15.163333333333334,52.88790560471976,96.44837758112094,318,80,219.00387282735485,3232,54.42857142857143,134
807,0.05,-2339.707692307692,23.795833333333334,77.84806629834254,131.79558011049724,333,81,363.1433809654147,3233,94.08108108108108,430
808,0.05,-1719.2307692307693,12.48,41.59826589595376,85.27456647398844,332,79,231.19619188756764,3233,41.821325648414984,146
809,0.05,-2472.753846153846,22.685833333333335,69.23714285714286,118.83714285714285,333,79,352.90974630485,3235,84.14324324324325,108
810,0.05,-2012.3384615384614,16.05,49.555851063829785,94.43351063829788,360,79,271.8642697749276,3235,49.87765957446808,322
811,0.05,-3122.538461538462,27.233333333333334,89.9054441260745,143.97994269340975,348,76,528.980956786098,3237,95.06010928961749,772
812,0.05,-3112.1846153846154,27.7125,86.00527704485488,140.04221635883906,352,79,561.0946294127598,3237,88.0704960835509,217
813,0.05,-2086.723076923077,14.536666666666667,48.42406876790831,92.34097421203438,342,73,244.95123911539474,3237,48.71919770773639,352
814,0.05,-2701.8615384615387,20.294166666666666,58.821608040201006,104.01256281407035,370,80,427.12685807535763,3238,59.037688442211056,593
815,0.05,-1938.6461538461538,14.209166666666667,45.04456824512535,89.34818941504179,341,79,234.31453525469112,3239,45.32033426183844,591
816,0.05,-2399.8,18.885833333333334,60.19021739130435,108.19836956521739,342,78,335.6995800161355,3240,60.83819628647215,695
817,0.05,-2976.7076923076925,26.045,80.82152230971128,128.09448818897638,348,78,543.8100715186187,3241,81.14698162729658,188
818,0.05,-1627.1384615384613,11.333333333333334,39.157738095238095,80.88392857142857,325,76,175.72590479485288,3241,39.42261904761905,751
819,0.05,-3105.0307692307692,27.738333333333333,82.11023622047244,135.76640419947506,367,78,541.3147948876002,3241,86.89795918367346,341
820,0.05,-2501.584615384615,22.448333333333334,71.1907514450867,119.23121387283237,344,74,383.4327293074814,3241,75.72934472934473,872
821,0.05,-1539.4,11.5975,40.46686746987952,81.894578313253,319,77,201.91225033406127,3241,40.61861861861862,3
822,0.05,-1955.7692307692307,13.7075,43.64,86.60571428571428,339,73,244.72375865323895,3241,48.42285714285714,829
823,0.05,-1546.5692307692307,11.775,37.97506925207756,80.70360110803324,339,80,202.13968335033843,3241,38.232686980609415,856
824,0.05,-2352.7999999999997,22.72833333333333,74.08187134502924,128.14327485380116,328,79,350.2022306039116,3242,94.71345029239767,490
825,0.05,-1567.6923076923078,12.130833333333333,38.611570247933884,80.75757575757575,333,83,172.85683296998192,3242,38.782967032967036,143
826,0.05,-2651.876923076923,20.135,65.53221288515407,111.75070028011204,340,74,418.5000625928381,3242,65.87394957983193,847
827,0.05,-3030.646153846154,24.650833333333335,72.22465753424657,127.64383561643835,360,79,513.2410913126062,3242,80.58904109589041,414
828,0.05,-3484.3538461538465,33.7275,103.36096256684492,159.77005347593584,357,79,655.3119485024916,3242,116.36363636363636,66
829,0.05,-2210.184615384615,17.34,53.046875,100.40104166666667,365,78,302.13688382514607,3245,53.3203125,675
830,0.05,-2521.123076923077,20.116666666666667,62.91008174386921,113.17711171662125,346,77,345.1772115232749,3246,66.61290322580645,76
831,0.05,-2544.4,24.213333333333335,79.45,132.25588235294117,333,81,449.9281135214735,3246,82.13235294117646,749
832,0.05,-1377.5692307692307,9.195833333333333,30.023255813953487,71.01744186046511,353,78,142.06703378990355,3246,30.20639534883721,465
833,0.05,-1890.5076923076924,14.864166666666666,47.36141304347826,90.72554347826087,350,81,244.95514314768445,3246,47.63586956521739,156
834,0.05,-2304.507692307692,19.621666666666666,63.21917808219178,110.86849315068493,337,75,361.32913704463886,3246,64.86125654450262,466
835,0.05,-2798.1384615384613,24.875,74.77061855670104,125.95876288659794,363,77,431.4422993967911,3246,82.99742268041237,658
836,0.05,-1547.9692307692308,10.610833333333334,34.46,74.64,349,77,159.9048883316266,3247,34.754285714285714,390
837,0.05,-2071.9076923076923,16.975833333333334,54.946175637393765,100.85269121813032,336,79,252.2308343087559,3247,58.10215053763441,835
838,0.05,-2640.9076923076923,23.273333333333333,73.17955801104972,121.76519337016575,339,75,429.4216558926413,3248,74.15193370165746,193
839,0.05,-2100.6153846153843,18.694166666666668,56.96296296296296,101.87566137566138,350,79,322.4774688807173,3248,57.1201044386423,280
840,0.05,-2058.246153846154,15.8375,48.6282722513089,93.05759162303664,365,75,273.4177014531699,3248,50.096858638743456,757
841,0.05,-3239.9384615384615,25.725833333333334,76.51063829787235,128.43085106382978,365,68,526.912835229704,3249,84.15104166666667,536
842,0.05,-3342.2923076923075,33.86833333333333,104.73544973544973,163.37301587301587,352,81,702.640397391025,3251,105.51670951156812,868
843,0.05,-2292.907692307692,18.564166666666665,61.787965616045845,110.45558739255014,349,78,323.5150282479694,3251,62.60171919770774,571
844,0.05,-2408.492307692308,19.885833333333334,69.57941176470588,116.78529411764706,327,73,391.04722833286627,3251,71.44411764705882,441
845,0.05,-2710.9076923076923,23.804166666666667,74.52021563342318,128.16172506738545,353,79,464.7239633205247,3251,78.30026809651474,21
846,0.05,-2185.0769230769233,14.173333333333334,45.60058309037901,90.4198250728863,350,75,324.63576329432647,3252,45.82798833819242,830
847,0.05,-2447.430769230769,20.5575,67.75977653631286,115.01675977653632,335,76,358.1215817344878,3252,76.97289972899729,700
848,0.05,-2436.8923076923074,18.473333333333333,52.48888888888889,98.1283950617284,396,78,352.8901546961692,3252,52.75305623471883,431
849,0.05,-2497.8153846153846,19.236666666666668,63.258426966292134,110.10112359550561,339,79,384.33451967590014,3252,63.52808988764045,444
850,0.05,-1551.0153846153848,11.1875,38.47112462006079,80.22796352583586,329,78,162.42236491747806,3253,38.64437689969605,574
851,0.05,-1807.0923076923075,13.33,46.40236686390533,91.92603550295858,333,77,219.82762073177324,3255,46.65680473372781,499
852,0.05,-2224.6769230769232,16.20916666666667,53.61318051575931,98.46418338108883,342,75,314.6830328948978,3255,53.51558073654391,301
853,0.05,-2624.723076923077,19.689166666666665,61.8021978021978,112.21428571428571,354,78,423.53670267144855,3257,62.16208791208791,598
854,0.05,-2555.892307692308,23.381666666666668,71.95090439276485,124.43669250645995,352,82,416.0774365187041,3257,73.03100775193798,319
855,0.05,-1346.2615384615387,9.549166666666666,32.34411764705882,71.70882352941176,327,77,135.57497785059306,3257,32.54117647058823,637
856,0.05,-2956.1538461538457,26.379166666666666,81.46301369863014,133.4986301369863,363,77,508.1110976464752,3257,93.68767123287671,282
857,0.05,-1620.6307692307691,10.635833333333334,38.309375,80.090625,303,75,179.72482109233061,3258,38.496875,307
858,0.05,-2326.969230769231,16.325,48.98677248677249,92.54232804232804,374,74,312.71992145203313,3258,49.09736842105263,613
859,0.05,-2245.5538461538463,17.305,52.95989304812834,96.1951871657754,348,76,351.1431980319976,3260,53.077333333333335,240
860,0.05,-3029.8153846153855,24.666666666666668,76.66754617414249,122.77836411609499,354,71,536.743769155815,3263,78.62935323383084,561
861,0.05,-1936.646153846154,14.9075,48.14929577464789,91.8112676056338,340,77,292.35087040487537,3263,48.15277777777778,570
862,0.05,-2355.907692307692,20.8575,63.112860892388454,111.5984251968504,355,81,380.2572582190099,3264,63.40157480314961,699
863,0.05,-2687.2923076923075,26.95916666666667,86.14363143631437,136.51761517615176,346,79,445.12418002876217,3264,99.04607046070461,681
864,0.05,-2218.7384615384613,17.310833333333335,53.05305039787798,97.89920424403184,357,81,318.2546642887398,3264,55.01315789473684,616
865,0.05,-2089.8,17.515833333333333,59.518840579710144,105.72463768115942,331,74,261.7410952442878,3265,63.611111111111114,317
866,0.05,-2708.6923076923076,24.78,74.18032786885246,129.49726775956285,363,80,496.6079105522791,3266,85.14207650273224,780
867,0.05,-1788.6307692307694,12.6425,41.10115606936416,82.91907514450867,341,76,197.00908238656402,3266,41.27745664739884,719
868,0.05,-2400.492307692308,18.856666666666666,62.668555240793204,108.27762039660057,338,77,342.8820040728073,3266,67.67123287671232,753
869,0.05,-2787.4307692307693,25.845,79.54985754985755,134.64957264957266,345,75,446.71775269527524,3267,100.49431818181819,800
870,0.05,-2643.9692307692308,25.096666666666668,78.74734042553192,130.29255319148936,329,77,420.2895129743006,3267,84.85488126649076,568
871,0.05,-2260.4153846153845,17.425833333333333,53.80156657963447,98.03394255874673,346,75,346.8643210554721,3268,56.00777202072539,302
872,0.05,-2301.8153846153846,16.9825,55.21448467966574,100.17827298050139,348,75,318.88853721927046,3269,55.44289693593315,826
873,0.05,-2251.107692307692,19.179166666666667,62.41547277936963,109.68194842406876,340,75,330.05375736921116,3269,68.43553008595988,782
874,0.05,-2502.8,21.465,71.59130434782608,122.32463768115942,342,78,369.3632529163689,3271,72.04899135446686,73
875,0.05,-2633.3076923076924,23.299166666666668,73.66282420749279,124.06340057636888,329,77,418.35877857825517,3272,76.19166666666666,775
876,0.05,-3061.584615384616,26.736666666666668,81.87096774193549,132.59677419354838,343,77,545.8184547424902,3272,82.58115183246073,115
877,0.05,-1800.5538461538463,15.3225,48.526737967914436,92.96524064171123,347,80,221.53341855264188,3274,49.422572178477694,287
878,0.05,-1981.0615384615385,14.664166666666667,48.19420289855073,91.66666666666667,346,77,271.11457538817615,3274,48.33815028901734,191
879,0.05,-3261.6923076923076,32.62833333333333,98.4311224489796,152.56887755102042,357,76,641.0213573981081,3275,108.70217917675545,496
880,0.05,-3073.046153846154,28.808333333333334,89.86350974930362,144.64066852367688,352,76,497.8766615648447,3275,116.27393617021276,104
881,0.05,-2148.584615384615,14.143333333333333,43.22102425876011,85.91913746630728,368,75,300.56736812701735,3275,43.30026809651474,176
882,0.05,-2120.0615384615385,14.718333333333334,43.87598944591029,86.01583113456465,368,71,280.9685312351183,3276,44.12928759894459,845
883,0.05,-2050.7846153846153,15.061666666666667,48.54054054054054,93.92162162162163,352,78,274.3280668037049,3276,48.83513513513513,844
884,0.05,-2335.246153846154,17.980833333333333,56.650137741046834,101.05509641873279,338,74,317.9233534088162,3277,58.26575342465753,7
885,0.05,-2439.4307692307693,22.746666666666666,74.07438016528926,125.25895316804407,349,77,396.0277057947723,3277,77.80592991913747,487
886,0.05,-2251.4,16.92,54.994475138121544,101.84806629834254,343,77,324.36358966389014,3277,55.425414364640886,351
887,0.05,-2236.215384615384,15.685833333333333,48.93766937669377,92.18970189701896,353,72,301.2973162146991,3278,49.1027027027027,581
888,0.05,-1930.2000000000003,13.056666666666667,46.05671641791045,87.51641791044776,323,74,247.605802834295,3279,46.27164179104478,881
889,0.05,-2465.415384615385,20.58416666666667,62.27150537634409,110.50537634408602,346,77,368.23232410567687,3282,61.75328083989501,639
890,0.05,-2298.4153846153845,18.370833333333334,57.30397727272727,106.40056818181819,344,76,298.1433926966379,3282,59.78693181818182,377
891,0.05,-2651.4307692307693,23.841666666666665,75.28260869565217,127.8804347826087,344,74,431.66512440151854,3282,90.66230366492147,78
892,0.05,-2499.769230769231,19.50583333333333,62.59610027855153,109.10863509749304,358,72,364.98562155560546,3282,63.67130919220056,632
893,0.05,-2010.3384615384614,14.938333333333333,46.236979166666664,91.5078125,363,76,254.6307594004531,3282,46.479166666666664,315
894,0.05,-3334.953846153846,31.335,95.29395604395604,150.50274725274724,354,78,640.1817848665453,3282,115.07397260273973,29
895,0.05,-2257.2615384615383,17.285833333333333,55.83656509695291,101.01662049861496,342,77,314.1920924073652,3282,57.64402173913044,425
896,0.05,-1904.3846153846155,14.105833333333333,45.38440111420613,87.96100278551532,355,76,264.75851177335574,3283,45.674094707520894,184
897,0.05,-2227.6769230769232,17.270833333333332,55.04632152588556,99.82016348773843,343,74,335.18904072480206,3283,55.50681198910082,504
898,0.05,-2262.1384615384613,18.0925,56.71467391304348,104.47282608695652,352,76,321.641269257353,3283,57.51206434316354,801
899,0.05,-2450.123076923077,19.545,61.4331550802139,111.35561497326204,352,76,356.2764510909018,3283,64.5187165775401,607
