episode,epsilon,total_reward,avg_queue,avg_wait_s,avg_travel_s,throughput,switches,td_loss,q_table_states,avg_delay_s,traffic_seed
0,1.0,-881.446153846154,4.1625,7.0891812865497075,44.12719298245614,684,65,nan,,7.200292397660819,769
1,0.9945,-962.1076923076923,4.8175,7.879888268156424,44.910614525139664,709,61,nan,,8.011173184357542,403
2,0.989,-842.9538461538461,4.1175,7.153958944281525,43.97800586510264,671,68,0.05011290550074852,,7.297653958944282,747
3,0.9835,-800.5692307692308,3.841666666666667,6.851739788199698,43.44478063540091,667,65,0.014620230307004158,,6.9969742813918305,103
4,0.9781,-749.0153846153846,3.6166666666666667,5.718836565096953,42.04986149584487,721,76,0.015569380582947177,,5.875518672199171,100
5,0.9726,-855.0923076923076,3.9791666666666665,6.595238095238095,43.05042016806723,709,70,0.010576795382509588,,6.7703081232493,281
6,0.9673,-689.3846153846154,3.2125,5.411337209302325,41.36482558139535,686,60,0.005725913485312617,,5.553779069767442,155
7,0.9619,-656.3692307692309,3.046666666666667,5.455538221528861,41.51326053042121,649,63,0.004215623242737173,,5.613104524180967,235
8,0.9566,-618.1538461538462,3.049166666666667,5.53953488372093,41.6,645,68,0.003753098854875467,,5.671317829457364,682
9,0.9513,-600.6615384615384,2.9825,5.354294478527607,41.68251533742331,649,71,0.003859067127136444,,5.484662576687117,891
10,0.946,-611.1076923076923,2.845,4.952456418383518,40.82250396196513,629,68,0.003852558736349422,,5.0998415213946116,11
11,0.9408,-698.5230769230769,3.319166666666667,5.542857142857143,41.65714285714286,664,70,0.003805788856098144,,5.6992481203007515,444
12,0.9356,-811.876923076923,3.7683333333333335,6.508076358296623,43.56093979441997,672,70,0.0037695162364887506,,6.66813509544787,653
13,0.9304,-586.7538461538461,2.5275,4.347687400318979,40.462519936204146,642,69,0.003634718714529848,,4.475357710651828,856
14,0.9253,-640.3538461538462,3.11,5.2235123367198835,41.52539912917271,692,72,0.0036127929371036994,,5.390420899854862,237
15,0.9202,-554.7076923076924,2.8566666666666665,4.998461538461538,40.949230769230766,657,73,0.0036031777135375168,,5.1523076923076925,233
16,0.9151,-657.0153846153846,3.1425,5.686635944700461,41.66205837173579,653,65,0.0035101444189694496,,5.837173579109063,142
17,0.91,-651.4461538461538,3.005,5.440494590417311,41.6661514683153,650,63,0.003598157904205591,,5.571870170015456,485
18,0.905,-679.7230769230769,3.3358333333333334,5.974045801526717,42.465648854961835,659,65,0.003379663008578769,,6.134351145038168,886
19,0.9,-588.6923076923076,2.9916666666666667,5.4,41.50232558139535,637,71,0.0032711021581298986,,5.53953488372093,531
20,0.895,-701.8923076923077,3.17,5.595839524517087,42.341753343239226,669,70,0.0033309780592386605,,5.74591381872214,251
21,0.89,-826.5230769230769,4.1433333333333335,7.078313253012048,44.00753012048193,658,67,0.0034346361982361515,,7.212349397590361,623
22,0.8851,-735.7538461538461,3.473333333333333,6.004552352048559,42.834597875569045,666,71,0.0033199635320751183,,6.150227617602428,173
23,0.8802,-605.1846153846154,2.9166666666666665,4.808450704225352,40.89295774647887,714,69,0.0032976836724706066,,4.9352112676056334,391
24,0.8753,-505.72307692307686,2.6133333333333333,4.865293185419969,40.586370839936606,627,73,0.0032038381818395335,,4.979397781299524,105
25,0.8705,-645.6,3.283333333333333,5.656760772659733,41.58989598811293,665,66,0.0032503929199250293,,5.818722139673105,822
26,0.8657,-730.0153846153846,3.1991666666666667,5.628048780487805,42.15853658536585,664,67,0.003325046798521974,,5.774390243902439,286
27,0.8609,-676.9846153846154,3.1341666666666668,5.527047913446677,41.5935085007728,648,69,0.003243433891007101,,5.709428129829985,524
28,0.8561,-690.5846153846153,3.671666666666667,6.641065830721003,43.421630094043884,645,69,0.0032233648735875914,,6.760188087774295,201
29,0.8514,-788.523076923077,3.1025,5.304733727810651,41.65236686390533,672,70,0.00335990301571196,,5.433431952662722,401
30,0.8467,-691.4923076923076,3.4725,6.091044776119403,42.713432835820896,663,68,0.00320728067475834,,6.236959761549925,472
31,0.842,-651.9076923076924,2.973333333333333,5.341121495327103,41.495327102803735,655,68,0.003210734998789988,,5.517133956386293,338
32,0.8373,-727.2307692307693,3.5875,6.268256333830104,42.28166915052161,659,64,0.0032402001208743443,,6.423248882265276,360
33,0.8327,-730.8,3.444166666666667,6.1421875,42.5078125,644,65,0.003244038147948528,,6.29375,348
34,0.8281,-623.6923076923076,2.935,5.438985736925515,41.01267828843106,629,66,0.003263122063989224,,5.556259904912837,382
35,0.8235,-634.7692307692307,3.2,5.470764617691154,41.65967016491754,663,69,0.00321989813647653,,5.619190404797601,377
36,0.819,-604.0307692307692,2.8358333333333334,4.629101283880171,40.54065620542083,709,71,0.0031186143840164775,,4.7660485021398005,378
37,0.8144,-601.7846153846153,3.0608333333333335,5.2101449275362315,41.540579710144925,685,74,0.003222818377690128,,5.334782608695652,532
38,0.8099,-682.5076923076922,3.2675,5.446043165467626,41.466187050359714,697,70,0.00343660304878931,,5.60431654676259,611
39,0.8054,-621.4153846153846,3.2708333333333335,5.694814814814815,41.955555555555556,673,69,0.003526789663307834,,5.819259259259259,433
40,0.801,-668.6461538461539,3.006666666666667,5.496111975116641,41.25660964230171,641,71,0.003313291612279226,,5.603421461897356,510
41,0.7966,-655.3384615384616,3.3783333333333334,5.645533141210374,42.4207492795389,690,72,0.0032217959034447495,,5.782420749279539,69
42,0.7922,-567.7538461538461,2.6858333333333335,4.512931034482759,40.6867816091954,691,72,0.0033493029657497395,,4.649425287356322,660
43,0.7878,-591.553846153846,2.8466666666666667,5.0119760479041915,41.291916167664674,673,72,0.003247206789192278,,5.161676646706587,361
44,0.7834,-628.9076923076923,2.9275,5.172413793103448,41.16191904047976,662,68,0.0031333700029079685,,5.328335832083958,874
45,0.7791,-579.6153846153846,2.92,5.131297709923664,41.19389312977099,659,66,0.0031719844658165473,,5.302290076335878,5
46,0.7748,-640.0153846153846,3.279166666666667,5.718100890207715,42.152818991097924,667,71,0.003018402253894291,,5.8753709198813056,229
47,0.7705,-694.9230769230769,3.315,5.50354609929078,41.96879432624114,717,71,0.0030675850017429355,,5.646808510638298,702
48,0.7662,-691.0461538461539,3.1975,5.264580369843528,41.11806543385491,696,68,0.003089148918704986,,5.406827880512091,694
49,0.762,-599.3846153846154,2.94,5.053892215568863,40.98353293413174,661,69,0.003144987305914099,,5.209580838323354,752
50,0.7578,-584.5846153846153,2.8091666666666666,5.0582677165354335,41.108661417322836,649,71,0.0033225316929479747,,5.209448818897638,24
51,0.7536,-619.3230769230769,3.1908333333333334,5.62874251497006,42.23952095808383,672,72,0.0035275412646225022,,5.75748502994012,319
52,0.7494,-671.2,3.165,5.623318385650224,41.672645739910315,663,69,0.0035079561431618617,,5.762331838565022,893
53,0.7453,-607.4615384615386,3.0216666666666665,5.266768292682927,41.551829268292686,662,72,0.0033393779830902825,,5.382621951219512,321
54,0.7411,-581.3384615384616,2.9325,5.115727002967359,41.60682492581602,679,70,0.0033373253714033668,,5.270029673590504,676
55,0.737,-598.9384615384615,3.035833333333333,5.3014925373134325,41.53582089552239,670,71,0.0032309932264199086,,5.491044776119403,813
56,0.733,-754.7230769230769,3.305,5.556187766714083,42.20199146514936,695,71,0.003199159957764865,,5.691322901849218,824
57,0.7289,-547.4153846153846,2.723333333333333,4.873088685015291,40.69724770642202,650,67,0.0032156696056841543,,5.0015290519877675,803
58,0.7249,-562.4461538461538,2.6425,4.715372907153729,40.657534246575345,652,71,0.003342676605401271,,4.858447488584475,337
59,0.7209,-446.2615384615384,2.49,4.418320610687023,40.454961832061066,649,77,0.0033139308897950407,,4.548091603053435,27
60,0.7169,-511.87692307692305,2.5,4.491525423728813,40.40369799691834,646,73,0.0033300380069978654,,4.651771956856702,324
61,0.7129,-541.523076923077,2.7241666666666666,4.54014598540146,40.604379562043796,692,71,0.0034561445684970164,,4.686131386861314,372
62,0.709,-429.04615384615386,2.335,4.367909238249595,40.05996758508914,619,75,0.0035580130530312886,,4.53484602917342,279
63,0.705,-512.723076923077,2.575,4.443283582089553,40.53731343283582,672,70,0.0035836236198024977,,4.567164179104478,555
64,0.7011,-526.7384615384616,2.7183333333333333,4.5,40.25301204819277,657,74,0.0033741424434513235,,4.6370481927710845,125
65,0.6973,-687.9384615384615,2.9775,4.930370370370371,40.635555555555555,685,63,0.003329754342838143,,5.072485207100592,523
66,0.6934,-1125.1692307692308,5.994166666666667,10.287812041116005,50.29368575624082,683,68,0.0032529097556397413,,10.500734214390603,118
67,0.6896,-576.0769230769231,2.799166666666667,4.882615156017831,40.594353640416045,677,69,0.0033248869750270144,,5.0326894502228825,266
68,0.6858,-536.6,2.815,4.729198184568835,40.88199697428139,662,72,0.003355593343889217,,4.876132930513595,689
69,0.682,-713.2615384615385,3.7558333333333334,6.744945567651633,43.55365474339036,657,71,0.0031650203953923093,,6.863141524105754,343
70,0.6782,-598.4769230769232,2.8225,4.882352941176471,40.88838612368024,661,73,0.003393589487909256,,5.048265460030166,614
71,0.6744,-469.33846153846156,2.58,4.38136826783115,40.385735080058225,689,72,0.0033961011095370057,,4.522561863173217,207
72,0.6707,-556.8,2.9058333333333333,5.167173252279635,41.72188449848024,662,74,0.0032469706243594696,,5.296352583586626,200
73,0.667,-543.0307692307692,2.7216666666666667,4.478134110787172,40.619533527696795,692,74,0.00324056353511373,,4.642857142857143,883
74,0.6633,-614.1538461538462,3.0791666666666666,5.365591397849462,41.63748079877112,656,70,0.003302024938555651,,5.509984639016897,885
75,0.6596,-489.47692307692313,2.48,4.339969372128637,39.95405819295559,660,73,0.0033150406340837933,,4.490045941807044,399
76,0.656,-523.8923076923077,2.5816666666666666,4.571207430340557,40.52012383900929,651,66,0.0031427372910907986,,4.730650154798762,232
77,0.6524,-482.12307692307695,2.433333333333333,4.226244343891403,40.07239819004525,671,73,0.0032531145631766204,,4.361990950226244,554
78,0.6487,-505.3999999999999,2.5733333333333333,4.520833333333333,40.67261904761905,675,72,0.0030387999594670327,,4.662202380952381,559
79,0.6452,-565.6307692307693,2.8625,4.7934002869440455,40.816355810616926,692,67,0.003069216994691713,,4.949784791965567,615
80,0.6416,-529.3692307692307,2.9616666666666664,4.7493188010899186,41.26158038147139,736,74,0.003170922988453683,,4.916893732970027,587
81,0.638,-512.9846153846154,2.6158333333333332,4.8869426751592355,41.01910828025478,634,73,0.003121523833934257,,5.030254777070064,231
82,0.6345,-520.3384615384616,2.816666666666667,4.639716312056738,40.731914893617024,707,71,0.0032796511076749377,,4.768794326241135,407
83,0.631,-568.5692307692308,2.754166666666667,4.574074074074074,40.675213675213676,715,72,0.0033219998767150993,,4.720797720797721,258
84,0.6275,-489.36923076923074,2.6033333333333335,4.566318926974665,40.2026825633383,660,70,0.003377254635452288,,4.736214605067064,150
85,0.624,-529.6615384615384,2.3966666666666665,4.224085365853658,39.78658536585366,662,72,0.003314608679190549,,4.361280487804878,435
86,0.6206,-449.95384615384614,2.279166666666667,4.075590551181103,39.52755905511811,639,72,0.0032467642580609993,,4.201574803149606,309
87,0.6171,-570.0615384615385,2.83,4.75,40.668103448275865,697,69,0.0032032144382127016,,4.899425287356322,339
88,0.6137,-468.15384615384613,2.5908333333333333,4.408823529411765,40.68235294117647,689,74,0.0033449992386898712,,4.569117647058824,414
89,0.6103,-536.0923076923077,2.859166666666667,4.955489614243324,40.925816023738875,662,71,0.0033996340814927413,,5.146884272997033,397
90,0.607,-460.10769230769233,2.4466666666666668,4.364341085271318,40.58914728682171,650,74,0.0035111547827095867,,4.506976744186047,793
91,0.6036,-498.18461538461537,2.4558333333333335,4.416024653312789,39.984591679506934,651,73,0.0033518031036013102,,4.51617873651772,796
92,0.6003,-415.12307692307695,2.3141666666666665,4.108895705521473,39.97852760736196,661,75,0.003085955582600046,,4.23583460949464,670
93,0.5969,-423.98461538461544,2.2891666666666666,4.262987012987013,39.97402597402598,628,74,0.0032729786063735553,,4.3814935064935066,151
94,0.5936,-448.30769230769226,2.183333333333333,3.7001455604075693,39.47889374090247,688,76,0.003078867132703369,,3.8471615720524017,766
95,0.5904,-545.8000000000002,2.7383333333333333,4.5861561119293075,40.37555228276878,681,70,0.0030257474172719068,,4.730486008836524,564
96,0.5871,-554.2461538461539,2.9825,5.3938461538461535,41.629230769230766,653,70,0.0031058492301693505,,5.546153846153846,503
97,0.5838,-468.38461538461536,2.6025,4.54954954954955,40.44444444444444,668,75,0.003087176454339052,,4.722222222222222,780
98,0.5806,-476.03076923076924,2.598333333333333,4.291233283803863,39.89301634472511,681,71,0.0029689822056276818,,4.430906389301635,334
99,0.5774,-517.6615384615384,2.6391666666666667,4.272467902995721,39.99714693295292,699,70,0.002947924649394875,,4.400855920114123,492
100,0.5742,-469.1538461538462,2.526666666666667,4.6513470681458005,40.65927099841522,630,76,0.002950706247962838,,4.787638668779715,366
101,0.571,-538.4615384615385,2.9058333333333333,4.98644578313253,41.028614457831324,666,71,0.00305807241492764,,5.1129518072289155,783
102,0.5679,-478.4769230769232,2.430833333333333,4.030837004405286,39.55506607929515,686,68,0.0031371669680740873,,4.158590308370044,230
103,0.5647,-533.4769230769232,2.7725,5.0124416796267495,41.0606531881804,636,68,0.003234668714876512,,5.158631415241057,58
104,0.5616,-510.3076923076923,2.64,4.655172413793103,40.301349325337334,667,72,0.003130593397718713,,4.811094452773613,649
105,0.5585,-502.2461538461539,2.7583333333333333,4.895061728395062,41.007716049382715,654,74,0.0031244758891595358,,5.010802469135802,736
106,0.5554,-560.7076923076922,2.87,4.769886363636363,40.73011363636363,708,70,0.0033295486800185865,,4.931818181818182,271
107,0.5523,-441.9692307692307,2.4475,4.054363376251788,39.98426323319027,701,73,0.003325365957292327,,4.190271816881259,352
108,0.5493,-473.03076923076924,2.53,4.317251461988304,40.08187134502924,680,73,0.0033770326824079902,,4.4751461988304095,522
109,0.5462,-448.2615384615384,2.3491666666666666,4.061561561561562,39.76126126126126,671,72,0.003486906796391158,,4.232383808095952,346
110,0.5432,-517.1692307692308,2.6275,4.69710806697108,40.59056316590563,660,72,0.0036581872612090286,,4.829528158295282,834
111,0.5402,-451.8769230769231,2.3741666666666665,4.1875,40.05640243902439,657,74,0.0033769901178619063,,4.353658536585366,137
112,0.5372,-457.2,2.5075,4.31185944363104,40.2796486090776,672,78,0.0032023048520514446,,4.475841874084919,365
113,0.5343,-442.03076923076924,2.4208333333333334,4.250379362670714,39.92412746585736,664,72,0.003109303123715995,,4.406676783004553,749
114,0.5313,-465.21538461538455,2.5933333333333333,4.54337899543379,40.28006088280061,653,71,0.002991212914789275,,4.671232876712328,700
115,0.5284,-516.4615384615385,2.4825,4.372549019607843,40.14177978883861,669,71,0.0030728399761586417,,4.538461538461538,791
116,0.5254,-435.80000000000007,2.4,4.0501432664756445,39.683381088825215,691,74,0.0031509292716450955,,4.180515759312321,717
117,0.5225,-469.4769230769231,2.375,4.160179640718563,39.86077844311377,659,73,0.0032766354585134546,,4.309880239520958,605
118,0.5196,-476.67692307692306,2.25,3.974164133738602,39.37689969604863,667,71,0.0033467280016367526,,4.13677811550152,547
119,0.5168,-608.9538461538461,3.26,5.616058394160584,41.92408759124088,679,69,0.0032443093281291154,,5.7708029197080295,724
120,0.5139,-432.3538461538461,2.4116666666666666,4.400936037441498,40.27769110764431,642,74,0.003134691916875412,,4.536661466458658,448
121,0.5111,-482.2769230769231,2.6441666666666666,4.600297176820208,40.36849925705795,672,71,0.0032373940121950768,,4.718100890207715,529
122,0.5082,-448.96923076923076,2.395,4.290322580645161,39.895545314900154,651,72,0.003280604027129501,,4.433179723502304,651
123,0.5054,-489.84615384615387,2.609166666666667,4.472058823529411,40.72352941176471,692,73,0.003319780387481266,,4.597058823529411,808
124,0.5026,-396.1692307692308,2.18,3.875,39.676829268292686,665,76,0.003280586051265791,,4.036585365853658,227
125,0.4998,-472.6461538461538,2.505,4.209985315712188,40.04552129221733,677,74,0.0036364291312798182,,4.358296622613803,434
126,0.4971,-399.5230769230769,2.410833333333333,4.281582952815829,40.31811263318112,653,77,0.0036729780305742163,,4.430091185410334,471
127,0.4943,-479.0615384615385,2.4916666666666667,4.240875912408759,39.93868613138686,692,77,0.003306156446639545,,4.370802919708029,872
128,0.4916,-496.87692307692305,2.529166666666667,4.496240601503759,40.14436090225564,650,71,0.0033984144377096717,,4.619548872180451,505
129,0.4889,-526.6153846153845,2.97,4.905933429811867,40.852387843704776,694,71,0.0034957353623044558,,5.026049204052098,413
130,0.4862,-412.1846153846154,2.16,3.803921568627451,39.333333333333336,660,72,0.0032527262007331307,,3.939668174962293,658
131,0.4835,-447.04615384615386,2.328333333333333,4.1233082706766915,40.06015037593985,665,75,0.003357235579263357,,4.258646616541354,364
132,0.4808,-478.2923076923077,2.3866666666666667,4.167950693374422,40.15870570107858,655,72,0.003211659776822496,,4.291217257318952,756
133,0.4781,-452.1538461538462,2.2641666666666667,3.90990990990991,39.807807807807805,660,73,0.0030688830188296363,,4.073573573573573,29
134,0.4755,-410.7076923076923,2.1325,4.004823151125402,39.77170418006431,624,74,0.003059687007065997,,4.162379421221865,537
135,0.4729,-494.0615384615385,2.6825,4.327195467422096,40.32152974504249,712,73,0.003134972571256601,,4.5127478753541075,493
136,0.4703,-378.6923076923077,2.0175,3.545038167938931,38.92824427480916,650,72,0.0031928815999729045,,3.699236641221374,897
137,0.4677,-479.7538461538461,2.3341666666666665,4.298578199052133,40.54186413902054,638,75,0.003280466786007914,,4.4170616113744074,719
138,0.4651,-426.21538461538466,2.3658333333333332,4.067264573991031,39.86397608370702,666,72,0.003293529964617813,,4.1943198804185355,284
139,0.4625,-397.4923076923077,2.234166666666667,4.003062787136294,39.40122511485452,647,75,0.0034059537738940124,,4.128637059724349,6
140,0.4599,-514.1384615384616,2.6691666666666665,4.739393939393939,41.42727272727273,674,71,0.0034979044198345513,,4.868181818181818,214
141,0.4574,-466.63076923076926,2.3925,4.058565153733529,39.83016105417277,677,71,0.0032621624935360223,,4.203513909224012,753
142,0.4549,-414.73846153846154,2.3716666666666666,4.226851851851852,40.013888888888886,655,76,0.0030993167985151793,,4.375,622
143,0.4523,-421.86153846153843,2.361666666666667,4.198484848484848,40.24545454545454,658,73,0.0029254285487696147,,4.32375189107413,449
144,0.4498,-429.87692307692305,2.2708333333333335,3.924778761061947,39.190265486725664,667,75,0.0029509040965612944,,4.094395280235989,577
145,0.4474,-503.46153846153845,2.64,4.586567164179105,40.44179104477612,675,76,0.002833678219933431,,4.750746268656717,854
146,0.4449,-382.90769230769234,2.125,3.718796992481203,39.258646616541355,657,76,0.0028100077501379823,,3.8842105263157896,166
147,0.4424,-422.2307692307692,2.265833333333333,3.857142857142857,39.542568542568546,699,71,0.0027894128906989545,,4.041847041847042,600
148,0.44,-447.5846153846154,2.3425,4.068493150684931,39.923896499238964,665,74,0.0028957026571784787,,4.243531202435312,665
149,0.4375,-478.5230769230769,2.4375,4.318250377073906,39.60935143288084,657,67,0.002884004806452479,,4.46606334841629,654
150,0.4351,-415.5846153846154,2.4625,4.341867469879518,40.13855421686747,658,77,0.0030263585071239234,,4.492469879518072,425
151,0.4327,-444.4923076923077,2.2391666666666667,3.9174174174174174,39.56156156156156,665,73,0.0031978083576979627,,4.04954954954955,393
152,0.4303,-398.73846153846154,2.1058333333333334,3.787786259541985,39.83358778625954,645,76,0.003272466102172482,,3.9236641221374047,650
153,0.4279,-429.46153846153845,2.275,4.001501501501502,39.747747747747745,669,73,0.003099654494046422,,4.128935532233883,890
154,0.4256,-445.66153846153844,2.355,4.119448698315467,39.699846860643184,659,70,0.0032695779979290034,,4.269525267993874,708
155,0.4232,-352.10769230769233,1.9916666666666667,3.5707620528771384,38.93157076205288,635,81,0.0031545185538791277,,3.687888198757764,63
156,0.4209,-436.0153846153846,2.4433333333333334,4.415765069551777,40.45749613601237,639,71,0.0031195558068735072,,4.574961360123647,80
157,0.4185,-416.04615384615386,2.2416666666666667,4.053375196232339,40.10361067503925,642,79,0.0031769908228507985,,4.240188383045526,40
158,0.4162,-428.4153846153846,2.3466666666666667,4.062310030395137,39.94528875379939,670,72,0.0032369855008606042,,4.1626139817629175,111
159,0.4139,-353.9384615384615,2.0366666666666666,3.6310975609756095,39.02286585365854,652,76,0.0030851833835241287,,3.768292682926829,168
160,0.4116,-418.46153846153845,2.155,3.650073206442167,38.91800878477306,675,76,0.0030479358405455775,,3.8038067349926794,788
161,0.4094,-383.5230769230769,2.19,3.87556904400607,39.56145675265554,658,77,0.002963036486348772,,4.009104704097117,423
162,0.4071,-430.1846153846154,2.2475,4.041411042944786,39.69478527607362,659,73,0.002959765466160032,,4.197852760736196,316
163,0.4048,-353.3538461538462,1.9891666666666667,3.6293375394321767,39.07728706624606,633,77,0.002923630838047427,,3.7634069400630916,252
164,0.4026,-379.0769230769231,2.2,3.849702380952381,39.54315476190476,669,77,0.002947403776355733,,3.9761904761904763,234
165,0.4004,-435.27692307692314,2.4116666666666666,4.03030303030303,39.522366522366525,695,74,0.0030289579997564834,,4.207792207792208,452
166,0.3982,-412.13846153846157,2.2158333333333333,3.920245398773006,39.90030674846626,658,74,0.0031070591672346898,,4.081288343558282,633
167,0.396,-390.6461538461539,2.1866666666666665,3.899536321483771,39.56723338485317,648,76,0.003204160344603123,,4.024729520865534,488
168,0.3938,-353.8923076923077,2.0733333333333333,3.5701492537313433,39.222388059701494,670,76,0.003209529956170745,,3.735820895522388,355
169,0.3916,-393.2461538461538,2.2183333333333333,3.996937212863706,39.09647779479326,645,69,0.0032554110100240802,,4.166921898928025,548
170,0.3894,-448.2923076923077,2.375,4.109792284866469,39.94955489614243,670,74,0.00315195661982339,,4.249258160237389,169
171,0.3873,-417.36923076923074,2.29,3.776685393258427,39.35533707865169,715,75,0.0031231070432035453,,3.925561797752809,312
172,0.3851,-390.723076923077,2.180833333333333,3.8142644873699854,39.439821693907874,657,76,0.0030049561486533254,,3.959881129271917,193
173,0.383,-451.4153846153847,2.4633333333333334,4.34984984984985,40.27927927927928,662,70,0.0030824294161042242,,4.506006006006006,211
174,0.3809,-348.2307692307692,1.7908333333333333,3.2210200927357033,38.63833075734158,646,76,0.0031033604380774097,,3.366306027820711,880
175,0.3788,-381.9846153846154,2.158333333333333,3.8140243902439024,39.22408536585366,652,77,0.0030629321150274966,,3.9451219512195124,551
176,0.3767,-411.66153846153844,2.299166666666667,4.117199391171994,39.94216133942162,652,76,0.003164928225518067,,4.2663622526636225,778
177,0.3746,-411.53846153846155,2.3366666666666664,4.097305389221557,39.775449101796404,675,74,0.0031256594120079987,,4.272455089820359,712
178,0.3725,-395.7384615384616,2.3208333333333333,4.124620060790273,39.81458966565349,653,78,0.002927255938909762,,4.268996960486322,238
179,0.3705,-422.9384615384615,2.2741666666666664,4.013782542113323,39.98162327718224,660,74,0.0028740806974235345,,4.1941896024464835,553
180,0.3684,-424.6615384615385,2.3241666666666667,3.83187134502924,39.51169590643275,686,73,0.0027411206808123033,,3.986842105263158,512
181,0.3664,-453.0153846153846,2.5175,4.496171516079633,40.64012251148545,656,74,0.0029226965788561278,,4.629402756508423,540
182,0.3643,-480.1076923076923,2.6458333333333335,4.323570432357044,40.283124128312416,715,74,0.0029199692919324514,,4.460251046025105,546
183,0.3623,-406.3076923076923,2.029166666666667,3.5911179173047474,39.104134762634,650,78,0.002988760704945963,,3.7243491577335375,387
184,0.3603,-389.7692307692308,2.23,4.157051282051282,40.25961538461539,635,79,0.002980616011879406,,4.3381410256410255,586
185,0.3583,-378.0,1.9891666666666667,3.511520737327189,38.775729646697386,646,73,0.00301178697835296,,3.686635944700461,398
186,0.3563,-380.2153846153846,2.1475,3.6936936936936937,39.54354354354354,671,75,0.003126327210623844,,3.858858858858859,380
187,0.3544,-403.86153846153843,2.2025,4.037383177570093,39.81464174454829,637,75,0.0031645809735745163,,4.166666666666667,695
188,0.3524,-402.59999999999997,2.1558333333333333,3.995268138801262,39.564668769716086,625,71,0.0033288523840583712,,4.151419558359621,699
189,0.3505,-460.12307692307695,2.5825,4.319424460431654,40.36258992805755,683,79,0.003237147393130099,,4.500719424460431,185
190,0.3485,-340.0153846153846,1.9883333333333333,3.4653614457831323,39.075301204819276,662,76,0.003025730192715524,,3.625,757
191,0.3466,-418.44615384615383,2.2491666666666665,3.828614008941878,39.45305514157973,672,77,0.002934623616478537,,3.955290611028316,690
192,0.3447,-399.61538461538464,2.2216666666666667,3.81044776119403,39.42238805970149,673,77,0.002943406234022299,,3.9582089552238804,681
193,0.3428,-347.38461538461536,1.9591666666666667,3.415525114155251,38.78082191780822,661,77,0.0029993855206965404,,3.5403348554033487,89
194,0.3409,-463.1538461538462,2.674166666666667,4.603498542274052,40.880466472303205,689,77,0.002939619446964117,,4.776967930029154,735
195,0.339,-378.8153846153846,2.049166666666667,3.703588143525741,38.962558502340094,645,75,0.002996652377850334,,3.856697819314642,850
196,0.3371,-420.1384615384615,2.26,3.857142857142857,39.75552282768778,686,79,0.0030216868986571526,,3.995581737849779,81
197,0.3352,-434.49230769230775,2.484166666666667,4.146685472496474,40.18194640338505,716,71,0.0029945860235825357,,4.320169252468265,23
198,0.3334,-388.4769230769231,2.265833333333333,4.158059467918623,39.91392801251956,633,71,0.0030511655219778813,,4.350547730829421,262
199,0.3315,-440.1076923076923,2.3066666666666666,4.007518796992481,39.774436090225564,662,76,0.0031621013194220943,,4.1308270676691725,730
200,0.3297,-311.8769230769231,1.9333333333333333,3.393939393939394,38.846969696969694,658,76,0.003074010656775255,,3.528787878787879,718
201,0.3279,-399.2307692307692,2.236666666666667,3.8136826783114994,39.61863173216885,685,80,0.00301475785599505,,3.947598253275109,841
202,0.3261,-351.38461538461536,1.9541666666666666,3.3942161339421615,38.9558599695586,664,77,0.0029551567514743186,,3.5205479452054793,65
203,0.3243,-370.73846153846154,2.055833333333333,3.79153605015674,39.543887147335425,638,74,0.0029925666300681807,,3.9326018808777428,481
204,0.3225,-409.41538461538465,2.1866666666666665,3.7991137370753325,39.50073855243722,670,76,0.0028322880412143996,,3.9217134416543575,368
205,0.3207,-373.36923076923074,2.0391666666666666,3.556221889055472,38.85907046476762,663,73,0.002756749671805151,,3.685157421289355,465
206,0.3189,-410.18461538461537,2.17,3.6867647058823527,39.01029411764706,677,73,0.0028007859265332348,,3.8264705882352943,367
207,0.3172,-395.3538461538461,2.22,3.653576437587658,39.345021037868165,709,74,0.002748986886699599,,3.805049088359046,542
208,0.3154,-373.5692307692308,2.1691666666666665,3.8284839203675345,39.31852986217458,652,72,0.0028624968517033536,,4.024502297090352,533
209,0.3137,-365.73846153846154,2.0866666666666664,3.826771653543307,39.516535433070864,633,77,0.002825794636795264,,3.9874213836477987,530
210,0.3119,-377.3538461538462,2.2375,3.7179856115107914,39.686330935251796,697,76,0.002823771137574024,,3.8477011494252875,500
211,0.3102,-384.4923076923077,2.1933333333333334,3.71303074670571,39.563689604685216,682,80,0.002896788966121185,,3.8638360175695463,213
212,0.3085,-375.4923076923077,2.1108333333333333,3.7233082706766916,39.41654135338346,660,73,0.002960086424507723,,3.900900900900901,388
213,0.3068,-420.7692307692307,2.3358333333333334,4.13939393939394,39.737878787878785,661,70,0.0029359963423949364,,4.314674735249622,223
214,0.3051,-344.2,2.0975,3.4008264462809916,39.162534435261705,719,74,0.0029087720394033643,,3.534435261707989,715
215,0.3034,-367.21538461538466,1.9183333333333332,3.43206106870229,39.13282442748092,658,73,0.0026680737568173605,,3.596946564885496,603
216,0.3017,-359.5384615384615,2.1125,3.5501432664756445,38.882521489971346,694,79,0.002620555482877869,,3.6919770773638967,7
217,0.3,-373.04615384615386,2.1083333333333334,3.5021337126600285,38.9103840682788,691,77,0.0026679091323124405,,3.669985775248933,158
218,0.2984,-437.4923076923077,2.2016666666666667,3.847201210287443,39.236006051437215,670,71,0.0028363019488011096,,3.9848714069591527,60
219,0.2967,-401.6923076923077,2.2283333333333335,4.029548989113531,39.690513219284604,649,74,0.00291673309964637,,4.150855365474339,466
220,0.2951,-375.30769230769226,2.1083333333333334,3.6918335901386747,39.51926040061633,654,80,0.002948718283041298,,3.847457627118644,143
221,0.2935,-323.12307692307695,2.015,3.4037626628075253,39.27641099855282,687,79,0.0029093019892338797,,3.565028901734104,426
222,0.2918,-413.86153846153843,2.3833333333333333,4.010144927536232,39.414492753623186,684,79,0.0029177129369584182,,4.136231884057971,420
223,0.2902,-391.40000000000003,2.1325,3.7166172106824926,38.99109792284867,668,76,0.002855403325799069,,3.8679525222551927,877
224,0.2886,-391.4923076923077,2.0858333333333334,3.8384,39.1968,623,74,0.002842374689204795,,3.968,132
225,0.287,-354.6461538461538,2.035833333333333,3.6321483771251932,39.16537867078825,656,74,0.002704952754764905,,3.7774343122102008,436
226,0.2854,-469.63076923076926,2.435,4.389908256880734,40.408256880733944,658,75,0.0027353910541670612,,4.5,635
227,0.2838,-477.90769230769234,2.5658333333333334,4.3147353361945635,40.110157367668094,694,69,0.002784288680835061,,4.474964234620887,895
228,0.2823,-378.35384615384623,2.066666666666667,3.5972434915773355,38.97856049004594,649,78,0.0026497502413142674,,3.7427258805513017,228
229,0.2807,-348.53846153846155,1.8725,3.329721362229102,38.45356037151703,650,77,0.002666957671637158,,3.4396284829721364,892
230,0.2792,-450.0923076923077,2.4625,4.176991150442478,39.84660766961652,694,73,0.0027312090191083938,,4.325958702064897,342
231,0.2776,-365.01538461538456,1.8541666666666667,3.3282674772036476,38.73252279635258,643,71,0.002697960121397823,,3.4711246200607904,474
232,0.2761,-394.23076923076917,2.1508333333333334,3.6789940828402368,39.13165680473373,672,75,0.0025977952859338595,,3.838757396449704,197
233,0.2746,-378.32307692307694,2.19,3.665236051502146,38.89842632331903,690,78,0.0028205193734713065,,3.8297567954220315,133
234,0.273,-372.2307692307693,2.0825,3.711246200607903,39.01367781155015,653,74,0.0028530432785947857,,3.857142857142857,167
235,0.2715,-415.89230769230767,2.3508333333333336,3.898989898989899,40.01443001443001,700,78,0.002778966583151046,,4.038904899135447,301
236,0.27,-419.38461538461536,2.4025,3.85195530726257,39.61033519553072,711,73,0.0028286671504913715,,3.994413407821229,16
237,0.2685,-390.6,2.19,3.825563909774436,39.536842105263155,650,76,0.002855088479252464,,3.9804511278195487,120
238,0.267,-397.4,2.154166666666667,3.8033536585365852,38.93140243902439,650,71,0.002830627303428017,,3.942073170731707,3
239,0.2656,-359.1846153846154,2.1191666666666666,3.621700879765396,39.233137829912025,685,79,0.0028674000106296083,,3.7829912023460412,217
240,0.2641,-363.4769230769231,2.131666666666667,3.8144171779141103,39.714723926380366,647,77,0.002844291725805867,,3.9677914110429446,508
241,0.2626,-400.44615384615383,2.02,3.506766917293233,38.55488721804511,667,72,0.0028053423066009458,,3.6736842105263157,479
242,0.2612,-433.76923076923083,2.484166666666667,4.089337175792507,39.94236311239193,703,75,0.002872484458990825,,4.24207492795389,224
243,0.2597,-349.4,1.92,3.4798761609907123,38.86842105263158,640,77,0.0026801379167515622,,3.611455108359133,740
244,0.2583,-385.8153846153846,2.1891666666666665,3.742690058479532,39.42251461988304,685,77,0.0026946175500340832,,3.8991228070175437,868
245,0.2569,-401.4923076923077,2.27,3.6450704225352113,39.304225352112674,710,74,0.0027035071425529824,,3.77887323943662,477
246,0.2555,-378.1384615384615,2.2191666666666667,3.6754002911208152,39.56331877729258,698,77,0.0027392411424047767,,3.7991266375545854,320
247,0.254,-368.9384615384616,2.1625,3.8487654320987654,39.50925925925926,649,75,0.002736204289511222,,3.998456790123457,597
248,0.2526,-345.1538461538462,1.9233333333333333,3.4195046439628483,38.82043343653251,649,76,0.002827349648663397,,3.5371517027863777,539
249,0.2512,-436.30769230769226,2.308333333333333,3.8177966101694913,40.08474576271186,712,78,0.0026522538445751887,,4.0141242937853105,129
250,0.2498,-337.1538461538462,1.9491666666666667,3.4195488721804512,38.54736842105263,668,75,0.0023879303444073055,,3.557894736842105,845
251,0.2485,-338.63076923076926,1.9416666666666667,3.4761171032357474,39.124807395993834,648,76,0.0025316132943645456,,3.608628659476117,314
252,0.2471,-388.04615384615386,1.9733333333333334,3.6059654631083204,38.80062794348509,624,72,0.0027314315179311635,,3.7456828885400313,721
253,0.2457,-344.87692307692305,1.9883333333333333,3.4234769687964337,38.63447251114413,668,77,0.0028539183485386753,,3.578635014836795,606
254,0.2444,-373.0,2.1333333333333333,3.6923076923076925,39.02514792899408,674,72,0.0029198252937667115,,3.8298816568047336,809
255,0.243,-360.13846153846146,2.0441666666666665,3.421364985163205,38.62759643916914,672,75,0.0029147063954245407,,3.5875370919881306,87
256,0.2417,-391.7692307692308,2.256666666666667,3.7636103151862463,39.587392550143264,694,78,0.002820373291717257,,3.896848137535817,589
257,0.2403,-454.1846153846154,2.3925,3.9941520467836256,39.78362573099415,684,74,0.0028670015627190785,,4.143274853801169,599
258,0.239,-386.04615384615386,2.0925,3.7342549923195083,39.40245775729647,641,78,0.0030086828308477902,,3.8895705521472395,268
259,0.2377,-395.12307692307695,2.06,3.5065312046444124,39.08853410740203,692,71,0.003033182787657871,,3.6458635703918723,896
260,0.2364,-379.63076923076926,2.214166666666667,3.862891207153502,39.539493293591654,667,78,0.0031817790406367505,,3.9955290611028316,887
261,0.2351,-336.53846153846155,1.9733333333333334,3.507645259938838,38.88073394495413,649,78,0.002979188559417147,,3.6513761467889907,62
262,0.2338,-306.38461538461536,1.8941666666666668,3.4604430379746836,38.80854430379747,629,77,0.002890821048971465,,3.625,557
263,0.2325,-350.86153846153843,2.0708333333333333,3.5431918008784775,39.33674963396779,684,80,0.002752189819707343,,3.677891654465593,746
264,0.2312,-397.7230769230769,2.2108333333333334,3.7411764705882353,39.18970588235294,683,73,0.002678123574653601,,3.925,323
265,0.2299,-373.9846153846154,2.2091666666666665,3.802395209580838,39.300898203592816,665,74,0.002724639798738318,,3.944610778443114,596
266,0.2286,-395.3384615384615,2.265,3.905829596412556,40.110612855007474,678,78,0.0028540488338818512,,4.091180866965621,667
267,0.2274,-360.6769230769231,2.225,3.9157894736842107,40.01654135338346,670,81,0.002891108838460006,,4.076691729323309,643
268,0.2261,-304.5384615384615,1.685,3.093059936908517,37.761829652996845,626,74,0.0028692698805872726,,3.2003154574132493,162
269,0.2249,-375.9538461538462,1.9858333333333333,3.593167701863354,38.82608695652174,640,74,0.0026409450162041244,,3.7577639751552794,351
270,0.2236,-359.44615384615383,1.9208333333333334,3.4412213740458015,38.82748091603053,647,76,0.0026030616283396575,,3.5929878048780486,347
271,0.2224,-378.95384615384614,2.1908333333333334,3.8076923076923075,39.31065088757396,658,77,0.0027116697171347,,3.960059171597633,119
272,0.2211,-359.10769230769233,1.8783333333333334,3.4848966613672494,38.94276629570747,632,73,0.0026427497219629263,,3.6232114467408585,497
273,0.2199,-410.03076923076924,2.3933333333333335,4.085672082717873,39.97784342688331,683,79,0.002784553251661632,,4.274741506646972,298
274,0.2187,-338.5230769230769,2.1,3.5401146131805157,38.863896848137536,704,75,0.002689338008322256,,3.706303724928367,706
275,0.2175,-342.3230769230769,2.0341666666666667,3.47910447761194,39.05522388059701,674,79,0.0026171338320502436,,3.6313432835820896,616
276,0.2163,-346.1846153846154,2.065,3.650231124807396,39.09707241910632,649,75,0.002803346521542192,,3.773497688751926,714
277,0.2151,-416.93846153846147,2.1016666666666666,3.6077265973254087,39.43684992570579,683,78,0.0027278162247400405,,3.7611275964391693,13
278,0.2139,-352.8,1.8991666666666667,3.315315315315315,38.97897897897898,673,76,0.0026925562629481637,,3.4812593703148424,843
279,0.2127,-311.36923076923085,1.8291666666666666,3.329721362229102,38.78482972136223,645,73,0.0026324510046600268,,3.476780185758514,146
280,0.2115,-335.5846153846154,1.9475,3.4383561643835616,38.6986301369863,659,73,0.0024710982560420137,,3.5966514459665144,161
281,0.2104,-328.15384615384613,1.8633333333333333,3.2333825701624814,39.14918759231905,672,78,0.002555648420554921,,3.3840472673559825,75
282,0.2092,-334.7538461538461,1.91,3.4790697674418603,39.02325581395349,645,77,0.002527415158554265,,3.6170542635658913,871
283,0.208,-370.4769230769231,2.0716666666666668,3.701219512195122,38.8155487804878,648,71,0.002702694190905395,,3.8185975609756095,113
284,0.2069,-345.83076923076925,1.8658333333333332,3.439873417721519,38.74841772151899,624,72,0.0027881354258483225,,3.5917721518987342,124
285,0.2058,-365.75384615384615,2.0533333333333332,3.6225563909774436,39.1593984962406,674,75,0.002818876655498391,,3.7639097744360903,777
286,0.2046,-324.8615384615385,1.9633333333333334,3.4092261904761907,39.041666666666664,672,78,0.002806490262353658,,3.5461309523809526,108
287,0.2035,-349.7230769230769,2.0125,3.5149700598802394,39.01946107784431,676,73,0.0027333531514379577,,3.6661676646706587,451
288,0.2024,-374.55384615384617,2.0233333333333334,3.562021439509954,38.874425727411946,651,72,0.002860657698487833,,3.7013782542113325,196
289,0.2012,-382.8,1.9933333333333334,3.6108527131782946,39.08992248062015,634,78,0.0028460750554842114,,3.751937984496124,64
290,0.2001,-354.53846153846155,2.029166666666667,3.60790273556231,38.974164133738604,658,79,0.0027407747877607495,,3.7477203647416415,165
291,0.199,-357.6615384615385,2.0166666666666666,3.5128205128205128,39.25188536953243,659,76,0.0028467335238428386,,3.660633484162896,412
292,0.1979,-354.8461538461538,2.0425,3.5081240768094535,38.847858197932055,669,74,0.0029682659817624425,,3.658788774002954,335
293,0.1968,-419.9384615384615,2.1625,3.6824925816023737,39.724035608308604,686,78,0.002893605990006871,,3.8249258160237387,617
294,0.1957,-325.59999999999997,1.795,3.3105095541401273,38.56210191082803,632,74,0.002826011357899417,,3.460191082802548,325
295,0.1946,-392.4769230769231,2.22,3.9618320610687023,39.86412213740458,663,80,0.002921161361750268,,4.10381679389313,26
296,0.1936,-341.3384615384615,2.1225,3.615271659324523,39.19236417033774,686,79,0.002844833581177037,,3.765051395007342,51
297,0.1925,-335.8461538461538,1.8958333333333333,3.419656786271451,39.032761310452415,644,75,0.0029768800703691175,,3.5319812792511702,431
298,0.1914,-373.3384615384615,2.07,3.698940998487141,39.443267776096825,664,78,0.0030384734391347913,,3.8260211800302573,570
299,0.1904,-353.0923076923077,2.0833333333333335,3.6461769115442277,39.38830584707646,666,77,0.0029871054780818093,,3.8050974512743627,73
300,0.1893,-415.95384615384614,2.3075,3.8255977496483826,39.61884669479606,712,75,0.002912688644493318,,3.9746835443037973,602
301,0.1883,-385.6461538461539,2.033333333333333,3.677469135802469,39.34722222222222,653,77,0.00286631556712868,,3.807098765432099,527
302,0.1872,-315.07692307692304,1.7866666666666666,3.148936170212766,38.4468085106383,656,79,0.0027773770153543026,,3.31306990881459,72
303,0.1862,-337.8461538461538,2.013333333333333,3.4188790560471976,39.05604719764012,685,75,0.0027670930760058635,,3.5707964601769913,566
304,0.1852,-397.21538461538466,1.9483333333333333,3.377245508982036,38.66766467065868,666,72,0.002746605749136426,,3.5224550898203595,634
305,0.1841,-322.3384615384615,1.8466666666666667,3.3359253499222397,38.72161741835148,649,74,0.0027145438412475255,,3.4805598755832037,400
306,0.1831,-355.72307692307686,1.9875,3.4718934911242605,39.044378698224854,673,73,0.0027904770664101243,,3.616863905325444,520
307,0.1821,-341.95384615384614,1.9408333333333334,3.5157232704402515,38.789308176100626,643,74,0.0025922022070473836,,3.6635220125786163,875
308,0.1811,-370.53846153846155,2.095,3.6478454680534917,39.36106983655275,675,73,0.0025543163300897733,,3.8261515601783063,744
309,0.1801,-325.4,1.8066666666666666,3.1008902077151337,38.35756676557863,676,75,0.0026851215969351775,,3.2566765578635013,299
310,0.1791,-372.21538461538455,2.0016666666666665,3.4363103953147878,38.80966325036603,680,75,0.002770809374900245,,3.601756954612006,489
311,0.1781,-331.0615384615385,1.8866666666666667,3.275757575757576,38.25909090909091,651,75,0.002726946500951864,,3.4272727272727272,4
312,0.1771,-353.2,2.0016666666666665,3.4784546805349184,39.07875185735513,670,79,0.002682402105805157,,3.62407132243685,379
313,0.1762,-303.2307692307693,1.6875,3.1589825119236883,38.190779014308426,616,74,0.002830265515636691,,3.329093799682035,212
314,0.1752,-364.26153846153846,2.1591666666666667,3.603107344632768,39.18785310734463,708,77,0.002875805493398683,,3.7598870056497176,560
315,0.1742,-345.3230769230769,1.935,3.3273809523809526,38.90625,673,75,0.0027914741087926836,,3.488095238095238,798
316,0.1732,-345.9384615384615,1.9466666666666668,3.5646687697160884,38.83123028391167,635,77,0.00279172437920242,,3.720820189274448,640
317,0.1723,-335.2307692307693,1.8583333333333334,3.331782945736434,38.82015503875969,649,79,0.0027863888697380306,,3.4713178294573646,171
318,0.1713,-372.0923076923077,2.055,3.684049079754601,38.85889570552147,650,74,0.002594789695763862,,3.8098159509202456,225
319,0.1704,-331.70769230769235,1.8175,3.1831610044313146,38.348596750369275,674,74,0.0026242624009314218,,3.2968980797636633,283
320,0.1694,-363.75384615384615,2.2091666666666665,3.7108262108262107,39.54558404558404,700,81,0.002592184732883546,,3.867709815078236,561
321,0.1685,-361.0153846153846,2.0933333333333333,3.7162576687116564,39.3159509202454,658,76,0.0025742654426742528,,3.8819018404907975,180
322,0.1676,-375.29230769230765,1.9616666666666667,3.321167883211679,38.67299270072993,681,74,0.0026866180724946565,,3.478134110787172,729
323,0.1666,-396.2307692307692,2.1416666666666666,3.519203413940256,39.35704125177809,713,77,0.0028474217281024557,,3.665718349928876,427
324,0.1657,-339.6307692307692,1.7983333333333333,3.127245508982036,38.23652694610779,669,77,0.0029205670395967454,,3.254491017964072,679
325,0.1648,-306.86153846153843,1.79,3.4174917491749173,38.65346534653465,604,75,0.0027641837313491543,,3.537953795379538,563
326,0.1639,-352.6461538461538,2.2741666666666664,3.865781710914454,39.41445427728613,667,80,0.002674760681847543,,4.035398230088496,632
327,0.163,-393.2307692307692,2.1791666666666667,3.7710843373493974,39.5210843373494,675,74,0.0028320758784225707,,3.8960843373493974,373
328,0.1621,-386.33846153846156,2.243333333333333,3.799107142857143,39.48511904761905,672,78,0.0027621249044676873,,3.9285714285714284,584
329,0.1612,-319.12307692307695,1.8683333333333334,3.1915204678362574,38.55555555555556,681,75,0.00257128736322273,,3.3260233918128654,525
330,0.1603,-371.2,2.1083333333333334,3.601769911504425,39.26843657817109,673,74,0.0028553176512227363,,3.7492625368731565,656
331,0.1594,-400.9384615384615,2.1266666666666665,3.5676470588235296,39.4485294117647,688,75,0.0028005886726557806,,3.7411764705882353,61
332,0.1585,-311.9384615384615,1.6716666666666666,3.1456628477905073,38.05728314238952,611,71,0.0029775641733081736,,3.30718954248366,12
333,0.1577,-332.4307692307692,2.0216666666666665,3.476470588235294,39.326470588235296,679,80,0.002754030421157725,,3.623529411764706,496
334,0.1568,-356.66153846153844,1.9141666666666666,3.189189189189189,38.480796586059746,715,73,0.002747395242369868,,3.3684210526315788,641
335,0.1559,-358.0153846153846,2.1325,3.6124818577648767,39.030478955007254,676,75,0.002737540365443399,,3.7822931785195935,779
336,0.155,-349.2615384615384,2.0383333333333336,3.467343976777939,39.24673439767779,694,78,0.002806769051480466,,3.597968069666183,837
337,0.1542,-380.53846153846155,2.09,3.6343283582089554,39.202985074626866,680,73,0.0026397585958277403,,3.7597014925373133,34
338,0.1533,-347.89230769230767,1.9591666666666667,3.334306569343066,38.54598540145985,679,76,0.0028551805632442365,,3.4715328467153284,511
339,0.1525,-358.9230769230769,1.99,3.4279210925644916,38.87253414264036,662,73,0.0029979094252911625,,3.566009104704097,408
340,0.1516,-364.0615384615385,2.02,3.3138075313807533,38.92329149232915,712,77,0.00290772406443046,,3.4797768479776847,45
341,0.1508,-324.63076923076926,1.88,3.307462686567164,38.89850746268657,677,77,0.0030121450604270405,,3.4567164179104477,638
342,0.15,-330.5230769230769,1.8941666666666668,3.374613003095975,38.696594427244584,646,77,0.0031379046826113333,,3.540247678018576,160
343,0.1491,-362.4307692307692,2.09,3.4971181556195967,39.00576368876081,695,75,0.002908625284628664,,3.646043165467626,410
344,0.1483,-364.5076923076923,1.9716666666666667,3.3949704142011834,38.718934911242606,678,72,0.0027399322697598525,,3.5576923076923075,490
345,0.1475,-342.55384615384617,1.9666666666666666,3.645669291338583,38.885039370078744,635,75,0.002865179191587676,,3.795275590551181,575
346,0.1467,-348.7230769230769,2.035,3.4371345029239766,38.85818713450293,680,75,0.002685055991713539,,3.5964912280701755,683
347,0.1459,-350.6923076923077,2.0108333333333333,3.5196374622356497,38.933534743202415,669,73,0.00254584026294347,,3.63595166163142,249
348,0.1451,-332.5230769230769,1.8466666666666667,3.2484662576687118,39.058282208588956,652,79,0.0026026279123236846,,3.4125766871165646,46
349,0.1443,-310.2153846153846,1.7933333333333332,3.097777777777778,38.482962962962965,672,76,0.002526273632260623,,3.2503703703703706,894
350,0.1435,-354.6153846153846,2.0366666666666666,3.339622641509434,39.02322206095791,704,77,0.002754016814571038,,3.4847605224963716,685
351,0.1427,-353.9846153846154,1.91,3.1937869822485205,38.553254437869825,673,72,0.0026704930445620215,,3.3476331360946747,478
352,0.1419,-330.4307692307692,1.8541666666666667,3.3605015673981193,38.75078369905956,632,76,0.0026690154742513607,,3.4843260188087775,291
353,0.1411,-363.4153846153846,2.0183333333333335,3.502242152466368,39.092675635276535,667,81,0.0027064344032666377,,3.6292974588938716,657
354,0.1403,-373.2615384615384,2.135,3.5959302325581395,38.866279069767444,688,72,0.002746534378420255,,3.7373004354136428,428
355,0.1395,-331.1384615384615,1.9391666666666667,3.43202416918429,38.99093655589124,665,80,0.002774334204742874,,3.569486404833837,814
356,0.1388,-360.26153846153846,2.1875,3.7672672672672673,39.451951951951955,667,78,0.0027043758403467377,,3.9129129129129128,102
357,0.138,-349.5692307692308,1.9991666666666668,3.548632218844985,39.203647416413375,658,76,0.002557013810099204,,3.689969604863222,376
358,0.1372,-345.5846153846154,2.055833333333333,3.44,38.94428571428571,696,77,0.002565740000856125,,3.567142857142857,172
359,0.1365,-357.9384615384616,2.0875,3.5425219941348973,39.27859237536657,691,73,0.0025985340979538,,3.6744868035190614,50
360,0.1357,-327.32307692307694,1.8283333333333334,3.203030303030303,38.52121212121212,660,74,0.0027415257908220054,,3.346969696969697,333
361,0.135,-351.55384615384617,2.14,3.5544267053701017,39.51088534107402,700,79,0.0027225050270149884,,3.706821480406386,626
362,0.1342,-345.3538461538461,2.0633333333333335,3.675799086757991,39.48401826484018,663,77,0.0028588265842453787,,3.8477929984779298,28
363,0.1335,-299.55384615384617,1.6941666666666666,3.035330261136713,37.82334869431644,648,77,0.002896180550946006,,3.141321044546851,467
364,0.1327,-337.61538461538464,1.9525,3.4871406959152798,39.127080181543114,663,77,0.0029426920721448094,,3.6021180030257187,53
365,0.132,-375.03076923076924,1.9641666666666666,3.323615160349854,38.30174927113703,685,70,0.002925898625660153,,3.4737609329446064,294
366,0.1313,-364.46153846153845,2.0141666666666667,3.554711246200608,39.056231003039514,656,70,0.0029318957184159542,,3.737082066869301,789
367,0.1306,-385.9384615384616,2.0791666666666666,3.5827232796486093,39.43045387994143,686,73,0.0029348652216551942,,3.7408491947291362,260
368,0.1298,-350.2615384615385,1.9875,3.4573991031390134,38.913303437967116,669,79,0.0029097180623758596,,3.588938714499253,210
369,0.1291,-344.96923076923076,1.9,3.3616692426584236,38.53941267387945,651,81,0.00307155666092278,,3.472952086553323,68
370,0.1284,-340.38461538461536,1.9308333333333334,3.3073529411764704,38.504411764705885,679,72,0.002862834710357296,,3.445588235294118,204
371,0.1277,-368.9076923076923,2.155,3.5384615384615383,39.262699564586356,692,74,0.0027239953248576537,,3.7285921625544267,636
372,0.127,-329.7692307692307,1.8933333333333333,3.235207100591716,38.44526627218935,671,74,0.0027743224274501036,,3.399408284023669,164
373,0.1263,-343.7076923076923,1.995,3.534039334341906,39.19969742813918,663,80,0.002570290906969854,,3.6626323751891072,280
374,0.1256,-331.7846153846154,2.0516666666666667,3.519230769230769,39.281065088757394,677,83,0.002624383402689487,,3.6538461538461537,750
375,0.1249,-342.4,1.8358333333333334,3.2370030581039755,38.57492354740061,656,78,0.002653241762142764,,3.3425076452599387,792
376,0.1242,-343.6769230769231,1.8991666666666667,3.306184012066365,38.717948717948715,671,76,0.0026511732832662344,,3.441930618401207,170
377,0.1235,-355.723076923077,1.97,3.4032496307237814,39.02511078286558,687,78,0.0027411012791230794,,3.534711964549483,558
378,0.1228,-374.7076923076923,2.0283333333333333,3.4686131386861314,38.67153284671533,681,65,0.0027105430448089267,,3.6481751824817517,688
379,0.1221,-357.723076923077,2.0083333333333333,3.442962962962963,38.76592592592593,681,75,0.0027860125633438165,,3.6,618
380,0.1215,-348.04615384615386,2.0116666666666667,3.5491679273827534,39.20877458396369,655,75,0.002873747115210846,,3.718608169440242,509
381,0.1208,-376.9384615384615,2.0208333333333335,3.579754601226994,39.03834355828221,646,71,0.0028366046031969155,,3.7039877300613497,674
382,0.1201,-372.03076923076924,2.115,3.5857988165680474,38.90828402366864,682,77,0.002862946427244501,,3.7292899408284024,826
383,0.1195,-330.5076923076923,1.9908333333333332,3.5842349304482224,39.09428129829985,649,77,0.002890043670067646,,3.7017001545595054,612
384,0.1188,-337.69230769230774,1.975,3.371345029239766,38.51608187134503,673,75,0.0028480027991283925,,3.5277777777777777,239
385,0.1181,-387.8307692307692,2.2708333333333335,3.9521674140508223,39.615844544095665,664,73,0.0028925463119176967,,4.121076233183857,879
386,0.1175,-321.95384615384614,1.8433333333333333,3.2794561933534743,38.56344410876133,659,77,0.0028486761834241653,,3.4501510574018126,734
387,0.1168,-380.73846153846154,2.0858333333333334,3.758887171561051,39.298299845440496,652,76,0.0027727888619980393,,3.888888888888889,112
388,0.1162,-364.8,2.0683333333333334,3.524017467248908,39.36390101892285,683,76,0.0026280363626934406,,3.663755458515284,369
389,0.1156,-350.0923076923077,2.015833333333333,3.4411326378539493,38.89865871833085,672,76,0.0027516225430524637,,3.5856929955290613,18
390,0.1149,-336.9230769230769,1.9516666666666667,3.3543191800878476,38.519765739385065,680,74,0.0027743156101531436,,3.497803806734993,806
391,0.1143,-366.4769230769231,2.158333333333333,3.6313497822931784,39.61828737300436,701,75,0.0027508253573016723,,3.8084179970972425,536
392,0.1136,-397.7538461538462,2.2783333333333333,3.9351988217967597,39.468335787923415,677,76,0.0025999689781250534,,4.092783505154639,860
393,0.113,-335.5230769230769,1.9941666666666666,3.296671490593343,39.205499276411,699,78,0.002521027662189627,,3.4428364688856727,77
394,0.1124,-330.92307692307696,2.0141666666666667,3.435225618631732,38.985443959243085,686,79,0.00259567727668195,,3.5973837209302326,648
395,0.1118,-369.86153846153843,2.091666666666667,3.491279069767442,39.075581395348834,678,78,0.0026669139743136653,,3.6380813953488373,250
396,0.1112,-298.0153846153846,1.6216666666666666,2.9057187017001547,37.68778979907264,646,69,0.0026755556616647877,,3.035548686244204,43
397,0.1105,-332.9230769230769,1.7191666666666667,3.0210843373493974,38.397590361445786,662,80,0.0026151264888580657,,3.1310240963855422,156
398,0.1099,-355.63076923076926,2.0,3.4738415545590433,38.78624813153961,667,77,0.002667913213532253,,3.6203288490284007,483
399,0.1093,-360.21538461538466,2.058333333333333,3.567365269461078,39.381736526946106,670,74,0.00280081109724217,,3.745508982035928,42
400,0.1087,-320.1538461538462,1.9033333333333333,3.2891207153502235,38.742175856929954,664,80,0.0027759148334936656,,3.4166666666666665,153
401,0.1081,-311.83076923076925,1.8616666666666666,3.282674772036474,38.3951367781155,655,78,0.0028629912001353905,,3.425531914893617,329
402,0.1075,-327.84615384615387,1.9075,3.473520249221184,38.81152647975078,651,77,0.0027890924938476715,,3.6059190031152646,106
403,0.1069,-338.6,1.8766666666666667,3.2442040185471406,38.41112828438949,652,77,0.002731716440648533,,3.394126738794436,645
404,0.1063,-357.83076923076925,2.1166666666666667,3.5344827586206895,38.701149425287355,688,74,0.0027054539134792333,,3.7097701149425286,83
405,0.1057,-313.95384615384614,1.87,3.2822822822822824,38.773273273273276,669,79,0.0025950629521303953,,3.436936936936937,787
406,0.1052,-314.7846153846154,1.895,3.2315634218289087,39.03982300884956,689,78,0.0026455949522319368,,3.3805309734513274,859
407,0.1046,-370.323076923077,2.1433333333333335,3.6310395314787702,39.341142020497806,682,74,0.002621468304670331,,3.7847730600292824,2
408,0.104,-349.76923076923083,1.9933333333333334,3.4769001490312967,38.9806259314456,677,74,0.0026161511060349796,,3.6184798807749625,811
409,0.1034,-321.33846153846156,1.9175,3.287630402384501,38.88822652757079,666,79,0.002647966927932088,,3.427719821162444,726
410,0.1028,-362.36923076923074,1.9741666666666666,3.2857142857142856,38.705714285714286,701,74,0.0025588603321781518,,3.44,345
411,0.1023,-338.6923076923077,2.013333333333333,3.4582089552238804,38.74626865671642,669,76,0.0024973713189680295,,3.6313432835820896,242
412,0.1017,-399.63076923076926,2.138333333333333,3.5901162790697674,38.469476744186046,687,71,0.0025737819394136235,,3.734011627906977,216
413,0.1011,-349.3538461538461,2.0391666666666666,3.5707831325301207,39.38403614457831,666,78,0.0027615681764722407,,3.7153614457831323,881
414,0.1006,-326.66153846153844,2.0675,3.4545454545454546,38.76623376623377,692,78,0.002836514169971965,,3.6147186147186146,240
415,0.1,-368.0615384615385,2.0391666666666666,3.470332850940666,38.859623733719246,694,77,0.0027397936964717188,,3.61794500723589,664
416,0.0995,-328.3230769230769,1.8075,3.2609375,38.184375,638,74,0.002733172035299601,,3.4125,92
417,0.0989,-355.09230769230766,2.0108333333333333,3.4419970631424377,38.70778267254038,670,74,0.0027226778375100073,,3.590308370044053,186
418,0.0984,-345.44615384615383,1.8875,3.3118279569892475,38.45007680491551,654,75,0.0027688963197900784,,3.4294478527607364,716
419,0.0978,-348.0153846153846,1.935,3.3496296296296295,38.67111111111111,672,73,0.002872413744975714,,3.470414201183432,801
420,0.0973,-335.16923076923075,1.8441666666666667,3.2586466165413532,38.711278195488724,667,79,0.0028105397142884595,,3.381954887218045,44
421,0.0968,-344.55384615384617,2.035833333333333,3.4031563845050217,38.85222381635581,698,76,0.00277367749113743,,3.5294117647058822,784
422,0.0962,-331.9846153846154,1.7891666666666666,3.09720176730486,38.38586156111929,684,71,0.0027270798878602114,,3.2665684830633284,772
423,0.0957,-308.4615384615385,1.7341666666666666,3.1885895404120443,38.54199683042789,627,78,0.0027622042725815228,,3.353407290015848,288
424,0.0952,-307.03076923076924,1.9441666666666666,3.4876543209876543,38.660493827160494,637,79,0.002864034263060635,,3.646604938271605,389
425,0.0946,-302.79999999999995,1.8058333333333334,3.1833084947839048,38.174366616989566,659,77,0.0028494800722323535,,3.329359165424739,67
426,0.0941,-350.13846153846157,1.8991666666666667,3.3956386292834893,38.94704049844237,648,77,0.002741473218007206,,3.5249221183800623,370
427,0.0936,-306.8153846153846,1.8133333333333332,3.183055975794251,38.53252647503782,665,79,0.0027496826575431274,,3.3691376701966718,328
428,0.0931,-341.78461538461534,2.1275,3.5129682997118157,39.148414985590776,689,82,0.002753539160012118,,3.6657060518731988,443
429,0.0926,-291.26153846153846,1.7541666666666667,3.285483870967742,38.498387096774195,624,75,0.0026257798644824483,,3.4138486312399356,52
430,0.092,-352.96923076923076,1.9933333333333334,3.5440729483282674,38.78115501519757,655,75,0.0024880097006886796,,3.6778115501519757,206
431,0.0915,-330.7692307692308,2.0108333333333333,3.4175182481751825,38.36496350364963,688,73,0.0023868916931439866,,3.564963503649635,608
432,0.091,-353.89230769230767,2.154166666666667,3.56150506512301,38.95947901591896,700,75,0.002696406996589509,,3.710564399421129,219
433,0.0905,-325.9076923076923,1.8558333333333332,3.3728813559322033,38.78582434514638,646,73,0.002613510094175527,,3.531587057010786,447
434,0.09,-340.6923076923077,1.9383333333333332,3.254360465116279,38.9156976744186,697,77,0.002790053809176899,,3.4084302325581395,86
435,0.0895,-281.04615384615386,1.735,3.04261796042618,38.083713850837135,662,76,0.002749309368363348,,3.1765601217656014,462
436,0.089,-359.6615384615385,2.0875,3.6196136701337296,39.08469539375929,675,77,0.002691760805849875,,3.7830609212481425,799
437,0.0885,-347.75384615384615,1.8775,3.412673879443586,38.84234930448223,639,74,0.002487853511391821,,3.561051004636785,646
438,0.088,-333.10769230769233,1.8508333333333333,3.377151799687011,38.80281690140845,641,74,0.0025124025670606774,,3.5289514866979657,790
439,0.0876,-310.3538461538461,1.8233333333333333,3.2387387387387387,38.83483483483484,659,79,0.0024769177764824082,,3.394894894894895,574
440,0.0871,-322.96923076923076,1.9041666666666666,3.225185185185185,38.63407407407407,674,76,0.0025775359610248115,,3.408888888888889,828
441,0.0866,-326.6,1.8341666666666667,3.1843657817109143,38.44985250737463,670,75,0.002518266991790501,,3.3348082595870205,308
442,0.0861,-343.2307692307693,2.0125,3.4633781763826605,38.860986547085204,667,72,0.0026036304026916105,,3.6053811659192827,513
443,0.0856,-329.0153846153846,1.7958333333333334,3.0585651537335283,38.27525622254758,677,79,0.002823460384864504,,3.206442166910688,259
444,0.0852,-289.1538461538462,1.6958333333333333,3.078003120124805,38.33541341653666,642,77,0.0028648091056735696,,3.2449297971918876,188
445,0.0847,-318.8307692307692,1.9366666666666668,3.2535816618911175,38.87106017191977,702,81,0.0028916797525399174,,3.432664756446991,501
446,0.0842,-290.0769230769231,1.7266666666666666,3.240829346092504,38.379585326953745,623,82,0.002845020556544806,,3.390749601275917,568
447,0.0838,-370.15384615384613,1.9816666666666667,3.4340740740740743,38.95851851851852,680,76,0.0028389222913870523,,3.5985185185185187,677
448,0.0833,-332.0307692307692,1.9275,3.285094066570188,38.555716353111436,682,75,0.002704307827485721,,3.428364688856729,276
449,0.0828,-380.04615384615386,2.2116666666666664,3.552197802197802,39.28159340659341,718,77,0.0025130439894086413,,3.715659340659341,244
450,0.0824,-311.4,1.7408333333333332,2.9680696661828736,38.28156748911466,686,76,0.0025574380276676264,,3.101449275362319,94
451,0.0819,-316.5230769230769,1.9225,3.4021084337349397,38.80572289156626,662,78,0.002551781199446457,,3.549698795180723,830
452,0.0815,-308.0615384615385,1.8366666666666667,3.411023622047244,39.00944881889764,627,80,0.0024791612300570187,,3.5511811023622046,264
453,0.081,-321.6461538461539,1.8966666666666667,3.45141065830721,39.007836990595614,639,75,0.002458660282872519,,3.6087636932707357,526
454,0.0806,-364.24615384615385,2.0641666666666665,3.4554744525547445,38.77372262773723,692,73,0.002377136454794097,,3.6102189781021896,727
455,0.0801,-305.87692307692305,1.7491666666666668,3.085235920852359,38.334855403348556,659,76,0.0024513259661357394,,3.207001522070015,126
456,0.0797,-302.7230769230769,1.75,3.306291390728477,38.07615894039735,608,74,0.0025741691564173607,,3.435430463576159,842
457,0.0792,-308.8615384615385,1.8558333333333332,3.375586854460094,39.104851330203445,639,81,0.0027058874776345245,,3.511737089201878,701
458,0.0788,-310.8,1.9725,3.572093023255814,39.34418604651163,643,79,0.002715470647918968,,3.702325581395349,184
459,0.0784,-314.63076923076926,1.8075,3.2110091743119265,38.34862385321101,649,74,0.0026614230637079356,,3.359327217125382,882
460,0.0779,-336.0153846153846,1.9533333333333334,3.302395209580838,38.90718562874252,673,75,0.0026316403366312764,,3.4469357249626307,306
461,0.0775,-293.79999999999995,1.655,3.0093603744149764,37.990639625585025,635,76,0.0026572866450523397,,3.129485179407176,457
462,0.0771,-337.9076923076923,2.0216666666666665,3.4955489614243325,38.97329376854599,668,74,0.0026533753760400324,,3.6513353115727,628
463,0.0766,-333.95384615384614,1.9591666666666667,3.5725552050473186,39.48422712933754,646,77,0.002582814335019833,,3.722397476340694,544
464,0.0762,-326.5076923076923,1.9591666666666667,3.3454281567489113,38.86211901306241,678,76,0.0026310648400723244,,3.478955007256894,758
465,0.0758,-336.87692307692305,1.9666666666666666,3.4931921331316187,39.06807866868381,663,81,0.002577778610988691,,3.636913767019667,84
466,0.0754,-296.0153846153846,1.7833333333333334,3.1186186186186187,38.129129129129126,656,75,0.002632638608335447,,3.264264264264264,174
467,0.075,-300.1692307692308,1.765,3.175738724727838,38.312597200622086,648,77,0.0025281240769779987,,3.3110419906687403,763
468,0.0745,-294.6,1.7391666666666667,3.232484076433121,38.06687898089172,620,76,0.0024523123734208185,,3.377388535031847,109
469,0.0741,-292.7538461538462,1.7341666666666666,3.1690140845070425,38.305164319248824,636,77,0.0025056328264064652,,3.3020344287949923,429
470,0.0737,-321.8307692307692,1.9216666666666666,3.1706293706293707,38.493706293706296,697,75,0.002549459787392126,,3.300699300699301,300
471,0.0733,-290.26153846153846,1.6625,2.940119760479042,37.699101796407184,654,78,0.002692211719196612,,3.062874251497006,33
472,0.0729,-328.7230769230769,1.9383333333333332,3.5135135135135136,38.631160572337045,629,76,0.002521447370207857,,3.6470588235294117,221
473,0.0725,-344.3384615384615,2.03,3.659969088098918,39.179289026275114,639,75,0.0025227991097567246,,3.811437403400309,693
474,0.0721,-317.12307692307695,1.815,3.211890243902439,38.3719512195122,653,77,0.002456124327343548,,3.3582317073170733,340
475,0.0717,-355.04615384615386,1.9658333333333333,3.3440233236151604,39.25364431486881,687,73,0.00251922229476064,,3.491253644314869,20
476,0.0713,-330.03076923076924,2.0225,3.559270516717325,39.411854103343465,663,76,0.002497132951947054,,3.689969604863222,418
477,0.0709,-309.61538461538464,1.8483333333333334,3.267080745341615,38.56521739130435,655,76,0.0026479277604220513,,3.392857142857143,296
478,0.0705,-344.29230769230765,1.8791666666666667,3.385692068429238,38.50855365474339,640,72,0.0027223361212640952,,3.5007776049766717,336
479,0.0701,-323.26153846153846,1.7916666666666667,3.1656534954407296,38.13981762917933,651,72,0.002676914932927594,,3.325227963525836,590
480,0.0697,-323.6615384615385,1.8566666666666667,3.2782071097372487,38.44049459041731,657,78,0.002801179286775783,,3.42967542503864,37
481,0.0694,-339.09230769230766,1.9191666666666667,3.4279141104294477,38.77453987730061,653,70,0.002830236999878735,,3.5475460122699385,439
482,0.069,-287.79999999999995,1.7558333333333334,3.1333333333333333,38.46356589147287,643,78,0.002678222220346566,,3.2790697674418605,598
483,0.0686,-307.3076923076923,1.935,3.354074074074074,38.75111111111111,672,82,0.0026829512039783726,,3.5125925925925925,498
484,0.0682,-315.36923076923074,1.7658333333333334,3.1152694610778444,38.6437125748503,671,78,0.002367985919106358,,3.2440119760479043,32
485,0.0678,-354.3846153846154,2.0658333333333334,3.3997194950911642,38.99438990182328,706,77,0.002364891136221674,,3.5820476858345023,49
486,0.0675,-331.4923076923077,1.8825,3.265973254086181,38.65676077265973,682,73,0.0024161694696974347,,3.4383358098068353,802
487,0.0671,-311.5076923076923,1.7908333333333333,3.1520119225037257,38.67660208643815,680,76,0.0024662831669884375,,3.302533532041729,375
488,0.0667,-371.75384615384615,2.055833333333333,3.491044776119403,38.92388059701493,678,75,0.0025589659977655775,,3.629850746268657,543
489,0.0664,-339.8,1.9291666666666667,3.277941176470588,38.78382352941176,681,78,0.0024548393005894746,,3.4441176470588237,899
490,0.066,-316.7538461538462,1.9825,3.4092261904761907,38.90029761904762,665,79,0.0024802785967883946,,3.570579494799406,832
491,0.0656,-319.55384615384617,1.9783333333333333,3.3584070796460175,38.95722713864307,668,80,0.0024854924396348617,,3.4815905743740796,595
492,0.0653,-306.4,1.8258333333333334,3.2841614906832297,38.535714285714285,651,80,0.002536895006113495,,3.4145962732919255,176
493,0.0649,-331.26153846153846,1.975,3.397626112759644,39.04451038575667,673,79,0.0025645744628690586,,3.5037037037037035,464
494,0.0645,-343.69230769230774,1.9341666666666666,3.3452380952380953,38.75,669,74,0.0024586424394811915,,3.4910714285714284,304
495,0.0642,-331.8461538461538,1.9008333333333334,3.2325925925925927,38.77777777777778,681,74,0.0024839247669618176,,3.428148148148148,82
496,0.0638,-321.78461538461545,1.77,3.1916537867078825,38.601236476043276,643,77,0.0025353059991094656,,3.3323029366306027,183
497,0.0635,-348.723076923077,1.9191666666666667,3.330383480825959,38.76401179941003,664,72,0.0024817164413484492,,3.4734513274336285,583
498,0.0631,-301.32307692307694,1.8683333333333334,3.315950920245399,38.86503067484663,650,80,0.0025772571558384176,,3.4524539877300615,728
499,0.0628,-311.44615384615383,2.0483333333333333,3.5345345345345347,38.97897897897898,667,80,0.0025849966639720123,,3.68018018018018,182
500,0.0624,-367.4307692307692,2.1708333333333334,3.645021645021645,39.36219336219336,698,76,0.002569043445033021,,3.779220779220779,208
501,0.0621,-323.9230769230769,1.9141666666666666,3.270348837209302,39.04505813953488,688,78,0.002636418254276857,,3.4113372093023258,354
502,0.0617,-326.6769230769231,1.9275,3.287856071964018,38.86056971514243,678,79,0.0027021673014246453,,3.4377811094452775,386
503,0.0614,-296.46153846153845,1.6216666666666666,2.9135220125786163,38.028301886792455,640,75,0.0024072390717577545,,3.039308176100629,1
504,0.0611,-343.6153846153846,2.0341666666666667,3.340941512125535,38.907275320970044,696,77,0.002555862907896689,,3.5249643366619114,416
505,0.0607,-304.5076923076923,1.785,3.083582089552239,38.35970149253731,677,79,0.002504316036070502,,3.2223880597014927,192
506,0.0604,-322.87692307692305,1.8933333333333333,3.332317073170732,38.609756097560975,652,77,0.002681017832367078,,3.4771341463414633,631
507,0.06,-333.4153846153846,1.8816666666666666,3.191240875912409,38.36204379562044,684,74,0.0026005781388048553,,3.31970802919708,491
508,0.0597,-306.2307692307692,1.8858333333333333,3.373065015479876,38.917956656346746,655,78,0.002850837636925568,,3.527863777089783,642
509,0.0594,-335.38461538461536,1.9341666666666666,3.4311926605504586,38.74617737003058,657,72,0.0027381673936509414,,3.54434250764526,588
510,0.0591,-333.3692307692308,1.9541666666666666,3.2707423580786026,38.67103347889374,695,80,0.0025722621035931103,,3.417151162790698,839
511,0.0587,-336.63076923076926,1.8766666666666667,3.2924242424242425,38.23939393939394,652,76,0.0026650821819951273,,3.4242424242424243,518
512,0.0584,-355.38461538461536,2.0108333333333333,3.3932748538011697,38.91081871345029,687,75,0.002698246856364611,,3.56140350877193,134
513,0.0581,-342.8461538461538,1.9441666666666666,3.2394160583941605,38.38978102189781,675,79,0.002586219662070425,,3.3927007299270073,198
514,0.0578,-320.6,1.7666666666666666,3.0444444444444443,38.53925925925926,677,77,0.0024592271183550975,,3.168888888888889,152
515,0.0574,-294.1538461538462,1.7125,3.090483619344774,38.1201248049922,634,74,0.00250963065177637,,3.218408736349454,22
516,0.0571,-294.41538461538465,1.7191666666666667,3.0535168195718656,38.047400611620795,648,76,0.00244087947466843,,3.2155963302752295,85
517,0.0568,-343.7076923076923,2.08,3.5258493353028064,39.11521418020679,684,78,0.002387250277811104,,3.655834564254062,421
518,0.0565,-348.0615384615385,1.8608333333333333,3.2893939393939395,38.377272727272725,658,68,0.0023239247050434717,,3.4393939393939394,630
519,0.0562,-338.4,1.7066666666666668,3.0960629921259843,37.9244094488189,639,70,0.002486860157410482,,3.2456692913385825,620
520,0.0559,-335.4307692307692,1.9508333333333334,3.3633633633633635,38.767267267267265,668,75,0.0025773518640905663,,3.509009009009009,755
521,0.0556,-314.52307692307687,1.9191666666666667,3.3030746705710103,38.79502196193265,684,78,0.0025862653840600124,,3.446559297218155,357
522,0.0553,-339.0923076923077,2.11,3.5433526011560694,39.328034682080926,691,79,0.002535833589371478,,3.7153179190751446,349
523,0.0549,-361.8307692307692,2.1325,3.68575624082232,39.42143906020558,672,78,0.00262723531188097,,3.828193832599119,189
524,0.0546,-293.90769230769234,1.7166666666666666,3.080246913580247,38.28086419753087,641,80,0.0028070487996165517,,3.2145061728395063,98
525,0.0543,-324.72307692307686,2.058333333333333,3.5,38.77647058823529,678,76,0.0028515880745561047,,3.6426470588235293,506
526,0.054,-320.21538461538455,1.9433333333333334,3.457757296466974,38.705069124423964,650,78,0.0025566171749963353,,3.632872503840246,844
527,0.0537,-332.0,2.0033333333333334,3.5249621785173977,38.73071104387292,663,75,0.0024579860887682845,,3.6580937972768535,528
528,0.0534,-327.81538461538463,1.9316666666666666,3.2467532467532467,38.76190476190476,692,78,0.00245022463200212,,3.400576368876081,861
529,0.0531,-309.6461538461538,1.8733333333333333,3.254135338345865,38.384962406015035,659,73,0.0024753412060068676,,3.4120300751879697,675
530,0.0529,-317.7076923076923,1.795,3.2157164869029278,38.76887519260401,651,75,0.0025009119799007263,,3.3605546995377504,866
531,0.0526,-325.76923076923083,1.8575,3.2511210762331837,38.4050822122571,660,71,0.0025282640973888697,,3.4170403587443947,402
532,0.0523,-306.95384615384614,1.8966666666666667,3.3524962178517397,38.73978819969743,650,77,0.002457987721513935,,3.5098335854765508,484
533,0.052,-338.46153846153845,2.1283333333333334,3.492917847025496,39.19405099150141,704,79,0.0024671414480789988,,3.630311614730878,287
534,0.0517,-301.3230769230769,1.9083333333333334,3.226878612716763,38.39739884393064,690,80,0.002426238748623308,,3.378612716763006,519
535,0.0514,-326.4307692307693,1.885,3.34703196347032,38.71841704718417,654,79,0.002513851002019686,,3.5007610350076104,267
536,0.0511,-327.44615384615383,1.8775,3.1808823529411763,38.622058823529414,682,76,0.0025405233920526974,,3.333823529411765,256
537,0.0508,-355.2461538461538,2.1616666666666666,3.4709944751381214,39.19613259668508,733,82,0.0025988976915386065,,3.638121546961326,862
538,0.0506,-321.21538461538466,1.7841666666666667,3.225,38.06875,631,74,0.0024321202182873256,,3.3953125,786
539,0.0503,-339.5692307692308,2.0225,3.4580265095729015,38.96759941089838,680,79,0.002400561914614445,,3.618556701030928,710
540,0.05,-306.36923076923074,1.745,3.0103703703703704,38.22814814814815,667,77,0.00245692217029633,,3.1437037037037037,731
541,0.05,-321.38461538461536,1.9925,3.5264750378214824,39.28290468986384,661,78,0.0024607020309741854,,3.6944024205748867,127
542,0.05,-331.4923076923077,1.9116666666666666,3.3536585365853657,38.81707317073171,656,77,0.0024053280711982816,,3.510670731707317,190
543,0.05,-341.36923076923074,1.9025,3.404320987654321,38.82716049382716,645,78,0.002396231460410253,,3.5254237288135593,374
544,0.05,-344.2923076923077,1.8683333333333334,3.2986425339366514,38.497737556561084,666,74,0.002356479421638518,,3.4615384615384617,863
545,0.05,-333.96923076923076,1.9775,3.4017857142857144,38.910714285714285,666,79,0.0025236514963613036,,3.5520833333333335,722
546,0.05,-329.6,1.8958333333333333,3.316265060240964,38.74698795180723,666,76,0.0024776892734264446,,3.466867469879518,107
547,0.05,-347.03076923076924,2.07,3.387726638772664,38.642956764295675,720,73,0.0024748566162536073,,3.5271966527196654,847
548,0.05,-321.6,1.915,3.3168168168168166,38.74174174174174,671,76,0.0023920678490836024,,3.490990990990991,545
549,0.05,-375.723076923077,2.1058333333333334,3.5223665223665224,38.943722943722946,700,74,0.0024451942252730107,,3.686868686868687,145
550,0.05,-301.12307692307695,1.7858333333333334,3.198142414860681,38.86532507739938,665,75,0.0024446369561525283,,3.343653250773994,194
551,0.05,-308.7846153846154,1.7308333333333332,3.1180124223602483,38.06211180124224,645,71,0.0024573253814429985,,3.2577639751552794,829
552,0.05,-296.6615384615385,1.8058333333333334,3.169207317073171,38.486280487804876,657,74,0.0026470905486554682,,3.3353658536585367,257
553,0.05,-297.61538461538464,1.8,3.2442040185471406,38.360123647604325,639,77,0.0026082157757194527,,3.4157650695517776,55
554,0.05,-323.0923076923077,1.925,3.181948424068768,38.72492836676218,700,80,0.0026797672100771107,,3.35243553008596,293
555,0.05,-332.73846153846154,1.9325,3.31437125748503,38.459580838323355,664,76,0.002455046374528104,,3.4745508982035926,737
556,0.05,-313.8461538461538,1.8075,3.3076923076923075,38.017268445839875,636,73,0.002554981920946393,,3.455259026687598,246
557,0.05,-318.86153846153843,1.82,3.1945288753799392,38.317629179331306,665,72,0.00255610896212558,,3.3662613981762917,253
558,0.05,-292.8307692307692,1.705,3.0741885625966,38.128284389489956,644,73,0.0026329379008683,,3.2179289026275115,668
559,0.05,-328.69230769230774,1.9525,3.429864253393665,38.631975867269986,662,79,0.0027145918952027025,,3.570135746606335,624
560,0.05,-330.4307692307692,1.9841666666666666,3.361794500723589,38.97250361794501,689,82,0.0027017090105779062,,3.5094066570188134,823
561,0.05,-350.2615384615385,2.12,3.517730496453901,39.11914893617021,700,80,0.0027839501791385086,,3.6926345609065154,775
562,0.05,-327.8,1.8791666666666667,3.1560693641618496,38.4378612716763,694,74,0.002630812327574098,,3.2991329479768785,816
563,0.05,-313.58461538461535,1.9375,3.4646153846153847,38.792307692307695,641,78,0.0026739468821748978,,3.6076923076923078,647
564,0.05,-366.9384615384615,2.105,3.635693215339233,39.256637168141594,679,80,0.0026485685306087766,,3.797935103244838,318
565,0.05,-282.2307692307693,1.7266666666666666,2.9923896499238967,38.050228310502284,654,74,0.0023903676236189443,,3.17351598173516,661
566,0.05,-305.9076923076923,1.7083333333333333,3.1512738853503186,38.42834394904459,629,77,0.0023776204483075326,,3.3121019108280256,781
567,0.05,-298.79999999999995,1.7375,3.1261682242990654,38.27258566978193,638,80,0.002433879558400196,,3.2523364485981308,504
568,0.05,-350.89230769230767,1.9266666666666667,3.280701754385965,38.81578947368421,688,79,0.0024105153522109334,,3.4210526315789473,592
569,0.05,-349.29230769230765,1.9133333333333333,3.269172932330827,38.73533834586466,678,76,0.0022724937996266062,,3.42406015037594,104
570,0.05,-345.6923076923076,1.9883333333333333,3.3152639087018545,38.469329529243936,700,78,0.0024138195554015323,,3.4821683309557776,446
571,0.05,-337.53846153846155,1.7808333333333333,3.068452380952381,37.87202380952381,665,66,0.0024150306271062748,,3.2574404761904763,888
572,0.05,-308.0769230769231,1.7741666666666667,3.0623145400593472,38.48367952522255,668,77,0.002468263506466014,,3.228486646884273,179
573,0.05,-325.33846153846156,1.9325,3.338345864661654,38.53533834586466,665,76,0.0024351261072580346,,3.487218045112782,39
574,0.05,-349.58461538461535,1.9333333333333333,3.355654761904762,38.473214285714285,671,71,0.0024639779095985167,,3.5044642857142856,131
575,0.05,-295.12307692307695,1.8991666666666667,3.286144578313253,38.721385542168676,659,80,0.002653962437076329,,3.4066265060240966,732
576,0.05,-355.4769230769231,2.118333333333333,3.475177304964539,39.20709219858156,710,75,0.0026876599700821975,,3.6042553191489364,534
577,0.05,-277.2307692307692,1.6958333333333333,3.0757341576506954,38.08964451313756,645,75,0.002539761837189944,,3.2612055641421946,812
578,0.05,-307.5076923076923,1.9266666666666667,3.2692867540029114,38.819505094614264,693,80,0.0024379375031242222,,3.4221251819505096,406
579,0.05,-356.53846153846155,2.1216666666666666,3.4203102961918193,38.819464033850494,701,79,0.002398243401674674,,3.602256699576869,853
580,0.05,-330.04615384615386,1.9008333333333334,3.6499162479061975,39.061976549413735,599,73,0.0022988643409735214,,3.7738693467336684,619
581,0.05,-297.30769230769226,1.785,3.098507462686567,38.1955223880597,669,77,0.002386633582346211,,3.246268656716418,121
582,0.05,-328.46153846153845,1.9583333333333333,3.346041055718475,39.03519061583578,686,78,0.002384546204307345,,3.504398826979472,394
583,0.05,-354.2615384615384,2.111666666666667,3.5513748191027497,39.12301013024602,687,76,0.0024581895445484137,,3.704775687409551,629
584,0.05,-338.8307692307692,1.8708333333333333,3.1791483113069017,38.29662261380323,686,75,0.002513187559365058,,3.292217327459618,662
585,0.05,-304.8461538461538,1.7808333333333333,3.086053412462908,38.204747774480715,666,77,0.0025976254081235563,,3.2299703264094957,469
586,0.05,-317.81538461538463,1.8783333333333334,3.2674591381872213,38.557206537890046,668,79,0.0026609100565238184,,3.427934621099554,455
587,0.05,-380.5692307692307,1.9641666666666666,3.3724035608308607,38.82047477744807,688,69,0.002736308328135165,,3.537091988130564,273
588,0.05,-313.7230769230769,1.7833333333333334,3.118361153262519,38.44309559939302,655,73,0.002755201748438771,,3.251896813353566,663
589,0.05,-333.0615384615385,1.9991666666666668,3.485074626865672,39.07910447761194,675,72,0.002890715713994076,,3.6283582089552238,535
590,0.05,-311.9230769230769,1.7991666666666666,3.142857142857143,38.245775729646695,652,77,0.002894828294698151,,3.30568356374808,764
591,0.05,-299.18461538461537,1.8008333333333333,3.136842105263158,38.35338345864662,668,77,0.002972955791737798,,3.293233082706767,495
592,0.05,-295.5230769230769,1.7791666666666666,3.2432859399684046,38.23696682464455,624,73,0.0026678533857742584,,3.3886255924170614,460
593,0.05,-306.6307692307692,1.7425,2.9530791788856305,38.14956011730205,679,78,0.0026183270082447566,,3.1114369501466275,851
594,0.05,-337.86153846153843,2.0075,3.6021840873634945,39.00468018720749,642,79,0.00240618730815141,,3.705148205928237,295
595,0.05,-351.4307692307692,1.955,3.4231354642313545,38.990867579908674,659,76,0.0024988613328979343,,3.554033485540335,130
596,0.05,-303.2307692307692,1.9008333333333334,3.472353870458136,38.78515007898894,628,76,0.002484075699694976,,3.647709320695103,865
597,0.05,-315.30769230769226,1.8758333333333332,3.1961932650073206,38.49341142020498,691,75,0.0023387714640266967,,3.323572474377745,326
598,0.05,-316.5230769230769,1.9566666666666668,3.533123028391167,39.26340694006309,640,81,0.0023964695329609727,,3.6466876971608833,748
599,0.05,-305.2769230769231,1.7275,2.9657738095238093,38.302083333333336,680,75,0.0024142400363469257,,3.0833333333333335,290
600,0.05,-336.3076923076924,1.9183333333333332,3.4365325077399382,38.9922600619195,649,81,0.0024690246718265304,,3.58359133126935,362
601,0.05,-318.1230769230769,1.8575,3.2382397572078907,38.20940819423369,654,77,0.0024697776299794187,,3.38391502276176,21
602,0.05,-316.9846153846154,2.0075,3.3629842180774747,38.385939741750356,696,77,0.0024698326264818806,,3.4992826398852226,282
603,0.05,-342.8307692307692,1.9041666666666666,3.298798798798799,38.36036036036036,666,72,0.002487050748361802,,3.445945945945946,218
604,0.05,-329.81538461538463,2.0425,3.4622093023255816,38.85029069767442,681,79,0.002535866701637279,,3.597968069666183,565
605,0.05,-330.9846153846154,1.9775,3.424924924924925,38.869369369369366,673,75,0.002632151104472243,,3.5495495495495497,292
606,0.05,-337.96923076923076,1.9183333333333332,3.4221879815100156,38.750385208012325,648,75,0.0025533357473025036,,3.5624036979969183,432
607,0.05,-342.13846153846157,2.0008333333333335,3.4142441860465116,38.88226744186046,688,72,0.002491157384773447,,3.5843023255813953,71
608,0.05,-369.04615384615386,2.11,3.5136690647482016,39.19136690647482,694,78,0.0024625669717683557,,3.6690647482014387,819
609,0.05,-364.03076923076924,1.9308333333333334,3.4852713178294574,38.93488372093023,646,75,0.0024601396048168182,,3.6186046511627907,96
610,0.05,-316.2307692307692,1.8783333333333334,3.2861400894187778,38.57228017883756,673,80,0.002459587804220509,,3.406855439642325,220
611,0.05,-305.476923076923,1.7975,3.1283582089552238,38.37761194029851,669,76,0.0025014501118156476,,3.2701492537313435,450
612,0.05,-346.6153846153846,2.0325,3.402857142857143,39.00857142857143,704,73,0.0024478179691073774,,3.55,177
613,0.05,-322.3076923076923,1.7883333333333333,3.1609538002980626,38.34724292101341,656,76,0.0024725644356146767,,3.3204172876304026,277
614,0.05,-313.0769230769231,1.7533333333333334,2.976435935198822,37.88365243004418,675,71,0.0024622191334930338,,3.1443298969072164,499
615,0.05,-343.7384615384616,1.9575,3.4238310708898942,38.755656108597286,661,72,0.0024412641155502138,,3.555052790346908,538
616,0.05,-343.04615384615386,1.8683333333333334,3.338485316846986,38.26429675425039,647,75,0.0025303706400221955,,3.460587326120556,215
617,0.05,-314.2615384615384,1.8691666666666666,3.2617246596066565,38.61422087745839,665,75,0.0025723520487859674,,3.3746223564954683,745
618,0.05,-330.2,1.8525,3.280431432973806,38.779661016949156,655,75,0.00254052984307377,,3.4191063174114023,776
619,0.05,-339.6769230769231,2.129166666666667,3.629197080291971,39.416058394160586,687,79,0.0026005547528760073,,3.7795620437956203,222
620,0.05,-359.67692307692306,2.015833333333333,3.386396526772793,38.878437047756876,695,75,0.002660991480570186,,3.523878437047757,411
621,0.05,-307.723076923077,1.8091666666666666,3.164424514200299,38.431988041853515,665,75,0.00261788903194754,,3.294469357249626,199
622,0.05,-322.3384615384615,1.9083333333333334,3.1631205673758864,39.05957446808511,702,79,0.0025688214469370063,,3.3404255319148937,415
623,0.05,-364.2615384615384,1.9341666666666666,3.496904024767802,38.4938080495356,646,73,0.002739648794441036,,3.613003095975232,562
624,0.05,-331.0,1.8825,3.2940298507462686,38.644776119402984,674,74,0.002732818137524927,,3.417910447761194,825
625,0.05,-298.86153846153843,1.8366666666666667,3.2183734939759034,38.09036144578313,659,75,0.002670372044804795,,3.3765060240963853,733
626,0.05,-343.3538461538461,1.9966666666666666,3.3744493392070485,38.98384728340675,685,75,0.002624974465594416,,3.537444933920705,141
627,0.05,-387.2307692307693,2.2183333333333333,3.692857142857143,39.16428571428571,693,78,0.0026211843584735667,,3.8388017118402282,576
628,0.05,-338.6,2.006666666666667,3.5611620795107033,39.06574923547401,659,74,0.002556374945655896,,3.7206106870229005,440
629,0.05,-327.84615384615387,1.8466666666666667,3.311912225705329,38.658307210031346,645,76,0.002522122155938348,,3.4326018808777428,502
630,0.05,-337.63076923076926,1.9216666666666666,3.3207261724659607,38.53706505295008,653,77,0.0025487305551057616,,3.4553706505295008,181
631,0.05,-329.9230769230769,1.9,3.208092485549133,38.67341040462428,698,77,0.002541311523685263,,3.351156069364162,209
632,0.05,-317.69230769230774,1.8108333333333333,3.141384388807069,38.30780559646539,671,74,0.0026607649383333875,,3.2901325478645065,704
633,0.05,-319.8769230769231,1.9358333333333333,3.520376175548589,38.85109717868338,634,76,0.0026917014860658567,,3.683385579937304,245
634,0.05,-341.2,1.9658333333333333,3.3893805309734515,39.097345132743364,684,75,0.002639997394809055,,3.5014749262536875,392
635,0.05,-302.72307692307686,1.7975,3.1426403641881637,38.435508345978754,659,78,0.0027165656763072582,,3.2954545454545454,313
636,0.05,-350.2769230769231,2.0075,3.506787330316742,38.30769230769231,648,73,0.0027203268949132207,,3.6425339366515836,869
637,0.05,-298.2461538461539,1.8466666666666667,3.0684736091298146,38.39087018544936,700,76,0.0026318909088751006,,3.223965763195435,91
638,0.05,-323.95384615384614,1.7908333333333333,3.2372093023255815,38.716279069767445,647,76,0.002660282928871783,,3.4046511627906977,88
639,0.05,-320.32307692307694,1.9008333333333334,3.2049418604651163,38.905523255813954,687,81,0.002727820118151258,,3.3415697674418605,572
640,0.05,-329.2153846153846,1.8933333333333333,3.424382716049383,38.81944444444444,651,74,0.002629895802861193,,3.575617283950617,821
641,0.05,-324.66153846153844,1.8625,3.2687687687687688,38.686186186186184,668,77,0.002680070350510296,,3.4129129129129128,692
642,0.05,-330.61538461538464,2.0408333333333335,3.3403954802259888,38.99717514124294,705,79,0.0026133238479545203,,3.483050847457627,486
643,0.05,-324.4153846153846,1.9408333333333334,3.296943231441048,38.89519650655022,688,79,0.002546974122653317,,3.4439592430858808,66
644,0.05,-331.16923076923075,2.055,3.3590844062947065,39.19599427753934,699,79,0.002518559289710499,,3.48068669527897,310
645,0.05,-345.2307692307693,1.9191666666666667,3.5377358490566038,38.674528301886795,637,71,0.0025267714516918243,,3.6776729559748427,409
646,0.05,-319.0615384615384,1.9225,3.3663663663663663,38.63513513513514,664,78,0.0025085028899460684,,3.5,226
647,0.05,-314.89230769230767,1.8391666666666666,3.217522658610272,38.735649546827794,667,80,0.0024994711991547956,,3.3549848942598186,461
648,0.05,-335.12307692307695,1.8191666666666666,3.2246153846153844,38.69846153846154,646,74,0.002521520016865106,,3.3615384615384616,835
649,0.05,-301.4307692307692,1.755,3.0851063829787235,38.2629179331307,653,79,0.002552015358766015,,3.208206686930091,441
650,0.05,-365.6923076923077,2.105,3.4776978417266187,39.01870503597122,708,76,0.0024501981757887406,,3.650359712230216,248
651,0.05,-350.0769230769231,2.0858333333333334,3.5647058823529414,39.15,680,78,0.002422816593855734,,3.7058823529411766,187
652,0.05,-326.13846153846157,1.8908333333333334,3.2463343108504397,38.76392961876833,685,74,0.0024303729750096816,,3.3870967741935485,849
653,0.05,-328.61538461538464,1.8616666666666666,3.2248875562218893,38.68215892053973,660,78,0.0023864444569922354,,3.340329835082459,135
654,0.05,-335.38461538461536,1.9225,3.392156862745098,38.7315233785822,658,74,0.002418965330451623,,3.5279034690799396,117
655,0.05,-319.76923076923083,1.7025,3.006088280060883,37.80669710806697,659,74,0.002398329103763564,,3.1689497716894977,327
656,0.05,-337.04615384615386,2.0525,3.497784342688331,38.915805022156576,679,72,0.0024763831207075316,,3.6454948301329395,353
657,0.05,-336.5692307692308,1.9708333333333334,3.287157287157287,38.84415584415584,689,77,0.0027604380585967555,,3.45021645021645,613
658,0.05,-357.6923076923077,2.118333333333333,3.6061493411420207,39.03221083455344,677,79,0.0028299640144521816,,3.759882869692533,867
659,0.05,-295.84615384615387,1.7325,3.1737089201877935,38.40532081377152,641,77,0.0027151288446684418,,3.2863849765258215,723
660,0.05,-335.30769230769226,1.875,3.3596899224806203,38.63720930232558,653,78,0.002750644741944302,,3.4852713178294574,70
661,0.05,-329.53846153846155,1.9358333333333333,3.4190620272314676,38.57791225416036,661,73,0.002609352389140209,,3.558245083207262,870
662,0.05,-315.6,1.825,3.2286585365853657,38.1234756097561,657,68,0.0025136824814475244,,3.3658536585365852,275
663,0.05,-335.4769230769231,1.96,3.4667673716012084,38.91540785498489,667,77,0.0024497067319930173,,3.604229607250755,805
664,0.05,-301.13846153846157,1.6258333333333332,3.0126582278481013,37.88132911392405,631,74,0.002467469355416422,,3.1598101265822787,384
665,0.05,-331.26153846153846,1.7291666666666667,3.0877742946708464,38.44670846394985,648,72,0.0025485065844067633,,3.2100313479623823,19
666,0.05,-369.7692307692308,2.085,3.5731166912850814,39.16691285081241,691,73,0.0026349640909415105,,3.7104874446085674,419
667,0.05,-325.3846153846154,1.8266666666666667,3.106038291605302,38.17378497790869,687,71,0.002686680398456945,,3.240058910162003,383
668,0.05,-296.4153846153846,1.8708333333333333,3.219402985074627,38.801492537313436,672,81,0.002675617796171209,,3.3447761194029852,604
669,0.05,-320.20000000000005,1.985,3.471841704718417,38.925418569254184,652,77,0.0025851677486434647,,3.610350076103501,838
670,0.05,-333.5230769230769,1.985,3.5099236641221374,38.82748091603053,654,71,0.002537648202290199,,3.650381679389313,759
671,0.05,-338.1538461538462,2.033333333333333,3.448175182481752,38.89051094890511,682,79,0.002569396488018717,,3.58978102189781,800
672,0.05,-326.9230769230769,1.885,3.2353801169590644,38.43421052631579,673,80,0.0025025377001015054,,3.3830409356725144,610
673,0.05,-324.0769230769231,1.8275,3.19311377245509,38.76646706586826,667,77,0.002573737337335643,,3.342814371257485,770
674,0.05,-322.87692307692305,1.8833333333333333,3.2419354838709675,38.37096774193548,678,78,0.00259994932663055,,3.3914956011730206,381
675,0.05,-366.5692307692308,2.0733333333333333,3.5686567164179106,39.08358208955224,671,74,0.0026896982248710006,,3.7328358208955223,846
676,0.05,-341.5230769230769,1.9783333333333333,3.431111111111111,38.95851851851852,676,75,0.0029087447589177333,,3.585185185185185,385
677,0.05,-332.8307692307692,2.1108333333333333,3.563953488372093,39.17151162790697,686,80,0.0027311026821825023,,3.7122093023255816,666
678,0.05,-303.24615384615385,1.8891666666666667,3.3353474320241694,38.62235649546828,652,77,0.0027314598870835263,,3.4561933534743203,742
679,0.05,-368.8461538461538,2.0675,3.423242467718795,38.571018651362984,694,72,0.0026192707335787255,,3.5716332378223496,678
680,0.05,-356.18461538461537,2.1591666666666667,3.5815602836879434,39.11631205673759,705,76,0.002523577702922425,,3.746099290780142,322
681,0.05,-349.6307692307692,2.0083333333333333,3.362555720653789,38.725111441307575,692,75,0.0023648484419824694,,3.537890044576523,175
682,0.05,-304.96923076923076,1.7741666666666667,3.1604938271604937,38.49074074074074,651,79,0.002381282495960626,,3.308641975308642,815
683,0.05,-339.4923076923077,2.013333333333333,3.3723252496433664,38.99286733238231,701,79,0.002379842605248065,,3.5135520684736092,363
684,0.05,-335.0153846153846,1.9,3.3135215453194653,38.51263001485884,678,73,0.0023690934101881704,,3.4576523031203568,38
685,0.05,-352.4153846153846,2.1625,3.550070521861777,39.30888575458392,717,78,0.0024027585924664327,,3.703808180535966,720
686,0.05,-287.46153846153845,1.7091666666666667,3.074418604651163,38.051162790697674,638,74,0.0024491680007138693,,3.2155038759689925,480
687,0.05,-322.89230769230767,1.9275,3.31437125748503,38.88922155688623,666,79,0.002496184129119407,,3.495508982035928,395
688,0.05,-282.2769230769231,1.7833333333333334,3.1558245083207264,38.304084720121025,659,80,0.0025388695728239988,,3.296520423600605,774
689,0.05,-320.53846153846155,1.8308333333333333,3.0689655172413794,38.2816091954023,695,72,0.002374653464963223,,3.2270114942528734,810
690,0.05,-341.87692307692305,1.8708333333333333,3.2709580838323356,38.17065868263473,665,72,0.002276730566824167,,3.4161676646706587,247
691,0.05,-323.1384615384615,1.8566666666666667,3.2195845697329375,38.09347181008902,661,76,0.0023907415418924992,,3.3827893175074184,123
692,0.05,-332.44615384615383,1.9316666666666666,3.491472868217054,38.928682170542636,643,73,0.0024324885731786426,,3.6527131782945736,97
693,0.05,-341.20000000000005,1.8658333333333332,3.268882175226586,38.409365558912384,665,72,0.0023957469233521463,,3.392749244712991,573
694,0.05,-325.70769230769235,1.8841666666666668,3.183406113537118,38.47161572052402,697,71,0.0023378369618591854,,3.339155749636099,739
695,0.05,-333.8,1.96,3.456752655538695,38.93626707132018,655,76,0.002411890836495024,,3.5918057663125946,817
696,0.05,-319.2153846153846,1.8441666666666667,3.2137518684603887,38.69357249626308,673,74,0.0024489775051317426,,3.3572496263079223,35
697,0.05,-361.70769230769235,2.0625,3.4598853868194843,39.289398280802295,708,75,0.002708307596655389,,3.5845272206303727,341
698,0.05,-318.276923076923,1.83,3.226502311248074,38.44684129429892,649,77,0.002651124707597976,,3.3713405238828966,396
699,0.05,-334.0,2.013333333333333,3.446376811594203,38.5231884057971,673,73,0.002652418806124295,,3.6202898550724636,128
700,0.05,-318.63076923076926,1.8691666666666666,3.2205882352941178,38.05441176470588,671,72,0.0025871159879375166,,3.3720588235294118,445
701,0.05,-347.0769230769231,1.9241666666666666,3.3031674208144794,38.5972850678733,665,74,0.0026113976889899078,,3.434389140271493,36
702,0.05,-354.9076923076923,2.1966666666666668,3.700440528634361,39.26138032305433,667,81,0.002523771666110144,,3.8443465491923643,655
703,0.05,-347.89230769230767,2.0566666666666666,3.449339207048458,39.19089574155653,690,74,0.002556143727596961,,3.5859030837004404,797
704,0.05,-322.9230769230769,1.7575,3.1545595054095825,38.139103554868626,654,71,0.0024757205729886663,,3.3183925811437405,878
705,0.05,-303.73846153846154,1.7383333333333333,3.1358609794628753,37.985781990521325,636,76,0.002541430731459861,,3.251184834123223,684
706,0.05,-374.24615384615385,2.089166666666667,3.474285714285714,38.90428571428571,693,73,0.0025579808567767473,,3.6228571428571428,202
707,0.05,-289.03076923076924,1.635,2.9305555555555554,38.12808641975309,639,75,0.0023008638559898695,,3.067901234567901,785
708,0.05,-338.80000000000007,1.9758333333333333,3.367435158501441,38.805475504322764,697,79,0.0023466464042709,,3.4985590778097984,93
709,0.05,-346.2307692307692,1.9991666666666668,3.556240369799692,38.95069337442219,652,72,0.002310087728857672,,3.6733436055469952,99
710,0.05,-356.6461538461539,2.0341666666666667,3.3505007153075823,38.71387696709585,696,71,0.0023424350952838753,,3.5107296137339055,0
711,0.05,-349.86153846153843,2.004166666666667,3.4764795144157814,38.65098634294385,663,73,0.0023984245175817606,,3.621212121212121,243
712,0.05,-356.73846153846154,2.0008333333333335,3.3473227206946454,38.813314037626625,680,75,0.0024257644339195257,,3.4862518089725034,549
713,0.05,-314.2307692307692,1.83,3.3476874003189794,38.83891547049442,627,77,0.002326850487385071,,3.4976076555023923,25
714,0.05,-344.9076923076923,1.9866666666666666,3.2924393723252496,38.44793152639087,700,74,0.0023785690064055754,,3.4151212553495007,438
715,0.05,-318.87692307692305,1.9125,3.2801161103047893,38.9854862119013,681,81,0.0024020934712572655,,3.436865021770682,114
716,0.05,-303.5076923076923,1.7366666666666666,3.025993883792049,37.666666666666664,648,76,0.002407445193864645,,3.1559633027522938,473
717,0.05,-301.5230769230769,1.7241666666666666,3.1328125,38.390625,642,77,0.0024485726566838063,,3.2734375,857
718,0.05,-329.4923076923077,1.9025,3.228862973760933,38.170553935860056,678,73,0.0024778478848880036,,3.380466472303207,627
719,0.05,-299.4,1.725,3.150387596899225,38.31782945736434,645,77,0.0023672302057447608,,3.2863777089783284,864
720,0.05,-357.9230769230769,2.0125,3.3502906976744184,38.49563953488372,692,79,0.0024649435440294875,,3.502906976744186,571
721,0.05,-371.63076923076926,2.035833333333333,3.4571005917159763,38.34615384615385,669,73,0.0024492830410055362,,3.6094674556213016,274
722,0.05,-294.5538461538461,1.7083333333333333,2.9278350515463916,38.16936671575847,678,73,0.0026005974406950383,,3.111764705882353,831
723,0.05,-320.4,1.7975,3.1506024096385543,38.17620481927711,668,75,0.0023919756949962972,,3.3147590361445785,476
724,0.05,-315.66153846153844,1.8191666666666666,3.18693009118541,38.472644376899694,664,76,0.0024699529818412104,,3.31306990881459,673
725,0.05,-334.6461538461539,1.8416666666666666,3.1363636363636362,38.18181818181818,686,72,0.0024379974336132763,,3.2844574780058653,765
726,0.05,-341.8461538461538,1.8583333333333334,3.1778774289985052,38.399103139013455,670,72,0.002395725897880774,,3.3168908819133036,691
727,0.05,-316.20000000000005,1.6733333333333333,3.015576323987539,38.33177570093458,642,76,0.0022904311814599195,,3.155763239875389,741
728,0.05,-340.26153846153846,1.895,3.4052795031055902,38.9472049689441,644,75,0.0022910925097549472,,3.548136645962733,517
729,0.05,-341.6461538461539,1.8725,3.1847507331378297,38.146627565982406,689,71,0.002444318304801862,,3.3255131964809386,644
730,0.05,-301.1692307692308,1.8416666666666666,3.2177177177177176,38.11561561561562,671,77,0.0023088953203481903,,3.3538230884557723,698
731,0.05,-288.03076923076924,1.7125,3.1150855365474337,38.317262830482115,647,78,0.002364081033496954,,3.276827371695179,738
732,0.05,-314.2,1.87,3.2142857142857144,38.388392857142854,669,81,0.00241433850569944,,3.3720238095238093,356
733,0.05,-338.46153846153845,1.925,3.236574746008708,38.924528301886795,691,76,0.002433961819345241,,3.3686502177068216,594
734,0.05,-308.95384615384614,1.8775,3.122159090909091,38.29545454545455,698,74,0.0023527183172754092,,3.257102272727273,404
735,0.05,-331.44615384615383,2.03,3.4801762114537445,39.04111600587372,683,76,0.002395703698266607,,3.6363636363636362,475
736,0.05,-345.4153846153846,2.07,3.417503586800574,38.998565279770446,702,77,0.002474412030151599,,3.562410329985653,601
737,0.05,-359.20000000000005,2.0316666666666667,3.4529411764705884,38.627941176470586,678,72,0.0023899048773858905,,3.5941176470588236,671
738,0.05,-336.8769230769231,1.8825,3.23688155922039,38.28635682158921,669,68,0.002529195284992442,,3.3583208395802098,116
739,0.05,-310.2615384615385,1.7208333333333334,3.109567901234568,37.839506172839506,648,75,0.0025679537824046792,,3.243827160493827,686
740,0.05,-339.23076923076917,2.015833333333333,3.591962905718702,39.030911901081915,657,79,0.002443508440449069,,3.7573415765069553,458
741,0.05,-350.46153846153845,2.005,3.5307692307692307,38.93538461538461,651,77,0.002490370672083842,,3.664615384615385,579
742,0.05,-300.32307692307694,1.8125,3.1164179104477614,38.170149253731346,670,74,0.0026240344905337338,,3.237313432835821,241
743,0.05,-318.6,1.8866666666666667,3.318862275449102,38.51197604790419,668,75,0.0025087275439770605,,3.4708520179372195,236
744,0.05,-334.0153846153846,1.9175,3.3248120300751878,38.418045112781954,669,73,0.002438020215876016,,3.4721804511278194,74
745,0.05,-351.27692307692314,2.0233333333333334,3.394812680115274,38.5821325648415,699,73,0.002427205235065814,,3.5446685878962536,625
746,0.05,-310.6615384615385,1.8475,3.296923076923077,38.56307692307692,646,76,0.0023576639172927494,,3.4507692307692306,463
747,0.05,-312.67692307692306,1.8583333333333334,3.1880597014925374,38.44776119402985,671,75,0.0023933541178241197,,3.3417910447761194,468
748,0.05,-307.5846153846154,1.875,3.1823529411764704,38.629411764705885,674,73,0.0025070489552403465,,3.3794117647058823,139
749,0.05,-338.21538461538466,1.9725,3.35,38.438235294117646,679,75,0.0025964113838795456,,3.5212922173274595,459
750,0.05,-307.70769230769235,1.7391666666666667,3.115740740740741,37.89969135802469,647,72,0.0026776026167986957,,3.2700617283950617,442
751,0.05,-304.9846153846154,1.7683333333333333,3.2299212598425195,38.29763779527559,636,77,0.0025804107700623568,,3.3858267716535435,833
752,0.05,-306.1692307692308,1.8208333333333333,3.197289156626506,38.375,663,74,0.0025553602883280338,,3.341867469879518,593
753,0.05,-310.73846153846154,1.8866666666666667,3.1666666666666665,38.39655172413793,692,77,0.002521700239877333,,3.295977011494253,136
754,0.05,-337.07692307692304,1.8466666666666667,3.25,38.37957317073171,660,72,0.002436495903786482,,3.423780487804878,773
755,0.05,-325.2307692307692,1.795,3.1152694610778444,38.43712574850299,668,72,0.0024680905531123355,,3.2664670658682633,122
756,0.05,-340.89230769230767,2.0791666666666666,3.4492131616595136,38.89413447782547,703,76,0.0023719808579419368,,3.5822603719599426,278
757,0.05,-331.89230769230767,2.0125,3.3375886524822693,38.843971631205676,694,74,0.0022695745245039953,,3.4709219858156026,115
758,0.05,-327.7538461538462,1.8358333333333334,3.1661676646706587,38.35179640718563,667,78,0.0023289156722784633,,3.342814371257485,95
759,0.05,-373.36923076923074,2.0316666666666667,3.3880813953488373,38.46511627906977,688,73,0.002421323849456875,,3.5261627906976742,437
760,0.05,-326.8923076923077,1.8625,3.195588235294118,38.5735294117647,669,75,0.0024554494694970144,,3.333823529411765,41
761,0.05,-332.33846153846156,1.9258333333333333,3.3474962063732927,38.35660091047041,649,71,0.0024464054690643143,,3.511380880121396,48
762,0.05,-358.4153846153846,2.035833333333333,3.5491679273827534,38.73071104387292,667,75,0.0024685716437911863,,3.6717095310136156,163
763,0.05,-346.18461538461537,1.8725,3.200589970501475,38.11504424778761,678,71,0.002333403052037386,,3.3628318584070795,138
764,0.05,-320.7692307692308,1.8808333333333334,3.3251533742331287,38.219325153374236,655,78,0.0022686254514763136,,3.4923312883435584,454
765,0.05,-335.9230769230769,1.8233333333333333,3.218045112781955,38.473684210526315,659,77,0.00253061316063165,,3.3789473684210525,581
766,0.05,-362.69230769230774,2.1233333333333335,3.6279761904761907,38.85267857142857,670,75,0.00251161833371009,,3.7574404761904763,9
767,0.05,-301.0769230769231,1.8075,3.0802377414561666,38.315007429420504,674,76,0.0025617497051331505,,3.2255192878338277,57
768,0.05,-341.4153846153846,1.8833333333333333,3.4141732283464568,38.29291338582677,631,72,0.002515999695368134,,3.546456692913386,205
769,0.05,-331.3692307692308,1.8633333333333333,3.13953488372093,38.29505813953488,683,75,0.0024533684647856974,,3.2790697674418605,713
770,0.05,-352.12307692307695,1.995,3.3869565217391306,38.68115942028985,686,78,0.002432806850026184,,3.5072463768115942,56
771,0.05,-335.5230769230769,1.7733333333333334,3.1173780487804876,38.37957317073171,647,78,0.0024561662535041782,,3.25,302
772,0.05,-310.4153846153846,1.7583333333333333,3.025185185185185,38.24888888888889,677,74,0.0022947682082360746,,3.1466666666666665,307
773,0.05,-311.7230769230769,1.7416666666666667,3.2717041800643085,38.20900321543408,622,73,0.002199620993179198,,3.40032154340836,297
774,0.05,-298.4307692307692,1.8083333333333333,3.157185628742515,38.8248502994012,672,73,0.002337877605210685,,3.305389221556886,140
775,0.05,-319.723076923077,1.8683333333333334,3.2848392036753444,38.32618683001532,652,75,0.00239265988114925,,3.42572741194487,795
776,0.05,-329.0615384615384,1.9583333333333333,3.3869499241274656,38.64339908952959,660,78,0.0025114810890351446,,3.496206373292868,521
777,0.05,-290.4307692307692,1.6316666666666666,2.881996974281392,38.21482602118003,653,75,0.00250806639530622,,3.02571860816944,17
778,0.05,-309.12307692307695,1.7708333333333333,3.2583201267828845,38.74009508716323,633,74,0.0024251351583876543,,3.386687797147385,494
779,0.05,-378.32307692307694,2.185,3.695778748180495,39.704512372634646,695,78,0.002540857312894318,,3.8253275109170306,31
780,0.05,-321.30769230769226,1.895,3.1991150442477876,38.942477876106196,684,83,0.0025005072105390015,,3.3348082595870205,147
781,0.05,-320.29230769230765,2.0016666666666665,3.6551724137931036,39.324451410658305,638,78,0.002600604970305806,,3.802507836990596,680
782,0.05,-337.9846153846154,1.8875,3.353846153846154,38.50615384615384,652,72,0.002542962708957136,,3.496923076923077,30
783,0.05,-301.63076923076926,1.73,3.084226646248086,38.25267993874426,654,74,0.002756147311916069,,3.22052067381317,567
784,0.05,-331.3076923076923,1.82,3.188340807174888,38.29745889387145,671,75,0.0026235469595073386,,3.319880418535127,470
785,0.05,-301.78461538461545,1.7975,3.144560357675112,38.357675111773474,669,78,0.0024726939337072445,,3.2950819672131146,514
786,0.05,-320.2615384615385,1.8058333333333334,3.2033898305084745,38.229583975346685,649,75,0.0023772104774412947,,3.3312788906009243,101
787,0.05,-322.55384615384617,1.81,3.337042925278219,38.66613672496025,633,72,0.002317643789122394,,3.491255961844197,331
788,0.05,-328.96923076923076,1.805,3.172465960665658,38.7125567322239,665,74,0.0023773580699566845,,3.335854765506808,15
789,0.05,-312.1846153846154,1.9225,3.307121661721068,38.85608308605341,665,76,0.002294013259022383,,3.4391691394658754,456
790,0.05,-365.1076923076923,1.9491666666666667,3.3808823529411764,38.59705882352941,683,67,0.0023662777087867523,,3.585294117647059,652
791,0.05,-356.4769230769231,2.0516666666666667,3.45203488372093,38.81976744186046,692,76,0.002287379240985027,,3.613372093023256,159
792,0.05,-353.58461538461535,1.9491666666666667,3.410179640718563,38.84431137724551,666,73,0.0023505795128924947,,3.56437125748503,191
793,0.05,-336.96923076923076,1.9241666666666666,3.246696035242291,38.19383259911894,682,75,0.002314832148544238,,3.37683284457478,110
794,0.05,-314.89230769230767,1.9591666666666667,3.3878787878787877,38.97121212121212,671,76,0.002410350635360001,,3.4984848484848485,507
795,0.05,-327.7692307692307,1.81,3.2642089093701996,38.043010752688176,645,72,0.002441393974589305,,3.425499231950845,178
796,0.05,-316.0923076923077,1.8116666666666668,3.275430359937402,38.32394366197183,639,70,0.0024332168088756134,,3.4131455399061035,707
797,0.05,-363.7538461538462,1.9933333333333334,3.3859649122807016,38.69590643274854,687,71,0.0024069355134010584,,3.5292397660818713,580
798,0.05,-330.9076923076923,1.8558333333333332,3.2921875,38.7203125,647,76,0.0026532202550179343,,3.4328125,709
799,0.05,-320.9230769230769,1.9116666666666666,3.3108728943338437,39.044410413476264,671,79,0.0026629022358914257,,3.447166921898928,254
800,0.05,-327.46153846153845,2.0675,3.5659259259259257,39.19555555555556,669,78,0.002697937144303428,,3.731851851851852,515
801,0.05,-347.6615384615384,1.95,3.338150289017341,38.73554913294798,687,75,0.0024502126862548895,,3.520231213872832,405
802,0.05,-316.0923076923077,1.865,3.235294117647059,38.71493212669683,667,79,0.0025240317894289067,,3.3710407239819005,771
803,0.05,-341.90769230769234,2.191666666666667,3.803921568627451,39.425339366515836,664,79,0.0026191763984332243,,3.9548192771084336,578
804,0.05,-291.6153846153846,1.8266666666666667,3.2045112781954885,38.28270676691729,656,78,0.0025160674403573754,,3.3729323308270676,767
805,0.05,-302.18461538461537,1.7725,3.1823802163833075,38.79752704791345,646,80,0.0024433934141878484,,3.3183925811437405,591
806,0.05,-285.87692307692305,1.6683333333333332,3.0624,37.8112,612,74,0.002429713111236379,,3.2048,751
807,0.05,-316.8461538461538,1.7883333333333333,3.0232558139534884,38.536337209302324,697,77,0.0024607898574052177,,3.1627906976744184,703
808,0.05,-336.1230769230769,1.925,3.2220630372492836,38.49856733524355,698,75,0.0023254233402373718,,3.3925501432664755,840
809,0.05,-332.12307692307695,1.9216666666666666,3.303892215568862,38.48353293413174,669,73,0.0023189542905446042,,3.4865269461077846,768
810,0.05,-332.33846153846156,1.8408333333333333,3.1752577319587627,38.22680412371134,682,75,0.0025036327398260142,,3.3063328424153164,315
811,0.05,-318.03076923076924,1.89,3.361963190184049,38.88803680981595,655,78,0.0025963901279215922,,3.521472392638037,430
812,0.05,-325.4153846153846,1.8591666666666666,3.240768094534712,38.587887740029544,675,75,0.0027582308820580798,,3.350073855243722,852
813,0.05,-337.53846153846155,2.07,3.4615384615384617,39.04415954415954,697,76,0.0025810226506680287,,3.663817663817664,78
814,0.05,-339.0461538461538,2.0658333333333334,3.356741573033708,38.67977528089887,706,74,0.0025693439900921528,,3.509831460674157,836
815,0.05,-305.13846153846157,1.8341666666666667,3.3984126984126983,38.593650793650795,624,79,0.0025560379407004435,,3.5285714285714285,422
816,0.05,-335.0769230769231,2.0341666666666667,3.5605381165919283,39.3288490284006,666,79,0.002600996330987882,,3.689088191330344,687
817,0.05,-300.95384615384614,1.6766666666666667,3.1781045751633985,38.583333333333336,613,78,0.0025690037649705242,,3.3251633986928106,203
818,0.05,-336.0769230769231,2.0233333333333334,3.5014880952380953,38.976190476190474,676,75,0.0026017941046515645,,3.6726190476190474,876
819,0.05,-311.5230769230769,1.855,3.2953125,38.9421875,646,79,0.002689307606263082,,3.4453125,90
820,0.05,-307.3538461538461,1.7033333333333334,2.9534534534534536,37.83483483483484,669,70,0.0025538262897608953,,3.1096096096096097,754
821,0.05,-332.4307692307693,1.8925,3.2790346907993966,38.627450980392155,662,73,0.0026185393243684,,3.455505279034691,556
822,0.05,-309.26153846153846,1.8283333333333334,3.3879173290937996,38.43402225755167,638,73,0.002466061987942814,,3.538950715421304,154
823,0.05,-321.9538461538462,1.8083333333333333,3.108308605341246,38.00741839762611,672,73,0.0024972701459814303,,3.234421364985163,358
824,0.05,-293.96923076923076,1.6233333333333333,2.971608832807571,38.08832807570978,635,74,0.0024883791104019907,,3.1214511041009465,516
825,0.05,-335.4,1.9283333333333332,3.2333333333333334,38.38840579710145,686,73,0.002659246320041102,,3.4161849710982657,47
826,0.05,-316.3538461538462,1.75,3.1129518072289155,38.3644578313253,663,68,0.002507957061365538,,3.283132530120482,487
827,0.05,-316.86153846153843,1.8241666666666667,3.1336336336336337,38.109609609609606,670,75,0.002534621212057453,,3.2687687687687688,285
828,0.05,-299.53846153846143,1.72,3.0346385542168677,37.90963855421687,658,75,0.002492578314620284,,3.1882530120481927,195
829,0.05,-364.95384615384614,1.9491666666666667,3.497645211930926,38.175824175824175,636,70,0.0023062882808711173,,3.634222919937206,637
830,0.05,-353.4153846153846,2.058333333333333,3.489146164978292,38.93198263386397,693,75,0.0024853819294253254,,3.654124457308249,305
831,0.05,-323.2923076923077,1.7616666666666667,3.159126365054602,37.939157566302654,642,70,0.002391920559229666,,3.2757009345794392,889
832,0.05,-306.5692307692308,1.875,3.291021671826625,38.48142414860681,643,77,0.00246159563843779,,3.426584234930448,761
833,0.05,-330.5846153846154,1.8233333333333333,3.1445966514459665,38.70928462709285,669,76,0.0025129305369680686,,3.2572298325722984,607
834,0.05,-349.24615384615385,2.0766666666666667,3.5733532934131738,39.09431137724551,672,74,0.002434792648511601,,3.748502994011976,10
835,0.05,-325.9384615384615,1.9483333333333333,3.360413589364845,38.79615952732644,682,73,0.0023979233324764406,,3.5406203840472674,898
836,0.05,-345.5692307692308,2.08,3.5021707670043414,39.04052098408104,700,76,0.0024305054871355367,,3.65123010130246,157
837,0.05,-318.29230769230765,1.9058333333333333,3.3146233382570163,38.51698670605613,671,76,0.0024091066830234675,,3.4557522123893807,725
838,0.05,-307.8153846153846,1.8225,3.2065217391304346,38.37267080745342,643,77,0.0023260576211131933,,3.3447204968944098,858
839,0.05,-324.03076923076924,1.9091666666666667,3.295625942684766,38.22775263951735,666,73,0.0023607514146345935,,3.4328808446455503,550
840,0.05,-350.33846153846156,1.9933333333333334,3.3142037302725966,38.555236728837876,693,75,0.002389456258034092,,3.45480631276901,873
841,0.05,-338.53846153846155,2.075833333333333,3.6308623298033282,39.273827534039334,669,81,0.002491249687659537,,3.7794561933534743,696
842,0.05,-362.7846153846154,2.0516666666666667,3.3594864479315265,38.951497860199716,704,78,0.0025726804567435787,,3.5206847360912983,76
843,0.05,-322.5692307692308,1.8958333333333333,3.4215384615384616,38.173846153846156,631,72,0.0025128151200730416,,3.5538461538461537,311
844,0.05,-318.53846153846155,1.9325,3.2890855457227137,38.703539823008846,672,81,0.002603634921980232,,3.4070796460176993,350
845,0.05,-331.29230769230765,1.9075,3.423312883435583,38.96319018404908,661,80,0.0025222525349049315,,3.5521472392638036,417
846,0.05,-295.0615384615385,1.6158333333333332,2.968454258675079,37.67507886435331,631,73,0.0025538718779081217,,3.094488188976378,807
847,0.05,-327.32307692307694,1.8883333333333334,3.250741839762611,38.425816023738875,668,75,0.0024380427125016303,,3.408011869436202,855
848,0.05,-330.03076923076924,1.8741666666666668,3.2430453879941434,38.96046852122987,677,79,0.0024035523224935776,,3.3601756954612005,639
849,0.05,-358.46153846153845,2.1191666666666666,3.7261724659606656,39.45234493192133,653,76,0.0025054568356755666,,3.8562783661119515,390
850,0.05,-308.3076923076923,1.8583333333333334,3.3132530120481927,39.01807228915663,666,74,0.0024961107930530383,,3.466867469879518,820
851,0.05,-309.6615384615385,1.8491666666666666,3.317901234567901,38.273148148148145,641,79,0.0024332991567326905,,3.4537037037037037,371
852,0.05,-305.89230769230767,1.8108333333333333,3.246875,38.5140625,637,76,0.0024404077425773355,,3.3859375,14
853,0.05,-327.61538461538464,1.855,3.285060975609756,38.75609756097561,658,74,0.002397214335335973,,3.410060975609756,743
854,0.05,-312.16923076923075,1.9425,3.4053651266766023,38.932935916542476,678,80,0.0023412657417621737,,3.537202380952381,265
855,0.05,-282.96923076923076,1.7116666666666667,3.027027027027027,38.348348348348345,667,78,0.002427796771239591,,3.171171171171171,541
856,0.05,-324.38461538461536,1.8591666666666666,3.2661654135338347,38.56390977443609,662,73,0.00237310166464236,,3.4075187969924814,317
857,0.05,-288.24615384615385,1.7208333333333334,3.0595419847328245,38.33893129770993,655,78,0.0023982751025159407,,3.212213740458015,359
858,0.05,-358.2307692307692,2.0341666666666667,3.3657142857142857,38.67,695,73,0.0024578519755150785,,3.492857142857143,762
859,0.05,-341.9076923076923,1.8975,3.222882615156018,38.071322436849925,667,68,0.002474436963066184,,3.3848439821693908,884
860,0.05,-347.81538461538463,2.0525,3.570992366412214,38.97404580152672,662,73,0.0025446970581061404,,3.7282442748091604,453
861,0.05,-362.81538461538463,2.1525,3.658753709198813,39.14985163204748,672,74,0.0022525490167630688,,3.814540059347181,621
862,0.05,-313.04615384615386,1.9425,3.272594752186589,38.434402332361515,686,75,0.002222642153869176,,3.4081632653061225,332
863,0.05,-333.9230769230769,1.9633333333333334,3.426829268292683,38.92835365853659,658,79,0.002429326390969844,,3.551829268292683,697
864,0.05,-345.55384615384617,2.0275,3.5774436090225565,38.91729323308271,667,78,0.002342993342724764,,3.694736842105263,705
865,0.05,-341.6769230769231,1.9058333333333333,3.401526717557252,38.69007633587786,658,77,0.002291460511899599,,3.5099236641221374,827
866,0.05,-323.70769230769235,1.785,3.0469208211143695,38.266862170087975,680,70,0.0024982688801973617,,3.1788856304985336,269
867,0.05,-344.5846153846154,1.9791666666666667,3.4596651445966513,38.77321156773212,659,77,0.0024447707708449107,,3.6484018264840183,552
868,0.05,-300.89230769230767,1.8575,3.434850863422292,39.16326530612245,642,81,0.0025098163043344147,,3.5824175824175826,149
869,0.05,-316.44615384615383,1.8533333333333333,3.225037257824143,38.74813710879285,665,77,0.002467852925919067,,3.3874813710879286,148
870,0.05,-387.03076923076924,2.1475,3.6333333333333333,39.2463768115942,690,74,0.0023909534192200176,,3.782608695652174,344
871,0.05,-338.46153846153845,1.9508333333333334,3.4610687022900763,38.80916030534351,658,75,0.0022508176480701084,,3.621374045801527,79
872,0.05,-303.7230769230769,1.6683333333333332,3.006153846153846,37.70153846153846,642,72,0.0022656158068275352,,3.1474654377880182,672
873,0.05,-325.0769230769231,1.7966666666666666,3.2208588957055215,38.66257668711656,653,72,0.0023949122173211918,,3.3512269938650308,585
874,0.05,-325.78461538461534,1.9983333333333333,3.404692082111437,38.76392961876833,684,79,0.0024184769930536473,,3.535190615835777,270
875,0.05,-318.3384615384615,1.8666666666666667,3.2764350453172204,38.58459214501511,664,75,0.0024066015933690314,,3.4123867069486407,330
876,0.05,-339.0615384615385,2.0525,3.271857923497268,39.1051912568306,726,79,0.002418912567441172,,3.448087431693989,609
877,0.05,-321.2307692307693,1.785,3.1010719754977027,38.00153139356815,654,73,0.002419529727142645,,3.241590214067278,303
878,0.05,-351.95384615384614,1.995,3.4146706586826348,38.84580838323353,668,73,0.002342494015352985,,3.5411061285500747,848
879,0.05,-305.2153846153846,1.8325,3.0920863309352518,38.44604316546763,694,77,0.0023335834926761544,,3.2776978417266185,272
880,0.05,-346.6461538461539,1.9058333333333333,3.33587786259542,38.422900763358776,655,76,0.002230804536914243,,3.468702290076336,424
881,0.05,-341.2923076923077,1.9941666666666666,3.490284005979073,39.01345291479821,668,77,0.002536844119442466,,3.6382660687593424,669
882,0.05,-313.8,1.8733333333333333,3.2037845705967976,38.372634643377005,681,75,0.0025329242257805078,,3.3653566229985445,8
883,0.05,-325.6307692307692,1.8166666666666667,3.2550860719874803,38.30672926447574,637,72,0.0025836530160006596,,3.3693270735524257,255
884,0.05,-347.3846153846154,1.9758333333333333,3.477657935285054,38.611710323574734,648,74,0.002638383519036369,,3.6363636363636362,818
885,0.05,-346.84615384615387,2.0241666666666664,3.540909090909091,39.25454545454546,662,78,0.0026265111856479547,,3.6712121212121214,582
886,0.05,-326.6,1.8466666666666667,3.3276661514683155,38.84544049459042,649,73,0.0025312399726684465,,3.471406491499227,289
887,0.05,-361.2,2.066666666666667,3.5483870967741935,39.124633431085044,683,74,0.002613558330039643,,3.693548387096774,794
888,0.05,-332.0153846153846,2.0591666666666666,3.557037037037037,39.1037037037037,668,77,0.0027129795026187365,,3.7422222222222223,482
889,0.05,-342.0769230769231,1.9708333333333334,3.343108504398827,38.570381231671554,679,74,0.0027396916416319982,,3.5117302052785924,59
890,0.05,-315.5076923076923,1.7308333333333332,3.2666666666666666,38.31382113821138,620,75,0.0028202963026288156,,3.413008130081301,263
891,0.05,-345.1384615384615,1.875,3.2394578313253013,38.3960843373494,671,71,0.002768127003157283,,3.3930722891566263,144
892,0.05,-308.44615384615383,1.8475,3.1271929824561404,38.70175438596491,688,78,0.002841497314456452,,3.263157894736842,782
893,0.05,-347.9846153846154,1.9441666666666666,3.11484593837535,38.378151260504204,728,72,0.002750142229222073,,3.287114845938375,569
894,0.05,-318.4153846153846,1.8633333333333333,3.336448598130841,38.06386292834891,640,74,0.002635574073914667,,3.456386292834891,804
895,0.05,-330.5692307692308,2.0616666666666665,3.508029197080292,38.934306569343065,685,75,0.0024653459328041467,,3.667153284671533,711
896,0.05,-318.24615384615385,1.8833333333333333,3.168374816983895,38.99853587115666,700,80,0.0024799785357185367,,3.314787701317716,54
897,0.05,-329.6769230769231,1.9066666666666667,3.2980910425844345,38.70044052863436,677,77,0.00242429254272207,,3.449339207048458,261
898,0.05,-321.2923076923077,1.8941666666666668,3.2199108469539377,38.312035661218424,676,70,0.0024126853121171398,,3.3536404160475484,659
899,0.05,-336.53846153846155,1.8333333333333333,3.1163475699558174,38.0559646539028,680,71,0.0024406168404615455,,3.2459499263622975,760
