episode,epsilon,total_reward,avg_queue,avg_wait_s,avg_travel_s,throughput,switches,td_loss,q_table_states,avg_delay_s,traffic_seed
0,1.0,-852.876923076923,4.065833333333333,7.182763744427935,44.17236255572065,664,67,nan,,7.346210995542347,802
1,0.9945,-783.5538461538462,3.484166666666667,6.338957055214724,42.808282208588956,647,63,nan,,6.498466257668712,268
2,0.989,-664.6307692307693,3.401666666666667,5.986587183308495,42.47242921013413,667,70,nan,,6.126488095238095,153
3,0.9835,-630.6461538461538,2.9633333333333334,5.405909797822706,41.631415241057546,647,70,0.02811929264201208,,5.533437013996889,738
4,0.9781,-815.8615384615384,3.7158333333333333,6.966772151898734,43.34335443037975,627,65,0.013173467776059804,,7.1234177215189876,557
5,0.9726,-862.3384615384615,3.7441666666666666,6.158823529411765,42.325,686,62,0.003082468505023617,,6.317180616740088,459
6,0.9673,-893.6615384615385,3.7725,7.235099337748345,43.49006622516556,601,67,0.0032658064975012095,,7.367549668874172,842
7,0.9619,-748.5538461538462,3.5625,6.275707898658719,43.04321907600596,665,69,0.0028016947573792604,,6.425595238095238,888
8,0.9566,-677.7692307692308,3.1591666666666667,5.613293051359516,42.110271903323266,677,71,0.0026493535990651353,,5.768882175226586,696
9,0.9513,-744.8461538461538,3.7025,6.61144578313253,43.21686746987952,664,63,0.002884174095011234,,6.742469879518072,757
10,0.946,-641.0153846153846,3.0175,5.656597774244833,42.186009538950714,632,72,0.002952553199743043,,5.82670906200318,331
11,0.9408,-686.8923076923078,3.1433333333333335,5.586206896551724,41.60269865067466,661,66,0.0030751767558678867,,5.7631184407796106,377
12,0.9356,-832.7538461538463,4.079166666666667,7.618296529968454,44.7397476340694,624,68,0.0032912136398489346,,7.737007874015748,807
13,0.9304,-517.5230769230768,2.5425,4.42814371257485,40.17365269461078,674,70,0.003299367259347661,,4.546407185628743,32
14,0.9253,-591.323076923077,3.2825,5.801515151515152,42.52878787878788,659,72,0.003145932211649668,,5.940998487140696,484
15,0.9202,-827.6615384615384,4.065,7.007299270072993,43.47445255474452,681,61,0.003327617517378105,,7.162043795620438,724
16,0.9151,-567.323076923077,2.9133333333333336,4.888252148997134,40.702005730659025,708,74,0.0033442293330660576,,5.035816618911174,717
17,0.91,-789.9692307692308,3.9808333333333334,7.09726443768997,44.18844984802432,667,69,0.003454032476762879,,7.24468085106383,418
18,0.905,-554.3538461538461,2.8383333333333334,5.098569157392687,41.36406995230524,635,73,0.0034729256439247663,,5.246422893481717,154
19,0.9,-807.6769230769232,3.7275,6.325648414985591,42.652737752161386,688,65,0.0033972037036395157,,6.4805755395683455,410
20,0.895,-869.7692307692307,3.9925,7.106221547799697,43.91198786039454,666,64,0.003635630303157646,,7.216338880484115,163
21,0.89,-605.4769230769231,3.0516666666666667,5.419601837672282,41.25267993874426,648,70,0.0036130318661334823,,5.566615620214395,795
22,0.8851,-848.3384615384614,4.034166666666667,7.682926829268292,44.37723577235772,627,66,0.0038562907022528558,,7.814634146341463,263
23,0.8802,-637.123076923077,3.109166666666667,5.258823529411765,41.34705882352941,666,71,0.003703961528058694,,5.395007342143906,186
24,0.8753,-561.3846153846154,2.651666666666667,4.647058823529412,40.6289592760181,657,71,0.003673812933515744,,4.785822021116139,771
25,0.8705,-478.0769230769231,2.5033333333333334,4.618153364632238,40.53051643192488,633,71,0.003571264513810089,,4.799687010954616,262
26,0.8657,-631.1692307692308,3.1775,5.900630914826499,42.37697160883281,638,70,0.0036545824458294545,,6.0678233438485805,640
27,0.8609,-608.8923076923077,3.2525,5.270803949224259,41.820874471086036,698,73,0.003720708698684214,,5.4372355430183354,23
28,0.8561,-582.076923076923,2.9433333333333334,5.349453978159127,41.344773790951635,647,67,0.003786999869856596,,5.511700468018721,235
29,0.8514,-669.5846153846155,2.8475,5.001508295625943,41.16892911010558,666,70,0.0039201939933662085,,5.150829562594269,791
30,0.8467,-606.6615384615384,2.95,5.118518518518519,41.257777777777775,676,68,0.0036343749590885327,,5.257777777777778,152
31,0.842,-624.9846153846154,2.9483333333333333,5.1191176470588236,40.98970588235294,681,69,0.003241649126113937,,5.266176470588236,204
32,0.8373,-562.8461538461538,2.7816666666666667,5.00768049155146,40.57757296466974,646,70,0.003363725631237871,,5.159509202453988,225
33,0.8327,-772.2769230769231,3.45,6.393312101910828,42.87101910828026,629,64,0.003514598704102325,,6.528662420382165,231
34,0.8281,-620.2307692307693,2.7675,5.126198083067092,41.18690095846645,629,75,0.0033296760283282292,,5.2663476874003186,568
35,0.8235,-771.4615384615386,3.6233333333333335,6.277448071216617,42.9080118694362,668,70,0.0032988524541277416,,6.4347181008902075,169
36,0.819,-743.276923076923,3.475,6.094594594594595,42.708708708708706,664,63,0.003249256456738173,,6.241741741741742,380
37,0.8144,-513.6615384615384,2.638333333333333,4.545185185185185,40.36888888888889,674,73,0.00363040843122483,,4.7155555555555555,731
38,0.8099,-671.2615384615384,3.4883333333333333,6.154191616766467,42.49700598802395,667,70,0.003793107285449267,,6.299401197604791,634
39,0.8054,-871.553846153846,4.403333333333333,7.384266263237519,44.281391830559755,650,66,0.003664015175823351,,7.499243570347958,870
40,0.801,-479.73846153846154,2.5191666666666666,4.356508875739645,39.79289940828402,671,71,0.0037415264129466923,,4.497041420118343,274
41,0.7966,-603.476923076923,2.785,4.63093415007657,40.67840735068913,655,71,0.003792342391337314,,4.799387442572741,533
42,0.7922,-616.3538461538462,2.881666666666667,5.198142414860681,40.973684210526315,645,70,0.0037373854897393,,5.338485316846986,761
43,0.7878,-621.323076923077,3.055833333333333,5.245614035087719,41.49269005847953,682,70,0.003724928185475065,,5.388888888888889,522
44,0.7834,-551.8461538461538,2.868333333333333,4.853157121879589,40.688693098384725,680,69,0.0035906909044831426,,4.997067448680352,851
45,0.7791,-516.2461538461539,2.6766666666666667,4.6721804511278195,40.57744360902256,664,71,0.0033145448792072344,,4.81203007518797,44
46,0.7748,-562.9384615384615,2.855,4.875366568914956,41.10263929618768,682,71,0.0034269555060728193,,5.038123167155425,765
47,0.7705,-555.5538461538463,2.7266666666666666,5.282178217821782,41.05940594059406,596,64,0.0033154781119301615,,5.420792079207921,563
48,0.7662,-500.3384615384615,2.5766666666666667,4.60882800608828,40.23744292237443,653,71,0.0033798929709487114,,4.777777777777778,552
49,0.762,-664.0923076923077,3.1791666666666667,5.414348462664715,41.857979502196194,674,75,0.003363975227245853,,5.597364568081991,489
50,0.7578,-743.2,3.535833333333333,5.819464033850494,42.31311706629055,710,73,0.003339946383563602,,5.9915373765867415,853
51,0.7536,-569.8,2.654166666666667,4.770992366412214,41.033587786259545,657,70,0.0034193047815697223,,4.912977099236641,886
52,0.7494,-540.4615384615386,2.7316666666666665,4.843939393939394,41.0469696969697,660,75,0.0036109118019302913,,4.975794251134644,449
53,0.7453,-545.553846153846,2.665,4.716440422322775,40.75414781297134,659,73,0.003375300136915022,,4.864253393665158,658
54,0.7411,-503.3846153846154,2.725,4.536337209302325,40.723837209302324,692,78,0.003260300251923519,,4.683139534883721,703
55,0.737,-537.3538461538461,2.7133333333333334,4.789954337899544,40.881278538812786,664,68,0.003037896219611977,,4.933028919330289,665
56,0.733,-602.3692307692307,2.950833333333333,4.836849507735583,41.29113924050633,716,75,0.003137138602128363,,4.9789029535864975,602
57,0.7289,-496.86153846153843,2.3,4.047904191616767,40.05239520958084,663,75,0.003211642197534139,,4.172155688622754,191
58,0.7249,-615.9384615384615,3.075,5.395136778115502,41.287234042553195,658,68,0.0033083125191183185,,5.542553191489362,673
59,0.7209,-695.4000000000001,3.375,5.626609442060086,41.89127324749642,698,66,0.0032743772544452064,,5.785407725321888,895
60,0.7169,-573.1692307692307,2.8608333333333333,4.78805120910384,40.559032716927454,695,66,0.0032368284506050175,,4.934566145092461,824
61,0.7129,-555.7538461538461,2.7108333333333334,4.7064083457526085,40.53651266766021,676,66,0.0030951194466606008,,4.828614008941877,375
62,0.709,-599.2461538461539,3.1416666666666666,5.255380200860833,41.19799139167862,691,71,0.0031322838452823385,,5.439024390243903,615
63,0.705,-602.2615384615385,3.0391666666666666,4.853351955307263,41.17458100558659,718,70,0.0031134387597825035,,5.029329608938547,16
64,0.7011,-497.6307692307692,2.5008333333333335,4.335809806835067,39.89153046062407,669,70,0.003279429749196374,,4.50074294205052,832
65,0.6973,-594.7076923076924,2.8525,4.709677419354839,40.74614305750351,709,71,0.0033256737855926295,,4.844319775596073,49
66,0.6934,-661.5846153846153,3.0933333333333333,5.372023809523809,41.12797619047619,674,62,0.0033164431030539188,,5.517857142857143,304
67,0.6896,-528.7846153846154,2.8033333333333332,4.852678571428571,40.739583333333336,676,70,0.00315728423779536,,5.0148809523809526,798
68,0.6858,-581.9692307692308,3.236666666666667,5.379360465116279,41.75581395348837,692,77,0.003106390631249916,,5.531976744186046,159
69,0.682,-452.96923076923076,2.5275,4.3858615611192935,40.41678939617084,667,77,0.0032152041145375528,,4.5301914580265095,564
70,0.6782,-599.0769230769231,3.0016666666666665,5.077922077922078,41.305916305916305,687,72,0.00337497089862308,,5.238095238095238,613
71,0.6744,-622.3230769230769,3.0325,5.103597122302158,41.23884892086331,683,73,0.0033910980011329296,,5.267625899280575,185
72,0.6707,-560.1538461538462,2.8016666666666667,4.965465465465465,41.1966966966967,668,70,0.00319908627175604,,5.094594594594595,692
73,0.667,-525.8923076923077,2.5825,4.559220389805097,40.57871064467766,662,74,0.003110608660970303,,4.709145427286357,73
74,0.6633,-611.6615384615384,3.0275,5.31892697466468,41.54545454545455,668,72,0.002964177907384148,,5.490312965722802,514
75,0.6596,-450.7846153846154,2.3875,4.309119010819165,40.02627511591963,654,71,0.0029629902596129327,,4.448222565687789,436
76,0.656,-520.9846153846154,2.765,4.804411764705883,40.77205882352941,671,71,0.0030044479405752444,,4.939705882352941,445
77,0.6524,-562.4769230769232,2.7108333333333334,4.470672389127325,40.12732474964235,694,75,0.003012972721048528,,4.630901287553648,133
78,0.6487,-535.8153846153846,2.7016666666666667,4.656626506024097,40.73192771084337,661,70,0.0030773542750647145,,4.802710843373494,156
79,0.6452,-473.90769230769234,2.3675,4.239567233384853,40.08037094281298,652,74,0.00325054426720938,,4.395672333848531,591
80,0.6416,-494.8307692307692,2.3466666666666667,4.3015625,40.03125,637,69,0.0032733683995071765,,4.41875,857
81,0.638,-459.19999999999993,2.1175,3.877551020408163,39.470957613814754,633,75,0.003163122097999609,,4.017268445839874,721
82,0.6345,-477.5384615384615,2.49,4.3248882265275705,40.07749627421759,664,71,0.0028878383830078947,,4.4575260804769,690
83,0.631,-517.2923076923076,2.59,4.7387247278382585,40.54743390357698,652,66,0.002954728238198949,,4.889580093312597,400
84,0.6275,-480.6615384615385,2.359166666666667,4.174506828528073,39.5402124430956,656,68,0.0030170890186652977,,4.292867981790592,817
85,0.624,-478.38461538461536,2.504166666666667,4.42,40.292307692307695,650,73,0.00305698289572787,,4.572307692307692,579
86,0.6206,-426.86153846153843,2.4075,4.078260869565217,39.60289855072464,679,75,0.00323467118190432,,4.239130434782608,128
87,0.6171,-533.6153846153845,2.7216666666666667,4.865648854961832,41.138931297709924,656,69,0.0033024634108087514,,5.044274809160306,650
88,0.6137,-497.4153846153846,2.4858333333333333,4.55607476635514,40.414330218068535,632,73,0.0030243594052572985,,4.705607476635514,695
89,0.6103,-445.5692307692308,2.2883333333333336,4.131375579598146,39.744976816074185,651,74,0.0030177508381838028,,4.261205564142195,812
90,0.607,-507.323076923077,2.4791666666666665,4.365151515151515,39.95454545454545,656,69,0.0029851207097146555,,4.516666666666667,4
91,0.6036,-447.8153846153846,2.4483333333333333,4.1148255813953485,39.94476744186046,682,71,0.0030494900738921096,,4.258720930232558,71
92,0.6003,-564.5999999999999,2.8116666666666665,4.652857142857143,40.598571428571425,703,68,0.0030094851830114577,,4.780313837375179,378
93,0.5969,-546.1846153846154,2.35,4.114678899082569,39.91284403669725,654,72,0.0029556028030655714,,4.232415902140673,792
94,0.5936,-471.8,2.6041666666666665,4.225108225108225,40.298701298701296,694,74,0.003081445661865812,,4.359307359307359,208
95,0.5904,-515.3538461538462,2.5091666666666668,4.270863836017569,40.199121522694,678,74,0.0030278205543455565,,4.415812591508053,753
96,0.5871,-488.46153846153845,2.495833333333333,4.465960665658094,40.00907715582451,655,71,0.0030890276779978335,,4.601208459214502,742
97,0.5838,-494.29230769230776,2.4583333333333335,4.266467065868263,40.453592814371255,684,76,0.003209240468167794,,4.438622754491018,10
98,0.5806,-555.3538461538461,2.885,4.998525073746313,40.849557522123895,666,67,0.003408627160440944,,5.135693215339233,138
99,0.5774,-512.4615384615386,2.6066666666666665,4.658423493044822,40.425038639876355,638,71,0.003172853397506956,,4.792890262751159,183
100,0.5742,-440.83076923076925,2.254166666666667,4.004538577912254,39.81089258698941,659,74,0.0029534538931787627,,4.161875945537065,570
101,0.571,-495.8923076923076,2.5516666666666667,4.509803921568627,40.15686274509804,665,67,0.00288532940446839,,4.648567119155355,614
102,0.5679,-541.0153846153846,2.734166666666667,4.6262773722627735,40.54598540145985,679,68,0.0029052385293225806,,4.778102189781022,800
103,0.5647,-559.5384615384614,2.7466666666666666,4.712609970674487,40.868035190615835,686,71,0.002937917308989512,,4.846041055718475,394
104,0.5616,-493.2615384615384,2.7283333333333335,4.618287373004354,41.05079825834543,704,75,0.002994162111415398,,4.773584905660377,536
105,0.5585,-496.4461538461539,2.5033333333333334,4.37593984962406,39.721804511278194,672,68,0.0029671259706045196,,4.490225563909775,39
106,0.5554,-480.46153846153845,2.4075,4.07132459970888,39.97671033478894,692,75,0.002928296860761113,,4.2066957787481805,31
107,0.5523,-423.0615384615385,2.2491666666666665,4.154330708661417,39.733858267716535,626,76,0.0029676974796141575,,4.277165354330709,264
108,0.5493,-511.1384615384615,2.6708333333333334,4.873239436619718,41.111111111111114,643,74,0.0028818794270864625,,4.989045383411581,526
109,0.5462,-517.9384615384615,2.4575,4.108538350217077,40.08248914616498,700,67,0.003018709854820426,,4.234442836468886,77
110,0.5432,-451.1538461538462,2.3141666666666665,4.337620578778135,39.81189710610933,624,71,0.003199510832583322,,4.487138263665595,297
111,0.5402,-593.1076923076923,2.9408333333333334,4.908827785817656,41.13314037626628,701,68,0.0030639318014716375,,5.044862518089725,157
112,0.5372,-417.8615384615385,2.2708333333333335,4.001506024096385,39.90210843373494,658,76,0.0031643017108442715,,4.126506024096385,881
113,0.5343,-447.0769230769231,2.3375,3.9970501474926254,39.59882005899705,692,73,0.003257609810521083,,4.125368731563422,342
114,0.5313,-442.7076923076923,2.3108333333333335,4.083713850837139,40.077625570776256,658,73,0.003489440549685167,,4.242009132420091,130
115,0.5284,-448.0153846153845,2.3858333333333333,4.1981845688350985,39.87594553706505,664,75,0.0033467432604504565,,4.326777609682299,103
116,0.5254,-423.4,2.2708333333333335,4.018209408194234,39.73596358118361,651,76,0.003417570673394948,,4.1760242792109254,48
117,0.5225,-551.6307692307693,2.3241666666666667,4.260596546310832,39.91993720565149,638,71,0.0033302456800676184,,4.423861852433281,149
118,0.5196,-398.9384615384615,2.1558333333333333,3.8676923076923075,39.50769230769231,653,80,0.003202605089415816,,4.032307692307692,463
119,0.5168,-533.0153846153846,2.525,4.308029197080292,39.871532846715326,678,72,0.003088514067234143,,4.437956204379562,198
120,0.5139,-513.646153846154,2.4208333333333334,4.001455604075692,39.708879184861715,681,73,0.003204919769428911,,4.219796215429403,841
121,0.5111,-419.9076923076923,2.1083333333333334,3.7763975155279503,39.3416149068323,644,72,0.0032741652230166935,,3.9239130434782608,517
122,0.5082,-449.33846153846156,2.4183333333333334,4.260869565217392,40.17541229385307,666,76,0.003141370685035202,,4.382308845577211,649
123,0.5054,-511.4307692307692,2.6708333333333334,4.815100154083205,40.64098613251156,646,71,0.0032585049328843524,,4.975346687211094,324
124,0.5026,-425.8153846153846,2.3333333333333335,4.005830903790088,39.724489795918366,676,75,0.0032945445457838152,,4.167638483965015,627
125,0.4998,-445.0,2.4183333333333334,4.190404797601199,40.08095952023988,665,77,0.003465886101684331,,4.315868263473054,605
126,0.4971,-454.8,2.3833333333333333,4.158295281582953,40.16133942161339,660,80,0.003450523727523771,,4.30593607305936,89
127,0.4943,-516.4615384615385,2.4633333333333334,4.370426829268292,40.07469512195122,636,75,0.003080840180246772,,4.487804878048781,551
128,0.4916,-471.9384615384616,2.54,4.324522760646109,40.215859030837,683,73,0.0032524615589508165,,4.4801762114537445,434
129,0.4889,-466.87692307692305,2.6075,4.466367713004484,40.03437967115097,669,69,0.003282999712311241,,4.584454409566518,657
130,0.4862,-390.70769230769235,2.2108333333333334,3.880121396054628,39.7845220030349,652,78,0.003150826545371835,,4.013636363636364,313
131,0.4835,-479.6461538461538,2.5883333333333334,4.304964539007092,40.175886524822694,693,75,0.0032740282691739544,,4.4297872340425535,115
132,0.4808,-478.0153846153846,2.4658333333333333,4.421875,40.3671875,652,74,0.003385160225607408,,4.5703125,90
133,0.4781,-410.4615384615385,2.325,3.995614035087719,39.638888888888886,685,74,0.0033291781619052174,,4.153284671532846,608
134,0.4755,-460.21538461538466,2.4075,4.261398176291793,39.91489361702128,650,72,0.0032396678628605746,,4.386018237082067,167
135,0.4729,-455.3076923076923,2.4675,4.1938325991189425,40.076358296622615,677,72,0.0032463045037777367,,4.361233480176211,653
136,0.4703,-471.4769230769231,2.4583333333333335,4.303892215568863,40.31586826347306,672,72,0.0032550101130906935,,4.440119760479042,361
137,0.4677,-388.24615384615385,2.160833333333333,3.7270029673590503,39.25222551928783,670,77,0.0033266084118638863,,3.900593471810089,397
138,0.4651,-399.5692307692308,2.205,3.9418070444104134,39.586523736600306,652,71,0.003272172789706987,,4.0703363914373085,882
139,0.4625,-437.8923076923077,2.484166666666667,4.191860465116279,40.24563953488372,688,77,0.0033871022329100744,,4.337209302325581,572
140,0.4599,-482.78461538461545,2.4608333333333334,4.397260273972603,40.28919330289193,651,70,0.003225243757536634,,4.535768645357686,337
141,0.4574,-417.89230769230767,2.1933333333333334,3.981424148606811,40.03405572755418,647,77,0.003198923062505491,,4.108191653786708,488
142,0.4549,-456.2769230769231,2.2933333333333334,3.8721264367816093,39.66379310344828,700,74,0.003054607427154822,,4.035919540229885,660
143,0.4523,-419.80000000000007,2.2216666666666667,3.8447761194029852,39.76417910447761,677,76,0.003137628273979132,,3.982089552238806,468
144,0.4498,-460.4153846153846,2.598333333333333,4.485250737463127,40.10914454277286,670,73,0.0031673985470848896,,4.656342182890856,632
145,0.4474,-446.61538461538464,2.296666666666667,4.0878274268104775,39.770416024653315,655,73,0.0031625373422784855,,4.229583975346687,776
146,0.4449,-396.9230769230769,2.2641666666666667,4.004615384615384,39.75692307692308,643,78,0.003145861140558751,,4.161538461538462,835
147,0.4424,-540.7846153846153,2.795,4.804733727810651,40.803254437869825,674,71,0.003129463176172634,,4.946745562130178,401
148,0.44,-427.5076923076923,2.2016666666666667,3.979907264296754,39.89953632148377,647,74,0.002946870190426038,,4.094281298299846,485
149,0.4375,-400.2769230769231,2.2725,4.081664098613251,39.87365177195686,650,77,0.002953624261302597,,4.191063174114022,101
150,0.4351,-396.36923076923074,2.0483333333333333,3.7074303405572757,39.037151702786375,631,75,0.0029549999048592425,,3.829721362229102,740
151,0.4327,-430.0153846153846,2.316666666666667,4.053110773899848,39.731411229135055,654,77,0.0029754388661789137,,4.203338391502276,521
152,0.4303,-439.13846153846157,2.305,3.96301775147929,39.60207100591716,674,71,0.0031058273625029086,,4.134615384615385,520
153,0.4279,-370.2615384615384,2.2416666666666667,4.082170542635659,40.14263565891473,647,78,0.003053179393776246,,4.223255813953489,871
154,0.4256,-347.6461538461539,1.9375,3.5606299212598427,38.807874015748034,630,75,0.0031217932522117275,,3.7007874015748032,833
155,0.4232,-385.73846153846154,2.0741666666666667,3.4663805436337625,39.10157367668097,702,77,0.003091207101913905,,3.599427753934192,278
156,0.4209,-497.7692307692307,2.1691666666666665,3.898753894080997,39.02336448598131,644,73,0.0030064658120982565,,4.057632398753894,850
157,0.4185,-369.2615384615384,2.035,3.653963414634146,39.48780487804878,662,74,0.0031201920517904625,,3.7865853658536586,286
158,0.4162,-417.1846153846154,2.2775,3.9507692307692306,39.50769230769231,657,74,0.003148332481175949,,4.087692307692308,233
159,0.4139,-410.18461538461537,2.0775,3.6676737160120845,39.07552870090635,660,75,0.003153839706640893,,3.8036253776435047,330
160,0.4116,-327.96923076923076,1.96,3.6434231378763866,38.86687797147385,627,76,0.0033803906736500897,,3.7717908082408873,105
161,0.4094,-461.9846153846154,2.4275,4.46129541864139,40.25276461295419,638,71,0.0031749132677809594,,4.575039494470774,719
162,0.4071,-400.10769230769233,2.046666666666667,3.459736456808199,38.928257686676424,684,74,0.0028996755042569886,,3.607613469985359,213
163,0.4048,-417.4769230769231,2.1008333333333336,3.7689922480620157,39.351937984496125,647,77,0.0029425319609619103,,3.916279069767442,171
164,0.4026,-383.4307692307693,2.2475,3.8878787878787877,39.67878787878788,663,74,0.0031463339643364747,,4.040909090909091,718
165,0.4004,-484.4307692307692,2.415,4.132243684992571,39.61218424962853,655,73,0.003077925665501842,,4.270029673590504,123
166,0.3982,-425.1384615384615,2.4066666666666667,4.002824858757062,39.76271186440678,699,74,0.0029848814758660857,,4.159604519774011,486
167,0.396,-437.8307692307692,2.3975,4.331259720062208,39.914463452566096,647,73,0.0029728348451016303,,4.441679626749611,343
168,0.3938,-423.46153846153845,2.3641666666666667,4.016011644832606,39.496360989810775,691,74,0.0031625036261955695,,4.173216885007278,739
169,0.3916,-379.69230769230774,2.1591666666666667,3.718887262079063,39.12884333821376,680,78,0.003124971458116012,,3.8623718887262077,806
170,0.3894,-384.41538461538465,2.2641666666666667,3.7130681818181817,39.66335227272727,705,76,0.0029647458710383976,,3.875,271
171,0.3873,-431.63076923076926,2.385,3.9105339105339105,39.75613275613276,704,77,0.0030902376160851725,,4.0937950937950935,600
172,0.3851,-464.61538461538464,2.555833333333333,4.4878419452887535,40.653495440729486,662,75,0.0030686196476647303,,4.617021276595745,111
173,0.383,-418.9384615384615,2.2675,4.037037037037037,39.5679012345679,651,74,0.0033499086770823125,,4.171296296296297,597
174,0.3809,-400.0769230769231,2.0575,3.6110283159463488,38.949329359165425,661,78,0.0032401967347618146,,3.7719821162444114,67
175,0.3788,-336.78461538461534,2.0075,3.628482972136223,39.303405572755416,648,79,0.0033434611453450284,,3.7523219814241484,539
176,0.3767,-400.3076923076923,2.265833333333333,3.829232995658466,39.39218523878437,699,76,0.0031341861996265668,,3.9667149059334297,664
177,0.3746,-406.2923076923077,2.1816666666666666,3.9827856025039123,39.081377151799686,640,67,0.00310939395328143,,4.122065727699531,707
178,0.3725,-406.4923076923077,2.0908333333333333,3.7468944099378882,39.46583850931677,649,75,0.0031316543024803695,,3.8990683229813663,829
179,0.3705,-357.2,2.0791666666666666,3.7184615384615385,39.043076923076924,646,76,0.003101769807089043,,3.8446153846153845,647
180,0.3684,-415.9846153846154,2.2466666666666666,3.7970149253731345,39.54029850746269,673,73,0.00297225009975877,,3.9208955223880597,555
181,0.3664,-475.46153846153845,2.4175,4.1654465592972185,39.496339677891655,675,71,0.0029122695783037104,,4.322108345534407,365
182,0.3643,-447.5846153846154,2.4383333333333335,4.100719424460432,40.04460431654676,696,70,0.0027831382030128484,,4.234195402298851,500
183,0.3623,-419.55384615384617,2.3841666666666668,4.060382916053019,39.66568483063328,671,74,0.002793053738251239,,4.195876288659794,760
184,0.3603,-397.87692307692305,2.2925,4.036199095022624,39.34539969834088,659,72,0.0028611652267032744,,4.161144578313253,733
185,0.3583,-412.86153846153854,2.1666666666666665,3.8554033485540335,39.31506849315068,654,75,0.0030370161658782864,,3.992401215805471,471
186,0.3563,-352.5076923076923,2.015833333333333,3.367198838896952,39.12917271407837,692,78,0.00299455647570648,,3.518142235123367,636
187,0.3544,-436.55384615384617,2.3775,4.22154779969651,40.20030349013657,664,76,0.002969284764683806,,4.362670713201821,408
188,0.3524,-406.6153846153846,2.2641666666666667,3.9119402985074627,39.81791044776119,670,76,0.0030748904495058924,,4.102985074626866,813
189,0.3505,-367.61538461538464,1.9441666666666666,3.5078369905956115,39.24921630094044,648,75,0.0032241117228068664,,3.653605015673981,19
190,0.3485,-343.10769230769233,1.9325,3.345864661654135,38.780451127819546,666,75,0.0032593649670844362,,3.4947368421052634,495
191,0.3466,-404.0153846153846,2.3758333333333335,4.210287443267776,39.73373676248109,651,78,0.0033476084401845197,,4.35249621785174,181
192,0.3447,-401.6,2.175,3.9256965944272446,39.44427244582043,642,73,0.0033562066976569006,,4.083462132921174,55
193,0.3428,-382.70769230769235,2.1658333333333335,3.5982905982905984,39.522792022792025,703,75,0.0030761806741691692,,3.7834757834757835,78
194,0.3409,-412.7692307692308,2.3775,4.0,40.094339622641506,703,76,0.0029823411208541174,,4.120464441219158,685
195,0.339,-412.13846153846157,2.299166666666667,3.8865671641791044,39.33432835820896,668,77,0.0030996154289780137,,4.023880597014926,242
196,0.3371,-389.66153846153844,2.055,3.5924812030075186,38.766917293233085,663,69,0.0029468275227813325,,3.756390977443609,74
197,0.3352,-379.5076923076923,2.07,3.6315789473684212,39.18345864661654,669,73,0.0029847675390078164,,3.748872180451128,777
198,0.3334,-378.8,2.18,3.857142857142857,39.529323308270676,666,75,0.003128227239309509,,4.015037593984962,166
199,0.3315,-405.33846153846156,2.2908333333333335,4.0362537764350455,39.676737160120844,666,71,0.0029914341604834337,,4.219033232628399,745
200,0.3297,-400.53846153846155,2.3008333333333333,3.99406528189911,39.64985163204748,670,79,0.0029416743662537656,,4.136498516320475,529
201,0.3279,-372.0153846153846,2.013333333333333,3.569486404833837,38.80211480362538,657,71,0.0029283803274591735,,3.705438066465257,734
202,0.3261,-401.12307692307695,2.2716666666666665,3.9984917043740573,39.892911010558066,661,76,0.0029655759599990098,,4.129713423831071,170
203,0.3243,-360.5230769230769,2.1391666666666667,3.747352496217852,39.31316187594554,668,75,0.003210958932255949,,3.8804841149773073,280
204,0.3225,-344.3230769230769,1.975,3.3865300146412882,38.94729136163983,685,75,0.0031347587352310593,,3.5168374816983894,639
205,0.3207,-362.7076923076923,2.1666666666666665,3.7046783625730995,39.432748538011694,683,78,0.002792293981211363,,3.8435672514619883,683
206,0.3189,-335.73846153846154,1.89,3.3859111791730476,38.99234303215926,648,78,0.0028233944509191695,,3.5283307810107196,196
207,0.3172,-411.55384615384617,2.3141666666666665,3.7949101796407185,39.23203592814371,664,77,0.002856958913264622,,3.9491017964071857,737
208,0.3154,-360.6461538461538,2.055833333333333,3.4948453608247423,39.198821796759944,680,77,0.0029888065772166127,,3.6273932253313697,710
209,0.3137,-407.7538461538462,2.1483333333333334,3.6847507331378297,39.631964809384165,681,78,0.0031253217570274905,,3.8269794721407626,475
210,0.3119,-392.20000000000005,2.3066666666666666,3.998535871156662,39.825768667642755,681,79,0.0030958481509980734,,4.133235724743778,867
211,0.3102,-344.4307692307692,1.9733333333333334,3.5108359133126936,39.12538699690403,646,80,0.003088471955138773,,3.628482972136223,362
212,0.3085,-379.92307692307696,2.0433333333333334,3.467343976777939,39.152394775036285,691,77,0.002933225602347022,,3.6269956458635706,896
213,0.3068,-358.70769230769235,1.9466666666666668,3.583596214511041,38.75552050473186,632,73,0.0028801723284093274,,3.730283911671924,252
214,0.3051,-376.2615384615385,2.1283333333333334,3.6330409356725144,39.25292397660819,679,73,0.002863135181200396,,3.796783625730994,599
215,0.3034,-374.3384615384616,2.279166666666667,4.121495327102804,39.875389408099686,636,79,0.003063429093317045,,4.2725856697819315,504
216,0.3017,-410.9076923076923,2.2108333333333334,3.7424023154848047,39.32416787264834,693,73,0.0031716884905624,,3.8885672937771347,629
217,0.3,-372.0923076923077,2.0191666666666666,3.548238897396631,38.91883614088821,655,71,0.00322326988137128,,3.6574923547400613,303
218,0.2984,-317.32307692307694,1.8091666666666666,3.4048,38.5632,612,71,0.0031716826455274708,,3.544,751
219,0.2967,-370.0923076923077,2.0633333333333335,3.3095238095238093,38.857142857142854,725,78,0.0031026195299460164,,3.457983193277311,569
220,0.2951,-363.0,1.9866666666666666,3.394658753709199,39.15578635014837,686,77,0.002904971772792102,,3.5385756676557865,617
221,0.2935,-413.9230769230769,2.3033333333333332,3.9056603773584904,40.126269956458636,693,76,0.0028178126203189935,,4.071117561683599,594
222,0.2918,-381.4153846153846,2.2383333333333333,3.744956772334294,39.288184438040346,690,76,0.0029247702301837377,,3.889208633093525,611
223,0.2902,-389.83076923076925,2.1633333333333336,3.8,39.02272727272727,651,78,0.002788294381168271,,3.9287878787878787,518
224,0.2886,-400.10769230769233,2.3141666666666665,3.8962536023054755,39.79971181556196,697,79,0.0029058904337367,,4.0590778097982705,69
225,0.287,-373.72307692307686,2.0775,3.574404761904762,38.976190476190474,665,77,0.0028796902476656504,,3.7083333333333335,9
226,0.2854,-384.6,2.0116666666666667,3.586523736600306,39.127105666156204,650,76,0.0029880024639112597,,3.7075038284839206,387
227,0.2838,-358.29230769230765,2.1708333333333334,3.971875,39.2265625,626,75,0.002951853213679673,,4.134375,786
228,0.2823,-384.2,2.1025,3.6902255639097743,39.52481203007519,665,79,0.002925937643462154,,3.8390977443609025,581
229,0.2807,-348.49230769230775,2.0025,3.438622754491018,39.196107784431135,675,77,0.003058322969234274,,3.5853293413173652,140
230,0.2792,-368.12307692307695,2.04,3.444606413994169,39.43877551020408,678,80,0.003055074029231281,,3.5982532751091703,369
231,0.2776,-364.7076923076923,1.9466666666666668,3.553627760252366,39.06624605678233,635,75,0.002974123771091021,,3.7034700315457414,516
232,0.2761,-371.3538461538462,2.1358333333333333,3.6385185185185187,39.07703703703704,681,73,0.0031268924699834957,,3.7866666666666666,677
233,0.2746,-390.12307692307695,2.1333333333333333,3.6240822320117476,39.117474302496326,683,72,0.0030001156217939447,,3.7753303964757707,141
234,0.273,-333.3384615384615,1.8825,3.4837662337662336,38.993506493506494,630,76,0.002975357639585344,,3.646103896103896,151
235,0.2715,-388.0615384615384,2.2391666666666667,3.8257016248153617,39.319054652880354,673,76,0.0027366956277124796,,3.9911373707533233,335
236,0.27,-405.7692307692308,2.2516666666666665,3.618131868131868,39.25686813186813,721,74,0.002662413312137559,,3.769230769230769,244
237,0.2685,-402.8307692307692,2.243333333333333,3.842026825633383,39.71535022354694,672,79,0.0027118585585919775,,3.980654761904762,265
238,0.267,-389.0615384615385,2.2491666666666665,3.870206489675516,39.41297935103245,664,75,0.002774042349426897,,4.061946902654867,577
239,0.2656,-368.5538461538461,2.013333333333333,3.573189522342065,38.942989214175654,649,77,0.0027774592609419372,,3.7334360554699537,396
240,0.2641,-416.81538461538463,2.3675,3.9040114613180514,39.85100286532951,699,74,0.0027622639179382224,,4.05722460658083,310
241,0.2626,-332.90769230769234,1.9841666666666666,3.534039334341906,39.175491679273826,659,76,0.0026779207156573948,,3.6883509833585477,223
242,0.2612,-363.53846153846155,2.033333333333333,3.4784546805349184,38.90193164933135,679,77,0.002721832126705566,,3.6181277860326895,379
243,0.2597,-348.1692307692308,1.8866666666666667,3.260294117647059,38.5,681,73,0.002715131140290023,,3.4352941176470586,652
244,0.2583,-385.6,2.2175,3.7870778267254037,39.5345080763583,688,77,0.002748584458159751,,3.879588839941263,662
245,0.2569,-355.87692307692305,2.0825,3.608308605341246,39.031157270029674,668,77,0.002559198563866773,,3.755192878338279,229
246,0.2555,-383.38461538461536,2.2933333333333334,3.925655976676385,39.60204081632653,685,76,0.0025600006780543607,,4.062682215743441,735
247,0.254,-331.4307692307692,1.8825,3.2974203338391503,38.71775417298938,654,77,0.002534834884997042,,3.4385432473444615,663
248,0.2526,-416.66153846153844,2.2925,3.9094890510948903,39.56204379562044,679,75,0.0026847104665083015,,4.062773722627737,511
249,0.2512,-365.78461538461534,2.1,3.7774343122102008,39.29057187017001,651,75,0.0027518725706300266,,3.9290123456790123,622
250,0.2498,-386.6615384615385,2.2583333333333333,4.051829268292683,39.6280487804878,648,75,0.002803373192785446,,4.163109756097561,113
251,0.2485,-383.79999999999995,2.1991666666666667,3.699127906976744,39.26598837209303,683,78,0.0026743365642167656,,3.8619186046511627,437
252,0.2471,-365.4769230769231,2.1575,3.6642547033285093,39.383502170767,690,80,0.0027618180851193344,,3.8147612156295225,823
253,0.2457,-340.7076923076923,1.9908333333333332,3.518910741301059,38.58093797276853,652,75,0.002732567658192025,,3.6459909228441756,17
254,0.2444,-327.19999999999993,1.94,3.3063328424153164,38.56848306332842,674,77,0.002828166861242548,,3.444771723122239,595
255,0.243,-391.1692307692308,2.1958333333333333,3.6062767475035664,39.27389443651926,711,76,0.0027026542272720433,,3.7731811697574895,76
256,0.2417,-386.4153846153846,2.28,3.9177679882525696,39.671071953010276,675,77,0.0028517483990866304,,4.077826725403818,261
257,0.2403,-318.89230769230767,1.8183333333333334,3.3668261562998407,38.67942583732057,630,73,0.003004620613021427,,3.507177033492823,25
258,0.239,-394.0615384615385,2.14,3.7664670658682633,39.4311377245509,663,76,0.0030253380508711253,,3.9011976047904193,770
259,0.2377,-344.4153846153846,2.0233333333333334,3.5381165919282513,39.14798206278027,667,79,0.0029650482229773858,,3.704035874439462,687
260,0.2364,-329.86153846153843,1.9675,3.4847560975609757,38.96341463414634,659,80,0.0029454797316680616,,3.6128048780487805,697
261,0.2351,-380.70769230769235,2.2291666666666665,3.9186746987951806,39.51807228915663,672,74,0.0028287728565452993,,4.066265060240964,830
262,0.2338,-362.7384615384616,2.0183333333333335,3.6303680981595092,39.20552147239264,658,75,0.002710050546039103,,3.7580398162327717,670
263,0.2325,-344.2,2.0025,3.4716417910447763,39.149253731343286,668,79,0.002709617008312838,,3.6223880597014926,355
264,0.2312,-351.87692307692305,1.9641666666666666,3.4960629921259843,38.8503937007874,647,74,0.0028970151061049327,,3.645669291338583,24
265,0.2299,-357.81538461538463,2.0608333333333335,3.5760709010339733,39.1506646971935,667,80,0.0028646188370261023,,3.7031019202363367,368
266,0.2286,-395.6615384615385,2.3216666666666668,3.8516886930983847,39.74449339207048,684,76,0.0027593130289641846,,3.9794419970631423,230
267,0.2274,-312.2461538461538,1.7866666666666666,3.2735849056603774,38.729559748427675,638,78,0.0027129525202849313,,3.411949685534591,1
268,0.2261,-346.53846153846155,1.9433333333333334,3.497681607418856,38.90108191653787,656,74,0.0026877805491318674,,3.6537867078825346,878
269,0.2249,-339.4307692307692,2.0108333333333333,3.588597842835131,38.89214175654853,632,77,0.0028157744525347927,,3.7046153846153844,311
270,0.2236,-404.0769230769231,2.325833333333333,4.056801195814649,39.699551569506724,662,72,0.0028777973095956894,,4.1898355754858,879
271,0.2224,-368.9384615384615,2.145,3.6948148148148148,39.39259259259259,675,79,0.0027717373036494158,,3.848888888888889,385
272,0.2211,-362.1846153846154,2.0825,3.6859756097560976,39.542682926829265,664,80,0.002775885299464919,,3.8185975609756095,137
273,0.2199,-332.36923076923074,1.895,3.2671641791044777,38.45522388059702,676,69,0.0025813272726587858,,3.419402985074627,535
274,0.2187,-330.6,1.9591666666666667,3.5716535433070864,38.99370078740157,631,76,0.0026471527185820045,,3.7327044025157234,530
275,0.2175,-352.8461538461538,1.9983333333333333,3.4023494860499266,38.63876651982379,687,75,0.00277916379974006,,3.566813509544787,51
276,0.2163,-346.12307692307695,1.9716666666666667,3.437313432835821,39.0,669,79,0.0026953061969244027,,3.5886736214605066,472
277,0.2151,-358.6307692307692,1.985,3.5934065934065935,38.645211930926216,629,77,0.0027143853253419736,,3.7425431711145998,637
278,0.2139,-365.2923076923077,2.120833333333333,3.708520179372197,39.23168908819133,663,73,0.0028297694039206536,,3.8340807174887894,199
279,0.2127,-376.04615384615386,2.15,3.5948275862068964,38.89942528735632,687,76,0.0027964574044125655,,3.728448275862069,136
280,0.2115,-385.9384615384615,2.180833333333333,3.5635593220338984,39.40819209039548,709,75,0.002690834156439181,,3.7584745762711864,129
281,0.2104,-356.73846153846154,2.111666666666667,3.4886363636363638,39.05823863636363,706,77,0.00268137828964014,,3.601418439716312,407
282,0.2092,-355.7846153846154,2.0608333333333335,3.4314574314574315,38.708513708513706,692,78,0.0026570936117767886,,3.5974025974025974,240
283,0.208,-346.04615384615386,1.965,3.3876651982378854,38.886930983847286,678,77,0.002706891842887862,,3.497797356828194,189
284,0.2069,-350.6615384615385,2.04,3.3563380281690143,39.01549295774648,714,75,0.0026082695349646046,,3.5028169014084507,391
285,0.2058,-379.7846153846154,2.0166666666666666,3.4355555555555557,38.90518518518518,678,75,0.0026597973882165403,,3.5585185185185186,828
286,0.2046,-340.78461538461545,1.9508333333333334,3.449319213313162,38.88048411497731,660,73,0.0026377856860086385,,3.612708018154312,509
287,0.2035,-374.4923076923077,2.1258333333333335,3.8395061728395063,39.56944444444444,655,76,0.002723812812589231,,3.992283950617284,821
288,0.2024,-363.2153846153846,2.0841666666666665,3.663157894736842,38.82556390977444,653,73,0.0026146634339584895,,3.8150375939849623,120
289,0.2012,-334.29230769230765,1.9408333333333334,3.4893617021276597,38.90881458966565,649,79,0.002664101033401932,,3.60790273556231,329
290,0.2001,-336.89230769230767,1.8391666666666666,3.417197452229299,38.57643312101911,633,73,0.0025862183553250996,,3.5525477707006368,781
291,0.199,-333.0923076923077,1.8058333333333334,3.258859784283513,38.51001540832049,647,75,0.002732610848588793,,3.4129429892141756,447
292,0.1979,-347.9076923076923,2.12,3.6701183431952664,39.56065088757396,677,80,0.0027294122442534804,,3.794378698224852,750
293,0.1968,-335.6615384615385,2.0225,3.580060422960725,39.37764350453172,667,83,0.002857511065338088,,3.719033232628399,461
294,0.1957,-352.8,1.9741666666666666,3.314327485380117,38.671052631578945,681,76,0.002820086375117741,,3.461988304093567,525
295,0.1946,-297.4153846153846,1.7366666666666666,3.044709388971684,38.663189269746645,666,76,0.002749514909142289,,3.18628912071535,148
296,0.1936,-367.10769230769233,2.1083333333333334,3.640117994100295,39.663716814159294,674,78,0.0027061299169596647,,3.8185840707964602,656
297,0.1925,-325.67692307692306,1.9383333333333332,3.394894894894895,38.38438438438438,661,77,0.0026962731540458697,,3.5255255255255253,182
298,0.1914,-370.4,2.0508333333333333,3.579970104633782,39.00149476831091,670,76,0.002823352561004566,,3.71898355754858,236
299,0.1904,-382.73846153846154,2.0858333333333334,3.598507462686567,38.971641791044775,666,78,0.0028559523232942322,,3.7313432835820897,192
300,0.1893,-337.59999999999997,1.9933333333333334,3.5464231354642313,38.87975646879757,663,73,0.002888413628330509,,3.719939117199391,28
301,0.1883,-324.13846153846157,1.8683333333333334,3.273001508295626,38.83710407239819,661,76,0.0027481467996215043,,3.3996983408748114,36
302,0.1872,-381.40000000000003,1.95,3.5467511885895404,39.36291600633914,627,79,0.00267654198912156,,3.709984152139461,288
303,0.1862,-385.12307692307695,2.183333333333333,3.917956656346749,39.28482972136223,644,75,0.002570584333848562,,4.047987616099071,160
304,0.1852,-369.83076923076925,2.2258333333333336,3.8014814814814817,39.3362962962963,672,76,0.002538966852620506,,3.9362962962962964,464
305,0.1841,-323.89230769230767,1.7825,3.148091603053435,38.31145038167939,654,71,0.0025838751364541295,,3.2763358778625955,759
306,0.1831,-343.4,2.0858333333333334,3.6471471471471473,38.98348348348348,664,73,0.0025822565485771804,,3.794294294294294,780
307,0.1821,-316.38461538461536,1.9733333333333334,3.3794117647058823,38.81470588235294,670,75,0.0025989460456724315,,3.5794117647058825,139
308,0.1811,-346.75384615384615,2.1058333333333334,3.7608024691358026,39.391975308641975,644,78,0.002527003050478616,,3.8751926040061635,374
309,0.1801,-328.95384615384614,1.8766666666666667,3.2677514792899407,38.78550295857988,675,74,0.002549889306542211,,3.3742603550295858,801
310,0.1791,-345.0769230769231,2.0591666666666666,3.7043343653250775,39.13312693498452,652,76,0.0025871304536536363,,3.863777089783282,892
311,0.1781,-417.3538461538462,2.5033333333333334,4.254335260115607,40.320809248554916,694,76,0.002495015999003249,,4.417630057803469,816
312,0.1771,-354.84615384615387,1.8533333333333333,3.2622699386503067,38.45092024539877,649,76,0.0024658962088873453,,3.3996937212863707,228
313,0.1762,-349.0615384615385,2.02,3.3653566229985445,38.704512372634646,694,76,0.0022591644011189537,,3.550218340611354,406
314,0.1752,-417.96923076923076,2.3,3.9056603773584904,39.731494920174164,688,74,0.0023853169069815465,,4.057971014492754,94
315,0.1742,-345.46153846153845,1.925,3.3207831325301207,38.480421686746986,665,77,0.002441369702833609,,3.4578313253012047,107
316,0.1732,-400.2769230769231,2.185,3.5874822190611666,39.30298719772404,712,74,0.0025551623645822447,,3.7226173541963017,427
317,0.1723,-344.0769230769231,2.029166666666667,3.4918032786885247,39.0193740685544,681,77,0.0025779122627530198,,3.633383010432191,811
318,0.1713,-324.83076923076925,1.7358333333333333,3.1867088607594938,38.42879746835443,638,74,0.002573619301355374,,3.325434439178515,460
319,0.1704,-391.53846153846155,2.2641666666666667,3.8448023426061493,39.97803806734993,693,77,0.00246136511116283,,4.0,54
320,0.1694,-376.5230769230769,2.1575,3.6652110625909753,39.40320232896652,688,74,0.0024523973136372666,,3.8471615720524017,66
321,0.1685,-366.9076923076923,2.11,3.4035812672176307,39.150137741046834,718,72,0.0024575386412989952,,3.571625344352617,715
322,0.1676,-360.7846153846154,1.9441666666666666,3.4129129129129128,38.67567567567568,665,68,0.002577953593481894,,3.575075075075075,754
323,0.1666,-334.3230769230769,1.9408333333333334,3.30466472303207,38.44606413994169,682,77,0.0024534301983979013,,3.454810495626822,294
324,0.1657,-319.44615384615383,1.8125,3.0988372093023258,38.46656976744186,681,79,0.002407685279853991,,3.245639534883721,250
325,0.1648,-329.24615384615385,1.98,3.466867469879518,38.79216867469879,663,79,0.0024230304741143815,,3.608433734939759,425
326,0.1639,-392.80000000000007,1.9541666666666666,3.4389140271493215,38.965309200603315,669,78,0.0025165513410612696,,3.6108597285067874,412
327,0.163,-401.18461538461537,2.1008333333333336,3.6990881458966567,39.27203647416413,659,73,0.0024099975128284035,,3.8267477203647418,376
328,0.1621,-336.73846153846154,1.9483333333333333,3.4119402985074627,39.01194029850746,665,79,0.0023103515287901857,,3.5671641791044775,450
329,0.1612,-365.36923076923074,2.1508333333333334,3.77645305514158,39.24292101341282,673,79,0.002379673513933665,,3.926974664679583,220
330,0.1603,-351.86153846153843,2.1908333333333334,3.778592375366569,39.64956011730205,679,77,0.002433105460644256,,3.942815249266862,794
331,0.1594,-320.9230769230769,1.6641666666666666,2.873684210526316,37.68571428571428,669,74,0.0024972775438688527,,3.0180451127819548,479
332,0.1585,-384.19999999999993,2.1266666666666665,3.753822629969419,39.337920489296636,659,76,0.0025279111146023826,,3.8960244648318043,635
333,0.1577,-340.38461538461536,1.8125,3.2914728682170544,38.775193798449614,647,75,0.002582800971608764,,3.4449612403100773,682
334,0.1568,-349.84615384615387,2.12,3.5301724137931036,38.89655172413793,684,79,0.0025909139855926073,,3.7054597701149423,83
335,0.1559,-339.81538461538463,2.03,3.7012383900928794,39.1640866873065,643,77,0.0025236959726588426,,3.8266253869969042,864
336,0.155,-308.53846153846155,1.7016666666666667,3.013803680981595,38.329754601226995,653,81,0.002638814723838511,,3.145705521472393,728
337,0.1542,-328.89230769230767,1.8516666666666666,3.323943661971831,38.71048513302034,637,78,0.0027146213355983074,,3.4726134585289516,701
338,0.1533,-331.10769230769233,1.9558333333333333,3.4846625766871164,38.82208588957055,656,75,0.0026183479039060707,,3.625766871165644,454
339,0.1525,-353.18461538461537,2.03,3.6452599388379205,38.99082568807339,650,73,0.002629590292854479,,3.779816513761468,803
340,0.1516,-340.0615384615385,1.9075,3.3471582181259603,38.73732718894009,661,75,0.002532710138383025,,3.50384024577573,885
341,0.1508,-366.8153846153846,1.9441666666666666,3.3055555555555554,38.93421052631579,693,76,0.00255770391661897,,3.4415204678362574,782
342,0.15,-358.70769230769235,1.9991666666666668,3.5029673590504453,38.725519287833826,668,78,0.002638465583789343,,3.642433234421365,877
343,0.1491,-352.04615384615386,1.9533333333333334,3.350515463917526,38.84683357879234,681,79,0.0026798201683339525,,3.5184094256259204,81
344,0.1483,-378.2769230769231,2.0325,3.5662100456621006,38.74429223744292,659,71,0.0027534280610726405,,3.7031963470319633,126
345,0.1475,-305.1846153846154,1.7225,2.973013493253373,38.08095952023988,678,80,0.0029569622082714214,,3.1199400299850075,698
346,0.1467,-313.6615384615385,1.9866666666666666,3.5379939209726445,39.06079027355623,661,80,0.0027682395188173862,,3.702127659574468,200
347,0.1459,-299.83076923076925,1.7266666666666666,3.0060698027314112,38.040971168437025,665,74,0.002888544103171712,,3.1471927162367224,749
348,0.1451,-321.4769230769231,1.8216666666666668,3.1707317073170733,38.66463414634146,655,74,0.00258805158392741,,3.3003048780487805,190
349,0.1443,-336.86153846153843,1.875,3.2594268476621417,38.580693815987935,663,70,0.002469015522927851,,3.3755656108597285,556
350,0.1435,-352.3692307692308,1.97,3.636220472440945,38.62992125984252,631,75,0.0025265655693675624,,3.762204724409449,309
351,0.1427,-336.79999999999995,2.0008333333333335,3.4376854599406528,38.781899109792285,668,75,0.002442872216822662,,3.5845697329376853,855
352,0.1419,-374.16923076923075,2.0033333333333334,3.445765230312036,38.968796433878154,680,80,0.002407492277898258,,3.597325408618128,334
353,0.1411,-359.29230769230765,1.99,3.521276595744681,38.556231003039514,656,71,0.002505817807372482,,3.6732522796352582,206
354,0.1403,-389.66153846153844,2.1883333333333335,3.8500749625187405,39.46326836581709,665,74,0.002486260257810322,,4.0,679
355,0.1395,-313.3384615384615,1.8,3.1343283582089554,38.46865671641791,675,74,0.002596432045222766,,3.2522388059701495,543
356,0.1388,-406.5230769230769,2.0925,3.5993975903614457,39.08132530120482,672,69,0.0026183510789787186,,3.7379518072289155,373
357,0.138,-339.2923076923077,1.9883333333333333,3.579192546583851,39.07919254658385,646,74,0.002655608889763737,,3.7147286821705428,96
358,0.1372,-380.2769230769231,2.0908333333333333,3.6954545454545453,39.18636363636364,664,80,0.0025438620517900567,,3.833585476550681,84
359,0.1365,-326.38461538461536,1.7158333333333333,3.1051805337519625,38.3861852433281,642,75,0.0025229319365401358,,3.2433281004709578,40
360,0.1357,-307.6923076923077,1.715,3.0526315789473686,38.21981424148607,652,78,0.002606474507264632,,3.1839258114374034,68
361,0.135,-314.9846153846154,1.8766666666666667,3.400625978090767,38.924882629107984,644,78,0.002632726754883054,,3.563380281690141,790
362,0.1342,-345.70769230769235,1.9675,3.4206586826347305,38.77245508982036,660,77,0.00273592452034124,,3.592814371257485,247
363,0.1335,-349.5076923076923,1.9591666666666667,3.437116564417178,38.872699386503065,654,76,0.00262509988047569,,3.607361963190184,180
364,0.1327,-317.04615384615386,1.8466666666666667,3.2222222222222223,38.6996996996997,668,77,0.0025140557797097636,,3.3663663663663663,29
365,0.132,-359.21538461538455,1.9541666666666666,3.2425531914893617,38.55177304964539,700,72,0.0023937470222171117,,3.382978723404255,415
366,0.1313,-287.0923076923077,1.6858333333333333,2.981900452488688,38.40723981900452,666,77,0.0023966756376974565,,3.108433734939759,593
367,0.1306,-328.73846153846154,1.8516666666666666,3.408517350157729,38.64195583596214,638,77,0.0026041531320839394,,3.5189274447949526,748
368,0.1298,-343.3692307692308,1.75,3.0837070254110612,38.219730941704036,671,76,0.0024733554313754362,,3.2062780269058297,470
369,0.1291,-289.4923076923077,1.6716666666666666,2.9083969465648853,38.07480916030534,656,78,0.0024423535660551008,,3.0229007633587788,424
370,0.1284,-342.0,1.9641666666666666,3.4771341463414633,39.297256097560975,654,75,0.0024152612086597433,,3.606707317073171,743
371,0.1277,-321.61538461538464,1.9641666666666666,3.356204379562044,39.315328467153286,684,81,0.00250490012617112,,3.512408759124088,222
372,0.127,-316.0769230769231,1.9466666666666668,3.3746268656716416,38.72835820895522,669,79,0.002613431090821422,,3.529850746268657,121
373,0.1263,-321.13846153846157,1.9533333333333334,3.414156626506024,38.59939759036145,665,78,0.0025633886855389114,,3.5677710843373496,476
374,0.1256,-367.33846153846156,2.0766666666666667,3.5792592592592594,39.157037037037036,680,73,0.002557116231074112,,3.7555555555555555,82
375,0.1249,-356.10769230769233,1.9975,3.4038461538461537,38.67011834319526,678,73,0.0026097836828850155,,3.5458579881656807,490
376,0.1242,-299.70769230769235,1.6833333333333333,3.0540123456790123,38.18827160493827,646,79,0.002758556167812106,,3.200617283950617,98
377,0.1235,-349.7692307692307,1.95,3.327354260089686,38.563527653213754,667,74,0.0025675300016671223,,3.502242152466368,513
378,0.1228,-362.2,2.2083333333333335,3.6262203626220364,39.41283124128312,717,77,0.002724438157901592,,3.7642956764295676,546
379,0.1221,-384.24615384615385,2.2066666666666666,3.855855855855856,39.169669669669666,662,75,0.002738874376706201,,4.001501501501502,226
380,0.1215,-323.0615384615385,1.9016666666666666,3.156160458452722,38.411174785100286,695,74,0.002661726251840327,,3.305157593123209,840
381,0.1208,-376.8307692307692,2.005,3.410480349344978,38.9315866084425,692,77,0.0026902568254312683,,3.54796511627907,839
382,0.1201,-314.0923076923077,1.9158333333333333,3.354449472096531,38.85822021116139,654,80,0.002574818494257078,,3.4962292609351433,654
383,0.1195,-331.1538461538462,2.0516666666666667,3.614567526555387,39.15781487101669,653,77,0.0024307402707842824,,3.7769347496206374,21
384,0.1188,-347.38461538461536,2.006666666666667,3.482810164424514,39.35575485799701,675,75,0.00238058244604804,,3.6502242152466366,35
385,0.1181,-318.2153846153846,1.8,3.135135135135135,38.36186186186186,670,76,0.002337532006627373,,3.2882882882882885,285
386,0.1175,-313.61538461538464,1.9041666666666666,3.3753799392097266,38.88601823708207,657,77,0.002351453398490394,,3.5288753799392096,789
387,0.1168,-315.3384615384615,1.8066666666666666,3.0495495495495497,38.55705705705706,672,76,0.00245848604446751,,3.185907046476762,843
388,0.1162,-265.4769230769231,1.5841666666666667,2.9323671497584543,37.808373590982285,625,73,0.002459695334388231,,3.0434782608695654,52
389,0.1156,-370.2461538461538,2.0566666666666666,3.684049079754601,39.08588957055215,647,75,0.002492729294243321,,3.817484662576687,508
390,0.1149,-314.36923076923074,1.9191666666666667,3.2626112759643915,38.76112759643917,674,76,0.0024271352015706204,,3.4183976261127595,621
391,0.1143,-315.2,1.9433333333333334,3.4324734446130503,39.16236722306525,662,79,0.0023422664821640673,,3.581818181818182,243
392,0.1136,-359.53846153846155,1.9525,3.4583963691376702,38.62481089258699,665,70,0.002314596302438969,,3.5854765506807866,15
393,0.113,-310.87692307692305,2.0125,3.622670807453416,39.37888198757764,648,82,0.0023288315551604783,,3.760869565217391,176
394,0.1124,-354.86153846153843,2.0816666666666666,3.610698365527489,38.83655274888559,662,71,0.0024346866812735264,,3.7667161961367013,193
395,0.1118,-369.4769230769231,2.0458333333333334,3.56203288490284,39.01793721973094,665,76,0.0025041988929341225,,3.717488789237668,210
396,0.1112,-330.21538461538466,1.7808333333333333,3.1497005988023954,38.22904191616767,663,71,0.002602220592997761,,3.3004484304932737,848
397,0.1105,-283.86153846153843,1.8316666666666668,3.199404761904762,38.73809523809524,673,81,0.0026544780395041617,,3.3407738095238093,559
398,0.1099,-382.5692307692307,2.2158333333333333,3.796511627906977,39.37354651162791,677,78,0.0025608529722667022,,3.9375,713
399,0.1093,-329.0769230769231,1.8408333333333333,3.2462006079027357,38.71884498480243,646,73,0.002541289076123987,,3.396656534954407,474
400,0.1087,-308.4,1.8858333333333333,3.363777089783282,38.78637770897833,662,73,0.0024392378638496805,,3.541795665634675,194
401,0.1081,-336.9846153846154,2.1141666666666667,3.48068669527897,39.287553648068666,702,79,0.0024283577328700176,,3.6180257510729614,352
402,0.1075,-352.10769230769233,2.0716666666666668,3.6248108925869893,39.299546142208776,663,75,0.0025916342750522785,,3.773071104387292,53
403,0.1069,-329.13846153846157,1.9325,3.384266263237519,38.65960665658094,664,73,0.002486751852543666,,3.5158850226928897,528
404,0.1063,-372.59999999999997,2.223333333333333,3.620592383638928,39.30042313117066,711,78,0.0024745230675672896,,3.8053596614950633,720
405,0.1057,-379.6461538461539,2.2533333333333334,3.9359165424739193,39.575260804769,673,76,0.002487248013570617,,4.1385991058122205,150
406,0.1052,-355.46153846153845,2.0091666666666668,3.4426470588235296,39.18382352941177,682,78,0.0026478664011163303,,3.6029411764705883,61
407,0.1046,-321.04615384615386,1.865,3.1066856330014225,38.412517780938835,687,76,0.0026896366471537733,,3.2475106685633,694
408,0.104,-317.10769230769233,1.7516666666666667,3.023598820058997,38.25368731563422,667,75,0.002666250629658747,,3.1607669616519174,583
409,0.1034,-350.10769230769233,2.0608333333333335,3.519765739385066,39.058565153733525,686,76,0.0026202311766304848,,3.6734992679355782,746
410,0.1028,-343.23076923076917,2.0391666666666666,3.449275362318841,38.766666666666666,683,78,0.0026398464191539584,,3.5652173913043477,420
411,0.1023,-318.32307692307694,1.8925,3.440993788819876,38.683229813664596,637,78,0.002581660983249947,,3.5729813664596275,63
412,0.1017,-326.5076923076923,1.9216666666666666,3.3604826546003017,38.84917043740573,662,80,0.002492076774078249,,3.5279034690799396,863
413,0.1011,-308.0923076923077,1.7966666666666666,3.136904761904762,38.482142857142854,667,77,0.0024356731207552545,,3.2604166666666665,108
414,0.1006,-352.4923076923077,2.0425,3.628614916286149,39.5144596651446,670,79,0.002145804503499228,,3.73972602739726,65
415,0.1,-364.21538461538466,2.1908333333333334,3.5392156862745097,39.022408963585434,712,79,0.002112045137157081,,3.712885154061625,281
416,0.0995,-368.2,2.0875,3.654135338345865,38.9218045112782,655,73,0.0021840983722905545,,3.780451127819549,767
417,0.0989,-353.84615384615387,1.8816666666666666,3.3177710843373496,38.3960843373494,660,69,0.0023714800023863134,,3.4759036144578315,623
418,0.0984,-347.5692307692308,1.9425,3.314327485380117,38.77485380116959,689,73,0.0024535032630310493,,3.492690058479532,134
419,0.0978,-346.75384615384615,2.0416666666666665,3.4150943396226414,38.822931785195934,688,77,0.0024192284084718586,,3.5384615384615383,237
420,0.0973,-369.5692307692308,2.1308333333333334,3.722139673105498,39.43684992570579,673,73,0.0024430921166909937,,3.8692421991084696,744
421,0.0968,-331.0153846153846,1.7383333333333333,3.1118110236220473,37.965354330708664,638,73,0.002539372770937372,,3.2425196850393703,620
422,0.0962,-336.1692307692308,1.9333333333333333,3.520440251572327,38.9685534591195,638,77,0.0025613105382859803,,3.6729559748427674,409
423,0.0957,-323.04615384615386,1.9266666666666667,3.3373313343328337,38.96701649175412,676,77,0.0025227776858523427,,3.499250374812594,346
424,0.0952,-329.3076923076923,1.9566666666666668,3.24962852897474,38.58989598811293,689,75,0.0024975081747291264,,3.401188707280832,175
425,0.0946,-331.1230769230769,2.0616666666666665,3.5764705882352943,39.25147058823529,679,81,0.0024879976888286426,,3.7161764705882354,496
426,0.0941,-354.03076923076924,2.0283333333333333,3.4388807069219443,38.995581737849776,678,81,0.00249074500642072,,3.586156111929308,315
427,0.0936,-368.16923076923075,1.9458333333333333,3.408071748878924,38.261584454409565,657,69,0.002402205767669659,,3.5739910313901344,402
428,0.0931,-368.78461538461534,2.0533333333333332,3.3386627906976742,38.37936046511628,699,77,0.0023480373614629723,,3.4825581395348837,571
429,0.0926,-324.7692307692308,1.8816666666666666,3.2433234421364987,38.87388724035608,676,78,0.002326904587645035,,3.387240356083086,676
430,0.092,-369.5692307692308,2.033333333333333,3.4771048744460855,38.881831610044316,685,75,0.002445063110408904,,3.6307237813884785,353
431,0.0915,-333.9230769230769,1.8141666666666667,3.2349304482225656,38.50077279752705,649,74,0.002546423822446926,,3.39258114374034,645
432,0.091,-317.26153846153846,1.8191666666666666,3.1909774436090226,38.793984962406014,670,75,0.0028071451493154906,,3.374436090225564,643
433,0.0905,-325.73846153846154,2.046666666666667,3.381294964028777,39.280575539568346,704,81,0.0028577886470489357,,3.5467625899280577,248
434,0.09,-315.3230769230769,1.8183333333333334,3.2665639445300463,38.64869029275809,651,72,0.0028828377208951587,,3.406779661016949,866
435,0.0895,-288.55384615384617,1.7783333333333333,3.099388379204893,38.54128440366973,644,81,0.0029066338043587997,,3.2660550458715596,473
436,0.089,-346.3384615384615,1.9408333333333334,3.3338323353293413,38.6497005988024,666,73,0.002993702225657414,,3.501497005988024,712
437,0.0885,-308.76923076923083,1.7416666666666667,3.0737327188940093,38.423963133640555,655,76,0.002911407299927826,,3.1996927803379416,651
438,0.088,-299.4923076923077,1.9258333333333333,3.34703196347032,38.56164383561644,652,79,0.0028563403441136293,,3.493150684931507,661
439,0.0876,-302.10769230769233,1.7416666666666667,3.1606864274570983,38.366614664586585,633,79,0.0027285139001239616,,3.287051482059282,457
440,0.0871,-372.2307692307693,2.1175,3.610294117647059,39.15,679,73,0.002770338156605544,,3.7661764705882352,323
441,0.0866,-341.16923076923075,1.8808333333333334,3.1098430813124107,38.42796005706134,698,78,0.0027591968137714545,,3.2710413694721825,363
442,0.0861,-318.73846153846154,1.8341666666666667,3.1979320531757756,38.602658788774,678,75,0.002655471612229538,,3.3190546528803546,852
443,0.0856,-350.7076923076923,1.9666666666666666,3.558139534883721,38.82480620155039,645,77,0.002614802100588359,,3.7162790697674417,88
444,0.0852,-343.2615384615384,1.8875,3.1269614835948647,38.45506419400856,700,76,0.002582212115893426,,3.253922967189729,438
445,0.0847,-327.4923076923077,1.9566666666666668,3.414156626506024,38.51355421686747,659,73,0.0025889028819946125,,3.5512048192771086,732
446,0.0842,-299.2615384615384,1.7316666666666667,3.141524105754277,38.339035769828925,642,74,0.002767120294080382,,3.2581648522550544,336
447,0.0838,-358.0153846153846,2.203333333333333,3.8088888888888888,39.47851851851852,667,78,0.0028496242163662203,,3.925925925925926,498
448,0.0833,-313.38461538461536,1.8241666666666667,3.21505376344086,38.293394777265746,654,77,0.002818929888517817,,3.3471582181259603,764
449,0.0828,-352.35384615384623,2.1375,3.596797671033479,39.29403202328967,692,80,0.0028390674422950992,,3.7205240174672487,320
450,0.0824,-298.03076923076924,1.755,3.160186625194401,38.20684292379471,645,77,0.0028173682954689624,,3.3079315707620527,763
451,0.0819,-327.18461538461537,1.7708333333333333,3.106544901065449,38.136986301369866,657,75,0.0026421003493270396,,3.249619482496195,267
452,0.0815,-360.44615384615383,1.8458333333333334,3.1422222222222222,38.27111111111111,662,72,0.0024538228100356723,,3.3155555555555556,482
453,0.081,-324.7692307692308,1.9908333333333332,3.299426934097421,38.81375358166189,702,80,0.0023757361253774253,,3.4484240687679084,501
454,0.0806,-362.26153846153846,1.9933333333333334,3.336283185840708,38.74778761061947,684,76,0.002602097078579604,,3.4985250737463125,147
455,0.0801,-315.3538461538461,1.9391666666666667,3.4397590361445785,39.29216867469879,660,76,0.0025945611513072775,,3.608433734939759,820
456,0.0797,-342.03076923076924,1.8891666666666667,3.2842105263157895,38.948872180451126,676,75,0.0025418223897870273,,3.488721804511278,104
457,0.0792,-337.0923076923077,1.8691666666666666,3.125184094256259,38.167893961708394,678,69,0.0025365048851964125,,3.2676470588235293,831
458,0.0788,-348.96923076923076,2.1133333333333333,3.6158357771260996,39.280058651026394,682,79,0.0025152644289257783,,3.7463343108504397,270
459,0.0784,-333.8153846153846,1.9416666666666667,3.3402061855670104,38.845360824742265,674,78,0.0024269892069845086,,3.484536082474227,860
460,0.0779,-300.3538461538461,1.8583333333333334,3.3717357910906296,39.07066052227343,649,81,0.0024612489098603365,,3.5268817204301075,142
461,0.0775,-311.9076923076923,1.9208333333333334,3.4226646248085757,38.88361408882083,649,82,0.0024690792746657427,,3.546707503828484,6
462,0.0771,-338.86153846153843,2.0191666666666666,3.638888888888889,38.78703703703704,638,74,0.0024880325749295083,,3.7885802469135803,389
463,0.0766,-330.41538461538465,1.8225,3.2685185185185186,38.53703703703704,653,75,0.002473592804053315,,3.3981481481481484,527
464,0.0762,-361.723076923077,2.1525,3.667149059334298,39.24746743849494,683,77,0.0026242749822679903,,3.845151953690304,276
465,0.0758,-330.16923076923075,2.0366666666666666,3.3804034582132565,38.783861671469744,691,81,0.0026737431987631675,,3.5302593659942363,443
466,0.0754,-298.61538461538464,1.7608333333333333,3.196875,38.1625,635,76,0.002808883191799571,,3.346875,92
467,0.075,-331.38461538461536,1.8983333333333334,3.356164383561644,38.44596651445966,660,75,0.0025728145283062456,,3.470319634703196,462
468,0.0745,-310.0153846153846,1.7408333333333332,3.073170731707317,38.21951219512195,659,75,0.002620035541161894,,3.2088414634146343,257
469,0.0741,-321.6307692307692,1.8625,3.3087557603686637,38.293394777265746,649,77,0.002473241745708149,,3.4500768049155144,467
470,0.0737,-298.61538461538464,1.7025,2.9880239520958085,37.90119760479042,668,70,0.0023278364439111208,,3.1362275449101795,768
471,0.0733,-342.9076923076923,1.9266666666666667,3.4732006125574273,38.22052067381317,641,67,0.002491143714696457,,3.6385911179173047,548
472,0.0729,-314.2923076923077,1.875,3.2840059790732434,38.624813153961135,667,78,0.0025162180593224404,,3.4245142002989537,284
473,0.0725,-312.04615384615386,1.7858333333333334,3.218266253869969,38.523219814241486,653,78,0.0024969749168849784,,3.362229102167183,642
474,0.0721,-363.95384615384614,1.9433333333333334,3.433130699088146,38.77963525835866,657,77,0.0024331260177628436,,3.559270516717325,165
475,0.0717,-323.67692307692306,1.9641666666666666,3.3135838150289016,38.5621387283237,689,78,0.002403942518973378,,3.472543352601156,519
476,0.0713,-329.9384615384615,1.8208333333333333,3.1379310344827585,38.155922038980506,672,69,0.002532601401483799,,3.269865067466267,116
477,0.0709,-359.63076923076926,2.033333333333333,3.315202231520223,38.90516039051604,714,75,0.002573026377636147,,3.4644351464435146,45
478,0.0705,-350.6769230769231,2.0516666666666667,3.3796033994334276,38.81728045325779,714,73,0.002687263683576847,,3.576487252124646,493
479,0.0701,-313.5230769230769,1.7758333333333334,3.0749625187406298,38.523238380809595,662,78,0.002711235726564447,,3.2083958020989507,465
480,0.0697,-288.6307692307692,1.7458333333333333,3.17774343122102,38.46058732612055,638,76,0.002738441590650068,,3.329211746522411,80
481,0.0694,-310.5230769230769,1.8516666666666666,3.2110091743119265,38.551987767584095,661,76,0.0026309544681968316,,3.364885496183206,5
482,0.069,-372.1538461538462,2.0725,3.463203463203463,38.95093795093795,700,75,0.002625311438479753,,3.6075036075036073,145
483,0.0686,-357.6923076923077,2.013333333333333,3.5074850299401197,38.883233532934135,667,70,0.002623745241275016,,3.6766467065868262,122
484,0.0682,-308.7692307692308,1.9158333333333333,3.3753753753753752,38.92342342342342,664,77,0.0025500680566040864,,3.4954954954954953,541
485,0.0678,-326.6461538461538,1.9483333333333333,3.42572741194487,39.03215926493109,672,78,0.0025680979660403494,,3.594180704441041,254
486,0.0675,-321.70769230769224,2.0208333333333335,3.407142857142857,38.934285714285714,699,75,0.0025524444284805922,,3.527142857142857,762
487,0.0671,-282.20000000000005,1.6125,2.871794871794872,37.496229260935145,647,75,0.0025698492616676645,,3.018099547511312,869
488,0.0667,-345.3538461538462,1.8858333333333333,3.13933236574746,38.178519593613935,689,71,0.0024892049751591818,,3.293178519593614,428
489,0.0664,-300.3846153846154,1.655,3.0538827258320125,37.86053882725832,638,75,0.0024617526985770983,,3.196513470681458,382
490,0.066,-339.89230769230767,1.9358333333333333,3.418918918918919,38.734234234234236,655,71,0.0024841111324040393,,3.5555555555555554,211
491,0.0656,-319.55384615384617,1.845,3.1468023255813953,38.450581395348834,686,75,0.0024859850452110667,,3.292151162790698,648
492,0.0653,-323.8307692307692,1.7883333333333333,3.094256259204713,38.304860088365245,670,74,0.0024223768170785133,,3.29160530191458,704
493,0.0649,-323.1692307692308,1.9175,3.263157894736842,38.72222222222222,679,77,0.002608902424939344,,3.3830409356725144,769
494,0.0645,-342.23076923076917,1.9458333333333333,3.344213649851632,38.676557863501486,674,74,0.0024954167165259504,,3.5014836795252227,299
495,0.0642,-359.9384615384616,2.046666666666667,3.4438040345821324,38.5792507204611,698,74,0.0024807981169900134,,3.6095100864553316,625
496,0.0638,-325.5692307692308,1.9058333333333333,3.5046728971962615,39.14485981308411,634,78,0.002393226238386394,,3.629283489096573,741
497,0.0635,-301.44615384615383,1.855,3.2098214285714284,38.629464285714285,670,83,0.002376744367353497,,3.3601190476190474,722
498,0.0631,-306.6307692307692,1.8033333333333332,3.126315789473684,38.21804511278196,663,74,0.002520030794477175,,3.2661654135338347,730
499,0.0628,-314.63076923076926,1.8783333333333334,3.1818181818181817,38.31524926686217,682,79,0.002472946583446045,,3.3504398826979473,110
500,0.0624,-342.0,1.9733333333333334,3.3902439024390243,38.676829268292686,651,77,0.002441493920239247,,3.5548780487804876,340
501,0.0621,-337.7692307692308,2.0225,3.3480113636363638,38.890625,702,73,0.002287282593939765,,3.5042613636363638,404
502,0.0617,-347.55384615384617,2.1283333333333334,3.648367952522255,39.06379821958457,671,78,0.0022271077637693827,,3.8026706231454006,358
503,0.0614,-287.29230769230765,1.6983333333333333,3.0677966101694913,38.164869029275806,649,78,0.0023764891788939143,,3.1910631741140216,99
504,0.0611,-333.78461538461534,1.8608333333333333,3.2743628185907045,38.76611694152923,662,79,0.0023882618108216217,,3.3898050974512746,135
505,0.0607,-302.4923076923077,1.9383333333333332,3.2091690544412605,38.99283667621776,700,86,0.0023619890337233393,,3.3624641833810887,293
506,0.0604,-302.0,1.7383333333333333,3.095679012345679,38.33179012345679,652,78,0.0023049725902527666,,3.253086419753086,686
507,0.06,-346.0,1.89,3.191458026509573,38.54786450662739,686,72,0.0022833228190925646,,3.3519882179675995,383
508,0.0597,-312.1076923076922,1.925,3.298816568047337,38.531065088757394,675,76,0.002496752209099702,,3.4363905325443787,809
509,0.0594,-303.81538461538463,1.77,3.067547723935389,38.215859030837,669,69,0.002590990335301725,,3.221407624633431,747
510,0.0591,-337.7692307692307,1.8766666666666667,3.3102918586789554,38.36098310291859,653,77,0.0026375507233779827,,3.473926380368098,716
511,0.0587,-325.61538461538464,1.9466666666666668,3.4496951219512195,38.80335365853659,664,77,0.002506006708260507,,3.591463414634146,227
512,0.0584,-325.38461538461536,1.9541666666666666,3.260371959942775,38.758226037195996,696,75,0.0025337269430598685,,3.4206008583690988,0
513,0.0581,-333.36923076923074,1.9866666666666666,3.479699248120301,38.711278195488724,667,78,0.0026541674220841496,,3.606015037593985,705
514,0.0578,-302.3538461538461,1.7666666666666666,3.1080669710806696,38.15220700152207,662,72,0.0027523931882180693,,3.2796352583586628,547
515,0.0574,-305.1846153846154,1.8758333333333332,3.2821270310192023,38.70014771048744,673,77,0.0025644372948968415,,3.413589364844904,283
516,0.0571,-301.2769230769231,1.875,3.303951367781155,38.82218844984803,663,78,0.0024866907870104895,,3.4620060790273555,253
517,0.0568,-348.0615384615385,1.9025,3.3738601823708207,38.60182370820669,653,74,0.00235761527515062,,3.5045592705167175,441
518,0.0565,-314.9384615384615,1.7441666666666666,3.107361963190184,38.61349693251534,651,73,0.002429060204699337,,3.2377300613496933,585
519,0.0562,-345.7692307692308,2.0833333333333335,3.5527859237536656,38.94428152492669,685,77,0.002435390319272092,,3.690615835777126,644
520,0.0559,-304.8,1.81,3.245723172628305,38.614307931570764,653,75,0.002444016922835366,,3.3950233281493003,466
521,0.0556,-320.46153846153845,1.8616666666666666,3.230654761904762,38.62797619047619,663,77,0.00239174678668488,,3.3779761904761907,234
522,0.0553,-307.1538461538462,1.8133333333333332,3.1363636363636362,38.49242424242424,671,77,0.002558169037272711,,3.271212121212121,507
523,0.0549,-325.7076923076923,1.9591666666666667,3.307121661721068,38.72700296735905,667,78,0.002449830421980816,,3.451038575667656,87
524,0.0546,-322.6615384615385,1.9016666666666666,3.278592375366569,38.87390029325513,683,76,0.0024627107264564873,,3.404692082111437,269
525,0.0543,-339.00000000000006,1.8725,3.2492447129909365,38.49395770392749,664,75,0.0023516667671286697,,3.377643504531722,249
526,0.054,-303.1230769230769,1.8633333333333333,3.1397379912663754,38.67394468704512,687,77,0.0023377906379526236,,3.2911208151382825,8
527,0.0537,-320.6461538461538,1.9833333333333334,3.361111111111111,38.47222222222222,671,73,0.002378238680444397,,3.5190058479532165,239
528,0.0534,-268.70769230769224,1.6183333333333334,2.84053651266766,37.92250372578241,664,79,0.002413224582388057,,2.9672131147540983,887
529,0.0531,-306.3538461538461,1.8991666666666667,3.1434720229555237,38.54949784791965,693,79,0.0024066169760534645,,3.2793696275071635,678
530,0.0529,-309.0923076923077,1.765,3.188767550702028,38.0795631825273,632,75,0.0025063442342695037,,3.3510140405616227,22
531,0.0526,-338.6615384615384,1.8933333333333333,3.3587786259541983,38.74503816793893,660,79,0.0024061077054579614,,3.468702290076336,827
532,0.0523,-307.5692307692308,1.8325,3.267884322678843,38.64231354642313,651,77,0.002300153895882464,,3.3972602739726026,838
533,0.052,-297.0615384615385,1.725,2.846264367816092,37.91379310344828,696,74,0.002408060405464949,,2.9956896551724137,339
534,0.0517,-327.96923076923076,1.8933333333333333,3.2781065088757395,38.24556213017752,665,77,0.002454882867814162,,3.3949704142011834,119
535,0.0514,-286.81538461538463,1.75,3.1282843894899535,38.057187017001546,648,77,0.0024415009270706413,,3.2627511591962906,43
536,0.0511,-341.9076923076923,1.9541666666666666,3.4319880418535127,39.125560538116595,674,76,0.0026519256367023895,,3.538805970149254,825
537,0.0508,-302.6769230769231,1.6675,3.1041666666666665,38.12820512820513,634,72,0.0027738843785397416,,3.2564102564102564,586
538,0.0506,-333.3846153846154,2.0025,3.3238231098430813,38.530670470756064,700,79,0.0026911735961276193,,3.5049928673323825,446
539,0.0503,-296.75384615384615,1.7366666666666666,3.037707390648567,38.30316742081448,657,78,0.002637829433642314,,3.165912518853695,624
540,0.05,-310.6,1.9383333333333332,3.508527131782946,38.967441860465115,639,78,0.0024181904480876718,,3.6573643410852714,598
541,0.05,-314.4307692307692,1.7933333333333332,3.118796992481203,38.437593984962405,664,73,0.002300975024155898,,3.2387387387387387,388
542,0.05,-332.72307692307686,1.7525,3.1080669710806696,38.06240487062405,655,71,0.002267532364601635,,3.2663622526636225,778
543,0.05,-319.5692307692308,1.9058333333333333,3.361280487804878,38.71646341463415,651,78,0.0022422214490448564,,3.5060975609756095,631
544,0.05,-332.80000000000007,1.9241666666666666,3.2627737226277373,38.47883211678832,681,70,0.002272995565270615,,3.437956204379562,688
545,0.05,-322.1230769230769,1.815,3.243451463790447,38.37596302003082,647,76,0.002290452789482028,,3.354391371340524,818
546,0.05,-361.89230769230767,2.275,3.764872521246459,39.35269121813031,704,77,0.0023947580386243306,,3.91643059490085,287
547,0.05,-363.7692307692308,2.115,3.482269503546099,38.98014184397163,714,73,0.002476542878185196,,3.626950354609929,534
548,0.05,-337.5538461538461,1.9375,3.3289085545722714,38.72861356932153,677,78,0.002601038031834533,,3.4852507374631267,318
549,0.05,-305.4307692307692,1.77,3.265079365079365,38.03174603174603,621,74,0.002580650021098327,,3.43968253968254,422
550,0.05,-313.70769230769235,1.7508333333333332,3.0857580398162328,38.27718223583461,658,73,0.00246556562299066,,3.231240428790199,708
551,0.05,-331.15384615384613,1.9616666666666667,3.5131375579598147,39.16692426584235,638,75,0.0025563126000521853,,3.6553323029366305,693
552,0.05,-367.61538461538464,2.155,3.6085714285714285,39.285714285714285,703,73,0.002492094672725592,,3.76,177
553,0.05,-311.4769230769231,1.8508333333333333,3.2,38.32537313432836,670,76,0.002365669550533017,,3.3268656716417913,241
554,0.05,-313.83076923076925,1.8591666666666666,3.1847988077496274,38.55141579731744,670,73,0.002391049152265893,,3.338301043219076,18
555,0.05,-324.33846153846156,1.9391666666666667,3.3176470588235296,38.91323529411765,683,80,0.002335981165809161,,3.4367647058823527,187
556,0.05,-314.61538461538464,1.6691666666666667,3.0122699386503067,38.513803680981596,653,78,0.002331870482181453,,3.1671779141104293,891
557,0.05,-291.7846153846154,1.7058333333333333,3.1537242472266245,38.3391442155309,625,80,0.0024680477677795193,,3.277337559429477,366
558,0.05,-324.69230769230774,2.0058333333333334,3.2825174825174823,38.60979020979021,702,75,0.002447800371594189,,3.4391608391608393,300
559,0.05,-346.0923076923077,1.9516666666666667,3.5177195685670264,38.8597842835131,653,74,0.002520634702483545,,3.6594761171032357,796
560,0.05,-370.0153846153846,2.115,3.5478260869565217,39.15942028985507,685,77,0.0026265870624910662,,3.7250361794500724,549
561,0.05,-343.16923076923075,1.8733333333333333,3.3947368421052633,38.68575851393189,649,71,0.0025448441971751266,,3.5603715170278636,232
562,0.05,-297.03076923076924,1.7933333333333332,3.271293375394322,38.67350157728707,647,77,0.002690316111426648,,3.3943217665615144,544
563,0.05,-309.73846153846154,1.8033333333333332,3.323296354992076,38.37242472266244,626,71,0.0026605946426363106,,3.4484944532488115,494
564,0.05,-306.55384615384617,1.79,3.2581143740340033,38.519319938176196,633,76,0.0026882597879426743,,3.412673879443586,646
565,0.05,-303.12307692307695,1.78,3.0708898944193064,38.15082956259427,663,78,0.002758881954387817,,3.2051282051282053,550
566,0.05,-313.4,1.8291666666666666,3.241112828438949,38.15146831530139,642,77,0.0026891113254495615,,3.4049459041731067,524
567,0.05,-371.32307692307694,2.14,3.564655172413793,38.9669540229885,694,73,0.0026393807701889076,,3.710186513629842,873
568,0.05,-333.44615384615383,1.9908333333333332,3.3554913294797686,38.89306358381503,700,78,0.0026855009132064137,,3.5014450867052025,209
569,0.05,-312.53846153846155,1.8108333333333333,3.248062015503876,38.924031007751935,648,78,0.002596152147661239,,3.4046511627906977,793
570,0.05,-342.4923076923077,2.0825,3.6787878787878787,39.61969696969697,655,77,0.0024774932984833347,,3.821482602118003,127
571,0.05,-341.7692307692308,2.1241666666666665,3.6184971098265897,39.13583815028902,688,79,0.00246640192035369,,3.7832369942196533,405
572,0.05,-298.78461538461545,1.8191666666666666,3.368839427662957,38.81558028616852,630,80,0.002502181570962132,,3.508744038155803,221
573,0.05,-347.9692307692308,1.9175,3.4129429892141756,38.84129429892142,651,73,0.0023652072814717884,,3.5454545454545454,756
574,0.05,-331.70769230769224,1.8958333333333333,3.401526717557252,38.90992366412214,652,73,0.002224723326214254,,3.5557251908396945,897
575,0.05,-320.9846153846154,1.8825,3.331297709923664,39.0763358778626,663,74,0.002464075099545565,,3.49618320610687,603
576,0.05,-312.63076923076915,1.8816666666666666,3.188046647230321,39.021865889212826,688,73,0.0025265807971057447,,3.3352769679300294,20
577,0.05,-333.1692307692308,1.9083333333333334,3.225806451612903,38.34310850439883,679,74,0.0026277208287668096,,3.3856304985337244,59
578,0.05,-336.2461538461538,1.8366666666666667,3.110294117647059,38.220588235294116,683,74,0.0026367379936171878,,3.2529411764705882,367
579,0.05,-300.58461538461535,1.7016666666666667,2.961136023916293,38.13153961136024,664,78,0.002479023811890448,,3.094170403587444,893
580,0.05,-303.2615384615384,1.6441666666666668,3.147403685092127,38.165829145728644,598,73,0.0024810393886607277,,3.271356783919598,619
581,0.05,-355.36923076923074,2.0741666666666667,3.5519287833827895,39.29080118694362,684,77,0.002447322081185023,,3.7136498516320473,13
582,0.05,-342.3538461538461,2.0125,3.4043795620437955,39.18248175182482,686,81,0.0023618583609736872,,3.5481049562682214,729
583,0.05,-319.19999999999993,1.8966666666666667,3.345509893455099,39.269406392694066,666,80,0.002463666955853325,,3.4840182648401825,607
584,0.05,-303.9076923076923,1.8158333333333334,3.2018348623853212,38.71559633027523,664,79,0.002413729067886721,,3.3465648854961834,440
585,0.05,-352.5538461538461,1.9175,3.3117469879518073,38.74548192771084,665,67,0.002312561077360756,,3.4759036144578315,487
586,0.05,-363.6461538461539,2.1033333333333335,3.401418439716312,39.0113475177305,704,76,0.002460527961415301,,3.5460992907801416,702
587,0.05,-277.3538461538461,1.5608333333333333,2.752688172043011,37.69431643625192,652,77,0.0025624571060610855,,2.9155145929339477,844
588,0.05,-324.24615384615385,1.7658333333333334,3.1104294478527605,38.4079754601227,661,70,0.0024085102248917597,,3.2407975460122698,316
589,0.05,-276.32307692307694,1.5725,2.9643435980551054,37.763371150729334,620,71,0.0024545809561926334,,3.0956239870340356,279
590,0.05,-322.3076923076923,1.8433333333333333,3.283536585365854,38.61737804878049,650,73,0.00247704758833075,,3.4359756097560976,347
591,0.05,-352.9230769230769,2.0483333333333333,3.548725637181409,38.99850074962519,675,75,0.0026665765878191895,,3.6551724137931036,386
592,0.05,-303.3230769230769,1.6683333333333332,2.9436834094368343,38.1324200913242,661,73,0.002583986345899353,,3.0943683409436833,161
593,0.05,-337.8153846153846,2.0341666666666667,3.5834586466165415,38.92631578947368,647,73,0.0024622070728004177,,3.706766917293233,505
594,0.05,-358.4,1.8908333333333334,3.2371134020618557,38.63917525773196,679,75,0.002462417124017485,,3.3991163475699557,772
595,0.05,-340.6769230769231,1.9216666666666666,3.3026706231454006,38.74183976261128,682,69,0.0025120006852848873,,3.470326409495549,273
596,0.05,-330.4,1.9808333333333332,3.419881305637982,38.72848664688427,665,76,0.0024746577455448454,,3.5519287833827895,456
597,0.05,-339.4307692307692,1.93,3.470404984423676,39.01090342679128,650,75,0.0024808228621017287,,3.5856697819314642,370
598,0.05,-331.723076923077,1.9366666666666668,3.4143070044709387,38.67511177347243,660,72,0.0026101932237236817,,3.5439642324888228,277
599,0.05,-347.63076923076926,1.9441666666666666,3.3817365269461077,38.616766467065865,663,71,0.00265950365109255,,3.5239520958083834,596
600,0.05,-301.36923076923074,1.8541666666666667,3.1867647058823527,38.370588235294115,673,76,0.0027895893401089127,,3.3088235294117645,506
601,0.05,-341.323076923077,2.0633333333333335,3.56047197640118,38.82743362831859,668,76,0.00269913563970282,,3.7404129793510323,308
602,0.05,-364.29230769230776,2.160833333333333,3.6159420289855073,39.333333333333336,685,76,0.0026786416000567984,,3.773913043478261,344
603,0.05,-329.6769230769231,1.9883333333333333,3.39647577092511,38.92070484581498,667,82,0.002506946617689845,,3.552129221732746,655
604,0.05,-366.16923076923075,2.129166666666667,3.7522796352583585,39.19756838905775,655,77,0.0024220547957085094,,3.8814589665653494,238
605,0.05,-282.9076923076923,1.61,3.001589825119237,37.59936406995231,615,70,0.0026640110188240365,,3.1430842607313196,212
606,0.05,-333.3846153846154,1.9691666666666667,3.504601226993865,39.372699386503065,667,76,0.0025017917991043016,,3.6533742331288344,633
607,0.05,-292.9846153846154,1.715,3.0824427480916032,38.282442748091604,658,74,0.0024948339642940974,,3.238167938931298,453
608,0.05,-305.5846153846154,1.8308333333333333,3.358814352574103,38.58346333853354,639,75,0.002545105168527671,,3.5351014040561624,188
609,0.05,-297.8307692307692,1.6891666666666667,2.8729689807976366,38.07533234859675,690,74,0.0025840246605544114,,3.0073855243722303,419
610,0.05,-346.0153846153846,1.9791666666666667,3.3613933236574747,38.828737300435414,678,74,0.0025038412061802566,,3.5036284470246732,779
611,0.05,-343.676923076923,1.925,3.428792569659443,38.51238390092879,646,72,0.002526395808767508,,3.538699690402477,562
612,0.05,-345.2307692307692,2.035,3.6320610687022903,39.163358778625955,653,74,0.0025672454666946496,,3.8045801526717558,359
613,0.05,-345.0923076923077,2.0541666666666667,3.9019607843137254,39.47385620915033,611,76,0.002599094772228296,,4.040849673202614,203
614,0.05,-337.6923076923077,1.8966666666666667,3.2926470588235293,38.6985294117647,684,76,0.0026128488181200076,,3.4338235294117645,899
615,0.05,-357.87692307692305,2.0483333333333333,3.365079365079365,38.60606060606061,691,79,0.0026241961567925534,,3.481962481962482,452
616,0.05,-357.3692307692308,2.0283333333333333,3.393632416787265,38.9739507959479,695,75,0.0026026406133457004,,3.516642547033285,411
617,0.05,-338.8,2.0391666666666666,3.6924265842349304,39.179289026275114,651,75,0.002603190378757722,,3.8284389489953634,289
618,0.05,-315.0923076923077,1.8566666666666667,3.069464544138929,38.42691751085383,701,77,0.0026711329814875125,,3.183791606367583,413
619,0.05,-326.32307692307694,1.9208333333333334,3.2942050520059434,38.67459138187221,677,73,0.0027116781721545076,,3.4561664190193166,659
620,0.05,-315.21538461538466,1.9066666666666667,3.28657616892911,38.710407239819006,669,76,0.0025787906279393104,,3.4487951807228914,578
621,0.05,-295.52307692307687,1.8625,3.293233082706767,38.49473684210526,662,79,0.0024379800832226074,,3.425563909774436,364
622,0.05,-358.46153846153845,2.185,3.616045845272206,39.04727793696275,694,80,0.002339092333426739,,3.7550143266475646,7
623,0.05,-322.6923076923077,1.8616666666666666,3.225475841874085,38.89019033674963,691,73,0.002464448536848224,,3.389458272327965,260
624,0.05,-295.73846153846154,1.8266666666666667,3.154074074074074,38.69925925925926,673,78,0.002559209863495807,,3.322962962962963,894
625,0.05,-293.1692307692307,1.6416666666666666,2.8814589665653494,37.661094224924014,650,73,0.002559566910899219,,3.027355623100304,590
626,0.05,-329.96923076923076,1.9875,3.4384384384384385,38.912912912912915,673,77,0.0026762175526415586,,3.605105105105105,787
627,0.05,-331.6153846153846,1.94,3.4786585365853657,38.71341463414634,656,73,0.002563546995107473,,3.6128048780487805,321
628,0.05,-281.75384615384615,1.7141666666666666,3.1209302325581394,38.389147286821704,643,75,0.0025584113884575188,,3.2294573643410853,184
629,0.05,-315.9076923076923,1.8358333333333334,3.13049853372434,38.74486803519061,682,79,0.0024858743814960512,,3.2932551319648096,217
630,0.05,-353.8615384615385,1.9725,3.155313351498638,38.559945504087196,732,73,0.002437193277994441,,3.3201634877384194,587
631,0.05,-342.87692307692305,2.120833333333333,3.641812865497076,39.2266081871345,680,79,0.0024714235017852743,,3.8128654970760234,592
632,0.05,-331.1384615384615,1.8066666666666666,3.1378787878787877,38.38787878787879,662,72,0.002467627533157807,,3.275757575757576,333
633,0.05,-324.44615384615383,1.7758333333333334,3.055141579731744,38.05365126676602,670,74,0.002436527103390162,,3.1982116244411327,726
634,0.05,-324.96923076923076,1.8858333333333333,3.2322206095791,38.54426705370101,682,76,0.0025303658793853477,,3.3642960812772134,114
635,0.05,-346.13846153846157,1.9991666666666668,3.489425981873112,39.027190332326285,663,74,0.0025785694420420746,,3.622356495468278,573
636,0.05,-318.2769230769231,1.9725,3.3057142857142856,39.03285714285714,694,82,0.002482803982689118,,3.422857142857143,172
637,0.05,-310.6461538461538,1.835,3.021398002853067,38.378031383737515,699,76,0.0025261822396151364,,3.179743223965763,416
638,0.05,-334.0,1.95,3.520865533230294,38.80216383307573,648,75,0.0025200965425141862,,3.6383307573415764,612
639,0.05,-358.0615384615385,2.0766666666666667,3.5389048991354466,39.16138328530259,704,75,0.0026050828012942244,,3.707492795389049,93
640,0.05,-298.5846153846154,1.66,3.050552922590837,37.824644549763036,630,74,0.002532882631420851,,3.203791469194313,865
641,0.05,-329.84615384615387,2.03,3.3114525139664805,38.986033519553075,714,78,0.0025383751543644763,,3.4539106145251397,403
642,0.05,-339.9230769230769,2.0233333333333334,3.502932551319648,38.875366568914956,676,75,0.0026296717435511812,,3.6818181818181817,381
643,0.05,-308.59999999999997,1.7608333333333333,3.159375,38.009375,635,70,0.002498043639042003,,3.2765625,14
644,0.05,-325.0,2.0216666666666665,3.316596931659693,38.58577405857741,718,73,0.002577001419623855,,3.4714086471408647,847
645,0.05,-318.36923076923074,1.7916666666666667,3.1417682926829267,38.19969512195122,657,71,0.002554783545809486,,3.292682926829268,275
646,0.05,-358.12307692307695,1.9608333333333334,3.43609022556391,38.569924812030074,660,69,0.0025061855372164776,,3.5789473684210527,317
647,0.05,-311.24615384615385,1.89,3.370716510903427,38.345794392523366,640,80,0.0025080284747029955,,3.515576323987539,804
648,0.05,-322.8461538461538,1.7216666666666667,3.0658307210031346,38.21630094043887,646,74,0.0025345408686437963,,3.2115987460815045,502
649,0.05,-323.4,1.93,3.3789954337899544,38.35159817351598,654,73,0.0025050515796276023,,3.4992389649923896,700
650,0.05,-326.6923076923077,1.9583333333333333,3.3294117647058825,39.00147058823529,682,78,0.002556558672518901,,3.4705882352941178,671
651,0.05,-308.0615384615385,1.815,3.3196850393700785,38.58267716535433,636,74,0.0026575822082925476,,3.469291338582677,575
652,0.05,-316.0923076923077,1.7858333333333334,3.1374045801526718,38.210687022900764,648,74,0.0025339002862404146,,3.287022900763359,27
653,0.05,-331.29230769230765,1.9416666666666667,3.516279069767442,38.96279069767442,643,75,0.0025678147893737338,,3.6527131782945736,97
654,0.05,-291.6461538461538,1.7158333333333333,3.171974522292994,38.02866242038217,619,75,0.0025138434293081264,,3.3184713375796178,109
655,0.05,-319.4,1.8875,3.228613569321534,38.50737463126843,685,75,0.0024661306962610566,,3.3731563421828907,566
656,0.05,-358.36923076923074,2.0316666666666667,3.5588673621460507,38.52608047690015,659,73,0.002666267850474676,,3.7257824143070044,360
657,0.05,-324.6,1.915,3.453846153846154,38.91076923076923,656,75,0.0025717380155028105,,3.6153846153846154,30
658,0.05,-307.53846153846155,1.8533333333333333,3.325115562403698,39.00462249614792,655,82,0.002589222930468,,3.4699537750385208,143
659,0.05,-303.276923076923,1.8083333333333333,3.089311859443631,38.10541727672035,677,76,0.0026077320688231227,,3.2152269399707176,259
660,0.05,-330.38461538461536,2.0391666666666666,3.4671532846715327,38.95036496350365,692,75,0.002502317473960033,,3.616058394160584,727
661,0.05,-317.55384615384617,1.8466666666666667,3.2345864661654136,38.6406015037594,656,77,0.0025505775258931863,,3.393984962406015,675
662,0.05,-356.96923076923076,2.013333333333333,3.340028694404591,38.8364418938307,703,77,0.0025130885690067884,,3.4820659971305594,601
663,0.05,-329.55384615384617,1.7933333333333332,3.228878648233487,38.05222734254993,646,72,0.0025183823721185946,,3.377880184331797,178
664,0.05,-343.86153846153843,2.0383333333333336,3.4564254062038406,38.9453471196455,686,73,0.0024817365761957357,,3.6218611521418023,898
665,0.05,-324.70769230769235,1.7491666666666668,3.0950920245398774,38.20858895705521,650,73,0.0024459934669174926,,3.2300613496932513,674
666,0.05,-326.9076923076923,1.8366666666666667,3.1455882352941176,38.745588235294115,682,76,0.002538838553603769,,3.3161764705882355,414
667,0.05,-351.5076923076923,2.1191666666666666,3.614264919941776,39.32896652110626,689,77,0.0025482381874520517,,3.7685589519650655,766
668,0.05,-344.4307692307692,2.0383333333333336,3.4589442815249267,39.17448680351906,681,75,0.0024779995530820375,,3.6114369501466275,849
669,0.05,-329.0615384615385,1.9358333333333333,3.391629297458894,38.732436472346784,668,77,0.0026067494231465584,,3.5381165919282513,669
670,0.05,-345.78461538461534,2.0975,3.5152394775036284,38.8388969521045,682,73,0.0026636469865118015,,3.6545718432510887,758
671,0.05,-333.7692307692308,1.9908333333333332,3.3582966226138034,38.99706314243759,687,76,0.002755358543289134,,3.488986784140969,797
672,0.05,-351.36923076923074,1.8958333333333333,3.3588957055214723,38.39877300613497,655,73,0.002758748315895801,,3.4907975460122698,430
673,0.05,-317.4153846153846,1.8291666666666666,3.1008771929824563,38.21052631578947,684,72,0.002710775742057188,,3.2514619883040936,512
674,0.05,-340.5230769230769,1.9225,3.415503875968992,38.68217054263566,650,74,0.002816988339085756,,3.537984496124031,70
675,0.05,-322.66153846153844,1.8575,3.122754491017964,38.37125748502994,671,78,0.0029053551527989923,,3.2994011976047903,395
676,0.05,-326.0,1.7666666666666666,3.0727272727272728,38.222727272727276,662,71,0.0028333100386891946,,3.242424242424242,630
677,0.05,-271.9384615384615,1.6141666666666667,2.9350237717908083,37.9175911251981,632,79,0.002834770468989971,,3.0776545166402536,11
678,0.05,-305.6461538461539,1.7416666666666667,2.964497041420118,38.24260355029586,675,76,0.002778293993011359,,3.1183431952662723,478
679,0.05,-307.24615384615385,1.8591666666666666,3.1932153392330385,38.86430678466077,680,78,0.0026023809506454817,,3.308259587020649,392
680,0.05,-315.4307692307692,1.6683333333333332,2.8770614692653673,37.8815592203898,658,73,0.002518954701672993,,3.0449775112443778,874
681,0.05,-336.4461538461539,1.9025,3.3110119047619047,38.299107142857146,667,71,0.0024552297785620995,,3.450892857142857,131
682,0.05,-346.3846153846154,1.9383333333333332,3.1872340425531913,38.43262411347518,702,73,0.002581661142830726,,3.354609929078014,322
683,0.05,-316.70769230769235,1.82,3.246913580246914,38.41512345679013,655,81,0.0025964608845699465,,3.3935185185185186,736
684,0.05,-314.83076923076925,1.9591666666666667,3.32992700729927,38.87007299270073,688,81,0.0025096782562251166,,3.4715328467153284,872
685,0.05,-315.9076923076923,1.8075,3.0828402366863905,38.1301775147929,671,74,0.0023752350441543705,,3.272189349112426,197
686,0.05,-348.86153846153843,2.0341666666666667,3.327683615819209,38.940677966101696,709,79,0.002511329641426378,,3.480225988700565,560
687,0.05,-317.7846153846154,2.0091666666666668,3.4962406015037595,39.01203007518797,669,78,0.0026068867885007964,,3.6345864661654135,845
688,0.05,-302.55384615384617,1.7075,3.0697674418604652,38.13643410852713,642,76,0.002614337888370389,,3.193798449612403,531
689,0.05,-325.15384615384613,1.8883333333333334,3.1878612716763004,38.68063583815029,692,75,0.0025479553456784726,,3.346820809248555,426
690,0.05,-321.86153846153843,1.9358333333333333,3.2781065088757395,38.77218934911242,680,79,0.002649114414939021,,3.4171597633136095,826
691,0.05,-309.5230769230769,1.8958333333333333,3.366412213740458,38.954198473282446,657,78,0.0025891408995778195,,3.500763358778626,26
692,0.05,-320.6,1.7833333333333334,3.067365269461078,38.59431137724551,673,76,0.0025544912905666934,,3.1991017964071857,319
693,0.05,-315.4153846153846,1.93,3.2667660208643814,38.85245901639344,682,76,0.002565146796126614,,3.412202380952381,290
694,0.05,-355.86153846153843,2.0716666666666668,3.3480662983425415,38.91160220994475,733,78,0.0025545779128672693,,3.49585635359116,862
695,0.05,-356.86153846153843,2.0408333333333335,3.5284431137724552,38.800898203592816,674,76,0.0024815272415669755,,3.682634730538922,451
696,0.05,-318.10769230769233,1.8525,3.1177325581395348,38.55813953488372,688,77,0.002466846660617343,,3.260174418604651,155
697,0.05,-346.5076923076923,1.9633333333333334,3.282608695652174,38.93043478260869,692,81,0.002511798509292189,,3.4043478260869566,532
698,0.05,-341.2307692307692,2.03,3.4347826086956523,38.83768115942029,688,77,0.002542767209309719,,3.5739130434782607,56
699,0.05,-323.8307692307692,1.8025,3.1745788667687598,37.99234303215926,653,74,0.002582020797471987,,3.327718223583461,399
700,0.05,-306.21538461538466,1.9358333333333333,3.2751091703056767,38.87918486171761,687,77,0.002617601536435462,,3.4395924308588066,207
701,0.05,-322.10769230769233,1.7975,3.185015290519878,38.4388379204893,662,70,0.0025729378198770395,,3.3516819571865444,553
702,0.05,-308.04615384615386,1.8075,3.067349926793558,38.5402635431918,687,76,0.0024439200741057945,,3.2166910688140558,326
703,0.05,-352.5846153846154,2.095,3.6460843373493974,39.118975903614455,664,74,0.002459935953917042,,3.8075187969924813,444
704,0.05,-342.4769230769231,1.7533333333333334,3.0746951219512195,37.890243902439025,659,72,0.0025617273264058,,3.2103658536585367,773
705,0.05,-302.6461538461539,1.67,2.9359756097560976,38.204268292682926,653,78,0.0024965195008200035,,3.0929878048780486,435
706,0.05,-331.46153846153845,1.8266666666666667,3.21092564491654,38.61911987860395,664,75,0.0025414725083328566,,3.3277693474962065,173
707,0.05,-304.4,1.8125,3.2293291731669265,38.70982839313572,648,76,0.0025661648411344946,,3.341653666146646,431
708,0.05,-336.6153846153846,2.0033333333333334,3.5808936825885977,38.97072419106318,654,78,0.002502316318306341,,3.7446153846153845,503
709,0.05,-341.23076923076917,2.15,3.592539454806313,39.19081779053084,698,78,0.0024406062509290363,,3.7374461979913915,784
710,0.05,-316.63076923076926,1.91,3.2109826589595376,38.37138728323699,691,74,0.002373046056167745,,3.3945086705202314,47
711,0.05,-325.53846153846155,1.805,3.145234493192133,38.37216338880484,668,74,0.00239105500342961,,3.3036253776435047,689
712,0.05,-363.723076923077,2.0191666666666666,3.506006006006006,38.729729729729726,665,72,0.0023357748268818188,,3.656156156156156,393
713,0.05,-336.73846153846154,1.9783333333333333,3.3313953488372094,39.138081395348834,699,76,0.0024519132997667067,,3.4636627906976742,86
714,0.05,-324.4769230769231,1.8,3.240740740740741,38.42901234567901,645,74,0.0024715400923101425,,3.3549382716049383,815
715,0.05,-328.2307692307693,2.005,3.540372670807453,39.08385093167702,653,75,0.002519149068574411,,3.6847826086956523,296
716,0.05,-296.6,1.7325,3.0874233128834354,38.3159509202454,653,73,0.002469896103501092,,3.205521472392638,439
717,0.05,-325.0769230769231,1.8408333333333333,3.1931649331352157,37.916790490341754,671,71,0.002505066511239324,,3.387815750371471,822
718,0.05,-347.3538461538461,1.93,3.529595015576324,38.757009345794394,650,75,0.00262250245002235,,3.660436137071651,106
719,0.05,-344.9384615384615,1.9,3.287878787878788,39.027272727272724,665,74,0.00261972216561932,,3.41969696969697,582
720,0.05,-330.4307692307692,1.9991666666666668,3.4642857142857144,39.03125,671,81,0.0027015797844258563,,3.5892857142857144,584
721,0.05,-327.2461538461538,1.7975,3.152337858220211,38.250377073906485,657,73,0.0026009614900172344,,3.266968325791855,117
722,0.05,-291.4769230769231,1.7741666666666667,3.0445103857566767,38.212166172106826,677,77,0.002483029779553208,,3.1706231454005933,57
723,0.05,-303.89230769230767,1.75,3.142194744976816,38.134466769706336,648,72,0.0025131859936766534,,3.2735703245749614,668
724,0.05,-310.95384615384614,2.035,3.526555386949924,39.16995447647952,661,83,0.002511034224429035,,3.6813353566009104,423
725,0.05,-344.7384615384615,2.0508333333333333,3.5572065378900444,39.320950965824665,669,78,0.002541374480338622,,3.7028231797919764,251
726,0.05,-323.87692307692305,1.7775,3.2246489859594383,38.23244929797192,641,73,0.0023711371406069195,,3.3681747269890794,448
727,0.05,-337.81538461538463,2.1258333333333335,3.408469945355191,39.36612021857923,725,84,0.002344016423988564,,3.5724043715846996,609
728,0.05,-336.0153846153846,1.8191666666666666,3.3191153238546605,38.30647709320695,633,75,0.00241387915845753,,3.440758293838863,684
729,0.05,-338.2461538461539,1.8983333333333334,3.222058823529412,38.66029411764706,688,75,0.0024502528129409784,,3.3573529411764707,808
730,0.05,-318.4769230769231,1.9758333333333333,3.312769010043042,38.40889526542324,701,78,0.002479428133411754,,3.4734576757532283,282
731,0.05,-321.2615384615384,1.7241666666666666,3.116279069767442,38.223255813953486,641,70,0.0024553339148688613,,3.2527131782945737,64
732,0.05,-296.69230769230774,1.81,3.1671826625387,38.42879256965944,652,73,0.002451356579365678,,3.3374613003095974,146
733,0.05,-335.8153846153846,1.955,3.3496296296296295,38.543703703703706,681,75,0.002459326835386833,,3.5096296296296297,618
734,0.05,-305.9076923076923,1.7825,3.0494011976047903,38.58083832335329,673,79,0.0024380142783640953,,3.18562874251497,42
735,0.05,-347.6,2.004166666666667,3.50381679389313,39.091603053435115,654,76,0.002389110447285892,,3.618320610687023,79
736,0.05,-316.6615384615385,1.8883333333333334,3.3459214501510575,38.84743202416919,667,78,0.002283695308940706,,3.4803625377643503,814
737,0.05,-344.1846153846154,2.0216666666666665,3.3611510791366905,38.815827338129495,694,74,0.0024041136727623686,,3.535251798561151,272
738,0.05,-312.4153846153846,1.7858333333333334,3.134466769706337,38.11591962905719,656,77,0.0023768470366093064,,3.3106646058732614,37
739,0.05,-338.0769230769231,2.0175,3.469079939668175,38.88235294117647,661,74,0.002403465361522829,,3.6289592760180995,538
740,0.05,-363.26153846153846,1.9708333333333334,3.483383685800604,38.76888217522659,662,76,0.0023357979193516214,,3.620845921450151,805
741,0.05,-337.2307692307692,2.0908333333333333,3.4702549575070822,39.03399433427762,702,79,0.002252288908894302,,3.6203966005665724,775
742,0.05,-311.89230769230767,1.6875,3.0940438871473352,37.94827586206897,633,72,0.0022243717386898677,,3.238244514106583,245
743,0.05,-358.38461538461536,2.2116666666666664,3.8699551569506725,39.591928251121075,672,72,0.0021772808534739436,,4.049253731343284,638
744,0.05,-345.23076923076917,2.0341666666666667,3.437956204379562,38.92116788321168,684,77,0.0022998588362341823,,3.567883211678832,491
745,0.05,-317.0769230769231,1.7766666666666666,3.088855421686747,37.74548192771084,650,75,0.0022815662521912475,,3.2078313253012047,125
746,0.05,-320.21538461538466,1.7858333333333334,3.3037974683544302,38.337025316455694,628,73,0.0022416630651121566,,3.4525316455696204,124
747,0.05,-306.5692307692308,1.9458333333333333,3.2234957020057307,38.826647564469916,707,82,0.002194505144308606,,3.328080229226361,706
748,0.05,-306.36923076923074,1.7341666666666666,3.1359375,38.4625,638,78,0.002431485375525126,,3.271875,709
749,0.05,-315.86153846153843,1.7983333333333333,3.12332838038633,38.2407132243685,676,74,0.00233008645049234,,3.2704309063893016,38
750,0.05,-260.2,1.6125,2.9779179810725553,37.87066246056782,631,77,0.002239585581549802,,3.085173501577287,162
751,0.05,-328.9846153846154,1.9025,3.2507462686567163,38.73134328358209,671,76,0.002411273317345052,,3.4149253731343285,846
752,0.05,-355.0923076923077,2.1041666666666665,3.5945165945165947,39.23665223665223,686,80,0.002399356575428833,,3.739193083573487,861
753,0.05,-325.5692307692308,1.8125,3.3116057233704295,38.72019077901431,632,74,0.002309542029533737,,3.43879173290938,497
754,0.05,-347.3384615384616,2.0,3.3859649122807016,38.71491228070175,687,74,0.0022987935537317904,,3.5497076023391814,580
755,0.05,-374.9230769230769,2.2358333333333333,3.8223880597014928,39.811940298507466,675,75,0.002199527782470901,,3.962686567164179,34
756,0.05,-315.5076923076923,1.6958333333333333,3.0414746543778803,37.73886328725038,641,73,0.0023473558390383143,,3.21505376344086,672
757,0.05,-355.5076923076923,1.9833333333333334,3.3138686131386863,38.745985401459855,678,75,0.0024488520765762987,,3.451094890510949,372
758,0.05,-317.2769230769231,1.9025,3.115273775216138,38.45677233429395,702,76,0.0026017165987304303,,3.255043227665706,224
759,0.05,-362.3846153846154,2.14,3.519718309859155,39.31830985915493,711,79,0.0024977498268592014,,3.6901408450704225,477
760,0.05,-330.0153846153846,1.8891666666666667,3.2466567607726597,38.542347696879645,668,78,0.002298277724805239,,3.394658753709199,606
761,0.05,-365.5230769230769,2.1108333333333333,3.443197755960729,38.84852734922861,715,73,0.0022586582666533,,3.594670406732118,542
762,0.05,-339.2307692307692,2.0241666666666664,3.321273516642547,38.788712011577424,704,77,0.002268984177500804,,3.496382054992764,219
763,0.05,-313.55384615384617,1.9191666666666667,3.399394856278366,38.61875945537065,655,77,0.0023856403517843023,,3.5264750378214824,390
764,0.05,-307.3692307692308,1.7475,3.1551724137931036,38.274294670846395,646,73,0.002425754674162026,,3.2978056426332287,201
765,0.05,-341.78461538461534,2.0566666666666666,3.533923303834808,38.93362831858407,669,78,0.0025193816882345854,,3.662241887905605,350
766,0.05,-317.6307692307692,1.7733333333333334,3.2053291536050157,38.44984326018809,640,74,0.0025751208662575377,,3.329153605015674,481
767,0.05,-371.0153846153846,2.0316666666666667,3.481536189069424,39.2821270310192,678,79,0.002467174493112744,,3.61890694239291,75
768,0.05,-338.04615384615386,1.825,3.1405563689604685,38.25329428989751,674,72,0.002515857512535104,,3.3191800878477307,788
769,0.05,-299.2461538461538,1.7658333333333334,3.171073094867807,38.07153965785381,640,77,0.0024289748997034996,,3.312597200622084,510
770,0.05,-317.44615384615383,1.8183333333333334,3.1936459909228443,37.9803328290469,660,74,0.0024989173447693526,,3.3146747352496218,774
771,0.05,-346.5692307692308,2.0575,3.495639534883721,39.38081395348837,687,78,0.002522896407443802,,3.640988372093023,354
772,0.05,-312.63076923076926,1.8533333333333333,3.1731343283582087,38.64029850746269,667,75,0.002383379971678,,3.292537313432836,604
773,0.05,-304.3692307692308,1.9133333333333333,3.331845238095238,38.913690476190474,676,77,0.0023867375388094804,,3.5074404761904763,876
774,0.05,-349.323076923077,1.8616666666666666,3.2537537537537538,38.41891891891892,665,73,0.002382201101468838,,3.4144144144144146,218
775,0.05,-321.87692307692305,1.99,3.530139103554869,39.162287480680064,659,82,0.0023998416063212478,,3.6553323029366305,458
776,0.05,-325.10769230769233,1.7808333333333333,3.1552511415525113,38.00152207001522,651,72,0.0023826423403496893,,3.3181126331811264,327
777,0.05,-331.96923076923076,1.875,3.4006163328197228,38.644067796610166,651,75,0.002322720230817191,,3.5392912172573188,432
778,0.05,-315.4307692307692,1.8658333333333332,3.1947291361639825,38.448023426061496,688,77,0.0024317881781736263,,3.3806734992679357,357
779,0.05,-349.13846153846157,1.8616666666666666,3.317901234567901,38.098765432098766,651,72,0.0024607248749654942,,3.4675925925925926,112
780,0.05,-322.0769230769231,1.8941666666666668,3.371559633027523,38.37155963302752,649,73,0.0026348290745232873,,3.522935779816514,85
781,0.05,-370.0615384615385,2.1275,3.5991253644314867,39.18804664723032,693,74,0.0025346158326397944,,3.737609329446064,883
782,0.05,-332.1538461538462,1.84,3.3302034428794993,38.48200312989045,646,75,0.0025839601618287524,,3.4820031298904537,723
783,0.05,-350.75384615384615,2.174166666666667,3.7772795216741404,39.832585949177876,674,76,0.0025000546065331777,,3.9461883408071747,667
784,0.05,-306.5230769230769,1.76,3.1312977099236643,38.03664122137405,653,75,0.002476915560002356,,3.2652439024390243,168
785,0.05,-333.53846153846155,1.8625,3.2590361445783134,38.299698795180724,660,73,0.002439359555319106,,3.4156626506024095,195
786,0.05,-282.4923076923077,1.6275,2.9717868338557993,37.91692789968652,639,73,0.0024309848983383436,,3.1142410015649453,429
787,0.05,-291.89230769230767,1.6891666666666667,2.9737654320987654,38.21913580246913,642,76,0.0024016421530351413,,3.123456790123457,785
788,0.05,-343.7230769230769,2.0808333333333335,3.5137481910274966,38.73806078147612,690,75,0.0022838745110111895,,3.6801736613603473,305
789,0.05,-291.8615384615385,1.7516666666666667,3.0750382848392035,38.01531393568147,649,75,0.002382834052699021,,3.194486983154671,540
790,0.05,-281.5538461538461,1.6733333333333333,3.016949152542373,38.271186440677965,647,76,0.0024577296732234094,,3.157164869029276,314
791,0.05,-363.79999999999995,1.9275,3.224460431654676,38.68345323741007,693,76,0.002169969884747068,,3.3640287769784174,819
792,0.05,-362.9846153846154,1.8608333333333333,3.2818590704647677,38.72713643178411,663,75,0.002339868785026454,,3.4236526946107784,752
793,0.05,-348.0923076923077,1.9091666666666667,3.306184012066365,38.7526395173454,673,75,0.0024512992103900588,,3.4216867469879517,144
794,0.05,-323.2461538461538,1.9683333333333333,3.5987460815047023,39.108150470219435,634,79,0.0025111666947043245,,3.7131661442006267,291
795,0.05,-330.1538461538461,1.8241666666666667,3.122599704579025,38.67208271787297,677,80,0.0024772397847134886,,3.2540620384047267,558
796,0.05,-358.24615384615385,2.0075,3.3461538461538463,38.99145299145299,706,79,0.002597008553651525,,3.4871794871794872,258
797,0.05,-333.4307692307692,1.7841666666666667,3.101040118870728,38.48439821693908,675,75,0.0024807603039405297,,3.264487369985141,799
798,0.05,-331.15384615384613,1.9741666666666666,3.3812316715542523,38.948680351906155,687,75,0.002462297084533541,,3.505865102639296,50
799,0.05,-316.04615384615386,1.8275,3.2442396313364057,38.38863287250384,647,73,0.0024133671729787585,,3.3824884792626726,398
800,0.05,-337.4769230769231,1.9341666666666666,3.3736600306278715,38.85758039816233,654,74,0.002376690085461555,,3.5344563552833077,567
801,0.05,-370.46153846153845,2.1666666666666665,3.643776824034335,39.61945636623748,705,80,0.0024172822693059874,,3.7714285714285714,345
802,0.05,-290.3230769230769,1.6641666666666666,2.9565891472868215,38.049612403100774,650,77,0.0023840202116484823,,3.096124031007752,480
803,0.05,-337.5076923076923,2.0233333333333334,3.2171507607192256,38.571230982019365,712,81,0.0023324499029350513,,3.3789764868603043,100
804,0.05,-293.5846153846154,1.69,2.912850812407681,37.8109305760709,665,78,0.0024071123909263493,,3.0427728613569323,725
805,0.05,-345.96923076923076,2.0841666666666665,3.5036075036075034,39.314574314574315,700,78,0.0023208948446148403,,3.6440922190201728,301
806,0.05,-344.0615384615385,2.0541666666666667,3.581143740340031,38.52241112828439,648,76,0.0022818780332340936,,3.7187017001545595,215
807,0.05,-356.2615384615384,1.9908333333333332,3.267425320056899,38.39829302987198,698,73,0.002239826636194876,,3.4352773826458036,158
808,0.05,-274.7230769230769,1.5566666666666666,2.892405063291139,37.97943037974684,632,76,0.0023435455906396087,,3.0490506329113924,384
809,0.05,-337.26153846153846,1.9916666666666667,3.538109756097561,38.90243902439025,660,75,0.0022147398293674006,,3.6651445966514458,834
810,0.05,-309.9076923076923,1.7233333333333334,3.015267175572519,37.97862595419847,646,74,0.002358804465016752,,3.1371951219512195,3
811,0.05,-346.6461538461539,1.9675,3.393124065769806,38.85500747384155,672,73,0.0023963324299639513,,3.5575485799701045,691
812,0.05,-349.0,2.1083333333333334,3.5672514619883042,39.24707602339181,684,77,0.0023558353269416015,,3.75,868
813,0.05,-315.3846153846154,1.9366666666666668,3.3464447806354007,38.5839636913767,665,76,0.0024411445197235052,,3.4841149773071103,60
814,0.05,-334.0769230769231,1.81,2.9593613933236576,38.1044992743106,692,77,0.002447084752541103,,3.107402031930334,626
815,0.05,-308.5692307692308,1.8325,3.301242236024845,38.27329192546584,644,75,0.0024438919198178266,,3.4425465838509317,858
816,0.05,-350.38461538461536,2.1666666666666665,3.6691285081240768,39.37961595273264,685,80,0.002378733054710415,,3.8345642540620384,298
817,0.05,-336.81538461538463,2.0516666666666667,3.4079885877318117,38.537803138373754,694,77,0.0024059755158044637,,3.5549215406562054,576
818,0.05,-322.32307692307694,1.86,3.065671641791045,38.4044776119403,677,74,0.0024616552485613964,,3.234328358208955,854
819,0.05,-331.12307692307695,1.9116666666666666,3.4578125,38.5671875,642,72,0.002450851030959298,,3.5859375,348
820,0.05,-304.3076923076923,1.8625,3.205925925925926,38.574814814814815,673,80,0.0024958490457223583,,3.3422222222222224,433
821,0.05,-325.6461538461539,1.8875,3.450310559006211,38.62111801242236,641,73,0.0024203793771474863,,3.5854037267080745,351
822,0.05,-311.9846153846154,1.9,3.3102409638554215,38.80722891566265,674,75,0.0025606497505776846,,3.4533132530120483,783
823,0.05,-338.9384615384615,2.0125,3.645865834633385,39.113884555382214,645,77,0.0025910309155559967,,3.7581903276131046,295
824,0.05,-355.79999999999995,2.0858333333333334,3.5028735632183907,38.61350574712644,694,70,0.0025317070056519444,,3.660919540229885,810
825,0.05,-338.5076923076923,2.145,3.6370262390670556,39.36588921282799,686,81,0.0026061174677932297,,3.772594752186589,332
826,0.05,-306.3692307692308,1.9258333333333333,3.1952247191011236,38.7626404494382,708,75,0.002529919428023405,,3.345505617977528,312
827,0.05,-349.1538461538462,1.9616666666666667,3.42814371257485,38.308383233532936,658,72,0.0024599398696348246,,3.5808383233532934,33
828,0.05,-319.38461538461536,1.9525,3.2282453637660486,38.70042796005706,701,76,0.0025331333160626846,,3.3808844507845937,91
829,0.05,-327.0923076923077,2.0058333333333334,3.485925925925926,39.14370370370371,672,78,0.0024488775743713334,,3.64,515
830,0.05,-295.96923076923076,1.6066666666666667,2.781931464174455,37.75077881619938,648,66,0.002412139496827502,,2.9610591900311527,338
831,0.05,-324.84615384615387,1.8791666666666667,3.2391629297458895,38.402092675635274,665,77,0.0024918019930062502,,3.3318385650224216,483
832,0.05,-306.4,1.8458333333333334,3.27217125382263,38.42660550458716,660,74,0.0024505603508558444,,3.403669724770642,62
833,0.05,-313.70769230769235,1.8608333333333333,3.212166172106825,38.24925816023739,660,75,0.0023776290303735917,,3.3560830860534123,469
834,0.05,-325.8461538461538,1.9258333333333333,3.4054054054054053,39.07507507507508,668,79,0.002428016328130755,,3.533033033033033,574
835,0.05,-331.6,2.0383333333333336,3.461313868613139,38.94452554744525,686,77,0.0023821275893417134,,3.5956204379562045,711
836,0.05,-316.1846153846154,1.7183333333333333,3.0972222222222223,38.04320987654321,653,74,0.002526563475782396,,3.2160493827160495,442
837,0.05,-333.3538461538462,1.925,3.344213649851632,38.50445103857567,673,72,0.0025023630245308596,,3.5044510385756675,179
838,0.05,-362.5076923076923,2.095833333333333,3.5114285714285716,39.23571428571429,697,73,0.0024039888638509757,,3.6742857142857144,202
839,0.05,-356.4769230769231,1.9425,3.389393939393939,39.22575757575758,674,72,0.0024891026323618686,,3.559090909090909,214
840,0.05,-321.49230769230763,1.8475,3.2649700598802394,38.60778443113772,661,79,0.0024460606676703833,,3.4191616766467066,95
841,0.05,-346.86153846153843,2.0141666666666667,3.5920245398773005,39.29907975460123,663,78,0.0024487498551734534,,3.7024539877300615,417
842,0.05,-360.5846153846154,1.9,3.494435612082671,38.467408585055644,632,67,0.002486503836656621,,3.616852146263911,856
843,0.05,-344.10769230769233,1.9783333333333333,3.252808988764045,38.86516853932584,708,75,0.0025894346059914235,,3.401685393258427,836
844,0.05,-327.27692307692314,1.9325,3.334328358208955,38.74029850746269,676,77,0.002586121269862198,,3.4686567164179105,616
845,0.05,-380.26153846153846,2.1083333333333334,3.546511627906977,38.844476744186046,681,79,0.0025570065745481292,,3.6744186046511627,216
846,0.05,-318.2307692307692,1.8641666666666667,3.2732732732732734,38.65465465465466,669,75,0.0026058129662622827,,3.4414414414414414,545
847,0.05,-318.7538461538461,1.8133333333333332,3.160060975609756,38.422256097560975,649,78,0.0026828043993908854,,3.283536585365854,302
848,0.05,-308.6769230769231,1.8958333333333333,3.2558823529411764,38.70294117647059,669,79,0.0024959850522189796,,3.386764705882353,41
849,0.05,-327.89230769230767,1.8816666666666666,3.221396731054978,38.12332838038633,668,69,0.002463131938908039,,3.4056463595839523,884
850,0.05,-339.0615384615385,1.89,3.4027777777777777,38.339506172839506,641,75,0.0023663526889610635,,3.5617283950617282,371
851,0.05,-315.87692307692305,1.7516666666666667,3.2717041800643085,38.636655948553056,625,71,0.0024034245088737365,,3.409967845659164,537
852,0.05,-302.0,1.6591666666666667,3.0220125786163523,38.15094339622642,641,73,0.002443631735571094,,3.1556603773584904,875
853,0.05,-314.96923076923076,1.7916666666666667,3.09375,38.086309523809526,671,76,0.002605724671852861,,3.236607142857143,356
854,0.05,-337.09230769230766,1.9791666666666667,3.3605341246290803,38.99258160237389,672,76,0.0026005524500118666,,3.5118694362017804,628
855,0.05,-361.0615384615384,2.0625,3.4941176470588236,38.9264705882353,676,76,0.002417688365927187,,3.664705882352941,256
856,0.05,-341.6,2.005,3.4454277286135695,39.33185840707964,685,79,0.002452134419959278,,3.5855457227138645,859
857,0.05,-335.61538461538464,1.8425,3.176820208023774,38.554234769687966,681,76,0.002448928486928692,,3.362555720653789,455
858,0.05,-367.5230769230769,2.135,3.5976505139500734,38.99265785609398,679,74,0.002439933828975444,,3.7415565345080766,118
859,0.05,-351.6461538461538,2.2075,3.7206303724928365,39.50859598853868,696,81,0.0023922937543560687,,3.855300859598854,589
860,0.05,-339.61538461538464,1.8708333333333333,3.2458770614692654,38.7256371814093,668,74,0.0025332928784596916,,3.371814092953523,890
861,0.05,-346.2153846153846,2.0616666666666665,3.45014245014245,38.77920227920228,699,74,0.0025634167827362775,,3.6230440967283073,561
862,0.05,-333.61538461538464,1.8775,3.264264264264264,38.427927927927925,668,74,0.0025782340320851882,,3.4294294294294296,755
863,0.05,-353.8153846153847,2.0441666666666665,3.4151212553495007,38.79029957203994,696,78,0.0025547046041884468,,3.550641940085592,492
864,0.05,-310.10769230769233,1.6358333333333333,3.0096,38.0768,628,76,0.0025897611736429194,,3.1552,132
865,0.05,-353.0615384615385,2.05,3.4226361031518624,39.15902578796562,708,77,0.002598985939142359,,3.5573065902578795,341
866,0.05,-306.36923076923074,1.9375,3.2673559822747413,38.64549483013294,683,79,0.002554980967862033,,3.3855243722304285,421
867,0.05,-314.9384615384615,1.895,3.180635838150289,38.70809248554913,691,77,0.002530017677510107,,3.3641618497109826,349
868,0.05,-362.4307692307692,2.0208333333333335,3.328591749644381,38.56614509246088,715,71,0.0025698009413483223,,3.507823613086771,641
869,0.05,-341.70769230769235,1.9508333333333334,3.399408284023669,38.69230769230769,678,77,0.0024934164404879673,,3.5133136094674557,523
870,0.05,-305.36923076923074,1.7008333333333334,3.1813725490196076,37.89052287581699,618,70,0.0025997825343313475,,3.3562091503267975,12
871,0.05,-344.6615384615385,1.8716666666666666,3.3353941267387945,38.947449768160745,647,76,0.0025456450054590226,,3.4945904173106648,880
872,0.05,-309.15384615384613,1.8016666666666667,3.2246489859594383,38.18096723868955,637,73,0.0026222323561532414,,3.35202492211838,889
873,0.05,-284.53846153846155,1.6658333333333333,3.0414012738853504,38.195859872611464,627,76,0.002440298289083433,,3.1847133757961785,325
874,0.05,-306.33846153846156,1.7566666666666666,3.1912225705329154,38.509404388714735,639,73,0.0025240751600990987,,3.333855799373041,680
875,0.05,-301.96923076923076,1.7983333333333333,3.112927191679049,38.451708766716195,675,76,0.0025325595489011426,,3.2674591381872213,266
876,0.05,-307.1230769230769,1.7991666666666666,3.1850699844479005,38.38258164852255,638,75,0.0026107816240392052,,3.3312597200622083,58
877,0.05,-333.9384615384615,1.8983333333333334,3.357034795763994,38.7624810892587,667,73,0.0026622779882614603,,3.5052950075642966,328
878,0.05,-340.2307692307692,2.0366666666666666,3.4811046511627906,38.8531976744186,683,77,0.0027263972577505863,,3.627906976744186,666
879,0.05,-311.0923076923077,1.9,3.2618343195266273,38.65384615384615,669,78,0.0026243265899896094,,3.3979289940828403,164
880,0.05,-335.4923076923077,1.8875,3.392638036809816,39.00460122699386,651,76,0.002585080767545136,,3.539877300613497,46
881,0.05,-318.78461538461534,1.945,3.3033381712626997,38.61828737300436,678,77,0.0027856698982908785,,3.467343976777939,565
882,0.05,-367.1846153846154,2.066666666666667,3.5381165919282513,39.17339312406577,669,71,0.0026199369932326717,,3.6920777279521673,306
883,0.05,-339.32307692307694,1.9125,3.2514619883040936,38.37719298245614,676,75,0.002679471561258621,,3.3830409356725144,610
884,0.05,-313.38461538461536,1.8741666666666668,3.156661786237189,38.63689604685212,686,75,0.002622835626403305,,3.323572474377745,2
885,0.05,-325.5230769230769,2.02,3.5761689291101058,39.31372549019608,670,76,0.0026335196355527775,,3.71342383107089,554
886,0.05,-303.15384615384613,1.7716666666666667,3.1345565749235473,38.77217125382263,657,73,0.002446700222291554,,3.285932721712538,588
887,0.05,-318.1538461538462,1.805,3.238828967642527,38.28659476117103,647,68,0.002419705201611486,,3.3436055469953776,714
888,0.05,-313.3230769230769,1.8825,3.205925925925926,38.7837037037037,677,76,0.0023404691616269622,,3.339259259259259,307
889,0.05,-365.8307692307692,2.0058333333333334,3.3993993993993996,38.86336336336336,677,72,0.002434894843730605,,3.5195195195195197,292
890,0.05,-329.7846153846154,2.015,3.3686502177068216,38.937590711175616,695,77,0.0025683089930447407,,3.490566037735849,837
891,0.05,-314.44615384615383,1.8958333333333333,3.3297872340425534,38.80395136778115,659,76,0.002557447124379041,,3.475683890577508,72
892,0.05,-315.8153846153846,1.8141666666666667,3.138805970149254,38.36119402985074,672,76,0.002656339981107977,,3.2865671641791043,681
893,0.05,-344.5692307692308,1.815,3.09009009009009,37.92342342342342,663,71,0.002749841710945881,,3.255255255255255,174
894,0.05,-305.1846153846154,1.8983333333333334,3.4709576138147566,38.149136577708006,637,75,0.002653002640377907,,3.642072213500785,246
895,0.05,-292.46153846153845,1.7133333333333334,3.1023622047244093,37.91811023622047,633,76,0.002671279766865596,,3.237795275590551,205
896,0.05,-294.7230769230769,1.6941666666666666,3.1009463722397475,38.22712933753943,624,74,0.002714851138695633,,3.2334384858044163,699
897,0.05,-321.44615384615383,1.7541666666666667,3.1142857142857143,38.278195488721806,667,75,0.0026528008757720576,,3.250750750750751,102
898,0.05,-319.27692307692314,1.9666666666666666,3.338733431516937,38.73784977908689,673,77,0.002513272472541258,,3.4977908689248896,499
899,0.05,-302.18461538461537,1.8133333333333332,3.328638497652582,38.74178403755869,637,73,0.0025844561211250906,,3.4491392801251957,255
