episode,epsilon,total_reward,avg_queue,avg_wait_s,avg_travel_s,throughput,switches,td_loss,q_table_states,avg_delay_s,traffic_seed
0,1.0,-2481.6,24.5725,80.6875,131.8720238095238,323,81,nan,,187.89729729729729,802
1,0.9945,-3008.507692307692,30.54083333333333,96.51474530831099,151.19571045576407,342,82,nan,,101.80697050938338,268
2,0.989,-3110.4615384615386,33.189166666666665,98.75,159.75255102040816,337,84,nan,,141.09823677581863,153
3,0.9835,-3507.230769230769,36.33416666666667,113.13850415512465,171.33795013850417,319,75,0.09211783803352695,,171.96,738
4,0.9781,-3080.9692307692303,33.625,115.95535714285714,174.8422619047619,303,82,0.04298677260859241,,169.77971014492755,557
5,0.9726,-3395.1846153846154,32.9625,101.80653950953679,161.23978201634878,350,82,0.0561123506138507,,111.99727520435967,459
6,0.9673,-3483.0153846153844,36.80416666666667,117.61363636363636,181.38920454545453,325,84,0.010140365950055968,,134.29234972677597,842
7,0.9619,-2798.9846153846156,25.340833333333332,81.07520891364902,132.64345403899722,329,82,0.014153493788408219,,83.05292479108635,888
8,0.9566,-2872.8153846153846,23.99,73.74598930481284,124.84224598930481,342,82,0.014650479710448742,,73.98930481283422,696
9,0.9513,-2778.630769230769,26.410833333333333,84.1263440860215,132.0,339,80,0.013229575303983946,,86.89267015706807,757
10,0.946,-2638.7999999999997,23.373333333333335,71.50263157894737,125.86578947368422,365,85,0.006970913343821176,,73.14583333333333,331
11,0.9408,-3184.030769230769,27.176666666666666,87.27220630372493,142.945558739255,348,80,0.011997836149607977,,92.48011363636364,377
12,0.9356,-3419.661538461539,33.76833333333333,102.85714285714286,162.88,343,82,0.010060962564702736,,166.06596306068602,807
13,0.9304,-2690.630769230769,23.29083333333333,71.45682451253482,123.68802228412257,348,82,0.012453461854362762,,72.11699164345404,32
14,0.9253,-2620.9076923076927,22.47,72.5,124.08479532163743,335,83,0.01333006347700402,,72.6086956521739,484
15,0.9202,-3112.6769230769232,26.196666666666665,84.83235294117647,137.01470588235293,328,81,0.014749755472168842,,86.96802325581395,724
16,0.9151,-2873.307692307692,29.218333333333334,101.38323353293413,153.2305389221557,311,82,0.01755054355355704,,177.10857142857142,717
17,0.91,-2586.753846153846,28.3675,96.01829268292683,149.21951219512195,316,84,0.017704180092049052,,166.24,418
18,0.905,-2882.0153846153844,27.838333333333335,84.48010610079575,141.23872679045093,370,83,0.020918556070370364,,92.60629921259843,154
19,0.9,-2461.9692307692303,25.2875,76.61042944785277,128.01840490797545,316,79,0.021268688336923025,,131.39339339339338,410
20,0.895,-3458.2307692307695,35.68083333333333,115.09798270893371,176.97406340057637,320,83,0.023525660074894397,,155.384,163
21,0.89,-2703.415384615385,28.8925,92.99449035812673,145.366391184573,339,85,0.02285035350761824,,164.53827160493827,795
22,0.8851,-2685.9692307692308,27.944166666666668,83.25706940874036,133.05141388174806,351,81,0.02407473374197422,,125.04726368159204,263
23,0.8802,-3056.646153846154,30.365,87.9578947368421,139.77631578947367,352,80,0.024267339412152603,,111.97922077922078,186
24,0.8753,-2627.6461538461535,25.00583333333333,87.17771084337349,139.6987951807229,318,82,0.02864506720165914,,91.9410029498525,771
25,0.8705,-2740.0,26.143333333333334,78.44274809160305,132.59541984732823,357,83,0.027365629537507076,,84.38167938931298,262
26,0.8657,-2805.953846153846,30.436666666666667,97.01114206128133,148.64345403899722,314,81,0.02769724532842885,,129.88172043010752,640
27,0.8609,-3093.2307692307695,31.67,94.91048593350384,149.69565217391303,363,82,0.029888647685062286,,103.98976982097187,23
28,0.8561,-3042.8615384615387,33.850833333333334,100.46882793017457,158.4438902743142,347,84,0.030957106507874643,,121.13526570048309,235
29,0.8514,-2596.4615384615386,22.0225,66.69587628865979,118.09278350515464,361,76,0.032668047688984875,,72.51804123711341,791
30,0.8467,-3797.830769230769,38.80916666666667,111.0132625994695,173.22546419098143,359,80,0.03387328012230629,,179.00997506234415,152
31,0.842,-2867.323076923077,25.8425,75.85347043701799,129.280205655527,381,79,0.0345127739461826,,83.41645244215938,204
32,0.8373,-2811.6923076923076,27.216666666666665,80.46851385390428,130.56926952141058,386,82,0.03498148333013035,,87.62407862407862,225
33,0.8327,-2268.830769230769,19.165,62.63294797687861,109.23988439306359,329,82,0.038269055526904724,,64.61707988980716,231
34,0.8281,-2697.2153846153847,24.770833333333332,74.86279683377309,125.68073878627969,359,79,0.0384194971557482,,76.34036939313984,568
35,0.8235,-3017.6,28.171666666666667,83.88917525773196,135.8556701030928,365,80,0.03835536818023756,,106.73027989821882,169
36,0.819,-2661.507692307692,24.8675,82.75287356321839,136.23850574712642,326,79,0.03924611822903898,,103.51420454545455,380
37,0.8144,-2128.907692307692,24.131666666666668,74.39142857142858,125.56571428571428,329,84,0.039696666791997695,,138.29508196721312,731
38,0.8099,-2587.630769230769,26.283333333333335,69.77448071216617,120.87240356083086,339,82,0.03986220676846964,,141.38529411764705,634
39,0.8054,-2720.0,27.25,87.4573002754821,144.33333333333334,341,85,0.04062355448209366,,91.72950819672131,870
40,0.801,-3085.4000000000005,31.321666666666665,90.7917737789203,147.7712082262211,364,78,0.04055838986209077,,122.3931203931204,274
41,0.7966,-2599.9230769230767,24.8875,78.02608695652174,131.09855072463768,337,78,0.04054414748215999,,117.28985507246377,533
42,0.7922,-2531.4153846153845,25.351666666666667,85.14497041420118,136.94970414201183,328,81,0.041043036105591776,,123.48115942028986,761
43,0.7878,-2939.8615384615387,30.3575,94.28337874659401,151.13896457765668,341,82,0.04056045174932552,,109.76566757493188,522
44,0.7834,-2160.0923076923077,19.96,66.50737463126843,117.9410029498525,354,80,0.04070080120641304,,76.49852507374631,851
45,0.7791,-2245.2769230769227,24.099166666666665,72.95833333333333,124.40555555555555,338,82,0.04005373339687199,,101.89166666666667,44
46,0.7748,-2298.246153846154,19.260833333333334,61.6927374301676,112.07541899441341,354,84,0.041599236215171545,,65.01117318435755,765
47,0.7705,-2427.753846153846,24.05,75.5909090909091,126.76470588235294,357,82,0.042331511440654966,,83.81002638522428,563
48,0.7662,-2599.784615384615,20.855,69.63920454545455,119.48863636363636,346,80,0.04290712992263735,,71.26988636363636,552
49,0.762,-2123.9692307692308,19.229166666666668,63.28901734104046,109.5,334,80,0.04253276132352029,,69.17927170868347,489
50,0.7578,-2841.723076923077,26.470833333333335,88.90229885057471,142.08620689655172,337,81,0.04592798847425636,,91.066091954023,853
51,0.7536,-2196.0769230769233,18.1225,61.40816326530612,110.1865889212828,351,82,0.04452545227627977,,65.65889212827989,886
52,0.7494,-2364.353846153846,20.049166666666668,67.27635327635328,116.57264957264957,345,82,0.044293730670681694,,68.35042735042735,449
53,0.7453,-3201.876923076923,32.115,98.66756756756757,154.07297297297296,361,73,0.04324487008775492,,113.77577319587628,658
54,0.7411,-2788.8923076923074,24.4325,73.67105263157895,125.3078947368421,363,76,0.042133020265001826,,84.89473684210526,703
55,0.737,-2232.830769230769,19.11,60.21808510638298,107.89627659574468,346,80,0.04439939849830633,,61.254641909814325,665
56,0.733,-3107.538461538462,29.7225,96.63141993957704,155.13897280966768,340,80,0.041857333309188324,,118.50568181818181,602
57,0.7289,-1328.5846153846153,10.475,34.301449275362316,75.2231884057971,332,85,0.04312315327796809,,34.40462427745665,191
58,0.7249,-2329.2153846153847,23.7375,81.0487106017192,126.96561604584527,317,80,0.04148269048184556,,90.61931818181819,673
59,0.7209,-2779.4615384615386,30.191666666666666,99.13687150837988,152.61173184357543,321,80,0.044883095850728805,,152.52417302798983,895
60,0.7169,-3008.6000000000004,29.020833333333332,86.90178571428571,139.8095238095238,325,79,0.043252354410782436,,126.14488636363636,824
61,0.7129,-2516.723076923077,25.711666666666666,77.70698924731182,126.93548387096774,327,83,0.04483750906701478,,164.92091836734693,375
62,0.709,-2066.5384615384614,18.475,58.93181818181818,109.48295454545455,339,82,0.044241639767533356,,60.63068181818182,615
63,0.705,-2689.584615384615,25.9875,87.80654761904762,137.78571428571428,320,76,0.04269437979798212,,138.27731092436974,16
64,0.7011,-2179.8153846153846,24.054166666666667,76.96378830083566,122.73537604456824,347,83,0.044892222076888734,,105.38359788359789,832
65,0.6973,-2830.5692307692307,26.554166666666667,82.43440233236151,138.03206997084547,336,82,0.04457641062793083,,122.51149425287356,49
66,0.6934,-2480.7076923076925,25.255,82.72988505747126,136.52011494252875,334,80,0.04141895159160641,,88.79022988505747,304
67,0.6896,-2810.953846153846,30.09,83.53141361256544,134.0130890052356,349,80,0.041738704744322244,,162.1645885286783,798
68,0.6858,-2589.953846153846,26.261666666666667,77.65633802816902,128.52957746478873,339,81,0.043723877740101696,,117.64225352112676,159
69,0.682,-2853.415384615385,30.216666666666665,94.67768595041322,149.4022038567493,343,81,0.043550921203356525,,156.4215938303342,564
70,0.6782,-2595.6769230769232,25.39666666666667,77.19736842105263,129.88947368421051,349,82,0.043120622053896586,,88.65789473684211,613
71,0.6744,-2487.8461538461543,24.373333333333335,72.07386363636364,127.26988636363636,356,84,0.04371217194904229,,113.55307262569832,185
72,0.6707,-2489.6923076923076,24.6175,74.52876712328766,124.79178082191781,343,79,0.04626450203348096,,148.43699731903484,692
73,0.667,-2699.169230769231,25.6075,80.20749279538904,134.80115273775215,355,80,0.04368067545000005,,107.37175792507205,73
74,0.6633,-1796.5538461538463,12.528333333333334,41.40974212034384,83.5272206303725,344,76,0.04441108113879354,,41.59312320916906,514
75,0.6596,-2562.0307692307692,23.114166666666666,70.35978835978835,118.47883597883597,347,79,0.04529563151718796,,73.43386243386243,436
76,0.656,-1558.8153846153848,13.283333333333333,43.89080459770115,89.58908045977012,340,84,0.04531831931372319,,44.1580459770115,445
77,0.6524,-2803.2615384615383,27.451666666666668,79.57103064066852,132.01949860724233,360,83,0.043641619391550916,,146.07754010695186,133
78,0.6487,-1946.3076923076924,15.9625,49.91304347826087,92.69836956521739,339,84,0.04325418621343521,,50.15217391304348,156
79,0.6452,-1753.615384615385,14.9725,50.385714285714286,96.46285714285715,332,79,0.04434400027157734,,54.3008356545961,591
80,0.6416,-2137.338461538461,20.4275,63.37467018469657,112.8047493403694,360,83,0.04454375031446217,,68.94722955145119,857
81,0.638,-2250.984615384615,17.89666666666667,56.19086021505376,101.88172043010752,369,76,0.043499782708766,,56.76881720430107,721
82,0.6345,-1886.8615384615382,17.775833333333335,60.54755043227666,105.1757925072046,327,80,0.04539851216389909,,63.59604519774011,690
83,0.631,-2434.769230769231,23.408333333333335,71.40682414698163,120.51443569553805,344,80,0.04353561771334725,,92.82460732984293,400
84,0.6275,-2442.630769230769,22.688333333333333,72.87570621468926,123.1638418079096,333,79,0.04424457166489428,,74.090395480226,817
85,0.624,-1464.246153846154,11.4575,38.201149425287355,80.77011494252874,342,85,0.04322920160291023,,38.36103151862464,579
86,0.6206,-2458.3538461538465,21.448333333333334,65.59791122715404,112.32375979112271,361,80,0.0448709674047664,,65.875,128
87,0.6171,-1647.9692307692308,14.620833333333334,48.572649572649574,93.15669515669515,330,78,0.045108368750913626,,52.08563535911602,650
88,0.6137,-2615.8153846153846,24.186666666666667,77.59673024523161,133.20435967302453,342,80,0.047543570099046556,,82.37665782493369,695
89,0.6103,-1705.0615384615385,13.711666666666666,46.08309455587393,90.32378223495702,326,79,0.04383124348948361,,46.50429799426934,812
90,0.607,-2200.5538461538463,22.883333333333333,73.28851540616246,121.91596638655462,346,80,0.04731577666299379,,113.63060686015831,4
91,0.6036,-2401.7846153846153,23.225833333333334,73.6522911051213,123.91644204851752,357,80,0.045008615219688186,,76.4225721784777,71
92,0.6003,-3032.769230769231,28.94333333333333,85.51637279596977,137.8942065491184,374,83,0.043139617054699035,,86.77581863979849,378
93,0.5969,-2475.630769230769,26.4675,85.69340974212034,139.34957020057305,334,83,0.044563734411956636,,114.7158774373259,792
94,0.5936,-2229.046153846154,23.0525,75.72176308539945,126.11845730027548,328,82,0.04447085990507796,,92.48760330578513,208
95,0.5904,-2581.3384615384616,23.296666666666667,66.26575342465753,113.41917808219178,366,75,0.04196027439290613,,77.88767123287671,753
96,0.5871,-2458.6923076923076,21.00583333333333,69.31830985915492,117.45633802816901,347,80,0.04252466470502956,,71.64507042253521,742
97,0.5838,-2531.6,26.33416666666667,81.23622047244095,129.6981627296588,367,81,0.04385942663974621,,103.25773195876289,10
98,0.5806,-2434.1384615384613,22.375,71.43589743589743,121.51566951566952,350,79,0.04404357229595727,,116.72934472934473,138
99,0.5774,-2281.338461538461,16.405,51.261971830985914,97.61408450704225,361,79,0.04284641320842929,,51.50985915492958,183
100,0.5742,-2012.0,17.905,60.19476744186046,103.48837209302326,333,80,0.04234347606662085,,60.40833333333333,570
101,0.571,-2416.169230769231,25.201666666666668,79.18956043956044,127.43406593406593,351,82,0.043121991454950624,,104.87397260273973,614
102,0.5679,-2180.523076923077,20.508333333333333,60.96866096866097,109.6951566951567,362,77,0.04201289381105588,,72.75,800
103,0.5647,-2062.5999999999995,21.426666666666666,68.85795454545455,115.90056818181819,343,82,0.04347280029846862,,83.88068181818181,394
104,0.5616,-2800.123076923077,25.129166666666666,76.92708333333333,125.39322916666667,363,81,0.04142721646141991,,79.5859375,536
105,0.5585,-2143.8153846153846,21.609166666666667,67.41129032258064,113.0,345,82,0.04171248321550848,,71.65415549597856,39
106,0.5554,-1543.153846153846,13.595,47.108823529411765,92.15294117647059,330,83,0.04242209339549197,,47.0635838150289,31
107,0.5523,-2248.2153846153847,19.97833333333333,63.22826086956522,109.24728260869566,353,80,0.042799092358549944,,66.66576086956522,264
108,0.5493,-1599.0,12.774166666666666,38.279898218829516,81.12977099236642,365,79,0.04400207489898103,,38.82784810126582,526
109,0.5462,-2213.8,18.22833333333333,55.77662337662338,104.98181818181818,365,79,0.040868720741476725,,57.43636363636364,77
110,0.5432,-1644.6769230769232,12.894166666666667,42.201117318435756,84.93575418994413,340,82,0.0432377371830736,,42.26462395543175,297
111,0.5402,-2082.230769230769,16.635833333333334,52.02144772117963,94.54691689008042,361,82,0.04170501596153042,,52.297587131367294,157
112,0.5372,-1402.4307692307693,10.2975,36.3820895522388,78.01492537313433,328,80,0.0415484380956157,,36.6089552238806,881
113,0.5343,-1301.4,9.440833333333334,30.604395604395606,70.95604395604396,341,83,0.04215808126059772,,30.813186813186814,342
114,0.5313,-2435.5230769230766,22.043333333333333,68.04748603351955,115.47486033519553,356,81,0.04260948306934102,,69.05865921787709,130
115,0.5284,-2277.876923076923,19.94,61.82321899736148,107.64643799472296,354,80,0.040641053386313276,,63.11609498680739,103
116,0.5254,-1368.4153846153845,10.131666666666666,31.825214899713465,72.97134670487107,356,78,0.04061025245834743,,32.240687679083095,48
117,0.5225,-2419.492307692308,24.39,74.3945205479452,119.34520547945205,351,78,0.038831684437714044,,104.47258485639686,149
118,0.5196,-2132.4461538461537,19.186666666666667,58.0625,103.85416666666667,371,81,0.03892745814152607,,60.385416666666664,463
119,0.5168,-1916.6615384615386,14.075,44.87570621468927,89.73446327683615,355,80,0.03828749721363342,,45.19774011299435,198
120,0.5139,-1405.4153846153845,10.0075,32.23893805309734,73.45722713864306,351,81,0.038750462982009126,,32.418879056047196,841
121,0.5111,-1724.2307692307695,13.805,43.036842105263155,84.32368421052631,362,82,0.03696606785149171,,43.310526315789474,517
122,0.5082,-1614.246153846154,15.645833333333334,50.37428571428571,97.21428571428571,358,83,0.039037908785895345,,52.37428571428571,649
123,0.5054,-2023.0615384615385,17.2875,55.142857142857146,100.62637362637362,360,82,0.03880845949637277,,54.781333333333336,324
124,0.5026,-1485.046153846154,10.754166666666666,33.45403899721448,76.43175487465182,368,81,0.037854282386476285,,33.75487465181058,627
125,0.4998,-1078.7076923076922,8.278333333333334,27.369747899159663,67.89635854341736,351,81,0.03813223242169989,,27.57703081232493,605
126,0.4971,-2413.9846153846156,23.890833333333333,72.11369509043928,119.05167958656331,372,76,0.036857124658521395,,80.27067669172932,89
127,0.4943,-2445.969230769231,22.958333333333332,70.81671159029649,118.4366576819407,372,79,0.03724004028588639,,72.07486631016043,551
128,0.4916,-1522.876923076923,11.559166666666666,37.598290598290596,81.20797720797721,360,82,0.03795637927777224,,37.78632478632478,434
129,0.4889,-2214.6461538461535,17.519166666666667,57.55523255813954,105.93895348837209,356,76,0.03877108139854061,,59.13662790697674,657
130,0.4862,-2200.876923076923,19.6975,63.62603878116344,111.19113573407202,347,76,0.03940797079023867,,67.10526315789474,313
131,0.4835,-2316.461538461538,22.7525,73.60606060606061,121.94765840220386,343,76,0.0390335156228489,,77.93455497382199,115
132,0.4808,-1748.4,13.989166666666666,45.0,89.54189944134079,343,80,0.039437937601339616,,45.27653631284916,90
133,0.4781,-2068.369230769231,15.265,47.15217391304348,92.61413043478261,386,77,0.0407710524866126,,47.42663043478261,608
134,0.4755,-1557.8153846153846,12.249166666666667,37.74151436031332,78.81723237597912,358,81,0.03864983608021125,,38.005221932114885,167
135,0.4729,-1575.5076923076922,11.0425,34.46949602122016,74.92042440318302,360,75,0.03864888968679837,,34.718832891246684,653
136,0.4703,-1800.6461538461538,14.858333333333333,47.45505617977528,92.74719101123596,341,78,0.039758715936507524,,48.04775280898876,361
137,0.4677,-1484.2615384615383,10.438333333333333,33.19034090909091,75.76420454545455,362,79,0.041189893828483044,,33.87784090909091,397
138,0.4651,-1242.7692307692307,9.25,31.060344827586206,72.16379310344827,344,80,0.0411625068417903,,31.235632183908045,882
139,0.4625,-1563.569230769231,13.894166666666667,45.60623229461756,86.31161473087819,342,80,0.0411393032294628,,54.33068783068783,572
140,0.4599,-2281.8461538461543,19.5775,58.078125,104.10677083333333,377,81,0.04169164219857025,,58.6796875,337
141,0.4574,-1240.876923076923,8.408333333333333,28.38138138138138,68.53753753753753,326,80,0.042509987097366746,,28.62762762762763,488
142,0.4549,-2324.584615384615,24.4825,70.11304347826086,116.89855072463769,351,83,0.04311678792408697,,151.79166666666666,660
143,0.4523,-1926.3846153846155,14.195,44.90909090909091,87.8716577540107,358,77,0.03987049867272949,,45.25668449197861,468
144,0.4498,-1383.9076923076923,10.103333333333333,32.5208913649025,74.05013927576601,361,82,0.0400951300234747,,32.796657381615596,632
145,0.4474,-2232.2307692307695,18.58,59.091644204851754,104.19137466307278,353,76,0.04026176296083152,,59.28763440860215,776
146,0.4449,-1944.5230769230768,18.129166666666666,59.12742382271468,105.50692520775624,341,81,0.04051727075314539,,59.96774193548387,835
147,0.4424,-2625.630769230769,22.450833333333332,64.37009803921569,109.76960784313725,387,76,0.039279634063144844,,64.62009803921569,401
148,0.44,-1828.5384615384614,16.111666666666668,52.77053824362606,97.36827195467423,352,76,0.03904612579607534,,53.243626062322946,485
149,0.4375,-1909.6307692307691,16.875,54.92045454545455,100.47727272727273,361,75,0.04045701880351102,,60.66761363636363,101
150,0.4351,-1575.0461538461539,12.3275,38.70810810810811,80.19459459459459,368,82,0.040765932868758,,38.962162162162166,740
151,0.4327,-2358.5538461538463,21.3125,64.71240105540898,110.76517150395779,370,75,0.041574744711912116,,67.25974025974025,521
152,0.4303,-1487.9846153846156,12.454166666666667,41.62356321839081,83.04310344827586,328,83,0.042536344053278406,,41.96264367816092,520
153,0.4279,-1693.7999999999997,16.633333333333333,55.789625360230545,103.40057636887607,345,82,0.04052852059158186,,64.14363143631437,871
154,0.4256,-2008.646153846154,16.333333333333332,55.351585014409224,101.23631123919309,347,81,0.040149576783916875,,55.72910662824207,833
155,0.4232,-2246.7384615384617,24.06,74.02949061662198,121.92493297587131,348,83,0.04058089847425648,,104.50387596899225,278
156,0.4209,-1711.8307692307694,12.81,38.555263157894736,81.3921052631579,371,76,0.039948414182804336,,38.83684210526316,850
157,0.4185,-844.7846153846153,5.678333333333334,20.212307692307693,58.97538461538461,326,80,0.039375898090552475,,20.45230769230769,286
158,0.4162,-1426.9230769230767,11.29,36.26775956284153,78.3879781420765,352,82,0.03860162871341495,,36.557377049180324,233
159,0.4139,-1863.4923076923076,14.844166666666666,45.36436170212766,87.77127659574468,370,75,0.038925418294590515,,45.46335078534032,330
160,0.4116,-1777.707692307692,14.704166666666667,46.26592797783933,89.98337950138504,358,78,0.039206978486802706,,46.983379501385045,105
161,0.4094,-1309.323076923077,9.285833333333333,29.09248554913295,69.95375722543352,355,81,0.039429299396934486,,29.277456647398843,719
162,0.4071,-2183.4615384615386,19.04,55.96992481203007,103.36842105263158,391,78,0.0392940602687603,,57.21804511278196,213
163,0.4048,-2756.4615384615386,24.559166666666666,71.7979002624672,118.44619422572178,367,78,0.04139616711347994,,80.53727506426735,171
164,0.4026,-1947.0307692307692,15.72,46.211442786069654,88.5223880597015,372,81,0.03922708008308326,,46.54477611940298,718
165,0.4004,-2078.846153846154,22.973333333333333,72.61246612466125,118.70460704607046,351,80,0.03956682834637013,,84.31978319783198,123
166,0.3982,-2342.1538461538466,17.609166666666667,52.624,98.66933333333333,377,74,0.03828721755386879,,52.90133333333333,486
167,0.396,-1470.6461538461538,10.748333333333333,32.62568306010929,77.10109289617486,375,78,0.03891821415474608,,33.322404371584696,343
168,0.3938,-1608.5692307692307,12.306666666666667,38.75555555555555,82.675,358,85,0.040904043775141216,,39.08888888888889,739
169,0.3916,-1636.4,12.678333333333333,39.954301075268816,82.35483870967742,361,81,0.03834319280610087,,40.18817204301075,806
170,0.3894,-1191.246153846154,8.388333333333334,27.687150837988828,68.65921787709497,353,75,0.03846758192371607,,27.97486033519553,271
171,0.3873,-1251.7230769230769,8.58,26.663978494623656,67.2258064516129,369,80,0.0389446867726904,,26.9247311827957,600
172,0.3851,-2012.9846153846156,15.776666666666667,48.798882681564244,93.70949720670392,365,74,0.03905129608491118,,49.48324022346369,111
173,0.383,-1636.5076923076922,12.073333333333334,38.270270270270274,81.81621621621622,363,80,0.03691569748207461,,38.502702702702706,597
174,0.3809,-1170.123076923077,7.651666666666666,25.239436619718308,65.27887323943662,347,77,0.03901551698219555,,25.52394366197183,67
175,0.3788,-1308.0,9.460833333333333,30.63478260869565,72.06086956521739,357,79,0.04026953817864073,,30.918840579710146,539
176,0.3767,-2054.9538461538464,17.329166666666666,52.55613577023499,96.26109660574413,361,82,0.04044898412855216,,52.86161879895561,664
177,0.3746,-1004.7076923076925,7.2225,25.059880239520957,63.47904191616767,312,79,0.03810335880191577,,25.293413173652695,707
178,0.3725,-1397.5384615384614,9.293333333333333,28.837142857142858,69.77142857142857,352,78,0.03794125112625046,,29.2,829
179,0.3705,-1811.5384615384614,15.486666666666666,45.64857881136951,91.90697674418605,375,81,0.03575570542147068,,46.049095607235145,647
180,0.3684,-1135.7230769230769,8.975833333333334,27.8994708994709,68.07936507936508,363,80,0.03747923581285598,,28.1005291005291,555
181,0.3664,-1466.753846153846,11.024166666666666,35.72222222222222,77.88011695906432,354,77,0.03816882272181358,,35.932748538011694,365
182,0.3643,-1245.123076923077,8.973333333333333,28.442934782608695,68.58967391304348,349,79,0.037864043270572904,,28.747282608695652,500
183,0.3623,-1184.7692307692307,8.140833333333333,25.677419354838708,65.25806451612904,343,79,0.03986895216074714,,25.95967741935484,760
184,0.3603,-2228.4307692307693,19.2425,57.80361757105943,101.10594315245478,372,76,0.03930382653594236,,58.400516795865634,733
185,0.3583,-1883.707692307692,19.035,59.007915567282325,103.10554089709763,351,77,0.03973214795508623,,60.2578125,471
186,0.3563,-1646.753846153846,13.386666666666667,42.28219178082192,87.34794520547945,362,81,0.03746277560693624,,42.90958904109589,636
187,0.3544,-1161.5846153846153,8.300833333333333,26.644628099173552,66.77961432506888,352,80,0.037726512925581414,,26.92837465564738,408
188,0.3524,-2403.630769230769,24.258333333333333,73.14795918367346,119.28826530612245,373,78,0.0381069217669535,,97.16953316953317,813
189,0.3505,-1224.9076923076923,8.276666666666667,26.802777777777777,66.24166666666666,339,81,0.03646480671621804,,26.966759002770083,19
190,0.3485,-1469.4307692307693,11.12,35.99184782608695,77.1929347826087,353,77,0.03770077645862726,,36.203804347826086,495
191,0.3466,-1668.9384615384615,11.9975,38.918539325842694,82.13483146067416,347,81,0.03714869191285074,,39.21910112359551,181
192,0.3447,-1795.2,14.740833333333333,46.65642458100559,88.8268156424581,344,78,0.03846340176971886,,46.88826815642458,55
193,0.3428,-1891.3384615384616,15.803333333333333,48.596858638743456,93.20418848167539,366,75,0.03704797174097798,,50.25916230366492,78
194,0.3409,-1742.476923076923,12.059166666666666,39.286118980169974,81.43059490084985,361,79,0.0362587051044391,,39.538243626062325,685
195,0.339,-1437.2,12.248333333333333,38.20159151193634,80.11140583554376,365,78,0.03488765387914141,,38.373684210526314,242
196,0.3371,-1681.6923076923078,12.805,40.36290322580645,83.04301075268818,378,79,0.03667036836460476,,40.564516129032256,74
197,0.3352,-1411.4461538461537,10.773333333333333,34.25806451612903,75.35752688172043,355,75,0.03697001059024624,,34.486559139784944,777
198,0.3334,-1891.1538461538462,15.414166666666667,48.51069518716577,93.6711229946524,361,78,0.0361158834521451,,50.68181818181818,166
199,0.3315,-1002.5999999999999,7.655833333333334,25.729885057471265,65.54885057471265,349,81,0.03571743997708428,,25.96264367816092,745
200,0.3297,-1740.9384615384615,16.644166666666667,51.166666666666664,92.57291666666667,363,80,0.037642075222136064,,56.10335917312661,529
201,0.3279,-1455.7538461538463,14.414166666666667,43.482142857142854,83.54081632653062,359,84,0.037462036777539176,,45.22959183673469,734
202,0.3261,-1249.3692307692309,8.171666666666667,25.26038781163435,64.68698060941828,366,75,0.03612362231758392,,25.537396121883656,170
203,0.3243,-1504.2615384615385,10.845833333333333,33.07310704960835,75.02349869451697,370,77,0.036259430235675044,,33.331592689295036,280
204,0.3225,-1411.6,10.300833333333333,31.11023622047244,71.93438320209974,362,81,0.03535098773891519,,31.333333333333332,639
205,0.3207,-1877.0307692307695,12.795833333333333,39.22192513368984,85.01069518716578,381,78,0.03466607975211977,,39.63903743315508,683
206,0.3189,-1190.4461538461537,8.5925,26.051679586563306,65.6124031007752,377,78,0.03543923128290045,,26.260981912144704,196
207,0.3172,-2059.3384615384616,17.569166666666668,52.18306010928962,96.27595628415301,374,76,0.0345975134124109,,54.06284153005465,737
208,0.3154,-1548.6769230769232,12.0475,37.8494623655914,81.08602150537635,364,77,0.03613887734302173,,38.405913978494624,710
209,0.3137,-1231.3538461538462,8.0925,25.59673024523161,65.47683923705722,363,79,0.03552233785236614,,25.852861035422343,475
210,0.3119,-1693.4307692307693,10.754166666666666,32.35656836461126,73.33243967828419,365,75,0.03601545991068727,,32.524064171122994,867
211,0.3102,-1549.6,11.11,34.774104683195596,78.26721763085399,364,76,0.03671091810859618,,35.044077134986225,362
212,0.3085,-1303.1076923076923,8.698333333333334,27.211382113821138,68.05962059620596,365,72,0.03555981257408848,,27.441734417344172,896
213,0.3068,-1372.6615384615384,9.21,27.95710455764075,68.67292225201072,366,75,0.03515847640248994,,28.142091152815013,252
214,0.3051,-1265.4923076923076,9.375,30.24507042253521,71.0,356,80,0.03544061791859452,,30.43943661971831,599
215,0.3034,-1423.8461538461538,10.7525,34.57765667574932,76.34877384196186,355,79,0.034560295596650414,,34.88828337874659,504
216,0.3017,-1915.0461538461536,16.280833333333334,52.187667560321714,96.76139410187668,364,72,0.03504212157244482,,53.15013404825737,629
217,0.3,-1227.353846153846,9.079166666666667,27.82162162162162,67.44054054054054,352,80,0.034831606881363136,,28.127027027027026,303
218,0.2984,-815.1538461538462,5.8566666666666665,20.520833333333332,59.038690476190474,330,78,0.03387488978385335,,20.75297619047619,751
219,0.2967,-1623.6461538461535,11.655,35.556728232189975,77.58575197889182,369,71,0.032611647654045985,,37.251295336787564,569
220,0.2951,-1556.646153846154,10.739166666666666,33.02122015915119,72.44031830238727,360,75,0.03382568643681024,,33.3289124668435,617
221,0.2935,-1153.6,7.975833333333333,26.56373937677054,66.54107648725213,346,74,0.03320279481788997,,26.81586402266289,594
222,0.2918,-1126.6923076923076,7.534166666666667,23.772988505747126,63.06609195402299,351,78,0.03310863464467112,,24.011494252873565,611
223,0.2902,-2024.876923076923,13.410833333333333,38.34718826405868,79.87286063569682,404,70,0.03388403032946957,,38.62591687041565,518
224,0.2886,-1325.323076923077,9.9725,30.80371352785146,71.16976127320955,357,78,0.03422968952033731,,30.86842105263158,69
225,0.287,-1262.8615384615387,8.83,28.20980926430518,68.0599455040872,363,78,0.035007562461169185,,28.414168937329702,9
226,0.2854,-1325.5846153846153,10.076666666666666,31.260053619302948,71.03217158176943,354,79,0.03512433584545546,,31.49597855227882,387
227,0.2838,-1457.0615384615385,10.831666666666667,32.72631578947368,74.11052631578947,378,78,0.03446490495240411,,32.973684210526315,786
228,0.2823,-1240.4769230769232,9.060833333333333,28.67297297297297,68.69459459459459,361,80,0.03424450054440181,,28.91891891891892,581
229,0.2807,-1612.5076923076924,11.49,34.37309644670051,75.23096446700508,375,78,0.03379387257471548,,34.66243654822335,140
230,0.2792,-1206.8307692307692,9.295833333333333,29.259358288770052,69.79144385026738,355,82,0.03503640617840579,,29.43915343915344,369
231,0.2776,-1135.676923076923,7.123333333333333,22.75872093023256,62.03488372093023,356,76,0.034546905267425154,,22.968023255813954,516
232,0.2761,-1102.7230769230769,7.58,23.349726775956285,62.65573770491803,364,73,0.035612135686600994,,23.581967213114755,677
233,0.2746,-1587.8923076923074,10.421666666666667,31.8218085106383,71.95744680851064,377,70,0.03271888115281842,,32.02925531914894,141
234,0.273,-1537.6923076923078,11.358333333333333,35.5,77.68617021276596,362,78,0.03271750836908048,,35.773936170212764,151
235,0.2715,-1466.7692307692307,10.113333333333333,32.273480662983424,74.20718232044199,357,74,0.03163911043088933,,32.51657458563536,335
236,0.27,-1438.3230769230768,9.805,30.5149863760218,70.85286103542235,364,73,0.0323827709073473,,30.722070844686648,244
237,0.2685,-1122.1692307692306,7.303333333333334,22.873925501432666,61.80229226361031,355,77,0.033391121750943976,,23.186246418338108,265
238,0.267,-1756.8000000000002,13.004166666666666,41.76601671309192,85.47910863509749,358,76,0.03372102488169625,,41.938718662952645,577
239,0.2656,-2058.2923076923075,17.8275,50.81927710843374,92.39036144578313,395,75,0.03166482877070413,,53.313397129186605,396
240,0.2641,-2384.169230769231,18.699166666666667,54.44556962025317,100.7873417721519,414,76,0.031696863676378806,,54.74683544303797,310
241,0.2626,-1337.0307692307692,9.135833333333334,28.25824175824176,69.53571428571429,371,79,0.03202619302004879,,28.48901098901099,223
242,0.2612,-1029.553846153846,6.996666666666667,23.20916905444126,62.46131805157593,342,80,0.03019852826365075,,23.38681948424069,379
243,0.2597,-1104.6153846153848,7.289166666666667,23.852777777777778,64.25833333333334,364,79,0.02983150889576083,,24.125,652
244,0.2583,-1869.4153846153845,13.9475,39.9002557544757,81.75447570332481,386,72,0.03043746242950843,,41.30434782608695,662
245,0.2569,-929.7846153846154,5.505833333333333,18.520231213872833,56.35549132947977,338,77,0.030272542097423864,,18.702312138728324,229
246,0.2555,-1949.7846153846153,13.901666666666667,40.365196078431374,83.10539215686275,400,71,0.03180456240787889,,40.693627450980394,735
247,0.254,-1175.907692307692,8.150833333333333,25.247252747252748,65.23901098901099,371,75,0.032988592560327025,,25.442307692307693,663
248,0.2526,-1340.9846153846156,9.681666666666667,29.76984126984127,70.33597883597884,356,80,0.031090655665630774,,30.047619047619047,511
249,0.2512,-1489.7846153846153,10.188333333333333,29.543147208121827,70.17766497461929,397,71,0.03206693711824394,,29.668354430379747,622
250,0.2498,-1853.4307692307693,16.4375,50.00779220779221,92.25974025974025,369,80,0.03210025927076628,,50.12435233160622,113
251,0.2485,-1751.6153846153845,12.451666666666666,36.43908629441624,77.48223350253807,377,72,0.032526076661585496,,36.68781725888325,437
252,0.2471,-1613.046153846154,10.839166666666667,32.83157894736842,74.12368421052632,382,71,0.03183667149941672,,33.1,823
253,0.2457,-2430.723076923077,22.69,68.07253886010362,115.21243523316062,375,77,0.03383379920602754,,70.86269430051813,17
254,0.2444,-1138.6615384615386,7.735833333333333,24.50137741046832,64.34435261707989,365,75,0.033229296006604944,,24.714285714285715,595
255,0.243,-1178.6769230769232,8.010833333333334,24.873655913978496,64.51075268817205,369,77,0.03185012509554463,,25.137096774193548,76
256,0.2417,-999.2153846153847,7.235833333333333,23.45378151260504,62.73389355742297,356,80,0.030414942141420237,,23.714285714285715,261
257,0.2403,-985.9230769230769,6.385833333333333,20.918367346938776,59.97959183673469,347,77,0.02989997544699242,,21.14868804664723,25
258,0.239,-2503.661538461538,21.739166666666666,65.96382428940568,110.63049095607235,383,70,0.030446900305421805,,74.98708010335918,770
259,0.2377,-922.4461538461538,6.385833333333333,20.50700280112045,58.95238095238095,350,76,0.031012752035530375,,20.787114845938376,687
260,0.2364,-1074.6923076923076,7.844166666666666,26.18285714285714,66.42571428571429,357,79,0.030485898584974223,,26.417142857142856,697
261,0.2351,-1223.4923076923078,7.2525,23.440233236151602,62.57434402332362,356,73,0.03033756586523063,,23.626822157434404,830
262,0.2338,-1013.8769230769233,6.895,21.220108695652176,60.39945652173913,361,76,0.03058970528511452,,21.480978260869566,670
263,0.2325,-1391.8923076923077,8.104166666666666,25.833802816901407,64.6056338028169,350,75,0.028703606952611385,,25.99438202247191,355
264,0.2312,-1341.6923076923076,8.750833333333333,25.70843989769821,65.0537084398977,388,73,0.030255931939584396,,25.964194373401533,24
265,0.2299,-1581.2769230769231,11.3525,34.99736147757256,77.14248021108179,381,74,0.030484690299400694,,35.27968337730871,368
266,0.2286,-1076.4615384615386,8.241666666666667,28.200581395348838,65.875,318,76,0.02954404094580776,,30.278551532033426,230
267,0.2274,-1133.076923076923,7.078333333333333,23.773529411764706,63.92941176470588,356,79,0.02992444751442849,,23.970588235294116,1
268,0.2261,-1393.8307692307694,9.205833333333333,28.35326086956522,68.73097826086956,354,76,0.031575382891588906,,28.720108695652176,878
269,0.2249,-1144.3076923076924,7.370833333333334,23.802777777777777,63.638888888888886,364,75,0.031544254585050356,,24.01388888888889,311
270,0.2236,-867.3076923076924,5.599166666666667,18.138235294117646,56.76176470588236,346,74,0.029351740509365506,,18.352941176470587,879
271,0.2224,-1115.8615384615387,7.145833333333333,22.218836565096954,61.85595567867036,364,74,0.029886089188299964,,22.390581717451525,385
272,0.2211,-1036.476923076923,6.951666666666667,23.129943502824858,61.40112994350282,341,78,0.029035171561741468,,23.333333333333332,137
273,0.2199,-941.0,6.595,21.109826589595375,60.69653179190752,352,75,0.028397100183889478,,21.239884393063583,535
274,0.2187,-940.0615384615385,7.300833333333333,23.44788732394366,62.49577464788732,343,80,0.02854066024744729,,23.687323943661973,530
275,0.2175,-1306.0153846153844,7.1575,21.39710144927536,60.321739130434786,351,69,0.02720217376823194,,21.61159420289855,51
276,0.2163,-1838.0615384615387,15.238333333333333,46.93157894736842,90.64473684210526,374,76,0.03009356076106746,,47.38421052631579,472
277,0.2151,-814.2153846153846,5.4783333333333335,18.66176470588235,56.32058823529412,330,80,0.029103064037792174,,18.83235294117647,637
278,0.2139,-1340.0923076923077,8.065833333333334,26.936936936936938,66.75375375375376,339,71,0.028294641762163092,,27.216216216216218,199
279,0.2127,-1176.2769230769231,7.556666666666667,23.33780160857909,62.20375335120644,362,75,0.029138311311887818,,23.571045576407506,136
280,0.2115,-1158.0461538461536,7.13,22.096,61.38933333333333,372,75,0.02958517134350333,,22.322666666666667,129
281,0.2104,-1066.9538461538464,7.159166666666667,22.936986301369863,62.36164383561644,356,78,0.02895716465541581,,23.175342465753424,407
282,0.2092,-1234.5384615384617,8.665,27.211229946524064,66.54545454545455,366,74,0.028517994782440395,,27.386666666666667,240
283,0.208,-1185.6307692307694,7.73,24.029891304347824,63.96467391304348,359,74,0.028353497360719255,,24.308943089430894,189
284,0.2069,-1214.8153846153846,7.394166666666667,23.5243553008596,63.27507163323782,367,74,0.0294055574118208,,23.719197707736388,391
285,0.2058,-1446.3230769230768,10.071666666666667,30.07908163265306,70.38010204081633,389,73,0.02765627554313408,,30.29591836734694,828
286,0.2046,-1152.6461538461538,6.7725,22.22189349112426,61.739644970414204,351,72,0.02774320786406796,,22.39644970414201,509
287,0.2035,-1427.5384615384617,9.075,26.53191489361702,66.97606382978724,388,71,0.028223402962567624,,26.84840425531915,821
288,0.2024,-1223.2615384615383,7.449166666666667,23.282913165266105,62.73109243697479,366,76,0.027559548497331336,,23.49859943977591,120
289,0.2012,-1064.4923076923076,7.085,22.480555555555554,61.40555555555556,360,78,0.027004454666761678,,22.67222222222222,329
290,0.2001,-1676.2769230769231,13.059166666666666,38.356948228882835,82.04904632152588,382,69,0.027468498121177937,,42.01634877384196,781
291,0.199,-1314.1384615384613,7.796666666666667,25.095238095238095,65.3529411764706,371,75,0.027386389333102275,,25.322128851540615,447
292,0.1979,-1004.323076923077,6.283333333333333,20.253561253561255,58.74643874643875,354,75,0.026151655949521367,,20.435897435897434,750
293,0.1968,-931.1692307692308,6.38,20.934472934472936,59.71509971509972,353,80,0.027695539040921327,,21.110795454545453,461
294,0.1957,-1787.0923076923075,13.533333333333333,40.735849056603776,83.87870619946092,381,74,0.027883502299027047,,41.60916442048517,525
295,0.1946,-1201.0,8.149166666666666,24.365728900255753,63.63938618925831,377,76,0.027448246998380537,,24.66240409207161,148
296,0.1936,-1181.2769230769231,8.150833333333333,26.14404432132964,65.18836565096953,350,74,0.02684369720596055,,26.393351800554015,656
297,0.1925,-1385.0923076923077,12.3225,38.80965147453083,80.91420911528151,358,77,0.026161991237795085,,42.48724489795919,182
298,0.1914,-1902.092307692308,14.8375,44.57840616966581,88.88688946015424,389,73,0.02730124347872001,,44.89974293059126,236
299,0.1904,-1347.0461538461539,8.2175,24.778082191780822,64.57534246575342,375,77,0.02873394263549427,,24.991780821917807,192
300,0.1893,-1550.476923076923,10.545,31.276649746192895,73.52791878172589,391,75,0.027312156636097634,,31.98477157360406,28
301,0.1883,-832.8923076923077,4.844166666666666,16.835365853658537,54.89329268292683,326,78,0.027198886482660316,,16.960365853658537,36
302,0.1872,-1426.7692307692307,10.043333333333333,30.122448979591837,71.40561224489795,388,74,0.02670965851183265,,30.387755102040817,288
303,0.1862,-869.2461538461539,5.93,19.113888888888887,57.65555555555556,359,79,0.0261620197019589,,19.322222222222223,160
304,0.1852,-1207.1846153846154,8.149166666666666,25.80672268907563,65.86274509803921,369,76,0.02683891529792974,,26.044817927170868,464
305,0.1841,-859.9692307692308,5.588333333333333,19.15963855421687,57.47289156626506,331,78,0.025628211710942855,,19.24251497005988,759
306,0.1831,-1070.0461538461539,7.1675,23.169398907103826,62.90710382513661,354,74,0.024781486249678058,,23.404371584699454,780
307,0.1821,-1052.2,7.784166666666667,24.39673913043478,64.29891304347827,372,81,0.024194107837109433,,24.51219512195122,139
308,0.1811,-1009.3692307692307,7.1925,22.95108695652174,61.67391304347826,358,78,0.025397069855747214,,23.179347826086957,374
309,0.1801,-1230.5384615384614,7.6375,23.761394101876675,64.2171581769437,377,72,0.024723804846394033,,24.008042895442358,801
310,0.1791,-1052.8923076923077,6.99,21.372340425531913,60.265957446808514,372,73,0.024660346445440177,,21.580901856763926,892
311,0.1781,-824.9076923076924,5.6725,19.215976331360945,57.77514792899408,338,79,0.024374282885625907,,19.384615384615383,816
312,0.1771,-906.2923076923078,6.020833333333333,21.03012048192771,59.93975903614458,340,72,0.024310018689368003,,21.25,228
313,0.1762,-1181.7846153846153,10.0825,31.03916449086162,71.20104438642298,359,79,0.024046346131948396,,31.87146529562982,406
314,0.1752,-1576.5538461538463,10.570833333333333,30.62857142857143,72.6987012987013,392,76,0.024500348490941258,,30.896103896103895,94
315,0.1742,-1306.3076923076924,9.1025,28.359249329758715,68.75067024128687,374,75,0.024339822317744276,,28.597855227882036,107
316,0.1732,-1097.9538461538461,6.9625,22.736389684813755,62.673352435530084,362,77,0.02471865733329144,,22.93409742120344,427
317,0.1723,-1013.0461538461539,6.8375,22.402266288951843,61.23512747875354,348,73,0.024026990085818784,,22.69971671388102,811
318,0.1713,-813.0461538461539,5.519166666666667,17.252777777777776,55.61666666666667,357,77,0.024684862621859958,,17.427777777777777,460
319,0.1704,-881.5230769230768,5.8975,20.259818731117825,59.096676737160124,333,80,0.024243424709220425,,20.43202416918429,54
320,0.1694,-1556.0,10.963333333333333,32.216577540106954,73.59893048128342,385,78,0.024291799546916425,,32.462566844919785,66
321,0.1685,-1535.8000000000002,9.264166666666666,26.39509536784741,67.71389645776567,385,72,0.02279118179181802,,26.637602179836513,715
322,0.1676,-919.1076923076923,5.8925,18.905714285714286,57.23142857142857,353,76,0.024625685212230547,,19.16,754
323,0.1666,-1043.4615384615386,7.015833333333333,22.121883656509695,61.096952908587255,361,76,0.023005372508844466,,22.329639889196677,294
324,0.1657,-843.5230769230768,4.9775,17.20679012345679,55.0,326,72,0.022869509640648,,17.34769230769231,250
325,0.1648,-1065.8461538461538,8.551666666666666,27.545205479452054,66.75890410958904,343,80,0.024195657463251967,,27.652173913043477,425
326,0.1639,-1240.2307692307693,8.005,23.282722513089006,63.204188481675395,385,75,0.024287252698850393,,23.531413612565444,412
327,0.163,-1191.1384615384613,8.415,25.737967914438503,65.00267379679144,370,74,0.02253331561638286,,25.856,376
328,0.1621,-1011.2,6.7975,22.77777777777778,62.15669515669516,361,72,0.021763405506596535,,22.982905982905983,450
329,0.1612,-1395.676923076923,9.405,29.308310991957104,69.20911528150134,368,74,0.023204745121790816,,29.597855227882036,220
330,0.1603,-1409.6923076923078,9.2375,27.19746835443038,68.85063291139241,400,72,0.02333090142294955,,27.49620253164557,794
331,0.1594,-1286.0615384615387,8.775833333333333,26.615591397849464,66.54569892473118,368,75,0.022312313677371087,,26.887096774193548,479
332,0.1585,-808.4615384615386,5.5575,18.18767507002801,56.36974789915966,345,76,0.021976396015662786,,18.428571428571427,635
333,0.1577,-972.4923076923078,6.48,22.23145400593472,61.26112759643917,341,72,0.022348214629706296,,22.394658753709198,682
334,0.1568,-974.8153846153846,6.764166666666667,20.743869209809265,59.77929155313352,368,76,0.022852234588159513,,20.99182561307902,83
335,0.1559,-973.0923076923076,6.903333333333333,21.898071625344354,60.78512396694215,353,78,0.022425776384962022,,22.02747252747253,864
336,0.155,-1117.2769230769231,7.979166666666667,25.12972972972973,62.972972972972975,349,73,0.02184576693991848,,25.45945945945946,728
337,0.1542,-1287.769230769231,9.65,30.327077747989275,71.02680965147454,371,78,0.022983705637990456,,30.57372654155496,701
338,0.1533,-1269.5692307692307,9.2,28.676392572944298,69.89920424403184,371,74,0.022443852350818187,,28.917771883289124,454
339,0.1525,-972.076923076923,6.6,21.344827586206897,60.827586206896555,357,77,0.02273318252298931,,21.514367816091955,803
340,0.1516,-947.6153846153845,5.746666666666667,19.326647564469916,58.07163323782235,338,73,0.022529486551370246,,19.521489971346703,885
341,0.1508,-1148.9846153846154,9.108333333333333,29.60458452722063,70.1919770773639,356,74,0.02208743379791359,,30.882521489971346,782
342,0.15,-967.7846153846153,6.546666666666667,21.440111420612812,60.21448467966574,350,78,0.02159097745777448,,21.668523676880223,877
343,0.1491,-1496.1538461538462,9.949166666666667,29.586387434554975,70.76439790575917,384,73,0.02031346321268556,,30.445026178010473,81
344,0.1483,-967.3076923076924,6.073333333333333,19.75,58.108333333333334,356,72,0.021426294590573172,,20.011111111111113,126
345,0.1475,-706.6153846153846,4.538333333333333,16.34984520123839,54.126934984520126,327,74,0.021179785388741715,,16.5046439628483,698
346,0.1467,-1325.8000000000002,9.654166666666667,29.48302872062663,69.58746736292429,371,80,0.02097127021171319,,29.81201044386423,200
347,0.1459,-896.2769230769231,6.009166666666666,19.66176470588235,58.38529411764706,352,76,0.02044250809940654,,19.894117647058824,749
348,0.1451,-1104.523076923077,6.423333333333333,21.797687861271676,60.85260115606936,349,74,0.021176341443482495,,22.072254335260116,190
349,0.1443,-826.8153846153846,4.940833333333333,16.62797619047619,54.458333333333336,338,71,0.020876185119885295,,16.839285714285715,556
350,0.1435,-1301.1692307692306,9.245,27.838461538461537,67.42820512820512,384,74,0.021148716935050837,,28.084615384615386,309
351,0.1427,-1354.7384615384615,10.093333333333334,30.955263157894738,71.12368421052632,370,79,0.021964867046336392,,31.176315789473684,855
352,0.1419,-734.0923076923077,4.373333333333333,15.082317073170731,52.83536585365854,328,75,0.02101582640207382,,15.277439024390244,334
353,0.1411,-1526.4615384615386,9.951666666666666,29.368,70.784,390,71,0.0225623617172542,,29.613333333333333,206
354,0.1403,-1104.1692307692308,6.588333333333333,20.412398921832885,59.42048517520216,373,76,0.021543099570181,,20.6900269541779,679
355,0.1395,-938.8615384615384,6.1125,20.806451612903224,59.75659824046921,337,78,0.021818407904891448,,21.020527859237536,543
356,0.1388,-1277.0923076923077,8.643333333333333,26.66490765171504,67.18469656992085,382,74,0.02265209007761527,,26.86543535620053,373
357,0.138,-1091.5846153846155,7.608333333333333,24.714681440443215,64.4792243767313,356,76,0.022651662183272712,,24.897506925207757,96
358,0.1372,-1044.0,6.5375,20.27445652173913,59.37228260869565,367,75,0.021723146064109026,,20.429347826086957,84
359,0.1365,-1354.5538461538463,9.73,30.873626373626372,72.89835164835165,378,77,0.023385311911771272,,31.145604395604394,40
360,0.1357,-957.7538461538463,5.8125,18.218836565096954,56.59556786703601,368,71,0.02401608813575955,,18.465373961218837,68
361,0.135,-1220.646153846154,8.250833333333333,23.800505050505052,63.45959595959596,391,76,0.02233518924569827,,24.035353535353536,790
362,0.1342,-1364.8153846153846,10.213333333333333,33.240112994350284,72.74293785310735,358,75,0.022586032513856248,,33.43502824858757,247
363,0.1335,-1177.769230769231,8.376666666666667,26.284574468085108,66.78191489361703,375,75,0.022961867061992873,,26.52127659574468,180
364,0.1327,-1986.2615384615383,22.74,71.14444444444445,115.51388888888889,360,79,0.022660646550327075,,95.71232876712328,29
365,0.132,-945.0615384615385,6.166666666666667,19.17008797653959,58.178885630498534,347,75,0.022734097524220086,,19.346041055718477,415
366,0.1313,-1611.1230769230772,11.026666666666667,32.482412060301506,72.81155778894473,392,71,0.02321161500798874,,32.675879396984925,593
367,0.1306,-887.5538461538462,6.185833333333333,18.95762711864407,58.152542372881356,363,79,0.021150929783855497,,19.19774011299435,748
368,0.1298,-1178.8307692307692,7.9591666666666665,24.85082872928177,65.16022099447514,371,73,0.021219764362943636,,25.15193370165746,470
369,0.1291,-1259.6,8.889166666666666,28.564606741573034,70.12640449438203,365,72,0.0221858705151726,,28.77247191011236,424
370,0.1284,-813.8461538461539,5.3825,17.497191011235955,55.853932584269664,356,75,0.02167815746640748,,17.674157303370787,743
371,0.1277,-1308.7846153846153,7.160833333333334,21.621983914209114,60.59249329758713,372,66,0.0208464151695956,,21.884718498659517,222
372,0.127,-1151.4153846153845,7.739166666666667,24.673076923076923,63.92857142857143,360,77,0.021414232886111752,,24.82967032967033,121
373,0.1263,-798.7692307692307,4.700833333333334,16.319148936170212,54.401215805471125,332,80,0.02214201587144013,,16.48328267477204,476
374,0.1256,-864.5538461538462,5.3133333333333335,17.91594202898551,56.428985507246374,346,75,0.021679292382312552,,18.133333333333333,82
375,0.1249,-786.8923076923077,5.385833333333333,17.251461988304094,55.27777777777778,342,79,0.021163773705571497,,17.46783625730994,490
376,0.1242,-911.6461538461538,5.9175,18.997214484679667,57.428969359331475,361,76,0.020942407662239836,,19.225626740947074,98
377,0.1235,-1060.753846153846,7.226666666666667,21.491048593350385,60.289002557544755,379,76,0.020288467655596585,,21.762148337595907,513
378,0.1228,-888.9846153846154,5.328333333333333,17.81714285714286,55.934285714285714,343,75,0.01980623358685588,,18.077142857142857,546
379,0.1221,-1174.4153846153847,7.365,22.134920634920636,61.7037037037037,383,73,0.019429992436096073,,22.314814814814813,226
380,0.1215,-1449.3076923076924,10.265,31.952254641909814,74.10875331564986,382,73,0.01892614741313114,,32.29973474801061,840
381,0.1208,-1265.9076923076923,8.028333333333334,25.148247978436657,64.17520215633424,362,74,0.018329914871397308,,25.398921832884096,839
382,0.1201,-905.8461538461538,6.1066666666666665,19.25484764542936,57.75069252077562,360,80,0.018370206121757476,,19.44875346260388,654
383,0.1195,-1100.0307692307692,6.8741666666666665,21.45308310991957,61.3029490616622,372,74,0.018702186276534825,,21.737265415549597,21
384,0.1188,-1136.1846153846154,7.575833333333334,23.62169312169312,65.10317460317461,382,74,0.01807383678070606,,23.867724867724867,35
385,0.1181,-957.1230769230768,6.7225,21.366120218579233,60.7896174863388,367,80,0.017796156263199914,,21.617486338797814,285
386,0.1175,-998.4923076923077,6.204166666666667,20.699708454810494,59.81049562682216,351,76,0.018037686689814307,,20.959183673469386,789
387,0.1168,-1144.430769230769,7.751666666666667,23.36096256684492,62.81283422459893,367,76,0.01752110236833495,,23.641711229946523,843
388,0.1162,-1215.123076923077,7.908333333333333,24.683195592286502,64.63636363636364,368,74,0.017981795214136734,,24.90082644628099,52
389,0.1156,-1830.7076923076925,14.625833333333333,43.08771929824562,84.40350877192982,381,75,0.017705776524998808,,43.553884711779446,508
390,0.1149,-1027.1230769230767,6.615,20.71978021978022,59.854395604395606,363,72,0.017765219574990557,,20.98901098901099,621
391,0.1143,-1133.107692307692,7.368333333333333,22.115591397849464,61.263440860215056,373,73,0.01820789476330936,,22.292225201072387,243
392,0.1136,-1608.6615384615386,10.475,31.908854166666668,71.36979166666667,374,75,0.017887001135712077,,32.223958333333336,15
393,0.113,-1230.7999999999997,7.9383333333333335,24.609164420485175,63.96765498652291,371,76,0.01832291015592231,,24.75603217158177,176
394,0.1124,-1021.323076923077,7.116666666666666,22.3121546961326,61.350828729281766,371,76,0.018559073972309718,,22.549723756906076,193
395,0.1118,-1157.4307692307693,7.41,26.65615141955836,66.6782334384858,328,75,0.01931682668057728,,26.83596214511041,210
396,0.1112,-806.7538461538461,4.758333333333334,14.48396501457726,51.63556851311953,348,71,0.018701920245287627,,14.740524781341108,848
397,0.1105,-1180.923076923077,7.5875,22.75609756097561,62.14905149051491,379,73,0.01903522136886704,,22.96747967479675,559
398,0.1099,-818.6923076923076,4.92,16.764179104477613,55.3134328358209,336,76,0.01810183959607653,,17.04179104477612,713
399,0.1093,-875.2769230769231,6.13,19.925619834710744,58.59228650137741,361,77,0.01891624427996726,,20.12947658402204,474
400,0.1087,-1104.6615384615384,7.1691666666666665,22.122666666666667,61.448,368,69,0.017577522943409443,,22.424,194
401,0.1081,-869.4153846153846,6.3308333333333335,21.406876790830946,60.67048710601719,349,81,0.01738423667513792,,21.69054441260745,352
402,0.1075,-1383.4307692307693,9.998333333333333,28.728947368421053,70.08684210526316,390,78,0.017205987006036667,,29.097368421052632,53
403,0.1069,-1200.553846153846,8.356666666666667,25.03359173126615,65.27131782945736,394,71,0.017183105755498335,,25.266149870801033,528
404,0.1063,-808.7846153846153,5.5525,17.442048517520217,56.121293800539085,365,79,0.01696371138668432,,17.652291105121293,720
405,0.1057,-1132.3076923076922,7.775,24.370666666666665,63.54666666666667,367,72,0.017386310259964906,,24.555851063829788,150
406,0.1052,-1181.2769230769231,7.695833333333334,22.055,61.55,398,73,0.01696317502064217,,22.3875,61
407,0.1046,-1167.4,7.7975,23.651162790697676,62.78036175710594,380,74,0.016757455928567887,,23.850129198966407,694
408,0.104,-962.2,6.7725,21.12121212121212,60.484848484848484,373,77,0.016884185643937382,,21.34710743801653,583
409,0.1034,-1354.4,8.928333333333333,25.792079207920793,65.62376237623762,394,73,0.016465345086817504,,26.042079207920793,746
410,0.1028,-1131.9692307692308,7.5841666666666665,23.40374331550802,62.3048128342246,369,75,0.016545401639444866,,23.63368983957219,420
411,0.1023,-1504.8,10.581666666666667,31.3925,71.39,387,76,0.016583858704769333,,31.68,63
412,0.1017,-921.2615384615384,6.275833333333333,18.909814323607428,57.3474801061008,371,77,0.01627374703990707,,19.111405835543767,863
413,0.1011,-1222.0,7.953333333333333,24.451351351351352,63.851351351351354,365,76,0.016354696517605342,,24.737837837837837,108
414,0.1006,-1095.7846153846153,6.81,20.140992167101828,58.19843342036553,367,72,0.01710425286634823,,20.3359375,65
415,0.1,-1451.4923076923078,9.7375,27.50802139037433,69.55614973262033,389,73,0.016866091355741773,,28.168449197860962,281
416,0.0995,-1049.9846153846154,7.048333333333333,22.544692737430168,61.96648044692738,352,78,0.016916286368447737,,22.71508379888268,767
417,0.0989,-991.4615384615386,5.825833333333334,18.598337950138504,57.21883656509695,364,74,0.016515434272846907,,18.781163434903046,623
418,0.0984,-723.0461538461539,4.9775,16.830903790087465,55.268221574344025,341,79,0.016189888999782423,,17.02915451895044,134
419,0.0978,-1082.6461538461538,6.964166666666666,22.29971181556196,61.3342939481268,348,78,0.016503318241608153,,22.48991354466859,237
420,0.0973,-875.9230769230769,5.555,17.06371191135734,55.37673130193906,357,77,0.016402631296684365,,17.304709141274238,744
421,0.0968,-983.8153846153847,6.0225,19.049586776859503,57.93939393939394,367,73,0.017421041400470596,,19.286501377410467,620
422,0.0962,-783.3692307692307,5.193333333333333,16.634831460674157,54.70224719101124,357,78,0.016718205052335903,,16.828651685393258,409
423,0.0957,-818.9692307692308,5.5625,18.08,55.785714285714285,339,75,0.018077673150102714,,18.291428571428572,346
424,0.0952,-717.9538461538461,4.671666666666667,15.863372093023257,54.22674418604651,346,79,0.017322601341298118,,16.04360465116279,175
425,0.0946,-1581.0461538461539,11.749166666666667,33.450363196125906,73.68038740920097,400,75,0.018131120148682105,,33.6682808716707,496
426,0.0941,-1019.0,6.995833333333334,21.455729166666668,60.861979166666664,372,74,0.017452378742254148,,21.684895833333332,315
427,0.0936,-1135.2923076923078,7.3125,22.77659574468085,62.170212765957444,373,76,0.0177420978217305,,22.98936170212766,402
428,0.0931,-1003.8000000000001,6.366666666666666,20.81948424068768,60.40401146131805,359,73,0.018314966085731643,,21.134670487106018,571
429,0.0926,-1055.0,6.940833333333333,21.5427807486631,60.63101604278075,365,75,0.017676775039969485,,21.705882352941178,676
430,0.092,-857.1384615384616,6.025833333333333,18.715447154471544,57.03252032520325,360,76,0.017787190575681962,,19.0,353
431,0.0915,-884.6615384615384,6.1875,19.88450704225352,58.456338028169014,351,79,0.017872844273840886,,20.07605633802817,645
432,0.091,-1320.8461538461538,8.86,26.721227621483376,66.78516624040921,388,69,0.017019327513079725,,26.938618925831204,643
433,0.0905,-1201.323076923077,7.2425,23.37150837988827,63.20391061452514,364,75,0.017480884494791262,,23.662011173184357,248
434,0.09,-881.8,6.1675,19.005361930294907,57.67292225201072,364,77,0.016685014163151646,,19.22520107238606,866
435,0.0895,-892.1076923076923,6.025833333333333,18.675,56.291666666666664,351,75,0.017244022295767786,,18.894444444444446,473
436,0.089,-1072.2,6.780833333333334,21.29442970822281,60.05570291777188,372,75,0.01737456097703997,,21.47480106100796,712
437,0.0885,-953.3230769230771,6.368333333333333,21.63081395348837,59.973837209302324,332,74,0.01756179382525712,,21.759420289855072,651
438,0.088,-1225.7230769230769,8.265833333333333,24.18961038961039,64.2883116883117,397,75,0.016755914473930662,,24.405194805194807,661
439,0.0876,-892.3846153846155,5.824166666666667,18.81615598885794,57.26462395543175,356,73,0.01720580784604387,,18.997214484679667,457
440,0.0871,-1360.8000000000002,7.3133333333333335,21.41160220994475,60.671270718232044,386,77,0.017116111463239037,,21.69060773480663,323
441,0.0866,-964.846153846154,6.241666666666666,20.18487394957983,59.23529411764706,360,75,0.01798309736943964,,20.462184873949578,363
442,0.0861,-935.5692307692309,6.105,20.07977207977208,59.16524216524216,352,79,0.017765639231470683,,20.381766381766383,852
443,0.0856,-971.3076923076924,6.2325,19.644444444444446,58.56944444444444,357,79,0.01628477615191233,,19.866666666666667,88
444,0.0852,-1049.2307692307693,7.2825,22.542234332425068,61.77929155313352,365,74,0.01693078720393587,,22.741847826086957,438
445,0.0847,-1585.707692307692,11.469166666666666,35.11948051948052,76.74025974025975,383,69,0.018030816623268064,,35.36623376623377,732
446,0.0842,-1455.6153846153848,10.346666666666666,30.534177215189874,71.3620253164557,400,74,0.01705458293031399,,30.78481012658228,336
447,0.0838,-1012.0153846153846,6.74,20.2257217847769,59.020997375328086,367,71,0.016672437948917578,,20.522309711286088,498
448,0.0833,-986.2153846153846,6.286666666666667,20.052054794520547,59.202739726027396,366,73,0.01703658030680728,,20.246575342465754,764
449,0.0828,-859.7538461538461,4.809166666666667,15.568862275449101,54.10179640718563,346,77,0.0169616531362481,,15.805389221556887,320
450,0.0824,-806.8461538461538,5.926666666666667,18.606648199445985,56.908587257617725,356,80,0.016806616341559014,,18.867036011080334,763
451,0.0819,-1191.2153846153847,8.381666666666666,24.71212121212121,64.93939393939394,388,74,0.017134069459082957,,24.909319899244334,267
452,0.0815,-1046.3846153846152,6.976666666666667,23.196022727272727,62.69318181818182,359,78,0.016695600659502933,,23.392045454545453,482
453,0.081,-1501.446153846154,9.120833333333334,27.185915492957747,67.69295774647887,381,69,0.01711207610737767,,27.388732394366198,501
454,0.0806,-762.2307692307693,5.010833333333333,17.293413173652695,55.5688622754491,334,80,0.0167729675212136,,17.49700598802395,147
455,0.0801,-784.4923076923078,5.288333333333333,17.79883381924198,56.90962099125365,352,73,0.017072358196920878,,18.002915451895042,820
456,0.0797,-1116.4,7.5975,23.675531914893618,63.433510638297875,378,73,0.01730643347428388,,23.914893617021278,104
457,0.0792,-897.8153846153846,5.865833333333334,18.865013774104682,58.23415977961432,362,75,0.017231632708241396,,19.03030303030303,831
458,0.0788,-1006.2923076923078,5.784166666666667,18.6376404494382,57.0252808988764,352,75,0.017584670886594333,,18.84269662921348,270
459,0.0784,-898.6307692307691,5.861666666666666,19.604046242774565,58.676300578034684,350,78,0.01710196646503405,,19.835260115606935,860
460,0.0779,-1327.6769230769232,9.375833333333333,28.692105263157895,69.50263157894737,389,76,0.017727897053718893,,28.902631578947368,142
461,0.0775,-863.9846153846154,5.693333333333333,18.519553072625698,56.62011173184357,347,76,0.016606656851186452,,18.793296089385475,6
462,0.0771,-809.1076923076922,5.4575,17.51830985915493,55.91830985915493,356,80,0.016846557961525434,,17.746478873239436,389
463,0.0766,-847.476923076923,5.825,19.906432748538013,59.260233918128655,343,79,0.016056977383465943,,20.18421052631579,527
464,0.0762,-1585.430769230769,9.59,28.54102564102564,67.58205128205128,385,66,0.01689012242990901,,28.76153846153846,276
465,0.0758,-937.5999999999999,6.175833333333333,20.19607843137255,59.38935574229692,353,72,0.01715674693547593,,20.41176470588235,443
466,0.0754,-932.6153846153848,6.420833333333333,21.413105413105413,60.52421652421653,352,79,0.0160286932517476,,21.666666666666668,92
467,0.075,-1831.953846153846,11.755833333333333,33.15347721822542,73.64988009592327,409,69,0.01648553863724377,,33.410071942446045,462
468,0.0745,-1021.6307692307693,6.903333333333333,21.45277777777778,60.18611111111111,368,74,0.01634609230360358,,21.711111111111112,257
469,0.0741,-955.0307692307692,5.9925,19.595441595441596,58.97435897435897,360,74,0.016699483465895042,,19.840455840455842,467
470,0.0737,-751.4461538461538,4.795833333333333,15.821022727272727,53.98295454545455,351,79,0.01630854630245099,,16.042613636363637,768
471,0.0733,-739.4461538461538,4.9575,16.050704225352113,53.99154929577465,346,76,0.016988780958531187,,16.208450704225353,548
472,0.0729,-888.2615384615385,5.66,18.030898876404493,56.61516853932584,354,77,0.017416303395254278,,18.35112359550562,284
473,0.0725,-1244.6615384615384,7.7075,23.474666666666668,62.832,376,73,0.018363529727841322,,23.770666666666667,642
474,0.0721,-1138.0153846153844,7.5375,23.015873015873016,62.333333333333336,376,74,0.017791491451563047,,23.32804232804233,165
475,0.0717,-808.2307692307693,5.3225,18.23391812865497,56.42397660818713,337,79,0.018407187546454328,,18.43859649122807,519
476,0.0713,-799.5076923076923,5.2975,16.355013550135503,54.82113821138211,359,78,0.01764872048493896,,16.663956639566397,116
477,0.0709,-903.4153846153846,5.44,16.419444444444444,54.84444444444444,365,76,0.01779382071182157,,16.6,45
478,0.0705,-981.6307692307693,6.246666666666667,19.642473118279568,58.62903225806452,373,75,0.0171691002921791,,19.89516129032258,493
479,0.0701,-788.323076923077,5.520833333333333,18.5,57.281976744186046,349,78,0.017414318778706462,,18.680232558139537,465
480,0.0697,-1264.076923076923,9.3075,27.418136020151135,68.06801007556675,391,72,0.017661834144017646,,27.838790931989923,80
481,0.0694,-891.0,5.719166666666666,17.96164383561644,56.26849315068493,362,81,0.01616965763026136,,18.18082191780822,5
482,0.069,-886.5384615384615,5.315,17.01453488372093,55.61918604651163,352,79,0.016928186084895838,,17.2296511627907,145
483,0.0686,-1621.5384615384614,13.345833333333333,40.51282051282051,77.4076923076923,349,79,0.01596893254140104,,40.797435897435896,122
484,0.0682,-1015.4615384615386,7.0225,22.133704735376046,61.50974930362117,353,76,0.016682050065757115,,22.43732590529248,541
485,0.0678,-967.9076923076923,6.400833333333333,20.15890410958904,58.961643835616435,368,76,0.016291502273197495,,20.350684931506848,254
486,0.0675,-1162.8153846153848,7.735,24.128342245989305,63.68716577540107,370,77,0.017443453841299566,,24.31283422459893,762
487,0.0671,-1506.123076923077,10.031666666666666,31.20967741935484,71.24731182795699,360,71,0.017879764036053312,,31.483870967741936,869
488,0.0667,-772.2615384615385,4.9325,16.958579881656803,55.1094674556213,340,77,0.01650473462393424,,17.150887573964496,428
489,0.0664,-963.3076923076924,6.385833333333333,20.224657534246575,58.95890410958904,368,80,0.016323391930151733,,20.40821917808219,382
490,0.066,-1078.430769230769,6.998333333333333,21.94101876675603,60.71849865951743,371,73,0.016185857454883625,,22.203753351206434,211
491,0.0656,-867.5384615384617,5.610833333333333,18.516949152542374,56.60734463276836,345,79,0.016725412969868965,,18.759887005649716,648
492,0.0653,-960.6,6.844166666666666,21.62154696132597,60.44475138121547,362,79,0.017096339520766026,,21.837016574585636,704
493,0.0649,-1435.953846153846,9.441666666666666,26.595693779904305,66.37320574162679,404,73,0.016801186921104595,,26.86842105263158,769
494,0.0645,-1035.076923076923,6.4675,20.062330623306234,59.360433604336045,380,77,0.01755364658444926,,20.254742547425476,299
495,0.0642,-1719.8153846153848,14.866666666666667,42.09832134292566,82.94244604316546,402,75,0.01756699936937513,,42.97841726618705,625
496,0.0638,-879.123076923077,5.991666666666666,19.074175824175825,57.854395604395606,365,79,0.01754013490338705,,19.315934065934066,741
497,0.0635,-961.4153846153847,5.943333333333333,19.533527696793,58.332361516034986,354,79,0.017785330817527985,,19.79008746355685,722
498,0.0631,-883.476923076923,5.604166666666667,17.158333333333335,55.263888888888886,360,79,0.017463191802033175,,17.336111111111112,730
499,0.0628,-915.7076923076922,6.495,19.49742268041237,58.0,384,74,0.01749571748702406,,19.7680412371134,110
500,0.0624,-862.8615384615384,5.881666666666667,19.318435754189945,58.66201117318436,348,76,0.017470734435073822,,19.567039106145252,340
501,0.0621,-976.6923076923077,5.905,18.25484764542936,56.26869806094183,357,75,0.016957291949696546,,18.47645429362881,404
502,0.0617,-717.5230769230768,5.2075,17.63529411764706,55.879411764705885,342,78,0.01757360996955295,,17.776470588235295,358
503,0.0614,-1236.4923076923078,8.9075,26.6159793814433,66.8659793814433,390,77,0.01702547414813249,,26.799485861182518,99
504,0.0611,-1479.5692307692307,9.154166666666667,26.141388174807197,65.75835475578405,392,71,0.017447862265100877,,26.34961439588689,135
505,0.0607,-1428.1384615384613,7.701666666666667,21.945054945054945,61.0521978021978,377,70,0.017770469649891138,,22.126373626373628,293
506,0.0604,-1296.8461538461538,8.486666666666666,24.358056265984654,63.923273657289,395,75,0.017612974649296915,,24.578005115089514,686
507,0.06,-1049.0923076923077,6.59,20.444148936170212,59.433510638297875,374,70,0.017586587044169204,,20.67287234042553,383
508,0.0597,-826.9076923076923,5.574166666666667,18.249299719887954,56.621848739495796,351,74,0.016758748489817885,,18.473389355742295,809
509,0.0594,-1087.8615384615387,7.423333333333333,21.871794871794872,60.666666666666664,382,77,0.01699668447687558,,22.105128205128207,747
510,0.0591,-1194.6769230769232,8.321666666666667,24.639593908629443,64.48223350253807,383,76,0.01719014914568452,,24.83756345177665,716
511,0.0587,-1253.2,8.385833333333334,24.663265306122447,64.5204081632653,385,71,0.017392221156140423,,24.96938775510204,227
512,0.0584,-1225.2153846153847,8.314166666666667,25.523316062176164,64.89896373056995,380,71,0.017179425343811942,,25.740932642487046,0
513,0.0581,-773.2615384615385,5.089166666666666,16.169540229885058,53.91954022988506,349,73,0.017977880035255946,,16.402298850574713,705
514,0.0578,-804.2307692307693,5.465833333333333,17.865546218487395,55.80112044817927,354,79,0.01706551659932459,,18.095238095238095,547
515,0.0574,-980.323076923077,5.914166666666667,18.877492877492877,56.61253561253561,356,77,0.016701687606347264,,19.03988603988604,283
516,0.0571,-918.4923076923077,6.628333333333333,20.54617414248021,58.94459102902375,365,78,0.017623681269837974,,20.773087071240106,253
517,0.0568,-703.9230769230769,4.765833333333333,16.54705882352941,54.561764705882354,342,76,0.017803031296170883,,16.74411764705882,441
518,0.0565,-677.8153846153846,4.685,16.47005988023952,54.374251497005986,322,79,0.01813980873557242,,16.65568862275449,585
519,0.0562,-1388.0,9.634166666666667,28.604534005037785,68.84634760705289,387,73,0.017291866011398017,,28.861460957178842,644
520,0.0559,-952.4307692307693,6.425,19.102094240837697,58.547120418848166,375,78,0.017201401914521682,,19.348167539267017,466
521,0.0556,-1028.1692307692308,6.593333333333334,20.843575418994412,59.589385474860336,360,77,0.017238726391053016,,21.033519553072626,234
522,0.0553,-1292.4307692307693,8.168333333333333,22.802992518703242,62.44638403990025,401,72,0.016876467949657085,,23.112219451371573,507
523,0.0549,-808.7538461538461,5.726666666666667,18.449101796407184,56.73053892215569,335,81,0.017603404320963165,,18.650746268656718,87
524,0.0546,-972.5692307692308,5.581666666666667,16.555263157894736,55.00526315789474,383,75,0.018569630655779098,,16.83684210526316,269
525,0.0543,-1192.7846153846153,7.954166666666667,24.406332453825858,63.638522427440634,376,73,0.017940396489690823,,24.646437994722955,249
526,0.054,-1089.5538461538463,7.1025,21.510362694300518,61.505181347150256,393,72,0.018051427430684993,,21.76683937823834,8
527,0.0537,-1451.2923076923075,10.8875,32.43654822335025,74.11928934010152,389,74,0.01705757183869068,,33.494923857868024,239
528,0.0534,-950.2307692307693,6.2925,19.497326203208555,58.157754010695186,361,77,0.017596893066936174,,19.72459893048128,887
529,0.0531,-950.8461538461538,5.660833333333334,18.191011235955056,57.46067415730337,363,75,0.017632800938582115,,18.35112359550562,678
530,0.0529,-919.7846153846153,6.259166666666666,20.575418994413408,59.779329608938546,358,79,0.01682049991674945,,20.885474860335197,22
531,0.0526,-706.5230769230769,4.358333333333333,15.729483282674773,53.224924012158056,314,71,0.01731273281304312,,15.911854103343465,827
532,0.0523,-658.6307692307691,4.131666666666667,15.326923076923077,53.15064102564103,307,76,0.017333854106771664,,15.586538461538462,838
533,0.052,-732.4769230769232,4.494166666666667,15.304985337243401,53.064516129032256,337,78,0.016541740058219057,,15.504398826979472,339
534,0.0517,-798.9692307692308,4.530833333333334,15.489675516224189,53.693215339233035,337,71,0.01694151928296275,,15.702064896755163,119
535,0.0514,-992.1538461538462,6.9525,21.361477572559366,60.63060686015831,376,77,0.01604620257803815,,21.58839050131926,43
536,0.0511,-1631.923076923077,10.766666666666667,32.06361323155216,73.20356234096693,391,72,0.016367683142478204,,32.348600508905854,825
537,0.0508,-956.8615384615385,6.716666666666667,21.86426592797784,60.79224376731302,347,75,0.01694746844790592,,22.13573407202216,586
538,0.0506,-1029.3692307692309,7.074166666666667,21.767015706806284,61.1413612565445,372,81,0.01690012666140621,,22.00785340314136,446
539,0.0503,-948.6615384615384,5.976666666666667,18.41160949868074,57.38522427440633,379,78,0.016804282527523647,,18.725593667546175,624
540,0.05,-1089.0,7.361666666666666,23.62912087912088,63.42857142857143,365,74,0.017005870411367186,,23.98901098901099,598
541,0.05,-846.3384615384615,5.635833333333333,17.977961432506888,56.51239669421488,369,79,0.01664822059283245,,18.21212121212121,388
542,0.05,-966.5846153846155,6.6275,21.74022346368715,61.68156424581006,361,72,0.017006740965637642,,22.064245810055866,778
543,0.05,-1017.0307692307692,6.016666666666667,19.105978260869566,57.9375,360,75,0.01629811219675245,,19.29076086956522,631
544,0.05,-984.553846153846,7.218333333333334,22.869209809264305,63.46594005449591,371,76,0.016394414883457057,,23.21798365122616,688
545,0.05,-943.7230769230771,6.4925,19.519893899204245,58.70026525198939,388,78,0.01604008186243779,,19.923076923076923,818
546,0.05,-881.4461538461537,5.990833333333334,18.212598425196852,56.884514435695536,375,77,0.01576406907445694,,18.553805774278214,287
547,0.05,-1058.5230769230768,6.66,21.139275766016713,60.891364902506965,368,75,0.015948238012408834,,21.37325905292479,534
548,0.05,-948.3846153846154,5.461666666666667,16.505291005291006,55.1005291005291,380,81,0.015903763301690278,,16.775132275132275,318
549,0.05,-855.8923076923077,5.593333333333334,18.553623188405798,57.55942028985507,349,76,0.01530290613542518,,18.747826086956522,422
550,0.05,-1091.0307692307692,7.366666666666666,23.301408450704226,62.901408450704224,363,76,0.015101926525166781,,23.538028169014083,708
551,0.05,-1222.1538461538462,8.850833333333334,26.638461538461538,67.61794871794872,388,76,0.01507775308032686,,26.943589743589744,693
552,0.05,-940.0307692307692,6.195,19.597733711048157,58.41359773371105,361,74,0.015340339787073491,,19.813031161473088,177
553,0.05,-845.4615384615386,5.5475,18.150568181818183,56.57954545454545,354,74,0.0152080973366916,,18.369318181818183,241
554,0.05,-1110.8923076923077,7.385,22.84552845528455,62.15447154471545,375,75,0.015227433196039485,,23.094850948509485,18
555,0.05,-658.6307692307691,4.44,14.797101449275363,52.35072463768116,338,77,0.015201314511491676,,14.994202898550725,187
556,0.05,-1107.6153846153843,7.765,22.87719298245614,61.62406015037594,386,77,0.01530203237786131,,23.19298245614035,891
557,0.05,-1216.8000000000002,8.48,25.724409448818896,65.0262467191601,377,75,0.01663573938849221,,25.984251968503937,366
558,0.05,-1229.4153846153845,8.466666666666667,27.161643835616438,67.66575342465754,371,77,0.017320328171794706,,27.394520547945206,300
559,0.05,-1332.0615384615385,10.02,30.70757180156658,71.25848563968668,387,76,0.016977884427401873,,30.929503916449086,796
560,0.05,-1702.9846153846154,8.881666666666666,23.556473829201103,63.05509641873278,381,67,0.01724360740467424,,23.84297520661157,549
561,0.05,-1132.876923076923,7.739166666666667,25.197260273972603,65.58082191780822,356,74,0.017478827908925406,,25.413698630136988,232
562,0.05,-1008.6153846153845,6.270833333333333,20.18032786885246,58.63661202185792,354,74,0.01835660890990031,,20.422343324250683,544
563,0.05,-728.7692307692307,4.914166666666667,15.845730027548209,53.231404958677686,347,75,0.01827817478920056,,16.049586776859503,494
564,0.05,-1550.4615384615386,9.743333333333334,28.69190600522193,68.69451697127937,393,65,0.017909609751688715,,29.031331592689295,646
565,0.05,-905.5846153846153,6.4383333333333335,19.303571428571427,57.109693877551024,363,77,0.018255627719506323,,19.558673469387756,550
566,0.05,-921.6923076923076,6.1325,19.504249291784703,58.09065155807365,361,74,0.018018570404557177,,19.728045325779036,524
567,0.05,-1167.9538461538461,7.346666666666667,21.20460358056266,60.051150895140665,390,74,0.018204760565219216,,21.43222506393862,873
568,0.05,-1292.0,9.48,29.693121693121693,70.64021164021165,356,76,0.017137296680687895,,30.341269841269842,209
569,0.05,-897.4923076923078,5.221666666666667,16.814606741573034,55.03932584269663,357,74,0.017940336852600748,,17.019607843137255,793
570,0.05,-1024.4,7.223333333333334,22.548128342245988,61.39572192513369,362,74,0.017466722382763488,,22.754010695187166,127
571,0.05,-864.2615384615383,5.925,19.155807365439095,57.40793201133145,346,78,0.01831470500679334,,19.39943342776204,405
572,0.05,-1115.923076923077,7.261666666666667,21.906976744186046,60.35142118863049,376,72,0.018736373445207666,,22.322997416020673,221
573,0.05,-839.2,5.769166666666667,18.76123595505618,56.83426966292135,348,81,0.018284658624508777,,19.081460674157302,756
574,0.05,-1040.3846153846152,7.433333333333334,23.290055248618785,62.37845303867403,365,78,0.0175306988620078,,23.53867403314917,897
575,0.05,-831.5538461538462,5.325,17.854227405247812,57.04956268221574,351,73,0.017300021188031915,,18.08746355685131,603
576,0.05,-735.6307692307693,4.958333333333333,16.2507204610951,54.21902017291066,342,76,0.017370671980286308,,16.472622478386167,20
577,0.05,-972.7692307692307,6.581666666666667,20.112903225806452,59.223118279569896,371,75,0.01825775828162782,,20.373655913978496,59
578,0.05,-854.4615384615386,5.443333333333333,16.391534391534393,54.50529100529101,382,70,0.017178652942829702,,16.64814814814815,367
579,0.05,-711.3076923076924,4.6883333333333335,15.528248587570621,53.75141242937853,350,78,0.017569687470016908,,15.782485875706215,893
580,0.05,-1496.5384615384614,10.253333333333334,30.331658291457288,71.62814070351759,398,72,0.016793683854933045,,30.55276381909548,619
581,0.05,-853.1846153846154,5.8625,18.026385224274406,56.32981530343008,371,75,0.01679738729342895,,18.282321899736147,13
582,0.05,-932.0,6.095,18.94429708222812,57.62864721485411,372,75,0.016899461989894192,,19.20689655172414,729
583,0.05,-945.9538461538461,6.258333333333334,18.836898395721924,58.17379679144385,372,75,0.016086185670036036,,19.029411764705884,607
584,0.05,-901.2461538461539,6.115833333333334,18.9142091152815,57.77479892761394,369,74,0.016413076627283748,,19.10427807486631,440
585,0.05,-1163.6307692307691,8.306666666666667,26.153638814016173,66.277628032345,373,76,0.016697263930569816,,26.423180592991915,487
586,0.05,-827.2461538461539,5.855833333333333,19.242165242165242,58.116809116809115,345,76,0.017278465590121785,,19.527065527065528,702
587,0.05,-1057.9538461538461,7.475833333333333,23.86216216216216,63.77567567567568,367,75,0.01686139398088193,,24.164864864864864,844
588,0.05,-1442.8307692307692,9.519166666666667,29.604336043360433,70.59891598915989,376,75,0.017073640496596897,,29.791327913279133,316
589,0.05,-703.9230769230769,5.105833333333333,17.121387283236995,55.361271676300575,338,77,0.01668292290580912,,17.439306358381504,279
590,0.05,-1125.7230769230769,8.2675,25.352785145888593,64.84350132625995,371,74,0.016403441499969154,,25.594164456233422,347
591,0.05,-1154.569230769231,7.285833333333334,20.747448979591837,59.93622448979592,390,73,0.016723040328103594,,21.012755102040817,386
592,0.05,-1003.1076923076923,6.870833333333334,21.303430079155675,60.7598944591029,379,73,0.016528669095432182,,21.54736842105263,161
593,0.05,-1161.9538461538464,8.745,26.067532467532466,66.6987012987013,382,77,0.017653117072529624,,26.384415584415585,505
594,0.05,-984.9076923076923,6.421666666666667,20.450819672131146,60.0,373,78,0.016940167809391952,,20.68032786885246,772
595,0.05,-905.3538461538461,6.925833333333333,22.568245125348188,61.49025069637883,346,78,0.016868977082107547,,22.752777777777776,273
596,0.05,-1081.2153846153847,7.135,21.455026455026456,60.576719576719576,376,77,0.015886586288985056,,21.75925925925926,456
597,0.05,-1130.4769230769232,7.796666666666667,23.3359375,62.403645833333336,383,77,0.016322063179973537,,23.598958333333332,370
598,0.05,-1096.5384615384614,6.586666666666667,19.79100529100529,59.01851851851852,388,68,0.0168743940528647,,20.037037037037038,277
599,0.05,-1110.7692307692307,7.710833333333333,23.166240409207163,62.56010230179028,395,75,0.01752318550139392,,23.37851662404092,596
600,0.05,-925.7692307692307,6.596666666666667,20.244791666666668,58.9921875,369,80,0.01693962084584071,,20.481770833333332,506
601,0.05,-962.9692307692308,6.679166666666666,20.52972972972973,59.67567567567568,374,80,0.01724513882170458,,20.74054054054054,308
602,0.05,-1346.6153846153848,8.2025,24.845108695652176,63.61413043478261,363,75,0.016560543729451975,,25.085333333333335,344
603,0.05,-1142.446153846154,7.3575,22.25984251968504,61.881889763779526,378,72,0.016950143780805827,,22.514435695538058,655
604,0.05,-1303.7076923076925,8.33,25.15284974093264,65.00777202072538,390,74,0.017262116103781422,,25.313471502590673,238
605,0.05,-858.6461538461539,5.7525,18.88268156424581,57.6731843575419,357,78,0.015948738952071866,,19.08100558659218,212
606,0.05,-652.7076923076922,4.179166666666666,14.300595238095237,51.45238095238095,323,74,0.015562302107014283,,14.571428571428571,633
607,0.05,-942.1384615384616,6.11,18.931506849315067,57.31506849315068,355,81,0.015781424358026753,,19.13150684931507,453
608,0.05,-1095.9999999999998,7.590833333333333,22.939632545931758,62.3254593175853,376,77,0.01569670905724962,,23.188976377952756,188
609,0.05,-1244.4461538461537,8.04,24.956989247311828,64.30376344086021,370,74,0.01612970682035587,,25.193548387096776,419
610,0.05,-1175.8461538461538,6.8325,21.994334277620396,61.977337110481585,364,75,0.016301830966487334,,22.186968838526912,779
611,0.05,-699.6,4.979166666666667,16.67055393586006,54.66180758017493,342,77,0.015908971765660345,,16.92128279883382,562
612,0.05,-869.4461538461538,5.491666666666666,18.00284090909091,56.14772727272727,350,79,0.017155933396332534,,18.193181818181817,359
613,0.05,-885.3538461538462,5.963333333333333,18.328840970350406,57.95956873315364,385,78,0.016867739761031265,,18.536388140161726,203
614,0.05,-827.9846153846154,5.515833333333333,17.515151515151516,56.04683195592286,357,76,0.016960025739810237,,17.820936639118457,899
615,0.05,-1795.5538461538463,11.9625,35.0925,76.5675,400,74,0.01711868771342907,,35.355,452
616,0.05,-961.4769230769231,6.446666666666666,19.076115485564305,58.04724409448819,390,79,0.01673184071421757,,19.35695538057743,411
617,0.05,-968.2461538461537,6.0975,19.735955056179776,58.449438202247194,355,77,0.017186785169015634,,19.921348314606742,289
618,0.05,-1094.4461538461537,7.3025,22.141361256544503,61.29842931937173,376,78,0.016982319841894324,,22.410994764397905,413
619,0.05,-1094.5384615384614,6.756666666666667,20.22872340425532,59.72872340425532,379,73,0.017422242444721937,,20.45212765957447,659
620,0.05,-1001.1076923076922,6.513333333333334,19.897018970189702,59.03523035230352,377,77,0.01663253303752231,,20.024258760107816,578
621,0.05,-953.3384615384615,6.203333333333333,20.24581005586592,58.16201117318436,346,72,0.016670979882604266,,20.472067039106147,364
622,0.05,-1029.476923076923,7.631666666666667,23.92054794520548,62.701369863013696,365,76,0.017558323783064773,,24.279452054794522,7
623,0.05,-759.0461538461539,4.656666666666666,15.002832861189802,52.6600566572238,343,80,0.01684953239122974,,15.186968838526912,260
624,0.05,-997.5846153846153,6.3308333333333335,18.685185185185187,57.18783068783069,374,78,0.015693557371191005,,18.978835978835978,894
625,0.05,-931.1692307692308,5.920833333333333,18.644628099173552,58.027548209366394,366,75,0.016442109871869767,,18.920110192837466,590
626,0.05,-809.876923076923,5.791666666666667,18.366391184573004,57.10468319559229,360,80,0.016050359211078294,,18.548209366391184,787
627,0.05,-971.1384615384616,6.549166666666666,21.526912181303118,60.8413597733711,358,72,0.016512242776359917,,21.671388101983002,321
628,0.05,-885.5384615384614,5.850833333333333,18.540389972144848,57.25626740947075,357,80,0.016593972860910782,,18.805013927576603,184
629,0.05,-1097.876923076923,6.576666666666667,19.798429319371728,59.16492146596859,387,76,0.016506982589309938,,19.992167101827675,217
630,0.05,-1525.8461538461538,11.179166666666667,32.04358353510896,73.89104116222761,414,72,0.016892428240025115,,32.72639225181598,587
631,0.05,-1206.9384615384615,8.95,27.527704485488126,68.06860158311346,372,77,0.017153661471667993,,27.828496042216358,592
632,0.05,-1013.1230769230771,6.575,21.330532212885153,60.15126050420168,363,73,0.017183934571284656,,21.57703081232493,333
633,0.05,-916.3692307692306,5.956666666666667,20.017094017094017,58.452991452991455,339,72,0.0155976084523567,,20.236467236467238,726
634,0.05,-965.6307692307693,5.475,17.733524355300858,56.203438395415475,354,78,0.015266562989458714,,17.911174785100286,114
635,0.05,-750.1692307692308,4.775833333333333,16.876160990712073,54.758513931888544,327,72,0.015896871413599807,,17.009287925696594,573
636,0.05,-1185.4153846153847,7.931666666666667,23.515384615384615,63.12307692307692,392,74,0.015109469316965052,,23.753846153846155,172
637,0.05,-656.5076923076924,4.445833333333334,15.940809968847352,53.495327102803735,321,77,0.016198971767639105,,16.102803738317757,416
638,0.05,-1249.076923076923,7.9158333333333335,24.22976501305483,64.08093994778068,379,74,0.015642508642048348,,24.503916449086162,612
639,0.05,-1441.2615384615385,8.620833333333334,25.389920424403183,65.41909814323607,397,72,0.015487003764415938,,25.676392572944298,93
640,0.05,-856.4307692307691,6.045833333333333,19.21917808219178,57.558904109589044,363,77,0.015148427700093161,,19.49041095890411,865
641,0.05,-1054.3384615384612,6.9025,22.651810584958216,62.286908077994426,348,73,0.014981742334269868,,22.818941504178273,403
642,0.05,-816.7692307692308,5.2,17.04237288135593,55.07627118644068,350,74,0.0148480779964971,,17.3135593220339,381
643,0.05,-860.8153846153845,5.696666666666666,18.09917355371901,56.56473829201102,365,74,0.014425903266495397,,18.330578512396695,14
644,0.05,-854.123076923077,5.9425,18.938375350140056,58.089635854341736,359,83,0.01438196928887365,,19.235294117647058,847
645,0.05,-674.2461538461539,4.24,14.754491017964073,52.66167664670659,332,75,0.01440163707017332,,14.934328358208955,275
646,0.05,-801.876923076923,5.5275,17.56388888888889,56.25833333333333,359,75,0.014539493081914495,,17.852777777777778,317
647,0.05,-726.0,5.081666666666667,16.442577030812323,54.50140056022409,354,79,0.014998001813630986,,16.705882352941178,804
648,0.05,-899.2153846153846,5.711666666666667,18.25418994413408,56.849162011173185,362,76,0.015306430018365952,,18.441340782122904,502
649,0.05,-1075.5384615384614,7.198333333333333,22.341463414634145,61.956639566395665,373,72,0.01582085865315934,,22.56368563685637,700
650,0.05,-1096.2769230769231,6.995833333333334,23.371014492753623,63.356521739130436,351,73,0.016372770074633433,,23.443804034582133,671
651,0.05,-999.123076923077,6.980833333333333,22.75,61.60674157303371,354,73,0.01590148691924734,,22.93820224719101,575
652,0.05,-1088.0153846153848,7.2316666666666665,21.52519893899204,62.05570291777188,377,76,0.01600685032127043,,21.80371352785146,27
653,0.05,-1164.2769230769231,8.164166666666667,24.128140703517587,63.57286432160804,394,73,0.01503328662337891,,24.467336683417084,97
654,0.05,-1238.9538461538464,7.85,23.70557029177719,63.12997347480106,377,70,0.015681633154639822,,23.96286472148541,109
655,0.05,-1072.2307692307693,6.445833333333334,20.272972972972973,59.8972972972973,377,79,0.016293534823100513,,20.471698113207548,566
656,0.05,-1263.430769230769,9.178333333333333,28.025974025974026,69.65194805194805,368,73,0.016867669825883013,,29.051948051948052,360
657,0.05,-905.553846153846,6.194166666666667,20.451977401129945,58.75141242937853,348,74,0.01585980200178445,,20.638418079096045,30
658,0.05,-759.1846153846154,5.093333333333334,16.513736263736263,54.01648351648352,345,75,0.015937220590631032,,16.706043956043956,143
659,0.05,-1112.7230769230769,7.2525,21.249370277078086,60.26196473551637,391,72,0.01690039246180235,,21.544080604534006,259
660,0.05,-960.2615384615385,6.01,19.808022922636102,58.40401146131805,348,80,0.015563233652763672,,20.034383954154727,727
661,0.05,-1288.6461538461538,8.569166666666666,26.354166666666668,66.24739583333333,374,70,0.015795944193863366,,26.622395833333332,675
662,0.05,-1200.9692307692308,6.761666666666667,20.117977528089888,59.19101123595506,373,69,0.01601179438396672,,20.415730337078653,601
663,0.05,-1196.4769230769232,8.140833333333333,24.2367758186398,63.523929471032744,393,74,0.01617590917685432,,24.465994962216623,178
664,0.05,-1078.2307692307693,6.975833333333333,21.437158469945356,60.4207650273224,375,74,0.01639473272786495,,21.721311475409838,898
665,0.05,-768.0153846153846,4.549166666666666,15.373913043478261,52.88985507246377,335,74,0.015709186664991617,,15.544927536231883,674
666,0.05,-1094.2769230769231,7.1875,22.29041095890411,61.794520547945204,372,73,0.01623398207092371,,22.553424657534247,414
667,0.05,-912.0769230769231,5.571666666666666,17.31117021276596,55.390957446808514,375,73,0.01646756455533881,,17.574468085106382,766
668,0.05,-815.1846153846153,5.400833333333333,16.96694214876033,55.231404958677686,363,79,0.015407657774396486,,17.31955922865014,849
669,0.05,-1198.5076923076922,6.9425,20.578534031413614,60.12565445026178,381,72,0.015468629427905818,,20.81151832460733,669
670,0.05,-1006.6153846153845,6.181666666666667,20.23768115942029,59.08115942028986,357,70,0.01565668010693315,,20.404624277456648,758
671,0.05,-740.1076923076923,4.395833333333333,14.497159090909092,52.58238636363637,351,74,0.01580704279212946,,14.738636363636363,797
672,0.05,-935.3692307692309,6.198333333333333,19.845945945945946,58.483783783783785,363,71,0.016012243085484077,,20.094594594594593,430
673,0.05,-846.1538461538462,5.18,17.412280701754387,56.260233918128655,347,71,0.01581518138310698,,17.66374269005848,512
674,0.05,-879.8923076923077,5.3966666666666665,17.20056497175141,55.443502824858754,361,76,0.015309551189190293,,17.403954802259886,70
675,0.05,-743.6461538461538,4.67,15.196022727272727,53.42329545454545,349,79,0.014853652936068246,,15.409090909090908,395
676,0.05,-1146.353846153846,7.820833333333334,23.434108527131784,62.74935400516796,384,73,0.015450596961585478,,23.671834625322997,630
677,0.05,-979.5076923076923,6.565,19.78125,58.7265625,373,76,0.015479804533617999,,19.981770833333332,11
678,0.05,-949.6307692307694,5.6175,18.30311614730878,56.61473087818697,360,76,0.015305072372121064,,18.44759206798867,478
679,0.05,-935.4615384615386,6.015,18.589812332439678,56.793565683646115,368,73,0.015453058006274643,,18.750670241286862,392
680,0.05,-1061.1846153846154,7.335,21.619897959183675,60.68877551020408,384,75,0.016105477254193205,,21.918367346938776,874
681,0.05,-1011.4000000000001,7.240833333333334,22.778378378378378,62.52972972972973,369,77,0.016344554959152425,,23.027027027027028,131
682,0.05,-1047.5076923076924,6.285,19.648936170212767,58.683510638297875,368,69,0.016846658924775347,,19.944148936170212,322
683,0.05,-1104.0769230769229,6.9825,20.251870324189525,59.37406483790524,398,71,0.016662712468499215,,20.513715710723194,736
684,0.05,-1009.5846153846154,6.006666666666667,18.19088319088319,56.52421652421653,365,73,0.016247549082754935,,18.435897435897434,872
685,0.05,-1140.1538461538462,7.3758333333333335,22.57936507936508,62.476190476190474,383,73,0.016483531861187208,,22.822751322751323,197
686,0.05,-1018.1999999999999,6.7716666666666665,21.68870523415978,60.74104683195592,366,78,0.015566720356513705,,21.947658402203857,560
687,0.05,-985.523076923077,6.498333333333333,19.49076517150396,58.37203166226913,376,77,0.0157199566069508,,19.728232189973614,845
688,0.05,-766.5692307692307,4.841666666666667,16.150887573964496,54.69230769230769,349,81,0.016108453318320743,,16.31360946745562,531
689,0.05,-798.676923076923,4.943333333333333,15.40771349862259,53.019283746556475,355,73,0.015996128943821363,,15.622589531680442,426
690,0.05,-936.4923076923076,6.446666666666666,21.181058495821727,60.53481894150418,359,79,0.01651900850726803,,21.384401114206128,826
691,0.05,-1280.3538461538462,7.620833333333334,24.005494505494507,63.36813186813187,369,72,0.016399596630934345,,24.34065934065934,26
692,0.05,-1293.7230769230769,9.1625,27.83204134366925,67.94315245478036,383,76,0.015576629277482247,,28.043927648578812,319
693,0.05,-845.7230769230769,5.585833333333333,17.99442896935933,56.49025069637883,356,75,0.01623774330698779,,18.21727019498607,290
694,0.05,-952.3692307692307,6.546666666666667,20.464864864864865,60.58108108108108,374,76,0.016137611190791625,,20.690860215053764,862
695,0.05,-884.0461538461537,5.910833333333334,18.23421052631579,56.276315789473685,371,73,0.015313558625598644,,18.523684210526316,451
696,0.05,-935.7846153846156,5.990833333333334,19.10928961748634,57.91530054644809,367,74,0.014998833752801222,,19.368852459016395,155
697,0.05,-903.4769230769231,6.183333333333334,19.41782729805014,58.069637883008355,361,79,0.014986608493360535,,19.64066852367688,532
698,0.05,-1043.1538461538462,6.53,21.183098591549296,60.95492957746479,357,75,0.015494594532011099,,21.473239436619718,56
699,0.05,-948.3384615384615,6.569166666666667,20.123287671232877,58.865753424657534,369,77,0.015330213774698481,,20.326027397260273,399
700,0.05,-738.123076923077,4.909166666666667,16.39541547277937,54.203438395415475,341,76,0.014918747339632775,,16.554285714285715,207
701,0.05,-872.076923076923,6.110833333333333,19.300268096514746,58.40482573726541,374,79,0.01548220419481361,,19.528150134048257,553
702,0.05,-1181.646153846154,7.536666666666667,23.55614973262032,63.350267379679146,380,72,0.015137455648580213,,23.807486631016044,326
703,0.05,-770.7384615384615,5.086666666666667,16.671348314606742,54.46910112359551,346,80,0.015927162044070294,,16.85674157303371,444
704,0.05,-936.1076923076923,6.4075,21.03954802259887,60.451977401129945,360,79,0.01579011666609604,,21.293785310734464,773
705,0.05,-930.1999999999999,6.243333333333333,19.782608695652176,58.35054347826087,366,76,0.01595513676815214,,20.070652173913043,435
706,0.05,-889.1076923076923,6.1375,18.87433155080214,57.67914438502674,370,79,0.015407656267429,,19.114973262032084,173
707,0.05,-1311.2153846153847,9.05,25.91931540342298,66.29339853300733,404,74,0.014756657146158937,,26.198044009779952,431
708,0.05,-800.676923076923,5.258333333333334,17.21264367816092,55.54597701149425,347,76,0.015093559596918245,,17.445402298850574,503
709,0.05,-792.0461538461539,5.1675,16.41111111111111,54.78333333333333,360,78,0.015701022936040546,,16.636111111111113,784
710,0.05,-941.1999999999998,6.2125,19.1716621253406,58.14713896457766,371,75,0.01564434513363526,,19.446866485013626,47
711,0.05,-869.0461538461539,6.175833333333333,20.11142061281337,59.211699164345404,358,80,0.015865211585622648,,20.367688022284124,689
712,0.05,-879.6923076923076,6.03,20.253602305475503,59.55331412103747,341,78,0.01528017781464792,,20.397694524495677,393
713,0.05,-1568.3846153846152,9.705,27.895,67.2175,396,73,0.0158318746301836,,28.1375,86
714,0.05,-1017.0923076923076,6.6375,20.956284153005466,59.58196721311475,360,74,0.015783762831501714,,21.24590163934426,815
715,0.05,-1108.0923076923077,7.5008333333333335,22.007575757575758,61.11616161616162,388,72,0.015289726501332505,,22.345959595959595,296
716,0.05,-1018.6,7.104166666666667,21.75925925925926,61.095238095238095,378,75,0.015087623505975326,,22.08730158730159,439
717,0.05,-867.8615384615384,5.221666666666667,16.44034090909091,54.51420454545455,359,79,0.01572529276951777,,16.62784090909091,822
718,0.05,-916.4461538461538,6.491666666666666,20.068421052631578,59.689473684210526,373,79,0.014548000889775481,,20.273684210526316,106
719,0.05,-744.676923076923,4.9591666666666665,16.014084507042252,53.94084507042253,356,74,0.014865084022427063,,16.2,582
720,0.05,-856.9538461538461,6.04,19.940677966101696,58.706214689265536,357,78,0.015520838965232302,,20.189265536723163,584
721,0.05,-840.1384615384616,5.775833333333333,18.005449591280655,57.0408719346049,373,75,0.01493436974018108,,18.177111716621255,117
722,0.05,-1032.3846153846152,7.343333333333334,23.336927223719677,61.04582210242587,350,76,0.015137208757608656,,23.528301886792452,57
723,0.05,-906.6,5.941666666666666,18.249307479224377,56.81440443213297,371,78,0.015748946460679085,,18.445983379501385,668
724,0.05,-927.5384615384614,5.81,17.778688524590162,56.69398907103825,374,72,0.015478214820096167,,18.02185792349727,423
725,0.05,-963.4769230769231,5.9725,19.321022727272727,58.45454545454545,361,75,0.014968633168842537,,19.539772727272727,251
726,0.05,-1193.6769230769232,7.523333333333333,22.509383378016086,61.75871313672922,370,74,0.014129515559357004,,22.76407506702413,448
727,0.05,-951.8,5.128333333333333,15.234957020057307,53.03151862464183,360,73,0.014330032614495659,,15.501432664756447,609
728,0.05,-1176.323076923077,8.146666666666667,25.27055702917772,64.50663129973475,377,76,0.01446834646408585,,25.47480106100796,684
729,0.05,-934.2769230769231,6.134166666666666,19.060526315789474,57.83157894736842,370,77,0.014375462936370466,,19.410526315789475,808
730,0.05,-1406.646153846154,8.561666666666667,27.334246575342465,66.64383561643835,370,71,0.014217602260993098,,27.583561643835615,282
731,0.05,-1057.5692307692307,6.4,19.943548387096776,58.736559139784944,368,76,0.013415174702029506,,20.188172043010752,64
732,0.05,-796.5538461538462,5.139166666666667,17.487031700288185,55.29106628242075,335,72,0.014119133539170704,,17.769452449567723,146
733,0.05,-1625.876923076923,10.0575,27.62142857142857,67.83095238095238,416,65,0.012880058905329122,,27.938095238095237,618
734,0.05,-845.3384615384616,5.838333333333333,18.21832884097035,55.98652291105121,364,78,0.013094279519770812,,18.4366576819407,42
735,0.05,-981.0153846153844,6.23,19.71698113207547,58.31266846361186,361,72,0.013472164961482949,,19.997304582210244,79
736,0.05,-1229.3076923076924,8.050833333333333,23.461928934010153,63.04314720812183,396,72,0.0138949100645995,,23.751269035532996,814
737,0.05,-1013.1846153846154,6.83,21.730458221024257,59.690026954177895,353,77,0.014126917932911546,,21.900269541778975,272
738,0.05,-832.9230769230769,5.9225,19.564102564102566,58.46153846153846,354,78,0.014522304088661755,,19.70940170940171,37
739,0.05,-1039.5076923076924,6.5408333333333335,20.018666666666668,59.36533333333333,376,72,0.013708331712372263,,20.138666666666666,538
740,0.05,-976.0923076923077,6.448333333333333,19.859416445623342,58.787798408488065,373,77,0.014406068518805005,,20.06100795755968,805
741,0.05,-801.6923076923077,5.076666666666667,16.342618384401113,53.92200557103064,345,70,0.014188909931797378,,16.502777777777776,775
742,0.05,-1025.0307692307692,7.158333333333333,22.194520547945206,60.728767123287675,362,77,0.014054553650428821,,22.413698630136988,245
743,0.05,-766.0923076923077,5.3525,17.322128851540615,55.65826330532213,357,78,0.013563483149203142,,17.57703081232493,638
744,0.05,-854.2923076923078,5.5025,17.68032786885246,55.73224043715847,362,71,0.013923329459885678,,17.972677595628415,491
745,0.05,-1081.0461538461539,6.994166666666667,21.097686375321338,59.31619537275064,381,71,0.013183148895121802,,21.34961439588689,125
746,0.05,-1008.5384615384614,6.6375,20.37994722955145,59.58839050131926,374,79,0.01346593130675588,,20.6754617414248,124
747,0.05,-1258.1384615384616,8.003333333333334,22.762273901808786,61.713178294573645,389,76,0.013755990560448251,,22.940568475452196,706
748,0.05,-1114.9076923076923,8.044166666666667,24.628947368421052,64.19473684210526,378,73,0.013542935694394777,,24.857894736842105,709
749,0.05,-774.8923076923077,4.873333333333333,16.56231884057971,54.93043478260869,344,77,0.014200114546428298,,16.77391304347826,38
750,0.05,-1254.9692307692308,8.730833333333333,27.418032786885245,66.69398907103825,358,75,0.014194992498047862,,27.601092896174862,162
751,0.05,-1175.4307692307693,7.846666666666667,23.028061224489797,62.70663265306123,389,74,0.015147782897171832,,23.239185750636132,846
752,0.05,-801.4307692307692,5.140833333333333,16.48611111111111,54.425,356,71,0.014003437863287702,,16.8,861
753,0.05,-1327.0307692307692,8.070833333333333,25.26558265582656,65.42818428184282,378,69,0.014135533784618197,,25.474254742547426,497
754,0.05,-1256.769230769231,7.914166666666667,23.83739837398374,62.97560975609756,374,74,0.013875431887251745,,24.067750677506776,580
755,0.05,-783.0615384615385,5.256666666666667,18.002985074626867,56.6089552238806,331,82,0.013810029061940876,,18.17313432835821,34
756,0.05,-1166.0615384615385,8.036666666666667,23.786259541984734,63.43002544529262,390,74,0.014630350799620178,,24.05089058524173,672
757,0.05,-764.6153846153845,5.0183333333333335,16.761494252873565,55.10632183908046,348,78,0.014585945077743788,,17.00862068965517,372
758,0.05,-974.7692307692308,6.5875,20.835616438356166,59.55068493150685,368,76,0.013534295263909611,,21.024657534246575,224
759,0.05,-816.3076923076924,5.111666666666666,16.792613636363637,54.88636363636363,345,74,0.013476400886610796,,17.042613636363637,477
760,0.05,-1060.5692307692307,7.155,23.235616438356164,62.635616438356166,366,74,0.013280454696616303,,23.5013698630137,606
761,0.05,-1087.7230769230769,6.729166666666667,19.804568527918782,58.34771573604061,390,75,0.013744372179498277,,20.139593908629443,542
762,0.05,-1239.353846153846,8.265,25.147286821705425,65.8423772609819,386,73,0.013613365007813816,,25.45219638242894,219
763,0.05,-666.1846153846154,4.074166666666667,13.285714285714286,50.98,350,76,0.013781078359546676,,13.528571428571428,390
764,0.05,-686.6153846153845,4.384166666666666,14.8125,52.642857142857146,336,80,0.013918295577412759,,15.023809523809524,201
765,0.05,-1647.107692307692,10.5675,29.63270142180095,69.71090047393365,407,68,0.014338467408861747,,29.95734597156398,350
766,0.05,-989.8615384615384,6.24,20.186629526462397,58.34818941504178,354,74,0.013366982960042396,,20.364902506963787,481
767,0.05,-945.4923076923077,5.8341666666666665,17.787061994609164,56.698113207547166,373,71,0.013185492513245278,,18.02964959568733,75
768,0.05,-1450.7230769230769,8.973333333333333,24.93586698337292,63.68408551068884,409,66,0.013692092385684267,,25.251781472684087,788
769,0.05,-1071.7230769230769,7.139166666666667,21.986772486772487,62.11904761904762,383,73,0.013921792727341259,,22.402116402116402,510
770,0.05,-1098.5846153846155,8.015833333333333,24.775725593667545,63.79155672823219,377,77,0.013688349177505521,,25.052770448548813,774
771,0.05,-1168.2,7.6066666666666665,22.574307304785894,61.81108312342569,391,72,0.012841547448985063,,22.78643216080402,354
772,0.05,-1040.076923076923,6.766666666666667,20.627027027027026,60.22162162162162,380,71,0.013478989605196152,,20.897297297297296,604
773,0.05,-696.123076923077,4.265833333333333,14.753709198813056,51.99406528189911,327,76,0.014109162771375208,,14.928783382789318,876
774,0.05,-2093.492307692308,13.453333333333333,36.845794392523366,77.28971962616822,419,64,0.013801876175853526,,37.20794392523364,218
775,0.05,-909.4923076923078,6.168333333333333,19.085106382978722,57.31382978723404,370,75,0.014142234293230502,,19.31382978723404,458
776,0.05,-920.6307692307694,6.119166666666667,19.230555555555554,58.13333333333333,367,75,0.013872662566960979,,19.475,327
777,0.05,-1228.4153846153845,7.5025,23.717741935483872,62.57795698924731,372,70,0.01498242011067283,,23.954301075268816,432
778,0.05,-1007.7538461538462,6.806666666666667,21.704918032786885,61.02732240437158,367,74,0.01473186396456049,,21.887978142076502,357
779,0.05,-954.7846153846154,6.071666666666666,19.254794520547946,57.78082191780822,367,76,0.014380509069577526,,19.493150684931507,112
780,0.05,-830.1846153846153,5.3025,17.823529411764707,56.77647058823529,339,77,0.013987596623549722,,18.03235294117647,85
781,0.05,-1109.4,7.474166666666667,22.310880829015545,61.54922279792746,376,71,0.014400584654317726,,22.55440414507772,883
782,0.05,-906.8153846153846,5.9725,19.20113314447592,57.580736543909346,355,74,0.013822372482384352,,19.430594900849858,723
783,0.05,-1163.0307692307692,6.885,22.00574712643678,61.28448275862069,363,73,0.014561849289786927,,22.25862068965517,667
784,0.05,-866.9846153846152,5.8533333333333335,18.268617021276597,56.68617021276596,371,78,0.01438316797530983,,18.518617021276597,168
785,0.05,-908.4307692307692,5.4425,17.191666666666666,55.638888888888886,368,76,0.014281001086238277,,17.43611111111111,195
786,0.05,-1115.353846153846,6.94,21.232804232804234,60.74338624338624,380,71,0.014057600284748631,,21.552910052910054,429
787,0.05,-1013.3846153846154,6.935,21.552845528455286,61.173441734417345,377,76,0.014547711401627845,,21.742547425474253,785
788,0.05,-1082.076923076923,6.996666666666667,21.382978723404257,60.25,381,74,0.014285141034398978,,21.569148936170212,305
789,0.05,-970.6461538461539,6.0975,18.943089430894307,57.517615176151764,372,75,0.013791041578043083,,19.21951219512195,540
790,0.05,-730.1846153846154,4.648333333333333,14.98005698005698,53.05982905982906,351,77,0.01347516533254707,,15.21875,314
791,0.05,-1154.4615384615386,7.466666666666667,22.64887640449438,62.51685393258427,379,74,0.014030975471601639,,22.901960784313726,819
792,0.05,-756.2769230769231,5.09,16.569444444444443,54.88055555555555,352,77,0.014267919069846865,,16.769444444444446,752
793,0.05,-998.0769230769231,6.4383333333333335,19.310160427807485,57.40909090909091,371,77,0.013608703069154853,,19.52139037433155,144
794,0.05,-827.2,5.7775,17.73641304347826,56.02445652173913,364,77,0.013979612665152612,,17.991847826086957,291
795,0.05,-864.5538461538463,5.656666666666666,18.23098591549296,56.89577464788732,355,77,0.012782696864138745,,18.411267605633803,558
796,0.05,-891.0923076923077,5.5975,18.688760806916427,57.71757925072046,353,70,0.013156664160243059,,18.94236311239193,258
797,0.05,-942.5076923076924,6.181666666666667,19.997237569060772,58.49171270718232,360,69,0.012879742473992543,,20.20718232044199,799
798,0.05,-935.7384615384615,5.841666666666667,18.40599455040872,57.16893732970027,364,77,0.013087078104777558,,18.77656675749319,50
799,0.05,-1087.8307692307692,7.255833333333333,21.7720207253886,61.14766839378238,377,76,0.01258943162492767,,22.064766839378237,398
800,0.05,-880.5692307692309,5.829166666666667,18.941176470588236,57.7703081232493,357,76,0.013058340184534943,,19.170868347338935,567
801,0.05,-681.3692307692309,4.6275,15.508928571428571,53.88988095238095,342,77,0.012700896893339347,,15.806547619047619,345
802,0.05,-1092.2923076923078,6.99,21.721485411140584,61.09814323607427,379,73,0.012416224264451912,,21.96551724137931,480
803,0.05,-880.323076923077,6.315,20.702005730659025,60.17765042979943,358,80,0.013526919130624294,,20.9054441260745,100
804,0.05,-824.0461538461539,5.638333333333334,17.735849056603772,55.681940700808624,360,76,0.013092231015440155,,17.89487870619946,725
805,0.05,-806.3692307692309,5.425,17.835694050991503,56.903682719546744,354,80,0.012232800959945939,,18.127478753541077,301
806,0.05,-938.7692307692307,6.149166666666667,19.81267217630854,57.8099173553719,358,74,0.013083880191297977,,20.011019283746556,215
807,0.05,-1053.4615384615386,6.758333333333334,20.411458333333332,59.088541666666664,375,75,0.013860043994679484,,20.609375,158
808,0.05,-1378.7384615384617,9.063333333333333,26.27431421446384,66.50623441396509,392,70,0.01326311045471776,,26.478802992518702,384
809,0.05,-1112.7692307692307,7.764166666666667,23.56282722513089,63.70680628272251,389,76,0.013093076109044076,,23.727748691099478,834
810,0.05,-748.2461538461539,5.041666666666667,17.503012048192772,55.475903614457835,335,75,0.012696898555547533,,17.696696696696698,3
811,0.05,-884.5846153846154,5.2508333333333335,16.658959537572255,54.91618497109827,350,78,0.011843400744820452,,16.835260115606935,691
812,0.05,-1197.8307692307692,8.205,24.13624678663239,64.0051413881748,395,75,0.01315497991893932,,24.303341902313626,868
813,0.05,-772.8615384615384,4.4558333333333335,15.752293577981652,53.825688073394495,329,75,0.01254644500141787,,15.990825688073395,60
814,0.05,-1190.0615384615385,8.1375,24.926701570680628,65.07853403141361,379,70,0.013263698242924612,,25.16187989556136,626
815,0.05,-859.3692307692309,5.6658333333333335,17.53846153846154,55.76923076923077,368,76,0.013552970823423549,,17.738095238095237,858
816,0.05,-1634.6153846153843,11.065,31.154034229828852,71.54523227383864,404,68,0.01355350713274894,,31.4718826405868,298
817,0.05,-896.1384615384615,5.908333333333333,18.12,56.05866666666667,368,79,0.013557930939351872,,18.389333333333333,576
818,0.05,-839.9692307692308,5.205,16.55491329479769,54.58381502890173,353,75,0.013605390686942455,,16.713872832369944,854
819,0.05,-802.0307692307692,5.108333333333333,17.669642857142858,56.666666666666664,339,74,0.013272549912034115,,17.955357142857142,348
820,0.05,-1136.8461538461538,7.863333333333333,23.81675392670157,63.8586387434555,382,74,0.01374720702512778,,24.078534031413614,433
821,0.05,-855.676923076923,5.4025,17.46132596685083,55.68508287292818,358,77,0.012984998774392431,,17.70718232044199,351
822,0.05,-1373.0615384615385,9.328333333333333,28.774535809018566,69.44297082228117,379,72,0.014356513018534918,,29.02652519893899,783
823,0.05,-887.1076923076923,5.931666666666667,19.052341597796143,57.73829201101928,361,73,0.01474673438544442,,19.322314049586776,295
824,0.05,-865.9230769230769,5.629166666666666,17.129943502824858,55.71468926553672,361,77,0.014738279232776711,,17.353107344632768,810
825,0.05,-932.3538461538461,5.925,18.18457300275482,56.39944903581267,370,74,0.014712951875432333,,18.446280991735538,332
826,0.05,-1047.7999999999997,6.714166666666666,20.41891891891892,58.75675675675676,364,81,0.013748600801829004,,20.586486486486486,312
827,0.05,-1100.876923076923,7.616666666666666,23.525333333333332,62.76266666666667,370,76,0.014142047609871814,,23.754666666666665,33
828,0.05,-709.3692307692309,5.025833333333333,17.046376811594204,55.43768115942029,348,76,0.014148283680953217,,17.263768115942028,91
829,0.05,-976.3846153846155,6.053333333333334,18.625,57.76086956521739,377,73,0.013885299856028795,,18.97826086956522,515
830,0.05,-980.9230769230769,6.336666666666667,18.834224598930483,58.35294117647059,383,76,0.01520131931341632,,19.040106951871657,338
831,0.05,-920.2307692307693,5.826666666666667,18.058823529411764,56.53501400560224,363,78,0.014733140019491947,,18.26610644257703,483
832,0.05,-1133.5384615384614,6.800833333333333,20.02857142857143,59.14805194805195,392,71,0.014782240476016626,,20.176623376623375,62
833,0.05,-1035.6615384615384,6.925833333333333,21.413333333333334,60.602666666666664,370,76,0.014265508520417873,,21.648,469
834,0.05,-838.6461538461539,5.2075,18.009118541033434,56.4984802431611,336,77,0.014995334136156868,,18.167173252279635,574
835,0.05,-1363.676923076923,8.965833333333334,27.045212765957448,66.78989361702128,375,75,0.01440210412516365,,27.268617021276597,711
836,0.05,-955.3692307692309,6.501666666666667,20.09625668449198,59.911764705882355,368,76,0.014237564086577165,,20.37433155080214,442
837,0.05,-1576.123076923077,10.795833333333333,32.84293193717277,74.72251308900523,389,75,0.013855403203670132,,33.06544502617801,179
838,0.05,-861.3076923076922,6.058333333333334,19.509695290858726,58.52354570637119,362,80,0.014189273680932249,,19.73130193905817,202
839,0.05,-910.1076923076922,6.8275,20.44245524296675,59.30434782608695,374,79,0.013889978709358125,,20.726342710997443,214
840,0.05,-1095.5076923076922,7.381666666666667,22.030848329048844,61.030848329048844,383,76,0.014807314038506202,,22.24421593830334,95
841,0.05,-905.5846153846153,5.651666666666666,18.56373937677054,57.45609065155807,361,73,0.014683482124170729,,18.80169971671388,417
842,0.05,-872.1538461538461,5.778333333333333,18.789473684210527,56.75346260387812,349,77,0.014373264464418545,,19.033240997229917,856
843,0.05,-941.5076923076921,6.296666666666667,19.764864864864865,58.945945945945944,372,77,0.014339996658120177,,19.981081081081083,836
844,0.05,-1000.1538461538464,6.515,20.102631578947367,59.276315789473685,375,78,0.013967572163844056,,20.344736842105263,616
845,0.05,-939.876923076923,6.46,20.157754010695186,59.13101604278075,367,75,0.01411911091348521,,20.371657754010695,216
846,0.05,-770.9846153846154,5.154166666666667,16.270893371757925,54.73487031700288,355,75,0.01351961291460569,,16.45821325648415,545
847,0.05,-1253.246153846154,9.143333333333333,27.647668393782382,67.59844559585493,367,75,0.013633806129481889,,27.927461139896373,302
848,0.05,-776.9076923076923,5.088333333333333,15.923287671232877,54.010958904109586,367,75,0.01380616193842726,,16.09315068493151,41
849,0.05,-1192.6000000000001,7.0633333333333335,20.62169312169312,60.23809523809524,393,67,0.014288834793886618,,20.886243386243386,884
850,0.05,-894.8307692307692,5.47,17.324929971988794,55.80392156862745,363,75,0.014948213872724422,,17.484593837535012,371
851,0.05,-1285.6,8.7525,26.45077720207254,66.48445595854922,394,73,0.014232096024854802,,26.83937823834197,537
852,0.05,-1298.753846153846,8.900833333333333,25.97969543147208,65.82233502538071,390,71,0.014245826103920637,,26.20812182741117,875
853,0.05,-925.2153846153847,5.761666666666667,18.053824362606232,56.447592067988666,364,77,0.015122370454479069,,18.23229461756374,356
854,0.05,-960.0307692307692,5.616666666666666,18.390532544378697,57.32248520710059,351,73,0.014431156176183565,,18.650887573964496,628
855,0.05,-810.6461538461538,4.703333333333333,15.1768115942029,52.90144927536232,351,79,0.015533303863192944,,15.36231884057971,256
856,0.05,-746.123076923077,4.9525,16.716814159292035,54.95280235988201,344,78,0.015466408646060593,,16.911504424778762,859
857,0.05,-932.1076923076922,5.781666666666666,17.943699731903486,56.9544235924933,375,74,0.016002370357153118,,18.249329758713138,455
858,0.05,-779.1692307692308,4.9675,16.58670520231214,55.01445086705202,346,78,0.01581508466686942,,16.820809248554912,118
859,0.05,-760.7692307692307,5.2491666666666665,17.030812324929972,54.817927170868344,353,77,0.015265631357708769,,17.25977653631285,589
860,0.05,-1026.6615384615384,6.726666666666667,19.99484536082474,59.626288659793815,385,75,0.015442071356123811,,20.211340206185568,890
861,0.05,-1231.1692307692306,8.171666666666667,23.728855721393035,63.330845771144276,392,70,0.01568668037788472,,23.9726368159204,561
862,0.05,-1055.6923076923076,6.81,20.330666666666666,58.992,377,75,0.01430905438229701,,20.562666666666665,755
863,0.05,-1099.8615384615384,7.6275,22.021951219512196,60.88048780487805,391,75,0.01488016621263723,,22.3,492
864,0.05,-785.0307692307692,5.0,16.45821325648415,54.42651296829971,349,76,0.013816451499722975,,16.605187319884728,132
865,0.05,-1252.9230769230767,8.014166666666666,23.278061224489797,63.42857142857143,396,70,0.01425761921943655,,23.520408163265305,341
866,0.05,-1471.230769230769,9.17,28.037333333333333,68.76266666666666,389,74,0.015416943268261131,,28.304,421
867,0.05,-757.2307692307693,4.7575,16.32248520710059,54.31360946745562,332,75,0.014242981130075855,,16.480825958702066,349
868,0.05,-1008.2461538461537,6.359166666666667,19.170212765957448,57.99202127659574,379,75,0.01401912731388728,,19.404255319148938,641
869,0.05,-842.6307692307691,5.493333333333333,17.613888888888887,56.59166666666667,370,73,0.013596546290642605,,17.844444444444445,523
870,0.05,-686.6461538461538,4.514166666666667,15.279761904761905,53.598214285714285,342,75,0.01394397932851199,,15.473214285714286,12
871,0.05,-842.6153846153848,5.383333333333334,17.478386167146976,55.71469740634006,351,73,0.013662631315088946,,17.70605187319885,880
872,0.05,-1393.353846153846,8.525,25.138817480719794,64.44987146529563,399,67,0.014868392238112961,,25.375321336760926,889
873,0.05,-1193.1538461538462,7.745,23.834625322997415,62.80103359173127,381,75,0.01462214898065032,,24.043927648578812,325
874,0.05,-1195.2615384615385,7.923333333333333,22.974554707379134,62.646310432569976,392,79,0.014509460406212697,,23.198473282442748,680
875,0.05,-1026.9384615384615,6.120833333333334,19.077956989247312,57.793010752688176,369,70,0.013837993589066344,,19.338709677419356,266
876,0.05,-830.5846153846154,5.63,17.849162011173185,56.13966480446928,359,73,0.013924702725331545,,18.080779944289695,58
877,0.05,-1251.5846153846155,8.690833333333334,25.31234256926952,65.0705289672544,395,72,0.014601712408433857,,25.530150753768844,328
878,0.05,-929.9076923076923,6.156666666666666,19.413513513513514,58.105405405405406,369,75,0.014042368220953035,,19.63243243243243,666
879,0.05,-1115.5846153846155,6.68,19.24102564102564,57.7,392,75,0.01467755433446678,,19.49230769230769,164
880,0.05,-1080.3384615384616,7.126666666666667,21.712041884816752,61.05759162303665,374,77,0.01466485603456968,,21.965968586387433,46
881,0.05,-755.5692307692308,5.008333333333334,15.883190883190883,54.27635327635328,357,76,0.015180673145484309,,16.145299145299145,565
882,0.05,-839.8307692307692,5.2908333333333335,18.03529411764706,56.502941176470586,345,72,0.014874806857347387,,18.323529411764707,306
883,0.05,-1214.1846153846152,7.493333333333333,22.82585751978892,62.928759894459105,392,73,0.015111146344079151,,23.071240105540898,610
884,0.05,-1561.9230769230771,10.634166666666667,30.674816625916872,70.82640586797066,401,69,0.014719878707355555,,30.904645476772615,2
885,0.05,-799.446153846154,5.273333333333333,17.131284916201118,55.287709497206706,363,76,0.015235972506782753,,17.360335195530727,554
886,0.05,-1239.569230769231,8.523333333333333,25.652741514360315,65.15665796344648,384,73,0.014627676231096332,,25.864229765013054,588
887,0.05,-820.676923076923,5.5825,17.983286908077993,56.03899721448468,354,77,0.014574525972996402,,18.15041782729805,714
888,0.05,-775.0153846153846,4.898333333333333,17.44375,55.61875,318,78,0.014014597499903716,,17.59375,307
889,0.05,-984.7846153846153,6.555,21.11413043478261,60.45923913043478,359,73,0.014702294293605063,,21.35326086956522,292
890,0.05,-618.0153846153846,4.358333333333333,15.0791788856305,52.302052785923756,331,75,0.014295911374319058,,15.258064516129032,837
891,0.05,-686.1538461538462,4.4558333333333335,14.683431952662723,52.319526627218934,330,77,0.014347395192115132,,14.86094674556213,72
892,0.05,-937.9384615384615,5.5375,17.13821138211382,55.2520325203252,377,75,0.014835229401867251,,17.368563685636857,681
893,0.05,-926.8923076923077,5.550833333333333,16.9159891598916,55.360433604336045,372,75,0.01406769823127863,,17.13550135501355,174
894,0.05,-637.4923076923076,4.235833333333333,14.57566765578635,52.367952522255194,335,81,0.014490321392793054,,14.735905044510385,246
895,0.05,-675.8,4.200833333333334,14.082317073170731,51.71951219512195,333,77,0.01368183324896543,,14.207317073170731,205
896,0.05,-1100.5076923076922,7.838333333333333,23.78215223097113,63.272965879265094,373,73,0.01354650651908651,,24.057742782152232,699
897,0.05,-870.0769230769231,5.698333333333333,17.394101876675602,55.55764075067024,366,76,0.01373483606644114,,17.66219839142091,102
898,0.05,-763.3692307692309,4.899166666666667,16.35207100591716,54.789940828402365,344,75,0.01336942056441589,,16.559171597633135,499
899,0.05,-1191.2307692307693,8.240833333333333,24.751295336787564,65.5,391,76,0.013639052577041812,,24.95077720207254,255
