episode,epsilon,total_reward,avg_queue,avg_wait_s,avg_travel_s,throughput,switches,td_loss,q_table_states,avg_delay_s
0,1.0,-1131.2230769230769,4.295,8.863557858376511,76.12262521588947,541,134,28.025702574133,187,8.967184801381693
1,0.9945,-985.8153846153846,3.89,8.234458259325045,73.43339253996447,527,133,18.813311061241794,306,8.317939609236234
2,0.989,-1076.5,4.2058333333333335,8.75609756097561,75.05749128919861,545,132,24.25531289157574,386,8.857142857142858
3,0.9835,-1004.2923076923076,3.8575,8.556797020484172,71.84729981378027,493,131,17.839524593320988,472,8.633147113594042
4,0.9781,-1202.746153846154,4.550833333333333,9.305317324185248,74.57289879931389,546,124,24.598212005928378,551,9.39451114922813
5,0.9726,-1184.6461538461538,4.413333333333333,9.55535390199637,76.88203266787659,523,125,21.76680138053192,599,9.651542649727768
6,0.9673,-906.3692307692309,3.4391666666666665,7.6560747663551405,73.01869158878505,513,129,15.663940869961577,649,7.74392523364486
7,0.9619,-960.1615384615385,3.8241666666666667,7.843103448275862,75.08793103448276,539,135,17.86737415612427,687,7.910344827586207
8,0.9566,-969.7538461538461,3.629166666666667,7.803603603603603,69.7981981981982,517,131,19.797896466075994,720,7.8882882882882885
9,0.9513,-995.323076923077,3.885,8.074912891986063,73.11498257839722,544,135,17.605126691033455,745,8.151567944250871
10,0.946,-872.5999999999999,3.5708333333333333,7.4275741710296685,72.92495636998255,538,139,14.619078556066414,770,7.492146596858639
11,0.9408,-911.4923076923078,3.51,8.0,75.64627151051626,495,134,18.1709744847591,792,8.074569789674952
12,0.9356,-878.923076923077,3.4808333333333334,7.563071297989031,72.11151736745887,511,133,13.623903819940598,817,7.661791590493602
13,0.9304,-893.6846153846154,3.4941666666666666,7.181034482758621,71.81206896551724,555,137,17.1133288380917,849,7.2620689655172415
14,0.9253,-1071.876923076923,4.17,9.323970037453183,76.61048689138576,509,133,21.150394998391047,881,9.416822429906542
15,0.9202,-980.1000000000001,3.825833333333333,8.423290203327172,72.31792975970426,501,133,15.718091825778455,896,8.502772643253234
16,0.9151,-987.723076923077,3.8925,8.115586690017514,74.43082311733801,546,134,18.25464652063379,921,8.20140105078809
17,0.91,-1045.0307692307692,4.06,8.029850746268657,71.60862354892205,559,127,18.398239868095047,942,8.12106135986733
18,0.905,-984.2461538461538,3.8508333333333336,7.973913043478261,72.41043478260869,543,128,17.88853064849572,959,8.081739130434782
19,0.9,-866.353846153846,3.3733333333333335,7.688336520076482,72.20841300191205,490,132,12.993290170943457,973,7.768642447418738
20,0.895,-942.3000000000001,3.6866666666666665,7.9781818181818185,69.60909090909091,513,129,16.72162294907689,994,8.07090909090909
21,0.89,-840.0923076923077,3.4058333333333333,7.161061946902655,74.12212389380531,532,142,14.795457303316855,1008,7.265486725663717
22,0.8851,-1133.3615384615384,4.388333333333334,9.08695652173913,75.70260869565217,532,131,23.578663287653704,1026,9.187826086956521
23,0.8802,-971.4692307692308,3.933333333333333,7.7781456953642385,71.78145695364239,553,133,17.81238083865254,1043,7.867549668874172
24,0.8753,-794.4538461538461,3.1791666666666667,6.950367647058823,71.40257352941177,516,133,11.69262373398542,1054,7.03302752293578
25,0.8705,-1031.746153846154,4.1433333333333335,8.75531914893617,74.44148936170212,528,135,21.544533373950305,1067,8.879432624113475
26,0.8657,-899.476923076923,3.68,7.954627949183303,72.26678765880217,508,139,13.417010071543249,1072,8.052536231884059
27,0.8609,-801.4230769230769,3.1525,6.86080586080586,69.27838827838828,512,136,12.525585541949258,1084,6.956043956043956
28,0.8561,-826.7769230769231,3.3533333333333335,7.2018018018018015,71.06486486486486,521,143,13.006129797342245,1092,7.264864864864865
29,0.8514,-940.4538461538463,3.6933333333333334,7.75,70.6355633802817,533,131,14.758135237035521,1106,7.830985915492958
30,0.8467,-1145.0692307692307,4.430833333333333,9.233856893542757,73.5567190226876,539,130,21.333448043421935,1117,9.357766143106458
31,0.842,-818.2230769230769,3.3125,7.263351749539595,71.41804788213628,518,138,13.728687996063961,1128,7.359116022099448
32,0.8373,-783.5769230769231,3.2058333333333335,6.766371681415929,70.12920353982301,515,141,13.240105908500576,1138,6.854867256637168
33,0.8327,-898.4692307692309,3.505,7.491039426523297,72.24372759856631,510,134,14.264790386813472,1145,7.603942652329749
34,0.8281,-909.676923076923,3.5908333333333333,7.6310160427807485,73.38146167557932,530,130,12.775594528640665,1162,7.746880570409982
35,0.8235,-805.7538461538461,3.3016666666666667,7.2680221811460255,71.40665434380776,504,136,11.111988646348617,1168,7.347504621072089
36,0.819,-838.7384615384615,3.368333333333333,7.2328519855595665,73.78158844765343,517,134,12.490318838238258,1176,7.335740072202166
37,0.8144,-943.7846153846154,3.6966666666666668,7.59552495697074,72.0172117039587,547,131,13.810087052855952,1181,7.678141135972461
38,0.8099,-972.0615384615385,3.9375,8.177700348432056,72.49651567944251,539,135,15.0021811724768,1191,8.277003484320558
39,0.8054,-870.8615384615384,3.4891666666666667,7.80827067669173,73.90037593984962,498,131,14.59085555506459,1202,7.919172932330827
40,0.801,-868.5615384615385,3.308333333333333,6.941901408450704,72.06161971830986,524,131,12.970477882870032,1208,7.033450704225352
41,0.7966,-950.6076923076923,3.77,7.802083333333333,73.72916666666667,539,132,16.67538600438393,1219,7.892361111111111
42,0.7922,-794.2307692307693,3.2933333333333334,6.7066895368782165,69.29331046312178,539,139,12.305263860244768,1226,6.787671232876712
43,0.7878,-861.6153846153846,3.465,7.337477797513322,72.62877442273535,526,137,13.065771890538521,1230,7.445825932504441
44,0.7834,-862.7461538461539,3.4483333333333333,7.250440917107584,71.6931216931217,534,133,13.433340574622205,1235,7.326278659611993
45,0.7791,-830.9230769230769,3.319166666666667,6.625838926174497,69.99161073825503,551,134,12.223098705639798,1242,6.728187919463087
46,0.7748,-803.646153846154,3.2758333333333334,6.934163701067615,69.6459074733096,532,135,11.19162992467185,1246,6.996447602131439
47,0.7705,-789.1615384615385,3.1725,6.998144712430427,72.13729128014842,494,132,10.895899108055144,1257,7.074211502782932
48,0.7662,-813.1846153846153,3.23,6.864527629233511,71.35650623885918,513,137,11.342062915447377,1261,6.959001782531194
49,0.762,-1097.9307692307693,4.195,8.303482587064677,71.66666666666667,562,127,21.477587634962955,1277,8.391376451077944
50,0.7578,-738.7538461538461,3.0108333333333333,6.495479204339964,72.8390596745027,523,140,10.841160037498893,1279,6.573236889692586
51,0.7536,-798.7923076923076,3.1366666666666667,6.346938775510204,68.97619047619048,560,133,12.6250231335485,1288,6.442176870748299
52,0.7494,-714.0615384615385,2.8925,6.605363984674329,69.0919540229885,491,136,10.34384339972115,1296,6.708812260536399
53,0.7453,-786.776923076923,3.2108333333333334,6.874100719424461,72.21043165467626,522,137,12.212431050834542,1303,6.951438848920863
54,0.7411,-749.0923076923077,3.15,6.6436170212765955,71.13475177304964,532,143,10.859426146758556,1304,6.73581560283688
55,0.737,-745.4153846153847,3.025,6.394316163410302,72.41740674955595,533,134,12.323192694115527,1314,6.504440497335701
56,0.733,-1117.246153846154,4.404166666666667,8.7876254180602,73.98160535117057,555,133,25.614024041409596,1326,8.882943143812708
57,0.7289,-614.9153846153846,2.4741666666666666,5.358834244080145,68.57377049180327,516,140,9.398389667822029,1330,5.43351548269581
58,0.7249,-788.1923076923077,3.0708333333333333,6.706959706959707,70.73076923076923,504,132,11.463520190648168,1340,6.789377289377289
59,0.7209,-643.123076923077,2.605,5.814606741573034,68.91011235955057,492,135,9.035681658649315,1347,5.889513108614232
60,0.7169,-728.1538461538462,2.8633333333333333,6.04070796460177,72.14690265486726,529,135,11.057785369056154,1353,6.127433628318584
61,0.7129,-1027.9538461538461,3.8725,8.115992970123022,73.34446397188049,540,132,23.151081782082926,1360,8.21792618629174
62,0.709,-713.0615384615384,2.984166666666667,6.572222222222222,72.23148148148148,503,135,9.860716018406624,1364,6.62962962962963
63,0.705,-735.5846153846154,3.05,6.700554528650647,69.31608133086876,506,138,12.005115195125931,1370,6.77079482439926
64,0.7011,-788.4153846153846,3.2125,6.527303754266212,71.95221843003414,561,134,12.613212103228829,1375,6.65358361774744
65,0.6973,-1023.0230769230768,4.045,8.262435677530018,75.76843910806176,547,133,23.845612323762207,1384,8.34819897084048
66,0.6934,-698.8,2.9691666666666667,5.993197278911564,70.47789115646259,547,142,9.770425509979036,1384,6.062925170068027
67,0.6896,-786.5923076923077,3.118333333333333,6.508771929824562,71.0421052631579,535,134,11.527788170725948,1387,6.591228070175439
68,0.6858,-891.0461538461539,3.2416666666666667,6.896243291592129,70.62969588550983,529,119,13.045776582972113,1395,6.95169946332737
69,0.682,-733.8384615384615,3.046666666666667,6.194871794871795,71.02051282051282,545,140,11.799720792280873,1399,6.285470085470085
70,0.6782,-737.2153846153847,3.0483333333333333,6.3796133567662565,72.14762741652021,535,137,11.12838195503889,1402,6.463971880492092
71,0.6744,-593.9153846153846,2.515,5.2381786339754814,67.29947460595447,537,142,9.84225652766164,1404,5.3204903677758315
72,0.6707,-885.2153846153847,3.4283333333333332,7.569573283858998,72.19294990723562,501,127,13.979933747995194,1409,7.656771799628943
73,0.667,-818.6846153846154,3.276666666666667,6.818181818181818,70.6520979020979,534,140,16.727115325691422,1417,6.9178321678321675
74,0.6633,-667.0307692307692,2.8808333333333334,6.008756567425569,70.46234676007005,537,148,11.074673459413418,1418,6.092819614711034
75,0.6596,-755.0307692307692,3.13,6.661896243291592,72.10196779964222,519,135,10.851108906518414,1420,6.7495527728085865
76,0.656,-863.323076923077,3.5858333333333334,6.951219512195122,72.87967479674796,570,141,16.661945465201388,1424,7.045528455284553
77,0.6524,-670.4076923076923,2.901666666666667,5.832203389830508,71.00677966101695,563,144,11.326729628667437,1431,5.918644067796611
78,0.6487,-770.7923076923076,3.13,6.46875,73.55208333333333,540,138,13.009669983287369,1434,6.555555555555555
79,0.6452,-786.6615384615384,3.299166666666667,6.637901861252115,71.37732656514382,552,138,13.688802746983633,1435,6.716216216216216
80,0.6416,-808.9000000000001,3.22,6.872759856630824,70.70967741935483,522,133,13.916195159050345,1437,6.978494623655914
81,0.638,-871.2692307692308,3.620833333333333,7.014634146341463,71.98536585365854,585,137,15.28620104663763,1443,7.100813008130081
82,0.6345,-744.4615384615385,2.9791666666666665,6.250440917107584,70.31040564373897,536,137,12.66136438131804,1446,6.361552028218695
83,0.631,-749.7615384615385,3.0566666666666666,6.311418685121107,72.50173010380622,536,134,13.367322565992575,1451,6.389273356401384
84,0.6275,-853.8461538461538,3.575833333333333,7.419860627177701,72.04006968641114,540,137,15.708318138024795,1455,7.503484320557491
85,0.624,-711.8384615384616,2.9233333333333333,6.057291666666667,69.72569444444444,531,138,12.46095694743658,1457,6.152777777777778
86,0.6206,-700.2461538461539,2.845,5.801029159519725,67.71012006861064,543,131,10.268756493216458,1461,5.886792452830188
87,0.6171,-675.176923076923,2.819166666666667,5.89103690685413,69.10720562390158,535,139,12.098485187264817,1465,5.968365553602812
88,0.6137,-965.6,3.8633333333333333,7.742857142857143,71.96638655462185,564,138,22.378000564504553,1470,7.832214765100671
89,0.6103,-723.6846153846154,3.0616666666666665,6.347294938917975,71.77661431064573,529,138,10.799933058876826,1476,6.43630017452007
90,0.607,-720.5384615384615,2.8266666666666667,6.4103053435114505,71.19656488549619,481,128,11.226666549917923,1476,6.494274809160306
91,0.6036,-898.1923076923076,3.6358333333333333,7.704626334519573,72.08540925266904,520,134,17.609136254467565,1480,7.816725978647687
92,0.6003,-657.5769230769231,2.7625,6.122905027932961,71.77839851024208,499,138,10.28107716733327,1482,6.189944134078212
93,0.5969,-846.5692307692309,3.4591666666666665,6.899497487437186,71.08877721943048,556,135,16.474800660990745,1486,6.9798994974874375
94,0.5936,-760.8307692307692,3.0391666666666666,6.026622296173045,72.2379367720466,561,135,12.98251981446745,1494,6.118136439267887
95,0.5904,-743.3307692307692,3.0375,6.2979094076655056,71.53135888501743,536,130,12.407492255286177,1499,6.400696864111498
96,0.5871,-723.9692307692308,2.87,6.2623853211009175,69.98715596330275,515,132,11.499274845408765,1506,6.348623853211009
97,0.5838,-631.3230769230769,2.7125,5.979629629629629,72.11481481481482,508,141,11.20168652232072,1509,6.051851851851852
98,0.5806,-591.0230769230769,2.4408333333333334,5.307129798903108,66.9835466179159,503,138,9.801123413114786,1511,5.39853747714808
99,0.5774,-601.5,2.5258333333333334,5.224347826086957,67.76173913043478,535,140,9.842059056472692,1514,5.32695652173913
100,0.5742,-798.6923076923076,3.2933333333333334,6.335483870967742,70.0741935483871,584,139,16.741243256785914,1519,6.446774193548387
101,0.571,-722.4461538461538,2.9483333333333333,6.048359240069084,68.86528497409327,546,135,12.171188664925586,1522,6.139896373056994
102,0.5679,-764.6461538461539,3.0625,6.51520572450805,69.59928443649373,520,130,11.162452507806963,1526,6.602862254025045
103,0.5647,-688.7538461538462,2.9175,6.052173913043478,71.6191304347826,538,141,11.75834826442444,1530,6.133913043478261
104,0.5616,-702.1153846153846,2.9583333333333335,6.049828178694158,70.95876288659794,546,142,12.896269944823981,1533,6.134020618556701
105,0.5585,-655.5307692307692,2.736666666666667,5.657986111111111,69.53298611111111,541,145,12.90936562864684,1535,5.743055555555555
106,0.5554,-686.176923076923,2.8783333333333334,6.065486725663717,70.22477876106194,530,140,11.542489804499258,1538,6.1415929203539825
107,0.5523,-760.2769230769231,3.1508333333333334,6.506944444444445,71.77430555555556,545,135,12.17687808425265,1541,6.602430555555555
108,0.5493,-665.6461538461538,2.8208333333333333,5.950354609929078,72.13652482269504,529,139,11.659525473773543,1546,6.067375886524823
109,0.5462,-778.0769230769231,3.0741666666666667,6.408056042031523,69.69877408056043,540,133,12.159936645816687,1551,6.479859894921191
110,0.5432,-665.3692307692309,2.7608333333333333,5.537037037037037,69.22390572390573,561,139,9.458417421051498,1552,5.610084033613445
111,0.5402,-563.5615384615385,2.4158333333333335,5.197822141560798,71.21052631578948,519,142,8.937219684435577,1553,5.272232304900181
112,0.5372,-698.3923076923077,2.9558333333333335,5.932318104906938,70.0575296108291,557,141,10.685987768313842,1553,6.027072758037225
113,0.5343,-707.9846153846154,2.8966666666666665,6.135472370766489,69.28877005347593,522,133,13.83929695952704,1558,6.212121212121212
114,0.5313,-660.2461538461539,2.8016666666666667,5.708404802744425,69.04802744425386,549,142,11.057623488802344,1563,5.770154373927959
115,0.5284,-657.7076923076922,2.8891666666666667,5.905335628227195,67.9552495697074,548,149,12.082365107741783,1563,5.969018932874355
116,0.5254,-944.123076923077,3.8175,7.930191972076789,76.59336823734729,541,133,22.148282304102356,1566,8.045375218150086
117,0.5225,-749.7384615384615,3.0625,6.48576512455516,69.20818505338079,524,139,12.272485737766482,1567,6.5711743772241995
118,0.5196,-718.8846153846154,2.8625,5.863793103448276,69.55172413793103,542,131,11.13328870580165,1571,5.95
119,0.5168,-668.6615384615385,2.776666666666667,5.7578397212543555,71.07491289198606,543,139,9.80683457520251,1573,5.855400696864112
120,0.5139,-737.1230769230768,2.993333333333333,6.325044404973357,71.13499111900533,535,132,12.370151500658057,1575,6.4191829484902305
121,0.5111,-590.5,2.5575,5.283478260869566,68.72173913043478,545,147,10.563213404864538,1575,5.372173913043478
122,0.5082,-675.2384615384615,2.835,5.891418563922942,70.34500875656742,522,142,12.501319814293712,1578,5.978984238178634
123,0.5054,-755.6076923076923,3.0683333333333334,6.460176991150442,72.41946902654867,528,136,12.586124034070787,1582,6.552212389380531
124,0.5026,-704.8846153846155,2.8608333333333333,5.914930555555555,68.38020833333333,539,131,10.885807178091262,1582,5.994791666666667
125,0.4998,-719.5846153846154,2.776666666666667,6.018214936247723,69.18579234972678,517,134,10.31587884768903,1584,6.092896174863388
126,0.4971,-727.9538461538461,3.089166666666667,6.0694214876033055,69.64462809917356,577,145,15.740181225474176,1585,6.12892561983471
127,0.4943,-663.3076923076924,2.6883333333333335,5.647787610619469,69.57345132743363,529,132,10.837879888145835,1588,5.723893805309735
128,0.4916,-660.0769230769231,2.7291666666666665,5.644097222222222,68.37326388888889,536,136,11.694371040296371,1590,5.737847222222222
129,0.4889,-644.5230769230769,2.7358333333333333,5.334967320261438,71.64869281045752,582,139,10.225276416423775,1592,5.4526143790849675
130,0.4862,-743.3846153846154,3.005,6.431654676258993,69.5431654676259,517,137,13.152112029317463,1596,6.5359712230215825
131,0.4835,-687.5230769230769,2.9966666666666666,6.41546762589928,71.4820143884892,525,140,11.293095088952704,1596,6.512589928057554
132,0.4808,-597.1692307692308,2.5566666666666666,5.529090909090909,70.82181818181819,505,140,9.195896874815736,1596,5.609090909090909
133,0.4781,-741.8384615384615,2.9983333333333335,5.907131011608624,69.18407960199005,561,135,13.416906473030531,1597,6.011608623548922
134,0.4755,-721.9692307692308,2.9858333333333333,5.983136593591905,70.72681281618887,557,138,14.321672556222513,1600,6.072512647554806
135,0.4729,-649.5153846153846,2.6983333333333333,5.798913043478261,71.01086956521739,519,131,11.150859403024414,1605,5.880434782608695
136,0.4703,-664.8076923076923,2.7491666666666665,5.483221476510067,69.2751677852349,557,136,12.507549053938769,1607,5.583892617449664
137,0.4677,-691.1846153846154,2.9475,6.204585537918871,73.25925925925925,530,138,13.906487291441556,1613,6.303350970017637
138,0.4651,-763.5076923076923,3.0941666666666667,6.786372007366483,70.43462246777163,514,132,12.686769515259002,1619,6.861878453038674
139,0.4625,-666.8846153846155,2.6191666666666666,5.710622710622711,70.0915750915751,512,125,10.015625503532956,1625,5.805860805860806
140,0.4599,-515.0000000000001,2.3116666666666665,5.014571948998179,68.71220400728598,514,148,10.1913192258143,1625,5.087431693989071
141,0.4574,-823.1076923076923,3.4208333333333334,6.863865546218487,71.41512605042017,557,135,18.492730091267877,1627,6.961344537815126
142,0.4549,-604.5230769230768,2.5216666666666665,5.333925399644761,66.49911190053285,536,140,9.10869111840055,1631,5.413854351687389
143,0.4523,-562.7461538461539,2.4916666666666667,5.310592459605027,68.3770197486535,521,142,10.289210767860329,1634,5.434470377019749
144,0.4498,-743.4,3.0591666666666666,6.1884550084889645,69.64516129032258,560,136,13.137373614252486,1636,6.266553480475382
145,0.4474,-659.676923076923,2.7075,5.1506410256410255,68.96474358974359,595,137,10.180255274961707,1638,5.25
146,0.4449,-722.0384615384614,2.8366666666666664,6.401515151515151,72.51704545454545,495,129,12.009885482197095,1639,6.4772727272727275
147,0.4424,-671.5692307692308,2.825,5.8365217391304345,69.24869565217391,538,135,12.43722317186217,1641,5.911304347826087
148,0.44,-669.5769230769231,2.6858333333333335,6.041587901701323,70.39886578449905,493,130,11.563115729584732,1643,6.111531190926276
149,0.4375,-553.2769230769231,2.32,5.293666026871401,70.53358925143954,491,135,9.58004442227511,1647,5.385796545105566
150,0.4351,-567.1384615384616,2.4558333333333335,5.037865748709122,72.14629948364887,550,141,9.23445770002748,1650,5.129087779690189
151,0.4327,-656.1923076923077,2.7066666666666666,5.796762589928058,69.58093525179856,507,132,11.50775879222682,1653,5.89748201438849
152,0.4303,-725.9384615384615,2.8658333333333332,5.645695364238411,69.17218543046357,563,130,12.743699501415012,1654,5.745033112582782
153,0.4279,-666.876923076923,2.805833333333333,5.8321678321678325,68.62587412587412,538,136,11.26948280705381,1656,5.9178321678321675
154,0.4256,-847.5923076923077,3.3875,6.987868284228769,73.12998266897748,537,125,19.200180387011503,1660,7.065857885615252
155,0.4232,-702.4615384615386,2.995,6.0561224489795915,71.06802721088435,555,135,13.581533198750286,1661,6.168367346938775
156,0.4209,-717.8230769230768,2.79,5.694682675814751,68.01886792452831,554,128,14.588839646346893,1670,5.782161234991424
157,0.4185,-654.3076923076923,2.6825,5.53206239168111,67.54766031195841,535,135,11.329565366349241,1674,5.600346020761246
158,0.4162,-666.5307692307692,2.7883333333333336,5.734835355285962,69.97400346620451,539,134,13.619134013667876,1678,5.826689774696707
159,0.4139,-647.3384615384615,2.6858333333333335,5.497418244406196,69.51118760757315,540,134,11.095411873766125,1680,5.6006884681583475
160,0.4116,-529.0846153846154,2.285833333333333,5.119092627599244,67.12665406427222,487,143,8.94219394924864,1683,5.185255198487713
161,0.4094,-569.6076923076923,2.3341666666666665,5.082417582417582,67.63736263736264,508,132,9.331882036313209,1684,5.166666666666667
162,0.4071,-713.0615384615385,2.8558333333333334,6.1394927536231885,69.72826086956522,516,130,12.311961204246904,1684,6.230072463768116
163,0.4048,-558.4307692307691,2.381666666666667,5.046428571428572,68.30714285714286,523,139,9.295683591708654,1685,5.121428571428571
164,0.4026,-649.1461538461539,2.7575,5.697391304347826,70.16521739130435,534,142,13.381224459454744,1685,5.7791304347826085
165,0.4004,-614.0692307692307,2.5191666666666666,5.111111111111111,68.05128205128206,552,138,9.811446753513945,1686,5.193162393162393
166,0.3982,-721.9000000000001,3.0683333333333334,6.519642857142857,70.40178571428571,519,135,13.86495973214702,1688,6.626785714285714
167,0.396,-653.6999999999999,2.6275,5.772222222222222,69.92222222222222,508,129,9.776662997770549,1691,5.842592592592593
168,0.3938,-554.3076923076923,2.3691666666666666,5.44100580270793,71.37911025145068,499,139,9.968952027764313,1692,5.516441005802708
169,0.3916,-580.9769230769231,2.365,5.019677996422183,70.63327370304114,526,132,9.785966662545771,1693,5.125223613595707
170,0.3894,-639.5846153846153,2.595833333333333,5.361111111111111,71.78645833333333,541,132,11.891554138274392,1694,5.456597222222222
171,0.3873,-601.6,2.4383333333333335,4.821963394342762,68.40599001663894,566,136,9.801553192825201,1695,4.901993355481728
172,0.3851,-710.1384615384616,2.8775,6.005263157894737,68.58245614035087,531,131,14.631085306654581,1702,6.101754385964912
173,0.383,-665.1307692307691,2.6441666666666666,5.652877697841727,70.38129496402878,528,137,11.849970234449799,1703,5.730700179533214
174,0.3809,-680.9384615384615,2.7625,6.020183486238532,70.57614678899083,516,126,11.065296256725157,1707,6.126605504587156
175,0.3788,-541.8384615384616,2.3041666666666667,4.746967071057193,69.16984402079723,544,144,8.57540231545408,1707,4.868284228769498
176,0.3767,-670.6,2.83,6.055755395683454,69.4478417266187,521,138,12.715404465573352,1709,6.154676258992806
177,0.3746,-643.3461538461538,2.63,5.345299145299145,69.93162393162393,548,134,12.973700595889573,1713,5.444444444444445
178,0.3725,-592.1076923076923,2.5625,5.489208633093525,66.52877697841727,528,146,12.807816367094553,1716,5.555755395683454
179,0.3705,-754.2076923076924,2.9833333333333334,5.8661157024793384,70.32231404958678,573,131,14.347864152279843,1721,5.966942148760331
180,0.3684,-713.9000000000001,2.97,6.0602409638554215,72.71256454388984,553,137,11.055046843827311,1722,6.148020654044751
181,0.3664,-660.8384615384616,2.7158333333333333,5.779964221824687,70.34704830053667,521,136,12.601358654614396,1723,5.878354203935599
182,0.3643,-614.9538461538461,2.535,5.306878306878307,67.08289241622575,533,131,13.141869718012794,1724,5.375661375661376
183,0.3623,-704.8076923076924,2.9,6.101063829787234,71.60283687943263,530,135,12.939648505310512,1726,6.166666666666667
184,0.3603,-647.2846153846153,2.7258333333333336,5.750889679715303,72.1067615658363,533,138,12.9859857181535,1731,5.854092526690391
185,0.3583,-652.2153846153847,2.7183333333333333,5.440134907251265,69.46037099494097,558,135,10.730738510097487,1734,5.529510961214165
186,0.3563,-649.5692307692308,2.7066666666666666,5.496587030716723,68.73549488054607,546,139,12.604898052426776,1736,5.585324232081911
187,0.3544,-803.8615384615384,3.2608333333333333,6.624573378839591,71.06143344709898,540,132,18.948907261872733,1737,6.695059625212947
188,0.3524,-647.0230769230769,2.6991666666666667,5.704626334519573,69.77580071174377,527,136,11.999934265286015,1739,5.779359430604982
189,0.3505,-605.4000000000001,2.484166666666667,5.29802513464991,70.46319569120287,514,138,10.325862137282463,1742,5.391382405745063
190,0.3485,-750.8692307692309,3.055,6.334494773519164,71.25087108013938,536,132,13.9155889336178,1744,6.433797909407666
191,0.3466,-708.2230769230769,2.7375,5.732394366197183,70.38028169014085,533,127,12.703499402470422,1745,5.845070422535211
192,0.3447,-572.0230769230769,2.3933333333333335,4.979020979020979,67.5506993006993,544,143,10.406667129598278,1747,5.066433566433567
193,0.3428,-603.2384615384615,2.6133333333333333,5.518650088809947,68.59680284191829,531,143,10.859096628886347,1749,5.621669626998224
194,0.3409,-601.1846153846154,2.4258333333333333,5.30939226519337,69.31307550644567,508,124,9.579066314738165,1755,5.397790055248619
195,0.339,-733.8461538461538,2.9558333333333335,6.07439446366782,70.49307958477509,546,133,15.18735315842144,1761,6.173010380622838
196,0.3371,-659.176923076923,2.6975,5.8203266787658805,70.42105263157895,508,132,10.986837879322872,1763,5.911070780399274
197,0.3352,-558.7615384615385,2.305833333333333,4.94043321299639,68.13898916967509,521,134,8.513249143791587,1765,5.041516245487364
198,0.3334,-738.4153846153846,3.01,6.02020202020202,70.57239057239057,552,134,15.851234459858109,1771,6.111111111111111
199,0.3315,-662.5461538461539,2.776666666666667,5.808435852372583,68.67486818980667,534,135,14.861053698545652,1773,5.87719298245614
200,0.3297,-718.5461538461539,2.895,6.117437722419929,68.45729537366547,536,129,14.131077441078899,1774,6.209964412811388
201,0.3279,-614.6307692307691,2.515833333333333,5.644612476370511,70.01512287334593,494,129,9.037300057840394,1774,5.727788279773157
202,0.3261,-699.6461538461539,2.723333333333333,5.935897435897436,68.73076923076923,511,129,14.15286872554373,1776,5.996336996336996
203,0.3243,-533.0384615384615,2.27,4.870503597122302,67.72302158273381,517,138,11.449182722632672,1778,4.944244604316546
204,0.3225,-655.9615384615385,2.6216666666666666,5.750922509225092,69.77675276752767,511,128,12.36647223268402,1783,5.821033210332104
205,0.3207,-633.1307692307693,2.5575,5.453237410071942,70.02158273381295,530,129,10.92665177327003,1783,5.568345323741007
206,0.3189,-734.8692307692309,2.9091666666666667,6.005208333333333,69.45659722222223,545,130,14.441635139168579,1785,6.088541666666667
207,0.3172,-616.8230769230769,2.4991666666666665,5.204903677758319,67.79509632224168,535,139,12.246155669939853,1788,5.297723292469352
208,0.3154,-651.1153846153845,2.665,5.497391304347826,68.99130434782609,545,131,10.497548051301544,1788,5.598260869565217
209,0.3137,-524.8923076923077,2.216666666666667,4.516295025728988,68.26243567753002,550,143,10.107961026120808,1789,4.57975986277873
210,0.3119,-595.6076923076923,2.4375,5.086115992970123,69.81370826010544,540,132,9.25970822185884,1789,5.170474516695958
211,0.3102,-577.3923076923077,2.3383333333333334,5.062157221206581,67.49725776965265,515,129,9.868113166177917,1792,5.148080438756856
212,0.3085,-732.2923076923076,2.9375,6.141093474426808,69.90652557319224,530,134,15.382755274755663,1795,6.234567901234568
213,0.3068,-751.5461538461539,2.9725,6.142361111111111,70.22395833333333,541,129,15.833276497983519,1797,6.234375
214,0.3051,-640.2153846153847,2.5516666666666667,5.334507042253521,68.58802816901408,532,127,9.455902843924465,1798,5.389084507042254
215,0.3034,-673.0076923076922,2.6983333333333333,5.940740740740741,69.6574074074074,510,128,12.714720658608632,1798,6.027777777777778
216,0.3017,-779.376923076923,3.2058333333333335,6.549828178694158,73.23711340206185,554,129,18.187060419289867,1799,6.632302405498282
217,0.3,-666.5769230769231,2.7891666666666666,5.682051282051282,67.57435897435897,557,141,12.758388626486962,1806,5.769230769230769
218,0.2984,-545.0153846153846,2.3425,4.735494880546075,69.85153583617748,548,140,9.182826848183721,1806,4.819112627986348
219,0.2967,-744.0923076923077,2.9608333333333334,6.314183123877918,71.06463195691202,517,127,15.889627341591149,1810,6.40754039497307
220,0.2951,-569.1538461538461,2.4183333333333334,5.1508078994614,67.93357271095152,512,145,10.63059906459746,1811,5.22262118491921
221,0.2935,-632.7384615384615,2.5633333333333335,5.550909090909091,69.94545454545455,516,133,12.533472434391328,1813,5.647272727272727
222,0.2918,-563.6461538461538,2.319166666666667,4.747404844290657,67.0432525951557,544,138,10.048242412380198,1816,4.840830449826989
223,0.2902,-732.623076923077,2.9591666666666665,6.134146341463414,70.99651567944251,532,132,18.397931145160378,1819,6.2282229965156795
224,0.2886,-579.5461538461539,2.5416666666666665,5.342198581560283,69.39539007092199,531,142,13.729488236374909,1820,5.414893617021277
225,0.287,-691.4307692307691,2.7675,6.056985294117647,71.31433823529412,511,134,14.885232692425285,1826,6.117647058823529
226,0.2854,-834.5461538461539,3.3725,6.677740863787376,71.99667774086379,561,133,17.2821751905115,1832,6.744186046511628
227,0.2838,-501.1692307692308,2.1008333333333336,4.463327370304114,69.18067978533095,526,134,8.909870958068675,1834,4.550983899821109
228,0.2823,-637.053846153846,2.6358333333333333,5.576512455516014,66.9288256227758,534,132,11.626879987375919,1835,5.681494661921708
229,0.2807,-677.053846153846,2.8066666666666666,5.6763202725724025,67.96422487223168,555,137,13.627597626204901,1837,5.747870528109029
230,0.2792,-645.8153846153847,2.6858333333333335,5.711985688729874,70.64579606440071,527,135,12.05160911014226,1837,5.767441860465116
231,0.2776,-668.9384615384615,2.7258333333333336,5.8589511754068715,71.05786618444846,521,136,15.180141869497511,1840,5.93128390596745
232,0.2761,-544.1615384615385,2.4366666666666665,5.223423423423424,70.6036036036036,521,142,11.174532032823045,1840,5.284684684684684
233,0.2746,-524.0076923076924,2.1733333333333333,4.653429602888087,68.82129963898917,515,132,12.805206575253017,1843,4.749097472924188
234,0.273,-605.9461538461538,2.51,5.248239436619718,70.74823943661971,538,131,8.901419844764597,1843,5.341549295774648
235,0.2715,-632.4384615384615,2.66,5.583774250440917,70.55202821869489,535,141,12.229660464263578,1845,5.673721340388007
236,0.27,-584.8153846153847,2.558333333333333,5.1042016806722685,69.81848739495798,549,148,10.826768754315149,1845,5.19327731092437
237,0.2685,-702.9461538461538,2.7733333333333334,5.7859649122807015,70.4140350877193,531,136,15.746150579837812,1846,5.878947368421053
238,0.267,-656.0461538461539,2.7333333333333334,5.6795096322241685,69.72679509632223,536,135,10.160374086302971,1846,5.782837127845885
239,0.2656,-571.6769230769231,2.3758333333333335,4.850515463917525,68.48281786941581,533,133,11.391529259225411,1848,4.953608247422681
240,0.2641,-618.6923076923076,2.6816666666666666,5.427597955706985,68.5655877342419,553,141,13.974835287710587,1849,5.514480408858603
241,0.2626,-598.5615384615385,2.3641666666666667,5.081374321880651,68.79566003616637,517,127,10.208661178871417,1850,5.180831826401446
242,0.2612,-683.553846153846,2.808333333333333,5.844405594405594,69.49825174825175,527,136,15.208186406382872,1854,5.951048951048951
243,0.2597,-571.6615384615384,2.506666666666667,5.373646209386282,70.67148014440433,523,139,9.16671705296988,1856,5.4765342960288805
244,0.2583,-610.8384615384616,2.6241666666666665,5.068181818181818,66.34577922077922,574,144,10.507513790542996,1857,5.201298701298701
245,0.2569,-668.0615384615385,2.8491666666666666,5.865051903114187,70.60034602076125,531,133,16.70228650920297,1859,5.951557093425605
246,0.2555,-550.3846153846154,2.2316666666666665,4.96067415730337,70.41947565543072,502,125,8.848897410224874,1860,5.035580524344569
247,0.254,-619.1153846153848,2.5566666666666666,5.588235294117647,69.52757352941177,513,137,14.003244341504537,1862,5.658088235294118
248,0.2526,-619.4538461538461,2.5191666666666666,5.414104882459313,69.7124773960217,533,130,9.930165915590786,1863,5.506329113924051
249,0.2512,-604.3692307692309,2.5575,5.229310344827586,69.48965517241379,548,134,11.693073704258975,1864,5.31551724137931
250,0.2498,-592.6615384615384,2.493333333333333,5.140381282495667,68.38128249566725,549,138,12.512898319243375,1868,5.213171577123051
251,0.2485,-656.4384615384615,2.7441666666666666,5.419301164725457,69.3144758735441,565,140,11.567464047067483,1868,5.549084858569052
252,0.2471,-545.7153846153846,2.2225,4.815356489945155,67.38391224862889,508,132,11.050104925152075,1871,4.903107861060329
253,0.2457,-647.2153846153847,2.640833333333333,6.071566731141199,70.77562862669245,490,125,13.010566434457324,1874,6.156673114119923
254,0.2444,-708.6461538461539,2.9625,5.832781456953643,70.64900662251655,574,138,12.302664325458412,1874,5.935430463576159
255,0.243,-584.2692307692307,2.335,5.341650671785029,69.26871401151631,489,126,11.834260935449649,1877,5.429942418426104
256,0.2417,-733.0769230769231,3.0275,6.192771084337349,69.45611015490533,539,139,11.895757381602783,1877,6.25085910652921
257,0.2403,-725.2615384615385,2.9975,6.088888888888889,69.25982905982906,546,134,15.357726302891749,1877,6.181196581196581
258,0.239,-686.0692307692308,2.8783333333333334,5.878216123499143,71.84734133790738,551,135,12.86768120109874,1877,5.981132075471698
259,0.2377,-642.3538461538462,2.7325,5.416666666666667,70.475,564,140,11.823005542951524,1878,5.515
260,0.2364,-617.3153846153846,2.4825,5.0880829015544045,67.85664939550949,549,130,10.386075321232973,1878,5.198618307426598
261,0.2351,-642.9923076923076,2.715,5.561312607944732,70.89119170984456,547,129,12.750060990630994,1880,5.633851468048359
262,0.2338,-625.4076923076923,2.495833333333333,5.613636363636363,71.10416666666667,494,125,9.81716014273275,1882,5.71780303030303
263,0.2325,-638.123076923077,2.5566666666666666,5.495479204339964,67.88426763110307,514,135,15.042602045159434,1885,5.578661844484629
264,0.2312,-634.9153846153845,2.59,5.391608391608392,69.1520979020979,531,133,10.478711207839703,1885,5.47027972027972
265,0.2299,-649.4692307692308,2.700833333333333,5.55632582322357,66.92374350086655,538,130,11.952247720591151,1888,5.646447140381283
266,0.2286,-572.1153846153845,2.335,4.9411764705882355,68.22281639928698,530,130,11.718304481809186,1888,5.010695187165775
267,0.2274,-560.0769230769231,2.1658333333333335,4.809345794392524,67.94766355140187,506,125,10.81815647048833,1893,4.914018691588785
268,0.2261,-522.7538461538461,2.2275,4.8498168498168495,69.11904761904762,514,134,8.642374044672728,1894,4.913919413919414
269,0.2249,-560.3076923076924,2.4491666666666667,4.920875420875421,68.66666666666667,558,143,13.301111535132046,1895,5.0033670033670035
270,0.2236,-603.7307692307693,2.5116666666666667,4.966666666666667,67.21166666666667,560,138,17.10030064597469,1897,5.0633333333333335
271,0.2224,-685.0923076923077,2.7266666666666666,5.73936170212766,70.41489361702128,543,125,12.931422536777582,1898,5.819148936170213
272,0.2211,-773.6538461538462,2.9741666666666666,6.548148148148148,69.55925925925926,509,126,18.585279853310322,1907,6.618518518518519
273,0.2199,-581.5692307692307,2.4183333333333334,5.211956521739131,69.7590579710145,520,134,9.662673525900352,1909,5.282608695652174
274,0.2187,-640.0692307692308,2.631666666666667,5.53886925795053,71.1696113074205,538,134,13.445246638371442,1910,5.623674911660777
275,0.2175,-543.3,2.2133333333333334,5.003795066413662,70.20683111954459,492,131,12.353229276190664,1910,5.104364326375712
276,0.2163,-651.2615384615384,2.705,5.702127659574468,69.6790780141844,530,131,11.740654649800854,1916,5.787234042553192
277,0.2151,-568.5923076923077,2.3758333333333335,4.882556131260794,67.29533678756476,542,140,12.143450685437154,1918,5.001727115716753
278,0.2139,-533.4538461538461,2.3858333333333333,4.818027210884353,68.828231292517,553,146,10.705379856882688,1918,4.923469387755102
279,0.2127,-583.3692307692309,2.355,5.541666666666667,66.9265873015873,467,127,9.715790659112074,1921,5.642857142857143
280,0.2115,-568.0923076923077,2.390833333333333,5.096947935368043,67.85098743267504,521,139,10.435882453254878,1921,5.190305206463195
281,0.2104,-660.2846153846153,2.9191666666666665,5.390357698289269,67.83670295489891,613,144,15.09400189075932,1922,5.488335925349922
282,0.2092,-706.2307692307693,2.955,5.798679867986799,69.45709570957095,577,136,15.124116495013668,1922,5.887788778877888
283,0.208,-624.4384615384615,2.7291666666666665,5.393687707641196,70.25747508305648,563,144,12.40700711456819,1924,5.473421926910299
284,0.2069,-670.4461538461537,2.7491666666666665,6.014732965009208,71.97605893186004,507,129,12.47716357612727,1925,6.084714548802946
285,0.2058,-709.376923076923,2.9391666666666665,6.065972222222222,71.05034722222223,543,128,14.456933547940933,1925,6.177083333333333
286,0.2046,-639.8846153846154,2.565,5.758034026465029,70.34026465028356,491,124,12.190745326994206,1926,5.858223062381852
287,0.2035,-618.4923076923077,2.5433333333333334,5.23356401384083,69.75778546712803,553,133,10.738602012461728,1926,5.306228373702422
288,0.2024,-535.9,2.28,4.900542495479204,70.08499095840868,517,140,9.068268352549245,1927,5.001808318264015
289,0.2012,-525.4538461538461,2.1866666666666665,4.680505415162455,67.4259927797834,511,139,8.643271967540706,1928,4.772563176895307
290,0.2001,-613.3153846153846,2.5641666666666665,5.204778156996587,69.01194539249147,558,130,11.699970574214305,1929,5.2815699658703075
291,0.199,-575.4076923076923,2.3241666666666667,4.837127845884413,68.56042031523643,533,141,11.49571646622269,1929,4.924693520140105
292,0.1979,-553.2,2.28,4.818827708703375,68.58081705150977,534,132,10.201045355256484,1929,4.902309058614565
293,0.1968,-758.1153846153845,3.066666666666667,5.822683706070287,71.54472843450479,582,136,16.112851899080745,1929,5.900958466453674
294,0.1957,-740.6461538461539,2.763333333333333,5.734265734265734,67.9965034965035,531,120,14.310836913429528,1929,5.818181818181818
295,0.1946,-549.7769230769231,2.19,4.7765567765567765,70.76007326007326,513,130,9.822990313624887,1930,4.871794871794871
296,0.1936,-592.9230769230769,2.3575,5.083333333333333,69.47282608695652,523,128,14.39565398550739,1931,5.172101449275362
297,0.1925,-585.4769230769231,2.3441666666666667,5.114180478821363,68.37937384898711,515,128,11.463574194216283,1935,5.197053406998158
298,0.1914,-539.5076923076923,2.3308333333333335,4.759036144578313,67.95869191049914,537,142,8.699255351505505,1935,4.827882960413081
299,0.1904,-495.86923076923074,2.1925,4.693693693693693,67.35855855855856,518,140,10.329695655636337,1937,4.78018018018018
300,0.1893,-586.7076923076924,2.3958333333333335,4.992982456140351,68.21228070175438,536,134,9.251620328296438,1938,5.071929824561403
301,0.1883,-631.9,2.598333333333333,5.297250859106529,69.4020618556701,547,128,11.238765244447222,1940,5.367697594501718
302,0.1872,-741.7153846153847,2.9425,6.428044280442805,70.89852398523985,512,120,13.026768447537252,1943,6.520295202952029
303,0.1862,-654.5769230769231,2.5641666666666665,5.298611111111111,69.60590277777777,546,129,12.177307442986168,1945,5.390625
304,0.1852,-746.4692307692308,2.855,5.716694772344013,70.68296795952783,551,128,15.482185500797565,1947,5.814502529510961
305,0.1841,-703.0384615384615,2.8566666666666665,5.887348353552859,69.9046793760832,539,130,14.556047697510937,1950,5.975736568457539
306,0.1831,-578.2769230769231,2.4133333333333336,5.056437389770723,70.05114638447972,524,126,12.8051755726458,1954,5.162257495590829
307,0.1821,-621.7,2.5833333333333335,5.447602131438721,70.12433392539964,534,131,13.696908100778284,1957,5.575488454706927
308,0.1811,-657.5461538461539,2.605,5.449735449735449,69.4920634920635,533,127,10.648834977812754,1958,5.5396825396825395
309,0.1801,-539.4384615384615,2.2608333333333333,4.857142857142857,68.36708860759494,513,134,8.52298443750131,1960,4.936708860759493
310,0.1791,-593.8615384615384,2.5841666666666665,5.1438127090301,71.24080267558529,571,139,10.314017826933576,1961,5.223706176961603
311,0.1781,-607.4384615384615,2.450833333333333,5.211469534050179,68.4910394265233,522,132,12.255547668209188,1962,5.310035842293907
312,0.1771,-740.0692307692309,2.9825,5.650717703349282,68.48484848484848,591,132,17.659127738225223,1968,5.754385964912281
313,0.1762,-672.5846153846154,2.6641666666666666,5.797074954296161,70.40950639853747,509,125,13.121162608445436,1969,5.855575868372943
314,0.1752,-616.0384615384615,2.6441666666666666,5.628571428571429,67.95714285714286,521,139,13.870590150543766,1973,5.726785714285715
315,0.1742,-601.0384615384614,2.4558333333333335,5.135325131810193,70.13005272407733,530,127,9.287671860456065,1973,5.202108963093146
316,0.1732,-645.5923076923077,2.4891666666666667,5.0756013745704465,68.83848797250859,549,129,11.846170136678081,1977,5.147766323024055
317,0.1723,-523.053846153846,2.1391666666666667,4.51241134751773,68.02304964539007,532,135,8.765405067220163,1977,4.583333333333333
318,0.1713,-563.1384615384616,2.3466666666666667,4.734348561759729,68.31810490693739,562,134,13.057658913387758,1979,4.8392554991539765
319,0.1704,-626.723076923077,2.605,5.402439024390244,69.39198606271778,540,136,12.416540974531337,1980,5.484320557491289
320,0.1694,-690.4230769230769,2.9141666666666666,5.725165562913907,69.54470198675497,563,135,14.272222624405007,1983,5.816225165562914
321,0.1685,-579.5769230769231,2.355,5.1,69.2,523,127,12.006101806302361,1984,5.178181818181818
322,0.1676,-601.2615384615384,2.5075,5.200698080279232,70.22862129144852,550,135,12.107903835156906,1984,5.275741710296684
323,0.1666,-629.6384615384616,2.575,5.283993115318417,71.80895008605852,542,129,13.531951886950187,1986,5.370051635111876
324,0.1657,-723.3692307692307,2.7866666666666666,5.817543859649123,69.34561403508772,541,127,14.78024535406091,1988,5.921052631578948
325,0.1648,-677.623076923077,2.683333333333333,5.666074600355239,67.6607460035524,530,129,12.283510517570136,1991,5.761989342806395
326,0.1639,-601.2538461538462,2.465,5.3127272727272725,69.75272727272727,522,133,11.812783896815933,1991,5.390909090909091
327,0.163,-466.6923076923077,2.01,4.3045045045045045,67.49549549549549,529,141,7.671140411613566,1991,4.378378378378378
328,0.1621,-685.6076923076923,2.7725,5.911870503597123,68.16546762589928,527,123,17.094815405576647,1992,5.974820143884892
329,0.1612,-629.2076923076922,2.578333333333333,5.522603978300181,68.81012658227849,523,128,11.375225331816928,1994,5.605786618444847
330,0.1603,-486.87692307692305,2.2416666666666667,4.603806228373703,69.71107266435986,541,148,9.742620937761446,1994,4.71280276816609
331,0.1594,-637.9153846153847,2.5908333333333333,5.586520947176685,68.99271402550092,517,126,11.523301902646212,1995,5.676363636363637
332,0.1585,-761.8153846153846,3.0816666666666666,6.235993208828523,72.49575551782682,553,132,21.40942302974587,1996,6.3446519524618
333,0.1577,-625.2230769230769,2.5275,5.654716981132076,68.11698113207547,492,121,10.855563522707882,1996,5.724528301886792
334,0.1568,-551.4000000000001,2.2133333333333334,4.8311926605504585,68.32844036697247,509,126,9.183428355048235,1996,4.91743119266055
335,0.1559,-686.2769230769231,2.618333333333333,5.372413793103449,70.98103448275862,543,119,15.011907435649343,1998,5.4879310344827585
336,0.155,-494.5307692307693,2.2125,4.802197802197802,68.14285714285714,513,139,10.056236644138739,1999,4.8901098901098905
337,0.1542,-589.0230769230769,2.4358333333333335,5.439622641509434,68.35849056603773,489,123,11.47438508626616,2000,5.526415094339622
338,0.1533,-585.1769230769231,2.3941666666666666,5.2110091743119265,69.11926605504587,520,128,9.621498670165197,2001,5.291743119266055
339,0.1525,-633.8538461538461,2.6358333333333333,5.435763888888889,69.72916666666667,556,137,12.414927686057439,2001,5.513888888888889
340,0.1516,-526.7230769230769,2.2908333333333335,4.8658318425760285,69.28085867620752,526,139,7.3710673882998945,2001,4.9499105545617175
341,0.1508,-575.7461538461539,2.421666666666667,5.006956521739131,68.14782608695653,532,138,11.978799505638024,2005,5.102608695652174
342,0.15,-640.4769230769232,2.6816666666666666,5.172077922077922,69.58766233766234,579,144,16.44337530938736,2009,5.261363636363637
343,0.1491,-583.8384615384614,2.4166666666666665,5.07787610619469,69.18938053097345,532,132,11.899860091261742,2009,5.1415929203539825
344,0.1483,-770.8538461538461,3.194166666666667,6.357859531772576,70.67224080267559,568,136,17.878543463022154,2012,6.456521739130435
345,0.1475,-562.0538461538462,2.341666666666667,4.978533094812165,68.9087656529517,531,132,10.821912325830539,2012,5.051878354203936
346,0.1467,-514.4538461538461,2.2591666666666668,5.196116504854369,68.21941747572815,487,141,12.057692810036789,2012,5.304854368932038
347,0.1459,-493.96923076923076,2.1708333333333334,4.515789473684211,69.51754385964912,534,142,8.031402859293905,2013,4.591228070175439
348,0.1451,-504.1769230769231,2.1325,4.7924528301886795,70.17169811320754,506,133,11.761423801766519,2015,4.869811320754717
349,0.1443,-461.9384615384615,2.1375,4.401041666666667,65.36284722222223,533,149,8.653109447146242,2016,4.487847222222222
350,0.1435,-462.86923076923074,2.035,4.501865671641791,70.98694029850746,504,139,8.069306047344872,2019,4.5783582089552235
351,0.1427,-604.823076923077,2.5516666666666667,5.510018214936248,71.09289617486338,525,134,10.582052021765538,2021,5.581056466302368
352,0.1419,-602.1769230769231,2.5283333333333333,4.978476821192053,70.46026490066225,569,137,12.323358716313571,2021,5.067880794701987
353,0.1411,-666.6615384615385,2.6341666666666668,5.2462311557788945,71.15577889447236,562,130,13.46273874728764,2023,5.353433835845896
354,0.1403,-571.0230769230769,2.4133333333333336,4.972222222222222,67.78472222222223,532,139,10.631633574239817,2023,5.076388888888889
355,0.1395,-517.4076923076923,2.2516666666666665,4.7763864042933815,68.14847942754919,516,140,9.51055746641879,2023,4.837209302325581
356,0.1388,-527.0230769230768,2.2808333333333333,4.7160278745644595,66.76655052264809,526,142,7.087960814375241,2023,4.801393728222997
357,0.138,-529.8076923076924,2.24,4.840290381125227,69.58076225045372,524,135,11.29722738646083,2025,4.943738656987295
358,0.1372,-634.9615384615386,2.5208333333333335,5.236013986013986,65.82867132867133,534,129,12.87904302352806,2027,5.333916083916084
359,0.1365,-572.6461538461538,2.3608333333333333,5.178966789667896,68.03136531365314,509,133,14.211736545225905,2027,5.254612546125461
360,0.1357,-656.4692307692308,2.7158333333333333,5.3316831683168315,69.7112211221122,571,138,13.937859399034199,2032,5.412541254125412
361,0.135,-489.1538461538462,2.0608333333333335,4.553903345724907,69.66171003717471,498,136,8.131593478629425,2032,4.641263940520446
362,0.1342,-542.3384615384616,2.2908333333333335,4.666666666666667,68.33676975945018,546,137,10.848573491387043,2034,4.769759450171821
363,0.1335,-566.9692307692308,2.341666666666667,4.758561643835616,67.46404109589041,549,132,11.361168410412368,2035,4.828767123287672
364,0.1327,-571.5538461538462,2.325833333333333,4.6237458193979935,68.6371237458194,564,132,12.297258739972337,2036,4.7324414715719065
365,0.132,-555.5846153846154,2.214166666666667,4.795620437956204,67.20255474452554,514,121,8.582114989923815,2036,4.883211678832117
366,0.1313,-559.4230769230769,2.3866666666666667,5.295880149812734,69.06741573033707,497,136,11.01417833459445,2036,5.378277153558052
367,0.1306,-533.7923076923078,2.361666666666667,4.886759581881533,69.44599303135888,538,138,10.879502358300938,2037,4.973867595818815
368,0.1298,-589.9384615384615,2.5025,5.102915951972555,69.77701543739279,555,138,12.286899182900997,2039,5.1852487135506005
369,0.1291,-430.73846153846154,1.9208333333333334,4.1521739130434785,68.29166666666667,526,141,8.706543812134672,2039,4.221014492753623
370,0.1284,-515.9846153846154,2.1416666666666666,4.633879781420765,68.60473588342441,518,132,10.715465127979419,2040,4.7249544626593805
371,0.1277,-525.8538461538462,2.339166666666667,5.019891500904159,68.59312839059675,513,137,8.155318427260607,2041,5.115732368896926
372,0.127,-653.2769230769231,2.6891666666666665,5.45982905982906,72.48717948717949,558,129,11.719352859862227,2041,5.566552901023891
373,0.1263,-473.4307692307692,2.1475,4.339590443686006,66.69112627986348,548,143,8.262562871944763,2041,4.431740614334471
374,0.1256,-464.63076923076926,1.9041666666666666,4.220149253731344,67.15671641791045,505,133,8.331193987075759,2041,4.292910447761194
375,0.1249,-474.5692307692308,2.078333333333333,4.501824817518248,68.1551094890511,522,140,7.255197050632964,2041,4.58029197080292
376,0.1242,-513.0538461538462,2.200833333333333,4.608465608465608,70.17283950617283,536,131,11.808023289730901,2042,4.696649029982363
377,0.1235,-565.3461538461539,2.4175,4.932874354561101,68.8881239242685,550,131,12.273687244626094,2044,5.018932874354561
378,0.1228,-484.12307692307695,2.11,4.17109634551495,66.11129568106313,572,140,9.310415305056477,2046,4.277408637873754
379,0.1221,-689.1923076923076,2.8025,5.567612687813022,70.57595993322204,571,128,16.8374220608135,2047,5.682804674457429
380,0.1215,-555.6615384615385,2.4275,5.113676731793961,67.76554174067496,524,139,10.557330411283344,2049,5.197158081705151
381,0.1208,-631.5538461538463,2.720833333333333,5.65034965034965,70.46853146853147,532,136,13.340961371152561,2049,5.75
382,0.1201,-555.5923076923077,2.3425,5.036231884057971,69.68115942028986,514,130,9.447988886520605,2049,5.108695652173913
383,0.1195,-567.6384615384616,2.3475,5.190298507462686,70.21082089552239,510,130,9.98556001508241,2050,5.253731343283582
384,0.1188,-534.8846153846155,2.2391666666666667,4.868372943327239,68.45338208409507,512,143,9.227709049555749,2050,4.959780621572212
385,0.1181,-479.55384615384617,2.1641666666666666,4.435233160621761,67.67530224525044,547,146,7.945670622443209,2050,4.500863557858376
386,0.1175,-568.9461538461538,2.3941666666666666,4.742904841402337,71.779632721202,559,135,10.67559332609419,2051,4.823038397328881
387,0.1168,-553.4615384615385,2.2608333333333333,4.798214285714286,69.34285714285714,524,127,11.178332231962342,2051,4.891071428571428
388,0.1162,-498.53846153846155,2.1566666666666667,4.757914338919925,67.51396648044692,504,138,10.645288065030515,2053,4.8472998137802605
389,0.1156,-574.6153846153846,2.335,5.043557168784029,69.78221415607986,512,130,8.847069010278098,2053,5.1343012704174225
390,0.1149,-516.7769230769231,2.1341666666666668,4.668508287292818,66.92633517495396,516,136,8.958381104926818,2054,4.747697974217311
391,0.1143,-615.0846153846153,2.6425,5.144262295081967,70.40491803278688,571,133,11.487662383110015,2054,5.2344262295081965
392,0.1136,-547.6,2.3075,4.7172413793103445,67.95689655172414,549,138,9.47511284368841,2055,4.820689655172414
393,0.113,-529.5692307692308,2.2916666666666665,4.888888888888889,68.81720430107526,523,142,11.643672895355756,2055,5.005376344086022
394,0.1124,-568.1846153846154,2.4858333333333333,4.866336633663367,68.12376237623762,573,134,10.071392419099185,2055,4.965346534653466
395,0.1118,-542.8615384615384,2.2916666666666665,4.936708860759493,68.75768535262206,525,136,10.435159408132494,2055,5.030741410488246
396,0.1112,-678.5076923076923,2.7075,5.776978417266187,69.28237410071942,507,125,11.430208132986687,2056,5.85251798561151
397,0.1105,-771.1846153846153,2.955,5.967741935483871,68.1358234295416,553,131,15.144731436966657,2064,6.064516129032258
398,0.1099,-544.2,2.1566666666666667,4.828625235404896,68.09981167608287,507,124,10.49687900916546,2064,4.9246704331450095
399,0.1093,-460.32307692307694,2.0283333333333333,4.344765342960288,67.64801444043322,520,137,6.721970399795218,2065,4.451263537906137
400,0.1087,-516.6461538461538,2.0366666666666666,4.605714285714286,69.47428571428571,498,120,9.984103438012937,2065,4.685714285714286
401,0.1081,-505.2923076923077,2.1416666666666666,4.385813148788928,66.01730103806229,543,136,7.883589593838679,2066,4.47923875432526
402,0.1075,-613.8384615384615,2.5108333333333333,5.1875,68.51909722222223,542,135,13.862579209572356,2067,5.24263431542461
403,0.1069,-686.9923076923077,2.6633333333333336,5.584805653710247,70.37632508833923,542,125,11.765876214828245,2068,5.660777385159011
404,0.1063,-624.0230769230769,2.5791666666666666,5.190878378378378,68.10472972972973,558,132,13.543572928645803,2068,5.3074324324324325
405,0.1057,-716.6923076923076,2.8475,5.916083916083916,68.97727272727273,534,119,12.903928993011021,2069,5.996503496503497
406,0.1052,-580.853846153846,2.4825,4.956448911222781,68.64321608040201,560,135,12.113214476894926,2069,5.073701842546064
407,0.1046,-666.7923076923078,2.655,5.57773851590106,71.6678445229682,533,129,17.101984942524673,2072,5.662544169611308
408,0.104,-621.1461538461539,2.535,5.330973451327433,68.02300884955753,527,130,12.238963247556114,2073,5.421238938053097
409,0.1034,-499.46923076923076,2.1016666666666666,4.437722419928826,66.69039145907473,527,136,13.036090935123374,2075,4.530249110320285
410,0.1028,-700.6076923076923,2.8025,5.838879159369527,69.09457092819615,541,136,15.605721166552538,2076,5.9299474605954465
411,0.1023,-585.2307692307693,2.585,5.2023809523809526,68.53401360544218,548,143,9.579026247301988,2076,5.29421768707483
412,0.1017,-598.676923076923,2.5083333333333333,5.047377326565144,69.44500846023689,545,129,9.990383334598182,2079,5.147208121827411
413,0.1011,-605.4,2.5391666666666666,4.99009900990099,67.76237623762377,577,139,12.12385097289215,2080,5.087458745874588
414,0.1006,-544.1769230769232,2.265,4.625429553264605,68.88487972508591,523,133,11.234069977804356,2080,4.709621993127148
415,0.1,-576.4846153846154,2.4358333333333335,4.920203735144312,68.66553480475382,555,138,9.77361603538752,2082,5.01528013582343
416,0.0995,-640.723076923077,2.6866666666666665,5.527681660899654,68.30968858131487,547,135,11.353601424923076,2082,5.655709342560554
417,0.0989,-544.1692307692308,2.131666666666667,4.5088967971530245,67.59608540925267,518,131,8.291495088777737,2082,4.601423487544484
418,0.0984,-506.6692307692308,2.1641666666666666,4.359322033898305,68.00508474576272,550,138,10.028192124678364,2084,4.466101694915254
419,0.0978,-650.4615384615386,2.6491666666666664,5.539543057996485,68.78558875219683,538,129,11.712075852102224,2085,5.5992970123022845
420,0.0973,-512.2615384615385,2.265833333333333,4.651646447140381,67.79549393414212,541,136,7.592400041702078,2087,4.760831889081456
421,0.0968,-516.4153846153847,2.2316666666666665,4.394039735099338,67.75993377483444,575,137,9.68157563535321,2087,4.486754966887418
422,0.0962,-480.3384615384615,1.9825,4.316270566727606,68.55941499085924,517,132,11.45338099369744,2088,4.396709323583181
423,0.0957,-500.1692307692307,2.1666666666666665,4.693989071038251,68.10928961748634,527,137,8.542038406277452,2089,4.777777777777778
424,0.0952,-566.5769230769231,2.33,4.965949820788531,70.24372759856631,520,130,13.73817546333716,2091,5.077060931899641
425,0.0946,-483.9923076923077,2.005,4.281867145421903,67.60502692998205,527,135,9.556029102129258,2092,4.400359066427289
426,0.0941,-672.0000000000001,2.7408333333333332,5.594501718213058,70.03092783505154,538,129,13.233223166357103,2094,5.664948453608248
427,0.0936,-725.3461538461539,2.984166666666667,6.257042253521127,72.04401408450704,545,138,17.342897007479575,2095,6.352112676056338
428,0.0931,-576.2384615384615,2.3341666666666665,4.951871657754011,69.73440285204991,535,129,10.638116115545744,2096,5.03921568627451
429,0.0926,-574.2076923076924,2.4633333333333334,5.182300884955752,68.86194690265486,532,134,11.760942481061274,2097,5.267256637168142
430,0.092,-574.2461538461539,2.3466666666666667,5.145756457564576,68.24907749077491,503,133,9.19206541944614,2099,5.245387453874539
431,0.0915,-622.676923076923,2.5483333333333333,5.531021897810219,71.96350364963503,519,130,16.317182721475824,2102,5.62956204379562
432,0.091,-660.0153846153846,2.7558333333333334,5.77112676056338,70.45422535211267,531,137,16.410929433117094,2104,5.88556338028169
433,0.0905,-610.2384615384615,2.4558333333333335,5.025817555938038,68.53356282271945,544,132,12.8601572426711,2105,5.110154905335628
434,0.09,-537.8076923076924,2.129166666666667,4.474336283185841,67.89380530973452,527,127,8.812389633375831,2105,4.56283185840708
435,0.0895,-520.3230769230769,2.2175,4.782214156079855,69.4627949183303,518,134,9.14325761410383,2105,4.8656987295825775
436,0.089,-524.1461538461538,2.1275,4.697026022304833,68.34014869888476,505,130,8.641409132458246,2105,4.763940520446097
437,0.0885,-565.0,2.299166666666667,4.825396825396825,67.57142857142857,534,128,11.730995197353677,2105,4.911816578483245
438,0.088,-532.0846153846153,2.3383333333333334,5.027124773960217,68.22965641952983,518,148,10.380291505233648,2106,5.128390596745027
439,0.0876,-464.4230769230769,1.9266666666666667,4.388145315487572,67.87954110898661,489,131,13.102525655508613,2107,4.500956022944551
440,0.0871,-469.7230769230769,1.9883333333333333,4.2236135957066185,67.09660107334525,521,136,9.187327983725272,2109,4.3076923076923075
441,0.0866,-600.4076923076923,2.3625,5.107468123861566,70.09107468123861,514,122,11.257254934747017,2110,5.2003642987249545
442,0.0861,-580.3384615384615,2.3375,4.916814159292035,69.10796460176991,528,127,11.05067708644099,2111,5.005309734513275
443,0.0856,-580.5538461538462,2.4158333333333335,4.991304347826087,68.97391304347826,542,134,11.171093804115921,2111,5.0834782608695654
444,0.0852,-541.4384615384615,2.1758333333333333,4.740808823529412,65.8125,516,131,12.283452152309199,2114,4.836397058823529
445,0.0847,-575.4692307692308,2.2875,5.007380073800738,70.12730627306273,508,122,9.589504393455133,2115,5.134686346863469
446,0.0842,-626.3846153846154,2.569166666666667,5.272413793103448,70.52758620689656,550,130,10.862274097665908,2115,5.35
447,0.0838,-739.8615384615385,2.8358333333333334,5.706281833616298,69.6893039049236,551,118,13.414698166452073,2115,5.806451612903226
448,0.0833,-556.4,2.368333333333333,5.046678635547576,69.49012567324955,519,132,11.289222003338022,2115,5.157989228007182
449,0.0828,-545.6538461538462,2.325833333333333,4.714041095890411,67.03767123287672,547,138,11.015732037309856,2117,4.806506849315069
450,0.0824,-602.3384615384616,2.6558333333333333,5.647584973166368,70.4830053667263,530,135,16.336984866306018,2117,5.75134168157424
451,0.0819,-553.4307692307693,2.3375,4.883802816901408,68.66725352112677,529,136,9.846366937651954,2117,4.985915492957746
452,0.0815,-539.5999999999999,2.3675,4.661691542288557,67.71310116086235,571,144,11.419469551579578,2117,4.769485903814262
453,0.081,-553.9615384615385,2.3116666666666665,4.681431005110732,69.34923339011925,555,133,9.505641667083284,2117,4.773424190800681
454,0.0806,-505.0615384615384,2.0825,4.253012048192771,66.64199655765921,545,133,12.396333132528156,2118,4.3407917383821
455,0.0801,-571.4538461538461,2.408333333333333,4.9243986254295535,68.30412371134021,541,135,11.020538552647873,2119,4.9965635738831615
456,0.0797,-527.4846153846154,2.265833333333333,4.85431654676259,70.21043165467626,520,132,7.606311900797528,2120,4.929982046678636
457,0.0792,-495.3692307692308,2.1766666666666667,4.586145648312611,68.19005328596803,526,135,7.729337025126688,2120,4.6518650088809945
458,0.0788,-520.5230769230769,2.27,4.797153024911032,69.26868327402136,526,136,9.996160467412977,2120,4.909252669039146
459,0.0784,-420.7923076923077,1.8316666666666668,3.8960573476702507,65.65770609318996,523,134,8.930315587531297,2121,4.0
460,0.0779,-488.6692307692308,1.96,4.335820895522388,66.16791044776119,505,125,9.72714751959721,2121,4.434701492537314
461,0.0775,-544.6384615384616,2.2783333333333333,4.907272727272727,69.62727272727273,524,131,9.218979475311462,2122,4.985454545454545
462,0.0771,-554.8384615384616,2.3566666666666665,5.360308285163777,67.83236994219654,489,128,11.096104247236298,2122,5.4373795761079
463,0.0766,-578.2076923076922,2.3033333333333332,5.146892655367232,67.77777777777777,498,121,10.45559023648982,2122,5.233521657250471
464,0.0762,-579.6307692307693,2.4283333333333332,4.843697478991596,70.88235294117646,561,138,9.007541951527722,2122,4.9411764705882355
465,0.0758,-659.0769230769231,2.54,5.307017543859649,68.41754385964913,531,122,14.936380516437248,2125,5.428070175438597
466,0.0754,-473.7692307692307,2.026666666666667,4.198952879581152,67.34031413612566,544,135,7.489695028404412,2126,4.2635253054101225
467,0.075,-564.9769230769231,2.4433333333333334,5.034722222222222,70.02951388888889,538,138,12.710759459557263,2127,5.126736111111111
468,0.0745,-549.9230769230769,2.404166666666667,4.961672473867596,70.25783972125436,535,136,10.98982116393735,2127,5.045296167247387
469,0.0741,-663.0,2.7225,5.500848896434635,68.4855687606112,558,130,14.720977370700945,2129,5.572156196943973
470,0.0737,-555.5769230769231,2.299166666666667,4.924050632911392,67.20072332730561,520,128,11.099842585249013,2129,5.003616636528029
471,0.0733,-503.7846153846154,2.214166666666667,4.604203152364273,68.53765323992995,546,138,5.141015376610296,2129,4.690017513134851
472,0.0729,-548.7153846153847,2.2983333333333333,4.842198581560283,67.70567375886525,517,132,8.940028029821686,2129,4.909574468085107
473,0.0725,-540.2076923076922,2.3408333333333333,4.957142857142857,66.85892857142858,523,142,10.901565937989135,2129,5.066071428571429
474,0.0721,-541.8846153846155,2.1575,5.0773809523809526,67.7420634920635,475,128,10.072292668379735,2131,5.125
475,0.0717,-603.6153846153846,2.5408333333333335,4.933006535947713,70.11928104575163,581,138,12.174516528246212,2131,5.045751633986928
476,0.0713,-518.5615384615384,2.1708333333333334,4.5122377622377625,68.13461538461539,540,134,7.979429097653204,2132,4.573426573426573
477,0.0709,-656.2076923076924,2.6908333333333334,5.105431309904153,69.29712460063898,594,130,15.32373909960902,2132,5.204472843450479
478,0.0705,-536.4230769230769,2.305833333333333,4.641285956006768,68.26226734348562,558,134,8.138590587722295,2133,4.729272419627749
479,0.0701,-590.6615384615384,2.5791666666666666,5.515315315315315,67.43783783783783,519,141,13.759242079369528,2133,5.623423423423423
480,0.0697,-537.5384615384615,2.25,4.863883847549909,67.23411978221415,526,131,9.826443370337898,2136,4.954627949183303
481,0.0694,-580.4076923076923,2.4133333333333336,5.344506517690875,68.21601489757914,507,134,9.569929426973122,2136,5.443202979515829
482,0.069,-653.7769230769231,2.6875,5.323333333333333,68.11,563,135,15.825579497963043,2137,5.43
483,0.0686,-646.7923076923078,2.631666666666667,5.541740674955595,69.91296625222024,532,129,11.04411374483461,2138,5.618794326241135
484,0.0682,-499.0923076923077,2.046666666666667,4.588679245283019,68.19245283018869,500,125,8.366698723148883,2138,4.660377358490566
485,0.0678,-483.5153846153847,2.13,4.419580419580419,69.1590909090909,533,134,9.40892747774936,2139,4.489510489510489
486,0.0675,-564.3461538461538,2.4466666666666668,4.998278829604131,69.90705679862306,555,139,7.217338184692341,2139,5.072289156626506
487,0.0671,-580.8923076923077,2.4208333333333334,5.35754189944134,69.27746741154563,503,128,13.056134589317912,2139,5.441340782122905
488,0.0667,-508.75384615384615,2.0458333333333334,4.275132275132275,67.16225749559082,535,128,10.354574466974102,2141,4.361552028218695
489,0.0664,-590.0076923076923,2.3825,4.754621848739496,68.69747899159664,548,130,12.566691646330627,2142,4.848739495798319
490,0.066,-536.4846153846154,2.23,4.717081850533808,67.88434163701068,524,132,9.875425559938636,2142,4.790035587188612
491,0.0656,-504.03076923076924,2.046666666666667,4.405063291139241,66.48643761301989,526,134,8.983700563690082,2142,4.475587703435805
492,0.0653,-639.5846153846154,2.611666666666667,5.390625,69.72916666666667,543,127,12.344294034401882,2142,5.510416666666667
493,0.0649,-510.62307692307695,2.1483333333333334,4.313028764805415,68.19458544839256,556,133,8.193073550249693,2142,4.3908629441624365
494,0.0645,-503.66923076923075,2.1425,4.598553345388789,67.623869801085,521,130,7.917621093343692,2143,4.694394213381555
495,0.0642,-631.7,2.566666666666667,5.850287907869482,69.99040307101727,489,127,12.154039720034786,2143,5.932821497120921
496,0.0638,-599.9538461538461,2.44,5.027729636048527,68.51473136915078,540,127,12.954919979055896,2143,5.110918544194107
497,0.0635,-589.3923076923077,2.388333333333333,5.381404174573055,70.81593927893738,504,127,12.120754473911939,2143,5.476280834914611
498,0.0631,-567.623076923077,2.345,4.75,66.85958904109589,556,130,11.062746946891789,2144,4.837328767123288
499,0.0628,-543.5615384615385,2.3125,4.7379310344827585,67.89655172413794,550,131,9.244553082316214,2144,4.794827586206897
500,0.0624,-663.2461538461538,2.6966666666666668,5.497427101200686,69.07890222984562,537,126,14.857462123600387,2144,5.597602739726027
501,0.0621,-517.9153846153847,2.2741666666666664,4.497504159733777,68.86356073211314,565,137,8.448687283761707,2146,4.584026622296173
502,0.0617,-637.9923076923077,2.545,5.629906542056075,69.16635514018692,507,119,8.64938772866083,2146,5.717757009345794
503,0.0614,-504.83076923076925,2.1875,4.57469244288225,66.65553602811951,540,137,10.627346107544993,2146,4.650263620386643
504,0.0611,-509.60769230769233,2.1391666666666667,4.751401869158879,67.18691588785046,493,136,11.104581506048426,2146,4.850467289719626
505,0.0607,-588.7307692307693,2.4391666666666665,5.171122994652406,68.48484848484848,528,136,12.173482911428797,2148,5.238859180035651
506,0.0604,-600.1538461538462,2.5483333333333333,5.207903780068729,68.77319587628865,548,134,15.816888231425002,2149,5.310996563573883
507,0.06,-533.5,2.2108333333333334,4.518965517241379,68.38103448275862,545,130,7.642689719602196,2150,4.61551724137931
508,0.0597,-517.8307692307692,2.2075,4.578671328671328,67.32342657342657,539,131,9.555713855318183,2150,4.6625874125874125
509,0.0594,-532.323076923077,2.18,4.468048359240069,67.88082901554404,548,129,10.626331789893694,2150,4.544041450777202
510,0.0591,-516.0769230769231,2.1108333333333333,4.494623655913978,67.45161290322581,525,133,9.278332349014445,2150,4.578853046594982
511,0.0587,-524.5230769230769,2.2708333333333335,4.513377926421405,69.95317725752508,561,139,6.485769813991704,2150,4.6120401337792645
512,0.0584,-432.70769230769235,1.9041666666666666,3.927209705372617,65.21837088388214,537,141,9.106371551104074,2150,4.003466204506066
513,0.0581,-493.1076923076923,2.0416666666666665,4.299645390070922,68.79432624113475,528,125,8.982242979458874,2150,4.391843971631205
514,0.0578,-671.0153846153846,2.6825,5.691071428571429,71.65892857142858,533,121,10.372286413200655,2150,5.775
515,0.0574,-601.9384615384615,2.5108333333333333,5.290780141843972,69.55851063829788,535,132,11.000058208918253,2150,5.367021276595745
516,0.0571,-537.4153846153846,2.138333333333333,4.667279411764706,67.11397058823529,517,130,9.203736960244225,2150,4.733455882352941
517,0.0568,-612.5307692307692,2.475,5.4235727440147325,68.3609576427256,509,133,11.380929667096227,2150,5.5211786372007365
518,0.0565,-648.8538461538461,2.67,5.2,69.68524590163935,577,131,11.430497292299636,2150,5.279869067103109
519,0.0562,-499.1461538461539,2.1425,4.3982758620689655,69.70862068965518,552,133,8.264765950578708,2152,4.48448275862069
520,0.0559,-584.8307692307692,2.473333333333333,5.155866900175131,70.0893169877408,534,130,9.827528559758813,2152,5.2381786339754814
521,0.0556,-596.8615384615384,2.4583333333333335,5.039655172413793,69.04310344827586,544,126,10.456825127529715,2152,5.160344827586207
522,0.0553,-650.3384615384616,2.6825,5.562937062937063,70.09965034965035,546,126,13.343595250880853,2153,5.646853146853147
523,0.0549,-570.4076923076923,2.5416666666666665,5.075503355704698,69.0503355704698,565,140,8.195642651660679,2153,5.157718120805369
524,0.0546,-551.5846153846154,2.3766666666666665,4.902608695652174,67.04869565217392,535,139,8.951327715428873,2153,4.975652173913043
525,0.0543,-568.4923076923077,2.2333333333333334,4.715808170515098,69.1829484902309,532,129,8.161067769860013,2153,4.802841918294849
526,0.054,-494.79230769230765,2.203333333333333,4.7842778793418645,69.51553930530164,522,138,8.194169864944614,2153,4.873857404021938
527,0.0537,-481.8538461538461,2.05,4.221837088388215,68.36915077989602,539,134,6.203866722947958,2153,4.30155979202773
528,0.0534,-418.6307692307692,1.8383333333333334,3.870567375886525,67.70744680851064,530,132,8.625350791939656,2154,3.9609929078014185
529,0.0531,-440.2076923076923,1.865,3.8606271777003482,67.00696864111498,532,136,8.409914688002956,2154,3.980836236933798
530,0.0529,-597.3846153846154,2.4683333333333333,5.686046511627907,71.62596899224806,474,132,12.293086140064558,2154,5.788759689922481
531,0.0526,-606.6538461538462,2.464166666666667,5.275675675675676,66.61441441441441,515,130,13.730623297456077,2155,5.342342342342342
532,0.0523,-486.23846153846154,2.3383333333333334,4.466237942122186,66.85048231511254,584,155,7.1640965044247515,2155,4.556270096463023
533,0.052,-469.79230769230765,2.01,4.361974405850091,66.90493601462524,513,135,8.954305089273406,2156,4.462522851919561
534,0.0517,-509.4461538461539,2.13,4.20265780730897,67.25415282392026,566,134,8.105930029851176,2157,4.287375415282392
535,0.0514,-519.2307692307693,2.235,4.709219858156028,66.95744680851064,520,132,7.716764022931376,2157,4.789007092198582
536,0.0511,-511.7846153846154,2.2866666666666666,4.74430823117338,69.6707530647986,553,144,8.904264640461916,2158,4.844133099824869
537,0.0508,-489.36923076923074,2.0166666666666666,4.449626865671642,67.0223880597015,499,132,9.454671424251858,2158,4.516791044776119
538,0.0506,-634.4384615384615,2.575833333333333,5.640883977900552,68.75690607734806,507,132,13.56772165251586,2162,5.716390423572744
539,0.0503,-480.7846153846154,2.0825,4.365079365079365,66.99647266313933,532,140,8.448398818852143,2162,4.455026455026455
540,0.05,-451.0153846153846,2.1783333333333332,4.543057996485062,65.9402460456942,539,149,9.808808321645897,2162,4.644991212653778
541,0.05,-540.8307692307693,2.15,4.5150442477876105,68.54867256637168,538,127,9.235520330577486,2162,4.601769911504425
542,0.05,-744.3692307692307,2.835,5.633779264214047,69.50836120401338,562,113,17.157435610740144,2164,5.725752508361204
543,0.05,-555.876923076923,2.348333333333333,4.929203539823009,68.80884955752212,533,128,10.264036751295736,2165,5.031858407079646
544,0.05,-493.45384615384614,2.1991666666666667,4.586267605633803,69.33626760563381,535,139,10.004117913863837,2165,4.667253521126761
545,0.05,-501.4923076923077,2.195,5.087719298245614,68.59649122807018,478,134,8.225567463309822,2165,5.147859922178989
546,0.05,-600.376923076923,2.5458333333333334,4.970443349753695,69.14121510673235,562,134,11.85640819674748,2167,5.073891625615763
547,0.05,-544.5384615384615,2.285833333333333,4.710069444444445,67.84201388888889,536,128,9.676594907194458,2167,4.815972222222222
548,0.05,-467.5,1.9258333333333333,4.525793650793651,71.18253968253968,484,128,9.603579018508935,2167,4.642857142857143
549,0.05,-502.4769230769231,2.1233333333333335,4.313993174061434,67.95733788395904,555,136,8.540215743094196,2167,4.407849829351536
550,0.05,-534.4923076923078,2.3208333333333333,4.63973063973064,69.81986531986531,550,137,8.084831490285639,2168,4.722222222222222
551,0.05,-610.3692307692309,2.575,5.3992932862190814,66.59187279151944,521,133,10.384181226567435,2169,5.469964664310954
552,0.05,-510.5923076923077,2.11,4.43716814159292,66.60530973451327,532,129,11.238064409253017,2169,4.500884955752213
553,0.05,-606.9538461538461,2.470833333333333,5.39963167587477,70.48250460405157,502,128,10.252100857321842,2170,5.482504604051566
554,0.05,-696.1846153846154,2.8583333333333334,5.947460595446585,71.1401050788091,535,129,15.351066248952959,2174,6.071803852889667
555,0.05,-527.3153846153846,2.308333333333333,4.7613240418118465,68.09059233449477,545,140,8.20739387350718,2175,4.839721254355401
556,0.05,-381.96153846153845,1.7266666666666666,3.7481751824817517,67.91970802919708,513,146,5.750418083542665,2176,3.8175182481751824
557,0.05,-490.7076923076923,2.0625,4.681297709923665,67.25763358778626,502,138,8.639339343433496,2178,4.727099236641221
558,0.05,-617.9230769230769,2.7291666666666665,5.2859477124183005,69.98692810457516,576,138,12.152603184655304,2178,5.370915032679738
559,0.05,-593.4846153846154,2.4341666666666666,4.924786324786325,68.87521367521367,552,131,10.063414938126101,2178,5.018803418803419
560,0.05,-469.5846153846154,2.0991666666666666,4.530797101449275,68.69746376811594,525,143,11.831295914083583,2178,4.61231884057971
561,0.05,-590.1461538461538,2.421666666666667,5.079505300353357,69.0583038869258,537,129,13.68695904239788,2180,5.178445229681979
562,0.05,-600.2,2.359166666666667,4.913884007029877,68.00878734622144,524,118,7.956866236125865,2180,5.010544815465729
563,0.05,-421.7923076923077,1.7591666666666668,3.9359698681732582,67.06026365348399,507,129,7.497848658957836,2180,4.0206766917293235
564,0.05,-521.0846153846154,2.2375,4.6173913043478265,65.0591304347826,534,137,7.362909124668022,2180,4.716521739130434
565,0.05,-590.9,2.450833333333333,5.0785340314136125,68.74171029668412,539,134,12.095929088205887,2180,5.169284467713787
566,0.05,-631.623076923077,2.720833333333333,5.726148409893993,68.8321554770318,529,136,15.951429080815483,2181,5.853356890459364
567,0.05,-612.5076923076924,2.595,5.48932384341637,70.6814946619217,530,134,13.00626765117419,2182,5.597864768683274
568,0.05,-440.37692307692305,1.84,4.122873345935727,67.03780718336483,495,127,8.287862141584313,2182,4.2041587901701325
569,0.05,-578.9153846153846,2.4433333333333334,4.818936877076412,70.61794019933555,572,136,7.847103442795077,2182,4.898671096345515
570,0.05,-538.8538461538461,2.2933333333333334,4.906137184115524,68.33935018050542,528,138,8.775503776216121,2182,5.018050541516246
571,0.05,-680.6846153846153,2.8341666666666665,5.597337770382696,67.49417637271215,559,132,11.856893336900384,2184,5.713810316139767
572,0.05,-642.4846153846154,2.7533333333333334,5.678260869565217,69.16695652173912,543,133,12.892255199490942,2185,5.76
573,0.05,-554.3923076923077,2.3891666666666667,4.918544194107453,65.35008665511265,530,145,12.527730390782686,2185,5.020797227036395
574,0.05,-688.5769230769232,2.7183333333333333,5.660245183887916,67.99299474605955,521,125,15.047689114817,2187,5.736013986013986
575,0.05,-516.8076923076924,2.1066666666666665,4.635687732342007,67.58921933085502,507,126,8.68221843404214,2187,4.730483271375465
576,0.05,-485.3923076923077,2.1133333333333333,4.439929328621908,68.41342756183745,533,143,7.30764284264344,2187,4.521201413427562
577,0.05,-591.5153846153846,2.486666666666667,5.238938053097345,69.70442477876107,532,135,11.565046474510286,2187,5.311504424778761
578,0.05,-491.12307692307695,2.145,4.679558011049724,68.20257826887661,512,136,8.718288820413466,2187,4.773480662983426
579,0.05,-602.9538461538461,2.5141666666666667,5.486238532110092,70.30825688073395,508,132,11.51588899118651,2188,5.581651376146789
580,0.05,-496.5153846153846,2.2283333333333335,4.743267504488331,68.50987432675045,517,137,7.442884724347966,2188,4.822262118491921
581,0.05,-642.0999999999999,2.555,5.481081081081081,70.44144144144144,523,120,13.247126312093712,2189,5.56936936936937
582,0.05,-656.3153846153846,2.6591666666666667,5.486111111111111,69.32118055555556,542,126,13.93276234760759,2190,5.588541666666667
583,0.05,-524.5153846153846,2.3208333333333333,4.837127845884413,67.27670753064798,534,137,11.9035470821221,2191,4.9299474605954465
584,0.05,-552.3153846153846,2.3558333333333334,4.614497528830313,69.22570016474465,571,138,8.263083644725286,2192,4.700164744645799
585,0.05,-473.0153846153846,2.0725,4.248704663212435,68.71675302245251,548,140,8.58448842673104,2192,4.347150259067358
586,0.05,-491.5,2.05,4.686538461538461,68.61923076923077,493,132,11.475895828068026,2192,4.7615384615384615
587,0.05,-539.646153846154,2.263333333333333,4.441127694859039,69.28192371475953,570,136,9.181211029658519,2192,4.51077943615257
588,0.05,-589.8461538461538,2.4591666666666665,5.19964349376114,69.49910873440285,523,129,8.341449041296357,2193,5.283422459893048
589,0.05,-545.0769230769231,2.2683333333333335,4.647668393782383,66.88428324697755,537,129,9.053828225931145,2194,4.734024179620034
590,0.05,-525.3384615384615,2.2475,4.704946996466431,68.75795053003533,537,132,9.590591376943074,2195,4.780918727915195
591,0.05,-524.376923076923,2.1591666666666667,4.694698354661791,69.89579524680073,519,124,8.909716833203014,2195,4.773308957952468
592,0.05,-562.5769230769231,2.4291666666666667,5.174147217235189,70.81687612208259,529,132,8.633081979733143,2195,5.256272401433692
593,0.05,-486.89230769230767,2.04,4.4713493530499075,67.49907578558225,515,134,7.027912347878452,2195,4.544280442804428
594,0.05,-659.6461538461539,2.5441666666666665,5.705103969754253,70.75992438563327,495,112,10.93784031574666,2195,5.812854442344046
595,0.05,-525.6846153846154,2.1875,4.609929078014185,66.69148936170212,527,132,8.434192006757831,2196,4.664893617021277
596,0.05,-591.3538461538461,2.4191666666666665,5.176895306859206,69.93140794223827,527,126,11.345324097188994,2196,5.263537906137184
597,0.05,-528.3692307692309,2.2125,4.593695271453591,68.1278458844133,544,140,9.473805263761895,2199,4.704028021015762
598,0.05,-595.4384615384615,2.4825,5.4869888475836435,67.52230483271376,502,132,11.609749430087996,2199,5.551020408163265
599,0.05,-646.5538461538462,2.6875,5.705357142857143,70.74107142857143,526,131,14.948012161065474,2200,5.801785714285714
600,0.05,-675.1769230769231,2.7575,5.497478991596639,70.02689075630252,559,127,13.57597584733009,2202,5.586554621848739
601,0.05,-609.2692307692307,2.5,4.936772046589018,66.68885191347754,559,130,11.208130190772929,2202,5.016638935108153
602,0.05,-534.7307692307692,2.305,4.518945634266887,68.0329489291598,581,142,8.585154377382935,2202,4.599670510708402
603,0.05,-528.5538461538462,2.2291666666666665,4.7486535008976665,66.31418312387791,521,132,10.806506934717552,2203,4.838420107719928
604,0.05,-502.49230769230763,2.1266666666666665,4.662361623616236,68.82656826568265,519,132,7.134438243292971,2204,4.745387453874539
605,0.05,-616.4000000000001,2.5633333333333335,5.3886925795053005,70.06713780918727,537,128,14.885710162699151,2206,5.471731448763251
606,0.05,-459.3538461538462,1.97,4.060763888888889,67.15104166666667,530,137,8.204350121664922,2207,4.154513888888889
607,0.05,-497.9307692307693,2.013333333333333,4.136915077989602,67.4471403812825,547,130,7.497477503526471,2207,4.221837088388215
608,0.05,-779.2692307692308,3.1458333333333335,6.345762711864407,69.33559322033898,565,127,18.60888061107881,2210,6.420338983050847
609,0.05,-617.4153846153846,2.6525,5.206611570247934,69.27107438016529,576,135,11.366854242951518,2210,5.294214876033058
610,0.05,-571.4846153846154,2.4408333333333334,5.176470588235294,68.41176470588235,539,132,8.394242375960307,2210,5.244206773618538
611,0.05,-606.9461538461538,2.5075,5.037162162162162,68.60304054054055,561,130,15.903826126398371,2210,5.133445945945946
612,0.05,-567.3076923076924,2.2308333333333334,4.79491833030853,67.69872958257713,515,119,6.545814023872702,2210,4.894736842105263
613,0.05,-509.4384615384616,2.2641666666666667,4.650519031141869,68.37889273356402,544,139,8.503654479080765,2210,4.713298791018998
614,0.05,-511.7307692307692,2.2425,4.580756013745704,66.0807560137457,545,137,8.318435876191582,2210,4.668384879725086
615,0.05,-503.24615384615385,2.243333333333333,4.651567944250871,69.48780487804878,542,139,6.73994367566497,2210,4.7456445993031355
616,0.05,-624.7,2.5283333333333333,5.273684210526316,69.10877192982456,542,130,11.725891703655963,2211,5.375438596491228
617,0.05,-462.86923076923074,1.9875,4.182948490230906,67.92895204262878,529,134,10.32836903950946,2211,4.2695035460992905
618,0.05,-482.7615384615384,2.1333333333333333,4.360344827586207,68.1655172413793,543,142,10.91891468678822,2212,4.453448275862069
619,0.05,-516.5153846153846,2.115,4.821497120921305,67.49712092130518,493,132,7.325672522360169,2212,4.90978886756238
620,0.05,-482.7076923076923,2.0325,4.184027777777778,69.39930555555556,538,129,6.141467966918467,2212,4.292894280762565
621,0.05,-508.53076923076924,2.1725,4.554770318021202,69.2773851590106,524,127,7.030208040790634,2212,4.636042402826855
622,0.05,-480.03076923076924,2.0216666666666665,4.321880650994575,65.96564195298373,508,130,8.162343026794586,2212,4.433996383363472
623,0.05,-730.3384615384616,2.9233333333333333,5.911714770797962,69.70797962648557,556,122,13.504403060294196,2212,5.98471986417657
624,0.05,-526.5153846153846,2.2066666666666666,4.477739726027397,67.44006849315069,550,139,8.454453937158238,2212,4.558219178082192
625,0.05,-524.2153846153847,2.2291666666666665,4.570689655172414,66.52413793103449,557,138,9.382689700741697,2212,4.646551724137931
626,0.05,-525.1461538461538,2.2316666666666665,4.565292096219931,69.09106529209622,555,134,9.16929971663743,2213,4.658075601374571
627,0.05,-668.8153846153846,2.535833333333333,5.5063752276867035,69.96357012750455,519,121,15.556215908407282,2214,5.593806921675774
628,0.05,-553.1846153846154,2.3,4.628813559322034,68.1593220338983,561,133,9.323466992213307,2214,4.744067796610169
629,0.05,-454.5,1.9133333333333333,4.062611806797853,68.19677996422182,517,134,8.086817429766954,2214,4.1449016100178895
630,0.05,-472.13076923076926,2.0908333333333333,4.669172932330827,69.61654135338345,498,137,9.455511185081475,2215,4.7330827067669174
631,0.05,-589.553846153846,2.5,5.17595818815331,69.11324041811847,529,133,12.767963222021363,2216,5.2665505226480835
632,0.05,-533.876923076923,2.3,4.796491228070176,70.01052631578948,548,136,9.798445373958334,2216,4.892982456140351
633,0.05,-467.5692307692308,2.0733333333333333,4.231034482758621,68.33620689655173,552,142,7.687347906751661,2216,4.318965517241379
634,0.05,-588.0999999999999,2.5675,4.97879282218597,69.4584013050571,578,137,11.179673350885288,2216,5.099510603588907
635,0.05,-475.7230769230769,2.0208333333333335,4.438077634011091,67.92606284658041,506,137,8.35180791618157,2216,4.517560073937154
636,0.05,-563.8923076923077,2.3183333333333334,4.875886524822695,69.12588652482269,531,127,10.364213398974906,2216,4.959219858156028
637,0.05,-421.78461538461534,1.7441666666666666,3.8710280373831774,68.09906542056075,509,129,5.4725044056342425,2216,3.94392523364486
638,0.05,-579.3615384615384,2.4966666666666666,5.5278810408921935,69.51115241635688,511,137,10.841573387650747,2216,5.594795539033457
639,0.05,-524.0,2.2941666666666665,4.911711711711711,70.44504504504505,527,135,6.7683834453125025,2216,4.989189189189189
640,0.05,-468.21538461538466,1.9533333333333334,4.441682600382409,68.21414913957935,495,131,8.752699464817375,2216,4.512428298279159
641,0.05,-547.4846153846154,2.3383333333333334,4.789655172413793,70.22068965517241,550,135,10.404176720835315,2216,4.891379310344828
642,0.05,-495.2923076923077,2.13,4.566787003610108,68.51263537906136,519,135,8.447108506825542,2216,4.653429602888087
643,0.05,-499.5769230769231,2.078333333333333,4.797270955165692,67.6374269005848,494,129,6.559805341621137,2218,4.894736842105263
644,0.05,-500.58461538461535,2.1341666666666668,4.277027027027027,65.85979729729729,562,136,7.731258153087384,2218,4.375
645,0.05,-507.0,2.295,5.029520295202952,67.38929889298893,508,142,11.382850789906083,2219,5.11070110701107
646,0.05,-513.9769230769231,2.1125,4.596685082872928,68.68324125230203,511,124,7.100211431721476,2219,4.662983425414365
647,0.05,-526.7,2.2558333333333334,4.877737226277373,68.87956204379562,514,134,9.73262910369754,2220,4.963503649635037
648,0.05,-570.8461538461538,2.3875,5.055357142857143,68.78571428571429,532,134,8.430726037670754,2220,5.169642857142857
649,0.05,-513.4692307692308,2.21,4.5929824561403505,67.98771929824561,524,130,8.987133016347032,2221,4.668421052631579
650,0.05,-540.6846153846154,2.2866666666666666,4.82174688057041,68.06951871657753,532,136,10.506770452856564,2221,4.911032028469751
651,0.05,-532.2384615384615,2.1641666666666666,4.4558058925476605,67.33968804159446,540,129,10.321963966911955,2223,4.5441941074523395
652,0.05,-540.176923076923,2.1266666666666665,4.447183098591549,67.39084507042253,533,130,9.240476827274456,2223,4.526408450704225
653,0.05,-532.0307692307692,2.285833333333333,4.703639514731369,70.34315424610053,544,131,8.460817462556328,2223,4.811091854419411
654,0.05,-499.09999999999997,2.069166666666667,4.474545454545455,68.57272727272728,520,129,6.684792966643131,2223,4.549090909090909
655,0.05,-504.0692307692308,2.2275,4.613636363636363,71.34265734265735,539,137,8.088396527240647,2223,4.688811188811189
656,0.05,-523.8461538461538,2.245,4.629565217391304,68.44521739130435,536,134,3.847948508915067,2223,4.7269565217391305
657,0.05,-643.3,2.566666666666667,5.332749562171629,70.58143607705779,545,123,9.701332050473175,2225,5.4588441330998245
658,0.05,-524.0076923076923,2.1891666666666665,4.648745519713262,66.89605734767025,518,130,8.110601299109318,2225,4.747311827956989
659,0.05,-572.0538461538462,2.2741666666666664,4.767195767195767,69.25044091710758,537,124,8.787016514880207,2226,4.839506172839506
660,0.05,-579.0461538461539,2.3583333333333334,4.738983050847458,69.84576271186441,556,129,10.422039049879158,2226,4.820338983050847
661,0.05,-545.7384615384616,2.2758333333333334,4.909255898366606,67.67332123411978,512,129,9.960779657325476,2226,5.018148820326679
662,0.05,-495.96923076923076,2.0525,4.121621621621622,66.70777027027027,557,130,5.630102153586791,2227,4.194256756756757
663,0.05,-529.5615384615385,2.3116666666666665,4.725862068965517,67.44827586206897,531,130,9.867599852231278,2227,4.798623063683305
664,0.05,-591.7692307692307,2.4383333333333335,5.107583774250441,68.88888888888889,541,128,16.027624258075427,2227,5.188712522045855
665,0.05,-551.0846153846153,2.2683333333333335,5.353174603174603,70.86111111111111,478,124,12.233454008777029,2229,5.412698412698413
666,0.05,-490.9384615384615,2.2275,4.716577540106952,68.32976827094474,524,140,8.222602686104448,2229,4.786096256684492
667,0.05,-557.5076923076923,2.365,4.987544483985765,69.25444839857651,526,132,15.378769978797768,2232,5.099644128113879
668,0.05,-551.2076923076922,2.3091666666666666,4.616806722689075,67.61512605042017,560,132,4.5589305466714185,2232,4.700840336134454
669,0.05,-572.4384615384615,2.3266666666666667,4.8694885361552025,67.22222222222223,542,129,8.140671230409128,2232,4.959435626102293
670,0.05,-541.3461538461538,2.2066666666666666,4.717117117117117,67.64504504504505,522,127,9.368060514320478,2233,4.7855855855855856
671,0.05,-547.3846153846154,2.361666666666667,4.934628975265018,67.13957597173145,516,131,7.377124271123104,2233,5.017667844522968
672,0.05,-640.5846153846155,2.6666666666666665,5.474137931034483,71.42241379310344,541,124,18.47618905382844,2234,5.569707401032702
673,0.05,-625.9461538461538,2.4516666666666667,5.295825771324864,70.08348457350272,518,122,11.197703600844553,2235,5.388384754990925
674,0.05,-509.6615384615385,2.0033333333333334,4.4680451127819545,69.22932330827068,493,124,10.114681500384785,2235,4.573308270676692
675,0.05,-513.4692307692308,2.1625,4.490367775831874,68.35901926444834,537,137,10.013457658087948,2235,4.584938704028021
676,0.05,-540.6923076923076,2.2941666666666665,4.945652173913044,70.40942028985508,519,137,9.552009266313581,2235,5.041666666666667
677,0.05,-640.6384615384616,2.651666666666667,5.220198675496689,68.91887417218543,571,132,12.081246022767942,2235,5.288079470198675
678,0.05,-480.87692307692305,2.111666666666667,4.360627177700349,65.30139372822299,544,136,7.4634074653125655,2235,4.454703832752613
679,0.05,-538.6923076923076,2.2758333333333334,4.706597222222222,67.74826388888889,536,140,11.2470620785891,2238,4.764298093587522
680,0.05,-578.1692307692308,2.4683333333333333,5.426987060998152,72.00739371534196,503,137,14.94379670431844,2240,5.523105360443623
681,0.05,-574.4769230769232,2.4433333333333334,5.0121107266435985,68.36505190311419,544,132,12.201903909538999,2243,5.108996539792387
682,0.05,-573.6384615384616,2.4491666666666667,5.06631762652705,70.717277486911,544,134,10.018992412648727,2244,5.153577661431065
683,0.05,-572.7923076923078,2.370833333333333,4.66887417218543,68.37251655629139,579,139,14.489508174989565,2244,4.743377483443709
684,0.05,-451.9846153846154,1.9358333333333333,4.0964285714285715,67.26428571428572,531,134,7.283433178030677,2244,4.178571428571429
685,0.05,-620.8692307692309,2.5708333333333333,5.246998284734134,70.4459691252144,545,138,17.273215989990714,2246,5.327615780445969
686,0.05,-550.3538461538461,2.2925,4.719237435008665,69.16117850953206,540,135,9.413225747228173,2247,4.807625649913345
687,0.05,-605.6923076923076,2.5975,5.555755395683454,68.0431654676259,522,133,17.311059646712152,2247,5.654676258992806
688,0.05,-501.1461538461539,2.15,4.773831775700935,68.28785046728972,508,133,10.599049750809234,2247,4.841121495327103
689,0.05,-570.4153846153846,2.381666666666667,5.102702702702703,69.55855855855856,517,127,14.456366546418636,2249,5.203603603603604
690,0.05,-490.0230769230769,2.1933333333333334,4.4353741496598635,65.74149659863946,546,141,8.503828394635615,2249,4.51530612244898
691,0.05,-594.7846153846153,2.533333333333333,5.271929824561403,70.82456140350877,533,133,11.818497775202601,2249,5.370175438596491
692,0.05,-561.1538461538462,2.4583333333333335,5.108581436077058,69.38353765323993,539,136,10.287388393963735,2249,5.1821366024518385
693,0.05,-537.9153846153847,2.3433333333333333,4.831304347826087,69.96695652173914,537,134,9.653911946986618,2249,4.925217391304348
694,0.05,-627.0384615384615,2.5475,5.358156028368795,68.427304964539,526,124,11.810230469810376,2250,5.445035460992908
695,0.05,-453.1615384615385,1.9741666666666666,4.4600760456273765,68.75095057034221,504,134,7.285346879552178,2251,4.5437262357414445
696,0.05,-514.323076923077,2.2258333333333336,4.517887563884157,69.77683134582624,558,136,9.531401726792987,2251,4.616695059625213
697,0.05,-617.8615384615384,2.515,5.3113879003558715,70.30782918149467,532,130,9.003967219729953,2252,5.402135231316726
698,0.05,-698.6692307692308,2.8033333333333332,5.8017391304347825,69.22086956521738,553,135,16.04351501858617,2253,5.8939130434782605
699,0.05,-643.2153846153847,2.515,5.548148148148148,70.71666666666667,516,118,11.791587096574423,2253,5.633333333333334
700,0.05,-552.9538461538461,2.3,4.963636363636364,67.72545454545454,528,132,10.741174781431093,2255,5.045454545454546
701,0.05,-530.6307692307693,2.160833333333333,4.609712230215828,69.76079136690647,522,124,8.244613227626694,2255,4.683453237410072
702,0.05,-588.5615384615385,2.3425,4.694772344013491,68.94603709949409,559,129,11.298210261882879,2255,4.807757166947724
703,0.05,-591.1923076923076,2.5016666666666665,5.111876075731497,68.45438898450946,533,135,10.451855013077607,2255,5.209982788296041
704,0.05,-624.9076923076923,2.6858333333333335,5.489690721649485,69.0979381443299,544,132,9.619961486076978,2255,5.565292096219931
705,0.05,-468.7923076923077,2.0483333333333333,4.38018018018018,69.35315315315316,533,134,7.0296141989515775,2255,4.475675675675675
706,0.05,-562.4846153846154,2.3958333333333335,4.757929883138564,67.50250417362271,566,138,7.4450091739913065,2255,4.843071786310517
707,0.05,-519.1769230769231,2.3125,5.072088724584104,69.08687615526802,506,142,6.167491285771517,2256,5.123616236162362
708,0.05,-529.8461538461538,2.1783333333333332,4.4300341296928325,68.11092150170649,561,137,7.47259365560059,2256,4.534129692832765
709,0.05,-542.5384615384615,2.3725,4.864027538726334,68.82960413080895,552,143,10.532010014614439,2258,4.93631669535284
710,0.05,-504.50769230769225,2.255,4.754884547069271,68.07992895204264,535,141,7.4499002861936106,2259,4.854351687388988
711,0.05,-496.63076923076926,2.0675,4.256944444444445,67.67708333333333,535,132,6.688080300774208,2259,4.326388888888889
712,0.05,-538.6692307692307,2.265,4.6271477663230245,69.10137457044674,542,131,7.223763389289947,2259,4.738831615120275
713,0.05,-521.7384615384615,2.2066666666666666,4.811355311355311,69.01648351648352,512,127,9.90146285300475,2259,4.877289377289378
714,0.05,-583.1846153846154,2.4483333333333333,5.346788990825688,70.73577981651376,512,131,12.631897511058241,2260,5.427522935779817
715,0.05,-552.7,2.4783333333333335,4.88391376451078,68.72470978441127,567,141,10.510575952688907,2261,4.981757877280265
716,0.05,-507.94615384615383,2.160833333333333,4.553982300884956,65.32389380530974,531,135,9.820361117063353,2261,4.642477876106195
717,0.05,-607.5538461538462,2.631666666666667,5.419410745233969,68.27556325823224,541,141,14.559371819332517,2261,5.507798960138648
718,0.05,-480.5461538461538,1.9933333333333334,4.682539682539683,68.93849206349206,475,132,8.126393725381249,2261,4.761904761904762
719,0.05,-518.7461538461539,2.223333333333333,4.858195211786372,68.31307550644567,514,136,8.145763378701243,2261,4.9373848987108655
720,0.05,-671.8,2.64,5.206322795341098,66.23294509151414,558,128,15.089567434688307,2261,5.287853577371048
721,0.05,-712.9153846153846,2.82,5.715986394557823,68.62925170068027,543,127,19.12784404581159,2266,5.811224489795919
722,0.05,-533.4692307692308,2.2608333333333333,4.453642384105961,66.01490066225166,570,142,7.300188438411417,2266,4.533112582781457
723,0.05,-381.7153846153846,1.6283333333333334,3.4686940966010735,65.11449016100178,526,144,6.162693416529376,2266,3.5438282647584973
724,0.05,-491.8153846153846,2.1125,4.4714285714285715,66.24107142857143,530,137,10.555093009176582,2266,4.547237076648841
725,0.05,-496.04615384615386,2.07,4.5424354243542435,68.04059040590406,516,133,7.558398495618131,2266,4.618081180811808
726,0.05,-509.23846153846154,2.1841666666666666,4.686594202898551,69.05615942028986,522,137,7.247085994427731,2266,4.780797101449275
727,0.05,-446.44615384615383,2.035,4.062394603709949,71.37774030354132,569,146,8.759603892780053,2267,4.148397976391231
728,0.05,-496.1461538461538,2.1708333333333334,4.365025466893039,67.32597623089983,560,136,7.01024530693591,2269,4.468590831918506
729,0.05,-476.52307692307687,2.1041666666666665,4.318339100346021,69.86851211072664,542,140,7.425102171863657,2269,4.427335640138408
730,0.05,-480.49999999999994,2.115,4.28839590443686,66.82423208191126,552,142,7.549757154147594,2269,4.3668941979522184
731,0.05,-522.1461538461539,2.2583333333333333,4.687062937062937,68.63636363636364,536,132,12.77126647151828,2271,4.778359511343805
732,0.05,-434.8461538461538,1.9133333333333333,4.152014652014652,66.81501831501832,513,136,5.919859551774664,2271,4.23992673992674
733,0.05,-476.36923076923074,1.9491666666666667,4.117647058823529,68.1336898395722,530,124,6.617837477718324,2271,4.19964349376114
734,0.05,-628.1846153846154,2.6825,5.453767123287672,68.83047945205479,548,133,11.906025076468882,2272,5.551369863013699
735,0.05,-616.5923076923077,2.5633333333333335,5.213675213675214,70.65811965811966,554,136,10.113464755928058,2272,5.312820512820513
736,0.05,-496.58461538461535,2.1666666666666665,4.53356890459364,69.18021201413427,545,140,5.2750703290890035,2272,4.614840989399293
737,0.05,-570.3846153846154,2.3608333333333333,5.032258064516129,68.82078853046595,528,129,10.703404537702587,2272,5.118279569892473
738,0.05,-589.476923076923,2.4483333333333333,5.2644927536231885,68.34420289855072,523,132,10.213803068111732,2273,5.36231884057971
739,0.05,-504.6846153846154,2.1866666666666665,4.4310051107325386,66.7206132879046,556,134,10.215153732094597,2273,4.511073253833049
740,0.05,-558.9769230769231,2.3525,5.166051660516605,68.64575645756457,507,136,12.287052429481625,2274,5.249077490774908
741,0.05,-415.73846153846154,1.7316666666666667,3.8144712430426715,64.95918367346938,498,137,7.482101065557026,2275,3.9239332096474953
742,0.05,-541.3846153846154,2.4283333333333332,4.901528013582343,69.24108658743633,557,145,7.543590346611488,2276,4.98811544991511
743,0.05,-524.5153846153846,2.22,4.77536231884058,67.21195652173913,513,133,10.117905467300382,2277,4.826086956521739
744,0.05,-570.9076923076923,2.3091666666666666,4.842756183745583,69.42049469964664,534,124,9.731439436807964,2277,4.925795053003534
745,0.05,-499.53846153846155,2.09,4.493670886075949,68.81555153707052,519,133,10.798054417033942,2277,4.573236889692586
746,0.05,-455.6538461538462,2.0325,4.353153153153153,67.04864864864865,520,144,8.737711524676136,2278,4.43063063063063
747,0.05,-659.876923076923,2.8033333333333332,5.946428571428571,69.82321428571429,531,133,10.46097001972984,2279,6.060714285714286
748,0.05,-573.1384615384616,2.4816666666666665,5.404761904761905,69.21062271062272,516,137,8.432633947734791,2279,5.4743589743589745
749,0.05,-458.5538461538461,1.9958333333333333,4.080895008605852,68.37177280550775,536,141,6.504723866915092,2279,4.184165232358003
750,0.05,-441.1615384615385,1.9666666666666666,4.101933216168717,67.75219683655536,532,140,10.138271025684213,2280,4.193321616871705
751,0.05,-492.70000000000005,2.1083333333333334,4.614391143911439,68.49077490774907,518,135,8.579680641010397,2280,4.7011070110701105
752,0.05,-527.0692307692308,2.2266666666666666,4.73345259391771,69.35062611806798,536,129,10.967734288113954,2280,4.851520572450805
753,0.05,-462.2846153846154,2.1466666666666665,4.3276740237691005,67.65704584040748,553,149,7.2027775109398,2280,4.402376910016978
754,0.05,-460.6769230769231,2.0475,4.35663082437276,68.0931899641577,525,141,7.315164788213745,2280,4.460573476702509
755,0.05,-484.5076923076922,2.0608333333333335,4.300527240773286,67.53251318101933,537,136,8.05163642925413,2280,4.3776223776223775
756,0.05,-475.9076923076923,1.9858333333333333,4.513358778625954,66.99618320610686,503,134,11.36554939148831,2281,4.599236641221374
757,0.05,-458.1846153846153,2.0941666666666667,4.5,68.16,507,139,5.713058029013918,2281,4.592727272727273
758,0.05,-501.32307692307694,2.118333333333333,4.4875,69.48571428571428,538,132,6.068351844391766,2281,4.557142857142857
759,0.05,-466.26923076923083,1.985,4.422932330827067,68.42857142857143,493,128,9.252818535554207,2282,4.511278195488722
760,0.05,-545.0307692307692,2.3525,4.946902654867257,69.39469026548673,524,132,9.686799386120535,2282,5.0265486725663715
761,0.05,-487.71538461538466,2.0208333333333335,4.184991273996509,68.043630017452,542,134,11.250483230386223,2283,4.279232111692845
762,0.05,-459.9461538461539,2.013333333333333,4.289048473967684,66.28545780969479,526,139,6.78673142817127,2283,4.402154398563734
763,0.05,-537.0384615384615,2.2058333333333335,4.880597014925373,69.73694029850746,502,129,9.7088411232109,2284,4.975746268656716
764,0.05,-460.27692307692314,1.9183333333333332,3.9738675958188154,66.8048780487805,537,131,4.055576742184037,2284,4.054006968641115
765,0.05,-602.3153846153846,2.6475,5.246666666666667,67.65666666666667,563,141,16.229148026992323,2285,5.32
766,0.05,-561.7,2.5125,5.054237288135593,67.30338983050848,550,139,8.849042206217106,2286,5.157627118644068
767,0.05,-549.1615384615384,2.2575,4.748672566371681,70.729203539823,535,130,10.402789110209168,2287,4.8513274336283185
768,0.05,-485.53076923076924,2.0708333333333333,4.4466546112115735,69.33092224231464,510,138,10.856705107141622,2289,4.531645569620253
769,0.05,-547.4615384615385,2.3966666666666665,4.621138211382114,69.87479674796748,585,137,8.464149103254636,2289,4.7073170731707314
770,0.05,-494.83846153846156,2.225,4.592720970537262,69.87348353552859,539,137,6.575218218882135,2289,4.677642980935875
771,0.05,-500.73846153846154,2.1375,4.519572953736655,67.02135231316726,532,134,5.247774819406299,2289,4.6263345195729535
772,0.05,-480.38461538461536,2.1825,4.154093097913322,66.54093097913322,581,143,6.699697982996449,2289,4.242375601926164
773,0.05,-505.9,2.160833333333333,4.5875,68.46785714285714,520,132,8.668892189045069,2289,4.689285714285714
774,0.05,-538.123076923077,2.2883333333333336,4.6632302405498285,67.19072164948453,551,140,7.593911177594453,2289,4.752577319587629
775,0.05,-513.9076923076923,2.2183333333333333,4.571923743500866,68.31542461005199,536,142,7.602225220765186,2290,4.662045060658579
776,0.05,-493.0461538461538,2.2175,4.770343580470163,69.07956600361663,522,136,9.784010357668729,2290,4.855334538878843
777,0.05,-488.9923076923077,2.1533333333333333,4.532859680284192,67.09769094138544,535,141,8.431473486833786,2290,4.586145648312611
778,0.05,-454.60769230769233,2.0141666666666667,4.341818181818182,68.44545454545455,518,138,5.534544496297751,2290,4.423636363636364
779,0.05,-512.0461538461539,2.2691666666666666,4.604095563139932,69.66723549488054,553,139,9.507282555970757,2290,4.691126279863481
780,0.05,-497.63076923076926,2.1983333333333333,4.576182136602452,69.02802101576182,539,137,9.082533127543384,2290,4.66199649737303
781,0.05,-512.9461538461538,2.1825,4.516579406631763,68.59860383944154,536,132,7.450837186252822,2291,4.605584642233857
782,0.05,-577.876923076923,2.5016666666666665,5.161178509532062,68.33102253032929,552,141,13.000005947202913,2291,5.220103986135182
783,0.05,-486.5153846153846,2.1366666666666667,4.405923344947735,67.60104529616724,535,144,6.914978411555371,2291,4.48695652173913
784,0.05,-573.3846153846155,2.45,4.984589041095891,68.60445205479452,544,139,9.739448591122796,2292,5.090753424657534
785,0.05,-410.2153846153846,1.75,3.9904030710172744,69.61612284069098,490,132,7.438848631324655,2292,4.063339731285988
786,0.05,-587.323076923077,2.4433333333333334,5.2823315118397085,69.03642987249545,510,135,13.954000298042658,2292,5.355191256830601
787,0.05,-493.09999999999997,2.109166666666667,4.482078853046595,67.75627240143369,525,137,8.85691001932937,2292,4.568100358422939
788,0.05,-517.5923076923077,2.285,4.54606365159129,69.45896147403685,572,145,9.188675950886575,2292,4.649916247906198
789,0.05,-530.3615384615384,2.3316666666666666,4.802426343154246,68.56672443674177,545,139,10.616668238623435,2293,4.889081455805893
790,0.05,-469.12307692307695,2.0541666666666667,4.696153846153846,68.77692307692308,492,131,9.152512553949759,2293,4.786538461538462
791,0.05,-583.676923076923,2.4616666666666664,5.001709401709402,67.88717948717948,551,142,14.48200952278581,2294,5.08034188034188
792,0.05,-481.9846153846153,2.0808333333333335,4.513711151736746,69.25411334552102,522,128,8.721054763401224,2294,4.627056672760512
793,0.05,-571.8153846153846,2.5125,5.11663807890223,66.60891938250428,553,142,11.776958949166566,2294,5.210977701543739
794,0.05,-563.0461538461539,2.308333333333333,4.896057347670251,68.31720430107526,525,129,12.13202019499232,2294,4.983870967741935
795,0.05,-520.0769230769231,2.2783333333333333,4.804964539007092,69.35283687943263,535,130,10.360291741136328,2294,4.881205673758865
796,0.05,-479.0,2.1233333333333335,4.451499118165785,66.55379188712521,537,144,9.106328282597689,2294,4.552028218694885
797,0.05,-432.66923076923075,1.885,3.943661971830986,67.02992957746478,534,136,6.479889142814972,2294,4.014084507042254
798,0.05,-468.2384615384616,2.105,4.277397260273973,68.26712328767124,556,141,7.158846776431172,2295,4.357876712328767
799,0.05,-479.0692307692308,2.118333333333333,4.518050541516246,68.11191335740072,531,144,4.950996888024558,2295,4.590252707581228
800,0.05,-617.5076923076923,2.5533333333333332,5.216494845360825,70.2766323024055,552,133,11.469111772208038,2295,5.319587628865979
801,0.05,-494.6230769230769,2.09,4.012924071082391,67.09046849757674,581,138,4.901890233650938,2295,4.109854604200323
802,0.05,-418.1923076923077,1.9733333333333334,4.031034482758621,67.64655172413794,543,152,5.732387577924553,2295,4.136206896551724
803,0.05,-433.90000000000003,1.9216666666666666,4.06951871657754,66.45632798573975,520,142,7.545098790809345,2295,4.158645276292335
804,0.05,-406.3384615384615,1.8491666666666666,3.907473309608541,67.19750889679716,534,144,8.939766558794997,2295,4.0
805,0.05,-536.7769230769231,2.265,4.732394366197183,66.36795774647888,532,136,8.972489101075077,2295,4.829225352112676
806,0.05,-404.60769230769233,1.7766666666666666,3.6759581881533103,65.38675958188153,547,137,7.182420606785369,2295,3.7717770034843205
807,0.05,-460.25384615384615,2.026666666666667,4.45101663585952,68.97781885397413,516,135,8.962579825281527,2295,4.524953789279113
808,0.05,-527.5615384615385,2.2641666666666667,4.651724137931034,67.42586206896551,550,137,11.068791306179193,2296,4.7620689655172415
809,0.05,-452.7692307692308,2.0525,4.3458110516934045,68.19073083778966,526,139,5.315910392131706,2297,4.42170818505338
810,0.05,-601.8076923076924,2.485,4.954697986577181,66.86073825503355,551,136,15.026888447175745,2298,5.050335570469799
811,0.05,-520.6384615384616,2.265,4.699300699300699,66.29020979020979,536,140,15.057036252300556,2300,4.77972027972028
812,0.05,-430.21538461538466,1.7341666666666666,3.8660377358490567,65.05094339622642,494,131,5.537093306822744,2300,3.950943396226415
813,0.05,-453.6692307692308,1.9533333333333334,4.157706093189964,67.17562724014337,530,131,8.020547839916333,2301,4.240143369175628
814,0.05,-481.70769230769235,2.2108333333333334,4.453310696095077,65.70967741935483,563,146,5.247730359758952,2301,4.555178268251273
815,0.05,-444.26153846153846,1.8541666666666667,4.214971209213052,67.93666026871401,488,135,7.007421849801097,2301,4.303262955854127
816,0.05,-572.2461538461539,2.3666666666666667,4.706176961602671,69.01001669449082,559,130,9.930969304395383,2302,4.809682804674457
817,0.05,-541.6076923076923,2.2175,4.5283993115318415,68.57831325301204,541,128,6.3870578872567405,2302,4.603092783505154
818,0.05,-494.0769230769231,2.1083333333333334,4.46524064171123,67.89483065953654,527,141,6.109092128475509,2302,4.545454545454546
819,0.05,-466.8076923076923,2.026666666666667,4.074450084602369,69.06429780033841,559,139,6.906806059714274,2302,4.1725888324873095
820,0.05,-510.61538461538464,2.14,4.754681647940075,67.76029962546816,497,132,12.113352311034479,2303,4.831460674157303
821,0.05,-524.3,2.2725,4.522613065326633,66.80904522613065,560,137,13.136063376214697,2305,4.624790619765494
822,0.05,-446.89230769230767,1.9991666666666668,4.198934280639431,65.6696269982238,528,140,6.026188759344394,2305,4.296099290780142
823,0.05,-477.0230769230769,2.2841666666666667,4.631849315068493,68.5736301369863,556,152,8.639203359912045,2305,4.726027397260274
824,0.05,-445.29230769230765,1.9916666666666667,4.343119266055046,69.148623853211,521,142,4.963200094222009,2305,4.434862385321101
825,0.05,-503.1846153846153,2.1425,4.410745233968804,68.31715771230503,548,138,9.550063197489992,2305,4.492201039861352
826,0.05,-454.5230769230769,2.0533333333333332,4.2547993019197206,69.5043630017452,534,139,4.205716500664968,2305,4.338568935427574
827,0.05,-652.8307692307692,2.5191666666666666,5.065878378378378,70.08445945945945,564,122,8.411857773996534,2305,5.157094594594595
828,0.05,-673.3153846153846,2.8675,5.6,69.08524590163934,568,140,15.438731488967683,2307,5.68688524590164
829,0.05,-419.3,1.8808333333333334,3.8202054794520546,67.01369863013699,547,145,6.132195920528498,2307,3.9006849315068495
830,0.05,-403.67692307692306,1.795,3.6822107081174438,67.43005181347151,545,142,2.517781119955802,2307,3.778929188255613
831,0.05,-470.1692307692308,2.0591666666666666,4.463503649635037,65.61861313868613,505,138,5.120595963046606,2307,4.545620437956204
832,0.05,-534.4615384615385,2.200833333333333,4.85899814471243,71.78107606679035,510,126,6.692254354167888,2308,4.955473098330241
833,0.05,-456.4076923076923,2.0125,4.502824858757062,69.31073446327683,499,137,7.138843871425063,2308,4.582706766917293
834,0.05,-420.4307692307692,1.9258333333333333,4.042253521126761,67.01232394366197,532,145,4.8327573215635296,2308,4.117957746478873
835,0.05,-442.7615384615385,1.9858333333333333,4.232558139534884,68.28085867620752,516,140,6.0727266498558485,2308,4.3184257602862255
836,0.05,-482.2230769230769,2.1425,4.216887417218543,69.6043046357616,566,141,8.227081432985441,2308,4.314569536423841
837,0.05,-466.1,2.0216666666666665,4.3545454545454545,68.37454545454545,519,134,5.0238296615069435,2308,4.42
838,0.05,-463.7230769230769,2.0275,4.417582417582418,66.39194139194139,519,137,6.9631428471888395,2308,4.489010989010989
839,0.05,-488.09999999999997,2.0633333333333335,4.231034482758621,66.82931034482759,546,141,8.640077756619178,2310,4.324137931034483
840,0.05,-523.2307692307693,2.2316666666666665,4.596187175043328,65.37261698440209,542,135,11.466488015074688,2312,4.696707105719238
841,0.05,-433.37692307692305,1.8625,3.7555178268251272,65.13752122241087,540,137,7.195001255617902,2312,3.8522920203735143
842,0.05,-522.023076923077,2.0941666666666667,4.780346820809249,67.4373795761079,487,119,8.234956511672145,2312,4.861271676300578
843,0.05,-507.8153846153846,2.0866666666666664,4.502732240437158,67.29508196721312,517,132,5.87301161071045,2312,4.586520947176685
844,0.05,-470.7,2.005,4.302536231884058,67.77717391304348,529,137,4.18817633547792,2312,4.3768115942028984
845,0.05,-450.10769230769233,1.93,4.188299817184643,66.61974405850091,516,137,5.8266907050854915,2312,4.288848263254113
846,0.05,-436.1230769230769,1.9208333333333334,3.937823834196891,67.20379965457686,548,144,6.008427934807688,2312,4.037996545768567
847,0.05,-583.2692307692307,2.408333333333333,4.842639593908629,68.62774957698815,556,128,12.284927935066007,2312,4.930626057529611
848,0.05,-479.32307692307694,1.9758333333333333,4.034364261168385,67.28178694158076,541,132,5.080672608031888,2312,4.108247422680412
849,0.05,-468.53076923076924,1.9308333333333334,4.230202578268877,68.52117863720073,522,127,6.540862719194828,2312,4.30939226519337
850,0.05,-455.7615384615384,1.9691666666666667,4.206463195691203,66.3931777378815,526,138,6.709396102453074,2312,4.280071813285458
851,0.05,-459.1692307692308,2.0008333333333335,4.001680672268908,69.2672268907563,551,133,6.862367875492425,2313,4.094117647058823
852,0.05,-501.9230769230769,2.1425,4.551971326164875,70.12007168458781,531,136,7.288058420828774,2313,4.652329749103942
853,0.05,-593.123076923077,2.4125,4.904273504273505,70.71965811965812,558,131,9.587967717952838,2313,4.970940170940171
854,0.05,-513.4076923076923,2.3041666666666667,4.799648506151143,67.0738137082601,530,144,12.798906706635501,2313,4.878734622144113
855,0.05,-546.6153846153846,2.3041666666666667,4.769633507853404,68.72425828970331,536,128,7.421990369546467,2313,4.853658536585366
856,0.05,-454.8307692307692,1.9775,4.688622754491018,68.64670658682634,466,141,6.113978675382147,2313,4.750499001996008
857,0.05,-500.63076923076926,2.0883333333333334,4.7846153846153845,67.82884615384616,497,134,8.00471396387246,2313,4.8634615384615385
858,0.05,-432.3076923076923,1.7791666666666666,4.198412698412699,67.49801587301587,471,130,6.337550144336154,2314,4.261904761904762
859,0.05,-495.78461538461534,2.1108333333333333,4.3264248704663215,66.99827288428325,542,136,5.081902633463821,2314,4.392055267702936
860,0.05,-494.24615384615385,2.2158333333333333,4.646643109540636,68.58127208480565,527,139,7.9061817340911915,2314,4.73321554770318
861,0.05,-531.9846153846154,2.35,4.675041876046901,70.01842546063652,566,145,8.64505662101598,2315,4.76214405360134
862,0.05,-504.7230769230769,2.165,4.188925081433225,65.88762214983713,574,140,15.104501941020356,2315,4.314332247557004
863,0.05,-424.33076923076925,1.835,3.9637023593466423,68.11070780399274,513,140,9.867979509199241,2316,4.045372050816697
864,0.05,-469.25384615384615,2.066666666666667,4.569832402234637,71.30167597765363,511,136,8.724103244752671,2316,4.653631284916201
865,0.05,-464.2384615384616,2.0008333333333335,4.454887218045113,67.84210526315789,500,138,9.654708226150436,2316,4.5169172932330826
866,0.05,-505.9076923076923,2.1175,4.6353591160221,67.7329650092081,497,127,10.141901519911729,2316,4.70902394106814
867,0.05,-495.5,2.1858333333333335,4.466437177280551,67.80206540447504,554,137,8.144071862909463,2316,4.5395189003436425
868,0.05,-427.59999999999997,1.9641666666666666,4.142095914742451,68.33392539964476,534,146,6.261899207803949,2316,4.25044404973357
869,0.05,-492.2615384615384,2.07,4.265164644714038,66.64471403812826,540,131,7.451062919681035,2317,4.36159169550173
870,0.05,-564.5692307692307,2.2083333333333335,4.937735849056604,67.96037735849056,496,120,9.450315664799605,2317,5.016949152542373
871,0.05,-478.0923076923077,2.095833333333333,4.162207357859532,67.67558528428094,565,140,5.643675151087903,2317,4.258764607679466
872,0.05,-525.8153846153846,2.3575,4.62046204620462,67.0924092409241,564,140,8.475710432747503,2317,4.7161716171617165
873,0.05,-497.76923076923083,2.035,4.193043478260869,67.87304347826087,549,130,7.3090664842297475,2317,4.28
874,0.05,-442.33846153846156,1.81,4.043396226415094,67.3377358490566,497,131,9.059927307971392,2317,4.124528301886793
875,0.05,-521.5230769230768,2.2591666666666668,4.615120274914089,69.0446735395189,555,134,9.327293710036056,2317,4.70446735395189
876,0.05,-437.2230769230769,1.9866666666666666,4.329044117647059,68.56985294117646,518,137,5.805483615220277,2318,4.415441176470588
877,0.05,-538.9461538461538,2.2491666666666665,4.801075268817204,67.85125448028674,526,135,15.575988553992273,2319,4.906810035842294
878,0.05,-544.1153846153846,2.3741666666666665,4.759729272419627,67.94077834179357,553,136,6.031554471925469,2320,4.874788494077834
879,0.05,-474.9692307692307,2.0325,4.272566371681416,69.86725663716814,519,138,10.766997827356155,2320,4.373451327433628
880,0.05,-450.05384615384617,1.9175,4.091561938958708,66.63734290843806,520,140,9.535009133699148,2323,4.190305206463195
881,0.05,-490.5615384615385,2.1708333333333334,4.404802744425386,68.92109777015438,551,139,5.136969745032629,2323,4.475128644939966
882,0.05,-478.223076923077,1.9633333333333334,4.155635062611807,67.7638640429338,533,126,3.3283277658190937,2323,4.24865831842576
883,0.05,-445.36153846153843,1.9825,4.269581056466302,64.36429872495447,509,140,6.77408438703579,2323,4.366120218579235
884,0.05,-537.2076923076924,2.2175,4.61013986013986,68.37587412587412,544,134,9.154525568245795,2325,4.706293706293707
885,0.05,-479.90000000000003,2.0408333333333335,4.55827067669173,68.15037593984962,496,131,6.395658654115271,2325,4.644736842105263
886,0.05,-411.58461538461535,1.9225,4.053285968028419,67.82415630550622,538,150,6.419681672237256,2325,4.122557726465364
887,0.05,-459.46153846153845,2.049166666666667,4.041459369817579,66.74958540630182,563,138,4.5463837771053335,2325,4.155887230514097
888,0.05,-484.2769230769231,2.1483333333333334,4.566308243727598,70.4820788530466,535,136,6.81499641413776,2325,4.688172043010753
889,0.05,-458.2692307692308,2.1241666666666665,4.497326203208556,67.88591800356507,526,144,6.1005321206121055,2325,4.600713012477718
890,0.05,-472.5923076923077,2.0975,4.408525754884547,68.04795737122558,532,142,6.7535964383622025,2325,4.495559502664299
891,0.05,-524.0076923076923,2.095,4.434937611408199,68.43137254901961,530,126,12.156450732773495,2325,4.536541889483066
892,0.05,-410.2153846153846,1.8766666666666667,4.047272727272727,66.59818181818181,517,139,7.985302027548282,2325,4.114545454545454
893,0.05,-604.2769230769231,2.5233333333333334,5.410810810810811,67.94954954954954,525,129,9.307975599394275,2325,5.499099099099099
894,0.05,-477.96923076923076,2.0741666666666667,4.390374331550802,70.12299465240642,528,135,9.756678798573075,2326,4.484848484848484
895,0.05,-455.61538461538464,1.9158333333333333,4.11978221415608,67.2940108892922,527,126,6.461181955005342,2326,4.2323049001814885
896,0.05,-556.1846153846154,2.345,4.747008547008547,67.84786324786324,545,137,11.025982365719859,2326,4.868376068376068
897,0.05,-458.776923076923,2.1033333333333335,4.524412296564195,69.20795660036167,517,140,4.229839138641615,2326,4.6148282097649185
898,0.05,-457.7923076923077,1.9358333333333333,4.0583038869257955,65.62190812720848,540,130,11.848359553784027,2328,4.151943462897527
899,0.05,-480.6846153846154,2.0508333333333333,4.257443082311734,66.31523642732049,542,134,9.215903572738316,2328,4.3467600700525395
