episode,epsilon,total_reward,avg_queue,avg_wait_s,avg_travel_s,throughput,switches,td_loss,q_table_states,avg_delay_s,traffic_seed
0,1.0,-9366.307692307691,88.86416666666666,76.34206471494608,139.9391371340524,1275,81,nan,,126.77946493130875,438
1,0.9945,-8378.369230769229,75.02416666666667,70.74570982839313,126.51560062402496,1213,83,nan,,101.62113587347233,392
2,0.989,-9991.753846153846,111.11333333333333,104.51174089068826,168.61862348178138,1158,85,nan,,167.77865329512895,222
3,0.9835,-9447.261538461538,81.81333333333333,78.64816326530612,137.80897959183673,1201,84,0.21872479103051912,,120.49088145896657,885
4,0.9781,-6816.861538461537,57.428333333333335,51.30088495575221,104.53761061946902,1267,81,0.0879726857611042,,65.43152639087019,643
5,0.9726,-8947.076923076922,69.27916666666667,58.9068369646882,111.94966190833959,1285,82,0.058927920541008434,,61.65390279823269,439
6,0.9673,-7088.446153846154,50.12166666666667,42.336309523809526,91.76488095238095,1308,78,0.019861677244928228,,42.49330357142857,708
7,0.9619,-6042.0,42.4625,35.611231101511876,81.33693304535637,1369,80,0.01591365955595055,,35.81929445644349,0
8,0.9566,-9846.830769230768,98.6275,80.16156202143951,144.8675344563553,1247,83,0.00656311554821699,,129.53975200583517,808
9,0.9513,-6661.984615384616,49.299166666666665,42.70417287630402,90.02757078986588,1302,81,0.006485755134720289,,42.79517190929042,185
10,0.946,-7490.676923076924,63.21,54.1437908496732,108.33333333333333,1351,80,0.00501094342120732,,63.46884057971015,47
11,0.9408,-6067.292307692307,46.935,40.568350668647845,87.26597325408618,1330,81,0.006044493727156012,,40.715657311669126,558
12,0.9356,-9224.753846153846,77.01916666666666,67.00217076700434,126.20839363241679,1358,81,0.005463407361763317,,76.94007220216606,846
13,0.9304,-6670.107692307693,54.8725,49.96,101.80615384615385,1236,80,0.005646305840508929,,61.4304932735426,879
14,0.9253,-9726.876923076923,90.2725,79.1384030418251,144.72547528517111,1307,84,0.005820958117580249,,97.73460076045627,737
15,0.9202,-8620.784615384617,72.48166666666667,59.83635097493036,115.15598885793872,1431,82,0.0057623955844210584,,67.91649269311064,23
16,0.9151,-6969.261538461539,51.3875,45.26112759643917,97.59347181008901,1351,81,0.006399051363469052,,45.83605341246291,583
17,0.91,-6190.569230769231,46.410833333333336,43.544374009508715,94.4310618066561,1255,81,0.006140174436493553,,44.0364500792393,488
18,0.905,-6419.969230769231,43.57333333333333,36.51510791366906,83.39136690647481,1347,81,0.0066841815916875245,,37.281294964028774,431
19,0.9,-7051.323076923078,54.174166666666665,47.19436416184971,98.0635838150289,1372,82,0.006347732170588967,,47.551300578034684,551
20,0.895,-7152.092307692307,59.795,51.90981818181818,103.7309090909091,1324,83,0.0071951570313055204,,55.52831541218638,144
21,0.89,-7697.1846153846145,65.39583333333333,58.61256544502618,113.46671652954376,1269,82,0.00735167139205436,,60.32561613144137,150
22,0.8851,-4830.0615384615385,35.6775,32.29222720478326,77.95739910313901,1289,80,0.008050632094335809,,32.38714499252616,856
23,0.8802,-7448.584615384616,61.895833333333336,50.52180339985218,103.02512934220252,1379,81,0.00798230087775028,,58.8,806
24,0.8753,-7323.769230769232,52.88166666666667,43.644412191582006,93.10014513788099,1352,81,0.008611711350238955,,44.12989840348331,305
25,0.8705,-9390.215384615385,71.79666666666667,57.413741598207615,115.49514563106796,1408,78,0.008626611992259038,,71.47348767737117,541
26,0.8657,-5934.538461538461,44.715833333333336,39.88301886792453,85.37132075471698,1273,81,0.00885979957485706,,39.845461365341336,730
27,0.8609,-6121.5230769230775,47.94166666666667,40.175561797752806,89.36797752808988,1385,79,0.0091487706410202,,40.2998595505618,366
28,0.8561,-6663.215384615385,47.675,43.5597532767926,94.50578257517348,1312,83,0.009445792567141599,,43.69159599074788,848
29,0.8514,-7774.753846153846,65.03166666666667,57.13119533527697,109.02259475218659,1322,78,0.01012304444469854,,57.27769679300292,362
30,0.8467,-6068.092307692307,43.9625,37.139700641482534,84.6471846044191,1350,81,0.010001991302959822,,37.28632478632478,333
31,0.842,-6714.676923076923,63.225833333333334,55.07127429805615,105.73650107991361,1315,85,0.010428382128050615,,55.17422606191505,337
32,0.8373,-6703.923076923077,52.6425,45.357798165137616,96.37544107268877,1392,85,0.010220606322588427,,45.61918194640339,298
33,0.8327,-4915.7692307692305,34.705,29.547742413027386,76.5440414507772,1343,83,0.010409437700857567,,29.627958579881657,523
34,0.8281,-4824.415384615384,33.178333333333335,27.83179559971611,73.8346344925479,1414,80,0.010401216798089495,,27.94889992902768,503
35,0.8235,-4685.338461538462,35.141666666666666,30.525164113785557,77.32312180889862,1325,85,0.011013794760739905,,30.65864332603939,340
36,0.819,-5505.030769230769,38.8525,33.55659697188176,80.04397981254506,1355,79,0.010950675438341977,,33.699351117519825,704
37,0.8144,-4625.799999999999,31.359166666666667,27.609907120743035,72.57430340557275,1302,84,0.011628781014150378,,27.71439628482972,72
38,0.8099,-5960.153846153846,47.329166666666666,40.78503994190269,91.12999273783588,1346,83,0.01143687877141353,,42.37400145243282,374
39,0.8054,-6277.384615384614,53.045,45.07219442458899,93.73695496783417,1370,85,0.011552226153585235,,46.82386363636363,663
40,0.801,-6809.461538461539,51.04666666666667,44.99710982658959,95.59898843930635,1330,80,0.011721598816383327,,45.11849710982659,104
41,0.7966,-6430.215384615385,48.43333333333333,41.27653429602888,92.90397111913357,1401,79,0.012183595618476364,,41.91985559566787,4
42,0.7922,-5348.676923076922,38.795,35.257842387146134,83.01759755164498,1326,82,0.012111569205429887,,35.33970925784239,232
43,0.7878,-5417.6461538461535,38.15083333333333,33.078041315990816,79.88523335883703,1309,82,0.01258296779199257,,33.17112299465241,425
44,0.7834,-6847.538461538461,56.315,48.649210903873744,99.67790530846484,1339,85,0.012256622793286254,,48.96556671449068,538
45,0.7791,-4734.2,33.9075,28.916607270135422,74.33642195295795,1374,79,0.012372192080288275,,29.02280826799715,238
46,0.7748,-5998.492307692308,50.538333333333334,45.59148618371919,98.82823002240478,1345,82,0.012427520211960294,,54.27856609410007,796
47,0.7705,-6153.076923076923,46.36833333333333,40.841059602649004,89.51066961000735,1351,78,0.012905120971838296,,41.361295069904344,690
48,0.7662,-4597.6461538461535,33.295,30.086037735849057,75.65584905660377,1300,85,0.012679211398029083,,30.230943396226415,756
49,0.762,-4777.092307692308,34.70583333333333,30.37890044576523,77.44725111441308,1373,80,0.013192042493364708,,30.485884101040117,78
50,0.7578,-5502.076923076924,41.04083333333333,35.215892053973015,82.46626686656671,1366,79,0.012474184060086775,,35.75637181409295,234
51,0.7536,-5380.615384615385,38.4875,31.295573893473367,78.75468867216804,1368,82,0.012766847834602179,,31.393098274568644,482
52,0.7494,-4813.784615384616,33.58833333333333,29.92994611239415,75.89684372594303,1327,81,0.012763190202503983,,30.053887605850655,134
53,0.7453,-3709.646153846154,27.5475,25.130703789636506,69.68213457076565,1288,82,0.01296550399123258,,25.23124516627997,554
54,0.7411,-5217.107692307693,40.99666666666667,35.55240174672489,82.04949053857351,1373,80,0.012890014247007172,,36.42235123367199,310
55,0.737,-6508.923076923077,53.495,44.11087420042644,96.64321250888415,1408,81,0.012574507128810718,,48.34044065387349,544
56,0.733,-5857.553846153846,38.961666666666666,33.00358422939068,80.98136200716846,1415,81,0.012482988823662035,,33.10179211469534,74
57,0.7289,-7165.000000000001,48.76416666666667,42.6856936416185,93.24349710982659,1344,75,0.01250393362232514,,43.46315028901734,288
58,0.7249,-5243.0615384615385,37.28333333333333,30.338721011946593,76.60435699226986,1397,82,0.012909734505975498,,30.456078706957133,898
59,0.7209,-6125.184615384615,46.61083333333333,40.57290895632865,89.78978534418948,1329,81,0.012587541888348184,,40.882309400444115,327
60,0.7169,-6665.553846153846,51.4525,40.928820655966504,93.32658757850663,1458,83,0.012786991638941226,,42.37822749476622,142
61,0.7129,-4443.184615384615,33.62916666666667,28.232469512195124,73.90548780487805,1308,81,0.012574612454205185,,28.680640243902438,843
62,0.709,-4722.6461538461535,32.81333333333333,28.146715328467153,73.93795620437956,1387,77,0.01216597880349367,,28.271532846715328,324
63,0.705,-5472.892307692307,39.086666666666666,34.647232472324724,82.4929889298893,1354,82,0.012701055071370102,,34.760147601476014,781
64,0.7011,-5363.984615384615,40.21333333333333,35.92553983618764,84.1451973194341,1299,82,0.013080872722946307,,36.052866716306774,153
65,0.6973,-4087.7538461538466,31.018333333333334,27.993865030674847,72.59279141104294,1274,82,0.012992743345392747,,28.069018404907975,20
66,0.6934,-3646.8461538461543,27.8975,24.702479338842974,68.32456799398948,1319,86,0.012992630201034151,,24.80015026296018,7
67,0.6896,-4651.692307692308,38.41,33.392753623188405,80.61811594202898,1359,85,0.012509556664510809,,34.16086956521739,396
68,0.6858,-5875.953846153847,43.509166666666665,37.831469052945565,87.50335570469798,1342,83,0.01317967279866874,,37.970917225950785,562
69,0.682,-4066.1384615384613,29.393333333333334,26.124713083397094,71.67329762815608,1321,84,0.013566270677551586,,26.224942616679417,685
70,0.6782,-4394.446153846155,34.401666666666664,29.3328509406657,74.72865412445731,1356,85,0.013182412457270743,,29.423299565846598,312
71,0.6744,-4254.876923076923,32.255,28.64100666173205,74.98667653589933,1339,84,0.013352403132617317,,28.739452257586972,66
72,0.6707,-4865.215384615385,31.363333333333333,27.5414710485133,73.05477308294209,1304,79,0.013190732355180692,,27.67449139280125,114
73,0.667,-4983.953846153847,36.16833333333334,30.75393419170243,76.3519313304721,1377,82,0.013444037930938938,,30.856938483547925,163
74,0.6633,-5161.492307692308,38.270833333333336,34.366691560866315,81.38461538461539,1312,82,0.013422073925922642,,34.48394324122479,338
75,0.6596,-4950.692307692307,38.005833333333335,32.83787661406026,79.44978479196557,1356,85,0.012954944666043432,,32.94117647058823,593
76,0.656,-4964.369230769231,35.2425,31.323442136498517,77.26186943620178,1338,79,0.012806705365973758,,31.644658753709198,863
77,0.6524,-4112.876923076923,27.696666666666665,23.21951219512195,66.72596843615494,1351,79,0.01326476325884734,,23.333333333333332,877
78,0.6487,-5427.2,44.2525,39.61640798226164,86.73244641537325,1297,84,0.012690378652984363,,39.7110125646711,376
79,0.6452,-4169.907692307693,31.983333333333334,28.24417731029301,73.74154770848986,1309,84,0.012513356907006739,,28.354620586025543,723
80,0.6416,-4073.8153846153846,31.211666666666666,26.7584229390681,71.94265232974911,1376,82,0.012805072227112208,,26.88100358422939,463
81,0.638,-4457.430769230769,32.994166666666665,28.55849889624724,72.71523178807946,1319,82,0.012794733398762304,,28.64532744665195,734
82,0.6345,-4388.56923076923,32.99666666666667,29.467446964155084,75.67154352596927,1340,85,0.013004688164418769,,29.552304316020482,96
83,0.631,-5683.876923076923,43.115,36.9912216532553,84.54937820043892,1347,80,0.012493772904365293,,37.43013899049012,118
84,0.6275,-4256.461538461539,31.2825,27.86736214605067,73.07302533532042,1346,81,0.013113481379199668,,27.983606557377048,483
85,0.624,-3778.923076923077,27.590833333333332,24.278867102396514,68.62745098039215,1338,80,0.013264598615450648,,24.358024691358025,371
86,0.6206,-4666.738461538462,35.090833333333336,31.346616541353384,77.18872180451127,1313,83,0.01294049080059851,,31.439097744360904,674
87,0.6171,-5832.338461538462,40.61,35.34615384615385,80.84467455621302,1308,75,0.01300488846296448,,35.44970414201183,395
88,0.6137,-4735.876923076923,35.7125,31.482233502538072,77.55620014503263,1330,81,0.013356342661369746,,31.613488034807833,807
89,0.6103,-4010.276923076923,29.6025,25.026987600291758,69.58862144420131,1377,83,0.01331246643862237,,25.14004376367615,573
90,0.607,-5296.169230769231,43.696666666666665,36.376230661040786,83.4395218002813,1381,83,0.013470051641013026,,37.32700421940928,552
91,0.6036,-6371.507692307692,51.265,45.73367198838897,95.61030478955007,1344,81,0.012935451499553266,,45.91799709724238,699
92,0.6003,-4855.538461538462,38.43,33.451751250893494,80.01358112937812,1379,80,0.0136335159598574,,33.54110078627591,211
93,0.5969,-4428.338461538462,34.8875,31.176123802505526,77.24392041267502,1341,83,0.013477986707885163,,31.360353721444362,645
94,0.5936,-4240.9384615384615,29.531666666666666,25.00072516316171,70.01087744742567,1371,79,0.013074501448605244,,25.097171863669324,560
95,0.5904,-3603.9076923076923,27.04,22.977989728539985,67.43506969919295,1369,85,0.013043142448196082,,23.084310850439884,728
96,0.5871,-4065.1846153846154,29.426666666666666,25.159682080924856,70.17268786127168,1362,85,0.01295760011575279,,25.24476534296029,112
97,0.5838,-4443.138461538461,31.666666666666668,27.870188679245285,73.1788679245283,1362,81,0.013179618269747888,,27.957735849056604,854
98,0.5806,-4596.492307692308,36.23,32.30126771066369,78.24906785980612,1294,79,0.012944992230624492,,34.07680835197614,302
99,0.5774,-3873.7999999999997,29.101666666666667,25.09857142857143,69.72071428571428,1366,84,0.012619803431322296,,25.229285714285716,106
100,0.5742,-4364.7692307692305,34.00083333333333,29.254373177842567,74.54883381924198,1358,84,0.012032939032588561,,29.335761107064823,93
101,0.571,-4056.4307692307693,31.034166666666668,26.959213401310997,71.69482884195193,1333,83,0.012393703326882976,,27.02761627906977,857
102,0.5679,-4544.553846153845,33.755833333333335,27.93029675638371,73.3367839889579,1416,80,0.012054819141475904,,28.03933747412008,832
103,0.5647,-3750.1076923076926,27.4125,23.609720176730487,69.43519882179676,1371,85,0.012773394713755961,,23.71944035346097,329
104,0.5616,-3347.3230769230768,21.44,18.70610119047619,62.032738095238095,1357,80,0.011987149095780617,,18.810267857142858,702
105,0.5585,-3938.3538461538465,29.4375,25.099073414112617,70.00712758374911,1396,83,0.011990365234854009,,25.19672131147541,780
106,0.5554,-4632.861538461539,35.744166666666665,32.02464525765497,77.70425690814041,1303,84,0.0119942565147839,,32.09925373134328,591
107,0.5523,-5015.4,34.049166666666665,28.76849816849817,74.54212454212454,1349,79,0.012544900530320792,,28.86007326007326,176
108,0.5493,-4468.692307692307,33.395,29.973333333333333,75.87777777777778,1339,81,0.012739246177223768,,30.06074074074074,504
109,0.5462,-5523.538461538461,42.2825,36.52449567723343,84.32276657060518,1365,82,0.012609466991827618,,36.67795389048992,600
110,0.5432,-3118.692307692308,24.231666666666666,21.488389513108615,65.46441947565543,1325,85,0.01315523632312192,,21.58576779026217,725
111,0.5402,-3651.3999999999996,26.229166666666668,22.154565061107117,66.27677929547089,1379,79,0.012541070803877358,,22.27821710999281,389
112,0.5372,-4097.415384615384,29.626666666666665,26.178463855421686,71.12951807228916,1325,79,0.012573331384350813,,26.253012048192772,621
113,0.5343,-3651.815384615385,26.99,23.936811168258632,69.02057310800882,1354,84,0.012707534472303987,,24.03894195444526,342
114,0.5313,-4395.6923076923085,33.410833333333336,29.72955047899779,74.66470154753132,1334,81,0.012733741404006136,,29.839351510685336,603
115,0.5284,-4153.784615384615,32.48833333333334,28.44143484626647,73.60761346998535,1338,80,0.012089672403668327,,28.55051244509517,368
116,0.5254,-4161.461538461539,30.213333333333335,26.330882352941178,71.27941176470588,1349,80,0.012682174925852921,,26.441176470588236,749
117,0.5225,-4019.369230769231,28.070833333333333,24.630258302583027,68.38450184501845,1307,81,0.012471019523951233,,24.760147601476014,540
118,0.5196,-4654.076923076924,35.5425,29.774912891986062,75.20696864111498,1411,81,0.012768201355365827,,29.89268292682927,774
119,0.5168,-3940.5384615384614,29.2575,25.937869822485208,70.58653846153847,1330,82,0.012464408010410344,,26.048076923076923,113
120,0.5139,-4612.1846153846145,33.43,29.56962962962963,75.5237037037037,1346,79,0.012355436480167462,,29.70074074074074,151
121,0.5111,-4288.661538461538,30.7475,25.75,71.43123209169055,1393,80,0.012230630415366761,,25.87893982808023,154
122,0.5082,-3960.092307692308,27.275,22.90675477239354,67.73494860499265,1403,83,0.012093732606859559,,23.01027900146843,715
123,0.5054,-3403.369230769231,25.528333333333332,22.820306793279766,67.6654492330168,1339,84,0.011907285121502648,,22.948867786705623,149
124,0.5026,-4273.061538461539,33.005833333333335,28.37680115273775,73.835734870317,1370,82,0.011900737357452867,,28.49135446685879,646
125,0.4998,-3350.3846153846157,23.445833333333333,21.31752104055088,65.23106350420811,1292,81,0.012243106172968879,,21.408256880733944,410
126,0.4971,-4012.707692307693,28.590833333333332,24.773060029282576,69.22840409956076,1340,81,0.011914760961322657,,24.859443631039532,294
127,0.4943,-5261.323076923078,37.39,31.41602787456446,77.84320557491289,1384,80,0.011915398543030392,,31.51637630662021,612
128,0.4916,-3926.8615384615377,28.903333333333332,25.298529411764704,70.2279411764706,1376,84,0.011709560346977772,,25.39779411764706,411
129,0.4889,-4547.384615384615,38.66166666666667,33.866812227074234,80.06404657933042,1364,82,0.012598168687771985,,37.14572864321608,257
130,0.4862,-4911.400000000001,37.545833333333334,30.52161587526577,75.4549964564139,1385,83,0.012036573195830907,,30.605095541401273,336
131,0.4835,-4169.892307692307,36.020833333333336,32.660633484162894,78.07993966817496,1289,83,0.012008450055947065,,33.5972850678733,349
132,0.4808,-3488.6769230769232,27.006666666666668,24.159732540861814,68.40118870728084,1318,84,0.01185918374469079,,24.26151560178306,427
133,0.4781,-3646.8923076923074,27.354166666666668,24.108006042296072,68.38897280966768,1306,83,0.01179100413201419,,24.211480362537763,648
134,0.4755,-3940.630769230769,27.496666666666666,24.470588235294116,69.94268476621417,1336,82,0.011837707985923132,,24.56787330316742,822
135,0.4729,-4295.015384615384,31.69333333333333,28.07847533632287,73.98355754857997,1334,84,0.011935217279840496,,28.18236173393124,570
136,0.4703,-3655.1538461538457,28.020833333333332,24.88971684053651,69.82712369597616,1319,85,0.01151909999591301,,24.947133283693223,229
137,0.4677,-4767.523076923077,33.295,27.970149253731343,73.05685856432125,1392,78,0.01209965407262638,,28.085227272727273,668
138,0.4651,-3918.6000000000004,28.605833333333333,23.555634807417974,68.42796005706134,1409,81,0.011618252227056829,,23.692582025677602,433
139,0.4625,-3925.646153846154,26.816666666666666,23.191911764705882,66.9595588235294,1353,79,0.011893152499647645,,23.284558823529412,468
140,0.4599,-4857.323076923078,34.53666666666667,29.676557863501483,74.80118694362018,1343,82,0.011227721302921927,,29.762611275964392,164
141,0.4574,-4286.738461538462,31.336666666666666,27.15475313190862,72.1171702284451,1332,80,0.01151855280723291,,27.265291083271922,744
142,0.4549,-3994.4769230769234,28.26,25.40861812778603,69.90861812778603,1318,79,0.01139856998974269,,25.528231797919762,197
143,0.4523,-3128.3538461538456,23.348333333333333,20.3956678700361,63.87364620938628,1358,83,0.011406923186580355,,20.47801009372747,387
144,0.4498,-3932.923076923077,26.935833333333335,23.507084265473527,68.0365398956003,1327,80,0.01252022948894158,,23.62117822520507,249
145,0.4474,-3790.0923076923077,27.794166666666666,24.6158357771261,69.44868035190616,1359,81,0.011859805087588745,,24.74926686217009,535
146,0.4449,-3558.5538461538463,24.705833333333334,21.645502645502646,65.41118669690098,1310,84,0.012386585069902336,,21.74829931972789,638
147,0.4424,-3973.2307692307695,31.258333333333333,26.739436619718308,71.99929577464789,1389,84,0.012370215327571139,,26.88943661971831,566
148,0.44,-4922.153846153846,43.42583333333334,37.071787508973436,84.84637473079684,1348,85,0.012597321827800434,,40.16571834992887,259
149,0.4375,-3817.030769230769,29.535833333333333,25.95794053662074,70.00507614213198,1340,82,0.012652410974449744,,26.070340826686003,466
150,0.4351,-4941.230769230769,39.335,34.520497803806734,82.5827232796486,1351,81,0.012135563865592324,,34.644476956839796,330
151,0.4327,-3817.969230769231,30.780833333333334,27.827123695976155,72.30327868852459,1330,81,0.011345504909856507,,27.939642324888226,126
152,0.4303,-4443.061538461539,36.049166666666665,31.451353328456474,76.1689831748354,1362,82,0.011480106736471199,,31.55880204528853,580
153,0.4279,-3355.584615384615,25.453333333333333,22.424,66.19927272727273,1342,85,0.011190099750582405,,22.536,351
154,0.4256,-4219.430769230768,29.934166666666666,25.39764359351988,70.639911634757,1368,79,0.011717104344193673,,25.491537895511406,610
155,0.4232,-3572.646153846154,25.26,22.366395262768318,65.9178386380459,1329,81,0.011253172995662503,,22.43491124260355,659
156,0.4209,-3677.753846153846,25.8825,22.014619883040936,66.04824561403508,1370,84,0.011370692521296149,,22.125730994152047,80
157,0.4185,-3947.3230769230763,29.758333333333333,25.981870920957217,70.71573604060913,1367,85,0.01110450680945374,,26.071065989847718,888
158,0.4162,-3148.7230769230773,22.395,20.688212927756656,64.49125475285172,1308,83,0.010923126980581935,,20.799239543726237,543
159,0.4139,-3762.538461538462,27.3075,24.37661351556568,68.83219438116933,1326,82,0.010855329018400774,,24.454476479514415,415
160,0.4116,-4302.984615384616,31.259166666666665,26.461706783369802,71.54485776805252,1357,79,0.010747037396453482,,26.570386579139313,276
161,0.4094,-4315.369230769231,31.1025,26.972523499638466,72.52566883586407,1387,81,0.011175449208267331,,27.061460592913956,479
162,0.4071,-3779.492307692307,29.3125,25.622157006603082,69.90168745414526,1349,82,0.010801180772304101,,25.73607038123167,77
163,0.4048,-4229.215384615385,29.5325,24.87840670859539,69.66596785464709,1403,81,0.010687683031437613,,24.999301187980432,630
164,0.4026,-4256.061538461539,31.946666666666665,28.139296187683286,74.12243401759531,1339,82,0.010691483784359778,,28.270527859237536,656
165,0.4004,-3528.769230769231,25.8725,21.972343522561864,66.93813682678312,1409,83,0.010717316741353141,,22.107714701601164,217
166,0.3982,-3934.0000000000005,28.788333333333334,24.466279912980422,69.49528643944888,1382,85,0.010509776796471498,,24.567802755620015,539
167,0.396,-3319.1076923076926,23.898333333333333,20.826794966691338,64.92079940784603,1343,83,0.010897135316326703,,20.906735751295336,45
168,0.3938,-3757.8615384615387,27.336666666666666,23.312544294826363,67.90361445783132,1379,81,0.010601855790260352,,23.44507441530829,617
169,0.3916,-3613.9692307692303,24.241666666666667,21.06652205350687,65.02819956616052,1379,78,0.010501282929392081,,21.181489515545916,236
170,0.3894,-3233.0153846153844,22.581666666666667,19.11168258633358,62.86186627479794,1351,81,0.009914631324021293,,19.223365172667158,441
171,0.3873,-4033.923076923077,28.7475,24.182020802377416,69.49108469539375,1378,80,0.010310795690362848,,24.293462109955424,311
172,0.3851,-4710.569230769231,38.2025,32.4271911663216,78.46652864044168,1396,82,0.009949724731002984,,32.538992408557625,401
173,0.383,-4468.338461538462,36.19583333333333,29.9259807549963,75.58327165062916,1357,82,0.009624001427919434,,30.12361213915618,524
174,0.3809,-3587.138461538462,26.7075,23.650991917707568,68.11976487876561,1354,83,0.009781320356688394,,23.766348273328436,282
175,0.3788,-3551.0153846153844,25.498333333333335,22.200146092037983,65.93425858290723,1332,83,0.010208897450558554,,22.300949598246895,54
176,0.3767,-2949.6153846153848,22.406666666666666,19.68777614138439,63.226067746686304,1349,86,0.009531957920418133,,19.75257731958763,279
177,0.3746,-4744.846153846154,34.6225,30.07055435565155,75.1893448524118,1380,81,0.009813613560278238,,30.220302375809936,606
178,0.3725,-3011.215384615385,21.434166666666666,18.858098068350667,62.560178306092126,1335,81,0.009579913781648108,,18.953194650817235,574
179,0.3705,-3438.1076923076926,25.594166666666666,22.707174231332356,66.36310395314787,1344,82,0.00942522982820124,,22.794440380395027,55
180,0.3684,-4110.7692307692305,31.463333333333335,28.049963262307127,73.71050698016164,1352,82,0.009687692605715701,,28.13372520205731,361
181,0.3664,-4189.0,31.180833333333332,26.728715728715727,72.01443001443002,1384,83,0.00968784965217015,,26.838383838383837,165
182,0.3643,-3500.369230769231,25.165,21.88301043219076,66.34053651266765,1360,83,0.009810229935602023,,21.982874162323156,601
183,0.3623,-3756.784615384616,27.388333333333332,24.27340267459138,68.56092124814265,1326,81,0.009379547179557112,,24.37815750371471,380
184,0.3603,-4436.076923076924,30.720833333333335,25.97062937062937,71.29650349650349,1436,81,0.009698291950491551,,26.068531468531468,318
185,0.3583,-4006.6769230769232,28.348333333333333,24.670250896057347,69.47168458781363,1356,82,0.009869875526622237,,24.809318996415772,805
186,0.3563,-4536.507692307692,34.36333333333334,29.7662616154396,76.56683345246604,1395,81,0.00974801191493869,,29.942816297355254,502
187,0.3544,-3569.7846153846153,26.33416666666667,22.9235807860262,67.34206695778748,1356,84,0.009925143434303669,,23.032751091703055,493
188,0.3524,-3316.2615384615383,25.069166666666668,22.2486930545183,66.69156086631814,1344,85,0.010191004695015094,,22.35026138909634,779
189,0.3505,-4155.738461538462,31.104166666666668,27.446919079435784,72.42761692650335,1349,80,0.010677051393585303,,27.558277654046027,561
190,0.3485,-3521.953846153846,25.365833333333335,22.206947524020695,65.79748706577975,1324,80,0.009832053331685183,,22.31189948263119,430
191,0.3466,-2981.0307692307697,21.268333333333334,19.694915254237287,63.451463790446844,1293,81,0.00966164121852638,,19.773497688751927,90
192,0.3447,-3602.6307692307696,24.328333333333333,20.732702112163146,64.57756737072106,1377,83,0.00945432485215214,,20.84122359796067,627
193,0.3428,-2852.9692307692308,20.670833333333334,18.244973938942664,62.105733432613555,1353,84,0.009326140159529744,,18.352941176470587,847
194,0.3409,-4018.707692307692,30.070833333333333,25.937592867756315,70.54903417533433,1345,82,0.009596474730988855,,26.062407132243685,775
195,0.339,-4054.4461538461537,33.24166666666667,29.84870848708487,75.23985239852398,1325,82,0.009750247552021297,,29.982287822878227,831
196,0.3371,-2954.6153846153843,21.225833333333334,19.04603773584906,62.67320754716981,1312,81,0.00916432386546508,,19.154716981132076,377
197,0.3352,-3578.292307692308,24.85333333333333,21.28497409326425,65.86232420429312,1383,81,0.009218927231532947,,21.38860103626943,486
198,0.3334,-3204.4153846153845,22.591666666666665,21.38431061806656,65.013470681458,1249,80,0.00891728077884251,,21.463182897862232,38
199,0.3315,-4512.076923076922,33.840833333333336,29.72747252747253,75.23663003663003,1354,82,0.009163559322158578,,29.87032967032967,301
200,0.3297,-3192.507692307692,23.0725,20.55123410620793,64.80628272251309,1324,82,0.009312573204651889,,20.665669409124906,214
201,0.3279,-3204.9846153846156,23.06833333333333,20.840546697038725,65.15641609719059,1314,83,0.009293146091645228,,20.93014426727411,138
202,0.3261,-3815.4769230769234,26.846666666666668,23.269372693726936,68.2169741697417,1352,84,0.009504770680873385,,23.388929889298893,642
203,0.3243,-2467.215384615384,17.85,16.58869093725794,60.06584043377227,1275,87,0.009350382992859322,,16.698683191324555,19
204,0.3225,-2864.8923076923074,20.980833333333333,19.428899082568808,62.43042813455658,1275,85,0.008913883665737359,,19.53058103975535,273
205,0.3207,-3726.2615384615383,26.3825,21.92409470752089,66.64902506963789,1442,79,0.009117148165225073,,22.034818941504177,263
206,0.3189,-3607.830769230769,27.415,24.095940959409592,68.59557195571956,1315,81,0.00939380511989545,,24.20369003690037,815
207,0.3172,-3650.4307692307693,24.216666666666665,20.70378619153675,64.98366740905716,1372,77,0.008739622765676554,,20.779510022271715,417
208,0.3154,-3473.3846153846157,24.75583333333333,21.60948905109489,65.21824817518248,1328,82,0.00876327622387684,,21.716058394160584,123
209,0.3137,-3436.0,25.090833333333332,21.99544764795144,66.32928679817906,1304,83,0.009106051931587547,,22.091805766312596,492
210,0.3119,-2541.538461538462,18.199166666666667,15.914473684210526,58.67324561403509,1362,83,0.008918001497901265,,16.023391812865498,448
211,0.3102,-3835.892307692308,27.93166666666667,24.32227138643068,68.56784660766962,1340,81,0.008969996702404769,,24.436578171091444,687
212,0.3085,-3258.7846153846153,23.02,20.294117647058822,64.41830065359477,1357,80,0.008474452858315523,,20.39578794480755,712
213,0.3068,-3049.046153846154,21.6475,18.740959409594097,62.27158671586716,1364,81,0.008956697802579398,,18.837638376383765,161
214,0.3051,-3026.461538461538,22.185833333333335,19.184830633284243,62.56111929307806,1344,83,0.008596811855601655,,19.32179675994109,794
215,0.3034,-2627.138461538462,18.47,15.661371841155235,58.67581227436823,1370,84,0.00885793281679603,,15.76028880866426,267
216,0.3017,-4686.876923076923,34.745,30.420937042459737,76.78770131771596,1363,79,0.008693777633034507,,30.54245973645681,264
217,0.3,-4018.507692307692,28.48,24.00139470013947,69.4539748953975,1425,78,0.008401222486498114,,24.129009762900978,622
218,0.2984,-3539.369230769231,25.036666666666665,21.80400890868597,65.95916852264291,1340,82,0.00861657035977461,,21.906458797327396,803
219,0.2967,-3455.7076923076925,24.643333333333334,21.70406626506024,66.19728915662651,1335,83,0.008703834201556687,,21.81777108433735,292
220,0.2951,-3371.6923076923076,23.825833333333332,21.227642276422763,64.11973392461198,1351,81,0.00882656264340506,,21.33259423503326,360
221,0.2935,-2823.307692307692,18.9275,17.134099616858236,59.826819923371644,1314,81,0.008664800369616253,,17.22434915773354,579
222,0.2918,-3130.5076923076927,21.275,18.629885057471263,62.10268199233717,1317,81,0.00883744374382094,,18.721072796934866,70
223,0.2902,-3426.3076923076924,23.2175,19.389705882352942,63.02205882352941,1385,82,0.00877672570936551,,19.495958853783982,119
224,0.2886,-4351.846153846154,34.695,30.778939507094847,77.31516056758775,1364,84,0.008818637634153874,,31.086309523809526,397
225,0.287,-2500.4461538461546,17.468333333333334,15.85854765506808,58.64674735249622,1306,85,0.008844236806429265,,15.957639939485627,637
226,0.2854,-3522.2615384615387,25.4775,22.928945400149587,67.79431563201197,1337,81,0.008677043912036261,,23.00598354525056,442
227,0.2838,-3852.5999999999995,29.446666666666665,26.31286549707602,70.80263157894737,1356,82,0.009124720011217011,,26.423976608187136,103
228,0.2823,-4292.076923076923,27.611666666666668,23.020044543429844,67.5924276169265,1372,79,0.008955571674211451,,23.12091988130564,696
229,0.2807,-3212.4615384615386,24.236666666666668,21.764885496183204,66.3969465648855,1318,83,0.009384380359811822,,21.9,125
230,0.2792,-3633.153846153846,31.99,27.980477223427332,73.77801879971078,1360,85,0.009210983446921799,,28.15835140997831,231
231,0.2776,-3105.830769230769,22.695833333333333,20.625277161862527,64.7420546932742,1314,81,0.008750059555130757,,20.728750923872877,474
232,0.2761,-3642.2307692307695,28.648333333333333,25.296806966618288,69.57764876632801,1350,81,0.008706331572829625,,25.408992023205222,63
233,0.2746,-3276.907692307692,25.6225,21.5223983459683,65.36250861474845,1439,84,0.008595741741041319,,21.6526533425224,402
234,0.273,-2940.338461538461,23.268333333333334,20.754062038404726,64.3426883308715,1328,85,0.008661364874173695,,20.91949778434269,891
235,0.2715,-4095.523076923077,38.333333333333336,32.62313697657913,77.14336408800568,1364,78,0.008767279978120627,,38.287023977433,811
236,0.27,-3105.630769230769,23.1575,20.609050445103858,64.85608308605342,1350,81,0.008565066229471889,,20.718842729970326,354
237,0.2685,-2749.8,20.580833333333334,18.62773172569706,63.005275056518464,1327,84,0.008530090194630151,,18.736247174076865,594
238,0.267,-3756.123076923077,27.08416666666667,23.07168458781362,68.17849462365591,1393,81,0.008150592254186823,,23.220071684587815,855
239,0.2656,-3440.492307692308,23.56833333333333,19.852578068264343,63.42483660130719,1388,81,0.00846133865580093,,19.948438634713145,691
240,0.2641,-4171.661538461539,39.64666666666667,33.67581227436823,78.62671480144404,1352,82,0.008469841517540792,,41.18884120171674,500
241,0.2626,-3155.3230769230768,24.8625,23.22977099236641,67.45343511450382,1303,85,0.00831263540362863,,23.322900763358778,548
242,0.2612,-4015.6000000000004,28.9075,24.54904831625183,69.3601756954612,1368,81,0.00816677956072588,,24.63762811127379,136
243,0.2597,-3212.0615384615385,23.5175,20.330887747615552,63.86133528980191,1348,81,0.008466848779268251,,20.447542186353633,423
244,0.2583,-3419.6923076923076,26.814166666666665,23.14001421464108,67.71002132196162,1377,84,0.008663336275862714,,23.27363184079602,253
245,0.2569,-4300.907692307692,30.924166666666668,27.002222222222223,72.57333333333334,1340,82,0.008493562815134529,,27.111028867505553,735
246,0.2555,-3183.353846153846,23.231666666666666,19.91844232182219,64.11756061719323,1366,83,0.00896282630962695,,20.005873715124817,315
247,0.254,-2889.876923076923,19.285,16.811348563006632,60.23876197494473,1353,81,0.008642498115128088,,16.908621960206336,48
248,0.2526,-3618.6153846153848,23.911666666666665,20.601481481481482,65.08518518518518,1360,82,0.008407820738220884,,20.71925925925926,602
249,0.2512,-4897.200000000001,43.3425,35.82015395381386,84.76906927921624,1416,85,0.008670936231268165,,38.934219734079775,791
250,0.2498,-2694.1076923076926,18.615833333333335,16.368667186282153,59.07014809041309,1287,85,0.008586933691733934,,16.46531566640686,628
251,0.2485,-4213.984615384616,34.21,29.82668600435098,75.50833937635969,1373,81,0.008478334000736576,,29.95794053662074,416
252,0.2471,-3024.3538461538465,21.698333333333334,18.619436201780417,62.31454005934718,1351,84,0.008506710999235865,,18.71513353115727,345
253,0.2457,-3582.076923076923,26.765,23.53488372093023,67.44476744186046,1369,80,0.00863999424580934,,23.632994186046513,487
254,0.2444,-3229.046153846154,22.135833333333334,19.052282768777616,62.83578792341679,1371,80,0.008339644365270649,,19.148011782032402,145
255,0.243,-3250.523076923077,21.950833333333332,19.471212121212123,63.80909090909091,1350,80,0.008328350133937672,,19.564393939393938,32
256,0.2417,-3235.7076923076925,23.57,20.383611312545323,63.43002175489485,1360,82,0.008386870664165835,,20.466279912980422,216
257,0.2403,-3885.492307692308,29.279166666666665,26.008849557522122,70.34955752212389,1345,80,0.008528032833264613,,26.122418879056045,285
258,0.239,-3312.107692307692,27.374166666666667,23.74335010783609,67.84759166067577,1373,86,0.008091665701248097,,23.884974838245867,616
259,0.2377,-3911.9692307692308,30.915,26.466666666666665,71.99929078014185,1403,83,0.008243978134482008,,27.435460992907803,563
260,0.2364,-3470.461538461538,25.145,21.881405563689604,66.10614934114201,1356,81,0.008648748067454743,,22.00073206442167,188
261,0.2351,-2741.0923076923077,20.325,17.978629329403095,61.38909358879882,1337,83,0.008351465955673787,,18.092114959469416,436
262,0.2338,-2949.8461538461543,21.091666666666665,18.739065974796144,62.30615270570793,1327,82,0.008450479820135899,,18.83024462564863,624
263,0.2325,-2876.8,18.753333333333334,15.783823529411764,58.578676470588235,1365,83,0.008688950311392052,,15.881617647058823,683
264,0.2312,-4156.2307692307695,28.69333333333333,24.99848828420257,70.64625850340136,1319,80,0.00837998741515325,,25.09750566893424,139
265,0.2299,-3788.6615384615384,26.75,22.16557734204793,67.07552650689905,1395,82,0.008542631932687077,,22.294117647058822,793
266,0.2286,-3713.2000000000003,28.666666666666668,24.699192956713134,68.52384446074835,1365,82,0.008713081042347293,,24.82538517975055,399
267,0.2274,-3729.1538461538457,26.7825,23.6698956780924,67.95678092399403,1327,82,0.008616929202206244,,23.758569299552907,789
268,0.2261,-4139.661538461538,33.355,28.228958630527817,72.990727532097,1378,82,0.00838110537230337,,28.562054208273896,71
269,0.2249,-2698.8153846153846,19.515833333333333,16.954209748892172,60.44756277695716,1371,83,0.00825095110633016,,17.067208271787297,141
270,0.2236,-3744.830769230769,28.605,24.233757062146893,68.69985875706215,1404,84,0.008768881725542335,,24.372881355932204,795
271,0.2224,-2792.338461538461,20.653333333333332,17.977552498189716,61.4112961622013,1377,83,0.008566986004302326,,18.063675832127352,820
272,0.2211,-2894.0615384615385,19.2425,17.308045977011496,60.83065134099617,1312,83,0.00867835630364466,,17.40919540229885,738
273,0.2199,-4143.0,29.47833333333333,26.452416918429,72.24395770392749,1327,80,0.008117678112403852,,26.54154078549849,237
274,0.2187,-4089.553846153846,29.64666666666667,24.411507647487255,69.639475600874,1385,80,0.008288329087797704,,24.4952658412236,84
275,0.2175,-2759.9538461538464,20.535,18.25792188651437,61.453942520265294,1330,85,0.008249379473779185,,18.35419734904271,688
276,0.2163,-2538.2153846153847,18.223333333333333,16.66131498470948,59.89373088685015,1298,81,0.008333573969567836,,16.761467889908257,894
277,0.2151,-3166.1076923076917,23.1325,20.697604790419163,64.46781437125749,1332,83,0.008517308933128166,,20.79865269461078,478
278,0.2139,-2848.6461538461535,21.125833333333333,19.297318007662835,63.067432950191574,1284,83,0.008380012937113969,,19.387442572741193,745
279,0.2127,-2648.3076923076924,18.429166666666667,16.03563305534496,58.63229719484458,1318,81,0.00815739518960115,,16.128127369219104,147
280,0.2115,-3488.9384615384615,26.97833333333333,24.185322461082283,67.22016308376575,1327,80,0.008269945675484742,,24.248704663212436,3
281,0.2104,-3752.4461538461537,27.845,25.152643335815338,69.65748324646314,1334,82,0.00771521083411969,,25.271779597915117,446
282,0.2092,-3955.4923076923083,32.181666666666665,28.782287822878228,73.31660516605166,1345,82,0.007855389224882804,,28.873986735445836,251
283,0.208,-3771.046153846154,27.201666666666668,22.983038348082594,67.02507374631269,1343,81,0.008011200025757548,,23.095132743362832,722
284,0.2069,-4124.476923076923,38.85666666666667,32.348322626695214,76.97002141327623,1398,80,0.008032219831111052,,36.71468926553672,10
285,0.2058,-3084.5692307692307,22.171666666666667,18.868459302325583,62.35537790697674,1362,83,0.007318554508666207,,18.944887599709936,595
286,0.2046,-2700.6153846153843,18.5375,16.91621411947246,60.18463925523662,1289,83,0.007607649683072607,,17.019394879751747,31
287,0.2035,-2861.3999999999996,19.84,17.498889711324946,60.74759437453738,1344,80,0.007625844843408581,,17.621761658031087,670
288,0.2024,-3748.446153846154,28.574166666666667,24.44688385269122,68.82790368271955,1387,81,0.008025670412589794,,24.5800283286119,328
289,0.2012,-3214.4000000000005,23.765,20.900225056264066,64.9039759939985,1327,81,0.007929798782776247,,20.983495873968494,226
290,0.2001,-2943.369230769231,20.954166666666666,18.480882352941176,62.19264705882353,1374,83,0.007796231706880426,,18.582659808963996,886
291,0.199,-2842.046153846154,20.8525,18.24356144223694,61.55040470934511,1344,85,0.007979762512091763,,18.340441176470588,437
292,0.1979,-3097.338461538461,22.048333333333332,19.731780616078137,63.23215627347859,1323,84,0.007877827674347351,,19.81442524417731,494
293,0.1968,-2727.8,18.888333333333332,16.841517857142858,59.889136904761905,1346,82,0.007700945417428137,,16.970982142857142,50
294,0.1957,-4197.8153846153855,31.7725,26.859353023909986,71.96413502109705,1419,81,0.0077293402784879015,,26.99789029535865,587
295,0.1946,-3486.584615384615,25.58,21.560806115357888,66.58095899930507,1402,83,0.007783707417019705,,21.671299513551077,247
296,0.1936,-4229.015384615384,30.575,27.026256564141036,72.59039759939985,1312,81,0.008210681453597582,,27.13503375843961,866
297,0.1925,-4042.076923076924,34.009166666666665,29.04031117397454,74.40806223479491,1373,84,0.008286304013408402,,29.291549295774647,522
298,0.1914,-3269.307692307693,23.20916666666667,20.934131736526947,64.9565868263473,1331,81,0.008962199008361297,,21.038922155688624,400
299,0.1904,-3715.584615384615,25.990833333333335,22.48125937031484,67.07946026986507,1332,83,0.008704796310931321,,22.571964017991004,792
300,0.1893,-3394.630769230769,25.408333333333335,21.813304721030043,65.79256080114449,1393,82,0.008663233667776759,,21.914163090128756,825
301,0.1883,-4069.7230769230764,30.0625,25.6908037653874,71.02968863142651,1358,83,0.008193959799918429,,25.817523533671253,895
302,0.1872,-2859.1846153846154,20.63,18.698302469135804,62.11651234567901,1287,83,0.008345421333740265,,18.772376543209877,705
303,0.1862,-3457.1846153846154,23.2375,19.312005751258088,63.281092739036666,1398,85,0.00826385460804927,,19.424155283968368,564
304,0.1852,-2939.661538461539,20.686666666666667,18.29918938835667,62.308032424465736,1354,84,0.008223331829980857,,18.394988946204865,827
305,0.1841,-2810.3230769230768,20.423333333333332,17.787373004354137,61.07837445573295,1359,85,0.008169289945442604,,17.89187227866473,790
306,0.1831,-2908.7230769230773,20.8125,17.707137601177337,61.21780721118469,1356,83,0.008298977719464355,,17.784558823529412,872
307,0.1821,-3298.0,27.576666666666668,25.788018433179722,69.47465437788019,1267,85,0.008234515616613529,,26.00384024577573,623
308,0.1811,-3961.446153846154,30.213333333333335,25.142857142857142,69.28787878787878,1370,84,0.007884931438296544,,25.266233766233768,317
309,0.1801,-3304.307692307692,26.644166666666667,23.696285506190822,68.00873998543335,1335,84,0.008454885447180285,,23.815731973780043,241
310,0.1791,-3870.246153846154,29.45916666666667,26.01466275659824,70.95601173020528,1345,84,0.00784792208703535,,26.10410557184751,582
311,0.1781,-2530.1846153846154,17.618333333333332,15.769756838905774,58.756838905775076,1345,82,0.00777411561537625,,15.863981762917932,620
312,0.1771,-3464.584615384615,25.705,22.484490398818316,66.88183161004432,1347,83,0.008142604462616923,,22.585672082717874,124
313,0.1762,-2870.6307692307687,20.069166666666668,18.015933232169953,62.201820940819424,1324,85,0.007953421619124514,,18.14112291350531,181
314,0.1752,-3469.5384615384614,26.645,22.823487544483985,68.25409252669039,1397,86,0.008459296525599362,,22.93238434163701,527
315,0.1742,-3429.753846153846,24.924166666666668,21.354365370506237,65.32355099046221,1344,84,0.008181697265498769,,21.44167278063096,471
316,0.1732,-3530.353846153846,24.944166666666668,21.55157593123209,65.8961318051576,1397,83,0.008112333738537017,,21.659025787965614,132
317,0.1723,-3461.7999999999997,24.724166666666665,21.67535368577811,66.41846612062547,1349,83,0.0078009528786001925,,21.77885331347729,140
318,0.1713,-3622.7692307692314,25.486666666666668,21.777698863636363,65.66761363636364,1373,81,0.008314081085581359,,21.869318181818183,454
319,0.1704,-2757.2615384615383,20.7075,18.695094339622642,61.77735849056604,1306,86,0.008146027819909123,,18.796981132075473,586
320,0.1694,-2879.0307692307697,20.126666666666665,17.601756954612007,61.120058565153734,1358,83,0.008137270603303392,,17.684480234260615,266
321,0.1685,-2667.7384615384617,19.405,17.849027237354086,61.78054474708171,1293,85,0.0075325206910658825,,17.952529182879378,860
322,0.1676,-3856.6153846153848,30.52166666666667,26.075036075036074,70.20995670995671,1367,84,0.007929432827728051,,26.2020202020202,605
323,0.1666,-3281.369230769231,23.4,20.69561989606533,64.81365998515219,1331,81,0.00791643858822563,,20.79584261321455,817
324,0.1657,-3505.3846153846152,25.345833333333335,21.661849710982658,65.64161849710983,1359,84,0.00787848252010063,,21.795520231213874,677
325,0.1648,-3357.123076923077,23.615,19.737926136363637,63.46022727272727,1383,84,0.008432691611703996,,19.833806818181817,166
326,0.1639,-2959.292307692308,22.45,19.48798798798799,63.313813813813816,1331,87,0.008351144830594633,,19.614114114114113,352
327,0.163,-2664.169230769231,18.970833333333335,17.254573170731707,60.578506097560975,1306,83,0.008171916832210975,,17.346036585365855,14
328,0.1621,-2682.430769230769,18.215,16.213688212927757,59.331558935361215,1313,84,0.008149992368912163,,16.33003802281369,270
329,0.1612,-3740.5692307692307,26.63,23.347826086956523,68.07046476761619,1359,82,0.008252392313488373,,23.47001499250375,206
330,0.1603,-4284.476923076923,34.50416666666667,29.60973888496824,75.03881439661257,1370,80,0.008409009473219521,,29.79254571026723,384
331,0.1594,-3527.046153846154,27.864166666666666,24.36046511627907,67.86119186046511,1344,81,0.008125634128691217,,24.44226579520697,200
332,0.1585,-2634.246153846154,18.333333333333332,16.23076923076923,59.413741598207615,1324,83,0.008084895864628601,,16.321135175504107,167
333,0.1577,-4270.292307692308,33.384166666666665,28.072997873848333,73.32317505315379,1417,80,0.007750457345910568,,28.17067988668555,28
334,0.1568,-2887.0615384615385,21.5575,19.1189229618549,62.66940912490651,1308,84,0.007923524793444018,,19.233358264771876,767
335,0.1559,-2983.876923076923,21.22,18.946727549467276,62.49467275494673,1336,84,0.008269567932007721,,19.055555555555557,861
336,0.155,-2589.8,17.764166666666668,15.423703703703703,58.171851851851855,1346,82,0.007902099135003516,,15.538518518518519,773
337,0.1542,-3957.123076923077,27.425,23.520538243626063,69.04178470254958,1382,79,0.007567566581003008,,23.640934844192635,693
338,0.1533,-3047.4769230769234,21.435833333333335,18.902294596595116,62.686898593634346,1339,81,0.007347750980223217,,18.994078460399702,182
339,0.1525,-3426.076923076923,30.153333333333332,27.45522949586155,72.01956358164033,1319,84,0.007325788308589599,,27.577125658389768,732
340,0.1516,-3508.292307692307,25.604166666666668,21.61349262122277,65.71609276177091,1401,83,0.007664700462239565,,21.71890372452565,778
341,0.1508,-3009.1384615384613,20.6075,18.28957528957529,61.83938223938224,1291,86,0.007964266353692252,,18.368055555555557,250
342,0.15,-2430.369230769231,15.268333333333333,13.674689440993788,55.766304347826086,1283,82,0.007739511952242692,,13.77639751552795,839
343,0.1491,-2852.5538461538463,22.475833333333334,20.170531039640988,64.45250560957368,1327,86,0.007656773705129525,,20.261584454409565,137
344,0.1483,-2560.2153846153847,18.065,15.897718910963944,58.65636497424577,1347,83,0.008367132027689803,,15.98233995584989,275
345,0.1475,-3099.8153846153846,22.608333333333334,19.64985380116959,63.32309941520468,1357,83,0.008329782625766322,,19.785087719298247,711
346,0.1467,-3415.492307692308,26.5325,22.735211267605635,66.89929577464788,1399,85,0.007918274699025436,,22.848591549295776,157
347,0.1459,-2986.8,21.679166666666667,18.87125091441112,62.95391367959034,1371,84,0.008320516161204024,,18.954645208485736,320
348,0.1451,-3474.6923076923076,23.85333333333333,20.431059506531206,64.37155297532657,1374,83,0.007929684335110198,,20.5355587808418,814
349,0.1443,-2681.7230769230773,19.339166666666667,17.008,60.30836363636364,1343,81,0.008460215673426684,,17.09090909090909,196
350,0.1435,-2751.4461538461537,18.405833333333334,17.110678098207327,60.066250974279036,1276,82,0.008404311843501076,,17.22759158222915,87
351,0.1427,-2894.9692307692303,21.855,19.27719821162444,62.69150521609538,1331,84,0.008652430362593166,,19.38822652757079,689
352,0.1419,-4062.2923076923075,33.89416666666666,28.989862418537292,74.41129616220131,1371,84,0.008547205923682862,,29.252715423606084,355
353,0.1411,-3478.9538461538464,25.474166666666665,21.068198133524767,65.80832735104092,1403,84,0.008099838951076617,,21.180186647523332,394
354,0.1403,-3461.9846153846156,25.5175,21.49020979020979,66.38391608391608,1437,85,0.008442054032974742,,21.61958041958042,588
355,0.1395,-2963.8,21.05666666666667,19.087895142636853,63.04780262143408,1302,85,0.008240478849705942,,19.181187355435622,162
356,0.1388,-4161.753846153846,32.49166666666667,27.377622377622377,72.406993006993,1412,80,0.00847088410471419,,27.770251396648046,8
357,0.138,-3278.892307692308,23.488333333333333,21.196415235250186,64.91784914115011,1316,82,0.008471871926676583,,21.307692307692307,129
358,0.1372,-3195.7076923076925,22.71,20.042097488921712,63.94460856720827,1349,82,0.008404136571131135,,20.138109305760707,529
359,0.1365,-3383.8153846153846,23.7675,21.35929463629684,65.48934606906687,1340,82,0.008394649250756801,,21.48640705363703,897
360,0.1357,-2462.1384615384613,18.548333333333332,16.805891238670696,60.161631419939575,1317,85,0.008611084209293483,,16.891238670694865,295
361,0.135,-2973.292307692308,21.155833333333334,18.287481804949053,61.85807860262009,1346,82,0.008227364830159881,,18.40829694323144,409
362,0.1342,-2669.6000000000004,19.199166666666667,17.09248120300752,60.74360902255639,1335,84,0.007595456401684299,,17.20360631104433,880
363,0.1335,-2959.8461538461543,20.811666666666667,17.82939438700148,60.71418020679468,1344,84,0.007847825859480483,,17.95568685376662,199
364,0.1327,-3164.5384615384614,21.8275,19.120805369127517,63.105891126025355,1358,83,0.007906973823877596,,19.204325130499626,881
365,0.132,-3025.0923076923077,20.64,17.96529284164859,60.673897324656544,1368,79,0.007626285070756684,,18.074475777295735,174
366,0.1313,-2762.492307692308,20.393333333333334,17.533574007220217,61.324909747292416,1380,86,0.007773552639351269,,17.663537906137183,512
367,0.1306,-3050.5692307692316,21.996666666666666,19.35459940652819,62.90059347181009,1333,83,0.0076562927444751286,,19.440652818991097,393
368,0.1298,-2552.876923076923,18.258333333333333,16.733895705521473,60.09509202453988,1290,85,0.008300310656846152,,16.82145593869732,372
369,0.1291,-2971.8307692307694,21.170833333333334,18.23137535816619,61.81375358166189,1391,83,0.008258960417359948,,18.351467430207588,186
370,0.1284,-3564.123076923077,24.8325,21.229970326409497,65.24629080118694,1340,81,0.007616489036882706,,21.339020771513354,421
371,0.1277,-3741.0769230769233,27.743333333333332,23.876876876876878,68.70570570570571,1336,85,0.007731332005253324,,23.963963963963963,81
372,0.127,-4070.153846153846,31.450833333333332,26.364656381486675,70.98316970546985,1411,84,0.00772298042886914,,26.589422407794014,235
373,0.1263,-2542.323076923077,18.5525,16.706293706293707,60.174048174048174,1308,87,0.007882867207674497,,16.790986790986793,599
374,0.1256,-3042.2769230769236,21.975,19.39179104477612,63.059701492537314,1342,84,0.008119560451567635,,19.493283582089553,261
375,0.1249,-2684.846153846154,19.010833333333334,15.805416963649323,58.36350677120456,1385,85,0.007947559355781782,,15.900213827512474,18
376,0.1242,-4154.969230769231,37.33583333333333,32.1706435285611,76.70788141720897,1355,83,0.008000375819524794,,33.04519368723099,26
377,0.1235,-2763.753846153846,20.740833333333335,18.493273542600896,62.07473841554559,1315,85,0.007841396246456947,,18.59641255605381,334
378,0.1228,-3732.5538461538463,34.0075,29.439272727272726,74.64290909090909,1379,85,0.007610067428256119,,30.486251808972504,739
379,0.1221,-2577.6,18.8175,16.321922796795338,59.72396212672979,1367,85,0.007538894702349704,,16.408594319009467,514
380,0.1215,-2885.9846153846156,21.305,18.209642074506938,61.46165084002922,1353,84,0.007528794818798042,,18.308984660336012,300
381,0.1208,-3473.9846153846156,25.3625,21.818700927908637,66.42755174875089,1409,82,0.0071358781871086645,,21.917915774446822,619
382,0.1201,-2883.646153846154,21.488333333333333,18.48445792266869,62.07960576194086,1318,86,0.007438877089515793,,18.603487490523122,812
383,0.1195,-3852.5692307692316,29.194166666666668,24.737517831669045,69.05420827389443,1396,82,0.007266275776144052,,24.831076265146116,694
384,0.1188,-3290.8615384615387,25.171666666666667,21.803290414878397,64.8211731044349,1361,81,0.006936850331504461,,21.915593705293276,215
385,0.1181,-3930.5230769230775,34.4275,30.20497803806735,75.89751098096633,1352,84,0.007386045906618963,,30.49267935578331,155
386,0.1175,-3262.6153846153843,25.0675,21.806122448979593,65.90306122448979,1375,84,0.007307757466569826,,21.909620991253643,484
387,0.1168,-2876.876923076923,21.310833333333335,18.14265536723164,60.853813559322035,1383,84,0.006939715590196303,,18.268361581920903,818
388,0.1162,-3130.5538461538463,21.861666666666668,19.65514592933948,64.30721966205837,1310,84,0.007474685378569102,,19.76574500768049,719
389,0.1156,-2988.569230769231,21.083333333333332,19.207646176911545,63.356821589205396,1322,81,0.007357085879790255,,19.278651685393257,383
390,0.1149,-3716.246153846154,34.7375,30.512322628827484,76.19641523525019,1336,84,0.007606207036826471,,31.52053771471247,453
391,0.1143,-3510.3076923076924,26.000833333333333,22.417932031814896,66.88503253796095,1379,83,0.0074165085277910995,,22.516268980477225,869
392,0.1136,-2928.2307692307695,20.144166666666667,18.117601844734818,61.6510376633359,1310,83,0.0073865895295627615,,18.250576479631054,189
393,0.113,-3170.876923076923,22.8125,19.332858161083394,63.27013542409124,1391,82,0.007531705607105758,,19.43335709194583,65
394,0.1124,-2528.3230769230768,18.188333333333333,16.846749226006192,60.059597523219814,1267,83,0.00731883450884045,,16.95046439628483,212
395,0.1118,-2936.9076923076923,20.905,18.200587803085966,61.70315944158707,1381,84,0.007413446170217901,,18.29022777369581,422
396,0.1112,-2841.2615384615387,20.586666666666666,18.10701373825018,62.17425885755604,1385,84,0.007265930067666592,,18.21981200289226,717
397,0.1105,-2971.9846153846156,21.756666666666668,19.214285714285715,63.270833333333336,1345,82,0.006886573052085851,,19.296130952380953,201
398,0.1099,-3453.9384615384615,24.83416666666667,21.2592867756315,65.84992570579494,1345,84,0.007083455310155524,,21.37890044576523,444
399,0.1093,-3540.2615384615387,24.901666666666667,21.242510699001425,65.28316690442226,1407,80,0.007213364659515628,,21.328815977175463,79
400,0.1087,-2628.3846153846152,17.888333333333332,15.473799126637555,58.709606986899566,1378,83,0.00727264681900673,,15.579330422125182,203
401,0.1081,-2943.6153846153848,21.86916666666667,19.59145427286357,63.65067466266866,1333,83,0.007201958400640005,,19.667916041979012,461
402,0.1075,-2562.1076923076926,18.2875,16.217821782178216,59.52399086062452,1314,85,0.006704864167861642,,16.32977913175933,829
403,0.1069,-2408.5076923076927,17.6025,16.324303405572756,59.667956656346746,1283,84,0.007108053381770276,,16.423374613003094,370
404,0.1063,-2932.246153846154,20.419166666666666,18.014063656550704,61.627683197631384,1346,82,0.007472853215480985,,18.1139896373057,209
405,0.1057,-3173.3230769230768,22.6625,19.85618479880775,63.92921013412817,1339,83,0.007301045412445421,,19.935171385991058,388
406,0.1052,-3010.2615384615383,20.349166666666665,17.353924418604652,61.01962209302326,1376,85,0.007380816634973152,,17.47093023255814,458
407,0.1046,-3026.753846153846,20.455,17.533966398831264,61.40394448502557,1374,83,0.0074301708187958174,,17.611395178962745,159
408,0.104,-3526.4153846153845,25.161666666666665,22.452434456928838,66.91385767790263,1365,81,0.007289169767203079,,22.55430711610487,896
409,0.1034,-2982.2769230769227,20.27,17.611069558713538,60.81077038145101,1327,84,0.007062548137107303,,17.721017202692597,5
410,0.1028,-4147.938461538461,28.650833333333335,24.21423487544484,69.7017793594306,1419,80,0.00714460106564571,,24.323131672597864,678
411,0.1023,-3460.0769230769233,25.235833333333332,21.502849002849004,65.34615384615384,1397,83,0.007111832965362593,,21.617521367521366,868
412,0.1017,-3213.9846153846156,23.620833333333334,19.932699341623994,63.90855888807608,1356,83,0.007098569542290551,,20.08046817849305,703
413,0.1011,-2913.5538461538463,20.895833333333332,18.104499274310594,62.09869375907112,1383,82,0.0071912094591069274,,18.228592162554428,721
414,0.1006,-2863.2,20.335,17.685158501440924,61.20244956772334,1362,83,0.006926448050763615,,17.785457163426926,635
415,0.1,-2911.9538461538464,20.96,18.198675496688743,61.946284032376745,1343,82,0.007167577612227829,,18.316409124356145,455
416,0.0995,-2441.8461538461534,17.8575,15.991097922848665,58.83679525222552,1327,83,0.007209605806901863,,16.086730911786507,865
417,0.0989,-3997.9538461538464,34.0675,28.926522043386985,74.32890132960112,1394,82,0.007081002932743183,,29.390482855143457,747
418,0.0984,-3207.461538461538,22.394166666666667,19.068181818181817,62.745601173020525,1370,82,0.007330484557397572,,19.16348973607038,224
419,0.0978,-3850.3538461538465,28.458333333333332,23.880112834978842,68.27362482369534,1425,83,0.007379659814899296,,23.965468639887245,269
420,0.0973,-4282.615384615385,36.61666666666667,31.005767844268206,75.59480894015861,1363,82,0.0069824337319626265,,32.03316510454218,506
421,0.0968,-3711.4769230769234,27.781666666666666,23.692198581560284,68.42340425531916,1383,83,0.007042906210240216,,23.79290780141844,33
422,0.0962,-2202.5230769230775,15.829166666666667,14.32422171602126,57.01138952164009,1310,83,0.0072421662718458535,,14.422171602126044,547
423,0.0957,-2090.2,13.336666666666666,12.519459888800636,55.22716441620334,1263,86,0.0074230559453299155,,12.620333598093724,449
424,0.0952,-3035.584615384615,21.066666666666666,17.842721287490857,61.58961228968544,1373,84,0.00709770642301527,,17.953913679590343,52
425,0.0946,-2500.4307692307693,20.246666666666666,17.74136664217487,61.360029390154295,1344,89,0.00694387582321921,,17.85672299779574,709
426,0.0941,-3339.6769230769232,24.680833333333332,20.35991678224688,64.8245492371706,1423,82,0.007083419215720123,,20.485436893203882,242
427,0.0936,-2880.6769230769232,20.501666666666665,18.284023668639055,62.005917159763314,1353,81,0.006983770108575933,,18.36612426035503,841
428,0.0931,-2088.3230769230768,15.305833333333334,13.766917293233083,55.99774436090225,1335,85,0.00716994066513722,,13.85563909774436,25
429,0.0926,-4329.661538461539,31.105,27.015129682997117,73.26945244956772,1387,84,0.007312473558803695,,27.110230547550433,218
430,0.092,-2652.923076923077,18.75583333333333,16.320605187319885,59.64121037463977,1359,82,0.007411193469629904,,16.447406340057636,762
431,0.0915,-2627.8769230769235,18.47833333333333,16.20735294117647,59.57720588235294,1354,84,0.007215286735308187,,16.311029411764707,833
432,0.091,-3383.6461538461535,23.509166666666665,20.2966472303207,63.97959183673469,1347,80,0.0072820351343111005,,20.41545189504373,652
433,0.0905,-3335.092307692308,26.984166666666667,23.93411420204978,67.9882869692533,1327,83,0.00753452105881875,,24.044655929721817,11
434,0.09,-2449.5230769230766,16.88083333333333,14.943052391799544,57.82384206529992,1322,83,0.007541480009679555,,15.033409263477601,556
435,0.0895,-4121.83076923077,34.435,28.91991495393338,73.6491849751949,1422,85,0.007527999655206841,,29.02409638554217,424
436,0.089,-2776.5692307692307,19.434166666666666,17.131004366812228,60.64046579330422,1379,81,0.007481046550736719,,17.24745269286754,297
437,0.0885,-3282.7384615384617,22.1275,19.455612619222304,63.39618488628027,1345,77,0.007304055212136352,,19.551724137931036,680
438,0.088,-3348.6153846153848,22.0825,18.664727272727273,62.478545454545454,1382,80,0.007071505985584893,,18.755636363636363,56
439,0.0876,-3329.8461538461543,25.581666666666667,22.59090909090909,66.77859237536657,1346,83,0.007110497561156557,,22.65300146412884,6
440,0.0871,-3050.3076923076924,20.683333333333334,17.1671388101983,60.876062322946176,1405,84,0.007153777170393552,,17.288951841359772,426
441,0.0866,-2525.3076923076924,17.953333333333333,15.6551215917465,59.10316875460575,1356,84,0.007310414544498594,,15.764922623434046,657
442,0.0861,-2832.3538461538465,22.418333333333333,20.12089552238806,63.906716417910445,1325,84,0.007505093064772406,,20.232835820895524,718
443,0.0856,-2320.246153846154,17.161666666666665,14.906227106227107,58.20879120879121,1373,86,0.007552422108198781,,15.017582417582418,303
444,0.0852,-3031.1384615384613,21.523333333333333,18.686446886446888,62.45787545787546,1378,81,0.0073217760068887555,,18.82051282051282,777
445,0.0847,-3477.8153846153846,24.860833333333332,20.6994301994302,65.17806267806267,1402,85,0.007441282689865359,,20.83190883190883,873
446,0.0842,-3094.723076923077,21.704166666666666,18.632667617689016,62.244650499286735,1402,81,0.007555436194776343,,18.738231098430813,626
447,0.0838,-2706.3230769230768,19.843333333333334,17.651041666666668,61.15327380952381,1358,85,0.007449275118796454,,17.751488095238095,306
448,0.0833,-3360.707692307692,28.08,24.95408163265306,68.33600583090379,1340,81,0.007698028193677743,,25.05393586005831,92
449,0.0828,-2686.476923076923,19.450833333333332,16.91949778434269,59.997784342688334,1357,84,0.0075953914026138936,,16.99188191881919,272
450,0.0824,-2697.630769230769,19.4125,16.820568927789935,60.027716994894234,1370,83,0.007437053036024828,,16.940189642596646,29
451,0.0819,-2451.076923076923,17.595833333333335,15.527017024426351,58.73575129533679,1354,87,0.00727751567635727,,15.641746854182088,505
452,0.0815,-2770.507692307692,19.089166666666667,17.168539325842698,60.42696629213483,1321,81,0.007756894091521194,,17.266666666666666,451
453,0.081,-2669.7076923076925,18.108333333333334,15.321633237822349,58.383954154727796,1404,80,0.007839039077705123,,15.441260744985673,375
454,0.0806,-2943.4,20.77,18.590701219512194,62.0342987804878,1296,84,0.00767158370307312,,18.68826219512195,180
455,0.0801,-3046.3846153846157,21.72,18.65463917525773,62.635493372606774,1380,82,0.007602820349594673,,18.77540500736377,450
456,0.0797,-2578.6769230769232,17.61916666666667,15.619654913728432,58.791447861965494,1342,82,0.007470574180067956,,15.71642910727682,852
457,0.0792,-3322.784615384615,23.5575,19.679802955665025,63.39408866995074,1390,83,0.0071742932346824774,,19.78043631245602,604
458,0.0788,-2973.476923076923,23.398333333333333,19.824034334763947,63.90200286123033,1385,85,0.007400333013835487,,19.93776824034335,53
459,0.0784,-4070.0000000000005,30.0975,26.00509090909091,70.9170909090909,1359,83,0.007595046330514722,,26.110545454545456,772
460,0.0779,-2935.7692307692305,22.0075,19.565347274085138,63.38984316654219,1328,82,0.007460564753487649,,19.68707991038088,786
461,0.0775,-2474.1384615384613,16.201666666666668,13.706056129985228,56.57237813884786,1366,82,0.007203606652391455,,13.811669128508123,490
462,0.0771,-2890.169230769231,21.09,18.465743440233236,61.599854227405245,1351,82,0.007404373028305028,,18.551749271137027,568
463,0.0766,-3124.476923076923,22.589166666666667,20.005116959064328,64.1608187134503,1369,83,0.007657077792270634,,20.091374269005847,631
464,0.0762,-2553.9384615384615,19.050833333333333,16.539739884393065,59.61271676300578,1369,84,0.007275816785334586,,16.641618497109828,227
465,0.0758,-2148.8615384615387,15.946666666666667,14.701447067783702,57.61690784463062,1315,85,0.007391551536502404,,14.793602437166793,673
466,0.0754,-3356.476923076923,23.095,19.227077363896846,63.24785100286533,1420,82,0.007343523350232529,,19.351719197707737,625
467,0.075,-2755.7384615384617,20.305833333333332,17.837555886736215,61.51490312965723,1344,85,0.007314141427275604,,17.921758569299552,107
468,0.0745,-2863.1538461538457,20.9075,19.181126331811264,62.470319634703195,1306,82,0.007653457398467347,,19.291476407914764,148
469,0.0741,-3359.584615384615,25.6475,21.83946251768034,65.61032531824611,1390,85,0.007520128375845591,,21.97878359264498,757
470,0.0737,-3602.4461538461537,28.59,24.06223479490806,68.32531824611033,1400,83,0.0074842757946242955,,24.213578500707214,592
471,0.0733,-3056.2,24.109166666666667,20.94308357348703,64.35806916426513,1387,85,0.007728213313129375,,21.045944005743,171
472,0.0729,-3243.415384615385,23.841666666666665,20.60810810810811,64.64153627311522,1377,81,0.007350353131238942,,20.729921819474058,763
473,0.0725,-2533.4615384615386,16.913333333333334,14.33927298645759,57.41767640769779,1395,82,0.007592485870987602,,14.456165359942979,204
474,0.0721,-2364.876923076923,17.365,15.999228395061728,60.09182098765432,1301,84,0.007203984779836448,,16.099537037037038,665
475,0.0717,-3396.923076923077,27.523333333333333,24.557077625570777,68.84627092846272,1311,83,0.007045161100668062,,24.64638783269962,473
476,0.0713,-2899.076923076923,20.856666666666666,17.510593220338983,61.09957627118644,1412,82,0.007219374023267078,,17.616525423728813,641
477,0.0709,-3495.2769230769227,24.769166666666667,21.119589141599413,65.48642699926633,1367,81,0.006994552070347367,,21.221570066030814,364
478,0.0705,-2618.169230769231,19.066666666666666,16.481152993348115,60.37620103473762,1370,85,0.00707186975172849,,16.587583148558757,177
479,0.0701,-2782.3076923076924,19.465833333333332,16.615727002967358,60.36275964391692,1367,82,0.007098616406103039,,16.705489614243323,899
480,0.0697,-2729.5692307692307,19.4125,16.876363636363635,60.41890909090909,1368,80,0.00709213962458095,,17.017454545454545,245
481,0.0694,-3484.3076923076924,26.506666666666668,22.65123010130246,66.14616497829233,1373,83,0.007290122823055417,,22.762662807525327,210
482,0.069,-3520.276923076923,28.533333333333335,25.09413468501086,69.42288196958725,1363,85,0.00727552368746468,,25.206372194062272,290
483,0.0686,-4013.9384615384615,29.715833333333332,25.545064377682404,70.52360515021459,1383,81,0.0073092730724957835,,25.63447782546495,768
484,0.0682,-3127.3076923076924,21.991666666666667,19.473448017950634,62.98279730740464,1333,82,0.00768049159191782,,19.56544502617801,117
485,0.0678,-3020.5692307692307,21.686666666666667,18.652585579024034,61.96358339402768,1369,82,0.00716380662143998,,18.738719068413392,499
486,0.0675,-2596.5230769230766,19.174166666666668,17.029213483146066,60.67715355805243,1348,85,0.006979179415441707,,17.119850187265918,143
487,0.0671,-2425.523076923077,16.97833333333333,15.399539877300613,58.5329754601227,1313,82,0.0072589454472464935,,15.49463190184049,240
488,0.0667,-3056.461538461538,23.418333333333333,20.785081240768093,65.1506646971935,1359,85,0.007193875116271204,,20.876661742983753,308
489,0.0664,-3157.876923076923,22.80666666666667,19.70444763271162,63.81707317073171,1366,84,0.0072787608123106905,,19.807030129124822,692
490,0.066,-2727.3999999999996,19.144166666666667,16.854625550660792,59.951541850220266,1370,81,0.007049889329102339,,16.932452276064613,800
491,0.0656,-3481.123076923077,26.865,22.571929824561405,67.51298245614035,1399,86,0.007173921972302395,,22.705964912280702,555
492,0.0653,-2685.707692307692,18.153333333333332,16.163650075414782,59.796380090497735,1327,81,0.007314180530342928,,16.276772247360483,647
493,0.0649,-3110.369230769231,22.5425,20.142327650111195,64.91919940696812,1346,84,0.007386593531898261,,20.228317272053374,799
494,0.0645,-3200.3076923076924,21.89,18.957879448075527,62.40377632534495,1374,79,0.007098191242550562,,19.103122730573713,76
495,0.0642,-3295.2307692307695,22.533333333333335,19.287390029325515,62.32991202346041,1362,79,0.007070783922028092,,19.371700879765395,565
496,0.0638,-3929.923076923077,27.33,22.976495726495727,67.8425925925926,1387,79,0.007191176126739145,,23.065480427046264,127
497,0.0635,-2729.9846153846156,19.74416666666667,17.501130369253957,61.279577995478526,1331,83,0.007110965403556733,,17.626978146194425,481
498,0.0631,-2470.661538461539,18.070833333333333,16.168054504163514,59.15442846328539,1322,85,0.0073433158804630805,,16.28009084027252,304
499,0.0628,-2862.630769230769,20.1625,17.397510980966324,60.743045387994144,1375,82,0.007214667057382185,,17.49341142020498,713
500,0.0624,-3323.923076923077,23.6,19.94822695035461,63.84113475177305,1392,81,0.006931745082779542,,20.053153791637136,353
501,0.0621,-2511.1076923076917,17.910833333333333,16.7078125,60.8578125,1299,84,0.007108721521333249,,16.82578125,98
502,0.0617,-3061.630769230769,22.438333333333333,18.786275911365262,62.450321658327375,1404,81,0.007439459171705315,,18.898498927805576,501
503,0.0614,-4083.0923076923077,37.7275,33.49704142011834,78.06508875739645,1358,81,0.007165003528231226,,36.1703216374269,293
504,0.0611,-3171.6923076923076,22.858333333333334,19.88546255506608,63.88619676945668,1356,82,0.006958025245063175,,20.0007342143906,634
505,0.0607,-2786.8153846153846,19.9625,17.40277777777778,60.760233918128655,1378,81,0.006947406927621949,,17.497076023391813,194
506,0.0604,-3657.3230769230763,25.360833333333332,22.383136094674555,67.68639053254438,1354,82,0.006909741051485572,,22.4896449704142,67
507,0.06,-3322.9384615384615,23.974166666666665,20.17048710601719,64.60530085959886,1405,83,0.007235729029503002,,20.298710601719197,365
508,0.0597,-2638.153846153846,18.163333333333334,15.990348923533778,59.4543429844098,1342,80,0.00730706646747276,,16.08611729769859,651
509,0.0594,-3367.6615384615384,21.81,18.917231000752444,62.33258088788563,1335,81,0.0068941808491170585,,19.00451467268623,760
510,0.0591,-3538.815384615385,24.4975,20.633169360505974,64.40477863668306,1389,80,0.0070454661322643395,,20.756851721714686,86
511,0.0587,-2661.1384615384613,18.995,16.847407407407406,60.153333333333336,1336,83,0.006466926715961009,,16.941524796447077,382
512,0.0584,-2498.9846153846156,19.0525,17.08351976137211,60.48098434004474,1333,85,0.0067960484306958495,,17.174496644295303,146
513,0.0581,-3037.123076923077,21.91,19.11451495258935,62.68052516411379,1351,83,0.007228818013152826,,19.24142961342086,418
514,0.0578,-3309.461538461538,24.8325,21.27304964539007,65.06595744680851,1385,82,0.0070590739986417005,,21.35886524822695,874
515,0.0574,-3013.0615384615385,20.2325,17.397360703812318,60.51759530791789,1340,78,0.006895900639457041,,17.48973607038123,408
516,0.0571,-3100.3538461538465,21.3725,18.276912181303118,62.06161473087819,1391,81,0.006850293155653308,,18.404390934844194,660
517,0.0568,-3549.6000000000004,26.6925,22.45945945945946,66.90611664295875,1395,84,0.006952053371065576,,22.554054054054053,826
518,0.0565,-2579.8153846153846,19.314166666666665,17.74752097635393,61.12967200610221,1295,85,0.006854152094173707,,17.876430205949656,248
519,0.0562,-2673.246153846154,17.9825,15.283842794759826,58.39737991266376,1383,82,0.0069310806541507545,,15.373090909090909,870
520,0.0559,-3451.076923076923,26.680833333333332,22.539167254763584,66.83909668313338,1400,87,0.007015544533664163,,22.661256175017645,89
521,0.0556,-2613.461538461538,18.13,16.117297698589457,59.04974016332591,1346,82,0.006856649513771116,,16.22197475872309,403
522,0.0553,-2896.215384615384,20.0475,17.052594171997157,60.546552949538025,1383,79,0.006820523975441794,,17.17128642501777,97
523,0.0549,-3274.8153846153846,23.246666666666666,20.10122921185828,64.51409978308025,1392,81,0.006858013346934685,,20.235719450469993,341
524,0.0546,-4039.1846153846154,32.464166666666664,28.429613420860687,72.81254558716266,1365,79,0.006742324587416833,,28.96732026143791,664
525,0.0543,-3794.6615384615384,27.515833333333333,23.23819591261452,67.57716701902748,1358,77,0.006908911353292578,,23.448907681465823,706
526,0.054,-2968.6153846153848,21.926666666666666,18.849602313810557,62.54013015184382,1377,81,0.006772818397958442,,18.9371387283237,654
527,0.0537,-2365.246153846154,15.720833333333333,14.534661354581674,57.59521912350598,1280,82,0.00700735297457812,,14.625498007968128,754
528,0.0534,-3065.8461538461543,23.221666666666668,20.22294372294372,63.893217893217894,1361,82,0.007112169717934326,,20.336219336219337,160
529,0.0531,-2831.2,19.030833333333334,16.708116157855546,59.94341027550261,1345,82,0.007322700452977084,,16.783320923306032,108
530,0.0529,-3862.046153846154,32.534166666666664,28.092352092352094,72.71933621933621,1333,85,0.0075950788049918535,,28.21284271284271,391
531,0.0526,-2448.8615384615387,16.280833333333334,15.266455194290247,58.02299762093577,1256,83,0.007339771231232243,,15.348136399682792,837
532,0.0523,-2655.56923076923,19.036666666666665,16.81549815498155,60.16605166051661,1359,85,0.007244917915380096,,16.91586715867159,407
533,0.052,-3163.0,23.555833333333332,20.8547197640118,65.19026548672566,1334,84,0.0072864799231526665,,20.976401179941004,101
534,0.0517,-2485.461538461539,18.105833333333333,15.676890156918688,58.925106990014264,1368,82,0.0070590513366515,,15.780313837375179,432
535,0.0514,-2784.9384615384615,19.835,16.872416250890947,60.1176051318603,1386,82,0.0069021792657560765,,16.96008553100499,755
536,0.0511,-2986.138461538462,20.285833333333333,16.979300499643113,60.10135617416131,1410,77,0.007229674415378828,,17.093504639543184,783
537,0.0508,-3018.630769230769,21.3025,19.39351851851852,63.425925925925924,1297,82,0.007176800155453069,,19.493827160493826,369
538,0.0506,-2890.461538461538,22.651666666666667,20.230940044411547,63.32272390821613,1330,83,0.007123928255816519,,20.306952662721894,585
539,0.0503,-3008.1846153846154,21.594166666666666,18.636103151862464,62.01862464183381,1389,82,0.007117157840315377,,18.726361031518625,518
540,0.05,-3489.6153846153848,29.025,25.337748344370862,69.64753495217072,1342,83,0.007012219327071639,,25.528676470588234,810
541,0.05,-3406.8923076923074,23.875833333333333,20.617429837518465,65.19128508124076,1369,81,0.006822125617566401,,20.73264401772526,571
542,0.05,-3174.246153846154,23.5575,20.44778254649499,64.43776824034335,1384,86,0.006900844123543791,,20.55579399141631,536
543,0.05,-2974.538461538462,21.08416666666667,18.319102749638205,62.20622286541244,1386,82,0.007004572850905989,,18.46671490593343,477
544,0.05,-3063.9538461538464,22.255,19.355359765051396,63.68649045521292,1365,85,0.007176169218577712,,19.470631424375917,802
545,0.05,-3099.5230769230766,21.468333333333334,18.733431516936673,62.80706921944035,1347,82,0.006971207051168132,,18.823269513991164,890
546,0.05,-3131.3846153846152,22.971666666666668,19.85682980277575,64.08254200146092,1372,82,0.007143039674362285,,19.966398831263696,385
547,0.05,-2894.246153846154,21.259166666666665,18.783308931185946,62.743045387994144,1355,81,0.007322055325954232,,18.8696925329429,845
548,0.05,-2231.461538461538,15.686666666666667,14.266768292682928,57.0625,1310,84,0.0070463366622527425,,14.354150799695354,633
549,0.05,-3274.0153846153844,21.595,18.666917859834214,62.43707611152977,1355,82,0.007216349304248283,,18.778447626224565,727
550,0.05,-2574.3846153846152,17.421666666666667,15.386927122464312,57.79038317054846,1331,80,0.007382479639813883,,15.4755822689707,183
551,0.05,-2981.538461538462,20.404166666666665,17.192841490138786,60.82834185536888,1398,79,0.007120594541455632,,17.287070854638422,192
552,0.05,-2695.953846153846,19.645,16.872371283538797,60.55257432922407,1381,86,0.007180725371394308,,16.97389412617839,525
553,0.05,-2639.9846153846156,19.510833333333334,16.672401433691757,59.708243727598564,1379,85,0.007183469854308417,,16.7921146953405,741
554,0.05,-3837.0923076923073,29.6075,24.62865090403338,69.28859527121001,1422,84,0.00719590077368523,,24.73922114047288,135
555,0.05,-2397.0461538461536,18.816666666666666,16.365606936416185,59.427023121387286,1370,87,0.007157039804918278,,16.466425992779783,12
556,0.05,-2608.707692307692,19.174166666666668,16.6257225433526,59.80635838150289,1361,83,0.007142611023502021,,16.70664739884393,42
557,0.05,-2937.3846153846152,20.3875,17.54407514450867,61.322976878612714,1377,81,0.007189178327400657,,17.665462427745666,485
558,0.05,-3597.7384615384617,34.9825,31.27571115973742,75.90882567469001,1327,83,0.007428631051335943,,32.92396813902969,359
559,0.05,-3070.723076923077,22.304166666666667,19.448375451263537,63.194945848375454,1384,81,0.007519855070055082,,19.540794223826715,309
560,0.05,-2528.507692307692,17.634166666666665,15.204828090709583,58.27066569129481,1365,82,0.007151768697906055,,15.285818713450292,530
561,0.05,-2725.338461538461,19.71,16.333791208791208,59.45879120879121,1437,83,0.0072334334829138565,,16.428571428571427,507
562,0.05,-2451.676923076923,17.398333333333333,15.169977924944812,58.26122148638705,1361,85,0.006691129214495298,,15.286239882266372,851
563,0.05,-2374.953846153846,17.2075,14.869883040935672,57.80336257309941,1367,84,0.0072582227573562644,,14.96856725146199,884
564,0.05,-3896.0307692307697,30.356666666666666,25.08896551724138,69.37517241379311,1415,84,0.007084379265506762,,25.167470709855273,2
565,0.05,-2864.246153846154,20.455833333333334,17.733715103793845,61.09305654974946,1373,81,0.007572720834707815,,17.867573371510378,343
566,0.05,-2524.1076923076926,17.9225,15.533036377134373,58.58648849294729,1342,85,0.007693670051927507,,15.634743875278396,720
567,0.05,-3774.0,25.4325,21.14764079147641,65.59132420091325,1356,83,0.007778863746346901,,21.246575342465754,281
568,0.05,-2285.7076923076925,15.986666666666666,13.882923191648024,56.36241610738255,1357,86,0.007813870201355797,,13.969448584202683,158
569,0.05,-2613.0923076923073,18.734166666666667,16.12089552238806,58.71716417910448,1345,83,0.008043861837751427,,16.202985074626866,698
570,0.05,-3959.461538461538,27.0225,23.119081779053083,67.8271162123386,1370,82,0.007367617034770535,,23.235294117647058,452
571,0.05,-3829.5076923076927,28.6225,24.181948424068768,69.05085959885386,1392,84,0.007471815053184949,,24.355762347888334,669
572,0.05,-2669.892307692308,19.060833333333335,16.97992565055762,60.041635687732345,1318,84,0.007662375067271557,,17.12193308550186,750
573,0.05,-2889.984615384615,20.811666666666667,18.0522496371553,61.99201741654572,1371,83,0.007321208722713347,,18.161828737300436,27
574,0.05,-3026.1230769230774,20.895,17.86002994011976,62.1437125748503,1349,85,0.007307003237408725,,17.948353293413174,256
575,0.05,-2508.7076923076925,18.115,15.789356984478935,59.08943089430894,1377,85,0.007419205854553938,,15.88470066518847,590
576,0.05,-2741.246153846154,19.83416666666667,17.430667644900954,61.217901687454145,1350,83,0.007631157955006942,,17.538517975055026,271
577,0.05,-2938.7384615384617,20.891666666666666,17.756150506512302,61.53328509406657,1361,85,0.007268930710886218,,17.849493487698986,537
578,0.05,-3024.9076923076927,21.309166666666666,18.528676470588234,62.46470588235294,1354,81,0.007238562873199079,,18.654411764705884,120
579,0.05,-3186.1692307692306,23.24416666666667,20.45521835677276,65.23760177646189,1350,83,0.0073805207681319545,,20.568467801628422,740
580,0.05,-2772.7384615384613,19.5175,16.75544267053701,60.18069666182874,1386,83,0.007591990261439333,,16.861393323657474,440
581,0.05,-2807.2000000000003,19.786666666666665,16.69688179840464,60.17548948513416,1382,83,0.00718355404428646,,16.81798404641044,82
582,0.05,-3118.0153846153844,22.335,19.680382072005877,64.08155767817782,1339,81,0.0070238901270640985,,19.799412196914034,666
583,0.05,-2930.6769230769232,19.995,17.61090365944735,60.507841672890216,1337,82,0.0072542256522275346,,17.68707991038088,569
584,0.05,-2562.8307692307694,18.946666666666665,16.57090909090909,59.90109090909091,1341,85,0.006985940732333374,,16.69090909090909,598
585,0.05,-2808.8461538461543,21.6825,18.779443254817988,61.978586723768736,1373,84,0.007027948657030834,,18.890792291220556,350
586,0.05,-2584.7846153846153,18.204166666666666,16.231166912850814,59.810192023633675,1363,85,0.007034484682853989,,16.33087149187592,404
587,0.05,-2932.630769230769,20.955,18.27659574468085,62.07923697725605,1344,81,0.006792689918926855,,18.38958180484226,22
588,0.05,-2342.969230769231,16.15,14.248148148148148,56.56814814814815,1319,84,0.0069733229298736075,,14.319022945965951,111
589,0.05,-2854.046153846154,20.6275,17.893648449039883,61.680945347119646,1365,84,0.007226461778743783,,18.014032496307237,752
590,0.05,-3451.369230769231,24.828333333333333,21.09355067328136,65.4153082919915,1393,81,0.00713075659702951,,21.218993621545003,892
591,0.05,-2987.8153846153846,21.2775,18.15835140997831,61.300795372378886,1372,84,0.006746547758556971,,18.23627167630058,676
592,0.05,-2840.769230769231,20.338333333333335,17.543272727272726,61.32,1358,83,0.007035525952352686,,17.652363636363635,684
593,0.05,-2641.830769230769,17.3575,15.514150943396226,59.015723270440255,1304,84,0.006909157998559605,,15.589622641509434,51
594,0.05,-2798.876923076923,18.888333333333332,16.626195732155995,60.170713760117735,1349,82,0.006904721483401751,,16.709558823529413,491
595,0.05,-3523.2615384615383,26.35,22.030877192982455,66.51298245614035,1410,86,0.006602530419066691,,22.127719298245616,178
596,0.05,-2231.461538461538,15.740833333333333,14.108289768483944,56.71695294996266,1326,84,0.0067065469509912995,,14.18521284540702,726
597,0.05,-3949.4,32.80166666666667,28.122405153901216,72.78596993557623,1393,82,0.00685273254022749,,29.43509272467903,801
598,0.05,-2363.369230769231,15.9575,14.13859910581222,56.71758569299553,1353,85,0.007086446508244258,,14.234375,581
599,0.05,-2949.923076923077,20.554166666666667,17.99120879120879,61.728205128205126,1345,82,0.007158866075845815,,18.126007326007326,325
600,0.05,-3069.4153846153845,22.179166666666667,18.298719772403985,61.95874822190612,1413,84,0.006609638015939112,,18.376955903271693,462
601,0.05,-3177.753846153846,23.6975,21.090437361008153,64.91475166790215,1348,85,0.006811787714018938,,21.178650852483322,859
602,0.05,-2875.4,20.088333333333335,17.49010989010989,60.798534798534796,1352,81,0.006891078356317034,,17.594871794871796,254
603,0.05,-2673.015384615385,18.725,16.12967032967033,59.110622710622714,1359,83,0.006702091964690555,,16.218315018315018,280
604,0.05,-2593.0923076923077,19.074166666666667,16.315295815295816,59.50721500721501,1378,85,0.006787191892900322,,16.40981240981241,322
605,0.05,-3450.5999999999995,25.1675,21.75991348233598,65.97548666186013,1381,81,0.006677355334428263,,21.85724585436193,650
606,0.05,-3020.9076923076923,21.538333333333334,18.26765536723164,61.934322033898304,1424,84,0.0071768971914682,,18.362994350282484,323
607,0.05,-2231.876923076923,16.045,14.330843913368184,57.33457804331591,1338,85,0.006696724006114051,,14.460044809559372,695
608,0.05,-4118.83076923077,29.481666666666666,24.793004996431122,70.005710206995,1408,82,0.007378532799903229,,24.90935046395432,75
609,0.05,-2929.707692307692,20.485,17.341287057122198,60.95950831525669,1409,82,0.007321272042059389,,17.440347071583513,130
610,0.05,-2938.723076923077,19.6725,17.70575221238938,60.96165191740413,1342,77,0.006823477811010339,,17.801031687546057,35
611,0.05,-2891.3846153846157,19.0475,17.455962587685114,60.9680436477007,1284,82,0.006959983566104967,,17.54091971940764,390
612,0.05,-3097.3846153846152,22.178333333333335,18.547383309759546,62.06577086280057,1397,81,0.006652668487148765,,18.64922206506365,40
613,0.05,-2980.461538461538,21.201666666666668,18.266617969320674,61.73338203067933,1376,83,0.006873450177505434,,18.384222059897734,363
614,0.05,-3147.353846153846,22.510833333333334,20.152288072018006,64.07126781695423,1310,82,0.006913272148223782,,20.287106446776612,9
615,0.05,-2786.830769230769,18.230833333333333,16.013157894736842,59.626461988304094,1382,77,0.007035632763238281,,16.123538011695906,470
616,0.05,-2607.507692307692,17.5325,15.64039039039039,58.90915915915916,1332,84,0.0068779587531222685,,15.756006006006006,819
617,0.05,-4105.6,32.18083333333333,27.691977077363898,73.00573065902579,1380,78,0.007191063301191764,,27.904011461318053,412
618,0.05,-2857.907692307692,20.171666666666667,17.64148148148148,60.54592592592593,1348,81,0.006971545763046146,,17.745185185185186,516
619,0.05,-3342.8307692307694,24.6425,21.50476889214967,65.71386647101981,1357,85,0.006673071703145138,,21.606749816581072,243
620,0.05,-2414.4769230769225,17.105833333333333,15.47966231772832,58.233307751343055,1295,83,0.006706450053929286,,15.573292402148887,314
621,0.05,-2876.5384615384614,19.428333333333335,16.384841795437822,59.599705665930834,1378,83,0.006622021133150955,,16.5,609
622,0.05,-2662.492307692308,18.34,15.362181818181819,58.58836363636364,1399,84,0.006716105351104997,,15.457454545454546,41
623,0.05,-3434.784615384615,24.803333333333335,22.088757396449704,66.24038461538461,1345,82,0.007091240718462375,,22.184171597633135,168
624,0.05,-2776.6153846153848,20.178333333333335,17.593864134404676,61.07596785975164,1358,83,0.0072922564813035174,,17.68809349890431,782
625,0.05,-3596.8307692307694,25.865833333333335,22.80250552689757,67.9042004421518,1343,79,0.007006918314415362,,22.906480117820323,893
626,0.05,-2869.661538461538,20.819166666666668,18.561011904761905,62.55580357142857,1346,84,0.007203868615734304,,18.641635687732343,813
627,0.05,-3244.492307692308,22.240833333333335,19.15571955719557,63.19557195571956,1371,81,0.007152224746953395,,19.259040590405903,128
628,0.05,-2715.6615384615384,19.918333333333333,17.454613095238095,60.973958333333336,1364,85,0.007159244170794368,,17.532342007434945,686
629,0.05,-2812.3846153846152,21.188333333333333,18.44141488577745,62.523949889462045,1377,85,0.007001992181652465,,18.531664212076585,681
630,0.05,-2951.6769230769232,18.945833333333333,16.689835575485798,59.87144992526159,1332,80,0.006944463298937363,,16.80955937266617,202
631,0.05,-2566.292307692308,17.2975,14.978893740902475,57.980349344978166,1357,82,0.007057891624129089,,15.085152838427948,175
632,0.05,-2871.046153846154,20.841666666666665,18.39140103780578,62.33802816901409,1343,83,0.006719981278956593,,18.490733876945885,465
633,0.05,-2639.784615384616,19.08416666666667,16.84959046909903,59.720029784065524,1313,83,0.007012489457399886,,16.956068503350707,457
634,0.05,-2926.1846153846154,20.800833333333333,17.131799163179917,60.84937238493724,1409,83,0.007019695443518659,,17.243205574912892,61
635,0.05,-2715.923076923077,19.095833333333335,17.05011219147345,60.32685115931189,1331,81,0.007073561536023383,,17.167539267015705,577
636,0.05,-2834.2615384615383,19.796666666666667,16.804190751445088,60.0628612716763,1392,82,0.006755378519734418,,16.927745664739884,662
637,0.05,-3221.4,23.221666666666668,20.106508875739646,63.510355029585796,1359,80,0.006822354145468614,,20.19674556213018,36
638,0.05,-2662.630769230769,19.614166666666666,17.140324963072377,60.70605612998523,1338,84,0.006809526265093665,,17.24649446494465,770
639,0.05,-2371.9538461538464,15.9375,14.224397590361447,56.56927710843374,1316,84,0.006680422800921228,,14.352409638554217,614
640,0.05,-2320.1692307692306,17.47,15.441262848751835,58.66593245227607,1334,87,0.006778615074027691,,15.575624082232011,517
641,0.05,-2193.6153846153843,15.736666666666666,14.37173579109063,56.67357910906298,1293,84,0.00697958325221754,,14.430875576036867,545
642,0.05,-3009.7384615384617,23.285833333333333,20.24349710982659,64.36343930635839,1369,82,0.006954273352881101,,20.373554913294797,59
643,0.05,-2599.107692307692,18.585,16.318623784592372,59.78309648466716,1342,86,0.006804140383089585,,16.427823485415107,326
644,0.05,-2580.9230769230767,18.450833333333332,15.960914454277287,59.477138643067846,1364,86,0.006653679420380565,,16.079646017699115,170
645,0.05,-2449.9846153846156,16.401666666666667,14.53273137697517,57.32957110609481,1333,85,0.00669225167743408,,14.617005267118135,230
646,0.05,-2375.8461538461534,16.746666666666666,14.640987284966343,57.715033657442035,1341,83,0.006864284003142354,,14.75168287210172,509
647,0.05,-2681.8461538461543,19.401666666666667,17.149518874907475,60.59659511472983,1347,84,0.00667245102716349,,17.251665433012583,758
648,0.05,-4763.092307692307,36.9425,32.97941176470588,76.16029411764706,1314,73,0.006787751705967464,,33.282275711159734,406
649,0.05,-3267.3846153846152,21.984166666666667,19.212956068503352,63.150409530900966,1366,79,0.0068338857914261395,,19.304542069992554,753
650,0.05,-2371.538461538462,17.336666666666666,15.413284132841328,58.7239852398524,1333,85,0.006762615776736054,,15.518081180811809,682
651,0.05,-2541.0307692307697,18.5725,16.216176470588234,59.44926470588236,1368,84,0.006681325479703726,,16.308596620132256,557
652,0.05,-3672.2,25.729166666666668,21.54673225579761,66.31974701335207,1419,81,0.006541450737724545,,21.666900913562895,716
653,0.05,-2853.3230769230768,20.620833333333334,17.66762383345298,61.47379755922469,1392,83,0.006768105786531567,,17.77386934673367,429
654,0.05,-2730.3846153846152,18.600833333333334,16.3549815498155,60.24870848708487,1374,84,0.007074868358839678,,16.445018450184502,821
655,0.05,-2652.646153846154,19.099166666666665,16.692757863935626,59.656912948061446,1347,84,0.006953613112512997,,16.809802487198244,639
656,0.05,-3289.5230769230766,24.246666666666666,21.044688644688645,65.65934065934066,1360,84,0.007049606523327714,,21.113553113553113,724
657,0.05,-4156.107692307693,31.434166666666666,27.361454545454546,72.91272727272727,1361,80,0.007049064380579058,,27.652363636363635,179
658,0.05,-3211.369230769231,21.564166666666665,18.78134110787172,62.84402332361516,1397,83,0.0072739120579459315,,18.84206695778748,244
659,0.05,-3119.3538461538465,21.4225,18.895755770662696,62.933730454207,1354,82,0.007009921551249711,,18.99702380952381,277
660,0.05,-2335.830769230769,16.444166666666668,14.956818181818182,57.85530303030303,1314,84,0.006957885910530915,,15.074242424242424,550
661,0.05,-2338.123076923077,16.531666666666666,15.07427258805513,57.962480857580395,1317,82,0.007216392994290101,,15.158377964804897,246
662,0.05,-3678.8307692307694,26.208333333333332,22.25234318673396,66.3691420331651,1376,82,0.0073119282506687155,,22.34077809798271,542
663,0.05,-3242.9384615384615,22.666666666666668,18.972483707458363,62.80883417813179,1388,83,0.007274608581806622,,19.094858797972485,469
664,0.05,-2913.1846153846154,20.659166666666668,18.17960088691796,62.12416851441242,1344,82,0.006760785875356485,,18.278640059127863,191
665,0.05,-2387.4307692307693,16.935,14.806835066864785,57.99405646359584,1349,85,0.0070758800761359705,,14.895245170876672,198
666,0.05,-2708.0307692307692,19.200833333333332,16.564600448095593,59.81030619865572,1343,84,0.00700778435124213,,16.64152352501867,889
667,0.05,-2881.5538461538463,21.4725,18.451094890510948,62.67372262773723,1367,85,0.006843944037243124,,18.57810218978102,559
668,0.05,-3753.2153846153847,30.13083333333333,25.98793470546487,71.34989354151881,1379,87,0.0070952361061260745,,26.14265436479773,15
669,0.05,-3974.9846153846147,29.495,25.494584837545126,70.90974729241877,1366,83,0.007427033402112482,,25.585559566787005,95
670,0.05,-3582.2769230769236,25.345833333333335,21.155027932960895,65.27025139664805,1391,81,0.00739446508345762,,21.272346368715084,534
671,0.05,-3471.2153846153847,22.908333333333335,18.950581395348838,63.02979651162791,1389,80,0.007094330844939292,,19.092296511627907,597
672,0.05,-3996.3999999999996,28.6425,23.664095371669003,68.71528751753155,1420,80,0.007376809037508346,,23.777699859747546,472
673,0.05,-2504.138461538462,18.423333333333332,16.06888720666162,59.67676003028009,1329,86,0.007359724210047309,,16.15897047691143,731
674,0.05,-2234.7384615384617,16.675833333333333,14.651041666666666,57.45238095238095,1346,87,0.007110305962797874,,14.721933085501858,39
675,0.05,-2866.3076923076924,20.356666666666666,17.273376159885796,60.547466095645966,1393,83,0.007232870419521292,,17.374018558172732,746
676,0.05,-2659.6923076923076,18.71,15.835971223021582,58.60071942446043,1369,83,0.007281884995612679,,15.959712230215827,511
677,0.05,-4247.276923076923,33.763333333333335,28.904040404040405,73.96248196248196,1357,81,0.007522077370604357,,29.153679653679653,17
678,0.05,-2239.7999999999997,15.351666666666667,13.879014189693802,56.800597460791636,1347,84,0.007201169285918101,,13.982823002240478,784
679,0.05,-3080.7076923076925,21.595,18.423631123919307,62.027377521613836,1387,84,0.007165031406392721,,18.515478761699065,798
680,0.05,-3858.1846153846154,30.225,25.600282485875706,70.70338983050847,1396,83,0.00741727439613164,,25.701271186440678,480
681,0.05,-2752.753846153846,20.120833333333334,17.85135135135135,61.46546546546546,1334,86,0.006975017026765543,,17.965465465465467,875
682,0.05,-2234.538461538462,15.500833333333333,13.824773413897281,56.52870090634441,1323,86,0.007075707906680185,,13.918429003021147,667
683,0.05,-3042.8615384615387,22.43166666666667,19.217391304347824,63.09358879882093,1378,82,0.006979277710085056,,19.32424465733235,489
684,0.05,-2588.723076923077,19.373333333333335,16.72222222222222,60.361111111111114,1368,86,0.007066137081605898,,16.817251461988302,291
685,0.05,-2835.5692307692307,20.965,18.80703066566941,63.07255048616305,1330,85,0.006926541841811439,,18.905829596412556,435
686,0.05,-3087.353846153846,22.9275,19.813970588235293,64.13676470588236,1353,83,0.007037600584025539,,19.891176470588235,858
687,0.05,-2938.169230769231,21.836666666666666,18.681688125894134,62.2961373390558,1383,86,0.006880684057795209,,18.805436337625178,844
688,0.05,-2393.0,16.621666666666666,14.803936411809236,57.8440575321726,1329,85,0.0070274928072561775,,14.906888720666162,567
689,0.05,-2743.246153846154,19.805833333333332,16.4560639070443,60.1118373275236,1389,87,0.007154252507193155,,16.562817719680464,443
690,0.05,-2211.353846153846,15.053333333333333,13.66947207345065,56.82249426166794,1310,84,0.007198435478258559,,13.757459831675593,110
691,0.05,-3432.2000000000003,24.644166666666667,20.572331460674157,64.44171348314607,1403,81,0.007187822160616562,,20.67017543859649,378
692,0.05,-3174.246153846154,23.495833333333334,20.481077147016013,64.55312954876274,1366,83,0.007099917592869512,,20.572052401746724,850
693,0.05,-2383.630769230769,16.9125,14.634146341463415,57.53806356245381,1361,86,0.007262011468584456,,14.72579453067258,173
694,0.05,-2740.369230769231,20.591666666666665,18.022777369581192,61.525349008082294,1368,84,0.006868032115987703,,18.116005873715125,116
695,0.05,-2880.969230769231,20.281666666666666,17.390029325513197,60.94574780058651,1344,84,0.00694597293202813,,17.49633431085044,332
696,0.05,-3230.0307692307697,22.346666666666668,18.974747474747474,62.599567099567096,1377,85,0.0071784469221144115,,19.067099567099568,379
697,0.05,-2828.2000000000003,20.038333333333334,17.172645739910315,60.79745889387145,1334,83,0.007186996178856977,,17.284005979073243,405
698,0.05,-3127.5384615384614,22.5075,18.705503931379557,62.6433166547534,1396,85,0.007224109556809457,,18.822015725518227,765
699,0.05,-3059.1076923076926,22.805,19.95290654893304,64.19867549668874,1344,85,0.006800176225291111,,20.066961000735834,184
700,0.05,-3025.4461538461537,21.401666666666667,18.607065609228552,62.94448449891853,1383,85,0.006762744076990685,,18.717375630857966,520
701,0.05,-2653.3538461538465,19.044166666666666,16.687313432835822,60.46940298507463,1346,85,0.0062410185572254456,,16.773880597014927,710
702,0.05,-2890.3076923076924,19.8025,16.677372262773723,59.90437956204379,1356,84,0.006566731586639774,,16.792700729927006,69
703,0.05,-2522.6769230769232,18.2325,16.579598145285935,60.11205564142195,1300,86,0.006581632866246582,,16.698608964451314,707
704,0.05,-2845.4307692307693,18.9875,16.179710144927537,59.21521739130435,1359,79,0.0063860427042264425,,16.284057971014494,788
705,0.05,-3239.046153846154,24.101666666666667,21.363703703703703,65.22740740740741,1353,82,0.00698860861236146,,21.455555555555556,830
706,0.05,-3537.9230769230767,26.945833333333333,23.744477172312223,68.46465390279823,1345,85,0.006991399655104732,,23.837260677466862,434
707,0.05,-4720.861538461539,36.791666666666664,31.550037064492216,79.23498888065234,1351,85,0.007003664087879294,,31.644180874722018,100
708,0.05,-3128.6000000000004,21.624166666666667,18.278372591006423,61.93647394718059,1400,81,0.006910856029584604,,18.386866523911493,367
709,0.05,-2579.9384615384615,17.493333333333332,15.550037064492216,58.876945885841366,1348,84,0.0068281257952564275,,15.670126019273535,658
710,0.05,-3703.953846153846,30.454166666666666,26.292175161521897,71.07178750897344,1347,86,0.0071990494385931825,,26.41319942611191,258
711,0.05,-2619.984615384615,18.810833333333335,16.673575129533678,59.977054034048855,1359,86,0.007332465462541892,,16.76757957068838,265
712,0.05,-2327.046153846154,18.088333333333335,16.335098335854767,59.53252647503782,1323,87,0.007248055231895893,,16.40998487140696,743
713,0.05,-2674.0615384615385,18.500833333333333,15.897869213813372,59.01983835415136,1370,81,0.007095891688130756,,15.986049926578561,283
714,0.05,-3499.830769230769,23.445833333333333,19.814172089660158,64.10195227765726,1395,80,0.00708181142850558,,19.922631959508315,836
715,0.05,-3434.292307692308,23.883333333333333,20.099636363636364,64.48945454545455,1391,83,0.00705925909012409,,20.21818181818182,578
716,0.05,-2988.5384615384614,21.3075,18.379737609329446,62.12390670553936,1374,81,0.007259692683820648,,18.464285714285715,849
717,0.05,-2727.646153846154,19.253333333333334,16.396332863187588,59.975317348378,1426,83,0.007323788118347496,,16.531029619181947,169
718,0.05,-2509.7384615384617,18.5825,16.17157584683358,59.55081001472754,1349,85,0.007363272003504369,,16.287923416789397,358
719,0.05,-2568.2615384615383,18.469166666666666,15.933914306463326,59.119825708061,1359,83,0.007227334958730573,,16.07831762146483,655
720,0.05,-3096.1076923076926,22.45,19.01250919793966,62.90728476821192,1374,84,0.007310737494790987,,19.09271523178808,260
721,0.05,-2759.523076923077,21.12,17.643416370106763,61.5288256227758,1416,87,0.007140437536953806,,17.742348754448397,526
722,0.05,-3260.9384615384615,23.7675,20.501081470800287,65.50396539293439,1404,84,0.007195527517517558,,20.607065609228552,172
723,0.05,-2850.0461538461536,21.10333333333333,17.934343434343436,61.575036075036074,1394,85,0.006876957448896844,,18.049062049062048,644
724,0.05,-3394.415384615384,25.830833333333334,22.071682044002838,66.24201561391058,1394,85,0.006958779477035771,,22.176721078779277,331
725,0.05,-2245.6615384615384,16.191666666666666,14.215510812826249,56.75689783743475,1331,86,0.007247327381289382,,14.331096196868009,34
726,0.05,-2868.876923076923,20.659166666666668,18.373775433308214,62.568198944988694,1338,83,0.007575864487416965,,18.467972871137906,632
727,0.05,-2419.5538461538463,16.55666666666667,14.775525525525525,58.01126126126126,1335,84,0.007394776139089382,,14.888138138138139,653
728,0.05,-2847.107692307692,20.078333333333333,17.054172767203514,60.17789165446559,1364,84,0.00717030849928765,,17.1800878477306,464
729,0.05,-3055.0923076923077,21.055833333333332,18.048976608187136,61.03362573099415,1358,81,0.007246329902802774,,18.137426900584796,91
730,0.05,-3515.969230769231,26.576666666666668,22.595821325648416,67.39985590778097,1392,84,0.007129126412881901,,22.72478386167147,834
731,0.05,-3495.2769230769227,27.8125,24.786861313868613,69.37445255474452,1356,83,0.0071024680306556185,,24.977372262773724,398
732,0.05,-4056.123076923077,28.756666666666668,24.143456962911127,70.57312806158153,1403,84,0.007374377304786992,,24.250524842547236,828
733,0.05,-2658.1076923076926,18.051666666666666,16.094625283875853,59.24148372445117,1323,82,0.006991270675259832,,16.188493565480698,16
734,0.05,-3793.4461538461537,30.050833333333333,25.907148120854828,70.69417833456153,1370,83,0.007000951243066781,,26.062638172439204,816
735,0.05,-3897.2769230769227,27.749166666666667,25.009870918754746,69.19438116932422,1319,82,0.00700043725148395,,25.121488230827637,824
736,0.05,-2975.8153846153846,19.113333333333333,16.64275147928994,60.20266272189349,1355,80,0.007070238374381865,,16.737620103473763,13
737,0.05,-3470.753846153846,25.885,22.745083758193736,67.25637290604516,1371,84,0.007002144053327653,,22.83758193736344,94
738,0.05,-2629.6769230769232,18.679166666666667,16.699316628701595,59.85952923310554,1335,86,0.0068378370440134555,,16.79498861047836,381
739,0.05,-4212.707692307693,38.80916666666667,32.84615384615385,77.66595441595442,1385,80,0.006784157747929835,,34.985865724381625,115
740,0.05,-2954.246153846154,20.9425,18.146638054363375,61.37625178826895,1390,82,0.00695835426899264,,18.238912732474965,883
741,0.05,-3027.553846153846,20.565,17.61527272727273,60.87563636363636,1376,80,0.0069820361352800385,,17.69309090909091,299
742,0.05,-3716.861538461538,25.89666666666667,21.725476358503883,66.47635850388144,1395,82,0.006882698252947277,,21.827805222300636,223
743,0.05,-2727.3846153846152,19.211666666666666,16.63909224011713,59.84699853587116,1360,84,0.007150457856429238,,16.759882869692532,348
744,0.05,-2870.215384615384,20.469166666666666,17.99557848194547,61.55784819454679,1362,84,0.007114915086765685,,18.10243183492999,307
745,0.05,-3639.3999999999996,26.055,22.46491849751949,66.84266477675408,1396,80,0.006720301222837816,,22.574060949681076,842
746,0.05,-3538.9692307692308,25.906666666666666,21.26874536005939,65.16406829992576,1357,80,0.006877127239915661,,21.370452858203414,549
747,0.05,-3987.5076923076927,36.354166666666664,31.48502994011976,76.0127245508982,1333,80,0.007106665813455738,,33.04250559284117,576
748,0.05,-2140.0153846153853,15.2875,13.66691616766467,56.10254491017964,1320,85,0.006730979887914046,,13.754491017964073,83
749,0.05,-2959.046153846154,23.408333333333335,20.482512491077802,63.811563169164884,1366,84,0.006851010670340102,,20.59243397573162,296
750,0.05,-2557.984615384615,16.860833333333332,15.113981762917932,57.75,1307,81,0.0068236124341712725,,15.224164133738602,60
751,0.05,-2840.1538461538457,20.2725,17.09018759018759,60.676767676767675,1379,84,0.006799508037821396,,17.183850036049026,607
752,0.05,-2210.876923076923,15.601666666666667,14.727415553809898,57.63157894736842,1271,85,0.006658242298219767,,14.824823252160252,876
753,0.05,-2076.8615384615387,14.7525,13.555724033358604,56.317664897649735,1306,84,0.006483122598631323,,13.672479150871872,771
754,0.05,-2357.1538461538457,17.1775,15.406020558002936,58.14684287812041,1337,85,0.006533166053503327,,15.555066079295154,748
755,0.05,-3568.9692307692308,30.019166666666667,26.986100950987563,71.23555230431602,1339,80,0.0064463699394345835,,27.059080962800877,759
756,0.05,-3315.923076923076,24.205,20.814440433212997,64.414440433213,1377,79,0.006432803554181383,,20.929963898916967,608
757,0.05,-2498.123076923077,18.13083333333333,15.841339155749637,59.42867540029112,1356,86,0.0063839280185632764,,15.949053857350801,497
758,0.05,-3694.6769230769232,27.346666666666668,24.221052631578946,69.59022556390977,1339,83,0.006651061168840162,,24.33157894736842,742
759,0.05,-3518.0307692307697,24.3925,21.04258443465492,65.16079295154185,1359,84,0.006444333138675956,,21.14684287812041,853
760,0.05,-2954.215384615384,20.275833333333335,17.51120751988431,61.05495300072307,1397,81,0.0064996689351648,,17.589298626174983,513
761,0.05,-2893.0615384615385,19.480833333333333,16.444767441860463,59.903343023255815,1366,84,0.006634663575682644,,16.545058139534884,373
762,0.05,-2471.907692307692,18.038333333333334,16.163340724316335,59.41019955654102,1362,84,0.006715034085949238,,16.258684405025868,629
763,0.05,-2838.7384615384617,19.20916666666667,16.808931185944363,60.32137628111274,1363,83,0.006774582336247475,,16.915812591508054,1
764,0.05,-2895.1384615384613,21.489166666666666,17.911994322214337,61.23349893541519,1421,85,0.007045122488872286,,17.9985805535841,519
765,0.05,-2999.092307692308,20.5875,18.38192862566439,61.8830675778284,1303,83,0.006942530936421796,,18.503416856492027,787
766,0.05,-2584.0,17.831666666666667,15.547671840354766,58.694752402069476,1333,84,0.006709635138166305,,15.676274944567627,764
767,0.05,-3154.0923076923077,24.574166666666667,21.463414634146343,65.35365853658537,1375,81,0.006637243792885568,,21.612625538020087,131
768,0.05,-2808.630769230769,19.96,17.163786626596544,60.618332081142,1346,85,0.0064658876597237765,,17.277235161532683,220
769,0.05,-3597.492307692308,26.480833333333333,22.88849682427664,67.13620324629498,1411,79,0.006443842613641895,,23.005645730416372,596
770,0.05,-3112.3076923076924,23.024166666666666,19.41949152542373,63.470338983050844,1417,83,0.00661058012724165,,19.572033898305083,225
771,0.05,-2340.5538461538463,16.999166666666667,15.405688622754491,57.93562874251497,1319,83,0.006903172098582048,,15.510479041916168,30
772,0.05,-2828.046153846154,21.579166666666666,19.302377414561665,63.23922734026746,1327,85,0.006873957677673618,,19.393016344725112,284
773,0.05,-3555.8923076923074,29.375,25.913011152416356,70.61561338289962,1332,84,0.00654861162430945,,26.03568773234201,766
774,0.05,-3683.753846153846,32.846666666666664,28.6399416909621,72.48542274052478,1361,83,0.006707959714925542,,28.961510530137982,867
775,0.05,-2799.415384615385,21.233333333333334,18.064356435643564,61.73338048090523,1387,85,0.006642541999946004,,18.166195190947665,321
776,0.05,-2559.8461538461534,17.96,15.633627019089575,58.643906020558006,1378,83,0.00667789035238012,,15.731277533039648,838
777,0.05,-3623.6461538461544,29.674166666666668,25.317161477190442,69.52280955829109,1369,87,0.006797121506748304,,25.44532947139754,521
778,0.05,-3860.707692307692,33.579166666666666,29.04052098408104,73.50795947901592,1366,85,0.006731502040491186,,30.172438672438673,133
779,0.05,-2852.1076923076926,18.75,16.27645305514158,60.07973174366617,1366,83,0.006485294218612576,,16.391207153502236,447
780,0.05,-3374.3846153846157,23.201666666666668,19.8814923189466,63.85662033650329,1385,79,0.006710321555443602,,19.970007315288953,99
781,0.05,-2779.7692307692305,20.535833333333333,18.31929046563193,61.849223946784925,1340,84,0.0071570519175178,,18.44789356984479,761
782,0.05,-3703.9384615384615,34.03,29.633165829145728,74.18090452261306,1353,84,0.007110967328992547,,30.447067238912734,729
783,0.05,-3041.2615384615383,22.678333333333335,19.649645390070923,63.10141843971631,1379,83,0.007388639657041413,,19.75177304964539,44
784,0.05,-3261.230769230769,24.481666666666666,20.213692946058092,64.65076071922545,1414,86,0.00735781373442985,,20.346473029045644,85
785,0.05,-2162.7384615384617,15.13,13.525842696629214,56.11985018726592,1330,84,0.007295440206062771,,13.632209737827715,531
786,0.05,-2528.9846153846156,17.551666666666666,15.394602479941648,58.29321663019694,1367,81,0.007216882445969696,,15.5200583515682,495
787,0.05,-2615.2307692307695,19.2525,16.706608569353666,60.14669571532317,1361,85,0.0071338287596490755,,16.831517792302105,835
788,0.05,-2330.9230769230767,16.808333333333334,14.858420268256333,57.87332339791356,1344,86,0.0068679372624272875,,14.976900149031296,460
789,0.05,-2441.9692307692303,17.66,15.390762463343108,58.39149560117302,1363,86,0.0071337685250430554,,15.479472140762462,510
790,0.05,-3515.953846153846,24.740833333333335,21.597769516728626,66.15315985130111,1340,80,0.007004559725123489,,21.689962825278812,49
791,0.05,-3305.2,26.291666666666668,23.105109489051095,66.08467153284671,1333,81,0.007441249599792271,,23.1985401459854,751
792,0.05,-3035.2307692307695,21.2175,18.234273318872017,61.84960231381056,1383,82,0.007488793876506015,,18.352133044107013,274
793,0.05,-2326.4307692307693,16.641666666666666,14.572168763878608,57.15025906735751,1354,85,0.007444762262768014,,14.637841832963785,445
794,0.05,-3192.2000000000003,23.958333333333332,21.115526122148637,64.26342899190581,1352,85,0.0071136808314421545,,21.246504782928625,878
795,0.05,-2497.6153846153848,17.363333333333333,15.274013402829485,58.415487714072974,1340,84,0.0067997963375418715,,15.38644825018615,809
796,0.05,-3244.507692307692,25.340833333333332,21.58681785967399,65.44578313253012,1396,83,0.006664644753300812,,21.660056657223794,21
797,0.05,-3887.8000000000006,34.44083333333333,28.038054968287526,73.30796335447498,1419,83,0.007098605622013758,,28.513037350246652,156
798,0.05,-3796.861538461538,34.410833333333336,30.118411552346572,74.46498194945849,1353,81,0.007008989008967641,,32.83968368080517,804
799,0.05,-3002.6461538461535,21.0175,18.375994215473607,62.360809833694866,1376,81,0.0070560659328556055,,18.467823571945047,357
800,0.05,-3048.8307692307694,21.335,17.865957446808512,61.260283687943264,1423,82,0.007497456738967615,,17.96241134751773,319
801,0.05,-2785.8153846153846,19.661666666666665,17.188970588235293,60.54926470588235,1348,81,0.006723512144598833,,17.27279411764706,882
802,0.05,-2314.538461538462,17.061666666666667,15.253251721499618,58.75210405508799,1315,86,0.00684778514229662,,15.384085692425401,205
803,0.05,-3173.2615384615383,26.94333333333333,23.983882783882784,68.15164835164835,1362,83,0.006658350270202134,,24.08131868131868,62
804,0.05,-2673.784615384616,20.29,17.925650557620816,62.02899628252788,1350,86,0.007062901989584012,,18.02899628252788,252
805,0.05,-3228.784615384615,23.88083333333333,20.98760029175784,65.4981765134938,1355,85,0.006795512929907366,,21.094091903719914,776
806,0.05,-2910.6461538461544,21.203333333333333,18.860103626943005,62.18504811250925,1339,83,0.006683828569012851,,18.985936343449296,88
807,0.05,-2592.7384615384617,19.979166666666668,17.668389955686855,60.613737075332345,1328,85,0.007126446193677165,,17.76957163958641,864
808,0.05,-2471.6000000000004,18.39666666666667,16.19622641509434,59.2988679245283,1328,85,0.007144179337380635,,16.288301886792453,575
809,0.05,-3123.1846153846154,23.578333333333333,20.002808988764045,64.24508426966293,1384,85,0.007020115341556819,,20.103230337078653,262
810,0.05,-2746.8153846153846,20.295,17.48954578226388,61.27757750540735,1384,84,0.007139173264744416,,17.59120403749099,675
811,0.05,-2878.7230769230773,20.0875,18.212075471698114,62.4566037735849,1328,85,0.007095897128481193,,18.344150943396226,546
812,0.05,-4245.384615384615,37.07833333333333,31.728377412437457,76.92137240886348,1355,84,0.007182683702482807,,32.69127040454223,797
813,0.05,-3587.861538461538,25.774166666666666,21.334027777777777,66.11319444444445,1425,82,0.007217951004077591,,21.459027777777777,508
814,0.05,-3417.707692307692,25.019166666666667,20.567548248749105,64.73766976411723,1405,81,0.007776313280177296,,20.66047176554682,661
815,0.05,-2826.753846153846,20.9825,18.293154761904763,62.417410714285715,1343,85,0.007654231968904663,,18.409970238095237,467
816,0.05,-2669.6923076923076,20.975,18.108868060562365,61.98413842826244,1370,88,0.007717529602960225,,18.218457101658256,255
817,0.05,-2707.5538461538463,19.905833333333334,17.974416854778028,61.79533483822423,1321,83,0.007492629694661399,,18.070729872084275,533
818,0.05,-3594.1846153846154,25.83,22.392857142857142,66.5896501457726,1374,83,0.007427510768907175,,22.52478134110787,475
819,0.05,-2738.0769230769233,20.330833333333334,18.17862481315396,61.402840059790734,1309,84,0.007294586288420046,,18.27055306427504,649
820,0.05,-2448.0461538461536,17.5175,15.717424242424242,58.791666666666664,1308,84,0.007608818039516287,,15.806818181818182,679
821,0.05,-2846.0615384615385,20.10333333333333,17.66740576496674,61.564671101256465,1338,83,0.007377092551884101,,17.796747967479675,701
822,0.05,-2850.5384615384614,22.463333333333335,19.594319009468318,63.02257829570284,1342,87,0.007730656213967884,,19.675163874726877,347
823,0.05,-2743.0615384615385,19.19333333333333,17.041158536585368,60.46798780487805,1291,83,0.007400597252434973,,17.128048780487806,871
824,0.05,-2759.923076923077,19.973333333333333,17.320318148951554,60.4765003615329,1340,84,0.007525913143796886,,17.44468546637744,102
825,0.05,-3079.507692307692,21.230833333333333,18.75631500742942,62.34546805349183,1345,82,0.007486451554189526,,18.84992570579495,584
826,0.05,-2717.323076923077,20.724166666666665,17.788530465949822,60.99928315412186,1376,84,0.007279350111916698,,17.865232974910395,313
827,0.05,-2408.7846153846153,17.5475,15.245961820851688,58.095447870778266,1371,86,0.007198292120544057,,15.339941262848752,515
828,0.05,-2152.230769230769,15.340833333333334,13.618837380426784,55.916114790286976,1350,82,0.007449303390642403,,13.73215599705666,733
829,0.05,-3649.2000000000003,26.851666666666667,23.619013062409287,67.7177068214804,1354,83,0.007575377248588207,,23.714078374455735,335
830,0.05,-2623.2307692307695,19.885,17.3141592920354,60.899705014749266,1332,85,0.007401982817924534,,17.434365781710916,419
831,0.05,-3208.2923076923075,22.4725,19.694464944649447,64.13653136531366,1347,82,0.007398253998419206,,19.822878228782287,187
832,0.05,-3743.7076923076925,28.569166666666668,24.750902527075812,69.3971119133574,1354,82,0.007465891803270437,,24.888808664259926,268
833,0.05,-3499.692307692308,25.6725,22.020187454938718,65.77505407354002,1355,82,0.007105090755422032,,22.112391930835734,672
834,0.05,-2719.923076923077,19.2825,16.735123367198838,60.19593613933237,1363,83,0.006930316668651921,,16.8744557329463,289
835,0.05,-4097.369230769231,28.95,25.06883789785344,70.32864544781643,1375,83,0.006728675255706001,,25.174685418208735,532
836,0.05,-2955.6923076923076,21.590833333333332,18.342652329749104,62.15412186379928,1396,83,0.007203073882294584,,18.455197132616487,73
837,0.05,-2829.6153846153848,20.915,18.513816280806573,62.536221060492906,1334,83,0.007114390548880955,,18.605675877520536,346
838,0.05,-3387.907692307692,30.120833333333334,26.115302491103204,70.53024911032028,1373,81,0.0072093654573890205,,27.055516014234875,414
839,0.05,-3592.784615384616,30.115833333333335,25.799440950384348,70.319357092942,1412,84,0.007684433170068795,,25.90845562543676,68
840,0.05,-2836.461538461539,20.093333333333334,16.87060583395662,60.25953627524308,1353,85,0.007123648192189724,,16.985041136873598,636
841,0.05,-2833.3076923076924,19.596666666666668,16.94460641399417,60.22230320699708,1382,81,0.00731429342252462,,17.06997084548105,613
842,0.05,-2362.4461538461537,16.2775,14.453592814371257,57.747754491017965,1357,81,0.007254667634735521,,14.565119760479043,316
843,0.05,-2607.446153846154,19.1975,16.662782228696287,59.790240349599415,1350,83,0.007395375320919116,,16.77931536780772,553
844,0.05,-2611.0,18.55,16.844734819369716,60.23059185242121,1296,85,0.007298966154284356,,16.951575710991545,887
845,0.05,-3372.83076923077,28.051666666666666,23.926898509581264,67.71682044002839,1368,86,0.0073906479572053985,,24.04468085106383,823
846,0.05,-3430.630769230769,26.156666666666666,22.804301075268818,67.6078853046595,1391,84,0.0075636267153272796,,22.89462365591398,152
847,0.05,-3297.9846153846147,23.730833333333333,20.577826725403817,64.8920704845815,1364,83,0.007340179320630442,,20.68942731277533,219
848,0.05,-2655.0923076923073,19.2225,17.346646571213263,60.68198944988696,1326,84,0.007530809769412292,,17.431801055011302,615
849,0.05,-2893.3230769230768,21.56833333333333,18.377923976608187,62.029970760233915,1383,85,0.0073589542105408036,,18.45614035087719,476
850,0.05,-2976.538461538462,22.44333333333333,18.792122538293217,62.201312910284464,1349,87,0.007208994061791272,,18.911013858497448,43
851,0.05,-2452.584615384615,18.469166666666666,16.283198826118856,59.49743213499633,1352,87,0.007103101993530456,,16.379310344827587,498
852,0.05,-2783.2,20.638333333333332,17.71377072819034,60.98269646719539,1383,83,0.007202477511299442,,17.764409221902017,221
853,0.05,-3463.6923076923076,24.974166666666665,20.357289527720738,64.46475017111567,1448,82,0.007142383149853908,,20.488021902806295,239
854,0.05,-2422.7230769230773,18.019166666666667,15.586608442503639,58.88209606986899,1370,85,0.007526260888235737,,15.720524017467248,640
855,0.05,-3188.923076923077,21.984166666666667,18.901818181818182,63.058181818181815,1367,83,0.007507998354335632,,19.003636363636364,700
856,0.05,-2528.923076923077,17.88,15.442836468885673,58.640376266280754,1358,84,0.007267125547345473,,15.573806078147612,572
857,0.05,-3064.3076923076924,21.128333333333334,18.92766592095451,62.40268456375839,1323,82,0.007567930029444029,,19.03057419835943,428
858,0.05,-2546.923076923077,18.946666666666665,17.141255605381165,60.68834080717489,1311,86,0.007449167286656088,,17.230194319880418,190
859,0.05,-3056.369230769231,21.1175,18.482656826568267,62.14907749077491,1344,82,0.0074454336979252545,,18.571217712177123,195
860,0.05,-3008.3230769230768,22.576666666666668,19.74471188913202,63.204959883296866,1355,84,0.007537309139869485,,19.818380743982495,233
861,0.05,-3416.046153846153,26.395833333333332,23.05359765051395,68.68795888399413,1368,85,0.007296947414463583,,23.134996331621423,58
862,0.05,-2864.4461538461537,19.5825,16.931952662721894,60.30251479289941,1355,83,0.007421491118058214,,17.03698224852071,714
863,0.05,-3503.046153846154,21.8875,20.180908391070055,63.867590454195536,1307,79,0.0078056412615376885,,20.27097767513472,208
864,0.05,-2992.830769230769,22.025,19.571535580524344,63.39925093632959,1317,86,0.007635762916341343,,19.685393258426966,64
865,0.05,-2418.661538461539,17.8225,15.669172932330827,58.962406015037594,1332,84,0.0075854281666941975,,15.80451127819549,207
866,0.05,-3190.6153846153848,22.415,19.35527299925206,63.653702318623786,1338,86,0.0074972355292259,,19.45026178010471,420
867,0.05,-2733.6461538461535,19.476666666666667,16.405308464849355,59.84576757532281,1389,82,0.0072924804826713764,,16.543758967001434,618
868,0.05,-3120.676923076923,22.395,19.404363636363637,63.05745454545455,1355,83,0.00725165318753328,,19.50690909090909,46
869,0.05,-2265.6153846153848,16.653333333333332,14.476366322008863,57.0288035450517,1344,85,0.007096091028802981,,14.559084194977844,528
870,0.05,-3712.6923076923076,36.19916666666666,31.380635624538062,76.9911308203991,1318,84,0.007294378977738351,,32.62527716186253,862
871,0.05,-3083.6153846153848,20.983333333333334,17.862018881626724,62.506899055918666,1378,84,0.007215716215380696,,17.984749455337692,496
872,0.05,-3180.0,22.975833333333334,19.389481165600568,63.201137171286426,1423,84,0.007050189120405115,,19.51314854299929,24
873,0.05,-3105.953846153846,23.179166666666667,20.676190476190477,65.12820512820512,1364,81,0.006902258024166103,,20.753846153846155,456
874,0.05,-2682.3846153846152,19.073333333333334,17.499236641221373,60.433587786259544,1304,82,0.00708600172654098,,17.606870229007633,589
875,0.05,-3063.876923076923,22.205833333333334,19.716395864106353,63.668389955686855,1356,86,0.007128059450645649,,19.825701624815363,344
876,0.05,-2519.0,17.3575,15.415797317436661,58.60804769001491,1352,83,0.007100852850480017,,15.512667660208644,57
877,0.05,-3854.8615384615387,26.00583333333333,22.153172866520787,66.7782640408461,1395,82,0.007524741132489712,,22.24142961342086,278
878,0.05,-3805.123076923077,32.969166666666666,27.919444444444444,73.22569444444444,1414,85,0.007129579746671153,,30.45272601794341,769
879,0.05,-3502.753846153846,28.054166666666667,24.140213523131674,68.44341637010676,1370,84,0.007134924120751,,24.33546552949538,386
880,0.05,-2437.123076923077,16.809166666666666,15.507257448433919,58.64858670741024,1308,82,0.007450180431776455,,15.631779984721161,121
881,0.05,-2536.6000000000004,17.984166666666667,16.24074074074074,59.42901234567901,1295,83,0.0074698158114771054,,16.32638888888889,697
882,0.05,-3649.707692307692,33.5925,30.183763837638377,75.05830258302584,1333,88,0.007053235881788765,,30.429307805596466,459
883,0.05,-3514.6,26.1725,22.08815232722144,66.43935119887165,1390,84,0.006871041354014019,,22.21015514809591,122
884,0.05,-3389.369230769231,32.255833333333335,28.7606149341142,73.46559297218155,1339,84,0.006944081896505171,,33.717501815541034,109
885,0.05,-2824.7692307692305,19.926666666666666,17.145137880986937,60.97387518142235,1378,83,0.0072488068964137765,,17.240928882438315,736
886,0.05,-2459.2307692307695,17.875833333333333,15.106963388370424,58.13424264178033,1381,84,0.007226680229304977,,15.201005025125628,671
887,0.05,-2748.0153846153844,19.881666666666668,17.84036144578313,61.28765060240964,1332,83,0.0074070591564105925,,17.96460843373494,228
888,0.05,-2684.076923076923,20.621666666666666,17.63799283154122,61.26451612903226,1352,84,0.007248317864564563,,17.772759856630824,785
889,0.05,-2228.538461538462,16.201666666666668,15.18632075471698,57.99528301886792,1264,88,0.007143204181599553,,15.26865671641791,339
890,0.05,-2484.953846153846,18.4675,15.965288035450516,58.96454948301329,1357,85,0.007102374489008933,,16.079025110782865,105
891,0.05,-2676.8153846153846,20.219166666666666,18.174270755422587,61.599102468212415,1324,86,0.007202833223005936,,18.274495138369485,37
892,0.05,-3202.8461538461543,23.055,19.853535353535353,63.986291486291485,1384,82,0.007071348138359869,,19.958152958152958,213
893,0.05,-2955.9076923076923,21.3275,18.926064227035102,62.82972367438387,1333,84,0.007598422680913124,,19.035847647498134,413
894,0.05,-3850.846153846154,29.80666666666667,26.871234939759034,72.46310240963855,1319,84,0.007478486356930164,,26.971385542168676,287
895,0.05,-2376.0153846153844,17.395,15.820417287630402,59.31222056631893,1335,84,0.007701160233141221,,15.92548435171386,286
896,0.05,-3149.953846153846,22.810833333333335,19.736,63.89890909090909,1374,84,0.007392598076484213,,19.82181818181818,611
897,0.05,-3270.83076923077,26.779166666666665,23.097927090779127,67.44674767691208,1378,86,0.007527582302169534,,23.197857142857142,356
898,0.05,-3346.492307692308,29.3225,26.548771407297096,70.52122114668653,1343,83,0.007581029871215996,,27.173816568047336,840
899,0.05,-2733.507692307692,19.2875,16.62962962962963,59.7,1354,81,0.00767261465199062,,16.73111111111111,193
