episode,epsilon,total_reward,avg_queue,avg_wait_s,avg_travel_s,throughput,switches,td_loss,q_table_states,avg_delay_s,traffic_seed
0,1.0,-776.7230769230769,3.9091666666666667,6.591445427728614,43.04719764011799,680,67,30.503350877253855,48,6.759587020648968,577
1,0.9945,-630.3076923076924,2.9941666666666666,5.190119760479042,41.209580838323355,671,69,15.885958966288051,56,5.360778443113772,712
2,0.989,-658.3076923076923,3.3216666666666668,5.881736526946108,42.16916167664671,669,64,18.799758214350273,63,6.0568862275449105,770
3,0.9835,-1259.7692307692307,6.166666666666667,10.300595238095237,48.61011904761905,675,68,67.99112486928924,75,10.477678571428571,798
4,0.9781,-933.0769230769231,4.078333333333333,7.177978883861237,43.91101055806938,671,64,22.15364511552369,77,7.298642533936651,36
5,0.9726,-624.7076923076924,2.9991666666666665,5.540284360189573,41.62243285939969,631,71,14.734990124773805,80,5.685624012638231,460
6,0.9673,-684.0923076923077,3.4883333333333333,6.3734567901234565,42.29938271604938,639,66,13.248547798438985,82,6.5246913580246915,371
7,0.9619,-996.6153846153846,4.7283333333333335,8.278740157480314,45.23779527559055,640,65,28.269706809170398,84,8.44251968503937,833
8,0.9566,-814.0461538461539,3.1908333333333334,5.925632911392405,41.800632911392405,628,65,21.53380917510293,87,6.109177215189874,557
9,0.9513,-884.4461538461538,4.280833333333334,7.370967741935484,43.813782991202345,677,66,21.781049972772095,88,7.538123167155425,381
10,0.946,-1028.1076923076923,4.354166666666667,7.735524256651018,44.480438184663534,634,65,24.951871532170873,89,7.895148669796557,429
11,0.9408,-726.8461538461539,3.5108333333333333,5.954478707782672,42.390602055800294,678,67,15.72058190480607,90,6.110132158590308,141
12,0.9356,-755.3538461538462,3.8858333333333333,6.934848484848485,43.7030303030303,661,66,15.786513587606457,90,7.069591527987897,223
13,0.9304,-825.4,3.9816666666666665,6.763271162123386,43.36585365853659,684,66,22.20033065343963,94,6.889526542324247,784
14,0.9253,-756.6461538461538,3.69,6.144285714285714,42.52285714285714,703,65,21.597928106155628,94,6.261428571428572,762
15,0.9202,-598.8461538461539,3.004166666666667,5.301369863013699,41.10197869101979,650,68,12.956702573024623,94,5.439878234398782,838
16,0.9151,-591.8923076923077,2.7675,4.795522388059702,40.72537313432836,662,69,9.399067420711821,94,4.941791044776119,450
17,0.91,-696.4,3.305,5.581259150805271,42.56954612005857,693,72,14.431601798022527,94,5.75402635431918,2
18,0.905,-656.9692307692308,2.9625,5.126656848306333,41.12812960235641,685,72,10.942700802864012,94,5.288659793814433,81
19,0.9,-690.5076923076922,3.13,5.1997146932952925,41.426533523537806,706,71,11.185976108765825,94,5.336661911554922,363
20,0.895,-843.0769230769231,3.950833333333333,6.971684053651267,43.3532041728763,665,65,18.299705366191198,95,7.105812220566319,690
21,0.89,-565.3230769230769,2.743333333333333,4.8462686567164175,41.14776119402985,674,75,10.535371863330388,95,4.980597014925373,846
22,0.8851,-826.5999999999999,4.024166666666667,7.306748466257669,43.7239263803681,642,62,20.094238207041112,95,7.438650306748467,728
23,0.8802,-677.8000000000001,3.4766666666666666,5.905385735080058,42.70305676855895,693,69,16.119488368662335,95,6.069868995633188,406
24,0.8753,-604.276923076923,3.2375,5.500725689404935,41.9288824383164,684,69,16.0140631996312,95,5.667634252539913,636
25,0.8705,-724.1846153846154,2.8108333333333335,5.059815950920245,41.17944785276074,651,72,20.98278536943159,97,5.22239263803681,46
26,0.8657,-895.0,3.8158333333333334,6.251470588235295,42.819117647058825,705,69,29.290092457955257,98,6.383823529411765,899
27,0.8609,-643.9692307692308,3.26,5.671619613670134,41.89747399702823,670,68,12.143560844902872,99,5.823179791976226,659
28,0.8561,-559.0615384615385,2.8433333333333333,5.030165912518854,40.44193061840121,644,66,7.959792263269844,101,5.158371040723982,869
29,0.8514,-678.6461538461539,3.203333333333333,5.591867469879518,42.10692771084337,667,71,17.120088164834723,102,5.768072289156627,144
30,0.8467,-612.1076923076923,2.723333333333333,4.8171701112877585,40.49920508744038,637,65,10.754018012985844,102,4.963434022257552,497
31,0.842,-795.9538461538461,4.003333333333333,7.035330261136712,44.15668202764977,651,70,20.654911479509046,102,7.202764976958525,885
32,0.8373,-698.5076923076923,3.2933333333333334,5.848392036753445,41.8468606431853,657,64,13.479023969862407,102,6.003058103975535,553
33,0.8327,-649.9076923076923,3.19,5.382947976878612,41.37861271676301,692,63,12.432482895642492,102,5.511560693641618,209
34,0.8281,-613.6307692307693,3.1841666666666666,5.470760233918129,41.90643274853801,684,70,11.967615069800914,104,5.618421052631579,512
35,0.8235,-914.4,4.148333333333333,6.907801418439717,43.36879432624114,699,63,26.215886206997883,106,7.085106382978723,415
36,0.819,-693.4615384615383,3.3525,6.007610350076104,41.89802130898021,660,63,19.778814618220515,107,6.1445966514459665,778
37,0.8144,-554.4000000000001,2.6283333333333334,4.87797147385103,40.77496038034865,624,70,9.190131287466997,107,5.01743264659271,366
38,0.8099,-617.1538461538462,3.0866666666666664,5.419402985074627,42.102985074626865,668,73,9.960686573481857,107,5.56929955290611,472
39,0.8054,-616.5384615384615,3.03,5.425113464447806,41.70953101361573,663,70,10.714127530723525,107,5.564296520423601,84
40,0.801,-736.0769230769231,3.6216666666666666,5.788251366120218,42.10245901639344,723,64,14.542107010468106,107,5.942622950819672,609
41,0.7966,-668.3076923076922,3.1325,5.2117310443490705,41.876967095851214,693,73,12.00254639897243,107,5.370529327610873,895
42,0.7922,-617.9692307692308,2.9491666666666667,5.544585987261146,41.345541401273884,627,63,11.192226671495497,107,5.697452229299363,781
43,0.7878,-606.9538461538461,2.9725,5.142433234421365,40.9406528189911,672,73,15.60017242815562,107,5.289317507418398,529
44,0.7834,-636.3846153846154,2.9941666666666666,5.113868613138687,41.46277372262774,678,70,13.179457954204391,107,5.313868613138686,688
45,0.7791,-605.6307692307693,2.9925,5.074127906976744,40.81831395348837,686,67,12.101233512131282,107,5.238372093023256,216
46,0.7748,-552.1076923076923,2.5525,4.612852664576803,40.625391849529784,648,70,10.79735550987505,107,4.724137931034483,502
47,0.7705,-565.3846153846152,2.895,5.089922480620155,41.333333333333336,649,71,11.275970476056793,107,5.22015503875969,531
48,0.7662,-581.2,2.85,5.102760736196319,40.85889570552147,649,64,12.836637874693485,107,5.2315950920245395,674
49,0.762,-605.2769230769231,2.9616666666666664,5.186081694402421,41.341906202723145,669,67,13.655190226610316,107,5.29803328290469,53
50,0.7578,-519.2461538461539,2.5941666666666667,4.463703703703704,40.44888888888889,671,75,9.346667782429922,107,4.6251851851851855,515
51,0.7536,-528.0307692307692,2.515,4.303834808259587,40.16961651917404,680,75,14.304937260093757,108,4.430678466076696,147
52,0.7494,-624.0153846153845,3.203333333333333,5.1348773841961854,41.463215258855584,728,70,13.067439312945167,108,5.306539509536785,587
53,0.7453,-576.3538461538461,2.9908333333333332,5.215976331360947,41.34171597633136,669,69,11.00303786088326,108,5.377218934911243,164
54,0.7411,-624.6153846153845,3.1575,5.269452449567724,41.40057636887608,690,69,18.975557167272907,108,5.409221902017291,443
55,0.737,-612.9076923076923,2.99,5.189473684210526,40.95037593984962,670,68,13.069994779913678,108,5.356390977443609,74
56,0.733,-675.0615384615385,3.1141666666666667,5.699059561128527,41.68181818181818,624,65,12.445590591657826,110,5.862068965517241,245
57,0.7289,-624.6,3.1025,5.411061285500748,41.80269058295964,670,70,16.945604692876238,110,5.566517189835576,667
58,0.7249,-653.8615384615385,3.0341666666666667,5.241531664212077,41.14727540500736,683,64,12.846394701651791,110,5.377025036818852,760
59,0.7209,-532.7846153846153,2.7125,4.637026239067056,40.82507288629738,677,75,8.022276772082956,110,4.791545189504373,627
60,0.7169,-501.46153846153845,2.7875,4.573065902578796,40.825214899713465,701,78,9.176477097254097,110,4.716332378223496,589
61,0.7129,-595.9846153846154,2.875,4.988077496274218,40.81818181818182,658,66,9.861212433960006,110,5.105812220566319,887
62,0.709,-597.8923076923078,2.8108333333333335,5.068006182380216,40.744976816074185,637,65,15.16827204079369,111,5.202472952086553,646
63,0.705,-621.1846153846154,2.8641666666666667,5.129429892141757,41.22496147919877,640,65,13.879556071462021,111,5.295839753466872,314
64,0.7011,-478.723076923077,2.5825,4.7365079365079366,40.26031746031746,631,71,12.174996591430867,111,4.847860538827258,105
65,0.6973,-658.2461538461539,3.395,5.773913043478261,42.256521739130434,684,72,10.423213882527453,111,5.918840579710145,344
66,0.6934,-447.476923076923,2.5725,4.420029895366218,40.33482810164425,668,74,6.845539650375497,111,4.533632286995516,199
67,0.6896,-517.876923076923,2.6391666666666667,4.548632218844984,40.648936170212764,665,71,10.097482264163098,111,4.7097264437689965,253
68,0.6858,-629.0923076923077,3.3233333333333333,5.49929873772791,42.14866760168303,708,75,12.490103063949324,111,5.6563814866760165,49
69,0.682,-534.4461538461538,2.8991666666666664,4.713483146067416,40.67275280898876,709,72,9.236129932484685,111,4.900280898876405,836
70,0.6782,-554.6307692307693,2.525,4.552959501557632,40.50311526479751,648,74,10.068074190588925,111,4.693146417445483,106
71,0.6744,-444.6461538461539,2.3508333333333336,4.214285714285714,39.85258358662614,651,75,9.472178400497784,111,4.340425531914893,329
72,0.6707,-605.9384615384615,2.9066666666666667,5.266871165644171,41.059815950920246,657,69,11.82847824061706,111,5.392638036809816,417
73,0.667,-647.2,2.8633333333333333,5.143518518518518,40.666666666666664,642,60,12.166470894008766,111,5.285493827160494,98
74,0.6633,-521.3538461538462,2.591666666666667,4.53857791225416,39.83661119515885,668,71,8.759249545035187,111,4.662632375189108,774
75,0.6596,-561.0769230769231,2.795,5.019969278033794,40.52227342549923,654,67,14.7988777681029,111,5.159509202453988,716
76,0.656,-488.3538461538462,2.4325,4.231343283582089,40.167164179104475,667,71,10.538789261265947,111,4.385074626865672,813
77,0.6524,-532.6307692307691,2.795,4.729257641921397,41.01892285298399,686,73,9.415888947621065,111,4.899563318777292,8
78,0.6487,-592.4769230769232,2.795,4.812591508052709,40.32064421669107,680,66,10.260659673317829,111,4.963396778916545,867
79,0.6452,-576.4307692307692,2.8808333333333334,4.9229651162790695,41.42587209302326,686,75,15.458209401071665,111,5.056686046511628,354
80,0.6416,-489.5230769230769,2.6033333333333335,4.57593984962406,40.622556390977444,663,70,12.105299885718726,111,4.707207207207207,388
81,0.638,-574.8923076923077,2.7958333333333334,4.968085106382978,41.16261398176292,658,73,10.139769570912074,111,5.09726443768997,789
82,0.6345,-471.18461538461537,2.575833333333333,4.519142419601837,40.28483920367535,659,70,9.44651155872115,112,4.6508422664624804,708
83,0.631,-519.6769230769231,2.629166666666667,4.36441893830703,40.36298421807747,700,74,10.150149520080216,112,4.489239598278336,601
84,0.6275,-431.04615384615386,2.4516666666666667,4.3144560357675115,40.168405365126674,667,74,11.427543174620492,112,4.44113263785395,220
85,0.624,-534.5230769230769,2.7616666666666667,5.121835443037975,41.09177215189873,623,70,9.213472269401754,112,5.32120253164557,384
86,0.6206,-486.7076923076923,2.6458333333333335,4.914012738853503,40.62579617834395,629,69,11.726958935805524,112,5.044585987261146,325
87,0.6171,-495.95384615384614,2.5775,4.4188790560471976,40.14306784660767,672,72,14.602053150886793,112,4.570796460176991,350
88,0.6137,-496.40000000000003,2.495833333333333,4.322388059701493,40.06417910447761,674,73,11.099623268118494,112,4.446268656716418,604
89,0.6103,-630.1538461538461,2.7275,4.721884498480243,40.20820668693009,659,66,14.808948995972811,112,4.869300911854103,206
90,0.607,-568.2,3.035833333333333,5.0692090395480225,41.24576271186441,707,70,16.433953971928773,112,5.244350282485875,560
91,0.6036,-491.5076923076924,2.7383333333333333,4.6436950146627565,40.598240469208214,688,76,6.333479565735333,112,4.780058651026393,270
92,0.6003,-527.8923076923077,2.855,4.971768202080238,41.30163447251115,666,70,10.92090325798431,112,5.117384843982169,251
93,0.5969,-506.03076923076924,2.7675,4.742732558139535,40.934593023255815,686,73,10.63704154181513,112,4.875,703
94,0.5936,-551.7384615384616,2.8783333333333334,5.1664122137404584,41.39847328244275,645,71,10.393816575548305,112,5.32824427480916,603
95,0.5904,-511.8307692307692,2.6033333333333335,4.4895209580838324,40.39221556886228,670,71,12.4456423927573,112,4.688622754491018,395
96,0.5871,-688.1076923076923,3.2583333333333333,5.818873668188736,42.10045662100457,662,70,21.381040136819717,112,5.948249619482496,89
97,0.5838,-512.1076923076923,2.6891666666666665,4.57910447761194,40.311940298507466,681,70,10.253735230012161,112,4.782089552238806,854
98,0.5806,-521.2615384615385,2.6766666666666667,4.556521739130435,40.26086956521739,686,68,7.5451898145291105,112,4.695652173913044,94
99,0.5774,-498.89230769230767,2.6241666666666665,4.247579529737206,39.93222683264177,717,73,9.814472850954845,112,4.391424619640388,100
100,0.5742,-508.16923076923075,2.3033333333333332,4.051750380517504,39.36986301369863,656,71,16.091264523351953,112,4.17351598173516,126
101,0.571,-554.4615384615385,2.7391666666666667,4.589337175792507,40.544668587896254,684,68,10.446837007515818,112,4.750720461095101,69
102,0.5679,-561.3846153846154,2.71,4.534918276374443,40.52005943536404,688,69,9.572735727209889,112,4.6943620178041545,13
103,0.5647,-693.8923076923077,2.8766666666666665,5.006024096385542,40.93222891566265,662,71,12.41214736900065,112,5.158132530120482,623
104,0.5616,-500.96923076923076,2.5816666666666666,4.229901269393512,39.82228490832158,705,71,6.761083752484538,112,4.3765867418899855,853
105,0.5585,-571.1538461538462,2.8991666666666664,5.1694656488549615,41.50381679389313,662,71,13.026946714158004,113,5.320610687022901,26
106,0.5554,-499.1384615384615,2.5166666666666666,4.504587155963303,40.31498470948012,658,74,10.617604605341286,113,4.631498470948012,792
107,0.5523,-431.20000000000005,2.1641666666666666,3.945141065830721,39.55329153605015,648,66,15.79674805183798,113,4.059561128526646,19
108,0.5493,-467.63076923076926,2.2283333333333335,4.118971061093248,39.549839228295816,623,70,10.161137755086106,113,4.255627009646302,297
109,0.5462,-439.2615384615385,2.3383333333333334,4.153488372093023,39.81705426356589,645,76,9.758905911650928,113,4.289922480620155,70
110,0.5432,-485.4307692307692,2.4683333333333333,4.374622356495468,39.972809667673715,663,67,14.198326890592345,113,4.507552870090635,814
111,0.5402,-453.04615384615386,2.3525,4.279106858054226,39.68421052631579,628,67,15.66751442160028,113,4.430622009569378,25
112,0.5372,-467.61538461538464,2.5541666666666667,4.412371134020619,40.1060382916053,676,76,5.539656962110557,113,4.580265095729013,595
113,0.5343,-434.15384615384613,2.160833333333333,3.9827586206896552,39.942006269592476,636,78,6.533723256614742,113,4.109717868338558,291
114,0.5313,-475.5692307692308,2.5725,4.557575757575758,40.45909090909091,653,69,12.191595744815135,113,4.701515151515151,718
115,0.5284,-526.6461538461539,2.716666666666667,4.788753799392097,40.95896656534954,661,76,6.41109797170272,113,4.911854103343465,376
116,0.5254,-482.1692307692307,2.566666666666667,4.353284671532847,39.82627737226277,676,77,7.469600708059899,113,4.505109489051095,198
117,0.5225,-523.2615384615385,2.6441666666666666,4.288515406162465,39.75070028011204,710,69,15.467268912993484,113,4.456582633053221,281
118,0.5196,-467.0153846153846,2.45,4.32824427480916,40.23053435114504,658,76,5.649327899313875,113,4.442748091603053,827
119,0.5168,-389.95384615384614,2.2883333333333336,4.147335423197492,40.043887147335425,644,74,10.149597095430254,114,4.294670846394984,201
120,0.5139,-462.5692307692308,2.4925,4.558359621451104,40.064668769716086,627,72,9.023214802055953,114,4.697160883280757,162
121,0.5111,-445.8769230769231,2.4091666666666667,4.2541106128550075,40.059790732436475,667,73,14.224063046367863,114,4.394618834080718,513
122,0.5082,-464.46153846153845,2.3625,4.067547723935389,39.98384728340675,678,75,6.139680200649635,114,4.192364170337739,189
123,0.5054,-460.4769230769231,2.3008333333333333,4.055469953775039,39.74576271186441,647,72,9.354911105131466,114,4.217257318952234,447
124,0.5026,-411.78461538461534,1.8708333333333333,3.2980332829046897,38.42965204236006,663,71,9.93355629236772,114,3.417549167927383,870
125,0.4998,-437.04615384615386,2.236666666666667,4.05564142194745,39.22874806800618,642,67,14.686525774512,114,4.16820987654321,112
126,0.4971,-437.04615384615386,2.305833333333333,4.0375375375375375,39.88288288288288,670,73,9.48670857572979,114,4.186186186186186,692
127,0.4943,-438.75384615384615,2.3691666666666666,3.939970717423133,40.099560761347,701,76,5.647903195614238,114,4.073206442166911,54
128,0.4916,-443.4769230769231,2.425,4.224550898203593,40.14820359281437,672,73,7.471026874650423,114,4.32185628742515,605
129,0.4889,-445.4000000000001,2.3558333333333334,4.070149253731343,39.43134328358209,666,73,17.0205141574089,114,4.2432835820895525,121
130,0.4862,-402.86153846153843,2.2608333333333333,4.073208722741433,39.65576323987539,646,74,7.846480041504226,114,4.2274143302180685,804
131,0.4835,-438.7692307692307,2.1866666666666665,3.777947932618683,39.18836140888208,647,71,7.954417020126483,114,3.9050535987748853,387
132,0.4808,-452.5076923076923,2.3325,4.2213622291021675,40.030959752321984,659,70,9.343033903606166,115,4.3730650154798765,194
133,0.4781,-479.6615384615385,2.3133333333333335,3.863768115942029,39.142028985507245,686,73,12.239148645107685,115,4.0028985507246375,56
134,0.4755,-557.3846153846154,2.6283333333333334,4.604863221884498,40.066869300911854,659,68,7.501753970635542,115,4.7522796352583585,238
135,0.4729,-481.3384615384616,2.395,3.9619181946403383,39.85049365303244,713,71,8.786129533148248,116,4.128349788434415,23
136,0.4703,-432.0923076923077,2.2158333333333333,4.031347962382445,39.53605015673981,640,69,9.046166130876285,116,4.158307210031348,680
137,0.4677,-483.03076923076924,2.6633333333333336,4.667166416791604,40.280359820089956,662,68,8.938960931354558,116,4.818590704647677,649
138,0.4651,-476.96923076923076,2.5716666666666668,4.397058823529412,40.3014705882353,689,70,4.528590627237684,116,4.5397058823529415,808
139,0.4625,-468.99999999999994,2.5191666666666666,4.459909228441755,40.167927382753405,653,73,8.761840182841276,116,4.591527987897125,181
140,0.4599,-441.04615384615386,2.3808333333333334,3.915714285714286,39.33714285714286,689,73,9.244571607573455,116,4.055634807417975,576
141,0.4574,-518.1384615384616,2.65,4.506588579795022,40.10688140556369,682,67,6.719461406756394,116,4.669106881405564,357
142,0.4549,-461.1076923076923,2.1466666666666665,3.859567901234568,39.199074074074076,646,73,11.038243777684901,116,3.989214175654854,374
143,0.4523,-414.2,2.2808333333333333,3.9969924812030073,39.65413533834587,667,75,13.348735475180241,116,4.118796992481203,495
144,0.4498,-514.7384615384615,2.6033333333333335,4.283898305084746,40.00706214689266,701,71,8.183833964549937,116,4.468926553672317,486
145,0.4474,-477.53846153846155,2.5708333333333333,4.391432791728213,40.09896602658789,680,71,7.084602899905419,116,4.573116691285081,353
146,0.4449,-485.78461538461545,2.5258333333333334,4.409158050221566,40.00443131462334,676,71,6.900831786276001,116,4.540620384047267,852
147,0.4424,-438.9846153846154,2.2816666666666667,3.915304606240713,39.405646359583955,685,71,10.590472703595188,116,4.092124814264487,334
148,0.44,-506.6615384615385,2.658333333333333,4.606875934230194,40.4813153961136,670,69,11.97813626628286,116,4.750373692077728,657
149,0.4375,-368.3538461538462,2.085,3.5892857142857144,38.873511904761905,663,76,7.625710195446386,116,3.7217261904761907,234
150,0.4351,-388.6615384615385,2.255,3.8857566765578637,39.83679525222552,678,78,6.073017215187186,116,4.059347181008902,628
151,0.4327,-414.4307692307692,2.1883333333333335,3.953917050691244,39.48079877112135,651,73,6.84992753635648,116,4.078341013824885,142
152,0.4303,-396.3384615384615,2.026666666666667,3.5155555555555558,38.96,671,72,8.06006048967169,116,3.665185185185185,731
153,0.4279,-471.12307692307695,2.4941666666666666,4.349544072948328,40.27203647416413,670,72,12.95661384840775,116,4.501519756838905,111
154,0.4256,-488.78461538461534,2.5458333333333334,4.368107302533532,39.989567809239944,671,70,7.223938279147988,116,4.518628912071535,150
155,0.4232,-459.53846153846155,2.2241666666666666,3.91981845688351,39.662632375189105,672,77,5.502942205741002,116,4.037821482602118,103
156,0.4209,-435.0,2.1141666666666667,3.7908396946564884,39.667175572519085,662,77,7.560820752121857,116,3.929770992366412,886
157,0.4185,-435.44615384615383,2.1658333333333335,3.988906497622821,39.07765451664025,635,71,9.078620924112066,116,4.091917591125198,382
158,0.4162,-453.87692307692305,2.255,3.7651296829971184,39.476945244956774,700,73,5.193412410429971,116,3.914985590778098,93
159,0.4139,-481.4923076923077,2.5541666666666667,4.42330383480826,39.94690265486726,677,67,15.355659307361375,116,4.566371681415929,138
160,0.4116,-412.0615384615385,2.3183333333333334,3.882778581765557,39.64399421128799,704,77,9.875027408822552,116,4.076700434153401,77
161,0.4094,-451.2461538461539,2.3841666666666668,4.372456964006259,40.08607198748044,635,73,8.985886704821484,116,4.516431924882629,701
162,0.4071,-402.276923076923,2.12,3.7830045523520486,39.60546282245827,667,73,10.494649264362318,116,3.9393019726858878,173
163,0.4048,-485.8153846153846,2.6558333333333333,4.2594142259414225,40.87866108786611,706,76,4.606086236869827,116,4.429567642956764,45
164,0.4026,-423.0,2.2416666666666667,3.973926380368098,39.872699386503065,656,76,7.823845943961833,116,4.090490797546012,891
165,0.4004,-425.0153846153846,2.1491666666666664,3.9393468118195956,39.21306376360809,647,72,8.506962365770278,116,4.07153965785381,738
166,0.3982,-484.6,2.265833333333333,3.9805097451274363,39.57571214392804,671,67,8.673110418379627,116,4.151424287856072,346
167,0.396,-417.87692307692305,2.2108333333333334,4.154213036565978,39.35930047694754,618,69,8.469231904509638,116,4.292527821939586,212
168,0.3938,-494.6,2.4716666666666667,4.216216216216216,39.573573573573576,672,68,13.606620144059894,116,4.312312312312312,292
169,0.3916,-521.1692307692308,2.2741666666666664,3.901639344262295,39.1371087928465,676,66,7.062151083819774,116,4.044642857142857,153
170,0.3894,-452.95384615384614,2.4366666666666665,4.444094488188976,39.83149606299212,627,71,5.055664570792741,116,4.595275590551181,264
171,0.3873,-529.0615384615385,2.441666666666667,4.3419452887537995,39.265957446808514,647,63,12.525431562654303,116,4.475683890577508,590
172,0.3851,-447.4923076923077,2.3466666666666667,4.179604261796043,39.820395738203956,654,71,6.452117624474988,116,4.318112633181126,337
173,0.383,-475.95384615384614,2.275,3.949404761904762,38.94047619047619,674,65,8.358233216822692,116,4.107142857142857,888
174,0.3809,-452.38461538461536,2.1791666666666667,4.003139717425432,39.49607535321821,634,68,5.381062714386277,116,4.142857142857143,721
175,0.3788,-415.0769230769231,2.315,4.175925925925926,39.45061728395062,635,70,7.530379303194701,116,4.325617283950617,389
176,0.3767,-387.1538461538462,2.0391666666666666,3.585949177877429,38.86248131539612,671,69,7.390051350762341,116,3.7533632286995515,893
177,0.3746,-477.03076923076924,2.5325,4.336810730253354,39.8628912071535,665,67,6.539280889307427,116,4.496274217585693,514
178,0.3725,-430.9846153846154,2.1333333333333333,3.8089368258859784,38.95993836671803,652,67,6.182698056400323,116,3.936923076923077,647
179,0.3705,-426.6,2.2525,4.004518072289157,39.73192771084337,657,73,5.567305995383585,116,4.146084337349397,195
180,0.3684,-345.26153846153846,1.9475,3.452054794520548,38.660578386605785,662,73,6.0837938855577525,116,3.619482496194825,28
181,0.3664,-454.3230769230769,2.5741666666666667,4.5142002989536625,40.59043348281016,669,73,6.389866864127533,116,4.656203288490284,284
182,0.3643,-385.30769230769226,2.2183333333333333,3.8328313253012047,39.55572289156626,672,76,4.665016850900665,116,3.9593373493975905,783
183,0.3623,-409.10769230769233,2.2108333333333334,3.886018237082067,39.83130699088146,662,73,3.1986636253712217,116,4.015197568389058,418
184,0.3603,-470.5846153846154,2.49,4.256676557863502,39.53560830860534,677,65,4.391538352837452,116,4.403560830860534,358
185,0.3583,-444.86153846153843,2.3208333333333333,4.022123893805309,39.766961651917406,669,76,6.885058824895568,116,4.160766961651918,583
186,0.3563,-378.1384615384615,2.15,3.887323943661972,39.7339593114241,648,76,4.295280517761997,116,4.0328125,857
187,0.3544,-411.8461538461538,2.18,3.7294117647058824,38.970588235294116,672,69,11.028926845363873,117,3.8558823529411765,445
188,0.3524,-409.9846153846154,2.2866666666666666,3.832611832611833,39.5988455988456,699,71,7.977208568346563,117,3.987012987012987,208
189,0.3505,-432.75384615384615,2.3158333333333334,4.00148588410104,39.25705794947994,672,69,6.330303019032464,117,4.172362555720654,884
190,0.3485,-416.12307692307695,2.345,4.163884673748103,39.55538694992413,654,75,5.227318833491515,117,4.3019726858877085,521
191,0.3466,-403.32307692307694,2.2525,3.967391304347826,39.84627329192546,652,75,6.950290043131805,117,4.09472049689441,296
192,0.3447,-423.96923076923076,2.1616666666666666,3.8363914373088686,39.25993883792049,652,69,13.273790504876223,117,3.958715596330275,303
193,0.3428,-389.4153846153846,2.04,3.8494271685761046,39.10965630114566,613,71,11.596836438187708,117,4.011437908496732,12
194,0.3409,-417.0923076923077,2.185,3.921417565485362,39.676425269645605,654,73,7.7466132087613175,117,4.035439137134053,99
195,0.339,-460.7538461538461,2.3875,4.113122171945701,39.35595776772247,666,68,7.466252761454448,117,4.260935143288084,550
196,0.3371,-410.9076923076923,2.2666666666666666,3.903030303030303,39.00454545454546,651,75,5.629450795968807,117,4.027272727272727,518
197,0.3352,-450.5846153846154,2.3325,3.8601997146932954,39.30527817403709,703,73,10.799192089861645,117,3.992867332382311,438
198,0.3334,-438.44615384615383,2.4783333333333335,4.137980085348507,39.70981507823613,695,74,10.01402334269365,117,4.310099573257468,158
199,0.3315,-382.0153846153846,2.1041666666666665,3.663204747774481,38.952522255192875,668,73,4.08640616634761,117,3.8427299703264093,606
200,0.3297,-502.4153846153846,2.52,4.419161676646707,40.044910179640716,668,69,9.990753339737717,117,4.5553892215568865,634
201,0.3279,-423.6769230769231,2.2325,4.048136645962733,39.27795031055901,633,74,4.074613887033435,117,4.184782608695652,63
202,0.3261,-387.95384615384614,2.0316666666666667,3.6748091603053434,39.04732824427481,649,73,9.370438773776629,117,3.816793893129771,359
203,0.3243,-425.5692307692308,2.26,3.8757396449704142,38.967455621301774,671,72,5.955079688687247,117,4.029585798816568,274
204,0.3225,-365.5230769230769,1.9875,3.473444613050076,38.952959028831565,659,77,8.062232017645492,117,3.6039453717754175,817
205,0.3207,-412.2461538461538,2.3741666666666665,3.973568281938326,39.90748898678414,683,78,8.541080886003437,117,4.086637298091042,662
206,0.3189,-395.8307692307693,2.3033333333333332,3.9065693430656934,39.604379562043796,682,77,5.638614574397314,117,4.058309037900875,729
207,0.3172,-409.8307692307692,2.214166666666667,3.9192825112107625,39.69357249626308,679,78,5.662493079694765,117,4.031390134529148,669
208,0.3154,-396.12307692307695,2.1525,4.015898251192369,39.2845786963434,631,70,5.214408927722535,117,4.170111287758346,221
209,0.3137,-356.83076923076925,2.0675,3.512408759124088,38.745985401459855,679,72,13.294805115485978,118,3.694890510948905,724
210,0.3119,-414.44615384615383,2.1125,3.550147492625369,38.94985250737463,687,71,5.286147485541637,118,3.7094395280235988,566
211,0.3102,-473.26153846153846,2.3208333333333333,4.014970059880239,39.42964071856287,673,65,12.621286277491198,118,4.187125748502994,140
212,0.3085,-393.5692307692308,2.155,3.8219178082191783,39.6544901065449,661,78,3.7767306519291948,118,3.952887537993921,165
213,0.3068,-392.2615384615384,2.1441666666666666,3.7613293051359515,39.561933534743204,659,75,5.695103429262147,118,3.9064856711915534,117
214,0.3051,-462.66153846153844,2.4466666666666668,4.089985486211901,40.0899854862119,700,73,5.454062558984753,118,4.25544267053701,594
215,0.3034,-416.38461538461536,1.9991666666666668,3.578783151326053,38.881435257410295,641,68,6.2477152581241535,118,3.691588785046729,889
216,0.3017,-399.61538461538464,2.1591666666666667,3.9936507936507937,39.25714285714286,630,71,4.083447187591926,118,4.126984126984127,422
217,0.3,-420.18461538461537,2.3675,3.975182481751825,40.10656934306569,687,77,2.8933211477819607,118,4.125547445255474,222
218,0.2984,-433.1846153846154,2.295,3.9434250764525993,39.66360856269113,660,70,12.78261241109505,121,4.099236641221374,5
219,0.2967,-428.21538461538455,2.3508333333333336,3.8951149425287355,39.46551724137931,693,68,8.63702455144159,121,4.040229885057471,136
220,0.2951,-381.16923076923075,2.055833333333333,3.6993865030674846,39.394171779141104,659,69,4.035635749663856,121,3.8634969325153374,633
221,0.2935,-419.96923076923076,2.25,3.7610619469026547,39.240412979351035,679,71,6.517829058155456,121,3.9233038348082596,318
222,0.2918,-425.6769230769231,2.2258333333333336,3.7701317715959006,39.543191800878475,687,72,8.88347037101607,121,3.9282576866764276,326
223,0.2902,-346.67692307692306,2.0108333333333333,3.66875,38.93125,631,76,2.8807683189774624,121,3.834375,786
224,0.2886,-424.5076923076923,2.19,3.7708333333333335,39.436011904761905,683,71,9.502551506044798,121,3.9345238095238093,290
225,0.287,-424.0769230769231,2.1016666666666666,3.7537764350453173,39.16465256797583,660,69,6.0579936684449684,121,3.892749244712991,734
226,0.2854,-460.6769230769231,2.325,4.12937595129376,39.58295281582953,656,69,9.98963089279449,121,4.280060882800609,834
227,0.2838,-448.67692307692306,2.4191666666666665,4.179148311306902,39.83553597650514,674,74,6.906274813349922,121,4.3392070484581495,261
228,0.2823,-428.5692307692308,2.0375,3.683881064162754,38.40532081377152,633,62,7.8347582622225795,121,3.8059467918622847,707
229,0.2807,-374.2615384615384,2.1216666666666666,3.786363636363636,39.515151515151516,655,76,4.740169161429782,121,3.918305597579425,484
230,0.2792,-495.3538461538461,2.5183333333333335,4.3215859030837,39.99265785609398,669,69,4.580558954655767,121,4.469897209985316,186
231,0.2776,-380.0,2.1333333333333333,3.6979166666666665,39.120535714285715,661,77,4.272464118098997,121,3.8348214285714284,356
232,0.2761,-442.2307692307693,2.316666666666667,4.001488095238095,39.561011904761905,677,73,10.290278625987991,121,4.168154761904762,876
233,0.2746,-446.9846153846154,2.308333333333333,4.131578947368421,39.59907120743034,645,69,7.952158303504142,121,4.286377708978328,160
234,0.273,-399.4307692307692,2.2183333333333333,3.7991202346041058,39.53372434017595,681,75,4.462562649996097,121,3.9208211143695015,269
235,0.2715,-376.5846153846154,2.216666666666667,3.8573551263001487,39.21545319465082,660,75,7.440378133427458,121,4.001483679525222,123
236,0.27,-346.38461538461536,1.9741666666666666,3.495398773006135,38.77300613496933,657,75,5.939035253022051,121,3.6549079754601226,454
237,0.2685,-331.7230769230769,1.9,3.3246554364471668,38.62480857580398,655,72,4.397685706642359,121,3.5160796324655434,533
238,0.267,-406.1692307692308,2.2325,3.7947214076246336,39.34310850439883,682,76,5.542153875176474,121,3.9193548387096775,644
239,0.2656,-436.5076923076923,2.3333333333333335,3.9004524886877827,39.515837104072396,662,68,6.420556567879771,121,4.051282051282051,538
240,0.2641,-448.0769230769231,2.2983333333333333,4.03003003003003,39.38288288288288,664,68,6.370544612799883,121,4.175675675675675,754
241,0.2626,-430.0153846153846,2.1708333333333334,3.8839009287925697,39.0061919504644,634,69,7.892155791988343,122,4.013931888544891,740
242,0.2612,-453.8461538461538,2.470833333333333,4.160404624277457,39.65895953757225,693,73,4.953841503793568,122,4.32514450867052,519
243,0.2597,-413.1692307692308,2.3091666666666666,4.046337817638266,39.75784753363229,671,73,10.090673001859445,122,4.174887892376682,691
244,0.2583,-395.4153846153846,2.2558333333333334,3.7976710334788937,39.54439592430859,689,76,5.294539750053832,122,3.9636627906976742,839
245,0.2569,-368.6461538461539,2.185,3.8220211161387634,39.25339366515837,656,77,6.7491132255024455,122,3.966817496229261,654
246,0.2555,-399.5846153846154,2.3866666666666667,4.10207100591716,39.968934911242606,676,74,5.4274063296181065,122,4.254437869822485,401
247,0.254,-376.3692307692308,2.0141666666666667,3.6439628482972135,39.03405572755418,651,73,8.567641255244721,122,3.7805255023183926,68
248,0.2526,-477.8615384615385,2.595833333333333,4.388969521044992,40.126269956458636,678,69,7.211475553459603,122,4.5355587808418,758
249,0.2512,-436.6307692307692,2.5566666666666666,4.258790436005626,40.50492264416315,707,76,4.892527206449507,122,4.40084388185654,602
250,0.2498,-383.09230769230766,2.265,4.097946287519747,39.50078988941548,634,77,5.622444956579216,122,4.257503949447077,865
251,0.2485,-433.7230769230769,2.401666666666667,4.229508196721311,39.97764530551416,658,70,3.9176967959995226,122,4.365126676602086,277
252,0.2471,-395.6769230769231,2.15,3.8445121951219514,39.26829268292683,660,73,3.4589422152925335,122,3.964939024390244,321
253,0.2457,-401.1538461538462,2.174166666666667,3.583208395802099,38.94902548725637,667,74,6.571842635027311,122,3.715142428785607,386
254,0.2444,-441.38461538461536,2.285833333333333,3.9317507418397626,39.86053412462908,685,71,7.073984755641365,122,4.096439169139466,273
255,0.243,-383.6923076923077,2.1725,3.706896551724138,39.53735632183908,689,77,4.067269261088222,122,3.8333333333333335,660
256,0.2417,-411.18461538461537,2.1783333333333332,3.6842105263157894,38.9312865497076,686,71,6.0035953810797915,122,3.809941520467836,522
257,0.2403,-384.29230769230776,2.0708333333333333,3.6423135464231353,39.36073059360731,666,73,3.5968193940209403,122,3.792998477929985,161
258,0.239,-392.6923076923077,1.9283333333333332,3.4852255054432346,38.56143079315708,639,67,8.581725043246385,122,3.631415241057543,58
259,0.2377,-418.9846153846154,2.1508333333333334,3.8261538461538462,39.22923076923077,655,71,5.982653900918433,122,3.9553846153846153,579
260,0.2364,-383.95384615384614,2.0366666666666666,3.5763993948562782,39.19969742813918,660,70,4.315074853201014,122,3.7382753403933435,509
261,0.2351,-392.03076923076924,2.2091666666666665,3.8608169440242057,39.296520423600604,672,74,5.376293865111613,122,3.9757942511346447,163
262,0.2338,-400.7230769230769,1.9958333333333333,3.587596899224806,38.91162790697675,637,73,5.592389587489076,122,3.727131782945736,64
263,0.2325,-361.4769230769231,1.9725,3.6377952755905514,38.91653543307087,631,72,8.309247080713448,122,3.7716535433070866,575
264,0.2312,-436.9230769230769,2.1591666666666667,3.8493150684931505,39.16590563165906,656,67,7.937281831449293,122,3.9908814589665655,471
265,0.2299,-402.2,1.9875,3.4527439024390243,38.332317073170735,645,69,5.97609760417608,122,3.5929878048780486,168
266,0.2286,-366.21538461538466,1.9841666666666666,3.6529968454258674,38.87854889589905,626,74,3.1496304470840575,122,3.7858267716535434,807
267,0.2274,-335.0153846153846,1.7441666666666666,3.213375796178344,38.02707006369427,618,72,5.950582821124171,122,3.361464968152866,109
268,0.2261,-378.09230769230766,1.9225,3.289705882352941,38.27794117647059,670,72,10.990516893623688,122,3.4441176470588237,41
269,0.2249,-428.2615384615384,2.2591666666666668,3.99075500770416,39.761171032357474,657,71,9.307802096675585,122,4.132511556240369,776
270,0.2236,-430.4,2.215,3.601997146932953,38.93437945791726,704,74,5.0149260023771935,122,3.7746077032810272,416
271,0.2224,-377.1846153846154,2.111666666666667,3.587719298245614,39.19444444444444,681,73,15.307236381318026,122,3.7309941520467835,683
272,0.2211,-371.96923076923076,1.9691666666666667,3.4375963020030817,38.59476117103236,649,72,4.676070730405871,122,3.5454545454545454,101
273,0.2199,-382.13846153846157,2.0591666666666666,3.6794478527607364,38.97852760736196,647,71,2.641241286296362,122,3.835889570552147,508
274,0.2187,-418.63076923076926,2.2666666666666666,3.98796992481203,39.49172932330827,658,72,5.129639103071862,122,4.136842105263158,120
275,0.2175,-357.5076923076923,2.078333333333333,3.676470588235294,39.0108359133127,652,74,4.197507645440784,122,3.831269349845201,892
276,0.2163,-397.44615384615383,2.341666666666667,3.9926470588235294,39.536764705882355,681,74,2.947197125953678,122,4.1629955947136565,459
277,0.2151,-383.20000000000005,1.9466666666666668,3.5441860465116277,38.967441860465115,644,74,4.392242642858283,122,3.675968992248062,480
278,0.2139,-355.12307692307695,2.0016666666666665,3.4178885630498534,38.77272727272727,677,75,4.531116064234784,122,3.5718475073313782,475
279,0.2127,-372.2153846153846,2.0533333333333332,3.5853293413173652,39.047904191616766,664,74,4.757481017904807,122,3.752994011976048,752
280,0.2115,-373.9384615384615,2.013333333333333,3.641185647425897,39.00468018720749,641,72,6.235325764692124,122,3.7893915756630263,448
281,0.2104,-374.4153846153846,2.1508333333333334,3.7282282282282284,39.687687687687685,672,76,4.572870384291978,122,3.8783783783783785,380
282,0.2092,-421.7538461538462,2.33,4.040178571428571,39.510416666666664,668,70,9.285913235280836,122,4.184523809523809,304
283,0.208,-415.96923076923076,2.3508333333333336,3.8816901408450706,39.44929577464789,705,73,4.23420325212952,122,4.038028169014084,477
284,0.2069,-377.7692307692308,1.955,3.5977917981072554,38.62145110410095,637,68,8.040446971715793,123,3.7539432176656153,640
285,0.2058,-385.75384615384615,2.1658333333333335,3.919753086419753,39.62191358024691,654,76,3.7559882625540344,123,4.061728395061729,821
286,0.2046,-331.7538461538461,1.985,3.4984756097560976,38.86585365853659,661,77,3.0801991666730393,123,3.6661585365853657,227
287,0.2035,-410.0,2.3275,3.8450502152080346,39.571018651362984,700,74,3.5167265737169964,123,3.987087517934003,873
288,0.2024,-366.3538461538462,1.9758333333333333,3.474732006125574,38.617151607963244,651,75,9.539119562446544,123,3.643185298621746,795
289,0.2012,-329.5846153846154,1.9866666666666666,3.4773413897280965,38.99546827794562,663,77,3.1004876795860383,123,3.6314199395770395,745
290,0.2001,-299.53846153846155,1.7591666666666668,3.1549079754601226,38.55521472392638,654,75,6.251193809359109,123,3.3220858895705523,439
291,0.199,-321.53846153846155,1.91,3.354449472096531,39.067873303167424,661,80,3.4968259846297602,123,3.4962292609351433,771
292,0.1979,-390.4,2.1566666666666667,3.787037037037037,39.28858024691358,654,74,5.0984720037901505,123,3.9598765432098766,597
293,0.1968,-352.4923076923077,2.1508333333333334,3.706140350877193,39.134502923976605,677,79,2.625928921363288,123,3.8333333333333335,610
294,0.1957,-368.723076923077,1.9308333333333334,3.3062130177514795,38.52958579881657,658,76,6.0283146400543295,123,3.440828402366864,119
295,0.1946,-334.89230769230767,2.0225,3.4808259587020647,39.58849557522124,690,79,2.3554938992705745,123,3.612094395280236,859
296,0.1936,-341.96923076923076,1.865,3.322834645669291,38.38582677165354,649,73,4.008709649908581,123,3.453543307086614,24
297,0.1925,-352.5230769230769,1.95,3.4794952681388014,39.07413249211356,652,71,2.3227129249094802,123,3.5977917981072554,544
298,0.1914,-371.5076923076923,2.151666666666667,3.769230769230769,39.38461538461539,666,72,5.9679442121602975,123,3.912518853695324,170
299,0.1904,-338.9076923076923,2.0166666666666666,3.347639484978541,38.7997138769671,703,77,4.50522000280375,123,3.479256080114449,278
300,0.1893,-384.78461538461534,2.225,3.772463768115942,39.178260869565214,680,81,6.718591784828938,123,3.8942028985507244,420
301,0.1883,-362.6769230769231,1.9616666666666667,3.4084720121028744,38.81996974281392,666,70,7.128822011412834,123,3.5794251134644477,15
302,0.1872,-363.70769230769224,2.1141666666666667,3.5078909612625537,39.02152080344333,694,75,3.761613415840619,123,3.659025787965616,678
303,0.1862,-373.6,2.0866666666666664,3.8167701863354035,39.49844720496895,641,73,9.128810276846355,123,3.959627329192547,517
304,0.1852,-357.95384615384614,1.9225,3.3734375,38.5,633,74,7.516226915293464,123,3.53125,92
305,0.1841,-342.7692307692308,1.9458333333333333,3.511591962905719,38.9984544049459,644,75,2.615585385246722,123,3.6630602782071096,55
306,0.1831,-349.95384615384614,1.9833333333333334,3.5598755832037323,38.87402799377916,645,72,3.6996652858269625,123,3.6936236391912907,343
307,0.1821,-390.5846153846154,2.1708333333333334,3.7415565345080766,39.53303964757709,682,73,3.2024031886238165,123,3.9118942731277535,118
308,0.1811,-425.3538461538462,2.4258333333333333,4.164444444444444,40.157037037037036,672,75,5.334434425691972,123,4.312592592592592,464
309,0.1801,-418.2153846153846,2.4875,4.198263386396527,40.60057887120116,690,77,2.8437555786268565,123,4.342981186685963,629
310,0.1791,-445.0923076923077,2.325833333333333,3.9177489177489178,39.53823953823954,697,74,3.565647678390733,123,4.06926406926407,145
311,0.1781,-418.50769230769237,2.265833333333333,3.859011627906977,39.45494186046512,688,75,14.387551018086846,124,4.004360465116279,666
312,0.1771,-373.2153846153846,2.183333333333333,3.890937019969278,39.49923195084485,648,75,3.2544441247038054,124,4.055299539170507,398
313,0.1762,-419.20000000000005,2.1616666666666666,3.7559880239520957,38.9685628742515,662,70,5.420166916046834,124,3.8907185628742513,596
314,0.1752,-373.87692307692305,2.0258333333333334,3.581818181818182,39.13484848484848,659,73,3.302728541933819,124,3.7155824508320725,449
315,0.1742,-376.9846153846154,2.1241666666666665,3.8618524332810047,38.70957613814757,639,68,3.78180079257551,124,4.034536891679749,246
316,0.1732,-363.0615384615384,1.7841666666666667,3.1755725190839694,38.149618320610685,652,68,4.14812285714614,124,3.3236641221374046,759
317,0.1723,-391.49230769230775,2.2025,4.006182380216384,39.310664605873264,638,70,8.52422984200283,124,4.160741885625966,80
318,0.1713,-393.3384615384615,2.0125,3.518181818181818,39.087878787878786,663,69,3.082001244421943,124,3.6575757575757577,582
319,0.1704,-397.55384615384617,1.97,3.52073732718894,38.423963133640555,653,65,7.763070229532937,124,3.6303680981595092,225
320,0.1694,-376.6923076923077,2.0833333333333335,3.644817073170732,38.99390243902439,645,71,3.5671923866474415,124,3.783536585365854,551
321,0.1685,-402.3230769230769,2.2841666666666667,3.7535211267605635,39.65915492957746,713,76,5.2540469357135136,124,3.87887323943662,391
322,0.1676,-357.63076923076926,1.9241666666666666,3.2157434402332363,38.457725947521865,686,69,4.528499853751005,124,3.361516034985423,20
323,0.1666,-360.1076923076923,2.1858333333333335,3.70203488372093,39.34593023255814,679,78,2.8476340232076542,124,3.8444767441860463,250
324,0.1657,-354.0615384615385,1.9016666666666666,3.301943198804185,38.82062780269058,671,73,6.408538284016547,124,3.43796711509716,35
325,0.1648,-375.723076923077,2.18,3.767511177347243,39.40983606557377,675,74,8.889519276346212,124,3.894187779433681,18
326,0.1639,-356.7230769230769,2.1016666666666666,3.766871165644172,39.33282208588957,652,73,7.6914819612709735,124,3.894333843797856,670
327,0.163,-339.6615384615385,2.109166666666667,3.5330459770114944,39.326149425287355,695,76,4.7818904813398575,124,3.6594827586206895,500
328,0.1621,-352.5230769230769,1.9775,3.443452380952381,39.20386904761905,671,78,2.8253808907099653,124,3.575892857142857,559
329,0.1612,-360.21538461538466,2.1166666666666667,3.869291338582677,39.0503937007874,628,73,3.6203337092699632,124,3.9921259842519685,205
330,0.1603,-402.1692307692308,2.2516666666666665,4.0,39.55589586523737,649,70,8.554054148054771,124,4.154434250764526,882
331,0.1594,-404.04615384615386,2.1216666666666666,3.8438948995363216,39.574961360123645,644,70,2.820810577086246,124,3.989180834621329,485
332,0.1585,-418.96923076923076,2.361666666666667,4.0500736377025035,39.34462444771723,678,68,11.140865134263006,124,4.2,506
333,0.1577,-322.75384615384615,1.8291666666666666,3.318818040435459,38.64385692068429,644,72,10.759474499238175,124,3.47900466562986,400
334,0.1568,-412.4923076923077,2.29,3.9198250728862973,39.67492711370262,686,72,5.222635956577916,124,4.078717201166181,735
335,0.1559,-365.0923076923077,1.9441666666666666,3.323922734026746,38.7741456166419,672,74,9.030917925624983,124,3.49777117384844,799
336,0.155,-385.0615384615385,2.1525,3.774436090225564,39.266165413533834,657,75,3.2753701911535846,124,3.9473684210526314,479
337,0.1542,-396.9076923076924,2.2825,3.7346368715083798,39.71927374301676,717,79,2.4680541448596816,124,3.85195530726257,403
338,0.1533,-337.7692307692308,1.9258333333333333,3.3514328808446456,38.790346907993964,662,76,6.846289190840714,124,3.5143288084464555,863
339,0.1525,-347.1384615384615,2.098333333333333,3.566860465116279,39.09011627906977,688,74,5.025491732673572,124,3.73546511627907,71
340,0.1516,-373.9230769230769,2.1475,3.587982832618026,39.11587982832618,702,74,3.6297604469330014,124,3.7138769670958514,310
341,0.1508,-339.12307692307695,1.8825,3.3813169984686064,38.422664624808576,647,75,3.0248516217346224,124,3.571209800918836,548
342,0.15,-324.84615384615387,1.88,3.2966867469879517,38.441265060240966,671,72,3.6501630551460154,124,3.4367469879518073,578
343,0.1491,-306.2769230769231,1.8683333333333334,3.271493212669683,38.82051282051282,661,79,5.214952604245568,124,3.41025641025641,412
344,0.1483,-357.3384615384616,2.1241666666666665,3.5329512893982806,38.74355300859599,689,71,12.079551157458633,124,3.689111747851003,840
345,0.1475,-362.1384615384615,2.06,3.6396946564885497,39.33129770992367,659,78,4.339865220045321,124,3.780152671755725,79
346,0.1467,-368.96923076923076,2.1025,3.5636896046852122,39.080527086383604,676,78,3.960213522094309,124,3.721815519765739,365
347,0.1459,-425.96923076923076,2.6066666666666665,4.242296918767507,40.27170868347339,718,75,9.613721730670123,124,4.396358543417367,569
348,0.1451,-377.3384615384615,2.17,3.6802325581395348,39.042151162790695,685,75,2.608403457966155,124,3.821220930232558,713
349,0.1443,-388.30769230769226,2.02,3.548238897396631,38.83460949464012,647,68,5.415998658121637,124,3.6819571865443423,85
350,0.1435,-388.9076923076923,2.2375,3.6836879432624112,39.53333333333333,712,74,3.158910978282838,124,3.849645390070922,534
351,0.1427,-401.3692307692308,2.1875,3.7663280116110305,39.335268505079824,693,75,8.20711501127181,124,3.93033381712627,626
352,0.1419,-376.0,2.1166666666666667,3.7157894736842105,39.015037593984964,663,73,3.2005736639826563,124,3.8947368421052633,166
353,0.1411,-367.95384615384614,2.0633333333333335,3.8351822503961963,39.08716323296355,632,70,11.46981262808768,124,3.971473851030111,494
354,0.1403,-350.5076923076923,1.9941666666666666,3.4118518518518517,38.580740740740744,666,72,5.679480103291736,124,3.568888888888889,482
355,0.1395,-354.8,1.9441666666666666,3.3803030303030304,39.06515151515151,678,70,3.6078227320905514,124,3.525757575757576,214
356,0.1388,-415.2615384615385,2.0883333333333334,3.729357798165138,39.099388379204896,659,71,4.673365380897233,124,3.845565749235474,635
357,0.138,-347.10769230769233,1.875,3.195876288659794,38.499263622974965,679,75,5.356936395020649,124,3.3132352941176473,367
358,0.1372,-328.04615384615386,2.005,3.6228748068006182,39.03245749613601,643,77,4.769094039021107,124,3.7975270479134466,812
359,0.1365,-353.9384615384615,1.8625,3.251497005988024,38.40419161676647,667,70,6.509234674948337,124,3.3892215568862274,122
360,0.1357,-347.70769230769235,2.0875,3.559941520467836,38.80409356725146,685,76,3.4973735412548317,124,3.6963503649635037,711
361,0.135,-369.13846153846157,2.145,3.511921458625526,39.011220196353435,708,76,2.4799505101759944,124,3.638148667601683,542
362,0.1342,-348.1538461538462,2.015833333333333,3.321688500727802,38.745269286754,679,77,2.0427126779388765,124,3.462882096069869,841
363,0.1335,-344.8307692307692,2.095833333333333,3.669172932330827,39.338345864661655,670,74,5.674991391763508,124,3.8168168168168166,545
364,0.1327,-367.6461538461539,1.9608333333333334,3.4072398190045248,38.321266968325794,660,68,4.176411279257833,124,3.5505279034690798,556
365,0.132,-322.0,1.8675,3.337442218798151,38.95993836671803,652,75,5.885107418954472,124,3.462249614791988,866
366,0.1313,-400.86153846153843,2.3333333333333335,3.9478260869565216,39.56956521739131,691,75,3.3387067220076663,124,4.107091172214182,305
367,0.1306,-325.46153846153845,1.7908333333333333,3.2666666666666666,38.903875968992246,647,80,3.5113952099726373,124,3.4046511627906977,871
368,0.1298,-321.89230769230767,1.9158333333333333,3.3492537313432837,38.78358208955224,680,82,4.156311722906409,124,3.4776119402985075,468
369,0.1291,-307.5692307692308,1.9125,3.322289156626506,38.88253012048193,659,83,2.319809835705917,124,3.447289156626506,732
370,0.1284,-309.3538461538461,2.0283333333333333,3.4941176470588236,39.38970588235294,680,81,3.8786887176708693,124,3.6191176470588236,671
371,0.1277,-368.36923076923074,2.145,3.5007052186177714,39.23131170662906,712,80,3.2322252579912267,124,3.6502115655853316,720
372,0.127,-360.8153846153846,2.138333333333333,3.634897360703812,39.38563049853372,686,80,2.235531117475943,124,3.7888563049853374,394
373,0.1263,-327.29230769230776,1.8025,3.171898355754858,38.54857997010463,669,77,2.6652919808193767,124,3.294469357249626,470
374,0.1256,-335.69230769230774,1.965,3.4556390977443607,38.75187969924812,654,76,3.353293033150521,124,3.569924812030075,505
375,0.1249,-331.21538461538466,1.9225,3.418070444104135,38.88667687595712,674,79,2.853679308493284,124,3.572741194486983,254
376,0.1242,-320.4153846153846,1.8925,3.4347826086956523,38.65217391304348,646,76,2.9519588717559038,124,3.587596899224806,96
377,0.1235,-337.0,1.8433333333333333,3.308641975308642,38.75,654,77,2.570976411187369,124,3.4382716049382718,527
378,0.1228,-352.676923076923,1.94,3.425757575757576,39.156060606060606,654,80,2.812862506789091,124,3.5416036308623298,127
379,0.1221,-307.78461538461545,1.7408333333333332,3.152542372881356,38.57010785824345,648,80,7.791423821489662,124,3.2989214175654853,432
380,0.1215,-320.7846153846154,1.9241666666666666,3.461658841940532,39.22691705790297,637,82,2.6913228910282343,124,3.6087636932707357,790
381,0.1208,-307.8153846153846,1.9291666666666667,3.409984871406959,39.20726172465961,663,84,3.5055607073045967,124,3.5498489425981874,696
382,0.1201,-319.6923076923077,1.8041666666666667,3.261755485893417,38.86206896551724,640,76,2.913677015815354,124,3.3824451410658307,481
383,0.1195,-358.9076923076923,2.118333333333333,3.5908419497784343,39.23190546528804,686,78,3.849720562114559,124,3.7104874446085674,421
384,0.1188,-314.3846153846154,1.8725,3.31437125748503,38.56287425149701,666,77,3.1027524105700985,124,3.4648729446935724,848
385,0.1181,-333.03076923076924,1.9108333333333334,3.3951367781155017,38.59574468085106,657,75,2.450677379653711,124,3.524316109422492,200
386,0.1175,-340.38461538461536,1.7866666666666666,3.2734375,38.390625,639,76,5.549736793122116,124,3.4015625,348
387,0.1168,-374.2153846153846,2.098333333333333,3.540263543191801,39.19033674963397,676,80,3.1757463596187057,124,3.724743777452416,788
388,0.1162,-365.87692307692305,2.1983333333333333,3.5659574468085107,39.14042553191489,710,80,6.020533284667672,124,3.729078014184397,702
389,0.1156,-311.95384615384614,1.7741666666666667,3.0638930163447253,38.33729569093611,673,75,2.4844441307317395,124,3.2169390787518575,802
390,0.1149,-324.55384615384617,2.0433333333333334,3.4340974212034383,38.919770773638966,699,80,6.3193426853214305,124,3.5659025787965617,717
391,0.1143,-361.46153846153845,2.0625,3.543026706231454,38.660237388724035,670,73,3.974335457145845,124,3.6869436201780417,877
392,0.1136,-381.61538461538464,2.1033333333333335,3.7579908675799087,39.535768645357685,662,71,7.223460761393369,124,3.9315068493150687,665
393,0.113,-352.73846153846154,2.1075,3.500713266761769,39.24964336661912,701,78,2.865744780988007,124,3.686162624821683,91
394,0.1124,-354.5846153846154,2.1175,3.526086956521739,39.12898550724638,702,76,5.371166675565738,124,3.6642547033285093,219
395,0.1118,-391.87692307692305,2.2941666666666665,3.839771101573677,39.64234620886982,701,71,2.8266842926080984,124,3.992857142857143,177
396,0.1112,-308.0153846153846,1.8666666666666667,3.317557251908397,38.63053435114504,652,77,2.437783444121335,124,3.433587786259542,27
397,0.1105,-329.2307692307692,1.9275,3.4765625,39.1609375,643,76,6.472676997537719,124,3.6125,90
398,0.1099,-342.83076923076925,1.9575,3.4092953523238383,38.724137931034484,670,71,8.168160993475189,124,3.5748502994011977,768
399,0.1093,-319.81538461538463,1.9375,3.344311377245509,38.9311377245509,672,78,3.090833834805449,124,3.5,451
400,0.1087,-344.8153846153846,1.8791666666666667,3.3118440779610197,38.53373313343328,663,77,2.6326000990371345,124,3.462574850299401,679
401,0.1081,-397.0,2.11,3.533910533910534,38.878787878787875,691,72,1.4171932863027896,124,3.674351585014409,861
402,0.1075,-341.18461538461537,1.8116666666666668,3.4355108877721943,38.644891122278054,600,74,4.79269321016543,124,3.5510887772194306,619
403,0.1069,-317.96923076923076,1.88,3.3318112633181127,38.48858447488585,654,75,4.711467166850411,124,3.4901065449010655,327
404,0.1063,-327.75384615384615,1.8808333333333334,3.2671641791044777,38.668656716417914,673,76,2.6928586225041338,124,3.4044776119402984,355
405,0.1057,-323.18461538461537,1.98,3.3991097922848663,38.99554896142433,675,81,1.9812211326336149,124,3.546666666666667,433
406,0.1052,-344.3538461538462,2.0775,3.591317365269461,38.91317365269461,667,76,9.19475895411019,124,3.7904191616766467,737
407,0.1046,-325.7692307692308,1.9783333333333333,3.406528189910979,38.81454005934718,681,77,3.7144516194202457,124,3.550445103857567,621
408,0.104,-341.46153846153845,2.0091666666666668,3.433333333333333,38.766666666666666,676,77,1.9196846460662005,124,3.6072463768115943,128
409,0.1034,-338.0,2.026666666666667,3.3495007132667616,38.958630527817405,701,82,4.915684658163282,124,3.5249643366619114,446
410,0.1028,-328.1846153846154,1.955,3.3473053892215567,38.90568862275449,672,75,3.985144423735512,124,3.4835329341317367,42
411,0.1023,-327.4153846153846,1.8908333333333334,3.2176470588235295,38.46176470588235,671,72,8.519678269926693,124,3.361764705882353,831
412,0.1017,-346.8153846153846,2.05,3.7001545595054095,38.98918083462133,657,72,6.561169828984617,124,3.884080370942813,878
413,0.1011,-334.96923076923076,1.9208333333333334,3.414746543778802,38.42857142857143,649,76,2.378051524430206,124,3.5622119815668203,467
414,0.1006,-329.70769230769235,2.015,3.4055232558139537,38.79796511627907,680,76,2.78142201272509,124,3.5625,437
415,0.1,-308.9384615384615,1.6583333333333334,3.020700636942675,38.210191082802545,627,73,5.451220899982319,124,3.143312101910828,231
416,0.0995,-333.9230769230769,1.925,3.3377777777777777,38.60148148148148,677,78,3.961039925743064,124,3.48,498
417,0.0989,-324.6153846153846,1.8975,3.3257229832572297,38.71385083713851,658,73,1.8731436887587345,124,3.4337899543378994,462
418,0.0984,-314.53846153846155,1.775,3.3739837398373984,38.55934959349594,622,77,2.566842531504655,124,3.51869918699187,263
419,0.0978,-322.03076923076924,2.0016666666666665,3.4706766917293232,38.74285714285714,668,76,2.169205851628193,124,3.6150375939849626,39
420,0.0973,-364.7846153846154,2.140833333333333,3.606628242074928,39.61815561959654,689,80,3.1704332938784763,124,3.7553956834532376,611
421,0.0968,-310.0923076923077,1.8833333333333333,3.376543209876543,38.93981481481482,642,78,2.279172597596024,124,3.5401234567901234,785
422,0.0962,-381.29230769230765,2.1783333333333332,3.799698795180723,39.1777108433735,662,73,2.686013349820741,124,3.9322289156626504,107
423,0.0957,-329.4153846153846,2.02,3.406113537117904,39.13100436681223,688,81,2.5268858366268474,124,3.5604075691411934,766
424,0.0952,-326.66153846153844,1.86,3.440381558028617,38.925278219395864,630,74,2.6152797659086295,124,3.573926868044515,331
425,0.0946,-339.6,1.9708333333333334,3.472012102874433,38.72465960665658,657,72,2.57976846715977,124,3.6172465960665656,17
426,0.0941,-402.3384615384615,2.1391666666666667,3.6296296296296298,39.03407407407408,678,73,2.6636513647748856,124,3.7377777777777776,152
427,0.0936,-416.3538461538461,2.1983333333333333,3.787833827893175,39.19881305637982,670,72,2.014104389460715,124,3.949554896142433,299
428,0.0931,-380.46153846153845,2.11,3.6419019316493313,39.36255572065379,673,72,3.6588921193985535,124,3.790490341753343,744
429,0.0926,-310.3230769230769,1.8641666666666667,3.4524959742351045,38.46537842190016,624,72,5.355457900078415,124,3.5925925925925926,52
430,0.092,-336.0923076923077,1.7641666666666667,3.1666666666666665,38.257009345794394,650,68,3.920532496350031,124,3.3068535825545173,338
431,0.0915,-340.04615384615386,1.9316666666666666,3.4483282674772036,38.79179331306991,655,76,2.994964103769263,124,3.594224924012158,167
432,0.091,-379.0923076923077,2.1216666666666666,3.5283842794759823,39.106259097525474,686,72,2.5480530458656983,124,3.7074235807860263,207
433,0.0905,-330.15384615384613,1.8808333333333334,3.4053627760252367,38.87854889589905,640,76,2.1438561803734655,124,3.533123028391167,748
434,0.09,-363.24615384615385,2.065,3.411255411255411,38.70995670995671,692,76,2.0616673169000124,124,3.5815295815295816,452
435,0.0895,-368.13846153846157,1.9691666666666667,3.3545051698670605,38.51994091580502,677,72,6.826993080526396,124,3.5155096011816838,335
436,0.089,-325.8615384615385,1.9275,3.321533923303835,38.45132743362832,669,78,4.8932653374222825,124,3.4587020648967552,725
437,0.0885,-320.276923076923,1.79,3.1234756097560976,38.00914634146341,653,75,4.945055317469079,124,3.260670731707317,435
438,0.088,-355.8,1.9991666666666668,3.535060975609756,38.891768292682926,658,77,3.64780598787738,124,3.692073170731707,773
439,0.0876,-407.81538461538463,2.2225,3.9680851063829787,39.27811550151976,644,68,6.749037535991459,124,4.1109422492401215,474
440,0.0871,-418.5692307692308,2.46,4.143270622286542,40.163531114327064,696,79,3.33367990835405,124,4.285094066570188,411
441,0.0866,-357.3538461538461,1.9633333333333334,3.599056603773585,38.838050314465406,632,75,3.823207476849388,124,3.7547169811320753,530
442,0.0861,-329.96923076923076,1.8791666666666667,3.2820121951219514,38.61280487804878,656,77,2.1289703525748953,124,3.4070121951219514,697
443,0.0856,-362.5230769230769,2.0316666666666667,3.5533834586466164,39.10827067669173,665,75,2.9224024320407103,124,3.6857142857142855,777
444,0.0852,-346.24615384615385,1.9741666666666666,3.454404945904173,38.84698608964451,655,81,3.1119766729188623,124,3.633693972179289,37
445,0.0847,-374.8,2.0541666666666667,3.4647058823529413,38.42794117647059,681,69,5.050252875693791,124,3.6191176470588236,323
446,0.0842,-314.24615384615385,1.8166666666666667,3.1698956780923995,38.64828614008942,665,74,5.667105378606214,124,3.3204172876304026,148
447,0.0838,-345.3230769230769,1.9108333333333334,3.3450381679389314,38.87022900763359,659,76,3.893059357261078,124,3.4732824427480917,440
448,0.0833,-369.0153846153846,2.0816666666666666,3.639344262295082,39.44560357675112,680,75,2.4159217924413006,124,3.7868852459016393,375
449,0.0828,-377.30769230769226,2.145,3.663294797687861,39.00289017341041,690,71,9.095309074369403,124,3.828034682080925,405
450,0.0824,-381.2461538461539,2.0833333333333335,3.719568567026194,39.112480739599384,649,71,2.484257383418945,124,3.8459167950693374,714
451,0.0819,-329.12307692307695,1.8925,3.3861538461538463,38.27384615384615,630,74,5.132697117723036,124,3.5353846153846153,311
452,0.0815,-383.1692307692308,2.1275,3.7462235649546827,39.003021148036254,662,71,6.64037733067629,124,3.8610271903323263,330
453,0.081,-355.63076923076926,2.065,3.6021021021021022,38.93543543543544,671,72,6.072059979400013,124,3.7661169415292353,116
454,0.0806,-348.70769230769224,2.0141666666666667,3.4367647058823527,39.029411764705884,679,76,2.4596994229799227,124,3.5859030837004404,653
455,0.0801,-370.5846153846154,2.1258333333333335,3.69150521609538,38.98509687034277,659,74,5.158509196747525,124,3.8450074515648285,360
456,0.0797,-328.79999999999995,1.8866666666666667,3.258493353028065,38.89364844903988,675,80,2.239147301707055,124,3.397341211225997,75
457,0.0792,-340.89230769230767,2.1425,3.547925608011445,39.09012875536481,691,82,2.7401484622002847,124,3.6909871244635193,133
458,0.0788,-405.04615384615386,2.1033333333333335,3.578102189781022,38.8978102189781,681,73,3.2419542041937084,124,3.7065693430656936,511
459,0.0784,-371.95384615384614,1.9916666666666667,3.392128279883382,38.62244897959184,680,76,5.30260039713035,124,3.5495626822157433,294
460,0.0779,-376.26153846153846,2.1016666666666666,3.3507565337001375,39.04539202200825,725,77,5.859833685305511,124,3.4903846153846154,244
461,0.0775,-377.0,2.1625,3.6739446870451236,39.295487627365354,691,75,2.8135421262411757,124,3.8311499272197964,320
462,0.0771,-385.4923076923077,2.1783333333333332,3.5198300283286117,39.022662889518415,715,72,4.3730422606432775,124,3.723796033994334,493
463,0.0766,-342.4,1.9225,3.27866473149492,38.98258345428157,698,75,2.187299245544282,124,3.4339622641509435,685
464,0.0762,-355.38461538461536,1.9066666666666667,3.5535714285714284,38.810064935064936,623,68,5.105063097407054,124,3.699675324675325,151
465,0.0758,-363.5230769230769,2.0883333333333334,3.505079825834543,39.030478955007254,696,73,2.2886673327705918,124,3.632801161103048,837
466,0.0754,-395.1076923076923,2.155,3.591040462427746,38.89306358381503,686,71,3.4106631547769255,124,3.770231213872832,47
467,0.075,-376.7384615384615,2.026666666666667,3.709828393135725,39.27145085803432,645,74,2.0301397591140984,124,3.8174726989079564,295
468,0.0745,-413.32307692307694,2.22,3.756132756132756,39.18759018759019,699,67,3.0509370310043873,124,3.9466089466089467,600
469,0.0741,-366.44615384615383,2.0366666666666666,3.4064327485380117,38.788011695906434,682,72,4.317598717154233,124,3.551169590643275,769
470,0.0737,-394.5692307692308,2.2125,3.6627906976744184,39.65406976744186,697,76,2.576208339429242,124,3.79796511627907,86
471,0.0733,-327.9384615384615,1.9541666666666666,3.4294385432473447,38.78148710166919,656,75,1.718644377742169,124,3.5636363636363635,313
472,0.0729,-361.15384615384613,2.1508333333333334,3.7417417417417416,39.07657657657658,667,77,3.3784882054040963,124,3.87987987987988,182
473,0.0725,-373.6,2.1758333333333333,3.8534743202416917,39.45015105740181,664,77,3.0606114455047013,124,3.9788519637462234,805
474,0.0721,-363.30769230769226,2.0033333333333334,3.44903988183161,38.79468242245199,686,71,6.794099004813869,124,3.5908419497784343,419
475,0.0717,-385.4923076923077,2.2883333333333336,3.8304597701149423,39.452586206896555,684,78,2.4217966269650377,124,3.9698275862068964,83
476,0.0713,-351.1384615384615,2.07,3.5454545454545454,39.341642228739005,679,78,2.4587476006376976,124,3.7038123167155423,765
477,0.0709,-383.75384615384615,2.1491666666666664,3.713224368499257,39.579494799405644,678,79,2.8075287698328903,124,3.87518573551263,266
478,0.0705,-343.4923076923077,2.0175,3.586687306501548,39.06037151702786,651,74,1.8740065076975483,124,3.7507739938080493,539
479,0.0701,-325.61538461538464,1.8175,3.2612055641421946,37.98763523956723,648,74,4.49641809867669,125,3.3956723338485317,524
480,0.0697,-339.38461538461536,2.0316666666666667,3.6331269349845203,39.11919504643963,655,78,1.5507408683105606,125,3.7879256965944275,642
481,0.0694,-385.86153846153843,2.0541666666666667,3.4634502923976607,38.79824561403509,688,68,2.2154684007968184,125,3.5862573099415203,580
482,0.069,-325.1384615384615,1.8683333333333334,3.185459940652819,38.525222551928785,669,75,2.2830998382747314,125,3.350148367952522,229
483,0.0686,-359.10769230769233,2.175,3.5734870317002883,39.461095100864554,683,83,2.3181947615890315,125,3.743884892086331,185
484,0.0682,-374.6,1.95,3.4027565084226645,38.51607963246554,653,68,6.230895411468613,125,3.578866768759571,567
485,0.0678,-314.81538461538463,1.8933333333333333,3.2054992764109986,38.90303907380608,690,77,2.5896725231690993,125,3.365606936416185,426
486,0.0675,-331.38461538461536,1.7541666666666667,3.1977848101265822,38.037974683544306,627,70,4.547901036738814,125,3.3401898734177213,124
487,0.0671,-395.76923076923083,2.135,3.7080838323353293,38.59281437125748,658,67,3.1179864176659278,125,3.844311377245509,33
488,0.0667,-395.90769230769234,2.37,3.8620199146514937,39.23186344238976,692,74,2.542229901839435,125,4.029871977240398,694
489,0.0664,-391.2923076923077,2.1466666666666665,3.6567607726597324,39.32540861812779,671,74,2.4878934803021853,125,3.820208023774146,455
490,0.066,-339.8615384615385,2.0258333333333334,3.524812030075188,38.962406015037594,670,80,2.2496389101375764,125,3.6360902255639096,44
491,0.0656,-347.83076923076925,1.9166666666666667,3.415625,38.640625,648,72,4.282717280563873,125,3.5703125,709
492,0.0653,-327.75384615384615,1.8275,3.325508607198748,38.50704225352113,631,70,6.701025400424504,125,3.4694835680751175,262
493,0.0649,-338.5230769230769,2.015,3.39454806312769,38.84361549497848,691,73,2.524038983532567,125,3.5781922525107603,615
494,0.0645,-353.6615384615385,1.9016666666666666,3.4726989079563184,38.742589703588145,636,74,4.580189840513991,125,3.6162246489859595,457
495,0.0642,-365.4,1.9225,3.349182763744428,38.58395245170877,674,76,3.5034654982085147,125,3.50593471810089,397
496,0.0638,-356.95384615384614,1.9658333333333333,3.3173216885007277,39.01892285298399,692,77,3.1882442899726295,125,3.457059679767103,31
497,0.0635,-373.30769230769226,1.9383333333333332,3.4344512195121952,38.71036585365854,660,75,3.3594078024583878,125,3.576219512195122,137
498,0.0631,-377.9846153846154,2.1,3.5964912280701755,38.80409356725146,676,68,2.953129825183777,125,3.7514619883040936,599
499,0.0628,-384.9076923076923,2.066666666666667,3.537117903930131,38.737991266375545,688,69,3.348500397896887,125,3.6584302325581395,648
500,0.0624,-350.0615384615385,1.9025,3.3987635239567235,38.77588871715611,656,72,2.2945734620304807,125,3.539412673879444,436
501,0.0621,-347.4769230769231,1.98,3.584496124031008,38.84806201550388,646,73,2.205053693952788,125,3.7058823529411766,864
502,0.0617,-350.0,1.9591666666666667,3.3978978978978978,38.83783783783784,671,76,3.7689186387881954,125,3.563063063063063,755
503,0.0614,-417.7692307692308,2.2591666666666668,3.7301136363636362,39.50284090909091,706,71,2.3485144971328147,125,3.8680851063829786,407
504,0.0611,-321.96923076923076,1.8908333333333334,3.199127906976744,38.473837209302324,688,74,2.425043589455621,125,3.354651162790698,155
505,0.0607,-356.26153846153846,2.015,3.4056463595839523,38.7815750371471,688,71,5.651533699612686,125,3.5572065378900444,175
506,0.0604,-359.12307692307695,1.9133333333333333,3.3482810164424515,38.43946188340807,657,66,5.399674034351596,125,3.517189835575486,402
507,0.06,-405.8615384615385,2.2158333333333333,3.802962962962963,39.40296296296296,680,72,6.661414958543788,125,3.9585185185185185,618
508,0.0597,-368.16923076923075,1.975,3.464939024390244,38.66310975609756,650,72,3.807597946634418,125,3.6234756097560976,340
509,0.0594,-353.6461538461539,1.815,3.2678018575851393,38.63157894736842,653,69,3.6925902944116893,125,3.43343653250774,232
510,0.0591,-319.46153846153845,2.0425,3.6327769347496206,39.17905918057663,662,78,2.158683339603701,125,3.745068285280728,423
511,0.0587,-345.8153846153846,2.0316666666666667,3.474302496328928,38.966226138032305,679,79,3.319294199436061,125,3.595307917888563,851
512,0.0584,-359.6307692307692,2.1675,3.725111441307578,39.19167904903418,685,73,2.8988393641166796,125,3.8707280832095097,38
513,0.0581,-337.32307692307694,1.8791666666666667,3.2285714285714286,38.150375939849624,654,74,4.978644516014522,125,3.392481203007519,767
514,0.0578,-346.24615384615385,1.9775,3.3284671532846715,38.7021897810219,686,75,2.002494788303069,125,3.456934306569343,491
515,0.0574,-381.89230769230767,2.3441666666666667,3.984011627906977,39.97674418604651,688,78,3.3075857022793125,125,4.1148255813953485,572
516,0.0571,-388.6461538461539,2.01,3.655813953488372,38.87751937984496,645,67,2.179713358391196,125,3.807751937984496,88
517,0.0568,-394.59999999999997,2.0616666666666665,3.7087827426810476,39.17257318952234,654,69,2.4553819225583235,125,3.832049306625578,756
518,0.0565,-360.7384615384615,1.865,3.326283987915408,38.37613293051359,654,70,2.432931251731482,125,3.4667673716012084,742
519,0.0562,-363.0153846153846,2.026666666666667,3.4315169366715756,38.413843888070694,675,68,3.836634554803609,125,3.5846833578792343,564
520,0.0559,-356.04615384615386,2.029166666666667,3.3563218390804597,38.87068965517241,693,74,4.93234161258141,125,3.5129310344827585,339
521,0.0556,-347.67692307692306,2.0433333333333334,3.558734939759036,38.68975903614458,661,76,5.949043987406207,125,3.6867469879518073,733
522,0.0553,-354.0,1.9241666666666666,3.2976539589442817,38.87096774193548,679,73,6.4049108907556125,125,3.4472140762463344,794
523,0.0549,-396.5230769230769,2.225,3.8096632503660324,39.049780380673496,678,68,3.5166260198004666,125,3.9604685212298683,806
524,0.0546,-422.0153846153846,2.283333333333333,4.014925373134329,39.66567164179104,668,67,6.543594975685614,125,4.147761194029851,555
525,0.0543,-352.90769230769234,1.9008333333333334,3.264792899408284,38.764792899408285,674,74,2.632267805334551,125,3.4319526627218937,478
526,0.054,-380.53846153846155,2.0083333333333333,3.553323029366306,38.72642967542504,647,71,1.9676296345535633,125,3.6944444444444446,622
527,0.0537,-384.9230769230769,2.1566666666666667,3.664222873900293,38.800586510263926,678,69,4.973558096926131,125,3.840175953079179,59
528,0.0534,-323.9846153846154,1.9383333333333332,3.500772797527048,38.65224111282844,647,75,2.1826547662937115,125,3.6584234930448223,761
529,0.0531,-384.13846153846157,1.975,3.4660493827160495,38.513888888888886,642,68,4.696687525804881,125,3.609567901234568,815
530,0.0529,-376.32307692307694,2.1058333333333334,3.5926470588235295,39.186764705882354,689,73,2.014397947547917,125,3.7676470588235293,61
531,0.0526,-329.16923076923075,1.9325,3.2163323782234956,38.787965616045845,703,81,2.2155994790400215,125,3.3882521489971347,293
532,0.0523,-348.6461538461539,1.9133333333333333,3.4106870229007633,38.72824427480916,655,71,3.5898749549405133,125,3.570992366412214,453
533,0.052,-341.12307692307695,1.9966666666666666,3.2612359550561796,38.64887640449438,711,74,4.186326197165441,125,3.4269662921348316,312
534,0.0517,-327.7384615384615,1.9525,3.474654377880184,39.0,659,77,2.9687441672462707,125,3.5944700460829493,651
535,0.0514,-345.46153846153845,2.0483333333333333,3.5424739195230996,39.11177347242921,665,75,3.245991282182071,125,3.682563338301043,726
536,0.0511,-304.55384615384617,1.7841666666666667,3.0578635014836797,38.375370919881306,676,74,2.050079706876536,125,3.21513353115727,676
537,0.0508,-344.24615384615385,2.0008333333333335,3.315340909090909,38.75142045454545,696,73,4.946511966032307,125,3.461647727272727,404
538,0.0506,-369.5692307692308,1.92,3.3057607090103396,38.63663220088626,675,76,3.7888348966807803,125,3.4431314623338256,558
539,0.0503,-354.4923076923077,2.154166666666667,3.6051502145922747,39.51072961373391,695,79,3.364644118900988,125,3.7668097281831185,0
540,0.05,-329.63076923076926,2.089166666666667,3.615499254843517,39.18777943368107,669,81,2.4569951448814695,125,3.7395833333333335,584
541,0.05,-387.2923076923077,1.9483333333333333,3.369532428355958,38.67722473604827,661,73,2.7860719042782875,125,3.5082956259426847,791
542,0.05,-335.46153846153845,1.9841666666666666,3.258670520231214,38.802023121387286,690,78,2.4615569118313467,125,3.397398843930636,349
543,0.05,-349.7846153846154,1.9891666666666667,3.515290519877676,38.50917431192661,651,73,1.9395880932866623,125,3.669724770642202,473
544,0.05,-348.23076923076917,2.0316666666666667,3.431286549707602,38.63304093567251,674,72,3.2859331457575247,125,3.5921052631578947,239
545,0.05,-369.24615384615385,1.9325,3.347058823529412,38.43529411764706,681,67,2.4314640593671415,125,3.5338235294117646,652
546,0.05,-337.21538461538466,1.9075,3.330827067669173,38.89624060150376,669,73,2.1396374093002075,125,3.4992481203007517,643
547,0.05,-351.83076923076925,1.8758333333333332,3.459501557632399,38.83021806853583,638,75,3.7738558737950014,125,3.621495327102804,741
548,0.05,-317.0,1.8516666666666666,3.331768388106416,38.49452269170579,637,71,2.3861227382443246,125,3.4413145539906105,255
549,0.05,-311.7384615384616,1.7825,3.1754658385093166,38.17546583850932,646,75,3.525008000389875,125,3.312111801242236,858
550,0.05,-354.12307692307695,1.9058333333333333,3.422776911076443,38.57878315132605,649,71,2.1215968672189454,125,3.564742589703588,235
551,0.05,-352.4307692307692,2.0883333333333334,3.432167832167832,38.52867132867133,695,73,2.537091560928795,125,3.574825174825175,300
552,0.05,-326.10769230769233,1.86,3.182089552238806,38.54179104477612,666,74,1.9638520047949783,125,3.3447761194029852,242
553,0.05,-349.9076923076923,1.7625,3.179289026275116,38.29211746522411,644,71,3.213207806758728,125,3.3230293663060277,183
554,0.05,-374.8307692307692,1.9433333333333334,3.378338278931751,38.47626112759644,667,69,3.989714883018078,125,3.5148367952522257,469
555,0.05,-396.21538461538455,2.14,3.6701492537313434,38.93432835820896,680,70,6.489446042333788,125,3.8223880597014928,543
556,0.05,-338.6,1.8325,3.2395209580838324,38.72005988023952,672,74,3.323380239765629,125,3.3652694610778444,32
557,0.05,-347.8461538461538,1.9308333333333334,3.325478645066274,38.695139911634755,674,76,2.3919498045913294,125,3.471281296023564,860
558,0.05,-385.10769230769233,2.0566666666666666,3.589820359281437,39.27395209580838,674,71,3.0631407287000227,125,3.7260479041916166,361
559,0.05,-288.2615384615384,1.7116666666666667,2.960352422907489,38.13362701908957,671,70,6.4193884046666625,125,3.1158357771260996,747
560,0.05,-341.2307692307692,1.9141666666666666,3.4307931570762054,38.49144634525661,638,71,6.0228197342500165,125,3.561430793157076,336
561,0.05,-342.63076923076926,1.9175,3.234260614934114,38.24743777452416,679,70,2.429116327261512,125,3.4011713030746704,489
562,0.05,-335.1538461538462,1.9016666666666666,3.3062130177514795,38.667159763313606,672,75,2.527915767622175,125,3.4541420118343193,809
563,0.05,-368.13846153846157,2.0633333333333335,3.608955223880597,39.15074626865672,673,71,1.946813410787091,125,3.7597014925373133,825
564,0.05,-332.96923076923076,1.9391666666666667,3.3925373134328356,38.96716417910448,671,72,5.931079961965858,125,3.5522388059701493,638
565,0.05,-417.96923076923076,2.2866666666666666,3.7214285714285715,39.40714285714286,697,72,4.471754027541601,125,3.875714285714286,202
566,0.05,-328.8769230769231,1.8058333333333334,3.248818897637795,38.181102362204726,645,71,3.071767971634007,125,3.382677165354331,620
567,0.05,-351.5846153846154,2.089166666666667,3.583823529411765,39.09117647058824,686,75,2.547836765953937,125,3.7014705882352943,187
568,0.05,-408.3076923076924,2.205,3.778434268833087,39.472673559822745,683,73,5.355466704884786,125,3.9896602658788773,298
569,0.05,-323.38461538461536,1.8766666666666667,3.1186685962373373,38.5643994211288,703,75,2.5783047537557335,125,3.2489146164978293,157
570,0.05,-324.9230769230769,1.8325,3.164688427299703,38.62166172106825,669,74,2.198819270523324,125,3.2967359050445104,456
571,0.05,-365.5846153846154,1.9983333333333333,3.3426470588235295,38.525,679,74,4.036743764839856,125,3.488235294117647,256
572,0.05,-345.29230769230765,1.9241666666666666,3.3895705521472395,38.75920245398773,656,73,5.476918104782538,125,3.51840490797546,316
573,0.05,-343.46153846153845,1.9825,3.519319938176198,38.49459041731066,643,74,2.3090081336166097,125,3.6584234930448223,43
574,0.05,-306.53846153846155,1.7608333333333333,3.186119873817035,38.473186119873816,627,77,1.9119947894519866,125,3.32807570977918,252
575,0.05,-320.0615384615384,1.8116666666666668,3.096296296296296,38.15555555555556,676,74,3.362400968355692,125,3.2562962962962962,385
576,0.05,-366.3692307692308,2.0191666666666666,3.4776119402985075,38.94925373134328,674,79,2.6741920640401644,125,3.6343283582089554,192
577,0.05,-337.72307692307686,2.015,3.383720930232558,38.90843023255814,694,77,5.0936474560490534,125,3.546511627906977,159
578,0.05,-367.9846153846154,2.0858333333333334,3.5979073243647233,38.837070254110614,669,72,3.9624118935386723,125,3.7354260089686098,236
579,0.05,-349.75384615384615,1.9375,3.4655436447166923,38.76263399693721,649,71,3.1598642393076295,125,3.6079632465543643,196
580,0.05,-356.27692307692314,1.9408333333333334,3.483464566929134,38.3007874015748,630,74,1.909360404073458,125,3.6094488188976377,309
581,0.05,-331.63076923076926,1.8933333333333333,3.3237951807228914,38.65210843373494,665,79,1.8939461185698565,125,3.483433734939759,476
582,0.05,-308.0,1.7458333333333333,3.3178807947019866,38.11423841059602,605,72,6.277726277671427,125,3.4139072847682117,842
583,0.05,-339.9384615384615,1.9525,3.7336601307189543,39.10130718954248,611,74,1.8843007694955205,125,3.883986928104575,203
584,0.05,-358.0,2.0225,3.470059880239521,38.89820359281437,679,72,1.4575010309513157,125,3.6182634730538923,10
585,0.05,-328.4923076923077,1.8808333333333334,3.2761194029850746,38.777611940298506,677,73,2.776692270143178,125,3.401492537313433,34
586,0.05,-318.78461538461545,1.8241666666666667,3.2484375,38.3421875,634,71,2.5070618412856396,125,3.3859375,14
587,0.05,-337.9846153846154,1.9658333333333333,3.336283185840708,38.48377581120944,694,73,1.9978947495271313,125,3.4970501474926254,342
588,0.05,-332.21538461538466,1.9458333333333333,3.382005899705015,39.13569321533923,670,78,1.9705993846381293,125,3.533923303834808,656
589,0.05,-337.7538461538461,2.0008333333333335,3.4325925925925924,38.87555555555556,678,76,1.8668509179619666,125,3.5881481481481483,894
590,0.05,-322.9230769230769,1.9058333333333333,3.3968992248062015,39.12558139534884,650,75,1.8884267955862961,125,3.5472868217054265,793
591,0.05,-318.79999999999995,1.83,3.1905487804878048,38.5594512195122,660,78,3.3976417653326885,125,3.341463414634146,190
592,0.05,-316.4153846153846,1.88,3.299248120300752,38.34736842105263,665,78,1.901021962324852,125,3.4090225563909775,705
593,0.05,-359.6461538461539,2.0166666666666666,3.4349775784753365,39.09865470852018,674,75,4.149086888793562,125,3.576980568011958,306
594,0.05,-364.9384615384615,2.185,3.7128279883381925,39.45626822157434,684,76,3.6249713473830076,125,3.868804664723032,332
595,0.05,-319.7076923076923,1.7591666666666668,3.082317073170732,38.355182926829265,653,78,3.5310321291183304,125,3.239329268292683,631
596,0.05,-359.04615384615386,2.1466666666666665,3.7680491551459294,38.98924731182796,655,74,2.4802523606524813,125,3.9155145929339477,764
597,0.05,-358.23076923076917,1.9133333333333333,3.4158878504672896,38.76791277258567,647,73,2.07052206948003,125,3.5311526479750777,370
598,0.05,-354.04615384615386,2.1641666666666666,3.543227665706052,39.21469740634006,701,77,2.5023230405885863,125,3.6844380403458215,224
599,0.05,-336.0615384615385,2.0033333333333334,3.4078374455732945,38.99274310595065,677,79,1.9683842655242125,125,3.5224963715529753,779
600,0.05,-338.95384615384614,2.0116666666666667,3.492581602373887,39.06231454005935,671,78,2.49149998607982,125,3.6246290801186944,169
601,0.05,-277.84615384615387,1.7558333333333334,2.9707174231332356,38.19180087847731,688,82,2.8508259109761114,125,3.105417276720351,746
602,0.05,-292.1692307692308,1.725,2.957910014513788,38.44267053701016,682,81,2.0207843001669854,125,3.1044992743105952,114
603,0.05,-307.5076923076923,1.8666666666666667,3.2035661218424965,38.539375928677565,668,83,2.5550627002953763,125,3.3387815750371472,379
604,0.05,-287.5846153846154,1.8383333333333334,3.2921174652241114,38.95672333848532,648,86,1.7547058576048395,125,3.409582689335394,488
605,0.05,-323.5230769230769,2.005,3.515015015015015,38.948948948948946,664,81,3.3296794482236396,125,3.656156156156156,226
606,0.05,-325.1692307692308,1.9341666666666666,3.5131375579598147,39.14064914992272,650,79,2.4901824555612926,125,3.6584234930448223,289
607,0.05,-289.75384615384615,1.715,3.0844854070660523,38.236559139784944,640,79,2.4645880719457467,125,3.259600614439324,672
608,0.05,-314.20000000000005,1.9483333333333333,3.2983988355167395,38.85735080058224,692,79,6.221631737039649,125,3.4395924308588066,739
609,0.05,-305.70769230769235,1.88,3.220720720720721,38.729729729729726,674,75,4.869124545910988,125,3.3778110944527735,843
610,0.05,-349.18461538461537,2.1016666666666666,3.5323741007194243,39.07913669064748,696,78,1.8845025528830348,125,3.646043165467626,410
611,0.05,-305.9384615384615,1.8783333333333334,3.3153846153846156,38.652307692307694,645,80,1.9855746981672204,125,3.476923076923077,463
612,0.05,-314.5692307692308,1.9458333333333333,3.440677966101695,38.664098613251156,655,78,2.3821941676053795,125,3.6040061633281972,396
613,0.05,-328.8,1.92,3.2890510948905107,38.74744525547445,689,78,2.4694703400715396,125,3.432116788321168,372
614,0.05,-310.3076923076923,1.8266666666666667,3.1786786786786787,38.627627627627625,670,80,1.739431014652207,125,3.338830584707646,698
615,0.05,-339.75384615384615,2.0083333333333333,3.38328530259366,38.9164265129683,698,78,2.057761118297156,125,3.5561959654178676,625
616,0.05,-332.9384615384616,1.8725,3.2439759036144578,38.73192771084337,676,77,2.684665591806299,125,3.375,373
617,0.05,-316.38461538461536,1.9533333333333334,3.496932515337423,39.50460122699386,650,80,2.096537366144002,125,3.6549079754601226,585
618,0.05,-313.96923076923076,1.9191666666666667,3.228276877761414,38.68041237113402,680,77,1.7241322041903948,125,3.3726067746686303,710
619,0.05,-300.79999999999995,1.7525,3.137770897832817,38.537151702786375,652,80,1.8185460981623256,125,3.2739938080495357,362
620,0.05,-362.7384615384616,2.2225,3.828696925329429,39.82869692532943,688,77,11.593940740772997,125,3.9560761346998534,260
621,0.05,-317.29230769230765,1.9466666666666668,3.4976525821596245,39.009389671361504,648,80,1.7395720803900854,125,3.6416275430359937,723
622,0.05,-336.2307692307692,1.9441666666666666,3.4072398190045248,38.91101055806938,670,74,5.400714591906374,125,3.530920060331825,554
623,0.05,-334.5692307692308,1.9925,3.4588938714499253,39.101644245142005,668,83,4.722897670698775,125,3.593423019431988,210
624,0.05,-332.4769230769231,1.9441666666666666,3.335809806835067,38.429420505200596,666,77,1.6587122713761207,125,3.4680534918276376,822
625,0.05,-336.1538461538462,1.9775,3.2887624466571834,38.793741109530586,712,78,2.7439066972255617,125,3.453769559032717,641
626,0.05,-312.12307692307695,1.815,3.2249240121580547,38.4468085106383,656,79,1.8664278702925547,125,3.3951367781155017,72
627,0.05,-284.0,1.7458333333333333,3.253205128205128,38.74038461538461,638,76,1.9623179704370972,125,3.418269230769231,586
628,0.05,-303.276923076923,1.705,3.0598159509202456,38.34662576687116,649,75,2.0672589537006614,125,3.214723926380368,268
629,0.05,-317.96923076923076,1.875,3.279279279279279,38.7957957957958,663,78,2.307344600504637,125,3.421921921921922,218
630,0.05,-336.46153846153845,2.0816666666666666,3.5253256150506513,39.28943560057887,686,86,2.2541978308421013,125,3.670043415340087,823
631,0.05,-288.9230769230769,1.7466666666666666,3.152542372881356,38.37596302003082,652,78,3.5516004144674316,125,3.274268104776579,796
632,0.05,-281.3384615384615,1.6741666666666666,2.9722222222222223,38.02777777777778,644,80,1.9475899155446348,125,3.0941358024691357,442
633,0.05,-291.70769230769235,1.7483333333333333,3.160741885625966,38.62132921174652,642,81,4.242071380997717,125,3.2998454404945905,693
634,0.05,-336.0615384615385,2.0025,3.3962264150943398,38.77939042089986,682,78,3.061179403067473,125,3.547169811320755,565
635,0.05,-313.8153846153846,1.8758333333333332,3.2058823529411766,38.40588235294118,679,75,2.581134995222199,125,3.3441176470588236,204
636,0.05,-309.5846153846154,1.8708333333333333,3.477491961414791,38.842443729903536,624,78,2.332778557340319,125,3.6189710610932475,537
637,0.05,-318.89230769230767,1.8975,3.3165680473372783,39.05473372781065,672,77,8.480271133631383,125,3.4718934911242605,520
638,0.05,-311.5076923076923,1.8375,3.2218890554722637,38.76911544227886,667,78,1.9627679381162275,125,3.36431784107946,890
639,0.05,-316.3384615384615,1.915,3.3867488443759632,38.93682588597843,647,79,2.489344972828416,125,3.5331278890600926,324
640,0.05,-353.4307692307692,1.9833333333333334,3.522342064714946,38.73035439137134,646,74,5.141266767396685,125,3.633281972265023,818
641,0.05,-335.83076923076925,2.2358333333333333,3.828614008941878,39.75558867362146,682,79,3.6942843623175334,125,3.9731743666169894,811
642,0.05,-339.9846153846154,1.9616666666666667,3.421947449768161,38.480680061823804,652,73,5.60846954247872,125,3.599690880989181,645
643,0.05,-359.46153846153845,2.1266666666666665,3.5366906474820143,39.16546762589928,695,76,5.52496092203813,125,3.7136690647482014,272
644,0.05,-342.7230769230769,2.0341666666666667,3.5370650529500756,38.86384266263237,661,75,2.6531245921705118,125,3.6732223903177004,528
645,0.05,-366.96923076923076,2.0541666666666667,3.6484018264840183,39.19025875190259,671,77,2.862915395586932,125,3.7777777777777777,65
646,0.05,-356.2615384615385,2.0216666666666665,3.398293029871977,38.97866287339971,695,77,4.299846284863176,125,3.5448079658605973,824
647,0.05,-341.7692307692308,2.004166666666667,3.521021021021021,38.74474474474474,669,72,5.231628427841168,125,3.6726726726726726,285
648,0.05,-356.96923076923076,1.9775,3.442105263157895,38.8390977443609,669,73,3.2902229922186046,125,3.5915915915915915,102
649,0.05,-304.33846153846156,1.7991666666666666,3.1577335375191424,38.38591117917305,658,75,2.212283783514951,125,3.30781010719755,399
650,0.05,-356.78461538461545,2.200833333333333,3.568870523415978,39.37190082644628,719,75,3.254921725821113,125,3.706611570247934,715
651,0.05,-332.4769230769231,1.9841666666666666,3.540581929555896,38.81163859111792,649,77,2.2555316411131114,125,3.660030627871363,6
652,0.05,-363.89230769230767,1.8741666666666668,3.3003048780487805,38.39786585365854,666,70,3.6722523434337297,125,3.4542682926829267,286
653,0.05,-349.53846153846155,1.8816666666666666,3.321752265861027,38.45619335347432,658,73,2.533170079010267,125,3.4803625377643503,573
654,0.05,-320.61538461538464,1.94,3.3601190476190474,38.88392857142857,669,82,2.3071057240884603,125,3.5104166666666665,722
655,0.05,-364.89230769230767,1.9858333333333333,3.5698924731182795,38.74807987711213,643,74,2.6887463733860555,125,3.726574500768049,178
656,0.05,-319.6153846153846,1.8041666666666667,3.2091603053435116,38.577099236641224,649,73,2.2129610201883336,125,3.3404580152671755,897
657,0.05,-289.04615384615386,1.7183333333333333,3.095679012345679,38.22222222222222,649,79,1.998468728527239,125,3.243827160493827,686
658,0.05,-319.4307692307692,1.8525,3.2080838323353293,38.48203592814371,663,77,2.430540960413805,125,3.3592814371257487,247
659,0.05,-371.12307692307695,2.22,3.75,39.281065088757394,671,78,2.731457367648114,125,3.878698224852071,523
660,0.05,-319.7230769230769,1.815,3.129080118694362,38.36646884272997,672,74,2.9310948890022948,125,3.2759643916913945,855
661,0.05,-354.7538461538461,2.0416666666666665,3.474074074074074,38.82370370370371,678,75,3.4921049116557,125,3.616296296296296,828
662,0.05,-311.6,1.7958333333333334,3.0701754385964914,38.48391812865497,673,80,2.548997607631394,125,3.198830409356725,525
663,0.05,-348.84615384615387,1.9933333333333334,3.612403100775194,39.1968992248062,647,77,1.9386152065458027,125,3.77984496124031,97
664,0.05,-348.30769230769226,2.1191666666666666,3.617960426179604,39.10350076103501,646,79,2.7996881976692793,125,3.780821917808219,661
665,0.05,-326.36923076923074,1.9091666666666667,3.162589928057554,38.566906474820144,709,78,2.0810809477714582,125,3.3093525179856114,248
666,0.05,-320.03076923076924,1.8433333333333333,3.2036474164133737,38.472644376899694,667,76,2.5661213177446456,125,3.3343465045592704,673
667,0.05,-353.0615384615385,2.171666666666667,3.6398243045387995,39.411420204978036,690,79,2.513551800842358,125,3.786237188872621,213
668,0.05,-339.3230769230769,1.8266666666666667,3.3424,38.6448,629,75,2.020938872783356,125,3.4576,132
669,0.05,-339.61538461538464,1.9916666666666667,3.4424242424242424,38.86212121212121,672,74,2.1631352812643656,125,3.56969696969697,507
670,0.05,-345.1846153846154,2.0875,3.5671641791044775,38.86716417910448,669,77,2.961600871748849,125,3.7238805970149254,241
671,0.05,-332.4307692307692,1.9516666666666667,3.4430955993930197,39.165402124430955,657,78,2.3994698022236993,125,3.590288315629742,408
672,0.05,-323.81538461538463,1.7833333333333334,3.1196969696969696,38.61212121212121,662,75,2.5750867567620035,125,3.2590909090909093,630
673,0.05,-345.7846153846154,1.9916666666666667,3.4029629629629627,38.69185185185185,673,77,2.024098850640933,125,3.562130177514793,197
674,0.05,-351.24615384615385,2.0708333333333333,3.6727549467275495,39.42922374429224,657,78,2.529191399952656,125,3.82648401826484,130
675,0.05,-306.55384615384617,1.9075,3.4430577223088923,38.82059282371295,643,82,2.22612786624356,125,3.621495327102804,850
676,0.05,-325.36923076923074,1.8908333333333334,3.3116490166414523,38.85325264750378,666,77,1.9851443707417011,125,3.4568835098335855,328
677,0.05,-309.3538461538461,1.9841666666666666,3.466867469879518,39.376506024096386,668,80,2.1520421832425076,125,3.6400602409638556,820
678,0.05,-310.8153846153846,1.7808333333333333,3.172782874617737,38.36544342507645,655,73,3.5088529279143033,125,3.308868501529052,588
679,0.05,-346.0769230769231,2.1325,3.612005856515373,39.15519765739385,674,80,2.3772258718765915,125,3.7554904831625184,259
680,0.05,-349.6769230769231,2.0741666666666667,3.5043478260869567,39.08695652173913,684,79,2.685541183263265,125,3.6526772793053546,549
681,0.05,-329.4,1.9675,3.5145482388973965,39.03215926493109,652,78,2.759518191509716,125,3.672281776416539,540
682,0.05,-300.0769230769231,1.7808333333333333,3.279620853080569,38.652448657187996,633,79,4.340721630959651,125,3.401263823064771,684
683,0.05,-332.9846153846154,1.7991666666666666,3.2637362637362637,38.75353218210361,641,81,2.30883688745571,125,3.4222919937205654,149
684,0.05,-319.20000000000005,1.8758333333333332,3.306646525679758,38.88519637462235,668,80,2.7345555480576533,125,3.4441087613293053,461
685,0.05,-334.0615384615385,1.9616666666666667,3.3601190476190474,38.74702380952381,678,81,2.4189504409816807,125,3.5208333333333335,9
686,0.05,-351.8,2.0725,3.456896551724138,39.064655172413794,700,76,5.122149295932359,125,3.6364942528735633,810
687,0.05,-294.44615384615383,1.5575,2.8422712933753944,37.859621451104104,634,74,2.924598362332405,125,2.9905362776025237,516
688,0.05,-361.04615384615386,1.93,3.4166666666666665,38.46212121212121,655,73,2.7938525913166257,125,3.5833333333333335,4
689,0.05,-303.9384615384615,1.855,3.196165191740413,38.78761061946903,670,77,2.39992514974591,125,3.3525073746312684,308
690,0.05,-301.95384615384614,1.8175,3.1285081240768093,38.41949778434269,671,79,2.9821142296940604,125,3.243722304283604,368
691,0.05,-357.9230769230769,2.0925,3.6722306525037935,38.986342943854325,648,74,2.366913753198378,125,3.82701062215478,48
692,0.05,-324.2769230769231,1.9141666666666666,3.23935389133627,38.67400881057269,684,79,2.062544156381541,125,3.343612334801762,230
693,0.05,-317.16923076923075,1.65,2.9390243902439024,37.96189024390244,650,71,2.78417824806951,125,3.096036585365854,347
694,0.05,-341.12307692307695,1.8733333333333333,3.3083969465648857,38.30839694656488,656,75,2.707673192336592,125,3.4396946564885496,424
695,0.05,-384.5692307692308,2.2191666666666667,3.7452135493372607,39.39911634756996,692,71,3.039054503591535,125,3.8762886597938144,383
696,0.05,-363.86153846153843,2.015,3.4947049924357034,38.62481089258699,669,75,2.6632794205160892,125,3.6459909228441756,60
697,0.05,-337.3538461538461,1.9516666666666667,3.278832116788321,38.767883211678836,689,76,4.982524316455738,125,3.4306569343065694,727
698,0.05,-332.6,1.7625,3.08649468892261,38.46433990895296,657,74,7.901670274203214,126,3.2276176024279213,663
699,0.05,-385.96923076923076,2.1175,3.56158357771261,39.306451612903224,687,73,2.421751753866175,126,3.7096774193548385,50
700,0.05,-331.70769230769235,1.9133333333333333,3.3960244648318043,38.60550458715596,657,74,2.51532413618425,126,3.536697247706422,62
701,0.05,-349.84615384615387,1.925,3.2409288824383164,38.37880986937591,685,73,2.3931632582501754,126,3.390420899854862,237
702,0.05,-314.2,1.7875,3.135618479880775,38.06110283159463,656,74,2.6678723907554898,126,3.299552906110283,67
703,0.05,-287.7384615384616,1.7025,2.981981981981982,37.65765765765766,657,75,4.169856489140884,126,3.1366366366366365,174
704,0.05,-355.78461538461534,2.0566666666666666,3.559577677224736,38.794871794871796,669,72,2.6221700875964777,126,3.726998491704374,614
705,0.05,-349.6,2.215,3.7011661807580176,39.54081632653061,690,80,2.6145203363542873,126,3.8411078717201166,883
706,0.05,-352.9846153846154,1.9775,3.3309248554913293,38.884393063583815,694,77,2.1778041464413813,126,3.476878612716763,816
707,0.05,-340.7076923076923,2.0316666666666667,3.4444444444444446,39.22518518518518,685,77,3.1125335429214274,126,3.5881481481481483,82
708,0.05,-322.89230769230767,2.0433333333333334,3.4664723032069973,39.291545189504376,677,82,2.779064066569589,126,3.621542940320233,369
709,0.05,-316.7846153846154,1.8133333333333332,3.2678018575851393,38.39318885448916,641,79,2.129737185352914,126,3.362229102167183,562
710,0.05,-319.4923076923077,1.7741666666666667,3.1786259541984734,38.693129770992364,654,76,2.367481071410454,126,3.312977099236641,650
711,0.05,-343.6,2.0725,3.31353591160221,38.8328729281768,733,79,1.9887399273174173,126,3.4447513812154695,862
712,0.05,-339.8461538461538,1.9433333333333334,3.3848484848484848,38.70151515151515,661,72,2.1110243480065303,126,3.522727272727273,333
713,0.05,-334.0615384615385,1.865,3.2759643916913945,38.731454005934715,671,75,1.6315905621062081,126,3.4421364985163203,179
714,0.05,-297.2615384615385,1.6391666666666667,2.851063829787234,37.64437689969605,663,69,3.1413261274923543,126,3.033434650455927,547
715,0.05,-343.8615384615385,2.0875,3.4236804564907275,39.07703281027104,702,78,2.5063037724066155,126,3.586305278174037,378
716,0.05,-317.5076923076923,1.8191666666666666,3.1816838995568686,38.019202363367796,673,72,2.2698309573753046,126,3.311669128508124,283
717,0.05,-412.78461538461534,2.2266666666666666,3.7380607814761215,39.40231548480463,697,76,2.2395124782643308,126,3.898697539797395,664
718,0.05,-326.0923076923077,1.8025,3.2418604651162792,38.53333333333333,646,77,2.2394428117451675,126,3.386046511627907,171
719,0.05,-351.0923076923077,1.8908333333333334,3.464788732394366,38.799687010954614,644,73,2.0657544216275663,126,3.5899843505477307,526
720,0.05,-328.44615384615383,1.9,3.2970149253731345,38.82388059701493,673,75,2.618025104295114,126,3.4477611940298507,535
721,0.05,-337.723076923077,1.8808333333333334,3.278787878787879,38.46515151515152,665,71,2.8158576536501254,126,3.434848484848485,243
722,0.05,-341.0,2.0025,3.445765230312036,38.481426448737,667,75,2.4551058682375855,126,3.5809806835066866,832
723,0.05,-336.4307692307692,1.7733333333333334,3.2720125786163523,38.28616352201258,639,71,2.182084847410628,126,3.419811320754717,875
724,0.05,-352.6769230769231,2.0683333333333334,3.4183381088825215,39.19770773638969,705,80,2.2762741461397487,126,3.5916905444126073,501
725,0.05,-337.0153846153846,1.985,3.338235294117647,38.70882352941177,675,70,3.912873239383105,126,3.525,139
726,0.05,-337.9846153846154,1.8225,3.2830482115085537,38.082426127527214,638,70,2.405665441519315,126,3.404354587869362,510
727,0.05,-341.10769230769233,1.9158333333333333,3.1363636363636362,38.38636363636363,702,73,2.2217758396230356,126,3.3224431818181817,271
728,0.05,-370.61538461538464,2.0391666666666666,3.355714285714286,39.00142857142857,714,73,2.4888040742887987,126,3.52,345
729,0.05,-334.4,1.9416666666666667,3.4410876132930515,38.873111782477345,670,79,2.0244289380052143,126,3.5589123867069485,249
730,0.05,-309.18461538461537,1.9733333333333334,3.513846153846154,39.15846153846154,653,80,3.0857594993425135,126,3.6369230769230767,233
731,0.05,-342.1692307692308,2.0975,3.530701754385965,39.3421052631579,685,79,2.939750689411546,126,3.66812865497076,592
732,0.05,-326.86153846153843,1.78,3.2372093023255815,38.64186046511628,647,75,2.3741959655524503,126,3.3674418604651164,682
733,0.05,-338.4307692307693,1.8483333333333334,3.214939024390244,38.26219512195122,659,72,2.7940239310294936,126,3.3490853658536586,275
734,0.05,-349.9846153846154,1.92,3.4033485540334856,38.74581430745814,656,73,2.106320732119508,126,3.549467275494673,267
735,0.05,-330.4769230769231,1.965,3.536321483771252,38.87480680061824,651,75,2.9237160234827213,126,3.6800618238021636,612
736,0.05,-309.69230769230774,1.9433333333333334,3.3391812865497075,38.48099415204678,684,80,2.2814842185314,126,3.4656934306569345,608
737,0.05,-322.4769230769231,1.7483333333333333,3.106153846153846,38.42,653,75,3.8845609259574556,126,3.246153846153846,503
738,0.05,-312.6769230769231,1.7841666666666667,3.1467065868263475,38.44461077844311,663,77,3.040312182128601,126,3.2739520958083834,95
739,0.05,-352.4769230769231,2.0408333333333335,3.5291479820627805,38.76382660687593,668,70,2.209961231954857,126,3.6576980568011956,879
740,0.05,-343.1076923076923,1.8716666666666666,3.4310618066561016,38.71315372424723,630,78,2.4131065954047424,126,3.594294770206022,288
741,0.05,-296.79999999999995,1.8091666666666666,3.171385991058122,38.5096870342772,679,78,1.7897273823139186,126,3.3110119047619047,265
742,0.05,-375.81538461538463,2.1966666666666668,3.7195845697329375,39.14243323442137,670,74,2.1780076554340475,126,3.8486646884273,87
743,0.05,-339.20000000000005,1.9616666666666667,3.539412673879444,38.84544049459042,646,73,2.896206874335293,126,3.6831530139103554,668
744,0.05,-289.7846153846154,1.7241666666666666,3.0090225563909776,38.04962406015038,661,76,2.163781932262562,126,3.1488721804511277,730
745,0.05,-309.7230769230769,1.82,3.12406576980568,38.34379671150972,665,77,1.596157215366553,126,3.2511210762331837,483
746,0.05,-297.9384615384615,1.7591666666666668,3.1713395638629285,38.495327102803735,645,77,1.6844911875786632,126,3.3032659409020217,763
747,0.05,-326.6307692307692,1.9458333333333333,3.506955177743431,38.73106646058733,644,79,2.4149342897180057,126,3.6476043276661514,215
748,0.05,-343.1692307692308,1.8766666666666667,3.31651376146789,38.51987767584098,651,74,1.8799049497155889,126,3.448012232415902,803
749,0.05,-313.12307692307695,1.8716666666666666,3.267857142857143,38.53720238095238,669,74,2.3462982036572915,126,3.431547619047619,131
750,0.05,-361.7846153846154,2.045,3.4399421128798844,38.98408104196816,697,76,1.7449503613289066,126,3.597684515195369,413
751,0.05,-364.12307692307695,2.2908333333333335,3.7458100558659218,39.773743016759774,726,78,2.595281504984212,126,3.8701117318435756,16
752,0.05,-317.66153846153844,1.895,3.2717872968980797,38.74741506646972,680,73,3.4132455456912068,126,3.432791728212703,898
753,0.05,-382.70769230769235,2.174166666666667,3.750741839762611,39.47032640949555,684,75,1.8114334165390722,126,3.8961424332344214,617
754,0.05,-352.55384615384617,2.0425,3.3854907539118066,38.87766714082503,713,73,2.4741665217009676,126,3.5206258890469417,427
755,0.05,-343.7846153846154,2.0366666666666666,3.4200581395348837,38.76889534883721,687,75,2.4330592639613884,126,3.563134978229318,428
756,0.05,-320.86153846153843,1.8433333333333333,3.1262848751835537,38.56681350954479,690,76,2.5411068413680598,126,3.2687224669603525,797
757,0.05,-402.3384615384615,2.295,3.8532374100719426,39.46187050359712,693,73,2.6055058265215263,126,4.002877697841726,819
758,0.05,-362.2307692307692,2.1341666666666668,3.6936671575846836,39.29455081001473,678,79,3.9109207422207297,126,3.8792341678939617,704
759,0.05,-348.38461538461536,1.9341666666666666,3.155425219941349,38.252199413489734,684,76,2.610438573425213,126,3.2829912023460412,110
760,0.05,-315.4307692307692,1.8741666666666668,3.370426829268293,38.547256097560975,648,80,2.3567153912469774,126,3.495426829268293,113
761,0.05,-324.78461538461534,1.8658333333333332,3.3630769230769233,38.69692307692308,652,76,2.3399689528710685,126,3.52,30
762,0.05,-337.4615384615385,2.0416666666666665,3.707547169811321,39.33018867924528,639,79,1.9188636231383915,126,3.8364779874213837,1
763,0.05,-314.2615384615384,1.8916666666666666,3.170487106017192,38.882521489971346,706,84,2.280552101893112,126,3.306590257879656,706
764,0.05,-367.0923076923077,2.0425,3.3333333333333335,39.362994350282484,712,81,5.182073836646482,126,3.5084745762711864,129
765,0.05,-304.12307692307695,1.7941666666666667,3.16966966966967,38.330330330330334,670,76,2.5878506407236435,126,3.313813813813814,541
766,0.05,-307.03076923076924,1.955,3.2685714285714287,38.79857142857143,695,79,3.565526290010026,126,3.412857142857143,172
767,0.05,-315.0153846153846,1.7233333333333334,3.064914992272025,38.48377125193199,647,76,7.281195267350017,126,3.2194744976816074,880
768,0.05,-325.63076923076915,1.91,3.3978658536585367,38.4984756097561,650,75,2.3100177939400055,126,3.5625,257
769,0.05,-326.7846153846154,1.93,3.160968660968661,38.87891737891738,708,83,2.82301216343417,126,3.304843304843305,258
770,0.05,-336.723076923077,1.9358333333333333,3.3812405446293496,38.75794251134644,668,76,1.8351784380543408,126,3.5483383685800605,689
771,0.05,-315.2,1.7725,3.0843373493975905,38.16415662650602,655,80,2.404684685266661,126,3.2394578313253013,125
772,0.05,-320.30769230769226,1.8925,3.3378582202111615,38.57767722473605,663,79,2.5129890557752894,126,3.4947209653092006,624
773,0.05,-262.5076923076923,1.6158333333333332,2.9302694136291603,38.21553090332805,631,83,2.834003383254887,126,3.074484944532488,11
774,0.05,-301.9846153846154,1.7558333333333334,3.3943894389438944,38.74917491749175,603,77,3.0000012992203358,126,3.5346534653465347,563
775,0.05,-332.4923076923077,1.865,3.317073170731707,38.61585365853659,655,73,4.0385473937026,126,3.4466463414634148,743
776,0.05,-314.6461538461538,1.8458333333333334,3.1555555555555554,38.44592592592593,675,79,2.1449912829672138,126,3.3051851851851852,677
777,0.05,-295.9230769230769,1.7508333333333332,3.128834355828221,38.45092024539877,657,77,6.382125279364702,126,3.3067484662576687,180
778,0.05,-333.10769230769233,1.8058333333333334,3.041116005873715,38.33186490455213,691,76,2.7410156360033655,126,3.193832599118943,51
779,0.05,-321.2307692307692,1.9691666666666667,3.3744493392070485,39.05726872246696,668,85,2.7472090802354368,126,3.530102790014684,655
780,0.05,-315.92307692307696,1.9891666666666667,3.4527736131934033,39.104947526236884,658,82,1.8565489681433187,126,3.5952023988005997,135
781,0.05,-258.66153846153844,1.6516666666666666,3.126418152350081,37.87682333873582,613,79,7.452146955460108,126,3.2901134521880064,279
782,0.05,-320.46153846153845,1.8675,3.1126961483594866,38.48074179743224,694,82,2.628520491817298,126,3.231098430813124,492
783,0.05,-285.0615384615385,1.7083333333333333,3.0894819466248036,38.31868131868132,641,79,2.330755536487195,126,3.2339089481946623,40
784,0.05,-322.6461538461538,1.895,3.155072463768116,38.743478260869566,698,84,2.3589500337687683,126,3.301449275362319,532
785,0.05,-306.18461538461537,1.8058333333333334,3.1898928024502298,38.35222052067381,651,81,2.293522876532851,126,3.329249617151608,228
786,0.05,-307.8153846153846,1.8466666666666667,3.149779735682819,38.543318649045524,684,77,3.08540715360001,126,3.299559471365639,434
787,0.05,-336.12307692307695,2.0308333333333333,3.5177514792899407,39.210059171597635,674,82,1.680961076763632,126,3.6479289940828403,750
788,0.05,-328.63076923076926,2.0708333333333333,3.5354558610709117,39.3849493487699,681,80,3.092743711055705,126,3.659913169319826,276
789,0.05,-319.1692307692308,1.8491666666666666,3.2087087087087087,38.306306306306304,664,76,1.9082450819144563,126,3.355855855855856,393
790,0.05,-313.76923076923083,1.9258333333333333,3.1687587168758715,38.85913528591353,719,80,2.2293151291933424,126,3.319386331938633,546
791,0.05,-298.723076923077,1.8133333333333332,3.2523219814241484,38.67956656346749,658,83,2.466371136783585,126,3.3802163833075736,458
792,0.05,-317.3538461538462,2.033333333333333,3.623456790123457,39.16975308641975,657,84,2.738578210768431,126,3.75,736
793,0.05,-288.12307692307695,1.8016666666666667,3.0548961424332344,38.27893175074184,678,80,2.6874660643784867,126,3.1839762611275964,57
794,0.05,-340.95384615384614,1.9791666666666667,3.3929618768328447,39.171554252199414,685,74,4.429274985878637,126,3.5454545454545454,849
795,0.05,-292.2307692307692,1.7783333333333333,3.270440251572327,38.776729559748425,634,82,2.285127996968209,126,3.4182389937106916,409
796,0.05,-334.1846153846154,2.0375,3.726550079491256,39.39427662957075,638,77,2.4632890601304913,126,3.8855325914149446,154
797,0.05,-343.7538461538462,2.1175,3.6415929203539825,39.19469026548673,680,78,2.5598375342070407,126,3.7669616519174043,392
798,0.05,-326.36923076923074,2.04,3.625570776255708,39.117199391171994,660,79,2.562343572954786,126,3.841704718417047,552
799,0.05,-303.9384615384615,2.0108333333333333,3.524812030075188,39.2812030075188,664,84,1.6429762853240777,126,3.655639097744361,364
800,0.05,-336.9230769230769,2.006666666666667,3.47976011994003,38.67616191904048,664,74,2.496970321931662,126,3.6446776611694154,874
801,0.05,-335.04615384615386,1.98,3.4095665171898357,39.06726457399103,665,83,6.153754838510355,126,3.5560538116591927,687
802,0.05,-341.67692307692306,1.9458333333333333,3.4474474474474475,39.01801801801802,658,76,1.7308137094317477,126,3.6186186186186187,211
803,0.05,-281.63076923076926,1.73,3.1029641185647425,37.9204368174727,632,78,2.373754655380381,126,3.2449297971918876,22
804,0.05,-313.4769230769231,1.85,3.2072072072072073,38.650150150150154,668,77,2.840435594485869,126,3.354354354354354,787
805,0.05,-307.53846153846155,1.9525,3.3178519593613935,39.19013062409289,688,86,2.8100756250903935,126,3.4775036284470247,896
806,0.05,-322.3076923076923,1.8616666666666666,3.154970760233918,38.71491228070175,687,75,2.67409121188591,126,3.3128654970760234,134
807,0.05,-320.36923076923074,1.9641666666666666,3.4877300613496933,38.9739263803681,653,73,6.179311998915552,126,3.665644171779141,430
808,0.05,-295.36923076923074,1.7291666666666667,3.1160990712074303,38.54643962848297,649,75,3.6032633814441137,126,3.2414860681114552,146
809,0.05,-312.4769230769231,1.8841666666666668,3.2589285714285716,38.71577380952381,669,76,2.7413104752481194,126,3.3988095238095237,108
810,0.05,-382.61538461538464,2.1108333333333333,3.451063829787234,38.99858156028369,700,77,3.180168554166257,126,3.6042553191489364,322
811,0.05,-312.4,1.79,3.110456553755523,38.5920471281296,680,77,5.676688561121843,126,3.276877761413844,772
812,0.05,-333.6615384615385,1.9825,3.3914956011730206,39.016129032258064,680,79,2.9708081983102086,126,3.5205278592375366,217
813,0.05,-341.7846153846154,2.0458333333333334,3.3304721030042916,38.76394849785408,702,76,4.196631507454388,126,3.4892703862660945,352
814,0.05,-314.2461538461539,1.8716666666666666,3.2710843373493974,38.66867469879518,668,78,3.1654727307355874,126,3.4171686746987953,593
815,0.05,-289.8,1.6933333333333334,2.978361669242658,38.1468315301391,653,82,1.9688134196738503,126,3.0834621329211744,591
816,0.05,-311.15384615384613,1.8833333333333333,3.426791277258567,38.88473520249221,634,79,2.6122397607646386,126,3.588785046728972,695
817,0.05,-278.4923076923077,1.6458333333333333,3.004680187207488,38.27769110764431,639,78,2.451656380593688,126,3.145085803432137,188
818,0.05,-261.7692307692308,1.5783333333333334,2.9728,37.8704,610,81,6.460314578210345,126,3.1264,751
819,0.05,-354.2615384615384,2.2016666666666667,3.650429799426934,39.810888252149,706,83,2.414104595447145,126,3.7851002865329515,341
820,0.05,-306.38461538461536,1.925,3.230656934306569,38.53868613138686,686,80,2.188068827847296,126,3.375182481751825,872
821,0.05,-293.1384615384615,1.7741666666666667,3.169207317073171,38.271341463414636,643,77,3.177469415208533,126,3.3125,3
822,0.05,-296.15384615384613,1.7116666666666667,3.0559006211180124,38.51863354037267,646,78,1.9044542591166111,126,3.209627329192547,829
823,0.05,-292.9384615384615,1.6091666666666666,2.955484896661367,37.96184419713831,633,75,2.763613533201606,126,3.079491255961844,856
824,0.05,-287.1692307692308,1.7125,2.9275147928994083,38.417159763313606,676,81,2.216190248885993,126,3.0710059171597632,490
825,0.05,-279.6153846153846,1.7241666666666666,3.0354391371340523,38.63790446841294,656,83,2.0000561171271727,126,3.177195685670262,143
826,0.05,-329.50769230769237,2.0116666666666667,3.314245810055866,39.013966480446925,718,79,3.2131069740281406,126,3.4728033472803346,847
827,0.05,-306.38461538461536,1.8258333333333334,3.1338235294117647,39.055882352941175,685,82,1.860676871396365,126,3.304411764705882,414
828,0.05,-277.29230769230765,1.7366666666666666,2.9679300291545188,38.49125364431487,689,78,2.2588618006115206,126,3.1470160116448325,66
829,0.05,-308.86153846153843,1.7933333333333332,3.087218045112782,38.33684210526316,663,77,4.15658073215659,126,3.2406015037593985,675
830,0.05,-359.76923076923083,2.0858333333333334,3.4793152639087017,38.940085592011414,706,77,3.8660905602645923,126,3.653352353780314,76
831,0.05,-288.44615384615383,1.8166666666666667,3.104704097116844,38.38088012139605,667,79,3.083718386785889,126,3.213960546282246,749
832,0.05,-325.5692307692308,2.058333333333333,3.5592203898050974,39.23088455772114,661,81,1.9992278801606034,126,3.694152923538231,465
833,0.05,-303.55384615384617,1.8475,3.2756024096385543,38.786144578313255,665,82,2.1584487527860343,126,3.3990963855421685,156
834,0.05,-293.0923076923077,1.7016666666666667,3.0902021772939348,38.475894245723175,652,78,2.2546123918359875,126,3.23950233281493,466
835,0.05,-296.4923076923077,1.865,3.262443438914027,38.867269984917044,659,82,1.9790882419826774,126,3.411764705882353,658
836,0.05,-296.3846153846154,1.8333333333333333,3.2465960665658096,38.65204236006051,651,82,1.503967373227164,126,3.40393343419062,390
837,0.05,-294.2923076923077,1.7083333333333333,3.0400616332819723,38.28351309707242,647,79,1.7291927852068976,126,3.1784615384615384,835
838,0.05,-285.2461538461539,1.7141666666666666,2.9910846953937593,38.298662704309066,659,80,2.47070867549653,126,3.164933135215453,193
839,0.05,-297.4769230769231,1.9141666666666666,3.3706505295007565,39.062027231467475,661,84,4.066704113002754,126,3.5537065052950076,280
840,0.05,-283.5076923076923,1.7541666666666667,3.1069277108433737,38.704819277108435,664,82,5.865910367035447,126,3.2424698795180724,757
841,0.05,-304.95384615384614,1.8733333333333333,3.1523947750362846,39.1233671988389,701,77,4.1047082878784416,126,3.309143686502177,536
842,0.05,-314.8,1.965,3.4064327485380117,39.191520467836256,686,81,3.149949172065412,126,3.5453216374269005,868
843,0.05,-334.3846153846154,2.058333333333333,3.4084302325581395,38.7093023255814,690,82,2.65132635973345,126,3.550872093023256,571
844,0.05,-294.36923076923074,1.8075,3.2142857142857144,38.58966565349544,654,81,2.3037535775753697,126,3.357142857142857,441
845,0.05,-291.7538461538461,1.8525,3.2579666160849774,38.69347496206373,652,80,1.872441518152662,126,3.420333839150228,21
846,0.05,-292.1846153846154,1.8666666666666667,3.26355421686747,38.98343373493976,668,83,2.046566452117933,126,3.411144578313253,830
847,0.05,-307.61538461538464,1.9575,3.4824961948249618,38.93607305936073,655,80,2.006727284797484,126,3.6362252663622527,700
848,0.05,-290.69230769230774,1.7216666666666667,3.0826833073322932,38.46021840873635,645,77,2.038766621430904,126,3.1934477379095165,431
849,0.05,-289.5076923076923,1.71,2.98796992481203,38.446616541353386,667,80,1.9793886426913614,126,3.1353383458646618,444
850,0.05,-305.8461538461538,1.9216666666666666,3.370870870870871,39.168168168168165,671,81,2.3703875720598098,126,3.548048048048048,574
851,0.05,-300.10769230769233,1.9158333333333333,3.272459499263623,38.56111929307806,675,81,1.9942930942637003,126,3.413843888070692,499
852,0.05,-334.6615384615384,1.9891666666666667,3.3429394812680115,39.122478386167145,699,80,1.9966738835694287,126,3.4913544668587897,301
853,0.05,-302.8769230769231,1.9541666666666666,3.551937984496124,39.11162790697674,644,81,2.398554462899501,126,3.702325581395349,598
854,0.05,-326.7692307692307,1.8916666666666666,3.2709580838323356,39.19311377245509,676,81,3.8008019741475882,126,3.4266467065868262,319
855,0.05,-320.9846153846154,1.8841666666666668,3.392464678178964,38.51020408163265,634,77,3.3069824254776004,126,3.533751962323391,637
856,0.05,-336.5538461538461,1.9308333333333334,3.2395982783357247,38.496413199426115,699,82,3.8860530790436334,126,3.3787661406025826,282
857,0.05,-319.79999999999995,2.125,3.674074074074074,39.60148148148148,678,85,2.9447370656574647,126,3.8162962962962963,307
858,0.05,-313.8,1.8241666666666667,3.051948051948052,38.292929292929294,684,78,2.4912349452227858,126,3.1976911976911975,613
859,0.05,-315.4769230769231,2.0325,3.382947976878613,39.036127167630056,691,82,2.5413260173515897,126,3.520923520923521,240
860,0.05,-336.78461538461534,2.0283333333333333,3.398293029871977,38.887624466571836,696,79,2.4093288746445682,126,3.561877667140825,561
861,0.05,-339.5846153846154,1.9508333333333334,3.417549167927383,38.97428139183056,666,81,2.696347316972986,126,3.5597579425113466,570
862,0.05,-302.5230769230769,1.8758333333333332,3.4558359621451102,38.709779179810724,626,76,2.1279591914694924,126,3.6056782334384856,699
863,0.05,-294.5846153846154,1.9591666666666667,3.3134328358208953,39.02238805970149,670,83,2.647669111800436,126,3.464179104477612,681
864,0.05,-313.6461538461539,1.9516666666666667,3.37910447761194,38.994029850746266,673,77,2.9687269926934916,126,3.5074626865671643,616
865,0.05,-339.4307692307693,1.95,3.4225563909774435,38.780451127819546,664,73,4.4064986505519785,126,3.566917293233083,317
866,0.05,-290.13846153846157,1.8025,3.1546546546546548,38.312312312312315,667,77,2.6541782945162,126,3.294294294294294,780
867,0.05,-304.87692307692305,1.7783333333333333,3.235387045813586,38.837282780410746,641,77,2.0015720498279164,126,3.3507109004739335,719
868,0.05,-325.95384615384614,1.9066666666666667,3.2459736456808197,39.02928257686676,676,82,2.446165710894993,126,3.3792093704245976,753
869,0.05,-314.55384615384617,1.9033333333333333,3.245614035087719,38.760233918128655,682,78,2.7309907089867393,126,3.397080291970803,800
870,0.05,-338.55384615384617,1.8833333333333333,3.4864433811802233,38.39553429027113,627,72,2.5045707917887303,126,3.6475279106858056,568
871,0.05,-383.4153846153846,2.078333333333333,3.6341463414634148,38.8719512195122,650,73,2.442762355608983,126,3.768292682926829,302
872,0.05,-347.1538461538462,1.8458333333333334,3.0680473372781063,38.29585798816568,686,75,2.0975865748474267,126,3.2189349112426036,826
873,0.05,-336.7846153846154,2.0258333333333334,3.375730994152047,38.9546783625731,684,79,2.157328469965515,126,3.52046783625731,782
874,0.05,-331.55384615384617,1.9166666666666667,3.350824587706147,38.703148425787106,662,75,1.819916785000522,126,3.52023988005997,73
875,0.05,-368.1846153846154,2.225,3.679886685552408,39.52832861189802,696,79,2.2072213810521295,126,3.8328611898016995,775
876,0.05,-317.29230769230765,1.8883333333333334,3.1773049645390072,38.81276595744681,696,76,2.8746314416408656,126,3.326241134751773,115
877,0.05,-316.20000000000005,1.9766666666666666,3.235127478753541,38.696883852691215,707,78,1.7242677506337367,126,3.3711048158640224,287
878,0.05,-373.8923076923078,2.015833333333333,3.5479041916167664,38.8502994011976,662,72,3.091411054168977,126,3.7005988023952097,191
879,0.05,-337.55384615384617,2.0775,3.6220588235294118,39.213235294117645,680,77,2.6418739276836445,126,3.7455882352941177,496
880,0.05,-344.89230769230767,1.8816666666666666,3.2270676691729325,38.625563909774435,675,75,2.3031593409174334,126,3.395488721804511,104
881,0.05,-310.95384615384614,1.8516666666666666,3.3385093167701863,38.97826086956522,647,82,1.840971918672068,126,3.481366459627329,176
882,0.05,-304.0153846153846,1.9141666666666666,3.302255639097744,38.58796992481203,672,80,2.41849983135837,126,3.473684210526316,845
883,0.05,-334.3538461538461,2.0475,3.6036866359447006,39.01228878648234,643,76,3.312333520673359,126,3.737327188940092,844
884,0.05,-330.7538461538462,2.046666666666667,3.464183381088825,38.71919770773639,695,77,8.537084298715559,126,3.608882521489971,7
885,0.05,-342.2769230769231,1.88,3.3298192771084336,38.5722891566265,667,69,4.445786585726067,126,3.4939759036144578,487
886,0.05,-287.3230769230769,1.6691666666666667,3.0217391304347827,37.98757763975155,639,75,2.7212816363856693,126,3.152173913043478,351
887,0.05,-325.3076923076923,1.8533333333333333,3.2285714285714286,38.57142857142857,658,74,2.7295494636069875,126,3.356390977443609,581
888,0.05,-312.75384615384615,1.9016666666666666,3.3268072289156625,38.79819277108434,666,77,2.3682013068762986,126,3.450301204819277,881
889,0.05,-303.0769230769231,1.8283333333333334,3.096632503660322,38.40556368960468,685,77,2.612989418759854,126,3.2005856515373354,639
890,0.05,-329.30769230769226,1.9633333333333334,3.4857571214392804,39.088455772113946,663,73,2.895448469151321,126,3.634182908545727,377
891,0.05,-327.3692307692308,1.9783333333333333,3.274928774928775,38.96866096866097,700,75,2.9047994926842726,126,3.4515669515669516,78
892,0.05,-323.75384615384615,1.9758333333333333,3.3628318584070795,38.42920353982301,669,78,2.49374968438863,126,3.5162241887905603,632
893,0.05,-322.3384615384615,1.7583333333333333,2.9941089837997055,37.95581737849779,683,75,7.411045053704525,127,3.125184094256259,315
894,0.05,-340.6615384615385,1.9916666666666667,3.4324324324324325,38.885885885885884,660,74,5.899772807563784,127,3.5915915915915915,29
895,0.05,-355.6,2.115,3.6551204819277108,39.03915662650602,661,76,2.1073725485130463,127,3.805722891566265,425
896,0.05,-293.6,1.8591666666666666,3.412403100775194,38.950387596899226,644,79,6.471865283124332,127,3.558139534883721,184
897,0.05,-282.9076923076923,1.8275,3.3146417445482865,38.68847352024922,636,80,3.5528237405538157,127,3.439252336448598,504
898,0.05,-317.8307692307692,1.8575,3.198224852071006,38.485207100591715,674,75,2.0022144165303497,127,3.3032544378698225,801
899,0.05,-325.78461538461534,1.8116666666666668,3.2130898021308982,38.948249619482496,671,79,4.238289073917495,127,3.3272450532724505,607
