episode,epsilon,total_reward,avg_queue,avg_wait_s,avg_travel_s,throughput,switches,td_loss,q_table_states,avg_delay_s,traffic_seed
0,1.0,-14065.33846153846,82.91583333333334,114.54031117397454,223.52616690240453,705,74,8751.028705066348,65,320.695462478185,438
1,0.9945,-11723.876923076923,76.8875,119.23809523809524,222.27755102040817,674,79,7063.827967626256,107,251.45570776255707,392
2,0.989,-11770.492307692308,71.7525,108.3731343283582,216.26119402985074,656,78,6505.569190646998,125,300.4632352941176,222
3,0.9835,-11956.692307692309,69.61833333333334,96.78787878787878,209.1969696969697,707,79,6778.701613536361,135,255.84952380952382,885
4,0.9781,-12644.292307692307,73.755,105.44113667117726,212.7997293640054,696,77,6948.735042586355,149,302.3167701863354,643
5,0.9726,-12159.63076923077,76.05666666666667,114.45225464190982,226.93368700265253,668,75,6695.318059575718,161,248.94232558139535,439
6,0.9673,-12055.415384615386,73.9475,112.77331420373027,227.92395982783358,684,76,6187.062357411667,167,305.42541436464086,708
7,0.9619,-12652.123076923079,88.44166666666666,147.72307692307692,244.54,635,78,6812.853276947503,171,322.8028545941124,0
8,0.9566,-12329.06153846154,63.781666666666666,86.5065868263473,199.95209580838323,795,74,6458.360891416259,179,224.83485401459853,808
9,0.9513,-13116.446153846155,80.50583333333333,124.73323397913562,237.61251862891208,635,75,7808.8025157844595,185,333.5160403299725,185
10,0.946,-11866.184615384616,69.995,95.31105398457584,205.01285347043702,737,77,6833.142349555756,193,254.71124889282552,47
11,0.9408,-11938.646153846154,71.51,109.46050870147256,215.21954484605087,696,77,6572.639277822287,195,228.351376146789,558
12,0.9356,-12139.123076923077,74.3475,112.05916305916305,227.7113997113997,645,78,6889.16020858721,198,290.2850595783685,846
13,0.9304,-13448.815384615384,79.23166666666667,105.63461538461539,216.6508875739645,673,76,8035.223686781882,200,318.2123161764706,879
14,0.9253,-10392.107692307693,66.20166666666667,98.56662180349933,202.65948855989234,705,78,5213.880631821502,202,212.71088746569075,737
15,0.9202,-12373.953846153847,77.54083333333334,119.38649425287356,232.20114942528735,673,78,8332.105298385317,204,290.9137614678899,23
16,0.9151,-11734.784615384615,65.28583333333333,85.10963855421687,192.01927710843373,790,77,6970.287058530318,207,205.39410681399633,583
17,0.91,-11997.907692307694,75.29,111.38164893617021,211.4281914893617,714,76,7601.379972678245,209,221.41769743101807,488
18,0.905,-12189.415384615382,74.15166666666667,112.61232876712329,212.57945205479453,677,76,6073.5204127027055,211,275.6402070750647,431
19,0.9,-11727.846153846152,76.32083333333334,113.50074294205052,228.8216939078752,644,83,7180.357460522219,211,286.3200740055504,551
20,0.895,-12348.8,74.31083333333333,107.3574529667149,221.34876989869753,673,78,7489.98001178004,215,288.97197106690777,144
21,0.89,-12122.676923076922,79.30666666666667,126.21991084695394,234.3818722139673,660,80,6284.884716116707,217,301.6648451730419,150
22,0.8851,-11105.015384615384,62.155,85.125,186.4478155339806,782,73,6105.791329467018,220,216.21702525724976,856
23,0.8802,-12853.938461538462,75.7325,111.84794520547945,218.8232876712329,697,75,7849.775305891316,221,269.805476864967,806
24,0.8753,-12036.76923076923,71.11083333333333,106.46639231824417,215.89986282578874,679,78,7327.766750439118,225,281.476320582878,305
25,0.8705,-11105.953846153847,57.63166666666667,73.14702450408402,167.0536756126021,815,73,5473.10693188643,229,163.03564727954972,541
26,0.8657,-10294.446153846155,62.11333333333334,82.0084541062802,187.6159420289855,772,79,5166.7880162095125,233,206.16712580348943,730
27,0.8609,-11210.169230769232,71.54666666666667,90.14780600461894,206.71247113163972,827,78,7367.448777006584,238,188.88796296296297,366
28,0.8561,-10040.707692307693,56.305,79.0489417989418,179.33333333333334,741,78,5382.372765011857,250,233.68297101449275,848
29,0.8514,-13118.615384615385,88.82833333333333,134.16968011126565,249.3393602225313,690,76,9104.42531878797,251,284.69424460431657,362
30,0.8467,-10830.63076923077,61.14416666666666,82.22944297082228,186.82228116710874,744,76,5694.430848123919,255,220.4392082940622,333
31,0.842,-11013.815384615384,67.655,91.42208588957055,197.4282208588957,760,76,6841.832037446247,257,223.47074468085106,337
32,0.8373,-11872.63076923077,73.3075,105.05912596401028,213.2776349614396,731,78,7636.229861455618,258,232.76449598572702,298
33,0.8327,-12169.123076923075,67.18583333333333,86.09925558312655,195.8014888337469,807,76,8129.171281368086,261,253.60692102928127,523
34,0.8281,-11419.4,62.774166666666666,83.47439024390243,198.85853658536584,773,78,6803.066051860856,261,210.5175517551755,503
35,0.8235,-11246.400000000001,76.59083333333334,109.91057934508817,212.29471032745593,711,77,7364.330127409792,264,225.34604904632153,340
36,0.819,-10983.107692307693,70.74,104.03942181340342,207.49671484888304,683,79,6632.374469135319,270,238.10493273542602,704
37,0.8144,-9946.461538461539,60.65833333333333,80.69047619047619,178.36621315192744,769,78,6036.607349674891,272,148.35569852941177,72
38,0.8099,-11023.8,62.81666666666667,88.45549738219896,203.5392670157068,703,78,6512.9279501978135,274,213.41187384044528,374
39,0.8054,-12681.36923076923,77.48583333333333,109.09056603773585,212.98490566037736,751,72,8316.87976867543,274,244.63176265270505,663
40,0.801,-11243.538461538461,63.626666666666665,86.677545691906,199.411227154047,757,76,6913.2091001027875,275,250.70998116760828,104
41,0.7966,-12204.753846153846,72.24833333333333,109.29834254143647,221.56906077348066,713,79,8165.940555697904,275,289.80035180299035,4
42,0.7922,-11830.276923076923,65.50916666666667,86.36046511627907,184.73953488372092,797,70,8466.76522222873,277,182.55605786618446,232
43,0.7878,-12000.276923076923,75.08333333333333,116.115438108484,231.4728789986092,668,78,7974.815431868343,277,247.2038745387454,425
44,0.7834,-11256.276923076923,61.92333333333333,82.18002466091245,189.13686806411837,773,74,7004.81749303706,279,230.2661804922516,538
45,0.7791,-12028.76923076923,67.0825,93.05472636815921,201.52238805970148,753,75,7343.46906387554,282,220.1201793721973,238
46,0.7748,-11724.76923076923,70.29583333333333,100.84968944099379,195.57391304347826,774,71,6843.35874211512,284,205.5693023255814,796
47,0.7705,-11878.33846153846,72.58,102.51455026455027,226.68915343915344,720,80,7973.2326305357965,287,262.4185022026432,690
48,0.7662,-10304.953846153847,60.3425,83.84830097087378,187.19660194174756,735,77,7636.413732093059,290,206.106884057971,756
49,0.762,-12535.015384615384,65.5025,83.77555816686251,183.14806110458284,836,70,8002.013963978256,292,201.53026196928636,78
50,0.7578,-11955.4,70.49333333333334,95.75443037974684,201.36962025316456,752,72,8369.936573939249,294,225.77890841813135,234
51,0.7536,-11535.476923076923,69.805,94.06854345165239,190.4394124847001,763,73,8863.685959445766,294,222.85340314136127,482
52,0.7494,-9092.707692307693,47.87,62.39745075318656,152.45654692931635,817,72,4554.935168177764,295,138.26641294005708,134
53,0.7453,-11915.523076923077,66.08916666666667,91.30193236714976,193.4903381642512,769,70,7157.0282647702725,296,203.40148011100834,554
54,0.7411,-11077.461538461539,64.85916666666667,83.6491646778043,195.52625298329355,808,77,6935.235680395048,296,225.88430493273543,310
55,0.737,-12614.953846153847,75.62,118.40807799442896,222.92618384401115,678,76,6775.742044749648,297,251.52705061082025,544
56,0.733,-10236.353846153846,59.0975,84.35593220338983,175.8174706649283,745,76,5421.829667973887,299,210.3687615526802,74
57,0.7289,-11255.646153846155,68.92083333333333,98.78880407124682,191.9618320610687,715,74,6805.93297425668,304,222.89128481581312,288
58,0.7249,-11967.000000000002,71.18916666666667,106.09391534391534,210.3148148148148,712,73,8539.784613026723,305,242.61958568738228,898
59,0.7209,-12920.938461538462,76.70916666666666,107.94552529182879,223.42412451361866,734,72,10543.222546348607,305,233.36036036036037,327
60,0.7169,-9592.292307692307,59.98833333333334,82.3710843373494,173.6132530120482,761,75,5412.771710629681,313,199.5197486535009,142
61,0.7129,-8636.815384615384,49.085,58.716106604866745,140.56778679026652,805,75,4922.35091151752,314,156.19816513761467,843
62,0.709,-10438.10769230769,52.53333333333333,66.63119709794438,161.48730350665053,820,77,4977.465771234115,314,212.22064056939502,324
63,0.705,-11585.123076923077,58.5925,70.83391405342626,169.6608594657375,866,71,5893.699900498812,314,218.95874439461883,781
64,0.7011,-9605.723076923077,59.13916666666667,78.79359430604983,173.45670225385527,812,80,6894.553428174222,315,200.0611510791367,153
65,0.6973,-8579.06153846154,45.87416666666667,59.71921749136939,146.3325661680092,810,72,5739.62455133411,315,142.88588007736945,20
66,0.6934,-10750.476923076923,55.9175,74.23572296476306,164.5273390036452,792,71,5539.984177222005,316,198.01869158878506,7
67,0.6896,-11688.0,62.2975,80.56580427446569,177.89876265466816,826,71,6482.4205683790715,317,157.701722574796,396
68,0.6858,-7484.553846153846,35.945,41.90652173913043,123.56195652173913,917,71,5109.491503248868,323,154.9318181818182,562
69,0.682,-11917.184615384616,60.1075,77.76629766297663,183.53628536285362,827,75,7431.960622749692,323,220.15162790697676,685
70,0.6782,-9156.230769230768,51.635,58.63397947548461,149.01824401368302,889,73,5062.843563192338,324,172.75816993464053,312
71,0.6744,-11593.338461538462,65.17583333333333,91.47916666666667,195.90885416666666,738,76,6962.014864120302,324,225.653371320038,66
72,0.6707,-11246.846153846152,67.835,92.00956937799043,192.4031100478469,779,76,6935.2489519076935,324,212.23722627737226,114
73,0.667,-12274.738461538462,71.51083333333334,101.363304981774,203.4933171324423,763,70,9817.76128083427,324,201.47822222222223,163
74,0.6633,-10771.061538461538,57.50833333333333,78.02810304449649,173.0128805620609,781,68,5601.943366642875,329,182.3580586080586,338
75,0.6596,-11403.676923076924,55.719166666666666,70.48331415420023,182.17491369390103,850,72,8295.758244756187,330,198.57605760576058,593
76,0.656,-11750.153846153848,63.51083333333333,85.33827160493827,190.51111111111112,766,73,6962.885194504237,332,230.65302491103202,863
77,0.6524,-10751.600000000002,60.24666666666667,76.10337323177367,177.16866158868336,834,74,7891.478041408012,336,175.27053571428573,877
78,0.6487,-12777.507692307692,69.52833333333334,90.99505562422745,199.0741656365884,810,74,12977.964729808877,336,233.42321755027422,376
79,0.6452,-10347.86153846154,58.41416666666667,79.64404761904763,168.85357142857143,774,71,5703.030193257213,339,191.9140767824497,723
80,0.6416,-9941.400000000001,54.85333333333333,72.06071428571428,175.90833333333333,861,77,3820.657297760984,339,208.93525179856115,463
81,0.638,-10565.015384615384,60.47833333333333,71.84334763948497,163.52038626609442,836,74,7272.705499186747,341,139.46470062555852,734
82,0.6345,-10915.16923076923,54.97,69.91408934707904,171.78579610538372,809,74,6333.647929711517,341,189.23686553873554,96
83,0.631,-9745.938461538462,54.013333333333335,71.34143518518519,165.57407407407408,816,74,6639.354168703915,343,177.36363636363637,118
84,0.6275,-10742.0,54.806666666666665,73.83882352941177,170.2235294117647,796,70,6026.090556736384,347,184.4435411020777,483
85,0.624,-10138.584615384614,52.1825,66.04838709677419,165.1048387096774,842,74,5116.524567384274,347,188.31540565177758,371
86,0.6206,-7927.661538461538,40.7825,52.22767857142857,140.32477678571428,872,74,4850.430730887051,349,131.27741330834115,674
87,0.6171,-8796.138461538463,42.1,50.77591973244147,141.89297658862876,907,71,3736.5425453291814,349,143.7830985915493,395
88,0.6137,-11495.061538461538,71.76416666666667,96.12454212454213,197.7826617826618,738,74,7452.986475314849,350,209.94117647058823,807
89,0.6103,-11643.184615384616,64.93,85.6844547563805,190.52088167053364,802,72,6109.235226785138,351,172.10612991765782,573
90,0.607,-11279.753846153846,70.725,90.51535087719299,203.3530701754386,828,75,7979.587886696631,351,187.21225577264653,552
91,0.6036,-13040.153846153848,70.49833333333333,101.93324937027708,216.60831234256926,762,73,9107.40958266017,353,216.6780128794848,699
92,0.6003,-11106.10769230769,57.07833333333333,75.9483793517407,179.35294117647058,805,75,6218.797555039354,353,199.08039747064137,211
93,0.5969,-11793.4,68.46333333333334,96.65844636251542,194.21085080147967,729,67,8177.2119150024955,356,226.66636197440585,645
94,0.5936,-12255.876923076923,72.28,100.9035846724351,210.82200247218788,729,75,9485.406793391976,357,223.84317343173433,560
95,0.5904,-11720.33846153846,62.01,80.32517482517483,176.26923076923077,810,69,6572.003735763107,357,194.0372340425532,728
96,0.5871,-10751.723076923077,51.22416666666667,64.14146341463415,170.34756097560975,840,78,8251.047234617741,357,186.44888023369035,112
97,0.5838,-12843.938461538462,64.54916666666666,81.06498194945848,187.6245487364621,794,69,9879.981510684556,359,219.9759481961147,854
98,0.5806,-10648.43076923077,56.575833333333335,71.55070754716981,157.3195754716981,808,69,6874.7895434423,359,195.97826086956522,302
99,0.5774,-12220.830769230768,69.19666666666667,91.11282660332542,204.33135391923992,810,74,8983.357577520046,359,219.4063063063063,106
100,0.5742,-10734.923076923078,62.71333333333333,81.47811059907833,176.8548387096774,822,73,6823.619710422157,361,183.2230281051677,93
101,0.571,-12481.0,61.84166666666667,80.72963400236128,177.9327036599764,796,64,8687.563282356119,363,194.02823315118397,857
102,0.5679,-9409.2,47.774166666666666,60.208826695371364,144.36383207750268,894,68,5898.199091742847,364,145.83727034120736,832
103,0.5647,-9340.307692307693,45.16416666666667,53.51521739130435,144.59130434782608,918,72,5202.677333634854,365,143.96129612961298,329
104,0.5616,-10881.33846153846,51.1525,66.92575406032482,154.53944315545243,784,63,6203.5322012345005,367,163.80568720379148,702
105,0.5585,-10846.815384615384,57.236666666666665,70.21938232161874,163.6996805111821,905,72,8527.43269723801,368,145.45462633451956,780
106,0.5554,-9977.33846153846,45.115833333333335,54.15723270440252,140.583857442348,926,65,4396.100026734178,370,96.74172794117646,591
107,0.5523,-10362.861538461537,53.54083333333333,67.84375,155.79418103448276,859,68,8008.617281479541,371,136.4140767824497,176
108,0.5493,-13579.476923076923,64.76666666666667,83.53095238095239,189.77738095238095,811,68,8828.38899283988,373,231.2123585726719,504
109,0.5462,-10128.446153846155,53.026666666666664,69.34597156398104,157.3234597156398,826,71,5957.015740744411,373,192.85739910313902,600
110,0.5432,-7735.246153846153,41.1925,52.89812646370024,138.36651053864168,848,70,5065.969960159776,374,171.97448015122873,725
111,0.5402,-7454.5999999999985,39.735,52.35649202733485,138.31548974943053,857,73,6984.038347004504,376,148.65257352941177,389
112,0.5372,-7877.892307692308,43.86333333333334,57.1527149321267,140.16176470588235,857,72,4532.28830984383,376,139.1148007590133,621
113,0.5343,-9496.153846153846,46.97,56.730011587485514,147.04750869061414,866,70,5125.766105670254,378,164.7933962264151,342
114,0.5313,-11260.76923076923,67.6925,89.42,197.94941176470587,800,74,6460.116125876787,378,164.29879740980573,603
115,0.5284,-8045.307692307692,42.111666666666665,54.77511415525114,141.3527397260274,863,75,5515.799699427834,379,173.05600722673893,368
116,0.5254,-12287.061538461538,72.7825,97.92575406032482,196.9709976798144,757,69,9996.72845299802,381,210.84538878842676,749
117,0.5225,-8660.553846153845,43.00333333333333,52.02696629213483,135.40112359550562,852,66,6211.896889439915,381,168.21421975992612,540
118,0.5196,-11783.692307692307,66.94833333333334,85.4835294117647,195.60235294117646,802,76,10059.061697078656,385,205.1882145998241,774
119,0.5168,-10479.76923076923,67.97916666666667,88.12584269662922,172.64719101123595,789,69,7734.116006281271,388,152.66880146386094,113
120,0.5139,-10659.415384615386,50.255833333333335,62.86856516976999,157.57393209200438,870,69,7894.3512581466475,388,163.12979890310785,151
121,0.5111,-11685.107692307693,60.968333333333334,76.85955056179775,177.91011235955057,830,70,9313.519080792947,388,190.75491949910554,154
122,0.5082,-8349.307692307691,40.005,48.02047413793103,128.10021551724137,924,70,6347.298661874882,388,160.98936170212767,715
123,0.5054,-10739.830769230768,54.44833333333333,67.97189189189189,167.36432432432431,877,70,7415.57317531394,388,137.58942731277534,149
124,0.5026,-10138.36923076923,62.1925,79.13691128148959,174.78860898138007,787,71,6107.1966174147,388,136.38697674418606,646
125,0.4998,-8810.215384615385,47.971666666666664,63.41543700340522,143.98864926220205,837,64,5453.099207387293,390,121.126204238921,410
126,0.4971,-10366.507692307692,50.3425,62.95589988081049,157.50178784266984,843,69,6453.559588849591,391,191.78212290502793,294
127,0.4943,-10275.415384615386,49.54833333333333,56.44593202883625,142.49639546858907,904,65,5682.134428856628,391,134.51724137931035,612
128,0.4916,-10168.76923076923,62.025,84.18369690011481,168.59242250287028,762,70,7824.88874819812,392,160.071761416589,411
129,0.4889,-13233.784615384615,72.37,102.97622192866578,211.0211360634082,756,68,8516.509454730638,392,252.46070460704607,257
130,0.4862,-12468.876923076921,77.00583333333333,98.7199124726477,202.98140043763675,801,69,8297.90076446712,392,175.50267379679144,336
131,0.4835,-13040.153846153846,68.37333333333333,95.56756756756756,189.3034398034398,785,67,8900.926198287463,393,204.4062205466541,349
132,0.4808,-9637.353846153846,45.608333333333334,60.12222222222222,143.05444444444444,823,61,6679.2500015534215,396,129.62226277372264,427
133,0.4781,-9750.599999999999,54.45,69.64293537787513,154.04271631982476,833,68,7575.180604743413,396,137.0452029520295,648
134,0.4755,-8512.938461538462,42.6525,51.02828054298642,129.8608597285068,883,66,4851.580720702316,396,123.11877394636015,822
135,0.4729,-11407.138461538463,57.5875,75.42209302325581,162.86046511627907,821,61,6997.3889959521275,396,176.2147587511826,570
136,0.4703,-12500.261538461538,65.83416666666666,78.74913693901036,181.7445339470656,856,71,10581.57935167717,396,193.86701662292214,229
137,0.4677,-9350.861538461537,49.083333333333336,63.45589919816724,148.38258877434134,847,67,5551.57152486656,398,149.03092783505156,668
138,0.4651,-13357.6,76.99083333333333,108.26149802890933,219.62417871222075,743,73,10566.843624361813,400,247.75306479859896,433
139,0.4625,-11652.707692307693,66.7725,86.27293064876957,180.65324384787473,791,70,7526.836320131687,400,150.34349775784753,468
140,0.4599,-14750.6,81.52,124.26075619295958,233.3168187744459,675,64,12705.56536917216,401,256.23359580052494,164
141,0.4574,-13221.369230769229,77.97416666666666,110.07340720221606,223.39473684210526,678,73,11857.53636538796,401,294.06095406360424,744
142,0.4549,-10050.753846153846,50.469166666666666,61.84907709011944,151.87947882736157,871,71,7546.001151965856,401,139.19749776586238,197
143,0.4523,-10627.969230769231,58.865833333333335,76.12978986402966,164.62546353522868,781,71,5951.177260543829,401,208.92022263450835,387
144,0.4498,-10479.86153846154,55.86,73.30812641083521,160.5902934537246,821,71,7018.697073248555,401,164.40924956369983,249
145,0.4474,-9059.138461538461,47.8775,59.370569280343716,140.9892588614393,889,59,6628.217352577972,401,137.4871323529412,535
146,0.4449,-12254.076923076922,64.08,85.01053864168618,185.34777517564402,814,66,8284.264068007857,401,165.5,638
147,0.4424,-11109.76923076923,55.530833333333334,70.16756756756757,158.55135135135134,862,61,7135.107826172064,402,142.5460346399271,566
148,0.44,-9064.015384615384,49.04083333333333,58.94456066945607,138.2479079497908,876,63,7186.50250793314,403,117.68682310469315,259
149,0.4375,-12657.507692307692,64.54416666666667,85.92974238875878,195.06908665105385,799,68,8897.650812314441,403,197.53081876724931,466
150,0.4351,-11024.646153846154,58.15083333333333,76.78290213723285,172.3037120359955,814,69,7056.220198104897,404,159.27491103202846,330
151,0.4327,-11326.738461538462,60.075833333333335,81.73892773892774,173.93939393939394,801,66,7281.54276297077,404,175.53339604891815,126
152,0.4303,-9514.892307692307,47.968333333333334,60.66064981949459,136.98796630565585,821,64,8256.89283131409,405,178.843339587242,580
153,0.4279,-8129.753846153847,41.255,54.18645948945616,137.11098779134295,832,68,5769.500570130028,405,143.11291779584462,351
154,0.4256,-9298.153846153848,50.3125,63.208988764044946,156.61123595505617,870,70,3674.6391587370267,406,136.15092592592592,610
155,0.4232,-7444.092307692306,38.45916666666667,46.16895459345301,131.7687434002112,930,69,7095.503975942201,408,121.83257090576396,659
156,0.4209,-9138.707692307691,41.2975,47.720588235294116,135.59453781512605,933,70,5543.9924713186265,409,139.76501766784452,80
157,0.4185,-7849.923076923077,39.38583333333333,49.28525641025641,136.47970085470087,898,70,3288.8523701334007,409,122.1640838650866,888
158,0.4162,-9941.169230769232,47.57,57.389240506329116,138.71729957805908,915,60,6467.601707443979,409,109.85927306616962,543
159,0.4139,-7063.061538461538,37.86833333333333,48.16315205327414,134.11986681465038,868,74,4841.538531192423,409,118.78148854961832,415
160,0.4116,-7509.338461538462,39.79666666666667,50.87995337995338,135.73310023310023,856,72,6757.997152846174,412,179.75114364135408,276
161,0.4094,-9376.8,48.43416666666667,58.43923240938166,141.3550106609808,887,68,5645.5852629059455,412,127.62533452274755,479
162,0.4071,-10015.338461538462,50.175,59.51337448559671,149.95987654320987,894,66,6193.7325148040145,414,108.75336322869956,77
163,0.4048,-12807.2,66.155,84.55369928400955,189.82100238663483,780,68,9895.671486639603,414,214.17710196779964,630
164,0.4026,-8624.138461538461,41.906666666666666,53.66483516483517,134.31648351648352,877,64,6447.140457552836,415,127.17509025270758,656
165,0.4004,-14599.353846153845,81.29166666666667,118.96986301369863,232.67260273972602,676,67,13152.697127103334,415,279.4330563250231,217
166,0.3982,-10440.015384615384,49.98,61.59714599341383,151.1152579582876,861,67,6850.862716765519,415,149.93956043956044,539
167,0.396,-11633.16923076923,63.55166666666667,90.85879332477535,198.97946084724006,719,73,8214.228094654096,415,206.36925960637302,45
168,0.3938,-8854.63076923077,43.4975,56.24629418472064,141.65108323831242,846,72,7816.6106903888085,417,156.91064981949458,617
169,0.3916,-12051.6,64.15416666666667,89.141162514828,180.6429418742586,754,65,7939.296549644007,419,181.98666666666668,236
170,0.3894,-9949.476923076923,61.23,79.43385650224215,165.2993273542601,809,69,6961.608978719332,421,137.6958904109589,441
171,0.3873,-7688.2,40.2475,50.92666666666667,130.4911111111111,894,68,5859.741696020371,421,122.07020872865274,311
172,0.3851,-11907.015384615384,70.03333333333333,90.82638888888889,182.61342592592592,839,61,7422.343357400624,422,195.5600358422939,401
173,0.383,-7842.446153846154,41.233333333333334,47.07684319833852,123.98338525441329,929,67,6206.922843244999,422,118.7628959276018,524
174,0.3809,-10749.953846153845,47.20666666666666,57.01656314699793,156.38819875776397,919,64,7329.411784244029,422,118.20308250226654,282
175,0.3788,-9486.553846153845,45.97,60.03318077803203,143.94393592677346,871,62,3986.6806604154854,423,152.41535615171136,54
176,0.3767,-6664.446153846154,42.138333333333335,52.14509394572025,131.4070981210856,879,70,7317.084944255739,431,116.19064748201438,279
177,0.3746,-9545.876923076923,46.0775,53.39960238568588,142.19184890656064,980,68,5392.146004431308,431,103.37316017316017,606
178,0.3725,-8740.384615384615,39.745,48.867065868263474,128.64670658682635,865,69,5856.856970889777,432,155.94017094017093,574
179,0.3705,-7379.56923076923,36.98916666666667,43.863777089783284,124.83797729618163,910,64,5193.304556503528,432,105.9908088235294,55
180,0.3684,-9249.815384615384,43.736666666666665,51.60042060988433,131.50157728706625,926,60,5376.47066493018,432,119.25631768953069,361
181,0.3664,-9262.2,48.42166666666667,54.561933534743204,126.6294058408862,948,61,5876.265280654494,432,121.63554757630162,165
182,0.3643,-7698.261538461538,37.795,43.998908296943235,123.97379912663756,928,64,7841.482912057788,433,115.95884003741814,601
183,0.3623,-8316.6,46.189166666666665,52.23843782117164,130.90339157245631,943,66,6988.894068321746,435,108.30965391621129,380
184,0.3603,-10316.476923076923,47.4,56.00208986415883,136.8798328108673,948,60,6475.6149672493175,435,138.35571687840292,318
185,0.3583,-8181.507692307692,38.755833333333335,45.03002070393375,132.7008281573499,937,72,4586.048293916543,435,115.21212121212122,805
186,0.3563,-8261.846153846152,42.845,49.974567650050865,130.16988809766022,953,66,5149.583905120293,435,116.71928251121076,502
187,0.3544,-12921.446153846155,69.79583333333333,87.65432098765432,176.4915824915825,814,60,8772.197618693535,436,194.65808170515098,493
188,0.3524,-7991.876923076922,35.8775,43.38427464008859,129.8372093023256,897,71,4474.6393611585345,436,130.73537604456826,779
189,0.3505,-7792.015384615384,41.73166666666667,46.62594696969697,121.39393939393939,1023,61,4815.312550506003,436,64.73748902546093,561
190,0.3485,-8790.030769230769,45.58833333333333,54.85200845665962,139.53276955602536,934,65,5688.931232155825,437,131.7910174152154,430
191,0.3466,-8045.692307692307,41.7025,48.4253112033195,130.74273858921163,960,68,7256.628256051155,437,106.99180327868852,90
192,0.3447,-9603.63076923077,44.788333333333334,53.61795407098121,138.02922755741128,938,62,4211.661225374966,437,129.91819852941177,627
193,0.3428,-10497.523076923077,52.79833333333333,65.6390977443609,150.29967776584317,900,59,6105.198897331727,439,138.2380073800738,847
194,0.3409,-7227.723076923076,41.64,48.88036809815951,134.71370143149284,922,72,5332.964333833178,442,94.76238532110092,775
195,0.339,-8153.799999999999,52.4325,61.75844930417495,139.97017892644135,945,61,4383.296434137834,443,98.33034111310593,831
196,0.3371,-8721.292307692307,39.7375,47.5446247464503,127.49594320486815,945,57,3045.9127601140267,444,104.31464737793851,377
197,0.3352,-8201.830769230768,46.5775,54.26197757390418,140.23037716615698,942,66,5751.439685737235,445,100.59306569343066,486
198,0.3334,-8539.184615384616,39.2425,46.34591194968554,124.42348008385744,906,57,4077.9322102974743,446,93.67790262172285,38
199,0.3315,-9935.661538461538,46.155,48.24050632911393,136.22687439143135,1024,57,5227.013463112581,447,91.29055258467024,301
200,0.3297,-8551.2,37.07333333333333,43.13978494623656,119.02737047898339,967,60,4127.334948939259,448,62.35055350553505,214
201,0.3279,-7955.861538461539,39.4925,47.34854771784232,125.39419087136929,926,60,7205.977047536718,448,99.37140204271124,138
202,0.3261,-9697.015384615384,41.9475,50.09062821833162,136.9536560247168,949,65,3984.3120459963866,449,121.70212765957447,642
203,0.3243,-6580.476923076923,32.06166666666667,38.88820512820513,119.14871794871794,888,70,7042.118800182276,450,105.52205220522052,19
204,0.3225,-11125.784615384615,51.0075,56.82522343594836,141.9364448857994,970,61,3980.3845272045023,450,96.48291366906474,273
205,0.3207,-8952.353846153845,52.61416666666667,63.93788819875776,155.07453416149067,914,68,2968.52159707916,450,135.62237762237763,263
206,0.3189,-8451.553846153845,41.4,49.17476732161324,132.85005170630816,897,65,3373.5965841560783,450,106.729754322111,815
207,0.3172,-9244.89230769231,50.41416666666667,66.97404063205417,158.6196388261851,823,71,7057.671876864739,450,142.32666060054595,417
208,0.3154,-8624.092307692308,41.083333333333336,50.69667738478028,131.13504823151126,891,60,4675.79865019337,451,100.81302325581396,123
209,0.3137,-9602.23076923077,50.094166666666666,59.18583162217659,138.71971252566735,911,60,4826.19816771083,451,92.80054894784996,492
210,0.3119,-9100.261538461538,41.204166666666666,50.62068965517241,130.37374860956618,898,64,7729.672154891953,452,133.61467889908258,448
211,0.3102,-8113.369230769232,44.815,56.15442764578834,136.914686825054,897,67,6451.481069576185,453,119.29816513761467,687
212,0.3085,-7068.384615384615,29.985833333333332,35.66117404737384,117.12461380020598,965,69,5930.120113325516,453,76.86940298507463,712
213,0.3068,-8312.33846153846,48.0,58.96398305084746,138.6885593220339,894,63,6110.779309358077,453,109.5064338235294,161
214,0.3051,-8735.723076923077,46.406666666666666,54.821605550049554,126.69573835480674,931,58,3584.010440493094,454,92.28722466960352,794
215,0.3034,-8669.753846153846,46.475,55.51518218623482,130.27125506072875,932,61,4414.276514808611,455,97.64169675090253,267
216,0.3017,-8880.876923076921,50.99333333333333,62.17553191489362,144.3127659574468,898,63,6750.516569363638,456,132.48454545454547,264
217,0.3,-8350.6,44.2825,53.8646998982706,134.16480162767039,915,63,5501.2059443519365,457,120.71428571428571,622
218,0.2984,-7437.169230769232,36.568333333333335,44.477110885045775,122.43947100712106,937,62,3773.206044514321,457,79.45554537121906,803
219,0.2967,-9455.553846153845,42.721666666666664,48.10960232783705,128.46459747817653,973,57,4993.882194923526,457,82.27497789566755,292
220,0.2951,-8714.184615384616,47.99666666666667,59.21164021164021,142.2031746031746,868,70,4488.44529641377,457,113.83514492753623,360
221,0.2935,-6237.030769230769,26.051666666666666,31.40899581589958,111.05125523012552,917,66,6706.782047712464,457,64.37758112094396,579
222,0.2918,-9286.63076923077,54.575,65.42857142857143,149.944099378882,876,65,4221.674293108558,458,107.97640653357531,70
223,0.2902,-7688.246153846155,35.54,41.24165029469548,111.17387033398822,988,54,2582.8371335970023,459,58.492380952380955,119
224,0.2886,-7805.230769230769,31.9875,37.825910931174086,116.64068825910931,974,59,6577.177098433266,460,96.47314814814816,397
225,0.287,-9402.861538461539,40.7125,48.790554414784395,128.29979466119096,961,58,4834.302076140836,460,99.29653882132834,637
226,0.2854,-8536.630769230767,42.2425,50.937565036420395,130.17689906347556,930,58,6882.357430599734,461,103.56581352833638,442
227,0.2838,-8599.292307692307,40.41916666666667,45.587525150905435,122.07344064386318,982,58,4394.895235965949,462,78.24599434495758,103
228,0.2823,-9406.876923076923,46.45666666666666,52.62565172054223,132.22940563086547,916,62,3353.397803736824,463,116.81391147244805,696
229,0.2807,-7585.123076923077,42.16916666666667,49.061740890688256,131.93117408906883,965,67,6874.747744749986,464,94.55265610438025,125
230,0.2792,-7667.876923076922,35.65833333333333,41.507,115.521,954,57,5259.378324896284,466,81.68560953253896,231
231,0.2776,-6164.707692307691,34.5425,40.24661508704062,116.71566731141199,960,64,4011.859185207226,468,58.2,474
232,0.2761,-7644.753846153846,36.3075,41.8055822906641,110.38306063522617,979,55,2362.3328278249555,472,54.790528233151186,63
233,0.2746,-8510.846153846152,44.44166666666667,55.484815618221255,142.43275488069415,912,64,6571.723877955885,473,126.93093922651934,402
234,0.273,-8987.584615384614,47.23416666666667,54.675862068965515,133.6807881773399,952,64,3983.668540419543,474,95.5773381294964,891
235,0.2715,-8817.2,42.51583333333333,48.64102564102564,126.44919278252611,992,58,4347.427503009424,476,78.03530450132392,811
236,0.27,-8418.738461538462,44.795833333333334,48.2695652173913,129.62608695652173,997,65,4578.389836185174,480,95.96491228070175,354
237,0.2685,-7134.892307692307,33.8675,38.603960396039604,115.68811881188118,970,61,4083.0257197798855,480,88.41316270566728,594
238,0.267,-8177.36923076923,39.05583333333333,44.624875621890546,125.57810945273631,984,62,3803.2084668713273,480,97.94117647058823,855
239,0.2656,-8475.138461538461,43.60166666666667,52.72318692543411,130.1103166496425,942,55,3483.938922755902,480,89.87066541705717,691
240,0.2641,-9610.23076923077,50.39833333333333,60.04442148760331,141.92665289256198,930,59,6634.07319629515,482,106.7018800358102,500
241,0.2626,-7981.400000000001,39.06166666666667,45.8968253968254,123.53373015873017,947,61,3120.2391293669716,483,83.42046511627908,548
242,0.2612,-8183.2,39.58416666666667,46.12651821862348,124.63056680161944,957,63,4351.942474430417,483,104.19496855345912,136
243,0.2597,-8743.046153846153,44.39333333333333,56.75269978401728,136.2624190064795,865,65,5570.37361413643,485,123.13217866909754,423
244,0.2583,-8018.753846153845,36.689166666666665,44.513684210526314,119.53157894736842,906,60,4571.578712328854,487,94.12660550458716,253
245,0.2569,-9529.846153846154,43.3375,48.21318228630278,128.10607621009268,960,59,4664.756514968646,487,133.97092511013216,735
246,0.2555,-7369.292307692307,35.6225,41.035643564356434,120.39207920792079,962,65,3448.5028373884406,487,67.51192660550458,315
247,0.254,-7807.692307692308,30.544166666666666,32.378564405113075,110.08062930186824,1043,63,2732.673688920755,488,113.95482728077945,48
248,0.2526,-8903.615384615385,41.77916666666667,49.48016276703967,130.51983723296033,958,57,3610.3743800532657,488,98.22907083716652,602
249,0.2512,-9565.89230769231,41.44583333333333,46.9145945945946,139.00432432432433,917,73,5135.823296906078,488,170.37555358724535,791
250,0.2498,-7517.43076923077,33.4075,38.53705583756345,118.16142131979696,964,62,5024.764607254575,488,91.62557497700092,628
251,0.2485,-8399.615384615383,36.0,39.746746746746744,120.35035035035035,987,58,2183.854960949267,488,82.61440291704649,416
252,0.2471,-9988.861538461539,45.725833333333334,52.1687898089172,138.0912951167728,910,66,4702.660824484556,488,141.93097345132745,345
253,0.2457,-7641.538461538463,29.889166666666668,34.99058577405858,118.91317991631799,978,70,4428.728955780506,489,132.64035874439463,487
254,0.2444,-7335.861538461539,36.45,45.21743810548978,129.6081808396125,896,71,3172.4030117032344,489,110.6070110701107,145
255,0.243,-9107.599999999999,41.108333333333334,47.97018104366347,123.8136315228967,926,59,4857.611389361625,489,129.38688827331487,32
256,0.2417,-6593.2,30.461666666666666,35.6195219123506,113.92231075697211,950,67,4393.530348133104,489,57.37394564198688,216
257,0.2403,-6930.323076923077,29.16,31.407619047619047,112.74380952380952,1000,69,3441.140606378664,489,51.19280442804428,285
258,0.239,-8517.16923076923,35.08833333333333,36.830398517145504,115.96570898980538,1064,60,3507.0199628945616,489,55.52743362831858,616
259,0.2377,-8596.276923076923,45.28666666666667,54.65025641025641,135.05641025641026,908,61,4085.848203027941,489,107.44493392070484,563
260,0.2364,-11181.815384615384,60.69083333333333,72.31262729124236,169.05906313645622,927,67,7231.888717815511,489,140.54345917471466,188
261,0.2351,-6802.784615384616,34.03,41.92813141683778,118.97843942505133,897,67,4750.850841557957,489,75.11638733705773,436
262,0.2338,-8449.06153846154,43.16416666666667,52.031023784901755,135.93071354705273,887,69,4310.053320436803,489,118.75551632833186,624
263,0.2325,-8530.23076923077,38.28,45.40728831725616,124.33976420150053,910,64,7029.282724988324,489,161.66845397676497,683
264,0.2312,-8694.615384615385,42.29666666666667,49.94901144640999,132.36004162330906,949,65,3606.14754058187,489,114.56627592425609,139
265,0.2299,-10321.969230769231,45.935,53.38911290322581,147.39616935483872,938,65,5993.915206787938,489,97.72309107635695,793
266,0.2286,-8564.523076923077,40.845,47.84729586426299,129.16648992576881,916,64,4319.43055102159,489,136.78209764918626,399
267,0.2274,-8076.876923076923,40.64083333333333,49.89090909090909,129.09772727272727,884,69,6019.479572123402,489,152.6763875823142,789
268,0.2261,-8795.323076923076,39.663333333333334,46.29744136460555,133.8592750533049,934,68,3605.396031873866,489,128.68659420289856,71
269,0.2249,-13276.06153846154,68.11666666666666,86.53356481481481,194.47337962962962,819,68,9079.223091370479,490,214.32342007434943,141
270,0.2236,-10116.646153846155,53.555,65.22043010752688,151.53978494623655,839,64,6387.572218237077,490,144.24271844660194,795
271,0.2224,-10359.36923076923,57.48416666666667,74.29458239277652,166.98871331828443,820,69,7929.514695006786,490,166.35331516802907,820
272,0.2211,-11821.630769230767,61.9825,76.94173602853745,173.93816884661118,807,70,7891.6220733167,490,211.02805429864253,738
273,0.2199,-12360.861538461539,68.72833333333334,102.6819973718791,198.95400788436268,732,65,9143.791528122221,490,215.63097514340345,237
274,0.2187,-9776.33846153846,43.615833333333335,54.45745856353591,142.36906077348067,919,63,5700.958960456934,491,162.27199281867146,84
275,0.2175,-11756.32307692308,58.12166666666667,75.2299771167048,166.52402745995423,818,64,7082.469972054283,491,182.05464480874318,688
276,0.2163,-10199.276923076923,55.48833333333334,70.04128440366972,156.86926605504587,804,67,7823.28528553932,493,187.0520646319569,894
277,0.2151,-8789.738461538462,43.2375,53.429378531073446,128.8508474576271,844,63,6622.788618633819,493,167.22714932126698,478
278,0.2139,-7809.261538461539,37.884166666666665,44.93283582089552,124.24733475479744,924,67,6605.678953564296,493,121.33549582947174,745
279,0.2127,-11627.338461538462,59.358333333333334,77.67523364485982,176.27920560747663,825,67,7972.120043815607,493,172.2003710575139,147
280,0.2115,-8580.738461538462,40.151666666666664,52.024309392265195,131.02651933701657,861,61,7880.581177379076,493,134.93412625800548,3
281,0.2104,-6783.723076923077,31.74,39.42796157950907,110.44823906083245,863,61,5829.381705149743,493,73.65998089780325,446
282,0.2092,-7926.969230769231,30.201666666666668,33.11030927835051,116.1,968,64,4706.093731660044,493,89.22056074766355,251
283,0.208,-8940.753846153846,34.350833333333334,41.82252922422954,128.36875664187036,956,64,4268.464595312109,494,91.0615243342516,722
284,0.2069,-8093.646153846154,31.2925,36.130337078651685,118.30112359550562,904,68,8389.134188506685,496,157.0054102795311,10
285,0.2058,-8370.030769230769,33.225833333333334,40.21995464852608,123.22562358276645,947,66,5502.482027114544,496,155.67429094236047,595
286,0.2046,-7160.0,25.356666666666666,28.80203045685279,111.02944162436548,982,65,5083.13270457319,496,77.87349953831948,31
287,0.2035,-8432.061538461538,32.729166666666664,37.46742502585315,135.4850051706308,945,74,2733.5083601969454,496,107.63742166517457,670
288,0.2024,-11922.523076923078,53.075833333333335,72.44378698224853,173.8887573964497,830,69,8492.420658547577,496,182.8419213973799,328
289,0.2012,-9784.384615384613,39.875,47.38154897494305,145.14123006833714,893,72,3969.2286506089245,497,165.60603204524034,226
290,0.2001,-12812.33846153846,65.35916666666667,84.37652811735941,192.87041564792176,783,71,7326.2193675179005,497,217.4486148346738,886
291,0.199,-10331.276923076923,48.6225,62.62325581395349,149.7325581395349,838,68,7308.159474559109,498,169.00618921308578,437
292,0.1979,-13348.66153846154,67.615,89.89356435643565,199.49752475247524,808,69,9480.399149135616,499,217.93620844564242,494
293,0.1968,-13155.446153846155,63.10166666666667,84.79141104294479,190.69938650306747,764,69,9220.293693798565,499,202.3188940092166,50
294,0.1957,-12800.353846153848,63.98416666666667,89.06900726392251,188.3401937046005,777,64,8318.618415183242,499,213.26486486486488,587
295,0.1946,-14152.8,82.82166666666667,121.9520103761349,223.3242542153048,684,65,11000.73217732009,500,261.3772925764192,247
296,0.1936,-15669.10769230769,73.375,100.64238410596026,210.67152317880794,766,65,14065.575559103798,500,250.4670932358318,866
297,0.1925,-13246.43076923077,68.75916666666667,86.7909887359199,203.09887359198999,772,70,8739.62298908106,500,233.35688729874775,522
298,0.1914,-12105.738461538462,69.07916666666667,95.46527777777777,181.79513888888889,780,65,7035.129554344815,500,182.04221635883906,400
299,0.1904,-13680.723076923077,77.325,118.1522911051213,217.57951482479785,680,64,10962.79208928781,500,248.66368515205724,792
300,0.1893,-11755.753846153846,66.68666666666667,91.20997679814386,183.95011600928075,774,66,8154.37547227027,500,186.04010938924338,825
301,0.1883,-11601.123076923075,56.2625,75.66666666666667,175.05380116959066,794,66,8259.989723196784,500,178.03571428571428,895
302,0.1872,-9392.953846153847,43.435833333333335,54.140845070422536,136.21776814734562,837,63,8314.975109683557,501,114.73499538319483,705
303,0.1862,-9980.476923076923,54.964166666666664,70.84080717488789,163.7847533632287,834,69,5960.568635807337,502,143.7258064516129,564
304,0.1852,-8003.092307692308,33.420833333333334,41.3978021978022,123.53406593406594,907,66,6563.576294176011,502,141.6106032906764,827
305,0.1841,-11715.815384615385,71.86166666666666,102.38882138517619,201.60145808019442,706,70,6966.915091209388,502,210.48492907801418,790
306,0.1831,-13933.123076923075,82.85833333333333,116.88513513513513,231.4608108108108,755,74,11058.990846510434,502,281.21785714285716,872
307,0.1821,-12827.246153846154,70.34083333333334,107.22192513368984,222.97727272727272,694,69,13048.301225239931,503,229.37453874538744,623
308,0.1811,-13105.707692307693,77.70416666666667,109.31912302070646,226.9537149817296,761,75,10808.641189706674,503,223.4797794117647,317
309,0.1801,-13732.430769230768,72.32916666666667,101.59607843137255,213.35686274509803,787,73,11976.330476380668,503,235.78768382352942,241
310,0.1791,-13138.830769230768,68.11833333333334,96.47741935483872,207.70967741935485,765,70,7301.889176866968,503,234.19706691109073,582
311,0.1781,-12456.984615384616,59.759166666666665,84.83312731767614,184.3794808405439,787,64,7998.586084621895,503,191.89078822412156,620
312,0.1771,-12216.184615384616,63.766666666666666,91.86143790849673,205.14117647058825,726,72,8665.251944270898,503,230.5036563071298,124
313,0.1762,-11540.907692307692,58.446666666666665,72.74222222222222,154.23666666666668,862,53,11228.139066246362,504,140.3482309124767,181
314,0.1752,-13711.8,74.36083333333333,99.87467700258398,201.25968992248062,746,67,11550.204106825327,504,259.514598540146,527
315,0.1742,-11096.2,57.1075,75.91585365853659,167.5,773,67,5407.31759553742,504,203.78937728937728,471
316,0.1732,-10296.076923076924,49.15833333333333,61.99322799097065,148.82279909706546,835,68,4846.586860876803,504,150.7677902621723,132
317,0.1723,-13484.615384615385,82.68416666666667,113.05142083897158,230.55209742895806,711,74,11360.765404651514,504,270.5713012477718,140
318,0.1713,-12026.23076923077,68.56083333333333,98.75375,191.24875,773,67,8776.490630167687,504,171.86994219653178,454
319,0.1704,-12384.784615384615,62.88583333333333,83.77765363128492,182.51843575418994,796,61,10916.065381121882,504,174.16117216117217,586
320,0.1694,-14462.96923076923,75.48666666666666,102.43159203980099,201.91417910447763,775,60,13886.092578942653,506,202.9905838041431,266
321,0.1685,-14202.2,71.62916666666666,93.28246013667426,187.61845102505694,822,57,7802.266898637462,507,171.36,860
322,0.1676,-11931.26153846154,70.315,100.84558823529412,191.61151960784315,725,68,6176.544090458913,507,206.38195077484048,605
323,0.1666,-10966.553846153845,63.645,88.98305084745763,192.47457627118644,757,73,8618.276318348286,507,182.71335200746967,817
324,0.1657,-9527.43076923077,50.3775,65.7576754385965,152.72916666666666,828,63,6165.455077220437,507,125.23362831858407,677
325,0.1648,-13792.153846153844,71.01833333333333,89.51620370370371,184.74305555555554,829,62,8330.398145898196,507,214.09809264305176,166
326,0.1639,-13030.66153846154,60.555,76.47641509433963,178.56485849056602,883,65,8116.352868459518,507,212.21214953271027,352
327,0.163,-9113.784615384615,47.219166666666666,56.725,130.338,919,55,4618.695796222074,507,88.93533697632058,14
328,0.1621,-13655.292307692307,67.84666666666666,82.7630700778643,178.42157953281423,876,59,8859.489284954427,507,159.9868913857678,270
329,0.1612,-12544.323076923076,60.733333333333334,77.36509758897819,173.69115958668198,818,63,9871.409890332914,507,205.8270412642669,206
330,0.1603,-10891.184615384616,57.08833333333333,71.78209277238403,152.87594390507013,865,57,3522.18693360229,507,138.29764065335752,384
331,0.1594,-11256.584615384616,59.8875,71.64423076923077,153.23076923076923,881,55,8829.417634953783,509,163.5,200
332,0.1585,-10984.138461538461,52.4825,67.07555555555555,158.8411111111111,829,62,7902.152999857193,509,147.36339285714286,167
333,0.1577,-13213.046153846153,67.6675,92.8273381294964,201.5875299760192,762,65,9306.765672467018,509,236.46254355400697,28
334,0.1568,-9374.93846153846,45.16166666666667,54.61394380853278,130.2986472424558,922,58,3163.764132423768,509,126.62633451957295,767
335,0.1559,-13501.538461538461,68.145,85.32938076416337,191.75230566534916,823,71,13644.292367728112,509,269.7838095238095,861
336,0.155,-10048.984615384616,47.58166666666666,56.12434691745037,134.4221525600836,940,56,5355.682644738165,509,114.54223433242507,773
337,0.1542,-11055.0,59.2775,69.66699900299103,153.12562313060818,938,56,6094.870750103251,509,123.89263531499556,693
338,0.1533,-9274.784615384615,47.159166666666664,56.628779979144944,135.49113660062565,927,55,6421.443614970034,512,129.63825929283772,182
339,0.1525,-8913.000000000002,45.6025,51.80313418217434,132.55729676787465,976,52,4640.924066456615,513,88.13697403760072,732
340,0.1516,-11351.046153846153,66.32666666666667,76.1912681912682,155.7785862785863,905,50,5706.739497302754,513,132.23727272727274,778
341,0.1508,-9598.2,45.64833333333333,49.696850393700785,127.31200787401575,996,50,3652.1095007998547,513,78.16483516483517,250
342,0.15,-12031.061538461538,53.9375,59.67416934619507,133.7834941050375,946,50,4795.160256863731,514,141.6433962264151,839
343,0.1491,-8503.907692307694,38.9575,46.04465212876428,119.38629283489097,926,55,6220.305150590275,515,70.18344308560677,137
344,0.1483,-10059.076923076922,50.91416666666667,61.6198347107438,142.63842975206612,929,60,5817.395975412229,516,126.88848263254113,275
345,0.1475,-10367.753846153846,48.44916666666666,53.712678936605315,128.61656441717793,977,52,6398.252774022373,516,125.63587921847247,711
346,0.1467,-11156.584615384616,42.67583333333334,49.60106951871658,130.05668449197861,965,53,6469.829957041373,516,130.1457194899818,157
347,0.1459,-8806.169230769232,42.7125,46.34808853118712,125.35613682092556,970,58,6976.236583290609,516,94.18959107806691,320
348,0.1451,-8877.353846153845,37.265,43.53016815034619,117.27794263105835,989,53,6925.663600634419,516,65.7552511415525,814
349,0.1443,-8549.415384615384,45.85,55.54715025906736,138.51502590673576,917,61,5261.9130827127965,518,104.73351400180668,196
350,0.1435,-8842.738461538462,39.13,47.38324607329843,123.65549738219896,936,56,5673.440921551078,519,108.08310502283105,87
351,0.1427,-10119.184615384615,50.96666666666667,56.10384215991693,139.62616822429908,940,59,5842.646947439715,519,110.59326660600546,689
352,0.1419,-7658.384615384615,33.45666666666666,36.68276515151515,116.6590909090909,1019,62,5705.192504244549,519,76.74363476733977,355
353,0.1411,-9601.892307692307,42.696666666666665,48.00785854616896,126.64145383104126,971,54,5563.606258784358,519,86.14389140271493,394
354,0.1403,-10031.907692307692,42.35,49.84400826446281,129.33987603305786,983,54,4020.075692325171,520,136.59029649595686,588
355,0.1395,-8893.153846153846,44.82333333333333,55.61513859275053,132.8081023454158,889,58,4957.126998891515,520,116.51075771749298,162
356,0.1388,-10190.938461538462,54.59,63.07299270072993,144.46923879040668,912,58,6388.588297014982,522,163.86315789473684,8
357,0.138,-9684.353846153846,43.41416666666667,52.94282744282744,128.987525987526,924,53,4647.782597397006,522,95.92733878292461,129
358,0.1372,-8563.692307692307,36.45166666666667,41.56793743890518,115.95894428152492,982,54,4005.7790766424127,522,66.49633699633699,529
359,0.1365,-7924.1846153846145,34.52166666666667,41.42078189300412,122.1141975308642,936,63,4308.202085500572,522,68.04205607476635,897
360,0.1357,-9462.138461538463,37.75666666666667,42.712475633528264,117.49122807017544,982,51,6589.8281765071715,523,75.41176470588235,295
361,0.135,-8879.584615384616,43.895,50.0196656833825,127.59783677482793,983,58,4216.325125032502,523,83.83605072463769,409
362,0.1342,-10038.76923076923,45.12166666666667,50.55840163934426,125.55532786885246,968,48,3731.527582626122,523,85.76728971962616,880
363,0.1335,-7904.923076923078,45.8375,49.62462159434914,134.0686175580222,980,61,2898.1566995708145,523,82.1829944547135,199
364,0.1327,-8104.492307692308,38.4125,45.90063424947146,124.84249471458774,889,63,6000.798140056702,524,85.90970873786408,881
365,0.132,-8371.56923076923,36.855,41.66837256908905,121.61617195496417,986,63,5566.152462759139,524,101.84032114183765,174
366,0.1313,-9047.338461538462,41.48083333333334,52.2775956284153,130.78360655737706,936,59,5648.184139420159,525,116.19169027384325,512
367,0.1306,-15433.199999999999,72.59,78.12911084043849,186.91595615103532,814,63,13686.095109232467,525,263.37317518248176,393
368,0.1298,-6860.784615384616,30.826666666666668,38.076687116564415,106.87116564417178,908,54,7458.921990622107,525,62.58932038834951,372
369,0.1291,-8493.10769230769,38.373333333333335,45.78794178794179,131.7068607068607,943,65,2827.9973569270965,525,86.6308973172988,186
370,0.1284,-8684.723076923077,43.031666666666666,50.74298056155508,132.31425485961122,910,63,6218.475534852667,525,133.79835766423358,421
371,0.1277,-7593.753846153846,31.778333333333332,35.97676669893514,108.68441432720232,1033,57,3941.5578351992817,525,60.486437613019895,81
372,0.127,-7426.015384615384,33.1775,36.788443616029824,115.25069897483691,1010,62,2906.599991729409,525,72.96675191815856,235
373,0.1263,-8847.984615384616,40.905,47.12966804979253,124.38070539419087,941,56,6734.678488597859,526,93.8196872125115,599
374,0.1256,-8637.676923076924,42.67333333333333,45.71094480823199,122.74555659494855,1039,55,2861.3860090284475,526,70.18229623137599,261
375,0.1249,-7931.892307692308,31.606666666666666,37.648979591836735,116.5734693877551,934,60,6313.652943421257,526,95.47434743474348,18
376,0.1242,-8220.553846153845,32.025,36.35323886639676,115.64676113360323,959,59,3362.0176840061763,526,88.47985675917637,26
377,0.1235,-7769.476923076923,34.060833333333335,37.09680542110358,118.01548886737658,1017,63,4646.482208369231,526,66.5498188405797,334
378,0.1228,-8055.630769230769,39.4725,48.25536480686695,129.96030042918454,935,65,4896.585658487385,526,129.32943294329434,739
379,0.1221,-7808.9384615384615,33.0575,40.814893617021276,121.87553191489361,912,67,6420.698911970771,526,92.97746478873239,514
380,0.1215,-8606.153846153846,35.843333333333334,42.67089947089947,119.61904761904762,942,56,5663.704073228326,526,97.75715604801478,300
381,0.1208,-6791.36923076923,33.391666666666666,39.395418326693225,116.13645418326693,953,66,3644.4924495274367,526,84.87577092511013,619
382,0.1201,-7943.4769230769225,30.434166666666666,36.2765737874097,115.24664602683178,953,59,4853.059327053885,526,67.72624647224835,812
383,0.1195,-6711.615384615385,28.795,34.87787056367432,117.94676409185804,937,71,4514.978101191537,526,86.96978021978022,694
384,0.1188,-9226.23076923077,38.795,43.615145228215766,119.38692946058092,936,57,6483.779765982724,526,114.12841530054645,215
385,0.1181,-9092.061538461538,42.024166666666666,47.250262881177704,121.7497371188223,959,56,6457.989800652291,526,100.27624309392266,155
386,0.1175,-6984.015384615384,27.8975,31.9730010384216,110.54309449636553,933,65,4733.793567445128,526,97.07762557077625,484
387,0.1168,-7822.107692307692,32.96083333333333,37.97850562947799,118.46366427840327,972,64,4566.444491788566,526,85.50592525068369,818
388,0.1162,-8878.092307692308,38.01,45.465498357064625,120.74808324205915,913,57,6833.757357869796,527,120.24669187145558,719
389,0.1156,-8577.353846153846,35.89833333333333,42.01495726495727,123.38782051282051,915,62,3716.3447374669095,527,113.28531855955679,383
390,0.1149,-8310.061538461538,32.91166666666667,39.07809330628803,119.72920892494929,952,60,2794.1846199459997,527,81.74001857010214,453
391,0.1143,-9324.26153846154,39.05916666666667,40.39785992217899,114.55058365758755,1033,55,2554.0628468054474,527,106.87147887323944,869
392,0.1136,-8187.076923076924,33.82833333333333,40.31464174454829,112.13395638629284,937,53,5649.37721611118,528,83.60837209302325,189
393,0.113,-8663.707692307693,34.26583333333333,39.61633919338159,120.38779731127198,951,60,4018.344627976319,528,109.41534391534391,65
394,0.1124,-8655.876923076921,35.391666666666666,40.85407725321888,117.71137339055794,918,60,4805.528285030663,528,93.6444866920152,212
395,0.1118,-8183.8153846153855,32.255833333333335,39.608459869848154,116.87527114967462,929,58,7868.602012291528,528,119.82203389830508,422
396,0.1112,-7446.076923076924,32.60583333333334,38.87315010570825,119.87949260042284,923,66,7334.376832190769,529,104.53396226415094,717
397,0.1105,-9142.523076923077,32.63333333333333,34.93980582524272,116.39805825242719,1048,59,3459.9346679616197,529,76.19164396003633,201
398,0.1099,-8856.815384615384,38.6525,44.4284304047384,125.45310957551827,983,63,2573.0960077832474,529,78.65339366515838,444
399,0.1093,-9710.353846153848,38.541666666666664,42.42770475227503,114.06673407482306,1019,53,3680.9109397443644,529,104.85792349726776,79
400,0.1087,-8435.353846153848,37.2775,42.482283464566926,115.5748031496063,977,54,3629.873732036947,529,91.74977416440831,203
401,0.1081,-8883.676923076924,36.01416666666667,42.380355276907004,119.65099268547544,940,59,3038.941632444998,529,98.99814298978644,461
402,0.1075,-7306.1846153846145,30.170833333333334,37.51961823966066,111.61611876988336,928,56,4703.553352462529,530,77.49089165867689,829
403,0.1069,-8756.56923076923,35.8175,41.42887029288703,116.07845188284519,985,59,5912.248031695343,531,109.41549953314659,370
404,0.1063,-9495.369230769233,39.36833333333333,40.68225190839695,125.16221374045801,1050,64,2559.231052353646,531,57.188576609247505,209
405,0.1057,-8917.815384615385,39.630833333333335,47.02650356778797,130.74617737003058,968,56,5486.174963623368,531,89.49146451033243,388
406,0.1052,-7536.415384615383,32.63916666666667,38.84426229508197,115.69159836065573,926,59,3745.093625019509,531,74.85872576177286,458
407,0.1046,-7102.738461538462,34.235,38.86826923076923,117.60288461538461,973,65,3926.9235426356304,531,66.44444444444444,159
408,0.104,-7837.569230769231,33.8275,40.10408163265306,117.67551020408163,946,58,5909.350982875357,534,94.06820276497696,896
409,0.1034,-9180.338461538462,45.30833333333333,53.20239282153539,127.37188434695912,939,50,3747.898374330542,535,81.69049858889935,5
410,0.1028,-7621.230769230769,30.195833333333333,34.2725430597771,113.19554204660588,989,61,6028.066063272288,536,67.7951582867784,678
411,0.1023,-7853.215384615385,35.36,41.634196891191706,129.14507772020724,940,66,3277.153054139071,536,91.11230907457322,868
412,0.1017,-7900.707692307692,30.376666666666665,33.35831622176591,112.97843942505133,954,63,5063.91390149748,536,102.8868778280543,703
413,0.1011,-7170.738461538462,28.155833333333334,33.593117408906885,109.79554655870446,961,59,3927.9716046500807,536,70.87488500459982,721
414,0.1006,-6505.123076923077,28.963333333333335,35.086776859504134,109.5754132231405,931,62,6847.774846351189,536,58.70275403608737,635
415,0.1,-7720.1846153846145,32.2775,37.14717741935484,115.20262096774194,959,61,3063.7630485196873,536,72.27589367552704,455
416,0.0995,-6349.953846153846,25.62,29.535471331389697,100.19144800777454,990,60,4859.980606077016,536,38.96944444444444,865
417,0.0989,-8822.707692307693,45.166666666666664,53.33712512926577,134.02998965873837,947,56,5821.9479252627125,537,126.82149046793761,747
418,0.0984,-8526.83076923077,37.4675,43.516616314199396,116.00100704934542,949,53,6201.630568976311,537,88.96485061511423,224
419,0.0978,-8794.276923076923,34.05916666666667,39.04312114989733,123.10266940451746,974,64,2760.4555058296905,537,115.94091710758377,269
420,0.0973,-8326.276923076925,39.55833333333333,45.36939571150098,120.29922027290448,972,55,6618.2370103246485,538,93.88400702987698,506
421,0.0968,-6527.246153846155,30.9,35.56619144602851,119.85641547861508,939,74,4865.271679876149,540,94.14298323036188,33
422,0.0962,-7069.8923076923065,34.291666666666664,39.85128205128205,119.23897435897436,954,67,5093.147676595506,540,63.06768350810295,547
423,0.0957,-7858.861538461539,33.049166666666665,40.21743929359823,121.3355408388521,877,65,4148.256780009892,540,104.63950143815916,449
424,0.0952,-8656.307692307691,36.045833333333334,45.592592592592595,132.53703703703704,924,64,5938.904010648634,540,145.19272727272727,52
425,0.0946,-7613.538461538461,26.583333333333332,30.503092783505156,114.84845360824742,952,66,3950.452546553226,540,96.58812949640287,709
426,0.0941,-7285.061538461538,27.654166666666665,31.514367816091955,113.73180076628353,1015,62,3388.7715887979,540,74.2984429065744,242
427,0.0936,-8682.276923076923,32.16166666666667,38.52249488752556,118.30879345603272,969,58,4520.827577555466,541,92.70795660036167,841
428,0.0931,-9475.507692307692,33.03666666666667,36.11025886864813,110.51294343240652,1042,51,3375.3770617912396,542,70.08251121076233,25
429,0.0926,-7981.43076923077,33.723333333333336,40.57963709677419,124.94254032258064,945,66,3070.1406311416617,542,101.42970822281167,218
430,0.092,-6949.676923076923,31.620833333333334,36.16237623762376,115.95742574257426,1003,64,3645.2647424806546,542,69.27124773960217,762
431,0.0915,-7641.446153846155,28.299166666666668,32.786206896551725,106.90837438423645,978,54,6993.29214226166,542,62.788757932910244,833
432,0.091,-8271.846153846154,37.30166666666667,45.03309203722854,127.75387797311272,957,63,4267.826031253548,542,101.41780199818346,652
433,0.0905,-7594.861538461538,33.6825,37.992210321324244,119.90068159688413,1012,65,4714.230712215202,542,56.81187214611872,11
434,0.09,-7408.953846153847,31.205833333333334,37.2957042957043,113.50549450549451,954,59,4147.710654697897,542,68.56983240223464,556
435,0.0895,-8586.923076923076,37.14083333333333,43.929752066115704,122.18904958677686,953,55,4182.219334442382,542,106.96266666666666,424
436,0.089,-7953.846153846154,36.2475,44.49897750511247,123.579754601227,926,62,2421.5826504337037,542,79.27885503231764,297
437,0.0885,-11297.76923076923,49.560833333333335,57.864337101747175,155.11921891058583,908,63,5257.102746425542,542,117.61310592459606,680
438,0.088,-10605.138461538461,51.401666666666664,62.28066528066528,155.47505197505197,909,66,5153.159289096261,542,122.2088888888889,56
439,0.0876,-8921.138461538461,34.87833333333333,37.40327237728585,107.27045235803658,1004,50,5251.511080126134,542,67.38868613138686,6
440,0.0871,-8403.107692307693,37.705,43.90050251256282,118.50150753768844,970,60,3324.4508689537256,542,74.18291550603529,426
441,0.0866,-10737.10769230769,42.60916666666667,47.218970736629664,122.11200807265388,999,51,5928.484259975869,542,113.58614402917047,657
442,0.0861,-9981.723076923077,40.486666666666665,43.71557788944724,121.17989949748744,986,54,3454.4427132058627,543,104.3989218328841,718
443,0.0856,-9820.861538461537,40.560833333333335,45.362614913176714,126.30541368743616,982,65,3728.362441625038,543,114.81875,303
444,0.0852,-9103.4,33.71666666666667,35.37733990147783,109.57832512315271,1024,55,4904.166237737801,543,88.78229448961156,777
445,0.0847,-14854.33846153846,72.29916666666666,86.11075268817204,183.55483870967743,890,61,12360.634854715048,543,186.34410480349345,873
446,0.0842,-9463.43076923077,51.791666666666664,61.77393075356415,139.31364562118125,942,58,3538.6617531406882,543,103.50503202195792,626
447,0.0838,-10016.415384615386,42.5025,52.094565217391306,130.21630434782608,948,57,4254.219827259018,543,124.64595103578155,306
448,0.0833,-10628.846153846154,41.495,50.0711159737418,130.109409190372,927,54,3721.2825966217024,543,126.06267539756782,92
449,0.0828,-8108.861538461539,33.645833333333336,39.61167002012073,117.41146881287726,957,59,6632.268069949886,548,73.04284412032817,272
450,0.0824,-7887.292307692307,30.84,35.58238341968912,110.55647668393783,980,53,4780.616593756309,549,85.90122295390404,29
451,0.0819,-5863.892307692307,25.6525,29.93346573982125,105.6325719960278,965,67,3723.8805089770517,550,55.92490842490842,505
452,0.0815,-8055.399999999998,37.92,42.82595573440644,123.28672032193158,974,64,4789.40854222726,550,75.63703024747937,451
453,0.081,-8488.123076923077,40.44416666666667,47.231380337636544,127.16186693147964,956,56,3333.6053868649615,550,95.67201426024955,375
454,0.0806,-7491.338461538461,28.8875,33.47442326980943,112.0,966,60,3987.8449025319273,550,82.87070524412296,180
455,0.0801,-6899.692307692307,26.414166666666667,29.915799432355723,106.00283822138127,1020,58,2088.1986944883606,550,39.614337568058076,450
456,0.0797,-6415.907692307693,28.676666666666666,32.44941634241245,102.51848249027238,992,58,7181.610385393596,550,59.4547134935305,852
457,0.0792,-8915.63076923077,39.12916666666667,48.02521008403362,129.22268907563026,929,59,6949.7430915700315,550,113.10778985507247,604
458,0.0788,-8021.615384615385,32.905,35.96117424242424,110.89015151515152,1021,56,4826.81502773994,550,81.4982332155477,53
459,0.0784,-9327.4,45.49,55.87334801762115,144.52202643171807,906,65,3641.5298538169372,550,121.6782449725777,772
460,0.0779,-7041.615384615385,29.518333333333334,33.36625119846596,115.25311601150527,1020,64,4800.004049590937,550,69.4580703336339,786
461,0.0775,-7440.153846153848,28.448333333333334,32.92551020408163,112.26836734693877,987,62,5218.87164602373,551,56.581975071907955,490
462,0.0771,-6841.769230769232,31.519166666666667,36.86027944111776,117.92514970059881,972,72,4039.687892115843,551,91.79450841452613,568
463,0.0766,-7349.0615384615385,32.99166666666667,40.59893617021277,135.7851063829787,895,78,2628.9675625850005,551,123.39835164835165,631
464,0.0762,-8302.56923076923,35.89333333333333,43.29320987654321,124.91666666666667,956,58,2309.135153482124,551,107.78519855595668,227
465,0.0758,-8674.815384615385,36.93083333333333,44.2042328042328,116.67301587301587,923,50,6424.124810773472,551,115.0931506849315,673
466,0.0754,-8202.0,42.09916666666667,47.46261216350947,127.0259222333001,982,60,3980.473398763049,551,87.06146788990826,625
467,0.075,-8315.507692307692,30.523333333333333,35.9340885684861,113.35942327497425,976,61,5303.951115044241,552,54.6474609375,107
468,0.0745,-7428.4,30.918333333333333,33.66767983789261,109.73961499493414,987,61,5464.140859040081,552,109.50227894257064,148
469,0.0741,-10189.984615384616,49.155,60.56818181818182,156.13203463203465,868,70,3595.867559520478,552,127.1117216117216,757
470,0.0737,-9555.846153846154,37.1975,42.96603396603397,121.10689310689311,1004,53,4727.993103584879,552,86.16860986547086,592
471,0.0733,-10649.046153846153,43.6025,49.191823899371066,138.18867924528303,963,66,4178.402365411062,552,126.33273219116322,171
472,0.0729,-9422.030769230769,45.57833333333333,54.3696335078534,140.79476439790577,922,65,2830.3992872198937,552,125.81351351351351,763
473,0.0725,-8219.461538461537,39.79083333333333,47.56565656565657,118.71111111111111,919,59,3839.426283354837,552,72.00731930466605,204
474,0.0721,-10163.36923076923,50.2625,59.53665987780041,142.80549898167007,907,61,4933.241717788757,553,101.64721485411141,665
475,0.0717,-9546.892307692307,46.1975,59.52696629213483,139.04606741573033,864,67,3905.128911924994,553,170.8539534883721,473
476,0.0713,-10782.43076923077,52.443333333333335,63.667032967032966,156.65164835164836,888,69,3407.5800897085082,553,155.27354260089686,641
477,0.0709,-7929.384615384616,33.1825,36.595551061678464,111.66430738119313,962,58,5578.363476815468,553,93.71729185727357,364
478,0.0705,-8704.23076923077,41.156666666666666,54.184,138.928,883,66,3512.4701617335068,553,146.49479659413433,177
479,0.0701,-9020.076923076922,40.295833333333334,49.31808278867102,132.05337690631808,886,61,3885.605824566234,553,149.57581227436822,899
480,0.0697,-8374.06153846154,32.1925,36.81780962128966,117.07267144319344,966,62,3498.4256012031437,553,83.35310218978103,245
481,0.0694,-10004.2,48.42583333333334,59.0859291084855,148.1825993555317,920,67,2799.541087610373,553,119.6578699340245,210
482,0.069,-10412.569230769232,44.02,44.94254032258065,121.38709677419355,986,59,3909.4619487332493,554,123.31965065502183,290
483,0.0686,-10323.83076923077,42.285,47.50897571277719,134.480464625132,960,59,2156.4184744442973,554,103.85554520037279,768
484,0.0682,-9807.046153846153,44.485,54.404735062006765,139.86696730552424,909,64,1882.3800123448661,555,136.1439466158246,117
485,0.0678,-9630.569230769232,42.79,52.041002277904326,133.14350797266516,882,62,3953.9961501702364,555,138.04579439252336,499
486,0.0675,-10618.738461538462,58.520833333333336,78.91866028708134,172.9724880382775,771,67,5446.747317524442,555,186.40764331210192,143
487,0.0671,-13848.015384615383,72.18583333333333,100.07466340269278,194.72093023255815,768,60,10333.403204977823,555,200.88454706927175,240
488,0.0667,-8013.338461538462,34.159166666666664,39.178903826266804,115.97001034126163,947,58,3582.8186009350075,555,100.91068139963167,308
489,0.0664,-12703.261538461538,65.115,90.41437125748503,201.92694610778443,779,64,11543.495691342447,555,203.18367346938774,692
490,0.066,-14457.415384615384,79.96583333333334,108.9810366624526,218.77117572692794,744,67,9763.486292442305,556,251.28080985915494,800
491,0.0656,-9667.969230769231,50.6175,63.16884531590414,147.958605664488,849,62,4863.210717021519,556,128.05177111716623,555
492,0.0653,-13800.27692307692,76.44333333333333,106.68133174791915,202.243757431629,755,61,16554.960010102142,558,205.37840290381126,647
493,0.0649,-12809.384615384615,68.49166666666666,100.93478260869566,211.34398976982098,722,66,8681.114312443777,558,229.74910394265234,799
494,0.0645,-9549.63076923077,40.236666666666665,47.8524064171123,126.79572192513369,934,56,5358.666344081246,558,107.6,76
495,0.0642,-9297.353846153846,43.03916666666667,52.938947368421054,132.08947368421053,914,57,3063.7357941673818,558,107.85648994515539,565
496,0.0638,-13788.876923076925,64.61166666666666,85.5839243498818,180.69148936170214,831,63,8720.397715152472,559,199.77709251101322,127
497,0.0635,-8725.4,37.785833333333336,44.79618473895582,113.42570281124497,956,47,5408.043754610687,559,80.77276825969342,481
498,0.0631,-8252.876923076923,33.869166666666665,38.582089552238806,110.64776119402985,995,54,3642.062219721053,559,78.20699172033119,304
499,0.0628,-12341.815384615385,61.61,74.180815876516,154.65600882028667,846,55,4061.0072322398023,559,158.61883802816902,713
500,0.0624,-10998.599999999999,47.406666666666666,52.66771159874608,134.3448275862069,949,51,2350.401552869685,559,148.00711743772243,353
501,0.0621,-13784.184615384618,71.13333333333334,97.0309023485785,192.37824474660073,732,58,12590.07849594314,560,221.68308550185873,98
502,0.0617,-10568.138461538461,53.56666666666667,62.54825026511135,147.29056203605515,967,62,5219.838490235693,560,137.40262172284645,501
503,0.0614,-11691.030769230769,56.1175,70.70011025358325,157.25358324145535,868,62,2205.4239434806304,560,143.3070097604259,293
504,0.0611,-10432.307692307693,54.005833333333335,66.19504310344827,150.76077586206895,859,63,6065.777048850318,560,125.70742753623189,634
505,0.0607,-11887.199999999999,60.6,76.17127071823204,170.3182320441989,851,69,5282.482276986293,560,153.29453894359892,194
506,0.0604,-8870.061538461538,40.0575,49.48168103448276,129.06896551724137,931,59,5394.112645031016,561,105.86423220973782,67
507,0.06,-8967.876923076921,39.82416666666666,47.894004282655246,127.27944325481799,908,56,5157.858913011801,561,115.43225806451613,365
508,0.0597,-8265.046153846153,33.94166666666667,39.10675808031342,112.10479921645445,999,55,3016.973062687555,561,80.483989021043,651
509,0.0594,-9329.953846153847,41.05,50.07327586206897,127.25646551724138,881,53,5820.484539313651,561,108.77479147358666,760
510,0.0591,-10967.384615384615,44.6475,50.891920251836304,130.99580272822666,929,53,4497.964464377309,561,127.6350626118068,86
511,0.0587,-9829.446153846155,41.583333333333336,48.918067226890756,125.58823529411765,971,52,3533.415204660983,561,120.30017921146954,382
512,0.0584,-7672.738461538462,32.4925,36.80776892430279,110.74302788844622,932,53,5152.364117525348,561,74.73333333333333,146
513,0.0581,-13293.86153846154,64.39083333333333,87.13595933926302,209.44980940279544,755,73,8511.801995810682,561,225.18721461187215,418
514,0.0578,-6799.707692307693,27.445833333333333,30.792097836312323,100.15898400752587,1026,57,4170.318160697818,561,34.282669138090824,874
515,0.0574,-9209.553846153845,34.26416666666667,37.67843511450382,112.46851145038168,1034,48,5238.602532503445,561,57.29566003616637,408
516,0.0571,-11252.630769230771,61.100833333333334,70.71207430340557,157.62435500515997,949,58,3297.24228509657,561,142.75929203539823,660
517,0.0568,-8151.0,37.6675,40.46892655367232,116.53954802259886,1033,59,4877.351149136766,561,65.40710382513662,826
518,0.0565,-9623.923076923078,43.8875,47.3349012229539,119.71683913452493,1034,49,3230.215658672056,561,74.19877408056043,248
519,0.0562,-7578.999999999999,31.201666666666668,34.8158379373849,107.36740331491713,1022,52,2798.820965254681,562,57.68777876895629,870
520,0.0559,-8000.384615384615,29.570833333333333,34.351960784313725,110.95588235294117,997,55,2648.814429866797,563,61.62969752520623,89
521,0.0556,-4721.384615384615,17.405833333333334,19.120527306967986,72.81826741996234,1048,49,5888.817278027604,564,19.605778191985088,403
522,0.0553,-7791.969230769229,45.19416666666667,50.5873786407767,128.6980582524272,978,58,3809.9396023449226,564,78.89206066012488,97
523,0.0549,-8737.630769230767,42.1475,48.19057171514544,127.6950852557673,963,56,3097.3417274385715,564,87.13090909090909,341
524,0.0546,-9598.723076923077,34.6225,38.54460966542751,112.9135687732342,1033,50,4043.5737756670287,564,61.6159230096238,664
525,0.0543,-9521.76923076923,44.04833333333333,50.866733466933866,124.8687374749499,955,49,2029.7196107378825,564,99.66725820763088,706
526,0.054,-8197.400000000001,42.990833333333335,50.29531568228106,134.5376782077393,940,65,1965.2693244479321,564,102.23576512455516,654
527,0.0537,-7453.538461538461,35.969166666666666,41.79492385786802,118.28527918781725,931,60,7526.095047053043,564,73.70313986679353,754
528,0.0534,-7211.061538461538,32.775,37.3525390625,117.2626953125,957,62,5532.284381028974,564,70.67636363636363,160
529,0.0531,-8944.184615384616,39.51916666666666,45.829465186680125,124.46619576185671,962,55,3185.2501416736327,564,93.97061524334252,108
530,0.0529,-14661.492307692308,74.6875,93.52270210409745,195.52159468438538,831,61,10768.50314451348,565,195.88468634686348,391
531,0.0526,-9197.0,32.901666666666664,37.51664984863774,115.35015136226035,984,54,1749.2096127646196,565,67.01526717557252,837
532,0.0523,-6964.476923076924,28.135833333333334,33.48705179282869,113.85756972111554,971,69,3765.01239987684,565,61.06030603060306,407
533,0.052,-8254.89230769231,40.925,45.42885771543086,130.71943887775552,954,64,3642.3427519333236,565,82.59601449275362,101
534,0.0517,-8060.538461538462,34.3325,40.47875647668394,126.12124352331607,955,66,6906.340657135026,565,118.75021987686895,432
535,0.0514,-7724.846153846152,31.384166666666665,36.3389651531151,120.74445617740233,977,66,2749.144908960714,565,107.57417582417582,755
536,0.0511,-8141.076923076923,30.74416666666667,33.90438247011952,120.47410358565737,1014,66,3683.6392887691336,565,64.88033395176252,783
537,0.0508,-8499.215384615385,35.05,40.25515210991168,127.16584887144259,963,64,5873.885927105004,565,72.86408640864086,369
538,0.0506,-8429.292307692309,43.910833333333336,56.48873873873874,142.56644144144144,853,67,8553.23066774442,565,138.78333333333333,585
539,0.0503,-7590.292307692307,43.89833333333333,52.5838445807771,139.87525562372187,924,72,3026.613592719249,565,116.46606334841628,518
540,0.05,-7790.046153846153,44.72666666666667,54.21097046413502,142.67932489451476,934,71,3139.894513218014,565,106.21990950226244,810
541,0.05,-7619.984615384615,35.40833333333333,40.947476828012356,128.1503604531411,955,72,1678.1419808742896,565,101.05267857142857,571
542,0.05,-7135.43076923077,32.858333333333334,37.27141482194418,117.1097208854668,1003,64,3195.9496916664284,565,62.05722070844686,536
543,0.05,-7917.953846153845,36.5175,43.46611053180396,128.80500521376433,960,71,4897.247697323943,565,87.73217550274224,477
544,0.05,-7297.338461538461,38.84916666666667,47.35487404162103,135.74808324205915,877,79,3068.367403292979,565,109.8780487804878,802
545,0.05,-6335.938461538462,32.89416666666666,40.35817805383023,119.33540372670808,904,74,3433.9439966807945,565,75.87793427230046,890
546,0.05,-7059.446153846154,29.6125,33.39809523809524,116.87523809523809,1026,66,2295.5093566503365,565,70.64951197870452,385
547,0.05,-7298.984615384616,34.02333333333333,36.574678536102866,118.6429277942631,992,70,9227.782070514664,565,74.74954296160878,845
548,0.05,-7249.8153846153855,35.075833333333335,41.11618669314797,122.92949354518372,954,61,4388.043075684241,565,72.62880886426593,633
549,0.05,-5988.323076923078,27.799166666666668,30.359767891682786,96.642166344294,1027,66,6900.115852903402,566,32.72865275142315,727
550,0.05,-6363.876923076922,26.670833333333334,32.282,101.402,972,57,5500.763904511373,566,53.661305581835386,183
551,0.05,-8346.0,35.2475,41.91803278688525,122.22131147540983,950,59,5693.5010493251,566,104.90187332738627,192
552,0.05,-7228.107692307693,27.831666666666667,29.754066985645935,107.06985645933014,1022,61,4409.646904503204,566,41.59814814814815,525
553,0.05,-7954.4,34.2325,38.636105860113425,109.78638941398866,1017,50,1851.5993809415838,566,62.804577464788736,741
554,0.05,-7480.2,25.795,28.8996062992126,110.25885826771653,1030,65,3660.3615836853182,566,79.01777777777778,135
555,0.05,-7574.492307692309,27.3375,31.235839340885686,112.24922760041194,978,64,4249.686042116885,567,107.5560538116592,12
556,0.05,-7608.076923076923,28.191666666666666,34.27332601536773,119.15697036223929,914,63,10085.902010929276,567,114.21217887725976,42
557,0.05,-7519.907692307693,31.81833333333333,36.90593047034765,115.11656441717791,954,64,4535.11579252149,567,91.96941612604263,485
558,0.05,-7381.6,27.038333333333334,30.820636451301834,102.26615236258438,1036,53,3779.1685030944836,567,50.712717291857274,359
559,0.05,-7167.3538461538465,25.589166666666667,29.33005893909627,109.6286836935167,1010,61,3739.7894917938065,567,78.03067484662577,309
560,0.05,-7238.292307692309,27.595,32.76570289132602,112.50548354935195,973,61,4069.775310999251,567,73.29954751131221,530
561,0.05,-8360.907692307694,31.561666666666667,36.517276422764226,118.5030487804878,972,63,2439.365881699938,567,90.1822262118492,507
562,0.05,-6975.846153846154,28.3475,35.45473908413206,116.419595314164,907,67,5760.371441693047,568,86.60057197330791,851
563,0.05,-7666.338461538461,28.995833333333334,32.97227926078029,119.3141683778234,954,67,3155.4816786238143,568,118.05902777777777,884
564,0.05,-6235.815384615385,22.32,25.13030602171767,108.07008884501481,1005,68,3429.4507648780896,568,98.85004359197907,2
565,0.05,-7017.553846153847,26.079166666666666,29.120805369127517,102.91754554170662,1038,62,4043.3445446507044,568,45.34146341463415,343
566,0.05,-6858.153846153846,26.2675,29.41477832512315,114.49458128078818,1014,72,3607.777182304321,569,59.8826714801444,720
567,0.05,-6710.4,26.253333333333334,32.24577226606539,120.03945885005636,908,75,6509.470935660249,569,131.81028037383177,281
568,0.05,-6270.092307692308,23.214166666666667,24.997032640949556,106.87141444114738,991,69,5836.45044415988,569,62.9441391941392,158
569,0.05,-6050.107692307692,23.5075,26.151898734177216,98.2726387536514,997,61,4403.222322687646,570,35.4250936329588,698
570,0.05,-8612.138461538463,32.005833333333335,36.503080082135526,131.17659137577002,1006,69,2159.759688004681,570,99.3734290843806,452
571,0.05,-8082.184615384616,32.98083333333334,37.65303983228512,142.02620545073376,912,84,4761.7053294269945,571,124.47269471799463,669
572,0.05,-9445.676923076922,39.41416666666667,47.90660592255125,127.89066059225513,889,57,3747.3841458976276,571,108.74277456647398,750
573,0.05,-6411.215384615385,24.050833333333333,27.028599605522682,102.16765285996055,1002,63,4353.262291699323,571,47.97674418604651,27
574,0.05,-8030.461538461539,31.764166666666668,36.335410176531674,114.9055036344756,989,61,2908.111838517362,571,104.21401869158879,256
575,0.05,-7665.384615384616,27.679166666666667,30.110567514677104,110.50293542074364,1013,59,3460.616207254549,571,73.50183823529412,590
576,0.05,-7032.046153846153,24.32,27.515810276679844,105.66501976284584,972,61,3037.6392500871016,571,76.29084380610414,271
577,0.05,-7627.507692307692,31.6225,34.177354709418836,117.44589178356713,1011,65,2699.982896324015,571,74.76448942042319,537
578,0.05,-7737.0,26.559166666666666,28.845180136319378,111.44303797468355,1038,65,2467.7175410627387,571,49.9827429609446,120
579,0.05,-7730.676923076923,32.16166666666667,36.93756294058409,115.62739174219537,967,63,5260.215809131411,572,79.43382352941177,740
580,0.05,-7355.184615384615,28.461666666666666,31.491388044579534,109.74974670719351,995,65,4186.229740263266,572,84.29953917050692,440
581,0.05,-8014.138461538461,31.4875,34.49704724409449,109.99015748031496,1007,56,2566.900282393295,572,69.45120859444941,82
582,0.05,-7604.538461538462,39.19083333333333,45.07881773399015,126.78916256157636,965,64,3743.7556718104956,572,64.86679000925069,666
583,0.05,-8766.23076923077,39.02166666666667,43.18181818181818,127.25317693059628,975,61,2671.5758583855068,572,69.7116953762466,569
584,0.05,-10347.184615384616,47.815,58.44864864864865,163.66594594594594,938,72,4261.161382208052,572,147.99645075421472,598
585,0.05,-8343.753846153846,30.52,34.56306760847629,123.10494450050454,958,68,4036.6422730772856,572,103.39471365638767,350
586,0.05,-7544.753846153846,27.5125,32.761399787910925,111.06574761399789,938,58,5591.28614580479,573,115.1654740608229,404
587,0.05,-6999.738461538462,29.546666666666667,34.2524557956778,114.47642436149313,1021,66,4197.885265752279,573,67.01260126012602,22
588,0.05,-7775.676923076923,27.6175,32.273726273726275,111.54945054945055,1014,63,3703.939193177882,573,67.99721706864564,111
589,0.05,-7855.430769230769,29.955833333333334,33.74331550802139,114.01818181818182,932,67,6012.596099385181,573,87.80469483568075,752
590,0.05,-8197.569230769232,28.778333333333332,32.1900108577633,115.87730727470141,947,68,5155.138234589136,573,120.25514018691588,892
591,0.05,-7995.876923076923,33.05583333333333,38.17610062893082,122.33228511530399,921,63,4804.254789101478,573,87.76103646833013,676
592,0.05,-7052.446153846153,29.638333333333332,33.88201160541586,111.64990328820116,1003,63,4951.485105642007,573,75.97539543057997,684
593,0.05,-7860.261538461538,23.811666666666667,25.80688935281837,105.89979123173278,980,63,4921.407343921957,573,106.00547445255475,51
594,0.05,-9726.661538461538,37.175,42.22769230769231,127.40615384615384,941,66,6899.215805983075,573,112.93859649122807,491
595,0.05,-7227.03076923077,29.468333333333334,32.6122860020141,125.58811681772407,963,77,3965.0839458092364,573,70.38009049773756,178
596,0.05,-6471.8153846153855,27.004166666666666,29.781976744186046,109.14922480620154,987,66,5994.08042261872,575,65.59070191431177,726
597,0.05,-9679.23076923077,44.299166666666665,52.33196721311475,149.32889344262296,952,72,5050.455455383338,575,127.48653198653199,801
598,0.05,-6909.384615384615,32.24333333333333,37.25,113.77362204724409,973,60,5341.366979248219,575,70.64575645756457,581
599,0.05,-10702.86153846154,47.038333333333334,60.32888888888889,158.08333333333334,870,72,5875.907086100141,575,134.8041237113402,325
600,0.05,-6972.0615384615385,28.3125,32.310583580613255,109.50840751730959,977,61,3777.5042079566356,576,74.25806451612904,462
601,0.05,-7212.507692307692,31.049166666666668,35.988589211618255,119.16804979253112,953,68,5022.691597987119,576,97.3436928702011,859
602,0.05,-8773.676923076922,38.380833333333335,44.85390946502058,130.65123456790124,938,66,5243.779966449528,576,102.11996418979409,254
603,0.05,-7550.107692307693,33.906666666666666,38.96862348178138,125.18319838056681,969,66,2511.3909134032206,576,92.01431127012522,280
604,0.05,-9829.415384615384,36.038333333333334,40.11926605504587,120.17227319062181,1004,56,2933.1233404012114,577,98.81647940074906,322
605,0.05,-9535.123076923079,47.56666666666667,61.0032751091703,153.22161572052403,838,69,5045.757847706964,577,129.75528978840848,650
606,0.05,-12057.83076923077,62.615833333333335,83.90277777777777,190.30671296296296,811,70,7347.987883630987,577,193.43470483005368,323
607,0.05,-8145.676923076924,37.31666666666667,47.208191126279864,144.11262798634812,851,81,2258.4257662143964,577,153.53532608695653,695
608,0.05,-12395.861538461537,64.37833333333333,83.08898776418242,192.09343715239154,815,72,5786.687340094816,577,191.00525394045533,75
609,0.05,-7645.892307692308,38.083333333333336,46.522066738428414,126.2475780409042,905,68,4117.239256566914,577,88.35283018867925,130
610,0.05,-8677.046153846155,30.035833333333333,34.94845360824742,115.78969072164948,971,58,3213.9550038781676,577,95.41428571428571,35
611,0.05,-8638.384615384615,34.62416666666667,40.206163655685444,125.27630180658873,933,65,4421.6829454635845,577,121.19795539033457,390
612,0.05,-8954.846153846154,44.134166666666665,54.495156081808396,145.5102260495156,906,70,3245.8407808651264,577,131.86225895316804,40
613,0.05,-8142.9384615384615,35.850833333333334,43.99894736842105,117.93157894736842,904,55,3633.1212871033513,577,99.0632672332389,363
614,0.05,-9100.476923076923,34.45916666666667,40.20866935483871,121.35786290322581,978,57,2146.4772371653917,577,80.58769513314968,9
615,0.05,-10260.276923076925,43.16916666666667,52.42025862068966,130.66163793103448,894,57,4589.814817189855,577,127.77902621722846,470
616,0.05,-9128.93846153846,35.92166666666667,40.183816183816184,111.68531468531468,992,49,2195.6231341220314,577,91.18899082568808,819
617,0.05,-9375.907692307694,36.17333333333333,40.95647773279352,130.03238866396762,984,67,2439.4506675151697,577,101.96875,412
618,0.05,-9235.523076923077,32.3225,38.72745490981964,110.84068136272545,967,50,3947.048049005935,577,72.2560865644725,516
619,0.05,-9939.676923076922,41.17166666666667,48.5796178343949,128.81528662420382,959,57,3040.4712813381166,577,131.26530612244898,243
620,0.05,-8510.938461538462,34.208333333333336,40.843260188087775,116.22257053291536,939,55,7887.203767922761,577,88.67389255419415,314
621,0.05,-9839.676923076924,40.23,45.028955532574976,119.64529472595656,983,54,2311.4514466073474,577,121.41681735985533,609
622,0.05,-9620.553846153845,39.5,45.615544041450775,123.07772020725389,956,52,5538.5794221252445,577,93.73055555555555,41
623,0.05,-7340.723076923077,31.638333333333332,36.763183125599234,106.91275167785236,977,52,2954.604936856338,577,57.30009233610342,168
624,0.05,-10697.492307692308,42.134166666666665,47.936344969199176,127.07186858316221,994,49,2626.4671605525805,577,97.5089928057554,782
625,0.05,-8813.153846153848,35.76166666666666,37.67076923076923,114.4297435897436,970,52,3779.482454143124,577,94.37523629489603,893
626,0.05,-8742.246153846154,34.1675,40.27744510978044,113.75349301397206,947,48,1875.3674591039342,577,62.38934802571166,813
627,0.05,-10196.36923076923,43.02,49.41051567239636,128.56117290192114,996,60,2446.435643988515,577,116.99472759226714,128
628,0.05,-8980.2,42.17583333333334,46.66113989637306,127.55336787564767,981,68,3787.368871772893,577,152.15245478036175,686
629,0.05,-10062.2,43.4225,56.00229621125143,139.66245694603904,903,63,5921.899370927327,577,138.48846153846154,681
630,0.05,-12379.4,60.306666666666665,70.76153846153846,165.21648351648352,862,62,5588.0591908312745,577,182.78591033851785,202
631,0.05,-12297.292307692307,46.78,51.25026399155227,133.89017951425555,985,55,3032.511508789504,577,149.47410714285715,175
632,0.05,-13571.492307692308,75.75666666666666,100.43926380368099,206.0110429447853,764,69,13105.50741215803,579,249.54930875576036,465
633,0.05,-13597.061538461538,66.60416666666667,85.82060606060607,186.1951515151515,837,66,12221.379727254827,579,229.31082331174838,457
634,0.05,-10965.384615384615,50.0825,61.73471615720524,152.03711790393012,886,66,5195.225690095573,579,169.92937123169682,61
635,0.05,-11881.876923076921,62.41,81.08372641509433,169.21698113207546,801,63,7382.896529103992,579,199.04323827046917,577
636,0.05,-11027.86153846154,57.553333333333335,68.5590465872156,148.39219934994583,869,57,5823.452577402713,579,133.08522212148685,662
637,0.05,-12186.307692307691,53.891666666666666,66.82487922705315,153.78502415458937,809,57,7665.285301305154,579,171.86717267552183,36
638,0.05,-7893.200000000001,42.76416666666667,49.529529529529526,130.8838838838839,966,60,5577.19181846643,579,102.06834532374101,770
639,0.05,-12078.076923076922,58.971666666666664,68.83494105037514,148.59378349410503,965,51,5298.422186666509,579,147.62335216572504,614
640,0.05,-10173.507692307694,48.626666666666665,61.450980392156865,137.85838779956427,861,53,4483.1038584984435,579,108.11531190926276,517
641,0.05,-7716.415384615385,42.3125,49.053149606299215,117.26279527559055,952,51,2836.1010618561354,579,61.51627906976744,545
642,0.05,-8858.076923076924,40.2375,47.74258474576271,145.89194915254237,897,72,4917.44445052547,579,122.52453166815343,59
643,0.05,-13493.93846153846,69.59,80.0990099009901,183.73707370737074,876,65,8082.178192034574,579,148.97153700189753,326
644,0.05,-12850.723076923077,64.0425,77.27963176064442,178.9608745684695,859,63,8958.469044750662,581,186.72751558325913,170
645,0.05,-7574.661538461538,31.911666666666665,39.124056094929884,122.66666666666667,904,67,6216.078793989181,581,85.21557454890788,230
646,0.05,-10134.584615384616,48.598333333333336,62.07278835386338,146.54871220604704,858,68,5886.605532793831,581,109.89575289575289,509
647,0.05,-8996.846153846154,38.1975,46.7,132.63020833333334,929,60,4230.932060913999,582,109.05137963843958,758
648,0.05,-13478.892307692307,66.295,87.78998778998779,187.75335775335776,782,63,10141.14112433133,582,215.40638864241348,406
649,0.05,-13547.415384615384,61.159166666666664,80.88518518518518,181.71604938271605,807,64,10717.153141685914,582,226.3057777777778,753
650,0.05,-10690.215384615385,55.39,74.57026713124274,161.63530778164923,767,61,7757.981953437383,582,153.18042226487523,682
651,0.05,-11243.153846153848,62.6575,85.11799761620978,181.3682955899881,759,65,5160.301798110912,582,162.1889692585895,557
652,0.05,-12837.815384615384,62.541666666666664,76.6,180.56174863387977,878,66,13612.826651271867,582,171.48924731182797,716
653,0.05,-14179.492307692308,70.15083333333334,96.44331210191083,209.25605095541403,767,70,6297.797900866953,582,241.92093441150044,429
654,0.05,-12800.599999999999,67.48166666666667,86.51868629671574,189.4326160815402,808,66,7947.595746926915,582,209.8531781557744,821
655,0.05,-12170.030769230769,62.2775,84.99756097560976,185.01707317073172,785,67,10914.756413269459,582,217.09145815358067,639
656,0.05,-11912.8,65.7975,78.66157205240175,171.52729257641923,848,63,5603.453047991163,582,178.6636528028933,724
657,0.05,-13392.938461538459,70.35083333333333,94.78597339782345,192.62031438935912,770,59,7511.286541473999,582,224.25981308411215,179
658,0.05,-13723.507692307692,73.375,110.3030303030303,212.0566534914361,697,65,9502.386579452736,582,229.13276836158192,244
659,0.05,-13391.0,67.54083333333334,89.03562945368171,175.63657957244655,772,54,6785.58835529624,582,202.60018050541515,277
660,0.05,-11918.599999999999,70.0875,104.02417302798982,215.96055979643765,683,72,9688.297628557215,582,238.93675527039414,550
661,0.05,-13442.353846153846,69.17333333333333,97.74007220216606,203.33453670276774,749,65,12285.473886035468,582,219.2753623188406,246
662,0.05,-16097.384615384617,75.81416666666667,104.31757575757575,206.0218181818182,795,60,9618.442048764884,582,197.32380073800738,542
663,0.05,-11795.8,67.39916666666667,102.93412384716733,216.45191040843216,699,74,9300.07757625259,582,246.52674524025386,469
664,0.05,-10185.738461538462,51.5325,68.09633027522936,157.79243119266056,793,66,8718.595877094493,582,156.04783808647653,191
665,0.05,-16279.046153846153,90.75583333333333,151.992700729927,271.51824817518246,672,68,19380.857579004543,583,277.06371191135736,198
666,0.05,-12609.215384615385,68.82416666666667,98.30548628428927,214.89650872817955,732,73,9106.451381046421,583,205.52376599634368,889
667,0.05,-13574.492307692308,73.02083333333333,104.35269709543569,223.31535269709545,711,75,10629.041209754358,583,280.1162579473206,559
668,0.05,-10161.276923076923,58.76083333333333,80.52961672473867,176.205574912892,773,70,8853.626773710737,583,143.85479452054796,15
669,0.05,-10927.707692307693,54.84,64.83125,149.38645833333334,911,63,4137.046261446628,583,144.4949066213922,95
670,0.05,-12673.446153846153,71.66083333333333,101.75031525851198,211.0075662042875,716,73,8147.901657605314,583,229.38305383936452,534
671,0.05,-11029.138461538461,66.535,92.91943127962085,184.0260663507109,777,69,11974.175774512203,583,180.86980609418282,597
672,0.05,-9246.076923076924,48.61083333333333,58.5933117583603,140.8468176914779,903,60,4011.373578551505,583,142.96113074204948,472
673,0.05,-13708.169230769232,74.1125,107.36253369272237,230.7978436657682,707,73,12851.578614510367,585,269.57219730941705,731
674,0.05,-11145.923076923076,64.14,93.36363636363636,198.2590286425903,717,69,12086.73485645591,585,202.76199095022625,39
675,0.05,-10402.276923076923,48.045,58.58134715025907,128.56891191709843,893,45,3341.271971465125,585,113.58399296394019,746
676,0.05,-14230.461538461537,71.09,97.97169811320755,217.87601078167117,707,71,11684.173065416186,585,266.236148955495,511
677,0.05,-14830.6,76.51833333333333,103.11704834605598,202.45165394402036,751,61,14544.959171255088,585,212.50933333333333,17
678,0.05,-9725.876923076921,49.65416666666667,51.929515418502206,125.2885462555066,884,60,6600.45782977591,585,142.94850948509486,784
679,0.05,-10167.33846153846,60.5,73.53232758620689,157.15409482758622,883,60,3977.6283712358604,585,167.1516544117647,798
680,0.05,-9260.553846153845,45.2725,55.54797441364605,127.73454157782515,902,52,3247.23851463171,585,119.24656278643447,480
681,0.05,-14105.400000000001,71.78083333333333,97.6123188405797,188.43115942028984,772,59,11758.44982007738,585,195.1643709825528,875
682,0.05,-10066.8,46.3725,55.475103734439834,124.99792531120332,941,45,2769.000241349878,585,95.80018248175182,667
683,0.05,-13560.846153846152,66.36333333333333,82.45885005636978,185.06877113866966,831,58,11715.001431623637,585,191.50179211469535,489
684,0.05,-12286.984615384616,69.09,92.35521688159437,212.64478311840563,795,75,6305.755465426805,585,188.97440423654015,291
685,0.05,-10165.830769230768,37.1925,44.79533404029692,121.98091198303287,931,47,4358.795441944757,585,99.31158088235294,435
686,0.05,-9305.338461538462,42.76833333333333,51.17917917917918,115.54054054054055,932,47,4859.983353875008,585,95.73642732049036,858
687,0.05,-11700.815384615384,49.431666666666665,58.26031746031746,140.05502645502645,910,55,2738.1506015307123,585,131.93260473588342,844
688,0.05,-10435.184615384616,45.119166666666665,51.268498942917546,130.6183932346723,930,49,3759.518437864521,585,109.31057062675397,567
689,0.05,-12190.138461538463,69.53833333333333,95.56338028169014,210.05281690140845,760,72,8469.214279179641,585,205.13604240282686,443
690,0.05,-6368.953846153847,32.67333333333333,39.33229491173417,121.71858774662513,917,71,4403.086829650156,585,58.84461391801716,110
691,0.05,-9888.015384615384,52.67333333333333,65.47481243301179,154.6988210075027,849,69,3251.9053333977945,585,147.36379769299023,378
692,0.05,-8071.046153846155,41.971666666666664,46.58606965174129,128.7820895522388,969,60,4461.349441852965,585,91.4872495446266,850
693,0.05,-7069.107692307693,44.35,51.64896755162242,122.93411996066864,928,58,5145.057371561104,586,63.7442502299908,173
694,0.05,-7231.538461538461,32.96083333333333,38.08605341246291,111.30464886251237,968,62,3390.311198883058,586,72.3621474067334,116
695,0.05,-12543.76923076923,65.52083333333333,87.15140415140415,194.22954822954824,777,73,2968.474553065125,586,227.1779197080292,332
696,0.05,-9622.507692307692,36.58083333333333,39.27653359298929,118.16553067185978,1021,58,4341.090065381682,586,78.40035429583702,379
697,0.05,-9037.523076923077,45.79083333333333,47.027992277992276,127.41988416988417,1014,54,4374.627481031183,586,63.817598533455545,405
698,0.05,-7800.584615384615,33.670833333333334,35.7926267281106,105.47373271889401,1057,50,4577.3107499872485,587,39.99356617647059,765
699,0.05,-8989.292307692307,40.86083333333333,45.08557692307692,122.83557692307693,1021,57,3933.247110024426,587,59.98880597014925,184
700,0.05,-8474.153846153848,46.615833333333335,54.890316205533594,129.1086956521739,955,50,3456.924258199288,590,76.68641750227894,520
701,0.05,-7633.446153846154,32.14416666666666,35.95441595441596,114.94871794871794,992,59,2622.594687799592,590,72.4468832309043,710
702,0.05,-9128.107692307693,39.45,43.24342745861733,120.16942551119766,1004,56,2213.7171031413527,590,83.61015412511333,69
703,0.05,-8439.815384615384,38.8325,42.64247598719317,131.98826040554962,914,70,5652.491566090114,591,119.16489361702128,707
704,0.05,-7225.430769230769,36.24166666666667,40.71757925072046,124.5821325648415,975,66,1864.8451299898304,591,84.42128408091469,788
705,0.05,-9232.261538461538,34.090833333333336,38.629094412331405,115.1926782273603,1003,55,2905.0266543878593,591,59.92785388127854,830
706,0.05,-8408.538461538461,35.340833333333336,37.91317073170732,121.55121951219512,996,60,5417.403594345077,591,91.07913669064749,434
707,0.05,-7930.846153846153,45.060833333333335,49.1488326848249,129.795719844358,994,59,4323.92164319291,591,66.34858188472096,100
708,0.05,-8081.0,46.6275,55.33192389006342,141.37315010570825,925,67,7604.281650076065,592,140.78390596745027,367
709,0.05,-7226.461538461539,31.544166666666666,35.842574257425746,114.53168316831683,971,64,3467.2613538033997,592,46.993364928909955,658
710,0.05,-6514.569230769232,28.16583333333333,32.19084712755599,106.82473222979552,995,65,5624.205342555818,593,39.93225190839695,258
711,0.05,-9466.2,39.0925,43.62397540983606,128.89651639344262,974,63,6523.617666728305,593,101.9814126394052,265
712,0.05,-8350.63076923077,33.13166666666667,36.386802030456856,115.25279187817259,958,55,3016.9611376293265,594,86.60313075506446,743
713,0.05,-10908.923076923078,41.10583333333334,43.43518518518518,129.96090534979425,997,57,4193.764610945096,594,111.37568555758683,283
714,0.05,-9253.369230769233,32.998333333333335,38.102774922918805,125.21788283658788,1008,66,3147.1316852796353,594,97.91477787851315,836
715,0.05,-6601.661538461539,35.028333333333336,38.79980563654033,124.66763848396502,972,71,3589.70332803276,596,80.44136078782454,578
716,0.05,-7317.876923076923,32.105,36.96531219028741,119.02973240832507,983,66,2680.410449833274,596,92.40488656195463,849
717,0.05,-7829.538461538462,35.88333333333333,39.43942307692308,128.95865384615385,1022,68,1486.6915891569279,596,79.7255605381166,169
718,0.05,-7492.2769230769245,45.37,53.42335025380711,136.90558375634518,914,65,3959.953143612883,596,91.02545454545455,358
719,0.05,-6516.123076923077,36.1425,40.72631578947368,115.11483253588517,986,57,4091.963632047356,597,60.945094509450946,655
720,0.05,-9102.615384615387,51.35583333333334,59.16802443991853,136.9093686354379,966,52,7572.398966260082,597,102.15335169880625,260
721,0.05,-8076.876923076923,34.60666666666667,37.599240265906936,115.30104463437797,1038,58,3031.258123513628,597,83.15888689407541,526
722,0.05,-7852.969230769231,31.345833333333335,36.06829765545362,120.42609582059123,995,67,6317.891613286593,597,98.40199637023593,172
723,0.05,-8715.892307692307,42.045833333333334,42.77295162882527,127.11747285291214,1043,60,4595.987351657707,597,94.89041095890411,644
724,0.05,-7728.369230769231,37.16416666666667,43.47531461761859,127.20619554695062,953,60,2086.9149764389736,597,86.05721830985915,331
725,0.05,-9900.415384615386,38.314166666666665,44.08358509566969,123.26485397784491,964,56,5067.026991735597,597,82.17690875232775,34
726,0.05,-8356.692307692307,30.578333333333333,35.62901554404145,113.36165803108808,991,60,4089.995828410388,597,89.90865384615384,632
727,0.05,-9110.43076923077,38.26166666666666,45.62660944206009,126.55793991416309,918,58,6114.340121421463,597,137.81266968325792,653
728,0.05,-8519.953846153845,34.58583333333333,42.82244008714597,127.53376906318083,919,63,5245.530197429636,597,117.21367521367522,464
729,0.05,-7689.323076923077,33.528333333333336,39.39044652128764,116.71028037383178,946,60,6454.318840633571,597,63.98771266540643,91
730,0.05,-6777.953846153847,33.235,37.82150101419878,130.4949290060852,975,76,2438.949646159522,597,57.24533582089552,834
731,0.05,-6420.892307692307,31.8675,37.06108374384237,102.60985221674876,961,57,6247.571176130161,597,47.90364826941067,398
732,0.05,-7675.876923076923,34.35666666666667,39.228285077951,117.47438752783964,879,65,8054.874653534886,597,162.84392014519057,828
733,0.05,-7039.615384615384,30.918333333333333,38.55811518324607,112.117277486911,896,61,5777.6433730084445,598,85.93797709923665,16
734,0.05,-9172.753846153846,34.45166666666667,39.660103626943005,120.51502590673576,999,59,3323.6206160142465,598,63.417224880382776,816
735,0.05,-7124.953846153847,31.611666666666668,39.415368639667705,112.96053997923157,921,56,5153.198380883854,598,77.77535545023697,824
736,0.05,-8923.06153846154,33.64666666666667,40.36863543788187,121.72403258655804,945,58,3201.9770065122216,598,78.6227657572907,13
737,0.05,-6835.430769230768,37.465,42.99193548387097,127.35282258064517,945,68,6854.633687866495,598,78.47102115915364,94
738,0.05,-8454.0,31.6625,37.81714876033058,115.7551652892562,938,56,2128.5579918485173,598,94.35640785781104,381
739,0.05,-9088.8,33.01833333333333,37.03152709359606,115.42758620689655,1007,57,3966.760287436761,598,83.5013698630137,115
740,0.05,-8146.153846153848,28.789166666666667,32.14866204162537,114.21010901883052,1017,63,2486.7149466502437,598,105.05628847845206,883
741,0.05,-7409.584615384614,30.56,34.397014925373135,113.05472636815921,1013,60,3476.2917215170496,598,72.32842686292548,299
742,0.05,-7446.415384615386,31.1475,34.06138613861386,116.51584158415841,985,67,4674.393465566144,598,85.36435469710273,223
743,0.05,-9241.13846153846,33.450833333333335,39.22421052631579,120.60105263157895,924,61,3211.658994816468,598,102.3260672116258,348
744,0.05,-7091.399999999999,29.935,34.97244897959184,120.98163265306123,948,69,2449.041714597784,598,76.41666666666667,307
745,0.05,-7841.769230769232,30.311666666666667,34.02240325865581,116.21486761710794,982,66,2972.148326323443,598,91.05248868778281,842
746,0.05,-9022.63076923077,30.68166666666667,33.46265560165975,129.9792531120332,1036,71,2834.0624969397263,598,115.0915619389587,549
747,0.05,-5861.523076923077,24.5625,30.141981613891726,106.11542390194076,940,66,2366.3495038938986,598,56.11847014925373,576
748,0.05,-11895.846153846152,55.80166666666667,67.65639269406392,168.7283105022831,829,67,7679.776592477565,599,159.14968440036068,83
749,0.05,-7520.738461538462,30.650833333333335,36.23455497382199,116.48062827225131,938,66,3389.174640689998,599,114.59706959706959,296
750,0.05,-7383.492307692308,28.854166666666668,34.24750499001996,104.0878243512974,996,50,4477.651281243441,599,52.816155988857936,60
751,0.05,-8813.2,35.719166666666666,43.39939024390244,117.35060975609755,948,52,4231.666762288464,599,96.17173524150269,607
752,0.05,-8093.66153846154,32.471666666666664,37.05505505505506,107.30130130130131,966,50,5802.86350810867,599,79.37416904083571,876
753,0.05,-8225.0,31.758333333333333,34.84240687679083,111.0487106017192,1029,56,2214.082036878412,599,46.22970479704797,771
754,0.05,-7994.246153846155,35.189166666666665,39.651185770750985,114.58794466403162,976,55,5383.777153245235,600,75.4735401459854,748
755,0.05,-7725.215384615383,31.7425,36.624750499002,115.03293413173652,991,56,7250.578826315031,601,69.94007490636704,759
756,0.05,-8641.461538461539,32.6425,35.23624288425047,125.1518026565465,1061,65,4601.7123132474335,601,68.72187776793622,608
757,0.05,-7582.707692307693,28.325,31.998062015503876,107.48837209302326,1003,56,4972.009270730002,601,67.49735915492958,497
758,0.05,-7875.8,30.8775,37.11663066954644,124.3207343412527,936,66,3079.8318786411605,601,111.29372623574145,742
759,0.05,-12962.8,64.87333333333333,84.7123595505618,185.74719101123594,826,64,9298.72391863998,601,174.6335740072202,853
760,0.05,-7903.969230769231,30.6375,34.09930486593843,109.8480635551142,977,54,4259.9758581372835,601,79.23048327137546,513
761,0.05,-8209.615384615385,32.91416666666667,38.55625,116.121875,970,61,3127.2089652152267,601,82.8581016299137,373
762,0.05,-7447.276923076924,34.67166666666667,42.6809378185525,118.8980632008155,940,59,4300.751939770545,601,66.85291396854764,629
763,0.05,-6118.876923076923,25.02166666666667,29.267374517374517,97.59749034749035,1007,55,4247.200576578148,601,36.764159702878366,1
764,0.05,-10354.830769230768,44.020833333333336,47.424586776859506,139.4948347107438,966,63,10026.123230381845,601,130.41447963800906,519
765,0.05,-7490.6461538461535,31.45,37.54020618556701,115.1659793814433,955,59,6135.649754878093,601,80.15441176470588,787
766,0.05,-7936.261538461538,33.9375,39.07883817427386,116.90041493775934,942,58,3245.3733734032962,601,111.78603807796918,764
767,0.05,-6731.784615384615,27.124166666666667,31.987279843444227,106.86399217221135,978,60,2059.8583664732655,601,71.0251954821894,131
768,0.05,-5729.138461538461,24.739166666666666,28.107648725212464,87.12842304060435,1008,48,3611.924882987692,601,29.05462962962963,220
769,0.05,-7070.492307692309,28.9,33.61252446183953,111.16731898238747,965,57,2511.8791821974673,601,78.1013986013986,596
770,0.05,-8789.953846153847,35.54,40.081846799580276,130.14690451206715,913,67,3854.7017693256716,601,138.65039929015083,225
771,0.05,-7494.461538461539,27.684166666666666,32.60851926977688,111.31135902636917,954,60,2620.1153939784085,601,68.32246376811594,30
772,0.05,-8454.076923076924,39.73833333333334,44.073339940535185,137.52824578790882,970,65,4795.43181255582,601,91.14223385689354,284
773,0.05,-8160.046153846153,30.961666666666666,34.6631067961165,115.92135922330097,997,60,1983.8349097578985,601,67.26079136690647,766
774,0.05,-9526.446153846153,37.4625,43.53542510121458,119.4251012145749,981,51,1832.0355927245357,601,84.40777576853526,867
775,0.05,-8715.8,36.68416666666667,42.21112255406797,119.44696189495366,979,55,2908.608318611734,601,120.76599474145486,321
776,0.05,-11098.90769230769,50.73166666666667,62.832760595647194,143.59679266895762,860,51,6639.24476399055,601,160.9719887955182,838
777,0.05,-8329.461538461539,35.711666666666666,40.962848297213625,117.984520123839,955,53,4333.613184120992,601,109.72103386809269,521
778,0.05,-8150.046153846153,31.815,35.26251276813075,108.8508682328907,973,52,6021.59920323217,601,73.39117929050815,133
779,0.05,-8441.538461538463,35.78666666666667,40.962701612903224,113.3850806451613,967,51,2995.160891708224,601,84.9760147601476,447
780,0.05,-7264.369230769232,30.166666666666668,34.622285174693104,103.08970727101038,995,54,2941.3224042952747,601,53.19715808170515,99
781,0.05,-7637.492307692308,28.56833333333333,32.4244741873805,96.55353728489484,1004,45,3402.4701487157236,601,44.99548736462094,761
782,0.05,-10126.246153846154,40.954166666666666,46.60956175298805,122.66235059760956,971,52,1385.351474032218,601,92.94995531724754,729
783,0.05,-6793.96923076923,29.9725,34.45920303605313,97.3595825426945,1006,49,3869.1952368585003,601,55.209489704565804,44
784,0.05,-7335.953846153846,28.921666666666667,34.336008024072214,105.04312938816449,976,51,3548.2893656456126,602,75.74771480804388,85
785,0.05,-7575.984615384614,30.50583333333333,36.25872689938399,110.47535934291581,948,52,4019.793913713643,602,70.75139146567717,531
786,0.05,-8882.076923076922,34.85916666666667,39.26442307692308,113.03365384615384,1042,48,3067.466910842105,602,57.409049773755655,495
787,0.05,-8880.384615384615,38.00833333333333,43.34377967711301,114.28584995251661,994,50,2821.314575807094,602,70.94117647058823,835
788,0.05,-7705.676923076924,34.564166666666665,40.93478260869565,114.60573122529644,974,58,4377.910131138566,602,60.2792384406165,460
789,0.05,-9329.076923076924,32.48166666666667,36.50803212851405,115.15060240963855,1010,57,5359.658864007214,602,81.83032490974729,510
790,0.05,-8772.953846153847,31.769166666666667,36.98331595411887,113.41710114702815,963,51,4851.61094944117,602,104.14285714285714,49
791,0.05,-6710.092307692306,26.17,28.981515711645102,96.05268022181146,1050,51,5446.820474827161,602,33.8319783197832,751
792,0.05,-7634.584615384615,34.35,39.91690821256039,108.65217391304348,979,48,4080.890916721877,602,67.27394807520143,274
793,0.05,-9033.615384615383,34.52166666666667,39.86852589641434,119.2519920318725,974,53,2310.973178311618,602,74.74504504504505,445
794,0.05,-8959.692307692307,36.310833333333335,39.578361981799794,120.34883720930233,987,62,1911.9287628876964,602,105.80627802690583,878
795,0.05,-7929.799999999999,30.5625,36.02281746031746,107.64682539682539,973,49,2555.109900081394,602,56.35486891385768,809
796,0.05,-7968.015384615384,33.95666666666666,39.40294117647059,115.78333333333333,974,54,8611.468471536502,602,68.9385171790235,21
797,0.05,-7858.261538461538,26.185,27.477941176470587,94.23345588235294,1115,51,4566.903094843683,603,34.00799289520426,156
798,0.05,-6113.323076923077,21.993333333333332,22.631826741996232,84.6572504708098,1050,54,3671.754229262492,603,24.711194731890874,804
799,0.05,-5140.723076923078,23.405833333333334,27.78060724779628,93.74240940254653,980,63,3761.3471505911557,603,48.449864498644985,357
800,0.05,-10011.89230769231,38.79666666666667,42.68722943722944,146.495670995671,984,74,5397.176028907884,603,130.633488372093,319
801,0.05,-6045.523076923077,19.798333333333332,22.10720887245841,89.89186691312385,1053,55,4446.397101477448,603,31.45716862037872,882
802,0.05,-6113.661538461538,22.89,27.39453125,91.52734375,982,52,5002.015424579186,603,31.748350612629594,205
803,0.05,-6471.415384615384,28.354166666666668,33.38899803536346,110.98919449901769,973,66,2364.0197531214817,603,57.55767484105359,62
804,0.05,-7442.4769230769225,35.009166666666665,37.848963474827244,119.84501480750247,977,62,2509.9882936581994,603,74.24699352451434,252
805,0.05,-7178.4,26.916666666666668,32.390562248995984,107.24497991967871,949,56,3625.9369226781077,603,92.17495559502665,776
806,0.05,-9174.261538461538,35.608333333333334,41.8241308793456,129.1646216768916,935,60,2798.8272174653534,603,107.77534246575343,88
807,0.05,-6098.16923076923,23.91,26.90310442144873,95.36218250235183,1019,55,2297.6484038278504,603,45.08378378378379,864
808,0.05,-7909.738461538462,30.22,34.768389662027836,117.00497017892644,994,60,3021.531315327795,603,77.7088948787062,575
809,0.05,-7293.446153846154,32.6425,37.88745019920319,113.81474103585657,963,61,2154.5963998427046,603,92.5244122965642,262
810,0.05,-7530.16923076923,29.545,34.0894472361809,111.59798994974874,968,58,3027.805322608677,603,80.12522361359571,675
811,0.05,-8097.846153846154,35.99666666666667,42.168377823408626,120.54620123203286,965,53,5333.929313362453,603,66.52761904761904,546
812,0.05,-7853.676923076922,27.213333333333335,30.434362934362934,112.87258687258688,993,60,1605.0895418048465,603,60.19748653500898,797
813,0.05,-8231.33846153846,30.710833333333333,35.57715430861723,110.27755511022045,1002,54,3625.1907624153146,603,68.82097649186257,508
814,0.05,-7236.323076923077,28.466666666666665,30.773798303487276,111.29877474081056,1042,63,2801.1838033362383,604,83.89335664335664,661
815,0.05,-6869.753846153846,24.149166666666666,28.381044487427467,100.0338491295938,1006,53,2366.5017282974213,604,52.134492223238794,467
816,0.05,-7493.369230769231,27.775,31.652884615384615,105.61538461538461,1008,51,4255.359812101387,604,39.55358807082945,255
817,0.05,-7725.2,30.299166666666668,35.33562315996075,109.96565260058881,993,50,3856.676566638172,604,57.122201492537314,533
818,0.05,-7312.430769230769,27.420833333333334,33.40124095139607,112.77869700103413,942,61,4979.452662831642,604,106.69350411710887,475
819,0.05,-8177.476923076923,34.755833333333335,41.286153846153844,120.06358974358974,959,54,4608.695457872761,604,66.30422794117646,649
820,0.05,-5920.384615384616,22.3775,24.794481446241676,87.29876308277831,1048,57,3290.5689826196017,605,27.277675276752767,679
821,0.05,-7513.292307692306,27.904166666666665,32.69455252918288,108.3920233463035,1007,56,1517.8179666066071,605,70.31734960767218,701
822,0.05,-7936.784615384616,26.855833333333333,29.796594134342477,104.84295175023652,1035,53,2656.700249994967,605,52.80614035087719,347
823,0.05,-7675.615384615385,32.30833333333333,38.05,118.70612244897958,967,60,1899.4481892323495,605,81.56828597616865,871
824,0.05,-7803.523076923077,33.098333333333336,40.69222797927461,121.21761658031087,922,58,3467.0779454397675,605,94.63528336380256,102
825,0.05,-5972.8,21.225,23.214084507042255,91.98122065727699,1029,56,3300.6604668753553,605,38.78851412944394,584
826,0.05,-6877.923076923076,26.154166666666665,30.964964964964963,111.94494494494495,969,62,3952.3138702829915,605,95.69884853852967,313
827,0.05,-7451.276923076924,26.591666666666665,29.345565749235472,108.28644240570846,993,58,2862.4345053937727,605,101.09633027522936,515
828,0.05,-7967.2307692307695,27.28,30.61499493414387,105.6838905775076,975,53,5032.637170348398,605,66.31957773512477,733
829,0.05,-8129.907692307693,28.6,33.05329153605015,119.92163009404389,986,65,1848.3069268127588,605,109.25318761384335,335
830,0.05,-7209.8,27.486666666666668,29.546583850931675,109.30227743271222,953,62,2331.73686024593,605,92.2792384406165,419
831,0.05,-5566.707692307693,23.224166666666665,26.164278892072588,95.72206303724928,1001,65,3849.2888953323086,605,35.58552631578947,187
832,0.05,-7377.415384615385,26.135833333333334,29.87049659201558,107.8188899707887,1025,61,2776.9442158057814,605,57.04460303300625,268
833,0.05,-7470.969230769231,29.774166666666666,35.536485097636174,117.86639260020554,990,62,2960.4991434460835,605,72.10634328358209,672
834,0.05,-7607.369230769231,26.358333333333334,29.629363449691994,115.92299794661191,981,63,2687.1654280302505,605,77.99073215940686,289
835,0.05,-8229.123076923077,27.285,31.3875,117.121875,993,66,2609.184726912745,605,112.70751341681574,532
836,0.05,-6750.4,25.846666666666668,28.01247600767754,100.510556621881,1037,55,4517.67183735577,605,48.431261770244824,73
837,0.05,-6251.369230769231,23.545833333333334,26.428991185112636,106.05386875612145,971,62,3774.9148794483967,605,59.85545454545454,346
838,0.05,-6909.876923076923,24.66583333333333,27.867075664621677,108.27811860940696,973,63,3370.823330164188,605,80.93090569561157,414
839,0.05,-11853.123076923077,55.83083333333333,68.36809176225235,167.08029197080293,866,64,7223.947648407365,605,152.61511728931364,68
840,0.05,-6858.107692307693,28.575,32.94208494208494,117.35328185328186,972,65,3897.9793641982315,606,59.029143897996356,636
841,0.05,-8037.153846153847,29.30666666666667,32.569049951028404,113.49559255631733,1032,58,3708.546127629308,606,65.03656307129799,613
842,0.05,-7449.153846153847,28.659166666666668,32.066326530612244,117.62755102040816,955,65,3676.5231713956705,606,87.44504504504505,316
843,0.05,-7374.953846153846,28.208333333333332,32.6439842209073,112.29092702169625,995,61,3864.252394046009,606,61.80820695807315,553
844,0.05,-7875.5230769230775,28.986666666666668,33.53671147880041,118.01654601861426,963,62,2873.8190066127604,606,63.910863509749305,887
845,0.05,-8415.184615384616,28.140833333333333,32.21036269430052,112.8839378238342,957,59,4096.0874117733165,606,93.24746075715605,823
846,0.05,-8977.8,33.89416666666666,38.4877800407332,119.979633401222,955,57,5106.28359257227,606,99.76706096451319,152
847,0.05,-8705.553846153845,30.573333333333334,34.21300659754948,112.53534401508011,1066,52,1916.706818545945,606,57.1685994647636,219
848,0.05,-7874.015384615385,33.384166666666665,39.70919881305638,112.8269040553907,960,50,3746.8301083173774,606,88.68767123287671,615
849,0.05,-8137.430769230769,32.65416666666667,36.36609829488465,112.81644934804413,992,57,2919.592991038138,606,71.81556997219649,476
850,0.05,-8100.707692307691,33.94916666666666,39.850761421319795,119.58172588832487,937,59,6720.3700173735815,607,80.033118675253,43
851,0.05,-6682.215384615384,28.091666666666665,31.8953488372093,102.21899224806202,985,55,3796.182780019406,607,58.02683363148479,498
852,0.05,-6895.153846153846,26.429166666666667,30.00281690140845,106.15211267605633,1000,59,1987.411837671803,607,46.60896309314587,221
853,0.05,-8582.169230769228,33.299166666666665,36.46025515210991,122.85181550539745,1018,62,2107.1852034780163,607,107.96844872918493,239
854,0.05,-8994.492307692308,34.844166666666666,40.97415506958251,118.14512922465208,987,48,1428.0972536819254,607,90.56552962298025,640
855,0.05,-9908.353846153845,38.165,43.56729810568295,129.78464606181456,967,56,3840.571993434787,607,80.04735883424408,700
856,0.05,-8254.784615384615,33.52916666666667,35.54256314312442,104.80542563143125,1057,45,4007.21604080517,607,55.81181818181818,572
857,0.05,-8690.215384615385,37.27166666666667,44.47482014388489,118.4224049331963,937,50,2995.162389401293,607,82.36641929499072,428
858,0.05,-7313.261538461538,28.7075,33.56488549618321,105.53530534351145,988,55,4420.593433839171,607,38.399078341013826,190
859,0.05,-8958.415384615384,40.064166666666665,47.977777777777774,140.35661375661377,940,69,4605.094702629978,607,136.82294489611562,195
860,0.05,-7967.215384615384,35.7025,41.277667984189726,114.60671936758894,1013,57,3103.132957131047,608,64.40331491712708,233
861,0.05,-8335.261538461538,31.5075,33.76135265700483,110.93236714975845,1025,53,3298.395730821374,608,63.52821461609621,58
862,0.05,-8568.538461538461,34.155833333333334,37.907634307257304,110.9038642789821,1010,46,2062.084855150132,608,54.25504587155963,714
863,0.05,-8121.4,29.38,30.235892691951896,100.29787234042553,1092,48,6108.159578703869,608,42.61075660893346,208
864,0.05,-8484.030769230769,33.549166666666665,38.12463768115942,116.4415458937198,973,52,2330.3888583543076,608,67.62877442273535,64
865,0.05,-8660.784615384615,32.80416666666667,36.411650485436894,111.6378640776699,1009,52,4052.309479740251,608,51.12149532710281,207
866,0.05,-7162.492307692308,43.0075,46.052083333333336,115.23768939393939,1009,51,7769.172512747052,609,52.783514492753625,420
867,0.05,-7893.461538461539,36.545833333333334,39.338935574229694,110.2250233426704,1045,50,3533.684350930706,609,48.166360294117645,618
868,0.05,-7549.83076923077,30.913333333333334,33.13120899718838,100.45173383317713,1028,50,4258.690540596307,609,46.2082957619477,46
869,0.05,-7933.015384615383,30.698333333333334,36.052947052947054,114.85114885114885,965,55,2941.1838781243805,609,75.72558139534884,528
870,0.05,-9124.153846153848,34.12166666666667,38.57128712871287,121.15445544554456,1005,55,1847.001330617502,609,65.22181146025878,862
871,0.05,-8924.66153846154,35.9525,40.327885597548516,120.68437180796731,967,53,2024.4286784210037,609,85.76595744680851,496
872,0.05,-9577.692307692309,42.215,49.60367722165475,134.90806945863125,943,56,1818.8382567788367,609,85.2289592760181,24
873,0.05,-7772.907692307693,31.934166666666666,38.465656565656566,113.44444444444444,941,54,3076.3526213318214,609,73.08534322820037,456
874,0.05,-7296.984615384616,33.083333333333336,39.655837563451776,111.96446700507614,919,58,6055.20198376832,610,59.51816443594646,589
875,0.05,-8768.076923076924,36.69916666666666,42.19182083739046,124.74391431353456,987,61,4561.6669626961775,610,76.49244444444444,344
876,0.05,-8615.6,34.98916666666667,39.65606361829026,116.20775347912524,958,56,3180.8191125136736,610,73.39430147058823,57
877,0.05,-7807.723076923077,29.740833333333335,33.34169884169884,116.4015444015444,1012,63,4114.627644293841,611,73.11978704525288,278
878,0.05,-8108.476923076923,32.5575,37.74532940019666,117.6479842674533,982,61,1413.5103418446006,611,84.7009507346586,769
879,0.05,-8932.2,38.009166666666665,43.903131115459885,122.24168297455968,980,50,3584.0142427816954,612,86.69320214669052,386
880,0.05,-8420.815384615385,38.26916666666666,45.52820512820513,127.20205128205129,965,54,2511.532296799224,612,86.77395348837209,121
881,0.05,-7833.4769230769225,35.38666666666666,41.14818548387097,119.51612903225806,959,58,4070.257197235872,612,83.75,697
882,0.05,-9096.123076923077,32.38916666666667,37.06438631790744,117.46076458752515,998,60,4459.677486921186,612,73.16697416974169,459
883,0.05,-9143.923076923076,39.77333333333333,42.792031098153544,116.77162293488824,992,48,1745.6822524998831,612,70.4259927797834,122
884,0.05,-8491.261538461538,35.361666666666665,39.47972304648862,113.38773491592482,971,52,2229.6140345788713,613,77.86232558139535,109
885,0.05,-8616.184615384615,42.994166666666665,47.2507204610951,123.81075888568684,991,51,3121.0248638356006,613,66.25932666060055,736
886,0.05,-8953.123076923077,37.700833333333335,43.63364293085655,121.03611971104232,953,54,4461.462440363912,614,80.6467803030303,671
887,0.05,-7933.799999999999,27.194166666666668,30.191162343900096,109.5465898174832,1048,55,2531.5595805539388,614,49.54074074074074,228
888,0.05,-8670.153846153848,37.4425,43.36399604352127,124.811078140455,975,58,2895.7490407111886,614,83.29468177855274,785
889,0.05,-9128.184615384616,35.84583333333333,38.26988636363637,113.54545454545455,1050,52,2090.6148048512205,614,54.84432234432234,339
890,0.05,-8783.0,43.3925,49.46926229508197,131.4405737704918,957,54,3748.6257834081894,614,97.91195551436515,105
891,0.05,-7033.599999999999,32.531666666666666,37.222110552763816,110.80402010050251,950,66,4681.454845432149,614,76.28078358208955,37
892,0.05,-8724.846153846154,34.270833333333336,38.61857707509881,118.95355731225297,995,56,1407.8566713188843,614,84.18997361477572,213
893,0.05,-9446.476923076923,40.07833333333333,45.385896180215475,132.6914789422135,984,62,2257.671388469845,614,83.16725663716814,413
894,0.05,-6322.015384615384,28.990833333333335,32.95746691871456,106.98298676748583,981,64,3389.187846498246,614,41.03801945181255,287
895,0.05,-7500.2307692307695,33.99166666666667,39.97139938712972,113.36772216547497,936,59,6022.215160094863,614,63.93258426966292,286
896,0.05,-8167.553846153845,32.335,34.84086444007858,116.38506876227898,990,63,3109.0801998662696,614,101.6418439716312,611
897,0.05,-7365.907692307693,34.376666666666665,41.72597137014315,126.30981595092024,931,67,3485.9873343106983,614,108.39893143365984,356
898,0.05,-8669.369230769229,33.90833333333333,39.161323681489144,123.91416752843847,983,63,3605.487408534225,614,78.54730983302412,840
899,0.05,-7717.369230769232,32.888333333333335,38.14918190567854,112.23387872954764,1010,52,1946.3879200359293,614,54.09771689497717,193
