episode,epsilon,total_reward,avg_queue,avg_wait_s,avg_travel_s,throughput,switches,td_loss,q_table_states,avg_delay_s,traffic_seed
0,1.0,-852.876923076923,4.065833333333333,7.182763744427935,44.17236255572065,664,67,38.78726851819497,48,7.346210995542347,802
1,0.9945,-783.5538461538462,3.484166666666667,6.338957055214724,42.808282208588956,647,63,24.662390032159088,63,6.498466257668712,268
2,0.989,-638.7692307692307,3.1841666666666666,5.503725782414307,41.47540983606557,662,71,17.530183472401163,67,5.625,153
3,0.9835,-886.9384615384615,3.7325,6.650077760497667,43.46656298600311,653,69,32.56921874557709,71,6.791601866251944,738
4,0.9781,-887.3076923076923,4.0475,7.3924050632911396,44.23101265822785,628,65,31.981784242949843,73,7.552215189873418,557
5,0.9726,-970.8307692307693,3.94,6.811764705882353,42.53529411764706,678,61,23.895623183890887,77,6.964757709251101,459
6,0.9673,-848.6,3.4475,6.5447019867549665,42.730132450331126,607,67,20.520175781174117,79,6.653973509933775,842
7,0.9619,-715.4923076923078,3.2975,5.764530551415797,41.85245901639344,659,67,21.137050910321634,82,5.913690476190476,888
8,0.9566,-692.5076923076924,3.2716666666666665,5.69939577039275,41.98489425981873,669,70,12.486574282131873,83,5.8217522658610275,696
9,0.9513,-771.7846153846153,3.8975,6.817771084337349,43.37801204819277,668,62,18.62263766178761,86,6.950301204819277,757
10,0.946,-634.9230769230769,3.0566666666666666,5.748807631160572,42.470588235294116,630,69,14.770253344812707,88,5.914149443561208,331
11,0.9408,-735.9846153846154,3.755,6.47976011994003,43.11994002998501,670,66,15.886214810558183,88,6.628185907046476,377
12,0.9356,-796.0461538461539,3.7825,7.0409448818897635,43.71968503937008,631,69,16.835413028606183,88,7.185826771653543,807
13,0.9304,-587.5384615384614,2.9141666666666666,5.016467065868263,41.25748502994012,668,71,9.370892571769001,88,5.161676646706587,32
14,0.9253,-615.4,3.3383333333333334,5.983333333333333,42.78636363636364,662,73,11.949571284308439,88,6.125567322239032,484
15,0.9202,-983.9538461538461,4.9975,8.604379562043796,45.73284671532847,673,60,20.735415168536235,89,8.778102189781022,724
16,0.9151,-540.7846153846153,2.930833333333333,4.800859598853868,40.6676217765043,702,72,9.576022440869778,90,4.945558739255015,717
17,0.91,-769.4923076923078,3.1416666666666666,5.282674772036474,41.775075987841944,676,71,14.224518201129014,91,5.427051671732523,418
18,0.905,-590.0,2.7958333333333334,4.9395866454689985,41.17488076311606,646,71,12.407236851996112,92,5.074721780604134,154
19,0.9,-1078.676923076923,5.22,8.871757925072046,45.863112391930834,683,62,26.033263692438993,92,9.018705035971223,410
20,0.895,-885.3846153846154,3.7491666666666665,6.236363636363636,42.987878787878785,681,64,22.217214935341897,93,6.343419062027231,163
21,0.89,-520.5230769230769,2.6375,4.705972434915774,40.45176110260337,649,70,10.823716509124846,93,4.842266462480858,795
22,0.8851,-770.7538461538461,3.736666666666667,7.073170731707317,43.09105691056911,623,64,20.39142795131143,94,7.226016260162601,263
23,0.8802,-638.8615384615384,3.2641666666666667,5.655882352941177,41.891176470588235,667,70,13.82127701431151,95,5.791483113069016,186
24,0.8753,-674.1076923076922,3.1441666666666666,5.5610859728506785,41.88386123680241,650,72,12.740490089946071,96,5.702865761689291,771
25,0.8705,-550.6153846153846,2.6325,4.821596244131455,40.92175273865415,642,70,12.160938994447859,98,4.985915492957746,262
26,0.8657,-539.3076923076924,2.5008333333333335,4.594637223974764,40.640378548895896,639,73,10.336972648194035,98,4.733438485804417,640
27,0.8609,-636.1384615384616,3.3008333333333333,5.404795486600846,41.67983074753173,711,68,16.294895400777538,99,5.55148095909732,23
28,0.8561,-659.1692307692307,3.0116666666666667,5.507020280811233,41.86115444617785,651,67,8.82113626162737,99,5.638065522620905,235
29,0.8514,-755.9846153846154,3.165,5.377073906485672,41.40874811463047,671,67,15.274510114142752,101,5.541478129713424,791
30,0.8467,-712.123076923077,3.5025,6.157037037037037,42.263703703703705,669,62,14.732310102611027,102,6.311111111111111,152
31,0.842,-660.1538461538462,3.308333333333333,5.725,41.601470588235294,676,68,18.714145885163305,103,5.879411764705883,204
32,0.8373,-705.0923076923077,3.3925,5.993855606758832,42.08141321044547,646,67,9.495432626035601,105,6.124233128834356,225
33,0.8327,-734.1846153846153,3.325833333333333,6.18312101910828,42.76910828025478,627,67,15.594965891933208,106,6.328025477707007,231
34,0.8281,-739.0461538461539,2.945,5.105263157894737,40.94896331738437,634,72,16.104502022810387,106,5.237639553429027,568
35,0.8235,-618.7384615384616,3.1458333333333335,5.345697329376854,41.57121661721068,676,67,10.626792163619458,106,5.485163204747774,169
36,0.819,-736.1846153846154,3.299166666666667,5.83933933933934,42.307807807807805,674,66,13.53937972619785,106,5.9924924924924925,380
37,0.8144,-542.0,2.8533333333333335,4.877037037037037,41.04592592592593,671,76,13.779776159594006,106,5.042962962962963,731
38,0.8099,-803.723076923077,3.4625,6.0104790419161676,42.115269461077844,677,63,18.99342473692879,107,6.134730538922156,634
39,0.8054,-607.3076923076923,3.045,5.449319213313162,41.718608169440245,653,69,10.246304966488967,107,5.57034795763994,870
40,0.801,-672.0923076923077,3.285833333333333,5.686390532544379,41.616863905325445,664,63,13.378127625148,107,5.822485207100592,274
41,0.7966,-584.9384615384615,2.9875,5.367534456355283,41.43338437978561,658,68,13.128071345659388,108,5.548238897396631,533
42,0.7922,-612.9076923076923,2.966666666666667,5.2627511591962906,40.64451313755796,639,64,10.657996223204764,108,5.428129829984544,761
43,0.7878,-611.7076923076922,2.9541666666666666,5.026315789473684,40.909356725146196,677,73,12.123488509076681,108,5.176900584795321,522
44,0.7834,-600.0769230769231,3.069166666666667,5.206744868035191,41.313782991202345,678,70,14.878238821388967,108,5.335777126099707,851
45,0.7791,-635.9230769230769,3.0683333333333334,5.392481203007518,41.440601503759396,661,70,13.782950587966601,108,5.532330827067669,44
46,0.7748,-740.1692307692308,3.3658333333333332,5.736070381231672,42.00879765395894,678,65,13.464545574511893,108,5.916422287390029,765
47,0.7705,-624.7692307692307,2.870833333333333,5.547107438016529,41.5900826446281,605,67,11.051331821127087,108,5.67986798679868,563
48,0.7662,-612.5999999999999,2.8808333333333334,5.068493150684931,40.94216133942162,667,73,13.682927835312457,108,5.248097412480974,552
49,0.762,-553.8461538461538,2.654166666666667,4.478770131771596,40.428989751098094,676,73,12.261944180396645,108,4.645680819912152,489
50,0.7578,-652.2615384615385,3.276666666666667,5.349788434414669,41.72919605077574,704,72,11.292359987040756,108,5.496473906911143,853
51,0.7536,-503.2153846153846,2.5925,4.676335877862596,41.253435114503816,660,72,12.181524179998238,109,4.8396946564885495,886
52,0.7494,-608.9538461538461,2.9208333333333334,5.222727272727273,41.22575757575758,658,68,10.729361274275464,109,5.354009077155824,449
53,0.7453,-525.1384615384616,2.6225,4.6289592760181,40.41628959276018,661,73,14.164706189537451,109,4.784313725490196,658
54,0.7411,-513.323076923077,2.7691666666666666,4.710755813953488,40.75145348837209,693,72,11.053340133185346,109,4.848837209302325,703
55,0.737,-633.0153846153846,2.714166666666667,4.789954337899544,41.19330289193303,664,70,13.885983334723417,109,4.93455098934551,665
56,0.733,-542.3692307692309,2.8133333333333335,4.676511954992968,40.59915611814346,715,75,10.844277635419708,109,4.80028129395218,602
57,0.7289,-650.5384615384614,3.1925,5.604790419161676,41.69760479041916,662,64,15.463731409875265,109,5.747005988023952,191
58,0.7249,-631.6769230769231,3.2716666666666665,5.813069908814589,41.851063829787236,655,70,8.437876329799574,109,5.939209726443769,673
59,0.7209,-631.8461538461539,2.9675,5.014306151645208,40.74964234620887,695,63,14.094429649352579,109,5.1888412017167385,895
60,0.7169,-584.6153846153846,3.0908333333333333,5.177809388335704,41.421052631578945,697,66,12.53353901237368,109,5.317211948790896,824
61,0.7129,-603.123076923077,2.845833333333333,4.988077496274218,40.90014903129657,674,67,12.816122208949968,109,5.128166915052161,375
62,0.709,-591.1692307692308,3.055,5.164992826398852,41.20803443328551,702,67,10.57844903072387,109,5.350071736011477,615
63,0.705,-627.6769230769231,3.3866666666666667,5.425977653631285,41.986033519553075,718,69,11.25898695906328,109,5.610335195530726,16
64,0.7011,-523.1384615384616,2.5991666666666666,4.417533432392274,40.07875185735513,671,69,14.799609840854393,109,4.567607726597325,832
65,0.6973,-702.6153846153845,3.408333333333333,5.642356241234221,41.58765778401122,704,64,15.178931681984585,109,5.812061711079944,49
66,0.6934,-594.1692307692308,2.7983333333333333,4.909226190476191,41.20684523809524,670,73,11.469883069454076,109,5.058035714285714,304
67,0.6896,-474.7076923076923,2.3875,3.962797619047619,39.839285714285715,681,73,9.165814871866628,109,4.104166666666667,798
68,0.6858,-464.7384615384616,2.473333333333333,4.184593023255814,39.73255813953488,697,73,5.959739867969113,109,4.3270348837209305,159
69,0.682,-577.8923076923077,2.995833333333333,5.160530191458027,41.03240058910162,666,70,15.656382027217521,109,5.310751104565537,564
70,0.6782,-610.5384615384614,3.2358333333333333,5.44011544011544,41.733044733044736,685,72,9.405660691566894,109,5.578643578643579,613
71,0.6744,-545.9538461538461,2.9575,5.00863309352518,40.917985611510794,685,72,11.178639335615362,109,5.18705035971223,185
72,0.6707,-567.4769230769231,2.8133333333333335,4.878378378378378,40.54354354354354,665,72,10.401294840053867,109,5.0075075075075075,692
73,0.667,-551.8461538461539,2.615,4.613193403298351,40.70914542728636,663,71,10.470780144740612,109,4.770614692653673,73
74,0.6633,-515.2923076923078,2.64,4.535022354694486,40.39195230998509,668,71,8.452452447276347,109,4.673621460506706,514
75,0.6596,-653.7230769230769,3.3233333333333333,5.805255023183926,42.091190108191654,656,71,15.691067886567614,110,5.947449768160742,436
76,0.656,-560.1076923076923,2.4891666666666667,4.247058823529412,40.002941176470586,673,73,17.845438819904047,110,4.4,445
77,0.6524,-533.2153846153847,2.6958333333333333,4.525035765379113,40.13304721030043,694,69,6.561883189592168,110,4.6995708154506435,133
78,0.6487,-589.7076923076922,2.94,5.141566265060241,41.23644578313253,662,67,10.710640168215445,110,5.27710843373494,156
79,0.6452,-540.5692307692308,2.7116666666666664,4.701700154559505,40.66460587326121,647,70,9.091856256695683,110,4.829984544049459,591
80,0.6416,-467.1076923076923,2.6333333333333333,4.825,40.9796875,649,75,13.899702739499961,110,4.965625,857
81,0.638,-561.2,2.9166666666666665,5.39403453689168,41.37048665620094,629,68,9.933542379905052,110,5.533751962323391,721
82,0.6345,-655.0,3.279166666666667,5.730253353204173,41.947839046199704,665,69,9.363866142985552,110,5.874813710879285,690
83,0.631,-433.2307692307692,2.3891666666666667,4.356143079315707,40.31104199066874,645,70,13.16062636778124,111,4.469673405909798,400
84,0.6275,-534.4615384615385,2.66,4.728376327769348,40.27617602427921,661,68,16.59712983245288,111,4.860394537177542,817
85,0.624,-563.5846153846154,2.299166666666667,4.053846153846154,39.503076923076925,652,68,8.525916282751984,111,4.2153846153846155,579
86,0.6206,-703.6307692307691,3.5591666666666666,6.08840579710145,42.594202898550726,675,69,17.69250387437575,111,6.234782608695652,128
87,0.6171,-523.7538461538461,2.6433333333333335,4.743511450381679,41.29160305343512,653,74,7.672248162602896,111,4.893129770992366,650
88,0.6137,-531.1384615384616,2.6266666666666665,4.816199376947041,40.78971962616822,637,70,16.72654271275701,111,4.970404984423676,695
89,0.6103,-535.2923076923076,2.7191666666666667,4.871715610510046,40.816074188562595,650,72,16.3025254036834,112,4.9907264296754255,812
90,0.607,-547.9846153846154,2.7016666666666667,4.616666666666666,40.42424242424242,660,72,7.615645877121705,112,4.760606060606061,4
91,0.6036,-547.4000000000001,2.6775,4.5625,40.08139534883721,689,62,11.720588177976223,112,4.6875,71
92,0.6003,-445.78461538461534,2.529166666666667,4.172610556348074,40.07845934379458,701,77,7.111990328437032,112,4.295292439372325,378
93,0.5969,-552.8461538461538,2.8266666666666667,5.0015290519877675,41.09327217125382,660,76,8.828048489140354,112,5.131498470948012,792
94,0.5936,-469.3538461538461,2.4408333333333334,4.072150072150072,39.85425685425685,702,70,8.043042938761936,112,4.216450216450217,208
95,0.5904,-526.7230769230769,2.620833333333333,4.472913616398243,40.633967789165446,673,76,6.593706564238525,112,4.606149341142021,753
96,0.5871,-460.86153846153843,2.370833333333333,4.182779456193353,39.616314199395774,659,70,13.751545090948945,112,4.323262839879154,742
97,0.5838,-629.1076923076923,3.1483333333333334,5.302395209580839,41.72005988023952,677,70,11.843528279801337,112,5.4655688622754495,10
98,0.5806,-474.69230769230774,2.47,4.23598820058997,39.730088495575224,673,71,15.099134777903119,112,4.377581120943953,138
99,0.5774,-462.0307692307692,2.3533333333333335,4.176197836166924,39.650695517774345,643,72,11.930247335996482,112,4.321483771251932,183
100,0.5742,-518.8153846153846,2.5458333333333334,4.521936459909228,40.3267776096823,662,72,9.173954109394561,112,4.665658093797277,570
101,0.571,-547.7076923076922,2.723333333333333,4.781297134238311,40.419306184012065,665,66,9.041932711078626,112,4.9411764705882355,614
102,0.5679,-538.5999999999999,2.694166666666667,4.605263157894737,40.719298245614034,683,74,11.418497050249716,112,4.7430656934306565,800
103,0.5647,-609.7538461538461,3.0766666666666667,5.217008797653959,41.40909090909091,689,69,9.817956858037268,112,5.353372434017595,394
104,0.5616,-494.69230769230774,2.5875,4.399129172714078,40.08853410740203,699,63,21.69143848381546,113,4.53410740203193,536
105,0.5585,-463.46153846153845,2.5175,4.396992481203007,39.962406015037594,667,73,10.486560567175522,113,4.521804511278195,39
106,0.5554,-501.1846153846154,2.6441666666666666,4.502183406113537,40.672489082969435,683,73,9.606534700101804,113,4.641921397379913,31
107,0.5523,-493.03076923076924,2.4025,4.31496062992126,39.86771653543307,634,70,10.480527312551198,114,4.437795275590551,264
108,0.5493,-469.09230769230766,2.390833333333333,4.269170579029734,40.15649452269171,640,70,11.58758153918468,114,4.416275430359938,526
109,0.5462,-534.876923076923,2.7625,4.6063675832127355,40.71924746743849,712,67,9.750802531939051,114,4.759768451519537,77
110,0.5432,-395.21538461538466,1.905,3.5739549839228295,38.9983922829582,628,75,10.642670005128569,114,3.688102893890675,297
111,0.5402,-495.27692307692314,2.56,4.244573082489146,40.01881331403763,702,73,11.596080969639234,114,4.399421128798842,157
112,0.5372,-468.13846153846157,2.549166666666667,4.48644578313253,40.441265060240966,661,75,14.51416217300328,114,4.634036144578313,881
113,0.5343,-473.4769230769231,2.4716666666666667,4.15929203539823,39.71533923303835,686,71,9.068004073874635,114,4.311209439528024,342
114,0.5313,-483.20000000000005,2.2225,3.923896499238965,39.659056316590565,654,72,10.600607239291806,114,4.068493150684931,130
115,0.5284,-690.723076923077,3.0591666666666666,5.096822995461422,40.94251134644478,668,67,10.038962998617988,114,5.234493192133131,103
116,0.5254,-442.78461538461534,2.2466666666666666,3.98937784522003,39.393019726858874,648,72,8.003972814443562,114,4.153262518968133,48
117,0.5225,-573.0769230769231,2.7583333333333333,5.1004709576138145,40.891679748822604,637,67,8.154981244702364,114,5.248037676609105,149
118,0.5196,-502.4153846153846,2.361666666666667,4.246153846153846,39.67076923076923,636,69,10.717860198996158,114,4.4,463
119,0.5168,-579.1538461538462,2.8358333333333334,4.810218978102189,40.35766423357664,677,70,10.741382358954034,114,4.991240875912409,198
120,0.5139,-483.79999999999995,2.4658333333333333,4.163027656477438,39.77583697234352,681,71,7.379878153576246,114,4.343522561863173,841
121,0.5111,-473.9384615384615,2.513333333333333,4.532608695652174,40.5,643,71,9.797422620584356,114,4.701863354037267,517
122,0.5082,-427.13846153846157,2.3975,4.220389805097451,39.53673163418291,657,73,10.823542621384705,114,4.389805097451275,649
123,0.5054,-496.7384615384615,2.2691666666666666,4.063174114021572,39.63790446841294,650,70,7.6045895528529,114,4.192604006163328,324
124,0.5026,-450.7230769230769,2.5125,4.2437956204379566,40.176642335766424,678,76,7.878598307329803,114,4.389212827988338,627
125,0.4998,-431.1384615384615,2.0641666666666665,3.5808383233532934,38.94760479041916,670,70,12.825392845322117,114,3.6766467065868262,605
126,0.4971,-490.0,2.605,4.60882800608828,40.29223744292238,656,68,11.698651097132593,114,4.745814307458143,89
127,0.4943,-507.87692307692305,2.450833333333333,4.361280487804878,39.84298780487805,649,70,11.48505981968278,115,4.5,551
128,0.4916,-523.7384615384615,2.694166666666667,4.5433186490455215,40.265785609397945,668,69,11.928579970763401,115,4.671071953010279,434
129,0.4889,-487.70769230769224,2.4775,4.252615844544096,39.82660687593423,672,73,7.884319158888437,115,4.408071748878924,657
130,0.4862,-443.4153846153846,2.255,3.93030303030303,39.43333333333333,657,69,9.381300397689797,115,4.05,313
131,0.4835,-579.646153846154,2.8508333333333336,4.723404255319149,40.91914893617021,693,70,9.73810844599896,115,4.885106382978724,115
132,0.4808,-399.9230769230769,2.095833333333333,3.6828125,39.0921875,646,73,7.764537762701842,115,3.8109375,90
133,0.4781,-506.2923076923077,2.5208333333333335,4.255474452554744,39.543065693430655,682,70,12.332529892278803,115,4.402919708029197,608
134,0.4755,-499.4153846153846,2.5616666666666665,4.533434650455927,40.09574468085106,652,71,9.233317612732622,115,4.685410334346504,167
135,0.4729,-495.36923076923074,2.5191666666666666,4.295588235294118,40.03529411764706,672,69,17.948175950393942,116,4.439060205580029,653
136,0.4703,-522.7846153846153,2.5275,4.389221556886228,40.25449101796407,671,70,13.05634280497915,117,4.50748502994012,361
137,0.4677,-559.4923076923077,2.9066666666666667,5.081723625557206,41.06686478454681,673,71,10.575567445747776,118,5.235905044510385,397
138,0.4651,-431.3384615384615,2.3125,4.10091743119266,39.60550458715596,649,71,12.7322698378536,118,4.258409785932722,882
139,0.4625,-448.92307692307685,2.3666666666666667,3.9738372093023258,39.84011627906977,691,73,8.290946328026445,118,4.104651162790698,572
140,0.4599,-485.9384615384615,2.5216666666666665,4.462709284627093,40.331811263318116,645,74,9.678403039551354,118,4.602739726027397,337
141,0.4574,-437.07692307692304,2.3008333333333333,4.128284389489954,39.83925811437403,646,76,7.689854799771026,118,4.253477588871716,488
142,0.4549,-499.36923076923074,2.55,4.323275862068965,39.80890804597701,690,65,15.697014254692995,118,4.48132183908046,660
143,0.4523,-468.3538461538461,2.475,4.28955223880597,39.77910447761194,671,69,7.073624728351636,118,4.446268656716418,468
144,0.4498,-476.55384615384617,2.611666666666667,4.482300884955753,39.842182890855455,670,69,7.146541878311379,118,4.64306784660767,632
145,0.4474,-469.9846153846154,2.390833333333333,4.126348228043144,39.82742681047766,653,73,10.79691437403763,119,4.280431432973806,776
146,0.4449,-435.0,2.2691666666666666,4.080123266563945,39.85362095531587,639,73,3.740280543964866,119,4.187692307692307,835
147,0.4424,-451.9230769230769,2.4283333333333332,4.193786982248521,39.760355029585796,675,72,8.161861401531246,119,4.337278106508876,401
148,0.44,-434.89230769230767,1.9641666666666666,3.545595054095827,38.65533230293663,645,65,10.197700696016362,119,3.6831530139103554,485
149,0.4375,-381.13846153846157,2.1,3.7380585516178737,39.43297380585516,648,75,5.41804434830172,119,3.8582434514637907,101
150,0.4351,-381.96923076923076,2.09,3.7863777089783284,39.5046439628483,639,76,4.996312688728607,119,3.9241486068111455,740
151,0.4327,-425.0769230769231,2.3716666666666666,4.2200303490136575,39.94233687405159,660,83,15.24743244956003,120,4.347496206373293,521
152,0.4303,-479.5230769230769,2.5375,4.437869822485207,39.98372781065089,674,67,11.152366361716034,120,4.576923076923077,520
153,0.4279,-480.2307692307693,2.4275,4.381395348837209,40.44186046511628,647,70,13.60908304664874,120,4.525581395348837,871
154,0.4256,-416.46153846153845,2.1366666666666667,3.7858267716535434,39.056692913385824,633,75,8.587862857052656,120,3.9228346456692913,833
155,0.4232,-442.26153846153846,2.525,4.167381974248927,40.18884120171674,698,77,10.065557517731618,120,4.313304721030043,278
156,0.4209,-478.0153846153846,2.430833333333333,4.297971918876755,39.41965678627145,647,65,7.954222531037354,120,4.442367601246106,850
157,0.4185,-576.1076923076922,2.8125,4.913109756097561,41.03201219512195,666,67,10.137503457896862,120,5.059451219512195,286
158,0.4162,-454.55384615384617,2.3033333333333332,4.1061538461538465,39.64153846153846,655,72,9.60143951970775,120,4.213846153846154,233
159,0.4139,-481.87692307692305,2.3408333333333333,4.0589123867069485,39.49093655589124,667,67,8.085831756455844,120,4.169184290030212,330
160,0.4116,-435.8923076923077,2.370833333333333,4.466666666666667,40.14920634920635,630,71,9.416911825700941,120,4.591125198098257,105
161,0.4094,-469.9846153846154,2.3216666666666668,4.314375987361769,39.92733017377567,637,67,6.613524400424836,120,4.46129541864139,719
162,0.4071,-437.58461538461535,2.445,4.149341142020498,39.92240117130307,687,75,6.63198825015678,120,4.322108345534407,213
163,0.4048,-543.5230769230769,2.640833333333333,4.728682170542636,40.25116279069768,651,66,6.511726228575034,120,4.902325581395349,171
164,0.4026,-455.2769230769231,2.4008333333333334,4.2318181818181815,39.92272727272727,659,69,7.630871164669086,120,4.356060606060606,718
165,0.4004,-430.38461538461536,2.3358333333333334,4.0460624071322435,39.54977711738484,660,73,6.136938714874625,120,4.192878338278931,123
166,0.3982,-414.1384615384615,2.3433333333333333,3.861581920903955,39.594632768361585,708,73,8.05685222253023,120,4.008474576271187,486
167,0.396,-510.276923076923,2.595833333333333,4.692068429237947,40.38258164852255,650,69,5.33582572568176,120,4.810264385692069,343
168,0.3938,-442.78461538461534,2.2916666666666665,3.879184861717613,39.56477438136827,691,72,5.6435858133011,120,4.03056768558952,739
169,0.3916,-393.7230769230769,2.2691666666666666,3.8521229868228404,39.38653001464129,681,75,5.130607495785422,120,4.046852122986823,806
170,0.3894,-426.90769230769234,2.401666666666667,3.9048295454545454,39.39346590909091,700,69,10.603652967569168,122,4.056818181818182,271
171,0.3873,-386.41538461538465,2.049166666666667,3.3766233766233764,39.03607503607503,701,75,5.41741937639088,122,3.518037518037518,600
172,0.3851,-436.75384615384615,2.435,4.303951367781155,39.95592705167173,660,69,5.076828960458945,122,4.419452887537994,111
173,0.383,-428.8461538461538,2.265,4.0246913580246915,39.33641975308642,647,73,7.422066526708667,122,4.208333333333333,597
174,0.3809,-442.723076923077,2.3341666666666665,4.008941877794337,39.38897168405365,660,75,5.364114078358096,122,4.175856929955291,67
175,0.3788,-420.1384615384615,2.1766666666666667,3.8947368421052633,39.28173374613003,647,73,7.742174914652783,122,4.021671826625387,539
176,0.3767,-448.8307692307692,2.3341666666666665,3.946454413892909,39.36324167872648,692,73,6.719951013609703,122,4.101302460202605,664
177,0.3746,-423.84615384615387,2.2975,4.15962441314554,39.92018779342723,640,73,10.481811550304037,122,4.298904538341158,707
178,0.3725,-377.6,1.9441666666666666,3.5341614906832297,38.86180124223603,643,72,5.230712159368182,122,3.658385093167702,829
179,0.3705,-413.2,2.3125,4.1525423728813555,39.99845916795069,649,77,7.225706076626391,122,4.287692307692308,647
180,0.3684,-417.1538461538462,2.2533333333333334,3.91044776119403,39.78955223880597,671,73,7.384230378061739,122,4.043283582089552,555
181,0.3664,-398.0,2.1366666666666667,3.651537335285505,39.08931185944363,679,76,6.971400321075697,122,3.7701317715959006,365
182,0.3643,-390.3076923076923,2.2866666666666666,3.8376436781609193,39.701149425287355,697,74,6.999111211248716,122,3.964080459770115,500
183,0.3623,-411.10769230769233,2.055,3.5537555228276876,38.72459499263623,675,69,6.427479885759745,122,3.6715758468335786,760
184,0.3603,-390.4923076923077,2.2516666666666665,3.9487951807228914,39.19277108433735,662,74,6.50943177071788,123,4.103915662650603,733
185,0.3583,-441.8307692307693,2.2916666666666665,3.9817351598173514,39.44444444444444,653,71,3.341013680276289,123,4.130699088145897,471
186,0.3563,-441.9384615384615,2.3858333333333333,3.9970972423802613,39.92743105950653,697,73,8.337584003790118,123,4.148040638606676,636
187,0.3544,-439.6461538461538,2.3916666666666666,4.1244309559939305,39.73596358118361,662,75,3.575526040878386,123,4.257966616084977,408
188,0.3524,-407.4923076923077,2.2041666666666666,3.8582089552238807,39.44626865671642,663,72,5.293105172915,123,4.019402985074627,813
189,0.3505,-380.6153846153846,1.9366666666666668,3.470219435736677,39.191222570532915,650,75,4.988340456829506,123,3.6206896551724137,19
190,0.3485,-463.3846153846154,2.515,4.42406015037594,40.25714285714286,668,72,8.937431273591942,123,4.584962406015038,495
191,0.3466,-375.30769230769226,1.9066666666666667,3.350983358547655,38.43721633888048,652,72,5.078134386870368,123,3.4871406959152798,181
192,0.3447,-382.0615384615385,1.9891666666666667,3.596599690880989,39.22565687789799,642,75,5.071763644054558,123,3.7542503863987635,55
193,0.3428,-420.2153846153846,2.3666666666666667,3.9116809116809117,40.0014245014245,698,73,10.217781777510528,123,4.105413105413105,78
194,0.3409,-450.9846153846154,2.3933333333333335,4.034833091436865,40.18722786647315,699,74,9.638866032920651,123,4.172714078374455,685
195,0.339,-382.90769230769234,2.341666666666667,3.9985074626865673,39.81044776119403,666,77,2.759908942628329,123,4.1537313432835825,242
196,0.3371,-425.03076923076924,2.3833333333333333,4.168421052631579,39.60751879699248,666,71,8.851335563807138,123,4.318796992481203,74
197,0.3352,-421.81538461538463,2.3425,4.015037593984962,39.675187969924814,662,74,8.392542041412668,123,4.166917293233083,777
198,0.3334,-462.4307692307692,2.505,4.273684210526316,40.034586466165415,669,70,5.359180981612214,123,4.431578947368421,166
199,0.3315,-400.0153846153846,2.1683333333333334,3.7447129909365557,39.02114803625378,659,71,11.831048251465559,123,3.904833836858006,745
200,0.3297,-363.7384615384615,1.99,3.416913946587537,38.75519287833828,671,76,7.272468789343132,124,3.5534124629080117,529
201,0.3279,-419.5692307692308,2.325,4.143504531722054,39.70845921450151,659,74,7.4006752910042435,124,4.312688821752266,734
202,0.3261,-432.2307692307693,2.105,3.69079939668175,39.08446455505279,668,68,8.221826550756125,124,3.81447963800905,170
203,0.3243,-409.78461538461534,2.2983333333333333,4.037821482602118,39.74735249621785,665,73,3.6325485043845127,124,4.166414523449319,280
204,0.3225,-424.4,2.1891666666666665,3.670571010248902,39.428989751098094,677,75,4.481006785383404,124,3.7994143484626646,639
205,0.3207,-394.73846153846154,2.1966666666666668,3.736842105263158,39.58479532163743,685,78,12.457028025486673,124,3.875730994152047,683
206,0.3189,-419.7692307692307,2.0733333333333333,3.7396630934150075,39.18223583460949,651,69,8.149553909405375,124,3.883614088820827,196
207,0.3172,-373.4923076923077,2.1575,3.712574850299401,39.115269461077844,664,81,8.27621277842133,124,3.8997005988023954,737
208,0.3154,-388.21538461538466,1.9558333333333333,3.374079528718704,38.608247422680414,678,69,4.6832211986490435,124,3.5051546391752577,710
209,0.3137,-437.10769230769233,2.473333333333333,4.24633431085044,39.98533724340176,680,73,3.3412890486335103,124,4.413489736070381,475
210,0.3119,-407.7692307692308,2.180833333333333,3.7379209370424595,38.98243045387994,680,75,4.397700760623132,124,3.888726207906296,867
211,0.3102,-374.75384615384615,1.9908333333333332,3.5495356037151704,39.01238390092879,648,74,2.361873310942409,124,3.695046439628483,362
212,0.3085,-437.12307692307695,2.34,3.978229317851959,39.71843251088534,694,74,5.9001111610237,124,4.1596516690856316,896
213,0.3068,-366.0615384615385,1.935,3.556782334384858,38.79968454258675,631,77,5.536569823107385,124,3.728706624605678,252
214,0.3051,-371.13846153846157,2.0858333333333334,3.5146198830409356,39.16228070175438,682,74,5.754448269917442,124,3.66812865497076,599
215,0.3034,-321.5230769230769,1.9558333333333333,3.559190031152648,39.35358255451713,640,83,4.556759211572881,124,3.716510903426791,504
216,0.3017,-389.6769230769231,2.1566666666666667,3.6483357452966714,39.34298118668596,695,77,4.124396885708194,124,3.8031837916063678,629
217,0.3,-359.92307692307696,2.066666666666667,3.6875957120980094,39.316998468606435,652,76,6.029304476626318,124,3.8256880733944953,303
218,0.2984,-362.2769230769231,1.9433333333333334,3.5952,38.8096,613,73,5.490818596847996,124,3.7376,751
219,0.2967,-442.53846153846155,2.4283333333333332,3.88375350140056,39.3921568627451,721,70,6.5310635382358,124,4.053221288515406,569
220,0.2951,-396.6461538461539,2.0933333333333333,3.5875370919881306,39.167655786350146,683,75,9.50041001321698,124,3.7299703264094957,617
221,0.2935,-399.72307692307686,2.2041666666666666,3.7431059506531206,39.76632801161103,692,74,4.4675135512248,124,3.9085631349782295,594
222,0.2918,-491.6769230769231,2.5033333333333334,4.132374100719424,39.41870503597122,693,70,6.337696684590352,124,4.263309352517986,611
223,0.2902,-383.5076923076923,2.1458333333333335,3.7409090909090907,38.93484848484849,653,77,3.585746172173242,124,3.8696969696969696,518
224,0.2886,-434.9846153846154,2.365,4.014409221902017,39.94236311239193,694,75,4.411961024724332,124,4.1685878962536025,69
225,0.287,-357.5076923076923,2.045,3.546944858420268,39.34128166915052,667,79,3.1350136707142746,124,3.7023809523809526,9
226,0.2854,-428.3384615384615,2.33,4.047473200612558,39.59571209800919,652,72,3.849614455418791,124,4.179173047473201,387
227,0.2838,-436.95384615384614,2.3766666666666665,4.203125,39.621875,627,73,6.685828572003227,124,4.3703125,786
228,0.2823,-495.10769230769233,2.566666666666667,4.455639097744361,40.225563909774436,655,69,12.651025655640916,125,4.6,581
229,0.2807,-402.1538461538462,2.23,3.7919161676646707,39.637724550898206,673,72,8.536889299874659,125,3.9491017964071857,140
230,0.2792,-410.70769230769235,2.2191666666666667,3.7176128093158662,39.43959243085881,678,72,4.894663425729422,125,3.87627365356623,369
231,0.2776,-397.4,2.055833333333333,3.809148264984227,39.08044164037855,634,72,2.733587133444344,125,3.9574132492113563,516
232,0.2761,-432.9384615384615,2.2283333333333335,3.859259259259259,39.3437037037037,684,73,5.905590568899949,125,4.014814814814815,677
233,0.2746,-389.89230769230767,2.1691666666666665,3.7151248164464024,39.00734214390602,685,69,9.776160076271529,125,3.8839941262848754,141
234,0.273,-415.6923076923077,1.9941666666666666,3.676948051948052,38.57305194805195,626,62,7.039832604817921,126,3.823051948051948,151
235,0.2715,-466.4307692307692,2.4491666666666667,4.218611521418021,39.74298375184638,671,73,7.808830404477242,126,4.358936484490399,335
236,0.27,-463.8153846153847,2.5575,4.1401098901098905,39.793956043956044,717,74,9.940951228400232,126,4.313186813186813,244
237,0.2685,-403.4153846153846,2.2683333333333335,3.919642857142857,39.30654761904762,677,73,10.807280881580246,127,4.069940476190476,265
238,0.267,-398.9230769230769,2.07,3.5530973451327434,38.75516224188791,674,69,7.170912784814744,127,3.6946902654867255,577
239,0.2656,-413.276923076923,2.1325,3.799691833590139,39.164869029275806,660,71,6.263120021622775,127,3.9691833590138677,396
240,0.2641,-368.96923076923076,2.171666666666667,3.5787965616045847,39.69054441260745,693,77,4.379804192429672,127,3.7024320457796853,310
241,0.2626,-439.58461538461535,2.308333333333333,3.909228441754917,39.167927382753405,660,65,10.665958746093816,127,4.093797276853253,223
242,0.2612,-463.7692307692308,2.4391666666666665,4.1515601783060925,39.812778603268946,669,72,3.6419753351617423,127,4.291233283803863,379
243,0.2597,-445.2461538461539,2.3041666666666667,3.9808823529411765,39.51911764705882,683,68,7.238752239444064,127,4.158823529411765,652
244,0.2583,-404.5692307692308,2.1966666666666668,3.763582966226138,39.38325991189427,688,74,3.7575829770627456,127,3.8619676945668133,662
245,0.2569,-390.73846153846154,2.2708333333333335,3.9376854599406528,39.574183976261125,667,71,5.927085313676158,127,4.099406528189911,229
246,0.2555,-385.2461538461538,2.283333333333333,3.880466472303207,39.59037900874635,686,75,4.4394610784811785,127,4.042274052478134,735
247,0.254,-418.66153846153844,2.1866666666666665,3.793626707132018,39.3535660091047,658,71,13.808845052438752,128,3.928679817905918,663
248,0.2526,-403.9230769230769,2.2016666666666667,3.7134502923976607,39.26315789473684,678,75,4.740489100219345,128,3.8408759124087593,511
249,0.2512,-400.55384615384617,2.1041666666666665,3.759259259259259,39.157407407407405,650,72,3.9286467259569817,128,3.9074074074074074,622
250,0.2498,-414.10769230769233,2.1975,3.9496951219512195,39.11280487804878,645,71,4.161250235438371,128,4.064024390243903,113
251,0.2485,-439.6,2.325833333333333,3.95203488372093,39.45348837209303,684,75,4.581447770745097,128,4.101744186046512,437
252,0.2471,-436.78461538461534,2.44,4.150506512301013,40.00289435600579,682,78,8.063116159597383,128,4.29232995658466,823
253,0.2457,-380.6461538461539,2.0208333333333335,3.416036308623298,38.7428139183056,658,69,12.287897052960531,128,3.588502269288956,17
254,0.2444,-422.6461538461538,2.381666666666667,4.098674521354933,39.82032400589102,670,77,3.3331668601193067,128,4.237113402061856,595
255,0.243,-375.6461538461539,2.1308333333333334,3.5349500713266764,39.30099857346648,708,77,3.6788104144092046,128,3.704707560627675,76
256,0.2417,-369.63076923076926,2.0633333333333335,3.5426470588235293,39.06764705882353,674,77,4.971011665113736,128,3.7063142437591776,261
257,0.2403,-374.0923076923077,1.9258333333333333,3.4832535885167464,38.843700159489636,629,76,4.168609767423788,128,3.615629984051037,25
258,0.239,-404.8153846153846,2.328333333333333,4.061377245508982,39.8188622754491,669,75,3.72354644844893,128,4.184131736526946,770
259,0.2377,-394.1846153846154,2.175,3.813153961136024,39.101644245142005,663,70,8.565383202438616,128,3.9671150971599403,687
260,0.2364,-353.2307692307692,2.025,3.542682926829268,39.047256097560975,664,75,5.474139321267488,128,3.667682926829268,697
261,0.2351,-422.5846153846154,2.243333333333333,3.8960843373493974,39.640060240963855,671,72,7.051498138374924,128,4.024096385542169,830
262,0.2338,-412.29230769230765,2.41,4.331288343558282,40.15337423312884,653,73,4.015616225217617,128,4.465543644716692,670
263,0.2325,-368.53846153846155,2.158333333333333,3.725373134328358,39.39402985074627,674,77,3.715071900639079,128,3.8970149253731345,355
264,0.2312,-462.03076923076924,2.3033333333333332,4.096062992125984,39.359055118110234,648,67,8.759122516716825,128,4.261417322834646,24
265,0.2299,-367.30769230769226,2.0725,3.5967503692762186,39.17134416543575,671,77,10.337288243972814,128,3.7267355982274744,368
266,0.2286,-406.55384615384617,2.319166666666667,3.9456681350954477,39.50954478707783,685,75,3.33767339216582,128,4.073421439060206,230
267,0.2274,-364.3538461538461,1.9925,3.6367924528301887,39.174528301886795,640,76,2.773652477597092,128,3.7641509433962264,1
268,0.2261,-332.2153846153846,2.0433333333333334,3.6306027820710973,39.360123647604325,654,77,4.844233936730301,128,3.7836166924265844,878
269,0.2249,-314.2769230769231,1.8366666666666667,3.247692307692308,38.247692307692304,634,78,2.8896928943912474,128,3.3953846153846152,311
270,0.2236,-419.0615384615385,2.0766666666666667,3.606875934230194,38.79222720478326,669,65,7.803391483487248,128,3.7384155455904335,879
271,0.2224,-409.12307692307695,2.2666666666666666,3.8962962962962964,39.40148148148148,678,74,4.050226793402713,128,4.0488888888888885,385
272,0.2211,-327.4307692307692,2.0025,3.5533536585365852,39.3094512195122,659,81,3.0403316856393006,128,3.6905487804878048,137
273,0.2199,-466.9384615384616,2.424166666666667,4.228358208955224,39.71044776119403,673,63,10.740109725781991,128,4.37910447761194,535
274,0.2187,-415.2615384615384,2.1566666666666667,3.9763779527559056,39.48031496062992,634,70,4.9748529047637335,128,4.127358490566038,530
275,0.2175,-360.72307692307686,2.0966666666666667,3.565345080763583,38.801762114537446,683,73,6.139831896626653,128,3.7019089574155655,51
276,0.2163,-445.03076923076924,2.3575,4.076005961251863,39.822652757078984,674,74,4.371247782098684,128,4.25037257824143,472
277,0.2151,-343.83076923076925,1.8725,3.388364779874214,38.240566037735846,628,76,11.482868986191425,128,3.5400313971742543,637
278,0.2139,-408.9846153846154,2.19,3.765321375186846,39.33034379671151,662,75,3.8643635472774407,128,3.9103139013452917,199
279,0.2127,-412.10769230769233,2.4125,4.057471264367816,39.52442528735632,688,77,3.1666611706823344,128,4.179597701149425,136
280,0.2115,-388.7846153846154,2.2058333333333335,3.6002824858757063,39.701977401129945,713,79,4.7334148411141035,128,3.7641242937853105,129
281,0.2104,-409.59999999999997,2.2625,3.7613636363636362,39.42897727272727,707,71,5.684109979298475,128,3.900709219858156,407
282,0.2092,-442.9230769230769,2.3208333333333333,3.8513708513708513,39.42135642135642,690,77,5.775933939267065,128,3.9956709956709955,240
283,0.208,-395.9846153846154,2.223333333333333,3.7988252569750367,39.64023494860499,674,79,5.714367008741206,128,3.9441997063142438,189
284,0.2069,-434.24615384615385,2.5141666666666667,4.109859154929578,40.05492957746479,710,75,3.8140593498584563,128,4.254929577464789,391
285,0.2058,-360.84615384615387,2.006666666666667,3.4162962962962964,38.80740740740741,674,80,1.9842112236896985,128,3.5555555555555554,828
286,0.2046,-394.53846153846155,2.1816666666666666,3.8456883509833584,39.62783661119516,657,73,7.172064694633423,128,4.009077155824508,509
287,0.2035,-386.0769230769231,2.1625,3.932098765432099,39.48456790123457,652,76,5.165754856839102,128,4.077160493827161,821
288,0.2024,-398.9384615384615,2.0608333333333335,3.607518796992481,38.47518796992481,651,68,6.495846313800827,128,3.756390977443609,120
289,0.2012,-407.5230769230769,2.2158333333333333,3.975683890577508,39.2629179331307,648,73,2.5885688333817582,128,4.121580547112462,329
290,0.2001,-347.15384615384613,1.9391666666666667,3.6321656050955413,39.29140127388535,628,75,3.9653940161035535,128,3.7579617834394905,781
291,0.199,-300.67692307692306,1.7458333333333333,3.147919876733436,38.399075500770415,649,75,6.840963287701095,128,3.3035439137134053,447
292,0.1979,-454.9076923076923,2.5591666666666666,4.465976331360947,40.31360946745562,675,74,3.4665104658299346,128,4.616863905325443,750
293,0.1968,-412.323076923077,2.2683333333333335,3.987915407854985,39.57703927492447,668,70,6.02017919178939,128,4.123867069486405,461
294,0.1957,-373.8461538461538,2.0483333333333333,3.4751461988304095,38.932748538011694,682,80,2.1695826973697865,128,3.641812865497076,525
295,0.1946,-403.16923076923075,2.23,3.8971684053651265,39.396423248882265,665,71,3.3573927246644275,128,4.041728763040238,148
296,0.1936,-426.8307692307693,2.348333333333333,4.047197640117994,40.16814159292036,676,77,3.950089044607886,128,4.209439528023599,656
297,0.1925,-380.5692307692308,2.2816666666666667,3.891891891891892,39.21621621621622,664,77,2.940959550613984,128,4.025525525525525,182
298,0.1914,-359.70769230769235,2.1141666666666667,3.680119581464873,39.07473841554559,665,77,6.741009324018089,128,3.8445440956651717,236
299,0.1904,-376.0153846153846,2.0875,3.5253731343283583,38.985074626865675,675,77,3.040928683758082,128,3.682089552238806,192
300,0.1893,-384.0923076923077,2.01,3.5616438356164384,38.5662100456621,663,70,5.954225758296386,128,3.7290715372907153,28
301,0.1883,-427.9230769230769,2.2225,3.832579185520362,39.12971342383107,666,69,7.439929168749856,128,3.9788838612368025,36
302,0.1872,-368.63076923076926,1.9408333333333334,3.5594294770206023,38.83835182250396,630,73,6.2159275020789675,128,3.713153724247227,288
303,0.1862,-382.03076923076924,2.058333333333333,3.6486068111455108,39.02012383900929,650,73,7.956317145134078,128,3.823529411764706,160
304,0.1852,-398.2615384615384,2.1566666666666667,3.688888888888889,39.04296296296296,674,72,2.907581822519539,128,3.842962962962963,464
305,0.1841,-403.69230769230774,1.9733333333333334,3.502290076335878,38.52977099236641,657,67,7.467251293769828,128,3.667175572519084,759
306,0.1831,-326.84615384615387,1.8891666666666667,3.294294294294294,38.38438438438438,670,75,3.321369715954631,128,3.4279279279279278,780
307,0.1821,-355.5846153846154,2.0708333333333333,3.498529411764706,38.951470588235296,673,73,12.761933114664595,128,3.6558823529411764,139
308,0.1811,-351.69230769230774,2.0241666666666664,3.621913580246914,39.123456790123456,642,77,6.8721590480437005,128,3.7426810477657937,374
309,0.1801,-359.53846153846155,2.015,3.4837278106508878,39.048816568047336,670,72,6.076340559706731,128,3.616863905325444,801
310,0.1791,-418.0615384615385,2.1691666666666665,3.8808049535603715,39.128482972136226,647,69,9.679067197854595,128,4.0170278637770895,892
311,0.1781,-353.6461538461538,1.9275,3.2384393063583814,38.578034682080926,695,73,3.2076927049367874,128,3.4002890173410405,816
312,0.1771,-387.6,2.155,3.8346094946401226,39.10566615620215,649,74,3.154254131898474,128,3.9693721286370596,228
313,0.1762,-391.83076923076925,2.2825,3.8078602620087336,39.30567685589519,692,74,3.4958354456028307,128,3.940320232896652,406
314,0.1752,-356.7846153846154,1.9883333333333333,3.362844702467344,38.74020319303338,686,74,5.554379506170926,128,3.5159420289855072,94
315,0.1742,-393.38461538461536,2.1366666666666667,3.76355421686747,39.170180722891565,665,73,3.0608252741188116,128,3.8960843373493974,107
316,0.1732,-375.0615384615385,2.1675,3.5647226173541964,39.44807965860598,711,79,4.020778264823762,128,3.6941678520625887,427
317,0.1723,-399.5230769230769,2.3608333333333333,4.050670640834575,39.81371087928465,676,75,7.385283211807192,128,4.192250372578242,811
318,0.1713,-328.61538461538464,1.8175,3.309636650868878,38.60031595576619,625,73,4.737941361992589,128,3.456556082148499,460
319,0.1704,-404.0769230769231,2.151666666666667,3.6339677891654465,39.60175695461201,697,76,2.4845025159830283,128,3.7906295754026353,54
320,0.1694,-376.2769230769231,2.129166666666667,3.6331877729257642,39.24163027656478,688,73,4.013662274106285,128,3.784570596797671,66
321,0.1685,-401.8,2.3425,3.816804407713499,39.77823691460055,718,74,4.6465007722251634,128,3.943526170798898,715
322,0.1676,-358.2461538461538,2.0316666666666667,3.4144144144144146,38.831831831831835,671,72,4.851375063452305,128,3.566066066066066,754
323,0.1666,-365.12307692307695,2.0458333333333334,3.4752186588921283,38.690962099125365,682,73,2.8159514079791355,128,3.619533527696793,294
324,0.1657,-371.3384615384615,2.026666666666667,3.449781659388646,38.87336244541485,683,72,4.702336366853351,128,3.6075581395348837,250
325,0.1648,-379.1692307692308,2.0216666666666665,3.536144578313253,38.6777108433735,664,68,4.540203828179607,128,3.6882530120481927,425
326,0.1639,-361.10769230769233,2.0933333333333333,3.631975867269985,39.211161387631975,666,79,4.678955555006855,128,3.769230769230769,412
327,0.163,-350.87692307692305,2.066666666666667,3.617021276595745,39.08358662613982,659,74,8.208704273225672,128,3.7811550151975686,376
328,0.1621,-379.3538461538461,2.0533333333333332,3.565671641791045,38.994029850746266,667,75,6.132547584069211,128,3.707462686567164,450
329,0.1612,-354.33846153846156,2.203333333333333,3.7943368107302535,39.48733233979136,671,81,7.200253596741973,128,3.956780923994039,220
330,0.1603,-357.2769230769231,2.0766666666666667,3.564516129032258,39.40615835777126,684,78,3.223897089985147,128,3.7082111436950145,794
331,0.1594,-368.6,2.013333333333333,3.523308270676692,38.669172932330824,652,75,2.8102888838383566,128,3.661654135338346,479
332,0.1585,-374.53846153846155,2.0725,3.7370030581039755,39.45412844036697,660,75,4.185458799635769,128,3.871559633027523,635
333,0.1577,-347.1846153846154,1.8058333333333334,3.2465116279069766,38.86356589147287,645,79,1.9536600498170877,128,3.3813953488372093,682
334,0.1568,-366.9846153846153,2.1233333333333335,3.5517241379310347,38.86350574712644,687,74,5.747873777369733,128,3.6882183908045976,83
335,0.1559,-329.3538461538461,1.79,3.1888544891640866,38.6656346749226,646,78,5.032004943732667,128,3.3343653250773992,864
336,0.155,-336.5076923076923,2.0833333333333335,3.665644171779141,39.486196319018404,651,80,2.261244413736237,128,3.792944785276074,728
337,0.1542,-305.3076923076924,1.855,3.350547730829421,38.99530516431925,630,78,2.8719486153525757,128,3.4992175273865413,701
338,0.1533,-341.5846153846154,1.9683333333333333,3.434049079754601,38.892638036809814,649,76,2.21287435267967,128,3.602760736196319,454
339,0.1525,-341.6615384615385,1.9066666666666667,3.389908256880734,38.50917431192661,652,73,4.013474422298228,128,3.529051987767584,803
340,0.1516,-402.44615384615383,2.140833333333333,3.8218125960061444,39.23195084485407,654,69,2.7937002324330242,128,3.978494623655914,885
341,0.1508,-380.9230769230769,2.165,3.6315789473684212,39.317251461988306,686,73,2.2482183242575395,128,3.776315789473684,782
342,0.15,-401.9384615384615,2.058333333333333,3.5103857566765577,38.517804154302674,673,70,3.9393134014454,128,3.672106824925816,877
343,0.1491,-379.4307692307692,2.191666666666667,3.7378497790868925,39.67893961708395,680,79,2.9922257613444736,128,3.893961708394698,81
344,0.1483,-356.87692307692305,1.9633333333333334,3.441400304414003,38.861491628614914,660,77,3.95374338302944,128,3.563165905631659,126
345,0.1475,-329.19999999999993,1.9941666666666666,3.47976011994003,38.88305847076462,666,79,7.119556641641052,128,3.629685157421289,698
346,0.1467,-414.323076923077,2.3175,4.089802130898021,39.796042617960424,662,71,3.186272938975471,128,4.208206686930091,200
347,0.1459,-394.9846153846154,2.1491666666666664,3.694992412746586,39.03034901365706,659,72,4.7289492582858905,128,3.840667678300455,749
348,0.1451,-388.40000000000003,2.078333333333333,3.667682926829268,39.01219512195122,657,72,4.652817537360568,128,3.823170731707317,190
349,0.1443,-364.86153846153843,2.0525,3.580693815987934,38.87782805429864,665,71,8.100468898280834,129,3.7390648567119156,556
350,0.1435,-360.8153846153846,2.0433333333333334,3.737007874015748,38.576377952755905,634,75,5.682642631987162,129,3.8598425196850394,309
351,0.1427,-394.70769230769235,2.2391666666666667,3.870919881305638,39.5593471810089,666,76,9.368085195892604,129,4.0385756676557865,855
352,0.1419,-357.96923076923076,2.1,3.6077265973254087,39.167904903417536,681,79,2.521215780997725,129,3.760772659732541,334
353,0.1411,-332.0153846153846,1.845,3.2450532724505328,38.6103500761035,655,78,2.353391721996065,129,3.3677811550151975,206
354,0.1403,-334.2307692307692,1.98,3.4236526946107784,38.9311377245509,660,79,2.6314855488556987,129,3.588323353293413,679
355,0.1395,-362.7538461538462,2.1125,3.671641791044776,39.55074626865672,679,77,3.1857654426155304,129,3.780597014925373,543
356,0.1388,-308.03076923076924,1.795,3.1009036144578315,38.82680722891566,675,80,2.699521788192066,129,3.2379518072289155,373
357,0.138,-319.15384615384613,1.9125,3.4434108527131784,38.95348837209303,647,81,2.8963438187469275,129,3.5813953488372094,96
358,0.1372,-330.07692307692304,1.88,3.287878787878788,38.839393939393936,662,83,2.384116164574264,129,3.4251134644478065,84
359,0.1365,-316.10769230769233,1.8266666666666667,3.3124018838304554,38.82731554160126,642,78,1.8567978785015629,129,3.464678178963893,40
360,0.1357,-323.2,1.9066666666666667,3.457496136012365,38.79598145285935,650,79,4.526157700271896,129,3.599690880989181,68
361,0.135,-339.70769230769235,1.7283333333333333,3.1236306729264474,38.39280125195618,639,73,4.497958134142313,129,3.287949921752739,790
362,0.1342,-336.2,1.7608333333333333,3.0434131736526946,38.3248502994012,663,77,2.8598858682891755,129,3.190119760479042,247
363,0.1335,-349.86153846153843,1.8666666666666667,3.2960122699386503,38.42638036809816,655,75,2.78820017799018,129,3.4723926380368098,180
364,0.1327,-370.29230769230765,2.065,3.6216216216216215,39.26276276276276,666,75,3.1182130644519366,129,3.77027027027027,29
365,0.132,-389.5846153846153,2.0966666666666667,3.4099290780141844,39.10496453900709,704,78,3.7403932360877414,129,3.5432624113475177,415
366,0.1313,-363.89230769230767,2.1008333333333336,3.7058823529411766,39.33634992458522,665,71,6.6486489546793,129,3.8283132530120483,593
367,0.1306,-389.6307692307692,2.089166666666667,3.7854889589905363,39.40378548895899,640,74,6.493624846928078,129,3.908517350157729,748
368,0.1298,-392.63076923076926,1.9891666666666667,3.412556053811659,38.907324364723465,669,72,5.649150837815195,129,3.5351270553064276,470
369,0.1291,-386.89230769230767,2.0716666666666668,3.6381679389312978,39.091603053435115,653,78,2.0185830347402565,129,3.7740458015267175,424
370,0.1284,-389.723076923077,2.19,3.8963414634146343,39.62957317073171,655,71,5.0811154172539865,129,4.033536585365853,743
371,0.1277,-359.9384615384615,2.0608333333333335,3.513868613138686,39.22627737226277,685,75,5.9184197574278175,129,3.6525547445255473,222
372,0.127,-381.30769230769226,2.0766666666666667,3.6238805970149253,38.86716417910448,670,70,5.753364749134389,129,3.7701492537313435,121
373,0.1263,-349.3538461538461,1.9775,3.4292168674698793,38.6039156626506,662,80,3.1141333581759385,129,3.5903614457831323,476
374,0.1256,-339.10769230769233,1.9608333333333334,3.325925925925926,38.93333333333333,682,75,3.1057491181646615,129,3.502222222222222,82
375,0.1249,-359.69230769230774,2.0875,3.4866863905325443,38.946745562130175,676,76,4.323043179819214,129,3.63905325443787,490
376,0.1242,-380.8307692307692,2.0258333333333334,3.631172839506173,39.17901234567901,639,76,3.954777252517788,129,3.7685185185185186,98
377,0.1235,-345.98461538461544,1.965,3.399103139013453,38.66218236173393,666,73,6.522169857640581,129,3.5724962630792225,513
378,0.1228,-400.86153846153843,2.24,3.6610878661087867,39.46164574616458,716,75,4.378225091637327,129,3.794979079497908,546
379,0.1221,-353.0923076923077,1.8458333333333334,3.250750750750751,38.174174174174176,668,74,4.313922928648342,129,3.388888888888889,226
380,0.1215,-372.76923076923083,2.2583333333333333,3.7535816618911175,39.48280802292263,695,75,5.077670592958381,129,3.9040114613180514,840
381,0.1208,-417.96923076923076,2.2533333333333334,3.7718023255813953,39.479651162790695,692,76,3.2414401945315054,129,3.9084302325581395,839
382,0.1201,-341.5846153846154,1.995,3.526395173453997,39.00452488687783,656,77,3.6529763230865098,129,3.67420814479638,654
383,0.1195,-377.723076923077,2.105,3.701062215477997,38.752655538694995,654,66,5.17898339488012,129,3.8634294385432475,21
384,0.1188,-392.16923076923075,2.1691666666666665,3.7473841554559044,39.52466367713004,676,71,8.617477885079055,129,3.8953662182361732,35
385,0.1181,-360.5076923076923,2.0175,3.517293233082707,38.67067669172933,669,69,5.246337606859757,129,3.671171171171171,285
386,0.1175,-334.30769230769226,1.8425,3.2613981762917934,38.7112462006079,655,79,4.639243872765779,129,3.411854103343465,789
387,0.1168,-349.4307692307692,1.9866666666666666,3.340329835082459,38.81559220389805,672,73,2.2292308365481803,129,3.4917541229385307,843
388,0.1162,-355.5230769230769,1.9783333333333333,3.6924315619967794,38.789049919484704,627,72,3.4908083359083664,129,3.8035426731078905,52
389,0.1156,-344.7076923076923,1.7883333333333333,3.200920245398773,38.533742331288344,645,75,2.3570031722461464,129,3.335889570552147,508
390,0.1149,-388.69230769230774,2.1891666666666665,3.78486646884273,38.97329376854599,673,67,2.129328802715862,129,3.940652818991098,621
391,0.1143,-318.06153846153853,1.91,3.3333333333333335,38.692424242424245,665,74,4.162754155996407,129,3.4893939393939393,243
392,0.1136,-378.80000000000007,1.905,3.2829046898638428,38.44931921331316,669,70,2.770762601895725,129,3.4145234493192134,15
393,0.113,-308.3076923076924,1.9158333333333333,3.4456521739130435,39.39596273291925,649,82,2.9359399644419986,129,3.5822981366459627,176
394,0.1124,-360.53846153846155,2.02,3.528974739970282,38.84546805349183,659,75,3.3922519675237415,129,3.6805349182763742,193
395,0.1118,-331.3384615384615,1.9116666666666666,3.321375186846039,38.81165919282511,665,77,5.189728344151966,129,3.4573991031390134,210
396,0.1112,-364.30769230769226,2.03,3.5808383233532934,39.00449101796407,663,67,3.365577549395804,129,3.7309417040358746,848
397,0.1105,-342.3846153846154,1.8058333333333334,3.136904761904762,38.492559523809526,676,75,2.3462558139296528,129,3.2961309523809526,559
398,0.1099,-410.89230769230767,2.14,3.626453488372093,38.736918604651166,689,72,9.775227096816076,129,3.760174418604651,713
399,0.1093,-369.44615384615383,1.8416666666666666,3.256838905775076,38.09574468085106,645,68,3.467191143168532,129,3.378419452887538,474
400,0.1087,-355.96923076923076,2.0925,3.735294117647059,39.45820433436533,663,72,2.961548526103894,129,3.8823529411764706,194
401,0.1081,-369.9076923076923,2.1733333333333333,3.5793991416309012,39.09871244635193,703,75,6.114920854222149,129,3.7310443490701,352
402,0.1075,-345.75384615384615,2.0191666666666666,3.502269288956127,38.86838124054463,663,74,3.720240132489895,129,3.605143721633888,53
403,0.1069,-336.53846153846155,1.9433333333333334,3.355521936459909,38.72012102874433,664,78,3.3333331914828355,129,3.4886535552193645,528
404,0.1063,-360.7384615384615,2.1425,3.521861777150917,39.24541607898448,720,76,2.321854831460832,129,3.6657263751763045,720
405,0.1057,-338.40000000000003,2.0608333333333335,3.602086438152012,39.295081967213115,666,79,2.1501281853636924,129,3.7660208643815203,150
406,0.1052,-363.1384615384615,2.005,3.4044117647058822,38.930882352941175,686,76,2.29144686759585,129,3.5779411764705884,61
407,0.1046,-381.2307692307692,2.1875,3.6102418207681364,38.843527738264584,690,72,2.8237680272260595,129,3.7539118065433854,694
408,0.104,-367.44615384615383,2.02,3.489675516224189,38.90117994100295,668,77,2.6076542860473007,129,3.6327433628318584,583
409,0.1034,-314.61538461538464,1.9,3.2225475841874083,38.45095168374817,685,77,2.3650077406127727,129,3.329428989751098,746
410,0.1028,-322.4153846153846,1.9108333333333334,3.258345428156749,38.58055152394775,682,78,3.3609590710681663,129,3.3840579710144927,420
411,0.1023,-323.4,1.825,3.299689440993789,38.391304347826086,635,76,2.8156483597991104,129,3.4270186335403725,63
412,0.1017,-343.53846153846155,1.9366666666666668,3.3996983408748114,38.53393665158371,667,74,2.168551880171095,129,3.588235294117647,863
413,0.1011,-353.0153846153846,2.120833333333333,3.6607142857142856,39.151785714285715,666,74,2.413246529886969,129,3.8214285714285716,108
414,0.1006,-376.21538461538466,2.0875,3.6879756468797567,39.62100456621005,672,77,2.095780404886325,129,3.8188736681887367,65
415,0.1,-363.4307692307692,2.220833333333333,3.6176470588235294,38.82913165266106,707,78,5.6699142266981815,129,3.787114845938375,281
416,0.0995,-339.46153846153845,1.8766666666666667,3.2857142857142856,38.43157894736842,655,77,2.785060477575563,129,3.4045112781954887,767
417,0.0989,-349.5846153846154,1.9558333333333333,3.424698795180723,38.808734939759034,660,75,6.153026871514493,129,3.588855421686747,623
418,0.0984,-372.86153846153843,2.1725,3.675438596491228,39.19590643274854,689,72,3.47222839790139,129,3.853801169590643,134
419,0.0978,-386.0923076923077,2.1616666666666666,3.653120464441219,38.99709724238026,687,73,2.0076971986102747,129,3.7880986937590713,237
420,0.0973,-345.3384615384615,1.9875,3.447251114413076,38.992570579494796,677,77,4.805035656258549,129,3.6210995542347697,744
421,0.0968,-331.6153846153846,1.8141666666666667,3.251968503937008,38.43779527559055,641,75,1.7837553132953672,129,3.382677165354331,620
422,0.0962,-322.9384615384615,1.865,3.430817610062893,38.814465408805034,635,75,2.6772829763581503,129,3.561320754716981,409
423,0.0957,-325.2307692307692,1.9891666666666667,3.4962406015037595,39.009022556390974,666,75,2.1744026228678854,129,3.661169415292354,346
424,0.0952,-332.20000000000005,1.8691666666666666,3.163447251114413,38.35809806835067,684,75,7.599397183404316,129,3.3075780089153044,175
425,0.0946,-304.2615384615384,1.89,3.2852941176470587,38.54558823529412,677,80,2.8138662694305085,129,3.4088235294117646,496
426,0.0941,-331.3384615384615,2.0283333333333333,3.499263622974963,38.87334315169367,680,81,9.463199977954103,129,3.662739322533137,315
427,0.0936,-377.30769230769226,2.0575,3.61136023916293,39.08370702541106,658,75,8.028242693524774,129,3.799701046337818,402
428,0.0931,-341.5538461538461,2.0475,3.3982558139534884,38.6468023255814,689,83,2.4017911606477833,129,3.5290697674418605,571
429,0.0926,-330.55384615384617,1.9091666666666667,3.2804154302670625,39.05637982195846,676,84,2.6407696913435226,129,3.4480712166172105,676
430,0.092,-334.86153846153843,1.995,3.4549483013293942,39.005908419497786,678,75,3.133686859648489,129,3.599704579025111,353
431,0.0915,-321.10769230769233,1.8858333333333333,3.2812982998454405,38.476043276661514,652,76,9.565550987001895,129,3.437403400309119,645
432,0.091,-321.36923076923074,1.8325,3.1789473684210527,38.71278195488722,670,75,3.395811199262507,129,3.3398496240601503,643
433,0.0905,-412.04615384615386,2.3033333333333332,3.7597122302158272,39.53525179856115,711,75,2.913296517013687,129,3.906474820143885,248
434,0.09,-305.7076923076923,1.7825,3.1818181818181817,39.13559322033898,653,78,2.5579701629485103,129,3.3389830508474576,866
435,0.0895,-324.1846153846154,1.9366666666666668,3.3807339449541285,38.40978593272171,651,77,2.8500710946349073,129,3.525993883792049,473
436,0.089,-353.9076923076923,2.035833333333333,3.5164670658682633,39.053892215568865,665,77,2.9397291823950247,129,3.691616766467066,712
437,0.0885,-335.55384615384617,1.9733333333333334,3.522273425499232,39.09831029185868,655,80,1.839473030403902,129,3.629800307219662,651
438,0.088,-303.2769230769231,1.8991666666666667,3.2617960426179606,38.4779299847793,649,79,2.6697783729598337,129,3.409436834094368,661
439,0.0876,-309.9846153846154,1.8266666666666667,3.3166926677067083,38.66926677067082,637,80,2.425159400825409,129,3.4461778471138844,457
440,0.0871,-341.96923076923076,1.97,3.3529411764705883,38.78235294117647,681,77,2.9272879716121363,129,3.5191176470588235,323
441,0.0866,-331.7538461538461,1.9725,3.283880171184023,38.845934379457915,698,80,3.110532659410147,129,3.4450784593437946,363
442,0.0861,-344.87692307692305,2.0166666666666666,3.505169867060561,39.0546528803545,681,79,2.5420701304658846,129,3.6115214180206796,852
443,0.0856,-305.55384615384617,1.7458333333333333,3.2046511627906975,38.61860465116279,648,80,2.2605086357377586,129,3.3550387596899225,88
444,0.0852,-380.2769230769231,2.1366666666666667,3.529243937232525,38.87731811697575,700,74,2.690464219072127,129,3.674750356633381,438
445,0.0847,-341.75384615384615,2.138333333333333,3.7349397590361444,39.44879518072289,659,78,2.278348634666629,129,3.841867469879518,732
446,0.0842,-294.44615384615383,1.7016666666666667,3.08398133748056,38.27682737169518,637,75,5.136403814311626,129,3.213063763608087,336
447,0.0838,-336.89230769230767,1.9841666666666666,3.419259259259259,38.81185185185185,670,77,2.38874021515872,129,3.5525925925925925,498
448,0.0833,-314.36923076923074,1.9375,3.447004608294931,38.884792626728114,651,80,3.719500065086619,129,3.6021505376344085,764
449,0.0828,-321.2923076923077,2.0008333333333335,3.3668122270742358,39.203784570596795,692,82,2.164129602846248,129,3.5254730713246,320
450,0.0824,-320.8461538461538,1.9641666666666666,3.5381026438569205,39.07931570762053,646,79,2.2331321032408824,129,3.682737169517885,763
451,0.0819,-324.8307692307692,1.8408333333333333,3.2450532724505328,38.62100456621005,657,78,2.2058294686359634,129,3.380517503805175,267
452,0.0815,-341.0769230769231,2.0208333333333335,3.52,39.05037037037037,668,77,2.625153736546888,129,3.668148148148148,482
453,0.081,-348.3384615384615,2.1283333333333334,3.5515759312320916,39.44555873925501,698,83,3.2557835446040317,129,3.7048710601719197,501
454,0.0806,-358.1692307692308,2.0033333333333334,3.4321533923303833,39.35545722713864,687,82,1.6123860795551954,129,3.5648967551622417,147
455,0.0801,-336.2769230769231,2.1233333333333335,3.7183734939759034,39.81777108433735,671,77,2.41620495021472,129,3.871987951807229,820
456,0.0797,-344.13846153846157,1.9808333333333332,3.4345864661654137,39.01954887218045,674,77,2.4397650129312236,129,3.5774436090225565,104
457,0.0792,-334.30769230769226,1.9533333333333334,3.325,38.6764705882353,680,77,3.6044876268199473,129,3.4808823529411765,831
458,0.0788,-369.0615384615385,2.2258333333333336,3.7844574780058653,39.35777126099707,682,77,2.837881261361697,129,3.932551319648094,270
459,0.0784,-367.4153846153846,2.109166666666667,3.5994108983799706,39.326951399116346,678,77,3.4230981867920005,129,3.755522827687776,860
460,0.0779,-299.89230769230767,1.6316666666666666,2.9385560675883258,37.90937019969278,656,78,2.360449641495909,129,3.0691244239631335,142
461,0.0775,-307.8769230769231,1.9358333333333333,3.4150076569678407,38.71362940275651,649,80,2.033812010888207,129,3.557427258805513,6
462,0.0771,-321.9846153846154,1.9358333333333333,3.4645061728395063,38.49382716049383,639,76,4.585716537092099,129,3.623456790123457,389
463,0.0766,-336.38461538461536,1.7416666666666667,3.121913580246914,38.29783950617284,654,71,6.813714014991734,129,3.2700617283950617,527
464,0.0762,-349.72307692307686,2.0658333333333334,3.50506512301013,38.86975397973951,683,78,2.9920045854023574,129,3.629522431259045,276
465,0.0758,-354.0615384615385,1.975,3.2795389048991352,38.44236311239193,699,75,5.806294222182607,129,3.4236311239193085,443
466,0.0754,-354.30769230769226,1.9125,3.4328125,38.4125,632,70,4.20352816483336,129,3.5859375,92
467,0.075,-347.95384615384614,1.8858333333333333,3.2907153729071537,38.331811263318116,657,70,2.8800928287817693,129,3.400304414003044,462
468,0.0745,-351.8307692307692,1.9458333333333333,3.4207317073170733,38.72408536585366,658,72,2.955591545673021,129,3.5503048780487805,257
469,0.0741,-332.16923076923075,1.9175,3.431643625192012,38.18125960061444,649,75,2.8632803414857486,129,3.5622119815668203,467
470,0.0737,-343.7846153846154,1.8758333333333332,3.2949101796407185,38.40119760479042,673,70,6.131581430311816,129,3.44311377245509,768
471,0.0733,-347.90769230769234,1.88,3.2955589586523737,38.1301684532925,648,70,4.552567971970409,129,3.454823889739663,548
472,0.0729,-299.0,1.6708333333333334,2.89237668161435,38.32137518684604,663,74,2.262704560498831,129,3.0478325859491777,284
473,0.0725,-348.46153846153845,2.0033333333333334,3.569659442724458,38.90092879256966,654,74,3.245632570107793,129,3.71671826625387,642
474,0.0721,-369.4923076923077,2.0408333333333335,3.5896656534954405,39.05471124620061,654,76,1.7103922184929152,129,3.721884498480243,165
475,0.0717,-364.0615384615385,2.1733333333333333,3.6878612716763004,39.052023121387286,693,76,2.2208165123222505,129,3.8583815028901736,519
476,0.0713,-394.4923076923077,2.1825,3.815592203898051,39.10944527736132,670,68,5.041201709665046,129,3.944527736131934,116
477,0.0709,-422.53846153846155,2.3408333333333333,3.821478382147838,39.382147838214784,706,72,4.321307485836232,129,3.9637377963737794,45
478,0.0705,-357.2461538461539,2.035833333333333,3.2988668555240794,38.63314447592068,715,72,4.901283221880748,129,3.502832861189802,493
479,0.0701,-341.96923076923076,1.9525,3.361319340329835,38.53673163418291,664,72,2.3609744465135125,129,3.4872563718140928,465
480,0.0697,-336.9846153846154,1.7966666666666666,3.2735703245749614,38.394126738794434,638,68,6.233396777432812,129,3.426584234930448,80
481,0.0694,-375.0,1.9741666666666666,3.4595419847328244,38.491603053435114,661,69,2.7341460687627936,129,3.6305343511450383,5
482,0.069,-390.6923076923077,2.2525,3.7864357864357863,39.35353535353536,695,78,2.4461969084041604,129,3.971139971139971,145
483,0.0686,-335.6769230769231,1.9058333333333333,3.3293413173652695,38.66167664670659,666,73,2.768147198923698,129,3.4715568862275448,122
484,0.0682,-317.4769230769231,1.8691666666666666,3.3033033033033035,38.731231231231234,663,81,2.4131748665310955,129,3.4594594594594597,541
485,0.0678,-353.15384615384613,2.111666666666667,3.713629402756508,39.55589586523737,673,80,2.361212070479509,129,3.88208269525268,254
486,0.0675,-360.723076923077,2.225,3.755714285714286,39.394285714285715,698,74,4.408140065336904,129,3.882857142857143,762
487,0.0671,-318.1846153846154,1.9908333333333332,3.5339366515837103,38.613876319758674,647,77,2.8159941108029805,129,3.6757164404223226,869
488,0.0667,-337.5230769230769,1.9741666666666666,3.3197674418604652,38.497093023255815,690,73,2.396845573201918,129,3.458635703918723,428
489,0.0664,-319.84615384615387,1.7641666666666667,3.2472266244057053,38.152139461172744,635,75,2.396335867399202,129,3.353407290015848,382
490,0.066,-349.75384615384615,1.9158333333333333,3.3453453453453452,38.630630630630634,657,67,3.0875850187999143,129,3.4864864864864864,211
491,0.0656,-348.5230769230769,2.0416666666666665,3.433139534883721,38.92296511627907,687,76,3.097362881701945,129,3.5959302325581395,648
492,0.0653,-372.1538461538462,2.0725,3.5802650957290134,39.17083946980854,678,73,2.9454511429030337,129,3.7304860088365244,704
493,0.0649,-332.2461538461539,1.9333333333333333,3.283625730994152,38.494152046783626,682,76,2.7714989261347602,129,3.422514619883041,769
494,0.0645,-349.0615384615385,1.895,3.2818991097922847,38.7566765578635,675,76,6.001768306704076,129,3.4465875370919883,299
495,0.0642,-355.6153846153846,1.9191666666666667,3.217579250720461,38.42363112391931,701,73,3.5962126496900084,129,3.3804034582132565,625
496,0.0638,-342.5230769230769,1.8333333333333333,3.322429906542056,38.230529595015575,641,72,2.2222397339542077,129,3.479750778816199,741
497,0.0635,-376.20000000000005,2.0858333333333334,3.6145833333333335,39.080357142857146,671,76,2.3080916448961024,129,3.7514880952380953,722
498,0.0631,-318.6307692307692,1.8575,3.225563909774436,38.46165413533834,661,77,2.3810247609336193,129,3.3593984962406016,730
499,0.0628,-342.3846153846154,1.9425,3.2599118942731278,38.436123348017624,684,74,2.510460321144423,129,3.397360703812317,110
500,0.0624,-316.0615384615385,1.815,3.2103658536585367,38.291158536585364,652,78,1.945620943865801,129,3.3536585365853657,340
501,0.0621,-305.61538461538464,1.9333333333333333,3.205965909090909,38.81107954545455,699,77,7.478638802523577,129,3.352272727272727,404
502,0.0617,-326.79999999999995,1.8883333333333334,3.2522255192878338,38.33086053412463,676,75,2.481320237278446,129,3.4109792284866467,358
503,0.0614,-288.0769230769231,1.8758333333333332,3.366718027734977,38.813559322033896,653,80,2.2585001370694067,129,3.514637904468413,99
504,0.0611,-336.38461538461536,1.9741666666666666,3.443778110944528,39.14092953523238,665,80,2.2571111328587845,129,3.575712143928036,135
505,0.0607,-301.9846153846154,1.8041666666666667,2.98567335243553,38.44555873925501,705,79,2.2787254853019396,129,3.153295128939828,293
506,0.0604,-303.1538461538462,1.7458333333333333,3.1435185185185186,38.18518518518518,648,75,2.015065729544061,129,3.2854938271604937,686
507,0.06,-338.5692307692308,1.915,3.2223858615611194,38.586156111929306,689,73,6.158531886629988,129,3.3637702503681886,383
508,0.0597,-338.24615384615385,2.0275,3.5044378698224854,38.8801775147929,675,75,3.2895056325855863,129,3.671597633136095,809
509,0.0594,-328.76923076923083,1.735,3.0102639296187683,37.83870967741935,673,66,7.150306852439031,129,3.1407624633431084,747
510,0.0591,-325.4769230769231,1.8758333333333332,3.3251533742331287,38.52147239263804,657,78,2.2702475550919323,129,3.4723926380368098,716
511,0.0587,-352.1230769230769,2.0208333333333335,3.573170731707317,38.951219512195124,663,77,2.6910639207124887,129,3.7195121951219514,227
512,0.0584,-351.1538461538462,2.0775,3.4992846924177394,39.21173104434907,696,74,4.888855393821254,129,3.668097281831187,0
513,0.0581,-387.26153846153846,2.11,3.6842105263157894,38.72631578947368,666,70,1.9945568893268195,129,3.82406015037594,705
514,0.0578,-299.4307692307692,1.6625,2.896656534954407,37.60030395136778,665,70,5.115696652483774,129,3.06838905775076,547
515,0.0574,-345.1230769230769,1.95,3.389955686853767,38.66322008862629,673,71,4.819521429383219,129,3.5273264401772524,283
516,0.0571,-333.7692307692308,1.9675,3.4589665653495443,38.77811550151976,665,76,2.472438560768377,129,3.6109422492401215,253
517,0.0568,-372.1538461538462,2.0991666666666666,3.7264437689969605,39.00759878419453,654,73,2.0358297414733832,129,3.846504559270517,441
518,0.0565,-314.04615384615386,1.7866666666666666,3.207055214723926,38.74079754601227,650,73,2.81689709913629,129,3.3374233128834354,585
519,0.0562,-334.1538461538462,1.9383333333333332,3.2653958944281527,38.46774193548387,685,74,2.2950102745515677,129,3.4149560117302054,644
520,0.0559,-343.9230769230769,1.89,3.3919129082426127,38.846034214618975,654,74,1.9882407012433132,129,3.541213063763608,466
521,0.0556,-367.69230769230774,2.006666666666667,3.474702380952381,38.864583333333336,670,74,2.012820035236545,129,3.6220238095238093,234
522,0.0553,-332.44615384615383,2.0108333333333333,3.4696969696969697,38.871212121212125,669,76,2.0970207960200766,129,3.5954545454545452,507
523,0.0549,-366.8769230769231,2.0616666666666665,3.5578635014836797,38.90504451038576,671,75,3.3211570518834503,129,3.6973293768545994,87
524,0.0546,-349.8153846153846,2.0325,3.4266862170087977,38.83724340175953,687,72,2.3613474135512553,129,3.527859237536657,269
525,0.0543,-320.2923076923077,1.8258333333333334,3.191842900302115,38.42296072507553,668,77,2.292310985750888,129,3.314199395770393,249
526,0.054,-351.10769230769233,2.098333333333333,3.5604075691411934,39.1353711790393,684,76,2.150594942114143,129,3.7292576419213974,8
527,0.0537,-351.69230769230774,1.9825,3.3494152046783627,38.54093567251462,673,74,2.7445239316970653,129,3.5146198830409356,239
528,0.0534,-324.53846153846155,1.8883333333333334,3.2801788375558867,38.39493293591654,666,77,5.69229084403336,129,3.4321907600596124,887
529,0.0531,-355.20000000000005,2.0575,3.351506456241033,38.69583931133429,692,77,2.8780273767203735,129,3.501432664756447,678
530,0.0529,-322.0461538461538,1.9425,3.5585023400936038,38.528861154446176,632,73,2.3344219527906,129,3.7285491419656784,22
531,0.0526,-323.04615384615386,1.92,3.4442748091603055,38.958778625954196,660,80,4.270674514116581,129,3.5770992366412213,827
532,0.0523,-293.5230769230769,1.7458333333333333,3.111111111111111,38.49315068493151,653,79,2.120313517759383,129,3.249619482496195,838
533,0.052,-329.5230769230769,1.8308333333333333,3.067528735632184,38.07327586206897,697,75,3.6714350342186184,129,3.228448275862069,339
534,0.0517,-338.69230769230774,1.9941666666666666,3.4275147928994083,38.68195266272189,662,75,5.261538213182703,129,3.554733727810651,119
535,0.0514,-339.4769230769231,1.9325,3.471406491499227,38.530139103554866,645,74,4.696951907713311,129,3.60741885625966,43
536,0.0511,-358.10769230769233,2.005,3.4835820895522387,39.0089552238806,673,77,1.7557812053442974,129,3.6402985074626866,825
537,0.0508,-334.70769230769224,1.8875,3.516025641025641,38.78525641025641,634,71,4.7721881301368985,129,3.668269230769231,586
538,0.0506,-338.96923076923076,2.02,3.30527817403709,38.79743223965763,702,81,3.3751538568598463,129,3.4764621968616263,446
539,0.0503,-337.03076923076924,1.9183333333333332,3.354449472096531,38.84313725490196,666,77,4.514149378289267,129,3.4675716440422324,624
540,0.05,-321.7384615384615,1.9425,3.508527131782946,38.968992248062015,638,77,2.4031332855312644,129,3.6589147286821704,598
541,0.05,-306.72307692307686,1.8516666666666666,3.2,38.517293233082704,663,77,4.32374578880068,129,3.369369369369369,388
542,0.05,-361.7230769230769,1.9458333333333333,3.4748858447488584,38.87671232876713,662,74,2.6138843510990037,129,3.6362252663622527,778
543,0.05,-347.75384615384615,1.9116666666666666,3.3719512195121952,38.7530487804878,652,77,2.795243652732722,129,3.5228658536585367,631
544,0.05,-336.13846153846157,1.9316666666666666,3.308029197080292,38.59124087591241,683,73,6.709749321491,129,3.475912408759124,688
545,0.05,-321.6,1.8416666666666666,3.272727272727273,38.51926040061633,648,80,3.011904573593128,129,3.38366718027735,818
546,0.05,-356.5846153846154,2.279166666666667,3.771954674220963,39.97450424929178,705,84,3.5659715136416894,129,3.923512747875354,287
547,0.05,-333.3384615384615,2.111666666666667,3.4680851063829787,39.17446808510638,709,79,2.6634843553560885,129,3.6056737588652483,534
548,0.05,-331.3384615384615,1.9758333333333333,3.3790560471976403,38.82743362831859,682,79,2.8657656384755854,129,3.5353982300884956,318
549,0.05,-301.1692307692308,1.7358333333333333,3.226984126984127,38.338095238095235,624,79,3.2868699565550217,129,3.353968253968254,422
550,0.05,-314.8461538461538,1.8625,3.22052067381317,38.535987748851454,660,77,4.489986099658964,129,3.356814701378254,708
551,0.05,-313.69230769230774,1.7441666666666666,3.007727975270479,38.39721792890263,644,76,3.5264582857309774,129,3.160741885625966,693
552,0.05,-326.1538461538462,1.9433333333333334,3.2514285714285713,39.17285714285714,707,76,2.6420502559307812,129,3.394285714285714,177
553,0.05,-346.83076923076925,2.0641666666666665,3.562686567164179,38.86268656716418,669,79,3.3134567152960535,129,3.71044776119403,241
554,0.05,-325.90769230769234,1.8175,3.113263785394933,38.66467958271237,672,76,4.545503900006774,129,3.2429210134128166,18
555,0.05,-328.8923076923077,1.9408333333333334,3.3191176470588237,38.92058823529412,680,79,2.3954941670369974,129,3.4779411764705883,187
556,0.05,-278.16923076923075,1.5775,2.835637480798771,38.21351766513057,655,82,2.8644992357809533,129,2.950920245398773,891
557,0.05,-304.3538461538461,1.7483333333333333,3.2044374009508716,38.3026941362916,631,77,2.331105829899095,129,3.3312202852614896,366
558,0.05,-316.1538461538462,2.0683333333333334,3.4097902097902097,38.806993006993004,699,79,2.657890843558496,129,3.5552447552447553,300
559,0.05,-346.69230769230774,1.9958333333333333,3.6070878274268106,39.197226502311246,654,76,1.9741428368703626,129,3.756548536209553,796
560,0.05,-357.86153846153843,2.0316666666666667,3.398550724637681,38.94057971014493,685,77,3.5482812148052534,129,3.539797395079595,549
561,0.05,-348.3538461538462,1.8216666666666668,3.28328173374613,38.583591331269346,653,69,3.247422129135437,129,3.417956656346749,232
562,0.05,-298.6,1.7841666666666667,3.2902208201892744,38.88485804416404,648,77,2.8148517881373176,129,3.419558359621451,544
563,0.05,-315.79999999999995,1.8,3.3106180665610143,38.580031695721075,632,72,6.385001803187906,129,3.462757527733756,494
564,0.05,-334.12307692307695,1.8691666666666666,3.3523956723338486,38.789799072642964,637,76,2.7088000807850903,129,3.525502318392581,646
565,0.05,-352.03076923076924,2.015,3.501510574018127,38.68731117824773,663,74,2.376225306492194,129,3.641025641025641,550
566,0.05,-341.9230769230769,1.8933333333333333,3.400309119010819,38.375579598145286,652,76,1.8825225141222017,129,3.564142194744977,524
567,0.05,-346.6,2.0791666666666666,3.4576757532281204,39.04734576757532,699,78,1.9654610942577388,129,3.595408895265423,873
568,0.05,-334.67692307692306,2.0016666666666665,3.397398843930636,39.07947976878613,695,80,2.8628328956654716,129,3.5635838150289016,209
569,0.05,-300.3230769230769,1.7641666666666667,3.13953488372093,39.01860465116279,650,80,2.359443157094982,129,3.2713178294573644,793
570,0.05,-333.2153846153846,1.95,3.459909228441755,39.32072617246596,655,79,4.611478726441159,129,3.577912254160363,127
571,0.05,-321.21538461538466,1.92,3.255780346820809,38.75289017341041,688,79,2.3529312644705893,129,3.429190751445087,405
572,0.05,-300.96923076923076,1.77,3.2432432432432434,38.37360890302067,631,76,2.11136627487952,129,3.3863275039745626,221
573,0.05,-360.21538461538466,2.1825,3.8952234206471497,39.910631741140215,656,79,3.180402432789527,129,4.0231124807395995,756
574,0.05,-317.1076923076923,1.8833333333333333,3.3893129770992365,38.842748091603056,648,75,7.298603822916317,129,3.5267175572519083,897
575,0.05,-336.6461538461538,2.0058333333333334,3.5587786259541985,39.45648854961832,655,75,2.0937044264726024,129,3.682442748091603,603
576,0.05,-350.6461538461538,1.91,3.196793002915452,38.89212827988338,690,72,2.9515141580558573,129,3.3294460641399417,20
577,0.05,-323.18461538461537,1.9158333333333333,3.2888563049853374,38.530791788856305,676,75,4.833182274981403,129,3.4501466275659824,59
578,0.05,-358.95384615384614,1.9433333333333334,3.273529411764706,38.61323529411764,683,73,2.4565124159708827,129,3.416176470588235,367
579,0.05,-341.4,1.795,3.1195814648729447,38.1270553064275,660,71,5.884495950455096,129,3.2541106128550075,893
580,0.05,-302.3538461538462,1.7383333333333333,3.318257956448911,38.49581239530988,596,74,2.358185304948365,129,3.4505862646566166,619
581,0.05,-373.2461538461539,2.1191666666666666,3.588410104011887,39.42199108469539,679,77,2.598070109709876,129,3.749258160237389,13
582,0.05,-322.9076923076923,1.9608333333333334,3.314868804664723,38.849854227405245,683,82,2.4105057852475866,129,3.441690962099125,729
583,0.05,-348.4923076923077,1.9733333333333334,3.4398782343987824,39.36225266362253,669,78,2.4782501585732604,129,3.5859969558599696,607
584,0.05,-336.2153846153846,1.9625,3.4877675840978593,39.108562691131496,658,78,2.584980401737669,129,3.6396946564885497,440
585,0.05,-347.55384615384617,1.8858333333333333,3.3478915662650603,38.95783132530121,663,72,4.921327197323877,129,3.5271084337349397,487
586,0.05,-350.53846153846155,1.9925,3.299290780141844,38.788652482269505,717,72,6.46854953376735,129,3.443971631205674,702
587,0.05,-324.58461538461535,1.8916666666666666,3.3655913978494625,38.31336405529954,651,74,3.9874708312240954,129,3.525345622119816,844
588,0.05,-343.7230769230769,1.7675,3.039877300613497,38.28834355828221,664,70,6.609455678859381,130,3.164110429447853,316
589,0.05,-299.27692307692314,1.6858333333333333,3.098865478119935,37.77309562398703,621,69,4.775291574751075,130,3.239870340356564,279
590,0.05,-315.4,1.8058333333333334,3.2042682926829267,38.33841463414634,649,75,2.5618006379285094,130,3.347560975609756,347
591,0.05,-334.4,2.0125,3.4587706146926536,39.09895052473763,674,79,2.459880368744466,130,3.5622188905547225,386
592,0.05,-303.5230769230769,1.7425,3.0898021308980215,38.45966514459665,662,75,2.009493262771619,130,3.2374429223744294,161
593,0.05,-294.18461538461537,1.7883333333333333,3.1218045112781954,38.150375939849624,655,77,2.8438789099051958,130,3.2451127819548873,505
594,0.05,-335.9230769230769,1.9075,3.312223858615611,38.69661266568483,681,73,5.047454128710265,130,3.4771723122238587,772
595,0.05,-348.24615384615385,1.9158333333333333,3.3056379821958455,38.753709198813056,680,72,2.0038058020631317,130,3.470326409495549,273
596,0.05,-322.7076923076923,1.8033333333333332,3.1172106824925816,38.29080118694362,671,73,1.9498060198947236,130,3.250741839762611,456
597,0.05,-344.1846153846154,1.9283333333333332,3.479750778816199,38.92056074766355,648,74,1.5975292262758836,130,3.5856697819314642,370
598,0.05,-305.69230769230774,1.78,3.1460506706408347,38.26080476900149,661,73,1.8128133163532432,130,3.2757078986587183,277
599,0.05,-366.2153846153846,2.03,3.5134730538922154,38.77095808383233,661,74,4.44232824163231,130,3.6646706586826348,596
600,0.05,-304.78461538461534,1.9583333333333333,3.364705882352941,38.65882352941176,672,79,2.320514520001666,130,3.5220588235294117,506
601,0.05,-362.0923076923077,2.1141666666666667,3.672566371681416,39.26401179941003,670,76,2.6038547058839603,130,3.859882005899705,308
602,0.05,-403.9384615384616,2.2416666666666667,3.756521739130435,39.31159420289855,685,68,3.726065524787053,130,3.936231884057971,344
603,0.05,-368.46153846153845,2.0225,3.4419970631424377,38.713656387665196,670,73,2.9715404815784163,130,3.6005873715124816,655
604,0.05,-360.4307692307692,2.0541666666666667,3.5623100303951367,39.077507598784194,655,77,2.0619534883566817,130,3.7051671732522795,238
605,0.05,-318.32307692307694,1.6425,3.0635930047694755,37.94753577106518,622,71,7.263738370130735,130,3.2257551669316373,212
606,0.05,-324.96923076923076,1.8966666666666667,3.3435582822085887,38.9340490797546,662,76,2.0101131538546477,130,3.5076687116564416,633
607,0.05,-323.09230769230766,1.9533333333333334,3.4580152671755724,38.89465648854962,662,75,2.7863077556769387,130,3.6061068702290076,453
608,0.05,-316.89230769230767,1.8216666666666668,3.280811232449298,38.338533541341654,637,74,3.030561320256968,130,3.4492979719188765,188
609,0.05,-343.63076923076926,1.8041666666666667,3.124076809453471,38.42392909896603,685,74,2.6645132078923495,130,3.2865583456425407,419
610,0.05,-324.1538461538462,1.9858333333333333,3.3846153846153846,39.126269956458636,678,81,2.443578028233592,130,3.544267053701016,779
611,0.05,-324.8461538461538,1.855,3.3596899224806203,38.49457364341085,639,75,3.407922007303073,130,3.4891640866873064,562
612,0.05,-326.95384615384614,1.9,3.3679389312977097,38.83053435114504,654,79,1.8275518793205283,130,3.517557251908397,359
613,0.05,-310.78461538461534,1.83,3.5130718954248366,38.673202614379086,613,76,2.113207287918607,130,3.650326797385621,203
614,0.05,-362.70769230769235,2.1325,3.6441176470588235,39.254411764705885,688,79,2.6951994326629696,130,3.8,899
615,0.05,-340.8153846153846,2.0375,3.4444444444444446,38.98412698412698,688,81,2.594457429708677,130,3.593073593073593,452
616,0.05,-318.10769230769233,1.8966666666666667,3.170767004341534,38.41823444283647,694,77,3.6081722235570015,130,3.314037626628075,411
617,0.05,-297.1384615384615,1.7858333333333334,3.187017001545595,38.754250386398766,649,80,2.361439635366079,130,3.3153013910355487,289
618,0.05,-317.3384615384616,1.9241666666666666,3.1953690303907383,38.859623733719246,697,84,1.6270783053215936,130,3.3285094066570187,413
619,0.05,-327.95384615384614,1.8591666666666666,3.1456166419019316,38.48736998514116,673,75,2.3794417921474635,130,3.2986627043090637,659
620,0.05,-304.5846153846154,1.8325,3.2048192771084336,38.403614457831324,666,77,2.2494835667543955,130,3.3825301204819276,578
621,0.05,-319.24615384615385,1.8683333333333334,3.2977443609022554,38.55488721804511,663,78,1.8533839673814592,130,3.4285714285714284,364
622,0.05,-357.0153846153846,2.2083333333333335,3.732091690544413,39.193409742120345,698,78,2.3199893863540497,130,3.8925501432664755,7
623,0.05,-306.83076923076925,1.7341666666666666,2.998535871156662,38.565153733528554,691,74,1.8971163669103943,130,3.162518301610542,260
624,0.05,-289.38461538461536,1.9175,3.2700296735905043,39.03412462908012,671,83,5.565881191894347,130,3.4118518518518517,894
625,0.05,-330.5846153846154,1.8825,3.3525835866261398,38.7112462006079,648,76,4.67998896166243,130,3.5030395136778116,590
626,0.05,-350.87692307692305,2.0675,3.6156156156156154,39.13513513513514,667,75,2.347147483340271,130,3.765765765765766,787
627,0.05,-356.3384615384615,1.9416666666666667,3.4146341463414633,38.59603658536585,653,67,2.899263026762945,130,3.576219512195122,321
628,0.05,-318.4153846153846,1.8616666666666666,3.3550387596899225,38.7922480620155,640,75,5.617738658375377,130,3.474418604651163,184
629,0.05,-365.81538461538463,2.0708333333333333,3.536656891495601,39.111436950146626,679,76,2.5908513132381423,130,3.665689149560117,217
630,0.05,-357.7384615384616,2.0733333333333333,3.2806539509536785,38.80245231607629,728,72,2.862765503246219,130,3.4482288828337873,587
631,0.05,-311.46153846153845,1.8933333333333333,3.1944444444444446,38.82748538011696,678,79,3.833747434965417,130,3.353801169590643,592
632,0.05,-326.8153846153847,1.6733333333333333,2.9606060606060605,38.13787878787879,661,70,2.488599641583828,130,3.0984848484848486,333
633,0.05,-302.66153846153844,1.7475,3.022354694485842,38.22503725782414,664,77,1.6695029973811468,130,3.156482861400894,726
634,0.05,-326.1846153846154,1.8058333333333334,3.101596516690856,38.3033381712627,679,77,2.9214436357158515,130,3.2481857764876634,114
635,0.05,-346.4307692307692,1.9933333333333334,3.5196374622356497,39.105740181268885,662,75,3.740160223468507,130,3.6601208459214503,573
636,0.05,-359.55384615384617,2.12,3.5585714285714287,39.23714285714286,696,78,4.3385840504646245,130,3.7,172
637,0.05,-342.4153846153846,1.9466666666666668,3.2296718972895864,38.68188302425107,698,76,5.627772251339973,130,3.385164051355207,416
638,0.05,-342.03076923076924,2.0508333333333333,3.661514683153014,39.19165378670788,651,76,6.002352129342627,130,3.7774343122102008,612
639,0.05,-341.6461538461539,2.07,3.5288184438040346,39.12536023054755,695,79,3.324641493987299,130,3.674351585014409,93
640,0.05,-325.2307692307692,1.9758333333333333,3.627172195892575,39.026856240126385,630,75,3.024760948467552,130,3.788309636650869,865
641,0.05,-369.9230769230769,2.2508333333333335,3.6745810055865924,39.66620111731844,717,80,2.414674359232589,130,3.810055865921788,403
642,0.05,-350.3384615384615,1.9941666666666666,3.4134897360703813,38.834310850439884,678,74,4.16158558551724,130,3.6041055718475072,381
643,0.05,-307.4,1.7783333333333333,3.18125,38.3640625,636,75,2.627141069841926,130,3.3,14
644,0.05,-345.0923076923077,2.035,3.3389121338912133,38.79776847977685,717,75,3.2978576899834993,130,3.493723849372385,847
645,0.05,-309.66153846153844,1.7758333333333334,3.097560975609756,38.13719512195122,660,74,7.410677793001179,130,3.231707317073171,275
646,0.05,-350.79999999999995,2.0125,3.5142857142857142,38.98345864661654,663,75,3.9485327054562838,130,3.654135338345865,317
647,0.05,-285.0153846153846,1.7933333333333332,3.1838006230529596,37.92056074766355,640,80,5.3590058871998885,130,3.3348909657320873,804
648,0.05,-296.53846153846155,1.7883333333333333,3.2445141065830723,38.85266457680251,643,82,2.785293380404377,130,3.371473354231975,502
649,0.05,-297.9230769230769,1.9233333333333333,3.4048706240487063,38.62404870624049,657,77,2.5669743379949197,130,3.5433789954337898,700
650,0.05,-316.89230769230767,1.9916666666666667,3.4058823529411764,39.042647058823526,679,80,3.786600767222942,130,3.538235294117647,671
651,0.05,-332.89230769230767,1.8191666666666666,3.325984251968504,38.55118110236221,637,70,4.406300044733629,130,3.4708661417322832,575
652,0.05,-349.2461538461539,2.004166666666667,3.551145038167939,39.06106870229008,654,73,2.1995234060133755,130,3.687022900763359,27
653,0.05,-357.15384615384613,2.0325,3.7085271317829456,39.25116279069768,644,75,2.3539452876375146,130,3.82015503875969,97
654,0.05,-322.6923076923077,1.8608333333333333,3.4347133757961785,38.34394904458599,619,76,1.9507101473461497,130,3.5971337579617835,109
655,0.05,-320.7692307692307,1.9741666666666666,3.4174041297935105,38.91150442477876,685,79,2.3090796312315445,130,3.566371681415929,566
656,0.05,-380.44615384615383,2.1283333333333334,3.6929955290611027,38.87332339791356,658,72,1.7933418660068083,130,3.855439642324888,360
657,0.05,-345.4461538461539,1.8075,3.1923076923076925,38.55538461538462,656,72,2.6498527959704115,130,3.3415384615384616,30
658,0.05,-289.30769230769226,1.7491666666666668,3.1248073959938365,38.82280431432974,655,85,1.8743239887826781,130,3.268104776579353,143
659,0.05,-320.723076923077,1.8966666666666667,3.2445095168374816,38.5783308931186,679,80,2.3685247664558213,130,3.3938506588579793,259
660,0.05,-371.96923076923076,2.2808333333333333,3.83187134502924,39.473684210526315,692,74,2.8292605988753023,130,3.9795620437956205,727
661,0.05,-328.8461538461538,1.9458333333333333,3.398496240601504,38.65563909774436,657,73,4.415425459737811,130,3.554887218045113,675
662,0.05,-329.276923076923,1.905,3.1721664275466286,38.474892395982785,702,77,3.0628188109756214,130,3.30416068866571,601
663,0.05,-338.69230769230774,1.8516666666666666,3.3072196620583716,38.294930875576036,643,72,2.5916277202598335,130,3.4546850998463903,178
664,0.05,-343.5230769230769,1.9666666666666666,3.4091580502215657,38.9615952732644,683,77,2.308848001589324,130,3.570162481536189,898
665,0.05,-338.66153846153844,1.8808333333333334,3.3282208588957056,38.58435582822086,644,74,2.475597833316025,130,3.464723926380368,674
666,0.05,-369.4307692307692,1.9516666666666667,3.3264705882352943,38.91617647058823,685,75,2.0083609091983523,130,3.489705882352941,414
667,0.05,-369.26153846153846,2.1633333333333336,3.650655021834061,39.36390101892285,689,78,2.6077107602988923,130,3.7903930131004366,766
668,0.05,-333.90769230769234,1.9433333333333334,3.313782991202346,38.73607038123167,685,74,2.4389344629836365,130,3.461876832844575,849
669,0.05,-331.53846153846155,1.9325,3.382660687593423,38.80119581464873,666,75,3.6254699396230774,130,3.5127055306427506,669
670,0.05,-345.96923076923076,2.0275,3.432510885341074,39.00725689404935,680,76,3.3632871247560865,130,3.590711175616836,758
671,0.05,-347.0153846153846,2.0883333333333334,3.575624082232012,39.262848751835534,693,77,2.7782651233335365,130,3.712187958883994,797
672,0.05,-347.61538461538464,1.9391666666666667,3.4263803680981595,38.80521472392638,655,73,2.5703957261980768,130,3.5904907975460123,430
673,0.05,-326.0923076923077,1.9125,3.2821637426900585,38.896198830409354,684,77,2.951984594071756,130,3.4283625730994154,512
674,0.05,-322.55384615384617,1.8808333333333334,3.3689922480620154,38.77984496124031,645,79,1.7855521178629308,130,3.5054263565891475,70
675,0.05,-340.276923076923,1.8816666666666666,3.158682634730539,38.49700598802395,671,79,2.2570826509274773,130,3.3233532934131738,395
676,0.05,-327.8461538461538,1.695,2.9651515151515153,37.96666666666667,659,72,2.675614041798459,130,3.1015151515151516,630
677,0.05,-300.12307692307695,1.79,3.261904761904762,38.63015873015873,629,77,3.320398642044504,130,3.3946117274167986,11
678,0.05,-354.86153846153843,1.9991666666666668,3.4526627218934913,39.07692307692308,676,74,2.7791801165459,130,3.6124260355029585,478
679,0.05,-327.5076923076923,1.92,3.327433628318584,38.935103244837755,680,76,2.7345191507077278,130,3.495575221238938,392
680,0.05,-347.6461538461539,2.0925,3.631184407796102,39.25937031484258,661,76,2.646792413497869,130,3.787106446776612,874
681,0.05,-360.5076923076923,2.16,3.763392857142857,39.19047619047619,669,72,3.6595607157090053,130,3.9166666666666665,131
682,0.05,-383.04615384615386,2.145,3.499290780141844,38.767375886524825,704,75,3.3981238271065295,130,3.6581560283687944,322
683,0.05,-317.36923076923074,1.7683333333333333,3.138888888888889,38.35339506172839,657,79,5.9979094326117055,130,3.2854938271604937,736
684,0.05,-344.73846153846154,1.9875,3.3664233576642335,38.71970802919708,685,78,2.3589698008181488,130,3.487591240875912,872
685,0.05,-362.2307692307692,2.0216666666666665,3.473372781065089,38.70266272189349,672,73,1.82623737671807,130,3.6094674556213016,197
686,0.05,-351.6615384615384,2.1525,3.5903954802259888,39.26129943502825,706,79,11.38865030071481,130,3.7245762711864407,560
687,0.05,-323.3230769230769,1.95,3.38796992481203,38.697744360902256,670,75,3.5515028726548645,130,3.520300751879699,845
688,0.05,-329.1692307692308,1.8758333333333332,3.373643410852713,38.94108527131783,647,78,2.0460048129379858,130,3.5224806201550387,531
689,0.05,-335.3538461538461,2.1125,3.600578871201158,39.32706222865412,691,78,3.1914753101670597,130,3.758670520231214,426
690,0.05,-319.2923076923077,1.8508333333333333,3.1863905325443787,38.460059171597635,687,76,2.182765732899833,130,3.3298816568047336,826
691,0.05,-303.53846153846155,1.9133333333333333,3.4229007633587787,39.268702290076334,661,79,2.848827354416466,130,3.5572519083969465,26
692,0.05,-363.3384615384615,1.9208333333333334,3.37874251497006,38.92664670658683,674,73,8.080410939584299,130,3.5074850299401197,319
693,0.05,-303.3846153846154,1.74,2.980654761904762,38.23363095238095,679,75,2.5043807791444572,130,3.138392857142857,290
694,0.05,-345.61538461538464,2.171666666666667,3.4599447513812156,39.302486187845304,734,80,3.234983768564629,130,3.5801104972375692,862
695,0.05,-331.2307692307692,1.865,3.2350299401197606,38.36077844311377,671,74,2.0257948777558488,130,3.3907185628742513,451
696,0.05,-310.323076923077,1.8116666666666668,3.061046511627907,38.47093023255814,690,77,2.9884026384006543,130,3.2180232558139537,155
697,0.05,-323.73846153846154,1.9725,3.289855072463768,38.80724637681159,695,78,1.921055518153716,130,3.42463768115942,532
698,0.05,-347.1384615384615,1.9833333333333334,3.3492753623188407,38.7304347826087,687,75,2.6281295873252066,130,3.4869565217391303,56
699,0.05,-343.2461538461538,1.9733333333333334,3.4839203675344566,38.48698315467075,657,71,3.4554652308390392,130,3.6278713629402755,399
700,0.05,-352.9076923076923,1.96,3.3551673944687046,38.8296943231441,687,75,2.3260598431731987,130,3.512372634643377,207
701,0.05,-339.0153846153846,1.7958333333333334,3.169724770642202,38.37308868501529,659,69,6.52368768220701,130,3.314984709480122,553
702,0.05,-342.6461538461539,1.9625,3.370424597364568,38.69692532942899,684,73,2.5009158289821483,130,3.519765739385066,326
703,0.05,-336.53846153846155,1.9208333333333334,3.3909774436090228,38.98345864661654,664,78,1.8594970035682536,130,3.524812030075188,444
704,0.05,-352.32307692307694,1.8016666666666667,3.1661585365853657,38.09298780487805,658,70,3.2782273440719414,130,3.3185975609756095,773
705,0.05,-333.61538461538464,1.9183333333333332,3.3521341463414633,38.64786585365854,656,76,2.3940341265750877,130,3.495426829268293,435
706,0.05,-326.0615384615385,1.8383333333333334,3.220030349013657,38.877086494688925,664,76,2.5182610618879244,130,3.3353566009104703,173
707,0.05,-316.67692307692306,1.905,3.4149765990639627,39.28861154446178,648,78,2.793666995679253,130,3.5273010920436816,431
708,0.05,-312.6461538461539,1.83,3.2846153846153845,38.58615384615385,652,74,6.578952078280717,130,3.4384615384615387,503
709,0.05,-321.36923076923074,1.7616666666666667,2.9253945480631276,38.25681492109039,705,79,2.140213745971296,130,3.047345767575323,784
710,0.05,-324.4,1.9833333333333334,3.3198263386396527,38.47178002894356,687,73,6.178380953820059,130,3.485549132947977,47
711,0.05,-331.38461538461536,1.9125,3.3474320241691844,38.58761329305136,665,75,2.473505226942464,130,3.495468277945619,689
712,0.05,-349.4,1.9733333333333334,3.355855855855856,38.788288288288285,663,77,3.1090231063664175,130,3.4954954954954953,393
713,0.05,-332.79999999999995,1.9983333333333333,3.38953488372093,39.44912790697674,700,76,2.3957336424870475,130,3.5436046511627906,86
714,0.05,-326.6307692307692,1.9508333333333334,3.4814814814814814,38.99074074074074,646,78,1.6870835552458954,130,3.628086419753086,815
715,0.05,-314.03076923076924,1.9008333333333334,3.358695652173913,38.81211180124224,651,79,1.6878570973936868,130,3.4906832298136647,296
716,0.05,-329.21538461538455,1.7966666666666666,3.233128834355828,38.6579754601227,653,70,2.4259727460745095,130,3.375766871165644,439
717,0.05,-352.1384615384615,1.8558333333333332,3.2273402674591383,37.86924219910847,670,67,1.9985760481744435,130,3.3982169390787518,822
718,0.05,-331.3076923076923,1.845,3.364485981308411,38.78816199376947,649,75,2.250288375676982,130,3.479750778816199,106
719,0.05,-314.3538461538461,1.7266666666666666,3.0196969696969695,38.57272727272727,662,76,2.575844071151081,130,3.146969696969697,582
720,0.05,-333.26153846153846,1.98,3.380952380952381,38.879464285714285,672,80,1.7651082695366787,130,3.5,584
721,0.05,-332.4769230769231,1.9916666666666667,3.5369532428355956,38.926093514328805,663,73,2.4130098848531567,130,3.668174962292609,117
722,0.05,-327.8307692307692,1.9291666666666667,3.3189910979228485,38.67359050445104,673,77,2.5122309318907194,130,3.4451038575667656,57
723,0.05,-343.3076923076923,2.01,3.6290571870170014,38.656877897990725,648,70,3.029090907292284,130,3.7573415765069553,668
724,0.05,-340.4153846153846,2.015,3.549317147192716,39.19726858877087,662,76,1.8116774981606558,130,3.6676783004552354,423
725,0.05,-337.90769230769234,1.9425,3.402674591381872,38.93313521545319,669,77,4.218305215651407,130,3.5304606240713223,251
726,0.05,-332.8153846153846,1.8425,3.3453125,38.646875,644,73,5.709950454724821,130,3.4617784711388455,448
727,0.05,-328.0153846153846,2.055833333333333,3.251366120218579,38.85928961748634,720,82,2.1905194322496664,130,3.4234972677595628,609
728,0.05,-307.44615384615383,1.7458333333333333,3.2322274881516586,38.447077409162716,639,78,3.2023408547880834,130,3.3570300157977884,684
729,0.05,-328.96923076923076,1.865,3.1867647058823527,38.76323529411765,690,77,1.6975158959222933,130,3.2926470588235293,808
730,0.05,-368.86153846153843,2.1683333333333334,3.63558106169297,38.8909612625538,698,76,2.7833891221138027,130,3.7804878048780486,282
731,0.05,-315.1692307692307,1.89,3.3968992248062015,38.74108527131783,636,75,2.4209448874520287,130,3.5395348837209304,64
732,0.05,-306.21538461538466,1.8341666666666667,3.2956656346749225,38.86842105263158,646,73,3.353266630838814,130,3.4380804953560373,146
733,0.05,-324.0153846153846,1.9108333333333334,3.299259259259259,38.952592592592595,682,78,1.843121647436037,130,3.457777777777778,618
734,0.05,-385.8153846153846,2.2716666666666665,3.944610778443114,39.92814371257485,673,74,2.05674549767702,130,4.119760479041916,42
735,0.05,-310.3076923076923,1.8266666666666667,3.280916030534351,38.88091603053435,654,80,2.2826767684961116,130,3.4,79
736,0.05,-312.4,1.8916666666666666,3.296520423600605,38.70196671709531,672,80,2.6661778949529933,130,3.415407854984894,814
737,0.05,-325.723076923077,2.0058333333333334,3.3928057553956834,39.076258992805755,695,79,2.86477159394481,130,3.581294964028777,272
738,0.05,-305.59999999999997,1.89,3.3075734157650696,38.46831530139104,658,82,2.40932538840442,130,3.493044822256569,37
739,0.05,-320.7692307692308,1.9291666666666667,3.3619909502262444,38.77073906485671,661,74,3.2710864866976896,130,3.5007541478129713,538
740,0.05,-328.8769230769231,1.9866666666666666,3.4682779456193353,38.894259818731115,663,78,2.3334736567971603,130,3.6148036253776437,805
741,0.05,-385.53846153846155,2.2941666666666665,3.8059490084985836,39.494334277620396,696,77,1.841961016161452,130,3.961756373937677,775
742,0.05,-355.19999999999993,2.0,3.622257053291536,39.087774294670844,630,76,9.797881478491119,130,3.7476489028213167,245
743,0.05,-340.3384615384615,1.9991666666666668,3.436472346786248,38.96860986547085,672,77,2.318054660581663,130,3.6074626865671644,638
744,0.05,-364.0153846153846,2.11,3.576642335766423,39.08759124087591,687,77,2.4323053647027217,130,3.6992700729927006,491
745,0.05,-351.4769230769231,1.8525,3.2349397590361444,37.83433734939759,657,72,2.6385088809795065,130,3.371987951807229,125
746,0.05,-324.23076923076917,1.7808333333333333,3.25,38.324367088607595,627,74,1.7910219422639755,130,3.3765822784810124,124
747,0.05,-341.32307692307694,2.0808333333333335,3.4785100286532953,39.03581661891118,706,79,2.42361254394297,130,3.6074498567335245,706
748,0.05,-307.73846153846154,1.7083333333333333,3.096875,38.725,642,80,1.8527344467388613,130,3.2546875,709
749,0.05,-314.4307692307692,1.8383333333333334,3.150074294205052,38.37741456166419,684,73,3.8685875454145418,130,3.286775631500743,38
750,0.05,-286.30769230769226,1.7358333333333333,3.2018927444794953,38.07570977917981,630,77,1.8313401465726973,130,3.32807570977918,162
751,0.05,-311.0923076923077,1.8541666666666667,3.2223880597014927,38.60597014925373,666,76,3.5201475251927947,130,3.352238805970149,846
752,0.05,-377.2461538461538,2.0825,3.5230547550432276,38.99279538904899,692,74,1.8036195046711,130,3.680115273775216,861
753,0.05,-318.9230769230769,1.69,3.136724960254372,38.192368839427665,634,73,2.218187538597055,130,3.2750397456279807,497
754,0.05,-371.4307692307692,2.0716666666666668,3.4883040935672516,38.92836257309941,684,72,1.9837470413566556,130,3.611111111111111,580
755,0.05,-331.1230769230769,1.93,3.3537313432835822,38.93582089552239,677,74,2.015683926737125,130,3.4716417910447763,34
756,0.05,-300.61538461538464,1.6408333333333334,2.9738863287250386,37.70967741935484,642,68,3.821236286217435,130,3.141321044546851,672
757,0.05,-358.8923076923078,2.1216666666666666,3.586861313868613,39.245255474452556,678,77,2.6258939246114186,130,3.7372262773722627,372
758,0.05,-337.70769230769235,1.9533333333333334,3.2190201729106627,38.34293948126801,702,74,2.06229150329612,130,3.363112391930836,224
759,0.05,-321.87692307692305,1.9625,3.2169014084507044,38.8056338028169,712,79,2.1539590082951623,130,3.3901408450704227,477
760,0.05,-332.1538461538462,2.006666666666667,3.4821958456973294,38.853115727002965,669,76,2.3581696689094147,130,3.64540059347181,606
761,0.05,-363.9230769230769,2.203333333333333,3.603932584269663,39.497191011235955,710,78,2.1691291967546964,130,3.7685834502103788,542
762,0.05,-342.8307692307692,2.0683333333333334,3.431259044862518,38.894356005788715,696,76,2.129400877692509,130,3.5918958031837915,219
763,0.05,-336.7692307692307,1.9191666666666667,3.360606060606061,38.656060606060606,653,73,1.6769924271591408,130,3.4826021180030255,390
764,0.05,-292.2769230769231,1.675,3.1018808777429467,38.53134796238245,646,73,4.855590350110211,130,3.225705329153605,201
765,0.05,-336.5846153846154,2.0566666666666666,3.5442477876106193,38.78171091445428,669,76,5.618830973626928,130,3.690265486725664,350
766,0.05,-322.4153846153846,2.055,3.769592476489028,39.225705329153605,638,75,2.671003145568893,130,3.894984326018809,481
767,0.05,-333.6923076923076,2.0841666666666665,3.602658788774003,39.531757754800594,676,81,10.951566187603149,130,3.759231905465288,75
768,0.05,-345.4769230769231,1.9533333333333334,3.322108345534407,38.77891654465593,676,78,2.370819274602381,130,3.4890190336749636,788
769,0.05,-303.4923076923077,1.87,3.3965785381026437,38.502332814930014,640,78,1.8406438594262344,130,3.505443234836703,510
770,0.05,-298.38461538461536,1.8741666666666668,3.3040847201210286,38.503782148260214,659,78,2.4760806860542384,130,3.4462934947049924,774
771,0.05,-364.24615384615385,2.2,3.744186046511628,39.752906976744185,681,78,4.8205501220055265,130,3.9142441860465116,354
772,0.05,-321.9846153846154,1.9008333333333334,3.2522388059701495,38.75820895522388,674,78,1.657109035896654,130,3.3686567164179104,604
773,0.05,-370.53846153846155,2.0166666666666666,3.480654761904762,38.916666666666664,679,71,2.354417826740012,130,3.6517857142857144,876
774,0.05,-404.96923076923076,2.1233333333333335,3.659159159159159,38.788288288288285,664,71,2.929844267372183,130,3.8078078078078077,218
775,0.05,-342.03076923076924,1.9966666666666666,3.55177743431221,39.03400309119011,657,77,2.0092915453673097,130,3.6816074188562595,458
776,0.05,-326.09230769230766,1.8808333333333334,3.319634703196347,38.41552511415525,650,75,2.186283135988668,130,3.4855403348554033,327
777,0.05,-298.2153846153846,1.8625,3.37442218798151,38.741140215716484,645,79,5.411048638064897,130,3.5161787365177197,432
778,0.05,-374.24615384615385,2.2308333333333334,3.6939970717423134,39.40117130307467,683,74,2.589393309661717,130,3.849194729136164,357
779,0.05,-357.15384615384613,1.8625,3.307098765432099,38.3179012345679,643,72,2.4637136019455745,130,3.4537037037037037,112
780,0.05,-326.276923076923,1.8408333333333333,3.2018348623853212,38.35168195718654,654,75,2.1303840648970036,130,3.3516819571865444,85
781,0.05,-344.0,1.9816666666666667,3.336734693877551,38.92565597667638,691,81,2.3180983078989987,130,3.489795918367347,883
782,0.05,-325.3384615384615,1.9291666666666667,3.4741784037558685,39.15023474178404,641,81,2.7885809548603784,130,3.596244131455399,723
783,0.05,-351.1538461538462,1.9616666666666667,3.396113602391629,38.663677130044846,667,74,2.3369718214358635,130,3.579970104633782,667
784,0.05,-348.6615384615385,1.9758333333333333,3.510670731707317,38.57469512195122,645,74,4.1201643450522765,130,3.629573170731707,168
785,0.05,-362.0153846153846,1.9575,3.4201807228915664,38.390060240963855,661,74,4.429478780350954,130,3.5737951807228914,195
786,0.05,-289.2923076923077,1.64,2.967136150234742,38.16901408450704,642,78,4.937366721271361,130,3.134585289514867,429
787,0.05,-300.3692307692308,1.8875,3.382716049382716,38.95524691358025,639,81,2.884351409581344,130,3.5324074074074074,785
788,0.05,-333.4923076923077,2.049166666666667,3.4746743849493487,39.437047756874094,685,83,2.3727791135320015,130,3.6121562952243127,305
789,0.05,-318.03076923076924,1.8058333333333334,3.1868300153139355,38.33384379785605,651,76,1.9119134785371616,130,3.3032159264931087,540
790,0.05,-322.1384615384615,1.8533333333333333,3.342064714946071,38.64714946070878,644,77,2.4337135009961814,130,3.4761171032357474,314
791,0.05,-387.0769230769231,2.16,3.6071942446043166,39.14820143884892,698,75,3.3662249259260335,130,3.758273381294964,819
792,0.05,-353.18461538461537,1.9675,3.434131736526946,38.94461077844311,667,79,2.5324432056572177,130,3.6032934131736525,752
793,0.05,-403.61538461538464,2.14,3.746606334841629,39.334841628959275,671,76,5.711700497117799,130,3.8704819277108435,144
794,0.05,-310.276923076923,1.8016666666666667,3.2884012539184955,38.69592476489028,635,76,3.1146438932679152,130,3.404388714733542,291
795,0.05,-355.03076923076924,1.9475,3.34711964549483,38.85672082717873,674,76,3.0135826234074936,130,3.4771048744460855,558
796,0.05,-336.2153846153846,1.9758333333333333,3.274928774928775,38.97863247863248,708,78,2.9943792920466468,130,3.4002849002849005,258
797,0.05,-343.10769230769233,1.85,3.1575037147102525,38.466567607726596,674,75,2.469604320267419,130,3.335809806835067,799
798,0.05,-373.96923076923076,2.109166666666667,3.6070381231671553,39.44574780058651,692,73,2.4393333706147864,130,3.7478005865102637,50
799,0.05,-313.3846153846154,1.8716666666666666,3.3517665130568357,38.79877112135177,651,74,2.310697391542685,130,3.499231950844854,398
800,0.05,-338.4923076923077,1.7983333333333333,3.1485451761102605,38.503828483920365,655,72,6.8620612962246295,130,3.344563552833078,567
801,0.05,-405.4307692307692,2.2041666666666666,3.632857142857143,39.255714285714284,705,74,2.581928696006656,130,3.797142857142857,345
802,0.05,-318.8615384615385,1.72,3.105426356589147,38.27131782945737,647,73,3.3936449393770522,130,3.235658914728682,480
803,0.05,-350.0153846153846,2.1066666666666665,3.3725761772853184,38.69390581717452,715,78,2.3167715886672147,130,3.536652835408022,100
804,0.05,-361.24615384615385,2.07,3.584070796460177,38.899705014749266,666,75,2.2406951099755514,130,3.7271386430678466,725
805,0.05,-379.13846153846157,2.2058333333333335,3.6844380403458215,39.74495677233429,700,78,2.206722211095482,130,3.8069164265129682,301
806,0.05,-361.8923076923077,1.9741666666666666,3.562596599690881,38.50695517774343,647,75,2.1445310559244835,130,3.678516228748068,215
807,0.05,-373.95384615384614,2.0016666666666665,3.2617354196301567,38.43812233285917,698,71,7.258223519814917,130,3.4366998577524894,158
808,0.05,-343.13846153846157,1.8175,3.3718354430379747,38.3496835443038,631,71,2.6112465149310973,130,3.5712025316455698,384
809,0.05,-329.12307692307695,1.7825,3.176829268292683,38.47103658536585,660,72,2.24781811972182,130,3.3059360730593608,834
810,0.05,-319.1846153846154,1.7283333333333333,3.096036585365854,38.138719512195124,648,73,2.0449097778977867,130,3.239329268292683,3
811,0.05,-330.70769230769235,1.875,3.2316890881913305,38.53811659192825,676,77,1.4381130179493713,130,3.397608370702541,691
812,0.05,-352.53846153846155,1.9858333333333333,3.3903508771929824,38.93421052631579,688,73,3.3839668724061664,130,3.5497076023391814,868
813,0.05,-376.46153846153845,2.055833333333333,3.5264750378214824,38.77004538577912,663,72,2.585661529552324,130,3.6626323751891072,60
814,0.05,-313.8153846153846,1.8291666666666666,3.0101596516690856,38.44702467343977,699,76,2.032640583730953,130,3.2119013062409287,626
815,0.05,-352.95384615384614,1.9925,3.4658385093167703,38.67857142857143,639,74,2.6284857084615747,130,3.622670807453416,858
816,0.05,-351.46153846153845,2.0866666666666664,3.5745937961595273,39.40029542097489,682,80,2.6322891257495056,130,3.757754800590842,298
817,0.05,-327.15384615384613,1.9991666666666668,3.3266761768901567,38.385164051355204,702,78,2.551623064610678,130,3.4835948644793153,576
818,0.05,-340.4923076923077,1.9775,3.3746268656716416,38.82537313432836,682,78,2.522523312388118,130,3.5164179104477613,854
819,0.05,-336.6307692307692,1.8325,3.3046875,38.4953125,641,74,5.565276905875394,130,3.4328125,348
820,0.05,-350.5076923076923,2.1458333333333335,3.679525222551929,39.22700296735905,673,77,2.711033401841596,130,3.805925925925926,433
821,0.05,-360.24615384615385,1.81,3.2919254658385095,38.5388198757764,641,73,3.014108130008331,130,3.422360248447205,351
822,0.05,-344.8,1.9991666666666668,3.4216867469879517,38.58734939759036,678,69,2.49204945613357,130,3.5843373493975905,783
823,0.05,-340.0615384615385,1.8925,3.485179407176287,39.14352574102964,648,78,2.2742102197493894,130,3.5865834633385334,295
824,0.05,-328.83076923076925,2.0683333333333334,3.4827586206896552,38.94109195402299,696,76,3.0603070392567786,130,3.6379310344827585,810
825,0.05,-378.1384615384615,2.1625,3.6559766763848396,39.255102040816325,689,78,2.247655743562238,130,3.8002915451895043,332
826,0.05,-338.8153846153846,1.91,3.0758426966292136,38.37078651685393,710,72,2.4680433293772306,130,3.231741573033708,312
827,0.05,-334.89230769230767,1.775,3.1152694610778444,37.75449101796407,655,72,2.0241225054823757,130,3.2559880239520957,33
828,0.05,-323.2307692307692,1.9708333333333334,3.291012838801712,38.70898716119829,701,74,2.412847986926753,130,3.456490727532097,91
829,0.05,-341.5230769230769,2.120833333333333,3.6622222222222223,39.31407407407407,670,77,2.1805199630552257,130,3.831111111111111,515
830,0.05,-356.53846153846155,2.035,3.615264797507788,38.94704049844237,647,68,3.735515407767317,130,3.8021806853582554,338
831,0.05,-315.7230769230769,1.86,3.219730941704036,38.402092675635274,665,79,1.8444733435564338,130,3.3318385650224216,483
832,0.05,-315.76923076923083,1.91,3.36085626911315,38.70795107033639,658,74,3.2049641558642943,130,3.5137614678899083,62
833,0.05,-295.0,1.6658333333333333,2.879821958456973,37.982195845697326,666,75,2.268820384524434,130,3.0252225519287834,469
834,0.05,-313.23076923076917,1.8191666666666666,3.219219219219219,38.666666666666664,668,75,1.947528935338485,130,3.373873873873874,574
835,0.05,-338.96923076923076,2.05,3.397080291970803,38.877372262773726,682,78,2.293104621487123,130,3.5182481751824817,711
836,0.05,-285.1692307692308,1.7458333333333333,3.121913580246914,38.25308641975309,647,80,2.012543473345469,130,3.243827160493827,442
837,0.05,-331.9076923076923,1.87,3.244807121661721,38.59792284866469,671,73,1.5259381167779384,130,3.379821958456973,179
838,0.05,-316.3692307692308,1.845,3.0414285714285714,38.581428571428575,699,77,2.569939025935938,130,3.2,202
839,0.05,-347.61538461538464,1.9825,3.437878787878788,39.32121212121212,675,74,3.463111633519201,130,3.590909090909091,214
840,0.05,-339.6769230769231,2.0241666666666664,3.5763473053892216,39.15119760479042,663,80,1.8838801878055802,130,3.730538922155689,95
841,0.05,-349.86153846153843,1.9833333333333334,3.51840490797546,39.144171779141104,662,79,2.7590366142399922,130,3.651840490797546,417
842,0.05,-328.70769230769224,1.7275,3.261146496815287,38.45859872611465,633,68,2.67288197811779,130,3.395866454689984,856
843,0.05,-355.24615384615385,2.0475,3.342696629213483,38.521067415730336,707,72,2.420327042470239,130,3.490168539325843,836
844,0.05,-392.0153846153846,2.1708333333333334,3.744776119402985,39.24029850746269,672,72,2.6335141179361425,130,3.8955223880597014,616
845,0.05,-340.9384615384615,1.9841666666666666,3.3517441860465116,38.30523255813954,682,76,1.882144643328192,130,3.491279069767442,216
846,0.05,-350.3538461538462,1.9541666666666666,3.4324324324324325,38.947447447447445,669,74,3.7724932098790114,130,3.6021021021021022,545
847,0.05,-341.6461538461539,1.91,3.3185975609756095,38.646341463414636,648,76,1.6395219205251286,130,3.4314024390243905,302
848,0.05,-352.89230769230767,2.07,3.552941176470588,39.11911764705882,672,78,1.9509100040541882,130,3.695588235294118,41
849,0.05,-382.04615384615386,2.12,3.570579494799406,38.79346210995542,667,70,1.9604860735861653,130,3.7563150074294205,884
850,0.05,-351.04615384615386,1.9566666666666668,3.5046296296296298,38.2037037037037,636,70,1.8708956800010184,130,3.6296296296296298,371
851,0.05,-324.5692307692307,1.9275,3.622186495176849,39.09485530546624,616,75,1.9691549882910568,130,3.7909967845659165,537
852,0.05,-312.7692307692307,1.7441666666666666,3.1839622641509435,38.32389937106918,639,72,2.272046854132685,130,3.309748427672956,875
853,0.05,-349.21538461538455,2.0725,3.6011904761904763,38.90327380952381,672,77,1.807820842112667,130,3.7470238095238093,356
854,0.05,-318.9846153846154,1.8633333333333333,3.241839762611276,38.55044510385757,678,76,2.8637642269599604,130,3.387240356083086,628
855,0.05,-363.6461538461538,2.089166666666667,3.526470588235294,38.90882352941176,680,71,2.3898687182428637,130,3.6691176470588234,256
856,0.05,-331.67692307692306,1.9441666666666666,3.3008849557522124,38.9882005899705,690,79,1.8665790146249397,130,3.4469026548672566,859
857,0.05,-361.38461538461536,2.0925,3.6315007429420505,39.21545319465082,672,75,1.8794771501275012,130,3.7994056463595838,455
858,0.05,-341.4769230769231,1.9516666666666667,3.3245227606461087,38.516886930983844,678,72,4.252707377863151,130,3.469897209985316,118
859,0.05,-365.723076923077,2.2816666666666667,3.8008595988538683,39.39971346704871,696,79,2.4248461513178876,130,3.958452722063037,589
860,0.05,-340.81538461538463,1.9525,3.4279279279279278,39.15765765765766,667,74,2.2564448854172103,130,3.575712143928036,890
861,0.05,-361.4,2.066666666666667,3.40398293029872,38.89758179231863,705,77,3.4889968773260316,130,3.5803698435277385,561
862,0.05,-344.89230769230767,1.9133333333333333,3.334834834834835,38.72372372372372,666,75,1.8844189749342866,130,3.472972972972973,755
863,0.05,-367.13846153846157,2.0616666666666665,3.3651925820256774,38.83737517831669,698,77,2.0561968073711703,130,3.5135520684736092,492
864,0.05,-311.723076923077,1.6958333333333333,3.12,38.256,628,75,2.3936636534239,130,3.2432,132
865,0.05,-347.1230769230769,2.131666666666667,3.5702005730659025,39.46561604584527,707,78,1.889896745299443,130,3.7177650429799427,341
866,0.05,-329.0,1.9825,3.3293943870014773,38.7725258493353,684,78,2.0511602374767595,130,3.466765140324963,421
867,0.05,-310.5692307692308,1.8625,3.147398843930636,38.59537572254335,693,77,1.9316810345134898,130,3.30635838150289,349
868,0.05,-353.7076923076923,1.9258333333333333,3.197724039829303,38.7226173541963,710,75,2.1010102597217046,130,3.3854907539118066,641
869,0.05,-344.5230769230769,1.9525,3.2914201183431953,38.664201183431956,670,80,2.4092705872521716,130,3.423076923076923,523
870,0.05,-318.6461538461539,1.8008333333333333,3.415032679738562,38.700980392156865,615,76,6.955263017319092,130,3.5637254901960786,12
871,0.05,-342.8307692307693,1.9233333333333333,3.426584234930448,38.9629057187017,652,72,6.831127436452239,130,3.5672333848531683,880
872,0.05,-330.3230769230769,1.8491666666666666,3.32398753894081,38.55451713395639,640,75,3.0735718036943496,130,3.4283489096573208,889
873,0.05,-298.21538461538466,1.7683333333333333,3.2643312101910826,38.595541401273884,628,77,2.648015358279235,130,3.4076433121019107,325
874,0.05,-322.41538461538465,1.91,3.4655172413793105,39.087774294670844,637,77,2.166327734675319,130,3.590909090909091,680
875,0.05,-325.3230769230769,1.8766666666666667,3.2139673105497772,38.545319465081725,673,77,2.1612979117460145,130,3.37592867756315,266
876,0.05,-299.95384615384614,1.6875,3.105754276827372,38.29393468118196,639,75,3.062648271403603,130,3.261275272161742,58
877,0.05,-334.26153846153846,1.9675,3.4689863842662634,38.93192133131619,667,77,2.2059586850088158,130,3.6172465960665656,328
878,0.05,-335.9384615384616,2.0216666666666665,3.421511627906977,38.752906976744185,684,79,2.609328414077776,130,3.571220930232558,666
879,0.05,-319.7538461538462,2.0058333333333334,3.437869822485207,38.819526627218934,669,79,1.7418564876170466,130,3.5976331360946747,164
880,0.05,-329.8,1.9266666666666667,3.4447852760736195,39.23006134969325,651,82,3.0381063251955824,130,3.5920245398773005,46
881,0.05,-334.0,1.875,3.1438953488372094,38.26017441860465,680,77,1.8035449850556737,130,3.267053701015965,565
882,0.05,-323.12307692307695,1.8816666666666666,3.294469357249626,38.91629297458894,678,77,8.058013778649583,130,3.4439461883408073,306
883,0.05,-337.0923076923077,1.955,3.3362573099415203,38.45906432748538,677,77,1.702115129484735,130,3.453216374269006,610
884,0.05,-310.723076923077,1.81,3.0863836017569546,38.650073206442165,676,77,1.9725064473595906,130,3.2620790629575405,2
885,0.05,-322.66153846153844,1.9308333333333334,3.3484162895927603,38.963800904977376,667,76,3.579688263566533,130,3.4811463046757165,554
886,0.05,-341.3538461538461,1.9441666666666666,3.4571865443425076,38.73241590214067,656,73,1.7985057461031295,130,3.5978593272171255,588
887,0.05,-321.0923076923077,1.7966666666666666,3.1879815100154083,38.449922958397536,651,75,2.1102811606030776,130,3.309707241910632,714
888,0.05,-276.59999999999997,1.7416666666666667,3.022222222222222,38.48148148148148,679,82,2.6757816004540182,130,3.1525925925925926,307
889,0.05,-335.9230769230769,1.9883333333333333,3.3978978978978978,38.947447447447445,676,77,7.98535705046071,130,3.521021021021021,292
890,0.05,-339.0153846153846,2.1816666666666666,3.6545718432510887,39.7489114658926,693,81,2.2409281909025416,130,3.795355587808418,837
891,0.05,-351.1846153846154,2.1083333333333334,3.74468085106383,39.31306990881459,656,77,1.9791692444046252,130,3.886018237082067,72
892,0.05,-313.24615384615385,1.7841666666666667,3.1044776119402986,38.26417910447761,677,78,2.7804670509225513,130,3.2149253731343284,681
893,0.05,-325.04615384615386,1.8066666666666666,3.156156156156156,38.27477477477478,658,74,4.939306679259476,130,3.3033033033033035,174
894,0.05,-313.9384615384615,1.8033333333333332,3.290423861852433,38.09576138147567,639,75,2.4624381128777046,130,3.427001569858713,246
895,0.05,-292.8153846153846,1.7,3.0456692913385828,38.06771653543307,634,77,3.2496545724415684,130,3.188976377952756,205
896,0.05,-321.89230769230767,1.7525,3.192429022082019,38.22555205047318,624,74,3.355729896593841,130,3.3454258675078865,699
897,0.05,-318.21538461538466,1.9025,3.3263157894736843,38.84360902255639,668,77,2.2341812471890847,130,3.457957957957958,102
898,0.05,-374.0615384615385,2.098333333333333,3.6391752577319587,39.06332842415317,671,74,2.9122603387160897,130,3.8070692194403533,499
899,0.05,-272.84615384615387,1.5791666666666666,2.8309859154929575,37.98904538341158,635,74,2.394357927222925,130,2.9327073552425666,255
