episode,epsilon,total_reward,avg_queue,avg_wait_s,avg_travel_s,throughput,switches,td_loss,q_table_states,avg_delay_s,traffic_seed
0,1.0,-3762.4461538461537,41.67666666666667,115.99238578680203,179.60406091370558,361,81,nan,,192.02153110047846,769
1,0.9945,-2353.353846153846,18.686666666666667,61.02808988764045,107.75280898876404,324,79,nan,,61.4066852367688,403
2,0.989,-3224.2923076923075,32.26583333333333,98.78100263852242,156.8258575197889,360,81,nan,,103.74102564102564,747
3,0.9835,-2925.830769230769,24.859166666666667,77.35792349726776,129.37158469945356,342,79,0.43488139519902064,,82.75461741424802,103
4,0.9781,-2884.3230769230768,32.3725,114.35045317220543,173.19939577039275,316,82,0.23964741607845785,,122.63037249283667,100
5,0.9726,-3836.953846153846,39.50083333333333,115.36440677966101,181.46045197740114,346,82,0.09531373976141484,,163.54545454545453,281
6,0.9673,-3108.1538461538457,30.14,93.01912568306011,148.28688524590163,356,83,0.015739081404613945,,112.52732240437159,155
7,0.9619,-3534.9999999999995,38.04416666666667,113.77461139896373,172.58031088082902,333,79,0.013851402094970235,,166.57004830917873,235
8,0.9566,-2581.076923076923,21.266666666666666,68.93175074183976,119.92878338278932,335,84,0.006096276071789753,,69.28783382789318,682
9,0.9513,-2907.276923076923,25.175833333333333,74.24552429667519,124.63171355498721,353,81,0.011245212110719827,,74.86967418546367,891
10,0.946,-2894.476923076923,28.3575,90.35752688172043,143.83333333333334,325,83,0.006507041731361368,,94.8046875,11
11,0.9408,-2465.2923076923075,21.488333333333333,70.90449438202248,121.56741573033707,336,80,0.012121315160083272,,72.86516853932584,444
12,0.9356,-3704.7384615384617,39.848333333333336,122.90760869565217,188.2201086956522,338,84,0.010606241366877845,,157.51989389920425,653
13,0.9304,-1980.569230769231,16.826666666666668,53.435754189944134,99.1536312849162,329,84,0.011579778370102791,,53.767313019390585,856
14,0.9253,-2748.3230769230768,29.075833333333332,94.98198198198199,147.0900900900901,317,79,0.013386029757969172,,150.314121037464,237
15,0.9202,-2549.230769230769,21.030833333333334,63.50958904109589,113.24931506849315,357,82,0.01391508173147353,,64.26502732240438,233
16,0.9151,-3143.7076923076925,30.659166666666668,92.25866666666667,148.97066666666666,358,80,0.01589850285487097,,137.71842105263158,142
17,0.91,-2969.707692307692,26.974166666666665,87.30878186968839,140.985835694051,336,80,0.01652190273242738,,87.90084985835693,485
18,0.905,-2569.507692307692,18.525833333333335,61.63823529411765,110.93235294117648,337,81,0.019321483161874407,,61.565597667638485,886
19,0.9,-2458.2,23.68,82.24451410658307,134.74294670846396,330,81,0.020089476921775897,,92.55325443786982,531
20,0.895,-2711.8461538461543,24.6125,77.49132947976878,133.67630057803467,350,82,0.022055145031389296,,87.40625,251
21,0.89,-3004.415384615385,31.235,96.15625,158.45454545454547,347,85,0.022444177556416926,,111.20775623268698,623
22,0.8851,-3521.492307692308,37.61,116.07967032967034,179.49175824175825,343,79,0.02599745646480748,,143.15508021390374,173
23,0.8802,-2619.846153846154,21.705833333333334,68.38681948424069,120.62464183381088,355,81,0.026563304941909862,,69.00573065902579,391
24,0.8753,-3502.5538461538463,33.413333333333334,107.05263157894737,162.7146814404432,345,77,0.02772847786524816,,126.55401662049861,105
25,0.8705,-2715.9384615384615,25.55,81.48695652173913,135.84057971014494,349,81,0.02921743191196234,,112.5625,822
26,0.8657,-3073.092307692308,23.59,81.40307692307692,131.40615384615384,324,79,0.030874228766634208,,81.80615384615385,286
27,0.8609,-2629.7230769230764,22.054166666666667,71.38810198300283,119.78753541076487,344,81,0.03213496489873596,,72.20113314447592,524
28,0.8561,-3147.7384615384613,31.484166666666667,107.0,167.31901840490798,310,81,0.0320708426749181,,137.03869047619048,201
29,0.8514,-3401.707692307693,30.439166666666665,86.73774509803921,143.38970588235293,386,78,0.03474641633068771,,101.37745098039215,401
30,0.8467,-2928.1384615384613,27.100833333333334,83.67631578947369,137.31052631578947,366,80,0.03279372913713247,,89.45,472
31,0.842,-2979.7692307692305,26.365833333333335,82.58288770053476,136.0133689839572,350,81,0.03528997847523503,,83.14171122994652,338
32,0.8373,-2734.3846153846157,23.833333333333332,76.52908587257618,128.0027700831025,335,79,0.03647909167487243,,80.45974025974026,360
33,0.8327,-2335.5538461538463,20.755,72.36309523809524,121.00892857142857,324,84,0.03791421139008405,,75.52678571428571,348
34,0.8281,-2983.6923076923076,28.716666666666665,94.34883720930233,146.375,315,80,0.04091006110239757,,163.6164383561644,382
35,0.8235,-2748.0,24.471666666666668,78.81714285714285,131.51714285714286,332,80,0.04219373514356729,,82.88068181818181,377
36,0.819,-3336.015384615385,34.653333333333336,104.76762402088772,165.76762402088772,362,83,0.04006820985724602,,115.0528967254408,378
37,0.8144,-2407.5384615384614,23.131666666666668,67.09470752089136,120.13649025069638,349,83,0.04022149974085034,,103.69637883008356,532
38,0.8099,-2281.2153846153847,20.06,62.72126436781609,113.37068965517241,357,81,0.04260545380950413,,74.73563218390805,611
39,0.8054,-2707.9384615384615,23.4275,71.18897637795276,121.90813648293964,358,79,0.044706333522606514,,72.02356020942409,433
40,0.801,-2885.7230769230773,26.4575,81.07692307692308,136.0557029177719,365,77,0.04352691292955435,,87.36243386243386,510
41,0.7966,-2645.8153846153846,27.135833333333334,89.55649717514125,141.6949152542373,328,79,0.045077941994641255,,109.86578947368422,69
42,0.7922,-3348.0307692307692,33.516666666666666,97.90785907859079,156.78319783197833,353,83,0.04398540219866759,,138.72135416666666,660
43,0.7878,-2101.353846153846,23.875,80.7406340057637,130.3515850144092,311,83,0.04419399651294098,,113.25280898876404,361
44,0.7834,-2715.0615384615385,23.2425,70.46683673469387,120.8061224489796,366,80,0.04297569140334767,,70.85969387755102,874
45,0.7791,-2312.2769230769227,21.663333333333334,64.68767123287671,114.38082191780822,355,82,0.04577782059637512,,71.96164383561644,5
46,0.7748,-1900.4461538461537,13.845833333333333,44.77167630057804,89.71098265895954,343,81,0.04578036500094465,,45.052023121387286,229
47,0.7705,-1852.3384615384614,13.969166666666666,47.25581395348837,91.4186046511628,333,75,0.04505377348538083,,49.21937321937322,702
48,0.7662,-2463.3076923076924,23.058333333333334,72.792,121.68,343,82,0.04216124953891287,,82.51162790697674,694
49,0.762,-2667.8923076923074,22.973333333333333,73.89722222222223,124.57222222222222,348,83,0.04254906905093697,,74.33055555555555,752
50,0.7578,-2783.9384615384615,25.9875,76.77577319587628,127.03350515463917,366,79,0.04288451829664952,,89.41943734015345,24
51,0.7536,-3447.446153846154,33.25666666666667,99.32010582010582,160.6984126984127,364,83,0.04188365681037734,,103.48062015503876,319
52,0.7494,-1934.8769230769233,15.7825,52.63841807909605,100.50847457627118,349,83,0.04186589330143141,,54.29943502824859,893
53,0.7453,-2524.3538461538465,25.48,80.79320113314448,132.0056657223796,340,81,0.04037630730546482,,112.77903682719547,321
54,0.7411,-1888.4615384615383,15.639166666666666,51.69859154929578,95.59718309859154,336,78,0.04170706242425616,,56.51336898395722,676
55,0.737,-3115.523076923077,32.056666666666665,94.35175879396985,149.74371859296483,371,80,0.044742583177751635,,100.51105651105651,813
56,0.733,-2673.3230769230768,28.106666666666666,91.68857142857142,145.62285714285716,318,84,0.042063747428701725,,108.70170454545455,824
57,0.7289,-2364.4461538461537,22.354166666666668,75.3735632183908,124.63793103448276,340,83,0.044379496322557006,,79.04022988505747,803
58,0.7249,-2278.0,22.99,67.0859375,121.6875,368,85,0.04292845508355259,,81.98958333333333,337
59,0.7209,-2760.6769230769232,27.768333333333334,92.06571428571428,148.33714285714285,332,79,0.04148472078720265,,100.96551724137932,27
60,0.7169,-2669.984615384615,25.678333333333335,82.20879120879121,132.6098901098901,335,80,0.04344903599944281,,84.16266666666667,324
61,0.7129,-1921.1076923076919,17.54,59.19827586206897,104.60919540229885,333,82,0.04367510939431146,,63.7816091954023,372
62,0.709,-2086.4769230769225,18.775833333333335,63.809248554913296,109.34104046242774,322,80,0.04365539786121897,,64.82947976878613,279
63,0.705,-2607.1846153846154,25.241666666666667,78.35185185185185,127.01322751322752,345,78,0.042850343223022336,,87.93650793650794,555
64,0.7011,-3031.6615384615384,30.2725,89.23466666666667,140.416,346,79,0.04375261009574538,,126.62982005141389,125
65,0.6973,-2572.123076923077,27.434166666666666,88.2,140.2277777777778,333,81,0.041564313577421776,,111.52777777777777,523
66,0.6934,-2362.6153846153848,21.223333333333333,70.0606936416185,117.22832369942196,322,79,0.04170146654443699,,71.50578034682081,118
67,0.6896,-2487.7076923076925,22.954166666666666,72.66483516483517,123.18131868131869,352,80,0.04234917008289729,,77.89784946236558,266
68,0.6858,-2655.8923076923074,23.516666666666666,73.86629526462396,125.59331476323119,357,82,0.04445608713019827,,76.25348189415041,689
69,0.682,-2645.661538461539,25.68166666666667,75.72700296735906,127.34718100890208,325,78,0.043584391415223155,,141.94262295081967,343
70,0.6782,-2574.953846153846,27.953333333333333,95.06231454005935,146.27893175074183,313,80,0.04368232877133052,,136.9150684931507,614
71,0.6744,-1733.076923076923,16.220833333333335,57.90092879256966,102.82972136222911,310,80,0.04430959258651169,,60.10857142857143,207
72,0.6707,-2234.1076923076926,18.6275,56.31842105263158,105.39473684210526,371,79,0.04388835086575922,,57.15926892950392,200
73,0.667,-2681.276923076923,26.848333333333333,86.14441416893733,139.24795640326977,352,80,0.04208762563092645,,108.67875647668394,883
74,0.6633,-1718.0153846153846,12.590833333333334,41.42651296829971,82.51296829971182,335,80,0.040563976515097175,,41.44126074498568,885
75,0.6596,-2473.753846153846,25.435,78.38630136986302,128.04383561643834,336,83,0.04170502663207992,,105.64383561643835,399
76,0.656,-2798.3230769230768,27.024166666666666,93.02601156069365,142.5491329479769,303,80,0.04369605709990085,,97.7041095890411,232
77,0.6524,-2722.9846153846156,26.004166666666666,80.6890756302521,133.04761904761904,343,79,0.044399284625001076,,85.76815642458101,554
78,0.6487,-2568.030769230769,20.885833333333334,64.32336956521739,109.5570652173913,363,76,0.043573990434149945,,64.82113821138212,559
79,0.6452,-2031.9846153846152,19.048333333333332,64.48387096774194,112.00293255131965,323,79,0.04310668520750241,,65.58238636363636,615
80,0.6416,-2526.5230769230775,26.3675,80.20618556701031,131.4742268041237,365,83,0.04160099725546859,,134.34866828087166,587
81,0.638,-2197.769230769231,22.2125,74.4338028169014,123.10704225352113,323,80,0.04178911677334586,,81.12121212121212,231
82,0.6345,-1880.8,16.8275,55.85674157303371,101.48314606741573,320,80,0.043964494373909375,,56.35068493150685,407
83,0.631,-2248.2,20.240833333333335,66.67647058823529,113.36470588235294,332,80,0.043907417839044206,,74.94524495677233,258
84,0.6275,-2538.3230769230768,25.74416666666667,78.45945945945945,129.05675675675676,336,78,0.04622246887191157,,93.74202127659575,150
85,0.624,-2099.9076923076927,19.3375,62.31666666666667,111.46388888888889,343,81,0.044539974347364765,,65.22826086956522,435
86,0.6206,-2297.5846153846155,20.7525,62.135897435897434,107.8076923076923,369,77,0.045551294924555064,,72.15384615384616,309
87,0.6171,-1943.430769230769,14.4025,45.65689149560117,89.73607038123167,343,79,0.047452647797712674,,45.94721407624633,339
88,0.6137,-2358.0615384615385,22.596666666666668,69.70571428571428,125.45428571428572,350,82,0.04478045678607563,,88.73698630136987,414
89,0.6103,-2364.6000000000004,22.625833333333333,74.0965909090909,124.3409090909091,334,77,0.04376899360516611,,84.64204545454545,397
90,0.607,-2306.0923076923077,23.795,74.14411764705882,126.16470588235295,336,83,0.04390782070400517,,139.95518207282913,793
91,0.6036,-2765.215384615384,28.35333333333333,84.62140992167102,138.77284595300262,359,84,0.04578924221804388,,116.45169712793734,796
92,0.6003,-2086.8,19.05666666666667,61.38186813186813,108.78846153846153,333,83,0.04372560118451303,,62.47554347826087,670
93,0.5969,-1699.1538461538462,14.250833333333333,45.494565217391305,92.03260869565217,356,82,0.04360134480089011,,50.43882978723404,151
94,0.5936,-1990.7692307692305,18.66583333333333,58.02139037433155,101.27807486631016,357,81,0.044506392815798664,,58.577127659574465,766
95,0.5904,-2205.584615384616,25.036666666666665,76.2021563342318,128.86253369272237,359,85,0.044752455503722,,122.15938303341902,564
96,0.5871,-2336.876923076923,22.15,74.34770114942529,123.96264367816092,333,82,0.046054923854069674,,77.72126436781609,503
97,0.5838,-2309.1076923076926,22.71,73.13736263736264,124.25,341,83,0.04629218375687677,,79.0,780
98,0.5806,-1567.230769230769,11.179166666666667,36.78658536585366,79.42073170731707,329,79,0.04293423264902446,,37.00914634146341,334
99,0.5774,-2077.8307692307694,18.45916666666667,57.133159268929504,100.42297650130548,342,78,0.04611256289949597,,60.15609756097561,492
100,0.5742,-1927.646153846154,14.9325,45.509186351706035,89.10236220472441,376,82,0.04593913931333368,,45.79527559055118,366
101,0.571,-2223.0,22.155833333333334,69.55437665782493,118.47480106100795,361,81,0.044496829996139464,,83.28116710875332,783
102,0.5679,-1476.9692307692308,11.1525,36.88793103448276,78.07183908045977,332,78,0.04562745290172371,,37.22841225626741,230
103,0.5647,-2129.5692307692307,22.638333333333332,75.67521367521367,127.01139601139602,329,83,0.04312018117579806,,104.32311977715878,58
104,0.5616,-1973.1076923076923,22.10333333333333,73.29394812680115,123.3256484149856,334,84,0.04372321184735106,,107.78,649
105,0.5585,-2058.507692307692,20.49,60.60401002506266,108.48370927318295,365,82,0.04145034843744659,,65.55112219451371,736
106,0.5554,-1669.7846153846153,13.328333333333333,44.03351955307262,90.02234636871508,343,79,0.041897727858177435,,44.43016759776536,271
107,0.5523,-1942.8615384615384,18.774166666666666,62.20630372492837,107.50429799426934,337,80,0.04007408550717637,,64.46418338108883,352
108,0.5493,-2211.3076923076924,21.621666666666666,68.76294277929155,117.92370572207085,351,81,0.041985739549755575,,72.15258855585832,522
109,0.5462,-1874.3384615384614,19.104166666666668,62.04,110.62,342,81,0.04164355700221272,,76.08571428571429,346
110,0.5432,-2382.369230769231,22.454166666666666,65.19371727748691,113.41361256544502,373,78,0.04154330019619162,,70.93455497382199,834
111,0.5402,-2012.7076923076925,18.581666666666667,61.13841807909605,104.92655367231639,330,81,0.04028565078484325,,61.954802259887,137
112,0.5372,-1747.8000000000002,14.773333333333333,48.97953216374269,95.97368421052632,346,78,0.04003796890253521,,52.28947368421053,365
113,0.5343,-2006.2153846153847,20.9575,69.3529411764706,118.66176470588235,340,82,0.039911667366386995,,84.63529411764706,749
114,0.5313,-1986.3230769230772,20.779166666666665,66.50677506775068,113.18428184281842,347,81,0.039634537964365675,,73.89430894308943,700
115,0.5284,-2012.5692307692307,23.234166666666667,75.6969696969697,120.32782369146005,344,84,0.03960988198772278,,110.03350515463917,791
116,0.5254,-1504.0461538461539,11.4725,38.26571428571429,80.66571428571429,353,76,0.04072412612231091,,38.68857142857143,717
117,0.5225,-1391.430769230769,10.665833333333333,35.26330532212885,77.13725490196079,345,81,0.03881418262410035,,35.490196078431374,605
118,0.5196,-2169.646153846154,19.62,65.91066282420749,114.34005763688761,332,79,0.03792893124327715,,70.22408963585434,547
119,0.5168,-1725.9846153846152,12.525,38.973837209302324,81.56976744186046,339,76,0.0371680022801894,,39.241279069767444,724
120,0.5139,-1986.6615384615382,21.451666666666668,66.22102425876011,113.8355795148248,355,82,0.03883619964018578,,74.45576407506702,448
121,0.5111,-2259.784615384616,24.3875,73.77595628415301,120.4207650273224,351,80,0.03874297615818957,,120.44444444444444,529
122,0.5082,-1156.6,8.4325,28.732558139534884,68.84011627906976,336,79,0.03776128573906429,,28.840579710144926,651
123,0.5054,-2359.553846153846,22.18,67.61640211640211,114.43121693121694,354,82,0.03860945133588299,,76.0,808
124,0.5026,-2364.1538461538457,22.944166666666668,71.16971279373368,116.82767624020887,358,79,0.03843738772686169,,75.38520408163265,227
125,0.4998,-1581.5538461538463,12.129166666666666,37.38746438746439,80.72649572649573,353,80,0.037983071602426324,,37.79202279202279,434
126,0.4971,-2315.6,21.860833333333332,66.8041775456919,115.4177545691906,364,81,0.03812404452919499,,67.57291666666667,471
127,0.4943,-1410.0307692307692,10.93,34.51851851851852,77.13675213675214,356,79,0.038978853898408806,,34.81196581196581,872
128,0.4916,-2061.3538461538465,18.30666666666667,55.126315789473686,101.38421052631578,369,79,0.03926106495427127,,59.10909090909091,505
129,0.4889,-2339.046153846153,24.2075,75.30890052356021,123.06544502617801,354,82,0.037066809776083905,,89.46858638743456,413
130,0.4862,-3027.046153846154,29.5875,91.43650793650794,144.54232804232805,362,80,0.03689806525714034,,96.85309278350516,658
131,0.4835,-1375.3846153846152,11.085833333333333,36.722063037249285,77.00859598853869,328,79,0.03770443293972679,,37.58379888268156,364
132,0.4808,-1135.5384615384614,8.261666666666667,27.025280898876403,66.63202247191012,348,79,0.03748927531382974,,27.323033707865168,756
133,0.4781,-2831.707692307692,26.913333333333334,75.28219178082192,127.35342465753425,380,79,0.03969417765828179,,82.90958904109588,29
134,0.4755,-1806.1538461538462,18.259166666666665,59.48467966573816,103.45682451253482,353,81,0.03857144337286217,,70.34196891191709,537
135,0.4729,-2238.923076923077,21.036666666666665,69.51944444444445,117.91111111111111,337,80,0.03763744279649486,,69.86827956989248,493
136,0.4703,-1873.0461538461539,17.471666666666668,56.28453038674033,102.89502762430939,345,81,0.03762240798930386,,65.09116022099448,897
137,0.4677,-1345.123076923077,9.935833333333333,30.63583815028902,72.08092485549133,350,81,0.03560367597955908,,30.803468208092486,719
138,0.4651,-2026.8153846153843,14.856666666666667,48.412921348314605,92.61235955056179,350,75,0.037834968773620935,,48.848314606741575,284
139,0.4625,-1893.1846153846152,19.191666666666666,64.64022662889518,108.72521246458923,324,82,0.036330294319068035,,67.12290502793296,6
140,0.4599,-1677.5846153846153,15.3825,46.289002557544755,88.42455242966751,352,83,0.03606847891992905,,46.9386189258312,214
141,0.4574,-1564.8923076923074,11.355833333333333,36.178082191780824,77.9013698630137,354,81,0.034957531973913256,,36.42739726027397,753
142,0.4549,-2546.8461538461543,27.916666666666668,87.66756756756757,137.83243243243243,356,80,0.03301377970796395,,103.70886075949367,622
143,0.4523,-1372.9692307692308,10.211666666666666,33.91737891737892,75.82051282051282,348,77,0.034336811490487444,,35.35327635327636,449
144,0.4498,-2281.076923076923,22.878333333333334,71.21727019498607,121.5849582172702,363,81,0.03360394859700845,,77.05849582172702,577
145,0.4474,-1634.753846153846,11.645833333333334,36.91907514450867,78.54913294797687,355,78,0.03384290044566102,,37.115606936416185,854
146,0.4449,-2330.9692307692308,19.288333333333334,60.55347593582888,106.57219251336899,372,76,0.03607440140825027,,61.588235294117645,166
147,0.4424,-1840.3384615384614,16.608333333333334,52.06521739130435,97.63586956521739,356,83,0.036441869442073394,,52.72043010752688,600
148,0.44,-1429.1230769230772,14.523333333333333,45.82666666666667,89.07733333333333,348,84,0.0369695410939175,,47.52785145888594,665
149,0.4375,-1452.6769230769232,10.313333333333333,32.65096952908587,73.18559556786704,358,79,0.035739282977897316,,32.83656509695291,654
150,0.4351,-1509.246153846154,11.529166666666667,36.28610354223433,76.20980926430518,354,78,0.03598595204755971,,36.40489130434783,425
151,0.4327,-1190.6153846153848,8.5625,28.44092219020173,68.54178674351586,340,80,0.03493934588550968,,28.61671469740634,393
152,0.4303,-1269.9692307692308,9.174166666666666,30.03601108033241,72.00554016620498,354,78,0.034520219196962486,,30.248618784530386,650
153,0.4279,-2450.4769230769234,24.69,75.22047244094489,126.04199475065617,367,81,0.03421442481974015,,81.51804123711341,890
154,0.4256,-1566.107692307692,10.975,35.605633802816904,77.4169014084507,360,78,0.03491583583803797,,35.87042253521127,708
155,0.4232,-2507.123076923077,25.865,79.46649484536083,126.33762886597938,358,83,0.03435336959129257,,94.8075,63
156,0.4209,-2046.5846153846155,20.220833333333335,60.20506329113924,104.17215189873417,368,78,0.03421431930456486,,64.30478589420655,80
157,0.4185,-2288.0,25.273333333333333,80.45098039215686,131.14285714285714,351,83,0.033439369380395,,108.69505494505495,40
158,0.4162,-1513.2307692307693,10.309166666666666,32.56703910614525,73.94134078212291,365,78,0.035620882020436104,,32.88268156424581,111
159,0.4139,-1757.9076923076923,13.800833333333333,43.537234042553195,84.81117021276596,360,76,0.035118556624316434,,43.787234042553195,168
160,0.4116,-2410.661538461539,26.946666666666665,80.53571428571429,128.2295918367347,353,83,0.03459446543051418,,105.59619952494062,788
161,0.4094,-1492.3076923076924,11.453333333333333,36.581460674157306,78.45224719101124,351,76,0.036175188505664146,,39.631147540983605,423
162,0.4071,-2357.6153846153848,22.001666666666665,67.58265582655827,117.23848238482385,379,78,0.03647950819999235,,69.92140921409214,316
163,0.4048,-1396.6153846153848,10.493333333333334,32.54959785522788,72.98123324396782,361,79,0.03699708392042766,,32.79892761394102,252
164,0.4026,-1892.7846153846153,13.950833333333334,42.254189944134076,86.89664804469274,376,80,0.03543015191667093,,43.61731843575419,234
165,0.4004,-2620.3230769230768,26.414166666666667,79.68337730870712,124.44854881266491,367,81,0.03556468594700647,,104.405,452
166,0.3982,-953.6,6.225833333333333,21.523809523809526,60.226190476190474,322,79,0.03562976694718766,,21.839285714285715,633
167,0.396,-1017.6769230769231,6.255,21.11111111111111,59.94294294294294,330,79,0.035766561880324864,,21.345345345345347,488
168,0.3938,-1335.076923076923,8.973333333333333,29.43943661971831,69.06760563380281,348,77,0.03722752763094846,,29.60112359550562,355
169,0.3916,-1278.230769230769,10.1325,34.23919308357349,75.0749279538905,325,79,0.03683696489787396,,34.55211267605634,548
170,0.3894,-2038.4153846153845,21.865833333333335,68.34920634920636,114.96296296296296,353,81,0.037375977384723647,,84.4147582697201,169
171,0.3873,-2029.0615384615385,15.745833333333334,46.76486486486486,93.92162162162163,382,76,0.03638251609238546,,50.810810810810814,312
172,0.3851,-1658.5076923076922,13.046666666666667,41.75690607734806,84.9060773480663,354,78,0.03632531386908537,,42.052486187845304,193
173,0.383,-1418.9846153846154,10.258333333333333,32.080428954423596,73.6970509383378,374,78,0.03501534697454819,,32.35924932975871,211
174,0.3809,-1389.4153846153845,11.836666666666666,39.564841498559076,83.01729106628243,345,79,0.03382782157823759,,40.43804034582133,880
175,0.3788,-2078.4307692307693,24.505,80.97134670487107,127.64756446991404,344,84,0.035263632747518134,,107.14973262032086,551
176,0.3767,-1499.6615384615384,11.649166666666666,37.899441340782126,81.59776536312849,353,79,0.033794642031232294,,38.36871508379888,778
177,0.3746,-1720.923076923077,13.9775,43.90450928381963,86.47745358090185,365,77,0.03504036117362378,,45.07957559681697,712
178,0.3725,-2268.492307692308,22.2,67.29015544041451,113.92487046632124,378,78,0.033980237276175086,,70.65544041450777,238
179,0.3705,-1144.2153846153847,8.540833333333333,27.024128686327078,67.4798927613941,372,81,0.03571475353016969,,27.273458445040216,553
180,0.3684,-1669.8615384615387,13.899166666666666,46.45614035087719,90.42397660818713,346,81,0.03515791339916668,,46.751461988304094,512
181,0.3664,-1650.2615384615385,13.888333333333334,43.73424657534247,86.91780821917808,354,77,0.03717629401748191,,43.859078590785906,540
182,0.3643,-1354.5692307692307,9.774166666666666,32.90830945558739,72.82808022922636,334,83,0.03701151319667794,,33.08571428571429,546
183,0.3623,-1344.6923076923076,10.59,30.466487935656836,72.78016085790885,368,75,0.036660702115221724,,31.4343163538874,387
184,0.3603,-1184.2923076923075,8.6,28.10803324099723,68.59279778393352,347,79,0.03607004136334282,,28.390581717451525,586
185,0.3583,-1583.3846153846155,12.178333333333333,37.29090909090909,80.53506493506494,363,81,0.035533868208660155,,37.5440414507772,398
186,0.3563,-1697.8000000000002,11.605833333333333,37.25284090909091,81.03125,358,82,0.03535904512604193,,37.52272727272727,380
187,0.3544,-2022.230769230769,18.3825,58.43126684636118,105.08625336927224,352,77,0.035463650296778136,,61.763925729442974,695
188,0.3524,-1749.0,17.6675,54.876640419947506,102.96062992125984,364,82,0.03759851104974113,,63.28871391076115,699
189,0.3505,-1338.3692307692309,8.553333333333333,27.282122905027933,67.87988826815642,365,75,0.03440297258316495,,27.472067039106147,185
190,0.3485,-1565.2,13.126666666666667,40.56282722513089,83.73821989528795,369,82,0.034631622004746156,,41.26701570680628,757
191,0.3466,-1316.2000000000003,9.788333333333334,31.336158192090394,71.63559322033899,361,75,0.03455047100290168,,31.573446327683616,690
192,0.3447,-1375.107692307692,10.1575,31.666666666666668,73.52845528455285,374,80,0.03360352203076529,,31.89159891598916,681
193,0.3428,-2167.492307692308,24.199166666666667,74.6151832460733,121.34293193717278,357,80,0.034375686557583454,,101.82205513784461,89
194,0.3409,-2197.1230769230765,20.0725,58.434889434889435,104.55528255528256,381,80,0.03423513338573018,,67.46078431372548,735
195,0.339,-2070.6461538461535,17.6425,53.560526315789474,99.61315789473684,374,81,0.03592074852273782,,54.11052631578947,850
196,0.3371,-1654.8461538461536,13.216666666666667,39.154666666666664,83.64533333333334,369,78,0.03407378912739464,,50.22774869109948,81
197,0.3352,-1788.6615384615388,21.174166666666668,64.27631578947368,108.29473684210527,373,85,0.03537279121936116,,76.8388746803069,23
198,0.3334,-1927.3538461538456,22.008333333333333,67.03448275862068,110.29442970822281,365,84,0.03516383479558335,,79.8473282442748,262
199,0.3315,-1312.6307692307691,9.106666666666667,29.07777777777778,69.11666666666666,359,74,0.03605015350314484,,29.27777777777778,730
200,0.3297,-1510.4461538461537,13.494166666666667,41.91338582677165,84.62992125984252,358,81,0.0359128993164615,,48.507462686567166,718
201,0.3279,-1151.123076923077,8.106666666666667,27.271386430678465,67.3126843657817,344,78,0.034778762746119414,,27.44542772861357,841
202,0.3261,-1451.2923076923075,9.850833333333334,28.093994778067884,67.56135770234987,362,78,0.0360434315105145,,28.309895833333332,65
203,0.3243,-1330.8461538461538,9.484166666666667,30.866295264623954,71.52367688022284,358,77,0.03664834954844166,,31.06685236768802,481
204,0.3225,-1524.046153846154,11.560833333333333,34.699208443271765,76.11345646437995,373,80,0.03621901676676611,,34.9868073878628,368
205,0.3207,-1204.8153846153846,9.225,30.648255813953487,71.75872093023256,346,82,0.0354588409487404,,30.8546511627907,465
206,0.3189,-1916.4615384615386,16.7175,51.99470899470899,99.41534391534391,381,75,0.036281150189010396,,56.08201058201058,367
207,0.3172,-2093.984615384615,22.465,68.45430809399478,112.72584856396867,367,83,0.03632636740750225,,80.92131979695432,542
208,0.3154,-1590.0615384615385,11.761666666666667,37.118840579710145,81.59130434782608,359,77,0.036587822285634904,,39.2463768115942,533
209,0.3137,-1098.753846153846,8.880833333333333,28.926345609065155,67.24645892351275,332,79,0.03793588507396399,,29.901408450704224,530
210,0.3119,-1375.3999999999999,10.065,31.72554347826087,72.23097826086956,344,80,0.03670983631275293,,32.00815217391305,500
211,0.3102,-2004.2153846153847,22.325833333333332,67.85233160621762,111.34196891191709,362,82,0.0369605187119709,,82.84461152882206,213
212,0.3085,-1227.1692307692308,8.470833333333333,26.355371900826448,65.96143250688705,361,78,0.037612474445438755,,26.581267217630852,388
213,0.3068,-1278.9384615384615,8.401666666666667,26.53846153846154,68.19505494505495,375,77,0.03623007925694288,,26.75824175824176,223
214,0.3051,-2411.630769230769,24.10333333333333,70.42779291553134,121.11444141689373,371,78,0.03651974314807159,,90.56948228882834,715
215,0.3034,-1160.8461538461538,9.779166666666667,33.36734693877551,76.09037900874635,349,82,0.03570158242606411,,33.89212827988338,603
216,0.3017,-1543.1384615384613,12.11,36.58904109589041,79.01095890410959,365,79,0.034296948360926255,,37.02465753424657,7
217,0.3,-1373.6,11.425,35.45888594164456,76.52785145888595,360,80,0.03421730748562612,,35.651041666666664,158
218,0.2984,-1017.276923076923,6.493333333333333,23.10703363914373,63.40672782874618,328,78,0.03384080219441865,,23.394495412844037,60
219,0.2967,-1382.7846153846153,10.115,30.845549738219894,71.77748691099477,366,76,0.033593838260763814,,31.13612565445026,466
220,0.2951,-1015.3384615384615,7.495833333333334,24.41046831955923,62.69146005509642,341,80,0.03286808145389502,,24.554945054945055,143
221,0.2935,-1396.0,10.5025,33.92011019283746,74.22314049586777,350,78,0.03343337368715962,,34.15151515151515,426
222,0.2918,-1377.5384615384614,11.874166666666667,37.13903743315508,75.94385026737967,351,80,0.033813350794532446,,37.518716577540104,420
223,0.2902,-1316.8307692307692,7.8775,25.22284122562674,64.54317548746518,362,75,0.03400550562222175,,25.465181058495823,877
224,0.2886,-1117.1692307692306,7.958333333333333,26.443804034582133,66.51585014409221,345,76,0.03403135351142281,,26.608069164265128,132
225,0.287,-1129.246153846154,7.956666666666667,24.322751322751323,63.526455026455025,362,81,0.033839372567376264,,24.54232804232804,436
226,0.2854,-745.1846153846154,5.725,18.84313725490196,57.627450980392155,346,83,0.03393998661279876,,19.089635854341736,635
227,0.2838,-1504.7846153846153,11.403333333333334,34.10485933503836,76.98976982097187,374,77,0.03423879112424872,,35.04325699745547,895
228,0.2823,-988.2923076923076,6.6875,22.867469879518072,62.596385542168676,340,79,0.033243288887738434,,23.10542168674699,228
229,0.2807,-1495.4153846153847,14.248333333333333,44.526595744680854,86.5,373,80,0.032768653951492525,,46.09814323607427,892
230,0.2792,-1256.6461538461538,8.303333333333333,26.824175824175825,67.3021978021978,348,79,0.03390669876797013,,27.00824175824176,342
231,0.2776,-1463.7846153846153,12.393333333333333,39.988980716253444,83.4435261707989,355,81,0.033902309800294135,,40.247933884297524,474
232,0.2761,-1324.6923076923076,9.609166666666667,29.642857142857142,71.35714285714286,380,78,0.03294265905316252,,29.87037037037037,197
233,0.2746,-2393.9384615384615,23.761666666666667,70.58021390374331,121.78877005347593,366,81,0.03351453133546935,,109.13636363636364,133
234,0.273,-1225.2153846153847,8.366666666666667,25.610966057441253,64.63185378590079,365,74,0.03365869701579486,,25.798955613577025,167
235,0.2715,-1193.3076923076924,8.6525,28.339943342776206,69.37393767705383,351,80,0.03273137101346875,,28.555240793201133,301
236,0.27,-1435.2923076923078,10.756666666666666,34.73109243697479,77.97478991596638,358,84,0.03302641459120592,,35.00280112044818,16
237,0.2685,-1233.2153846153847,8.751666666666667,27.89325842696629,67.52808988764045,356,79,0.03316731911217435,,28.064425770308123,120
238,0.267,-1013.476923076923,6.8825,23.816816816816818,63.7987987987988,336,75,0.034326632202570075,,24.066066066066067,3
239,0.2656,-2439.015384615385,23.960833333333333,70.46073298429319,119.90052356020942,377,78,0.034107548643307374,,81.16710182767623,217
240,0.2641,-1508.246153846154,15.298333333333334,48.32707774798928,90.30026809651474,362,83,0.03232251215224948,,63.56140350877193,508
241,0.2626,-1646.9076923076923,14.851666666666667,47.247252747252745,92.81318681318682,348,80,0.03143597314112163,,48.81182795698925,479
242,0.2612,-1191.6153846153848,8.840833333333334,27.947945205479453,67.57534246575342,358,80,0.0327665802378428,,28.123287671232877,224
243,0.2597,-1654.3692307692306,14.169166666666667,44.33783783783784,88.57027027027027,363,79,0.032742479930025006,,44.70540540540541,740
244,0.2583,-1917.6,14.058333333333334,41.159383033419026,85.4987146529563,389,76,0.034207152783727796,,41.40874035989717,868
245,0.2569,-1011.5999999999999,6.695,21.801136363636363,60.48579545454545,344,75,0.03322317610837006,,22.082386363636363,477
246,0.2555,-1050.076923076923,6.7775,22.392215568862277,61.81437125748503,342,82,0.0333362943336425,,22.62574850299401,320
247,0.254,-1197.0923076923077,8.049166666666666,25.27027027027027,65.03513513513514,371,78,0.03404121890699696,,25.47027027027027,597
248,0.2526,-961.5692307692308,6.069166666666667,20.191304347826087,59.53333333333333,347,76,0.032636630680544544,,20.452173913043477,539
249,0.2512,-1476.6615384615384,10.438333333333333,32.501333333333335,75.20266666666667,367,82,0.03249565702454909,,32.757333333333335,129
250,0.2498,-1331.3076923076924,9.328333333333333,27.917333333333332,68.328,372,77,0.03172216400862845,,28.12928759894459,845
251,0.2485,-1059.4,6.724166666666667,21.635327635327634,61.17094017094017,360,79,0.032851216817923114,,21.84090909090909,314
252,0.2471,-1419.8461538461538,10.9775,34.416666666666664,75.51612903225806,360,77,0.032363013773752405,,34.88172043010753,721
253,0.2457,-1414.2615384615385,11.04,35.964383561643835,79.41095890410959,365,77,0.03213992041571872,,36.74246575342466,606
254,0.2444,-955.769230769231,6.745833333333334,22.095238095238095,61.55742296918768,351,78,0.031033966506156807,,22.327731092436974,809
255,0.243,-955.1384615384615,6.306666666666667,21.24251497005988,59.51197604790419,335,78,0.03192509710125592,,21.513432835820897,87
256,0.2417,-795.8615384615384,5.759166666666666,18.58100558659218,56.701117318435756,348,81,0.032084511750035634,,18.821229050279328,589
257,0.2403,-1149.1692307692308,8.203333333333333,26.83943661971831,66.83098591549296,355,79,0.03293137456810564,,26.991549295774647,599
258,0.239,-1149.123076923077,8.208333333333334,25.750670241286862,66.87935656836461,370,75,0.032127375884351765,,26.05898123324397,268
259,0.2377,-1150.0769230769233,7.424166666666666,23.631436314363143,63.31978319783198,366,74,0.033378093977525614,,23.84281842818428,896
260,0.2364,-1186.0153846153844,7.695,23.8475935828877,63.23262032085562,362,74,0.031166086867683917,,24.074866310160427,887
261,0.2351,-1991.123076923077,15.2925,42.862337662337666,88.37662337662337,396,74,0.03165262579583242,,43.53766233766234,62
262,0.2338,-776.3692307692309,5.175833333333333,17.055072463768116,56.266666666666666,350,76,0.03338762173106502,,17.255072463768116,557
263,0.2325,-1679.1384615384613,13.463333333333333,39.70454545454545,81.67676767676768,382,77,0.03443855496284552,,40.20792079207921,746
264,0.2312,-1706.6923076923076,10.79,29.497237569060772,72.21270718232044,387,73,0.03319250349326242,,30.395027624309392,323
265,0.2299,-1648.0,11.33,33.89769820971867,76.98976982097187,392,74,0.033909893804957264,,34.13299232736573,596
266,0.2286,-1125.246153846154,7.17,22.64367816091954,62.69252873563219,362,78,0.03279426126099519,,22.919540229885058,667
267,0.2274,-1204.6615384615386,9.081666666666667,26.723785166240408,66.8925831202046,384,73,0.033797684485358956,,26.938618925831204,643
268,0.2261,-1067.1692307692306,7.1375,22.773224043715846,61.76775956284153,358,79,0.03518950869413801,,22.961748633879782,162
269,0.2249,-1060.6153846153848,7.3525,23.63157894736842,63.53185595567867,360,82,0.034057115907262146,,23.859116022099446,351
270,0.2236,-1255.0923076923077,11.425833333333333,35.86058981233244,77.91689008042896,356,80,0.03369185848232048,,37.222811671087534,347
271,0.2224,-1192.5538461538463,8.6075,29.616519174041297,71.8023598820059,339,75,0.033059250064886865,,30.61061946902655,119
272,0.2211,-2055.8923076923074,14.675833333333333,46.72086720867209,91.73441734417344,372,75,0.03449742471052703,,46.951219512195124,497
273,0.2199,-1618.9230769230771,13.216666666666667,37.57002457002457,79.54545454545455,396,75,0.03288583882758437,,38.82885085574572,298
274,0.2187,-1701.1076923076923,11.839166666666667,34.15503875968992,75.54263565891473,381,75,0.03500881705509244,,34.35658914728682,706
275,0.2175,-1165.3230769230768,7.7283333333333335,23.871052631578948,63.79210526315789,374,77,0.03247299963487475,,24.11578947368421,616
276,0.2163,-1021.9076923076923,7.135,23.027855153203344,62.7075208913649,356,80,0.03317666093209225,,23.197771587743734,714
277,0.2151,-1295.4923076923078,9.140833333333333,28.30079155672823,68.72823218997361,367,75,0.032287921177239984,,28.551451187335093,13
278,0.2139,-1330.9538461538461,10.096666666666666,31.40909090909091,72.66310160427807,361,75,0.03376381553593086,,31.810160427807485,843
279,0.2127,-964.2,6.696666666666666,22.270893371757925,61.221902017291065,343,79,0.031838896550684774,,22.527377521613833,146
280,0.2115,-1125.646153846154,7.611666666666666,23.440633245382585,62.89709762532981,377,73,0.03117730365089722,,23.66315789473684,161
281,0.2104,-1116.1076923076923,7.29,21.652291105121293,61.455525606469,371,74,0.030801041153155236,,21.89757412398922,75
282,0.2092,-1157.892307692308,8.239166666666666,25.7289972899729,64.71544715447155,359,77,0.03209614441395039,,25.981029810298104,871
283,0.208,-1315.6,9.2325,27.68831168831169,67.68311688311688,377,74,0.031683110697159046,,27.8419689119171,113
284,0.2069,-1252.6153846153848,8.586666666666666,26.40369393139842,66.38786279683377,375,75,0.032878620729499056,,26.670184696569923,124
285,0.2058,-1039.6307692307691,8.365833333333333,26.118279569892472,65.79838709677419,362,78,0.030740239309217262,,26.526881720430108,777
286,0.2046,-1130.523076923077,8.060833333333333,24.86756756756757,63.95945945945946,364,80,0.032473280815069845,,25.17027027027027,108
287,0.2035,-966.7384615384617,7.053333333333334,21.36842105263158,61.0,368,79,0.031005725898534564,,21.68421052631579,451
288,0.2024,-1142.8153846153846,8.135833333333334,24.53488372093023,64.37726098191214,375,81,0.03014277315814912,,24.74935400516796,196
289,0.2012,-1153.0923076923077,7.246666666666667,22.698924731182796,61.594086021505376,368,77,0.03177050744835693,,22.989247311827956,64
290,0.2001,-1325.876923076923,11.284166666666666,34.93121693121693,76.97883597883597,363,80,0.03115384184150829,,36.05291005291005,165
291,0.199,-1447.876923076923,10.538333333333334,31.397905759162303,73.38743455497382,380,79,0.03126690369487623,,31.649214659685864,412
292,0.1979,-1096.7384615384615,7.43,23.516574585635357,63.607734806629836,363,75,0.03049751741062193,,23.7292817679558,335
293,0.1968,-1700.6307692307691,12.204166666666667,37.0026525198939,78.81962864721486,380,75,0.030322394377176116,,37.39522546419098,617
294,0.1957,-1585.5538461538463,11.203333333333333,34.258397932816536,77.04651162790698,375,74,0.03093807928174157,,34.59173126614987,325
295,0.1946,-1217.6615384615384,8.01,24.645604395604394,65.26648351648352,369,76,0.029995482427224156,,24.947802197802197,26
296,0.1936,-1354.476923076923,8.6975,27.457971014492752,68.90144927536232,346,79,0.02994768807052057,,27.655072463768114,51
297,0.1925,-1520.9230769230771,11.248333333333333,31.975550122249388,73.9242053789731,410,75,0.029841787314556025,,32.261613691931544,431
298,0.1914,-1032.230769230769,7.635,24.88888888888889,65.44166666666666,359,82,0.028297234888620775,,25.258333333333333,570
299,0.1904,-932.1846153846154,6.670833333333333,22.213256484149856,61.85014409221902,357,79,0.02750398486640596,,22.40057636887608,73
300,0.1893,-1382.046153846154,9.675,28.642045454545453,70.6846590909091,366,78,0.027189074881716915,,28.90909090909091,602
301,0.1883,-964.9846153846153,6.769166666666667,23.14327485380117,63.18421052631579,342,75,0.02796899787971024,,23.385964912280702,527
302,0.1872,-956.9384615384618,6.464166666666666,22.032544378698226,60.49112426035503,329,75,0.02653571349780412,,22.24852071005917,72
303,0.1862,-1737.2615384615383,11.783333333333333,36.83513513513513,79.30540540540541,379,74,0.026452850704782437,,37.00539083557951,566
304,0.1852,-1204.8307692307692,8.336666666666666,24.861764705882354,66.14117647058823,359,76,0.026703736718040563,,25.097058823529412,634
305,0.1841,-1053.4153846153845,6.926666666666667,21.05235602094241,60.31413612565445,366,76,0.028230781047680807,,21.30366492146597,400
306,0.1831,-1056.3230769230768,6.2941666666666665,20.692528735632184,59.12643678160919,341,75,0.026939972200889215,,20.95689655172414,520
307,0.1821,-1539.1692307692306,10.828333333333333,32.121827411167516,73.3756345177665,387,74,0.026631931152945897,,32.34010152284264,875
308,0.1811,-957.0153846153846,6.241666666666666,19.808864265927976,58.11357340720222,350,77,0.02747022033984711,,20.07202216066482,744
309,0.1801,-1106.8153846153846,7.508333333333334,23.181571815718158,63.37127371273713,379,80,0.026137022785172163,,23.395663956639567,299
310,0.1791,-1038.1076923076923,6.745833333333334,20.745098039215687,59.71708683473389,359,73,0.026593472195046774,,20.96358543417367,489
311,0.1781,-1095.2923076923078,7.725,23.74934036939314,63.82058047493404,379,78,0.02525274554922381,,24.010554089709764,4
312,0.1771,-1063.769230769231,6.378333333333333,20.616045845272208,59.297994269340975,350,76,0.026079838255529925,,20.793696275071632,379
313,0.1762,-924.6153846153846,5.629166666666666,18.189944134078214,56.37709497206704,354,75,0.025284228687534074,,18.365921787709496,212
314,0.1752,-1018.7846153846153,7.4383333333333335,23.50137741046832,63.77685950413223,364,77,0.025776293006928762,,23.78236914600551,560
315,0.1742,-1827.2769230769231,11.054166666666667,31.13715710723192,73.18453865336659,407,73,0.0273465944513237,,31.428927680798004,798
316,0.1732,-1296.9846153846152,9.305,29.352150537634408,70.02956989247312,365,77,0.02560717307993842,,29.599462365591396,640
317,0.1723,-1570.8307692307692,8.766666666666667,25.226221079691516,64.83033419023137,399,73,0.026063255007592837,,25.542416452442158,171
318,0.1713,-1743.7692307692307,12.529166666666667,36.002457002457,77.90417690417691,402,73,0.024969282740594886,,36.45945945945946,225
319,0.1704,-1191.446153846154,8.083333333333334,25.116809116809115,65.19373219373219,363,81,0.02451930005977347,,25.276353276353277,283
320,0.1694,-1319.1692307692308,9.691666666666666,28.266169154228855,68.3407960199005,386,76,0.025186102954638932,,28.64676616915423,561
321,0.1685,-1443.9384615384615,10.248333333333333,31.8218085106383,73.72074468085107,382,73,0.025217423013592897,,32.14627659574468,180
322,0.1676,-1158.0615384615385,8.306666666666667,25.915119363395224,66.44827586206897,375,77,0.02545053246134843,,26.22811671087533,729
323,0.1666,-1119.076923076923,6.6075,20.851002865329512,59.759312320916905,360,78,0.025440112657034327,,21.060171919770774,427
324,0.1657,-1030.8307692307692,6.6691666666666665,20.830188679245282,60.00269541778976,371,78,0.02548694865819921,,21.088948787061994,679
325,0.1648,-1265.0923076923077,8.733333333333333,26.788918205804748,67.27704485488127,374,74,0.02639799033780779,,26.984168865435358,563
326,0.1639,-1170.9846153846154,8.133333333333333,26.20891364902507,66.16991643454038,364,78,0.025283727293849846,,26.515320334261837,632
327,0.163,-1489.7538461538463,9.815,29.464379947229553,70.39050131926122,389,78,0.026224480207616092,,29.670184696569923,373
328,0.1621,-889.5692307692309,5.691666666666666,18.35593220338983,57.25141242937853,361,78,0.02510880225717666,,18.62146892655367,584
329,0.1612,-1276.646153846154,9.105833333333333,26.765498652291104,67.62533692722371,380,75,0.026391355362009348,,27.016172506738545,525
330,0.1603,-1033.9692307692308,7.05,22.598337950138504,60.80609418282548,352,77,0.023650825859686142,,22.8808864265928,656
331,0.1594,-1146.4769230769232,8.991666666666667,26.543147208121827,65.59137055837563,381,78,0.02414790558020323,,27.2975,61
332,0.1585,-875.5076923076924,5.8875,20.044642857142858,58.732142857142854,342,79,0.02305246516523167,,20.261904761904763,12
333,0.1577,-1680.5384615384617,14.111666666666666,38.965770171149146,81.69437652811736,396,78,0.0234533873037663,,41.72154963680387,496
334,0.1568,-1036.9692307692308,6.971666666666667,21.03191489361702,60.06382978723404,374,81,0.02417829114133712,,21.23936170212766,641
335,0.1559,-1318.4615384615386,8.6675,28.444759206798867,69.51274787535411,362,75,0.022312321697528652,,28.640226628895185,779
336,0.155,-822.8615384615385,5.5408333333333335,19.14956011730205,56.950146627565985,331,75,0.02256384380543349,,19.35190615835777,837
337,0.1542,-849.6153846153845,5.4558333333333335,18.740298507462686,57.53432835820895,332,76,0.022867087707521223,,18.904477611940298,34
338,0.1533,-1173.6,8.76,27.116402116402117,67.36507936507937,361,81,0.021714694384192195,,27.5,511
339,0.1525,-1207.5076923076922,7.368333333333333,21.730027548209367,61.39393939393939,367,72,0.021778861248311025,,21.96418732782369,408
340,0.1516,-985.8461538461539,6.269166666666667,19.788888888888888,58.83888888888889,361,76,0.021284080446598214,,19.977777777777778,45
341,0.1508,-850.9384615384615,5.855,18.99719887955182,58.19607843137255,356,80,0.020974563776057505,,19.240896358543417,638
342,0.15,-808.676923076923,5.83,18.822222222222223,56.76111111111111,351,80,0.02110051643516435,,19.011111111111113,160
343,0.1491,-856.3538461538461,5.445,17.915915915915917,56.693693693693696,346,77,0.02059960273998106,,18.174174174174173,410
344,0.1483,-782.9692307692308,5.235,16.57017543859649,54.39181286549707,340,77,0.021382843499520684,,16.801169590643276,490
345,0.1475,-1244.6615384615384,9.228333333333333,29.957865168539325,70.26123595505618,357,78,0.021485338167994434,,30.160112359550563,575
346,0.1467,-1375.7230769230769,8.574166666666667,26.61764705882353,67.23262032085562,378,78,0.021383358075205743,,26.86898395721925,683
347,0.1459,-1037.0461538461536,6.7716666666666665,20.986807387862797,60.617414248021106,379,75,0.020864811548650664,,21.229551451187334,249
348,0.1451,-1113.6,7.555833333333333,23.07068062827225,62.72251308900523,374,78,0.021526501353288766,,23.332460732984295,46
349,0.1443,-1099.3076923076924,7.19,21.753968253968253,60.93650793650794,369,79,0.020551084656739743,,22.074074074074073,894
350,0.1435,-1133.6153846153848,7.141666666666667,21.980169971671387,61.478753541076486,367,79,0.01969030862862944,,22.24929178470255,685
351,0.1427,-1291.3538461538462,8.735833333333334,28.807365439093484,68.57507082152975,359,77,0.019154000972648532,,28.96600566572238,478
352,0.1419,-1222.1846153846154,8.801666666666666,27.9375,67.97010869565217,370,76,0.01905920110266497,,28.214673913043477,291
353,0.1411,-1255.123076923077,8.099166666666667,24.502906976744185,65.18023255813954,358,80,0.01882674596895736,,24.752906976744185,657
354,0.1403,-885.8461538461538,6.2716666666666665,21.59467455621302,60.30177514792899,335,81,0.018511550997662742,,21.754437869822485,428
355,0.1395,-1840.2615384615383,12.604166666666666,36.34010152284264,79.03553299492386,402,72,0.019319127693089033,,36.642131979695435,814
356,0.1388,-1042.6153846153845,7.0008333333333335,21.485254691689008,60.533512064343164,364,77,0.01951619589538275,,21.788203753351205,102
357,0.138,-953.523076923077,6.921666666666667,21.163101604278076,60.836898395721924,370,80,0.018661451706630545,,21.301333333333332,376
358,0.1372,-1451.5692307692307,10.906666666666666,32.50512820512821,73.47179487179487,391,75,0.018936294771891585,,32.83076923076923,172
359,0.1365,-835.7538461538461,5.351666666666667,16.705722070844686,55.16893732970027,364,80,0.017567503616567406,,17.087193460490465,50
360,0.1357,-1054.1846153846154,6.7225,21.574229691876752,60.57703081232493,362,70,0.01822681776019386,,21.840336134453782,333
361,0.135,-1436.5538461538463,10.139166666666666,31.43717277486911,72.73298429319372,378,75,0.018235199307528777,,31.66318537859008,626
362,0.1342,-1522.8153846153846,9.605,28.243654822335024,70.07106598984771,400,71,0.018198047741862053,,28.54568527918782,28
363,0.1335,-1142.076923076923,7.490833333333334,24.900284900284902,64.61538461538461,360,73,0.018780915087615754,,25.159544159544158,467
364,0.1327,-1174.4461538461537,8.6875,25.902631578947368,66.23684210526316,386,78,0.019010865497102035,,26.223684210526315,53
365,0.132,-981.6307692307693,6.7283333333333335,21.656509695290858,60.52354570637119,357,79,0.019241418752789664,,21.8808864265928,294
366,0.1313,-956.1538461538462,6.03,19.559766763848398,58.160349854227405,354,75,0.019211183105179046,,19.775510204081634,789
367,0.1306,-992.8307692307693,6.163333333333333,20.011331444759207,58.436260623229465,343,80,0.018885476950192964,,20.23512747875354,260
368,0.1298,-995.3384615384616,6.049166666666666,21.56466876971609,60.44479495268139,330,71,0.01937656294027102,,21.738170347003155,210
369,0.1291,-951.5076923076923,6.466666666666667,20.72853185595568,59.59002770083102,362,76,0.0192424116176739,,20.975069252077564,68
370,0.1284,-1259.892307692308,9.2875,28.187660668380463,68.4987146529563,369,77,0.01906365079214238,,28.411311053984576,204
371,0.1277,-802.1846153846154,5.928333333333334,18.693150684931506,57.38356164383562,361,79,0.01907577645689701,,18.92054794520548,636
372,0.127,-1554.3692307692309,10.211666666666666,30.02051282051282,70.38717948717948,393,77,0.018469992603382716,,30.256410256410255,164
373,0.1263,-1071.6615384615384,7.466666666666667,22.64751958224543,62.21932114882507,376,75,0.019916859009805915,,22.903394255874673,280
374,0.1256,-1045.0923076923077,6.735833333333333,22.122507122507123,61.03703703703704,355,79,0.018366284982797285,,22.301994301994302,750
375,0.1249,-1147.123076923077,6.8,21.958217270194986,62.55431754874652,369,77,0.018946107949255133,,22.128133704735376,792
376,0.1242,-830.9538461538461,5.160833333333334,16.63711911357341,54.91689750692521,355,77,0.018555343876691395,,16.90304709141274,170
377,0.1235,-941.3076923076923,6.035,19.430985915492958,58.6,358,79,0.018624169463407676,,19.616901408450705,558
378,0.1228,-1099.1692307692308,7.6225,24.291553133514988,64.46321525885558,366,73,0.018484980072639712,,24.623978201634877,688
379,0.1221,-1982.8,13.985833333333334,38.878571428571426,81.38333333333334,415,71,0.017080470471015647,,39.20238095238095,618
380,0.1215,-1054.8615384615387,5.911666666666667,19.035502958579883,57.66863905325444,351,75,0.017347217157125377,,19.215976331360945,509
381,0.1208,-883.7076923076922,5.94,19.721739130434784,57.99130434782609,336,82,0.017622534506842293,,19.910144927536233,674
382,0.1201,-1079.1384615384616,7.310833333333333,23.930362116991642,63.93314763231198,358,75,0.01670097218048152,,24.119777158774372,826
383,0.1195,-1396.5538461538463,8.880833333333333,26.767624020887727,66.75456919060052,375,75,0.01720044428002709,,27.031331592689295,612
384,0.1188,-1568.5384615384614,10.5,31.022842639593907,71.83502538071066,390,72,0.017517383458387912,,31.29695431472081,239
385,0.1181,-779.8307692307692,5.274166666666667,17.361764705882354,55.57058823529412,345,77,0.017464982619400445,,17.53529411764706,879
386,0.1175,-1274.7692307692307,9.225,27.778061224489797,67.68877551020408,379,75,0.018068966212441837,,28.005102040816325,734
387,0.1168,-1049.0307692307692,7.535833333333334,23.86027397260274,63.320547945205476,366,82,0.01833114086302238,,24.084931506849315,112
388,0.1162,-963.8461538461537,6.7075,20.552910052910054,59.50529100529101,369,80,0.018542989350021025,,20.788359788359788,369
389,0.1156,-1112.9076923076923,7.085833333333333,21.552845528455286,61.146341463414636,374,74,0.01908186755251693,,21.796747967479675,18
390,0.1149,-1074.323076923077,7.696666666666666,23.932795698924732,63.46236559139785,365,83,0.019060909569378018,,24.155913978494624,806
391,0.1143,-1350.6769230769232,10.065833333333334,30.794270833333332,72.5546875,376,75,0.019455271294712605,,31.03125,536
392,0.1136,-1044.7230769230769,7.284166666666667,24.578034682080926,64.47109826589596,348,76,0.019383653029988495,,24.809248554913296,860
393,0.113,-1340.4307692307693,8.856666666666667,26.792207792207794,68.04935064935064,394,70,0.018995205792432142,,27.116883116883116,77
394,0.1124,-839.0461538461539,5.4275,18.1045197740113,56.451977401129945,341,79,0.019127293197674367,,18.307909604519775,648
395,0.1118,-746.0769230769231,5.098333333333334,18.307692307692307,56.36,321,78,0.018573571821517202,,18.473846153846154,250
396,0.1112,-1045.5846153846153,7.308333333333334,21.84168865435356,60.99472295514512,379,80,0.018504766910359294,,22.03693931398417,43
397,0.1105,-961.8615384615384,6.8675,21.82336956521739,60.5625,358,79,0.01858683277199477,,22.07336956521739,156
398,0.1099,-934.1999999999999,6.635833333333333,21.025210084033613,60.2296918767507,361,80,0.01869576568514837,,21.257703081232492,483
399,0.1093,-815.9538461538461,5.763333333333334,17.91374663072776,56.102425876010784,363,78,0.01828431846661615,,18.121293800539082,42
400,0.1087,-1422.553846153846,9.509166666666667,27.54156171284635,67.97481108312343,395,73,0.018043174802852016,,27.8463476070529,153
401,0.1081,-827.4153846153847,6.280833333333334,20.02777777777778,58.44722222222222,354,83,0.01757668335824041,,20.230555555555554,329
402,0.1075,-959.5230769230768,6.6433333333333335,20.236842105263158,59.69210526315789,378,78,0.017826533483880885,,20.45,106
403,0.1069,-868.230769230769,6.049166666666666,19.515492957746478,58.414084507042254,354,79,0.018214120728031517,,19.690140845070424,645
404,0.1063,-1051.2615384615383,7.66,23.681198910081743,61.91825613079019,361,78,0.01815158507571889,,23.940054495912808,83
405,0.1057,-944.7692307692307,6.413333333333333,20.173553719008265,58.78236914600551,364,81,0.017565926471562743,,20.349862258953166,787
406,0.1052,-777.476923076923,5.4558333333333335,18.51032448377581,57.091445427728615,341,86,0.01676907889606736,,18.737463126843657,859
407,0.1046,-1420.0153846153848,9.584166666666667,27.491442542787286,68.26405867970661,403,71,0.018041525969693942,,27.726161369193154,2
408,0.104,-938.8153846153846,6.055,19.878186968838527,58.26628895184136,353,72,0.01754815056416841,,20.186968838526912,811
409,0.1034,-1052.0923076923077,7.163333333333333,23.581196581196583,63.12250712250712,339,71,0.01718734742578452,,23.803418803418804,726
410,0.1028,-750.5692307692308,5.190833333333333,17.63095238095238,56.589285714285715,344,77,0.017403817636133915,,17.907738095238095,345
411,0.1023,-1301.246153846154,9.321666666666667,28.742105263157896,70.20263157894736,380,78,0.016557942122848765,,29.028947368421054,242
412,0.1017,-1048.3538461538462,7.583333333333333,23.56149732620321,63.07486631016043,367,79,0.017016387548378004,,23.75133689839572,216
413,0.1011,-852.1692307692307,5.428333333333334,18.677611940298508,56.74925373134328,326,78,0.017076995987735478,,18.871641791044777,881
414,0.1006,-887.8615384615385,6.115,19.288770053475936,57.57219251336898,368,77,0.01668073148886694,,19.469333333333335,240
415,0.1,-1210.8307692307692,7.5325,22.652741514360315,61.82767624020888,381,75,0.0159899313167142,,22.885117493472585,664
416,0.0995,-993.6153846153845,6.6375,22.14814814814815,61.26210826210826,357,75,0.015463198628695466,,22.396011396011396,92
417,0.0989,-1082.2769230769231,7.886666666666667,23.82857142857143,63.02077922077922,372,79,0.015395207717416442,,24.142857142857142,186
418,0.0984,-1274.7846153846153,9.008333333333333,26.784263959390863,66.98730964467005,390,77,0.016020315834469372,,26.997461928934012,716
419,0.0978,-1341.4923076923078,8.429166666666667,26.158176943699733,66.30026809651474,374,71,0.015947196593372102,,26.423592493297587,801
420,0.0973,-906.0615384615385,6.545,21.01388888888889,59.99722222222222,356,77,0.015724139802146285,,21.230555555555554,44
421,0.0968,-910.8615384615384,6.211666666666667,19.9,58.702777777777776,359,78,0.015537571972058462,,20.133333333333333,784
422,0.0962,-997.6461538461539,6.245,19.57103825136612,59.03005464480874,371,78,0.015177697664725227,,19.833333333333332,772
423,0.0957,-1222.0923076923077,8.434166666666666,25.362244897959183,65.40306122448979,387,76,0.016300363344501988,,25.589285714285715,288
424,0.0952,-940.0153846153846,6.338333333333333,19.890140845070423,58.52394366197183,358,76,0.016166202384712017,,20.132394366197182,389
425,0.0946,-871.676923076923,5.74,19.07605633802817,57.70140845070423,344,76,0.016257317388611376,,19.340845070422535,67
426,0.0941,-1234.3076923076924,9.1025,27.7265625,68.5234375,386,77,0.01609638084857357,,28.0078125,370
427,0.0936,-1462.753846153846,9.795,28.309823677581864,69.11083123425692,397,70,0.01577013494585533,,28.50502512562814,328
428,0.0931,-912.4615384615383,6.29,20.49019607843137,59.75910364145658,352,76,0.01563505903029514,,20.683473389355743,443
429,0.0926,-1072.1846153846152,7.0325,22.380165289256198,61.65564738292011,367,74,0.015559596350597185,,22.575757575757574,52
430,0.092,-1388.7846153846153,9.976666666666667,30.605333333333334,72.808,387,75,0.01563455761866142,,30.978666666666665,206
431,0.0915,-1163.7692307692307,7.430833333333333,22.61141304347826,61.983695652173914,381,72,0.015848782330571964,,22.86141304347826,608
432,0.091,-1290.4,8.168333333333333,24.260981912144704,64.43669250645995,391,74,0.015542186454570017,,24.573643410852714,219
433,0.0905,-920.9692307692308,5.4675,17.5406162464986,56.431372549019606,365,77,0.015414281957682399,,17.717086834733895,447
434,0.09,-1708.476923076923,12.15,35.5575,77.445,389,74,0.01541725089648831,,35.83,86
435,0.0895,-1955.4461538461537,16.844166666666666,48.02158273381295,88.82494004796163,384,78,0.016292608223802973,,50.35011990407674,462
436,0.089,-964.7230769230769,6.415,20.5,59.48066298342541,358,77,0.016269520083434682,,20.6878453038674,799
437,0.0885,-1180.6307692307691,7.331666666666667,21.556135770234988,61.41514360313316,394,74,0.01704941680733088,,21.845953002610965,646
438,0.088,-1127.0923076923077,7.446666666666666,21.734848484848484,60.93181818181818,389,73,0.01659619405234689,,21.94191919191919,790
439,0.0876,-878.1999999999999,5.360833333333333,18.537993920972646,57.41033434650456,341,79,0.016159637904394685,,18.66565349544073,574
440,0.0871,-1103.6307692307691,7.321666666666666,21.946428571428573,61.05357142857143,388,73,0.016017809315650937,,22.15561224489796,828
441,0.0866,-1036.5692307692307,6.466666666666667,19.66216216216216,58.08108108108108,373,75,0.01621281323251123,,19.85945945945946,308
442,0.0861,-1053.4615384615386,6.916666666666667,20.542199488491047,59.57289002557545,384,77,0.016636169154996574,,20.782608695652176,513
443,0.0856,-1037.9538461538461,6.849166666666667,20.21410579345088,59.4256926952141,389,74,0.01567590770962665,,20.546599496221663,259
444,0.0852,-1064.9538461538461,7.3325,22.58530183727034,61.68503937007874,376,79,0.015837378616668566,,22.816272965879264,188
445,0.0847,-1223.2769230769231,7.904166666666667,23.00281690140845,62.904225352112675,376,74,0.01452469500179826,,23.194366197183097,501
446,0.0842,-1388.2769230769231,9.620833333333334,29.406332453825858,69.67282321899737,370,76,0.015084502974604905,,29.67282321899736,568
447,0.0838,-942.0923076923077,6.545,20.898907103825138,59.69125683060109,363,75,0.01525177059035111,,21.1448087431694,677
448,0.0833,-1631.246153846154,10.193333333333333,28.564102564102566,69.85128205128206,392,70,0.015243143167042464,,28.825641025641026,276
449,0.0828,-1038.2923076923075,6.8675,20.94822888283379,60.56403269754768,371,77,0.014994403692736448,,21.160762942779293,244
450,0.0824,-1182.923076923077,8.086666666666666,23.745454545454546,63.641558441558445,391,75,0.015101822709591432,,23.97922077922078,94
451,0.0819,-1039.5846153846155,6.1925,20.451895043731778,58.86588921282799,350,73,0.01579446643798087,,20.65597667638484,830
452,0.0815,-1071.5692307692307,7.6675,24.342391304347824,64.1875,364,76,0.016022006381356403,,24.619565217391305,264
453,0.081,-1222.1692307692308,8.14,23.921518987341774,62.86329113924051,385,75,0.016444553459116378,,24.235443037974683,526
454,0.0806,-877.5846153846154,5.3525,17.5243553008596,55.89684813753582,349,80,0.015792287946558445,,17.74785100286533,727
455,0.0801,-891.7538461538462,5.645833333333333,18.35,57.397222222222226,358,77,0.01556971875250847,,18.630555555555556,126
456,0.0797,-1064.3076923076924,6.943333333333333,22.215846994535518,61.64754098360656,367,73,0.015329355398267772,,22.557377049180328,842
457,0.0792,-977.8769230769232,6.355,19.723860589812332,59.0857908847185,368,75,0.01571319796825537,,19.96514745308311,701
458,0.0788,-967.5384615384615,6.779166666666667,21.4066852367688,60.749303621169915,360,78,0.016059734721334925,,21.701949860724234,184
459,0.0784,-835.6923076923078,6.0925,20.39080459770115,59.497126436781606,347,82,0.016165315877791478,,20.580459770114942,882
460,0.0779,-822.2923076923078,4.8758333333333335,16.355882352941176,55.00588235294118,344,77,0.015624430108315622,,16.58823529411765,306
461,0.0775,-820.3692307692307,5.53,18.022284122562674,56.15877437325905,353,79,0.015427395178712064,,18.197771587743734,457
462,0.0771,-868.2615384615385,5.1241666666666665,16.75147928994083,55.73668639053255,348,75,0.01655042634481549,,17.026627218934912,628
463,0.0766,-841.5692307692308,5.6575,18.13351498637602,56.059945504087196,353,79,0.01548032689687605,,18.419618528610354,544
464,0.0762,-973.5846153846154,6.4525,21.083815028901736,60.49710982658959,356,73,0.016001084213946193,,21.3121387283237,758
465,0.0758,-1040.9846153846154,6.385,19.52445652173913,58.744565217391305,371,78,0.016206638480368418,,19.692934782608695,84
466,0.0754,-1178.7384615384613,7.3758333333333335,22.417344173441734,61.83468834688347,368,80,0.016732266436046844,,22.67208672086721,174
467,0.075,-803.7846153846153,5.86,18.14404432132964,56.62049861495845,359,81,0.017594550413024417,,18.39612188365651,763
468,0.0745,-1077.6923076923076,6.990833333333334,21.620689655172413,60.62599469496021,376,72,0.017365393610159183,,21.891246684350133,109
469,0.0741,-1327.9076923076923,9.011666666666667,28.150793650793652,68.57407407407408,375,71,0.0162003601770156,,28.5,429
470,0.0737,-1579.4461538461537,12.576666666666666,40.12602739726027,82.21369863013699,373,72,0.01610608321967896,,40.81643835616438,300
471,0.0733,-1073.246153846154,7.6025,23.301333333333332,62.37866666666667,370,79,0.01609070927235271,,23.506666666666668,33
472,0.0729,-1036.5384615384614,7.609166666666667,23.175710594315245,62.025839793281655,372,76,0.01653551897204505,,24.03875968992248,221
473,0.0725,-1186.5076923076924,8.2975,24.68717948717949,64.98717948717949,389,77,0.016690512982642555,,24.984615384615385,693
474,0.0721,-1011.9692307692308,7.01,22.960893854748605,62.212290502793294,348,72,0.016740615217532527,,23.223463687150836,340
475,0.0717,-734.6615384615386,4.770833333333333,15.87608069164265,53.435158501440924,338,76,0.018066640890254372,,16.089337175792508,20
476,0.0713,-1110.5384615384614,7.828333333333333,25.762857142857143,65.73428571428572,353,75,0.017311818924737606,,26.017142857142858,418
477,0.0709,-1186.7538461538463,8.235833333333334,24.457070707070706,64.0,388,77,0.0169871598579068,,24.767676767676768,296
478,0.0705,-1332.1538461538462,9.051666666666666,26.169620253164556,66.35189873417721,403,75,0.01738277712637678,,26.40506329113924,336
479,0.0701,-952.676923076923,6.490833333333334,20.887052341597798,60.47382920110193,363,78,0.017267120457319398,,21.110192837465565,590
480,0.0697,-854.2307692307693,6.2275,20.666666666666668,59.256410256410255,350,82,0.017314246943105478,,20.843304843304843,37
481,0.0694,-899.8153846153846,6.841666666666667,21.126984126984127,59.402116402116405,367,80,0.01763624249683366,,21.441798941798943,439
482,0.069,-1001.8461538461539,6.920833333333333,22.502747252747252,61.706043956043956,361,79,0.016541779407882977,,22.79945054945055,598
483,0.0686,-958.9692307692308,6.359166666666667,19.593175853018373,57.73490813648294,371,77,0.01568526442975215,,19.88713910761155,498
484,0.0682,-967.7538461538461,6.6525,21.153203342618383,60.977715877437326,362,77,0.01614522234463831,,21.426183844011142,32
485,0.0678,-1424.7846153846153,8.906666666666666,27.347701149425287,68.97413793103448,371,74,0.016147536624953305,,28.399425287356323,49
486,0.0675,-1300.0461538461539,10.131666666666666,32.29459459459459,72.42432432432433,370,74,0.016299550332547097,,32.483783783783785,802
487,0.0671,-1269.4,8.881666666666666,26.790816326530614,66.44642857142857,384,76,0.01631491493282106,,26.989795918367346,375
488,0.0667,-794.5230769230768,5.145833333333333,16.98533724340176,55.56011730205279,337,78,0.01614546509488509,,17.161290322580644,543
489,0.0664,-830.8615384615384,5.55,17.47107438016529,56.0633608815427,358,77,0.016922052017006566,,17.768595041322314,899
490,0.066,-1036.323076923077,7.164166666666667,22.14814814814815,61.10582010582011,377,77,0.01658337153493959,,22.396825396825395,832
491,0.0656,-732.8153846153846,5.105833333333333,16.297520661157026,54.84022038567493,365,81,0.016377984938950475,,16.47252747252747,595
492,0.0653,-1076.4769230769232,6.795833333333333,21.10242587601078,60.01078167115903,373,78,0.01641524576779249,,21.273458445040216,176
493,0.0649,-1081.1846153846154,6.506666666666667,20.96638655462185,60.17927170868347,364,77,0.01582609811644513,,21.201680672268907,464
494,0.0645,-693.5846153846154,4.746666666666667,15.35344827586207,53.008620689655174,347,77,0.015980779331100845,,15.574712643678161,304
495,0.0642,-673.4615384615386,4.345833333333333,14.692753623188405,52.71884057971015,346,79,0.015260777088449156,,14.915942028985507,82
496,0.0638,-854.6923076923076,5.693333333333333,17.016901408450703,55.57464788732394,367,77,0.01582291432059132,,17.24225352112676,183
497,0.0635,-896.0153846153846,6.553333333333334,20.715469613259668,59.76243093922652,372,79,0.01562838761517953,,20.892561983471076,583
498,0.0631,-813.230769230769,5.6875,18.143243243243244,56.77567567567568,359,78,0.01587207755735414,,18.486486486486488,728
499,0.0628,-1155.1846153846152,7.295833333333333,21.862244897959183,61.015306122448976,384,72,0.016035138573256457,,22.244897959183675,182
500,0.0624,-1083.8307692307694,7.303333333333334,23.52892561983471,63.48760330578512,352,74,0.015460683507589926,,23.801652892561982,208
501,0.0621,-1115.4307692307693,7.6325,22.720403022670027,62.695214105793454,388,79,0.015912732363132644,,22.90954773869347,354
502,0.0617,-1233.0923076923077,8.5025,24.900510204081634,65.25765306122449,384,72,0.015424724424182664,,25.183673469387756,386
503,0.0614,-789.3384615384616,4.6425,15.905882352941177,54.05,350,76,0.016700240944481724,,16.120588235294118,1
504,0.0611,-678.7692307692308,4.534166666666667,16.39252336448598,53.753894080996886,321,75,0.01696003800204431,,16.56386292834891,416
505,0.0607,-1088.3846153846152,6.675,20.95068493150685,60.106849315068494,376,77,0.016688261629124315,,21.17808219178082,192
506,0.0604,-976.523076923077,5.7675,18.168478260869566,56.182065217391305,361,78,0.016258177960153664,,18.391304347826086,631
507,0.06,-859.4,5.745,18.114754098360656,56.721311475409834,365,79,0.016736168104140477,,18.316939890710383,491
508,0.0597,-1252.8461538461538,7.9575,24.277333333333335,63.896,377,77,0.016989886011934473,,24.554666666666666,642
509,0.0594,-1156.9076923076923,8.165833333333333,24.553524804177545,64.31592689295039,383,75,0.016843073751177672,,24.778067885117494,588
510,0.0591,-982.1384615384615,6.150833333333333,19.20754716981132,57.905660377358494,369,77,0.01660882712221228,,19.439353099730457,839
511,0.0587,-1739.9384615384618,11.583333333333334,33.007334963325185,73.47921760391198,403,73,0.01684193105201716,,33.28606356968215,518
512,0.0584,-869.8769230769232,5.988333333333333,20.163265306122447,58.970845481049565,345,80,0.016603556734953635,,20.411078717201168,134
513,0.0581,-1044.323076923077,6.185,19.375706214689266,58.443502824858754,362,78,0.017583607199262365,,19.5225988700565,198
514,0.0578,-1122.5846153846153,7.536666666666667,22.034912718204488,61.561097256857856,397,74,0.01671468325756089,,22.22443890274314,152
515,0.0574,-822.7692307692307,5.495833333333334,18.075418994413408,56.779329608938546,354,78,0.017135899053595288,,18.40223463687151,22
516,0.0571,-700.0,4.633333333333334,15.861764705882353,54.46764705882353,342,79,0.016215517535482657,,16.064705882352943,85
517,0.0568,-1302.7230769230769,7.6875,22.928,62.541333333333334,390,73,0.01618638517350383,,23.216,421
518,0.0565,-1389.523076923077,10.7875,32.48062015503876,73.78294573643412,387,74,0.01575028341134986,,34.002583979328165,630
519,0.0562,-928.1538461538462,6.445,20.02754820936639,59.22038567493113,369,79,0.01585715934030042,,20.261707988980717,620
520,0.0559,-1052.1230769230772,7.213333333333333,22.008,61.00266666666667,374,77,0.015282412216344507,,22.213333333333335,755
521,0.0556,-1008.9692307692309,6.715833333333333,21.185792349726775,60.5,371,75,0.015507023729523787,,21.371584699453553,357
522,0.0553,-684.646153846154,4.1925,14.150887573964496,51.819526627218934,331,77,0.01569531166005204,,14.339233038348082,349
523,0.0549,-907.0923076923077,6.273333333333333,19.79076086956522,58.47826086956522,355,80,0.015628858067846786,,20.056910569105693,189
524,0.0546,-892.5692307692308,6.0575,19.47075208913649,58.309192200557106,362,79,0.015622841938467585,,19.71309192200557,98
525,0.0543,-839.4769230769231,5.82,17.90625,55.9921875,367,77,0.016609566265418478,,18.158854166666668,506
526,0.054,-901.6307692307694,6.5875,20.85135135135135,60.81891891891892,364,80,0.016472077047764037,,21.143243243243244,844
527,0.0537,-998.6615384615385,6.835833333333333,20.739018087855296,60.031007751937985,387,71,0.016935340168580452,,20.956072351421188,528
528,0.0534,-764.4153846153847,5.1975,16.730555555555554,55.71944444444444,360,77,0.01671604647493214,,17.058333333333334,861
529,0.0531,-1528.7692307692307,13.535833333333333,41.830729166666664,83.35416666666667,378,74,0.016797397237573213,,43.109375,675
530,0.0529,-885.7846153846154,6.18,19.10187667560322,57.533512064343164,367,79,0.015785501440019105,,19.308310991957104,866
531,0.0526,-1186.6615384615384,8.2775,25.856382978723403,66.2127659574468,372,76,0.015398455537182576,,26.106382978723403,402
532,0.0523,-678.5692307692309,4.45,15.031884057971014,52.87246376811594,345,78,0.01603311729002408,,15.194202898550724,484
533,0.052,-924.2153846153847,6.451666666666667,19.79527559055118,58.79002624671916,375,77,0.016126974317791684,,20.11286089238845,287
534,0.0517,-707.9692307692308,4.759166666666666,16.25438596491228,54.05555555555556,335,77,0.015650745489880477,,16.44736842105263,519
535,0.0514,-1113.9692307692308,7.3825,21.425692695214106,60.41057934508816,390,70,0.01523427018416273,,21.702770780856422,267
536,0.0511,-766.0461538461539,4.8025,15.84927536231884,53.44347826086957,346,79,0.015466620563884068,,16.03768115942029,256
537,0.0508,-926.6923076923076,6.400833333333333,20.205405405405404,60.6945945945946,369,77,0.015922731454088686,,20.362903225806452,862
538,0.0506,-968.5384615384614,7.054166666666666,21.428947368421053,60.61842105263158,384,79,0.015555927323856591,,21.655263157894737,786
539,0.0503,-1017.7846153846153,7.44,23.365591397849464,63.19892473118279,370,76,0.01607544358147759,,23.620967741935484,710
540,0.05,-905.523076923077,6.2625,19.639344262295083,58.84426229508197,367,76,0.016146454284310927,,19.852459016393443,731
541,0.05,-1014.8000000000001,7.016666666666667,21.802139037433154,60.7620320855615,366,76,0.016311658033896663,,21.981283422459892,127
542,0.05,-933.5538461538463,5.78,19.26878612716763,59.03468208092485,355,79,0.016010938850383495,,19.569364161849713,190
543,0.05,-997.3999999999999,7.501666666666667,23.929347826086957,63.54891304347826,357,77,0.016015893531925004,,24.20923913043478,374
544,0.05,-949.8923076923078,6.59,20.20159151193634,59.315649867374006,371,78,0.01666474956770246,,20.413793103448278,863
545,0.05,-917.8,5.2425,17.317784256559765,55.45481049562682,351,77,0.01575032260465545,,17.59475218658892,722
546,0.05,-1103.2923076923075,7.261666666666667,22.39946380697051,61.93565683646113,379,76,0.016412957348723407,,22.632707774798927,107
547,0.05,-859.2769230769231,5.76,18.57983193277311,57.5406162464986,356,79,0.015352505476423858,,18.85434173669468,847
548,0.05,-827.9692307692308,5.524166666666667,17.608069164265128,56.40922190201729,355,73,0.01569646244148774,,17.847262247838618,545
549,0.05,-815.6153846153846,5.2025,16.712209302325583,54.95348837209303,350,79,0.015907309842595245,,16.901162790697676,145
550,0.05,-970.0769230769231,6.873333333333333,20.957333333333334,60.584,376,80,0.01610647362638333,,21.226666666666667,194
551,0.05,-1129.523076923077,7.5525,25.205714285714286,65.78285714285714,350,78,0.016106915209528005,,25.585714285714285,829
552,0.05,-875.7692307692307,6.136666666666667,18.977777777777778,57.21111111111111,370,76,0.016864381023138475,,19.261111111111113,257
553,0.05,-948.446153846154,6.36,19.93854748603352,58.79608938547486,360,75,0.015650334098732833,,20.162011173184357,55
554,0.05,-1476.0307692307692,8.009166666666667,23.505494505494507,62.706043956043956,378,73,0.014652928517532509,,23.703296703296704,293
555,0.05,-1263.1384615384616,8.861666666666666,27.631147540983605,67.70218579234972,375,74,0.015419135435541142,,27.866120218579233,737
556,0.05,-637.8461538461538,4.596666666666667,16.172106824925816,54.14540059347181,333,81,0.015268903718361853,,16.344213649851632,246
557,0.05,-941.4923076923076,6.549166666666666,20.12664907651715,58.934036939313984,371,74,0.01619143483536999,,20.348284960422163,253
558,0.05,-939.9384615384615,6.85,21.764542936288088,61.15512465373961,366,82,0.016029544259105917,,21.994459833795013,668
559,0.05,-920.4307692307693,6.13,18.79419525065963,58.145118733509236,378,78,0.015834440379210144,,19.113456464379947,624
560,0.05,-1457.646153846154,9.728333333333333,28.928947368421053,69.44473684210526,384,73,0.01578535584619641,,29.21842105263158,823
561,0.05,-777.0,4.940833333333333,16.178272980501394,53.73537604456825,347,75,0.015993787048685666,,16.330555555555556,775
562,0.05,-790.3846153846154,5.81,20.198224852071007,59.20414201183432,335,82,0.015838923530199427,,20.381656804733726,816
563,0.05,-1118.3538461538462,8.049166666666666,24.58656330749354,64.24547803617571,379,76,0.016259875156813954,,24.813953488372093,647
564,0.05,-1002.7384615384616,6.235,19.24867724867725,57.939153439153436,376,77,0.016228530496797112,,19.53174603174603,318
565,0.05,-1057.1076923076923,7.2525,21.711688311688313,61.176623376623375,392,77,0.01587272579753211,,21.953246753246752,661
566,0.05,-961.3076923076923,5.845,17.724795640326974,56.13896457765667,371,76,0.016243331046973637,,18.019073569482288,781
567,0.05,-791.6,5.3133333333333335,16.96457765667575,55.71389645776567,363,75,0.0162450936115868,,17.23433242506812,504
568,0.05,-1155.9076923076923,8.1875,25.308707124010553,65.02902374670185,371,74,0.0159517051905083,,25.569920844327175,592
569,0.05,-925.8,6.54,20.34308510638298,59.74202127659574,377,77,0.014889569336178098,,20.590425531914892,104
570,0.05,-1041.3384615384614,7.494166666666667,23.07591623036649,62.92931937172775,367,80,0.014863838376748909,,23.353403141361255,446
571,0.05,-723.2,5.2091666666666665,16.866295264623954,54.74373259052925,351,78,0.01533180087677587,,17.11699164345404,888
572,0.05,-1305.2615384615383,7.95,23.68324607329843,64.13874345549738,384,74,0.014844010277918873,,23.900523560209425,179
573,0.05,-943.2923076923076,6.546666666666667,20.293010752688172,58.30913978494624,362,75,0.014396888958999486,,20.471849865951743,39
574,0.05,-832.2,5.851666666666667,18.48918918918919,57.586486486486486,370,79,0.01433058956818359,,18.745945945945945,131
575,0.05,-1345.7384615384615,9.475,28.524675324675325,69.44155844155844,388,73,0.014582515327213505,,28.77922077922078,732
576,0.05,-980.9692307692308,6.3225,19.766016713091922,58.721448467966574,369,76,0.01496361750225047,,19.98607242339833,534
577,0.05,-768.553846153846,5.113333333333333,16.67621776504298,54.77077363896848,351,79,0.014982452591239882,,16.908309455587393,812
578,0.05,-1046.6307692307691,7.3125,21.889460154241647,60.47043701799486,378,80,0.014780915262225424,,22.077120822622106,406
579,0.05,-785.876923076923,5.005833333333333,16.916666666666668,55.35057471264368,350,75,0.015316952398356912,,17.232758620689655,853
580,0.05,-1085.4461538461537,7.3125,21.40954773869347,61.620603015075375,401,75,0.015299712523589045,,21.618090452261306,619
581,0.05,-1112.1384615384613,7.158333333333333,22.964285714285715,61.21153846153846,361,75,0.01429900214323031,,23.14835164835165,121
582,0.05,-815.6307692307691,5.858333333333333,18.96875,57.01704545454545,350,83,0.01469837448826855,,19.198863636363637,394
583,0.05,-935.2307692307692,6.3925,20.25201072386059,59.80160857908847,370,75,0.014618603038381828,,20.49597855227882,629
584,0.05,-1212.4307692307693,7.361666666666666,22.04859335038363,61.17391304347826,378,74,0.015091758384513744,,22.327365728900254,662
585,0.05,-942.876923076923,6.130833333333333,18.901333333333334,57.848,370,79,0.01555052453095037,,19.125333333333334,469
586,0.05,-969.523076923077,6.3325,19.646112600536192,58.49597855227882,368,74,0.01530894614761525,,19.962466487935657,455
587,0.05,-1020.1846153846152,7.495833333333334,24.233983286908078,62.68802228412256,346,80,0.015399382546127225,,24.408333333333335,273
588,0.05,-845.5230769230769,5.7875,17.736263736263737,56.5467032967033,374,74,0.014998621622267668,,17.923076923076923,663
589,0.05,-751.0,5.484166666666667,17.67630057803468,56.15606936416185,351,79,0.014514588896531058,,17.815028901734102,535
590,0.05,-938.6923076923076,5.575833333333334,17.495890410958904,56.1972602739726,369,75,0.01449764236146048,,17.676712328767124,764
591,0.05,-927.2153846153844,6.450833333333334,20.52173913043478,59.38586956521739,355,76,0.015098520365271997,,20.70923913043478,495
592,0.05,-762.7692307692307,5.270833333333333,16.880555555555556,54.90277777777778,355,79,0.014273303355023284,,17.06388888888889,460
593,0.05,-782.2307692307692,4.869166666666667,16.57227138643068,54.9882005899705,348,76,0.014534725224393712,,16.79646017699115,851
594,0.05,-867.8307692307692,5.945833333333334,18.90633608815427,57.28099173553719,361,74,0.015008165587692435,,19.18457300275482,295
595,0.05,-715.323076923077,4.534166666666667,14.388268156424582,52.30446927374302,361,75,0.015003573856874675,,14.625698324022347,130
596,0.05,-873.6307692307691,6.054166666666666,19.28219178082192,57.63835616438356,358,78,0.014703321153901818,,19.586301369863012,865
597,0.05,-1238.876923076923,8.135,25.548128342245988,65.1524064171123,379,71,0.015093268505088282,,25.81283422459893,326
598,0.05,-827.2,5.885833333333333,19.070821529745043,57.98300283286119,359,78,0.015145412915430093,,19.225988700564972,748
599,0.05,-822.0769230769231,5.135833333333333,16.259052924791085,55.061281337047355,360,76,0.01531985309771165,,16.49025069637883,290
600,0.05,-1068.246153846154,6.2775,19.696969696969695,58.43801652892562,363,74,0.015338532227892578,,19.925619834710744,362
601,0.05,-1106.6461538461538,7.331666666666667,22.96514745308311,63.0455764075067,371,75,0.015134092363429203,,23.23592493297587,21
602,0.05,-1215.5846153846153,8.060833333333333,25.964383561643835,65.68493150684931,369,76,0.015763862297978912,,26.202739726027396,282
603,0.05,-2576.1384615384613,21.676666666666666,59.85245901639344,104.02107728337236,403,70,0.015468114368953718,,65.86214953271028,218
604,0.05,-751.8923076923077,5.251666666666667,16.945868945868945,55.23361823361823,352,79,0.014665057318171545,,17.205128205128204,565
605,0.05,-915.7384615384617,6.1675,19.839673913043477,58.22554347826087,356,75,0.014752362308929028,,20.0625,292
606,0.05,-1438.9846153846152,10.2875,32.63172043010753,73.22311827956989,371,70,0.014749402216094937,,32.93010752688172,432
607,0.05,-1054.8461538461538,6.641666666666667,19.8503937007874,58.78477690288714,382,73,0.014897085409641266,,20.099737532808398,71
608,0.05,-987.7230769230769,5.718333333333334,17.337078651685392,56.109550561797754,373,71,0.015202763502304524,,17.593837535014007,819
609,0.05,-903.5384615384615,6.1258333333333335,19.698060941828256,58.48476454293629,356,75,0.0147877180255128,,19.878116343490305,96
610,0.05,-1229.584615384615,7.4175,22.865951742627345,61.43699731903485,375,77,0.014516392559853803,,23.12064343163539,220
611,0.05,-1012.1538461538461,7.131666666666667,23.43874643874644,63.87464387464387,361,78,0.01458418667129912,,23.65811965811966,450
612,0.05,-882.5538461538462,5.786666666666667,18.059490084985836,57.46742209631728,364,76,0.014312171904650511,,18.28328611898017,177
613,0.05,-1738.4,16.595,51.735449735449734,95.86507936507937,383,77,0.014606397172235264,,52.92063492063492,277
614,0.05,-718.7076923076924,4.4675,14.946745562130177,53.45266272189349,345,78,0.014420036331140739,,15.153846153846153,499
615,0.05,-922.2615384615385,6.226666666666667,19.416,58.410666666666664,374,77,0.014855859399680439,,19.536,538
616,0.05,-975.553846153846,6.219166666666666,20.214876033057852,58.829201101928376,357,72,0.014911694221969507,,20.418732782369148,215
617,0.05,-702.1076923076923,4.744166666666667,15.772988505747126,54.28448275862069,352,78,0.014478720597225781,,15.982758620689655,745
618,0.05,-1022.0,6.809166666666667,21.50134770889488,60.81401617250674,370,75,0.014097118646652815,,21.739247311827956,776
619,0.05,-1215.1538461538462,7.765,23.544235924932977,62.98659517426273,368,73,0.013604483043006998,,23.80697050938338,222
620,0.05,-1136.1846153846154,7.6033333333333335,22.385826771653544,61.55905511811024,387,76,0.014245130341712089,,22.69291338582677,411
621,0.05,-869.9230769230769,4.965833333333333,16.693693693693692,54.927927927927925,338,76,0.014356731541936835,,16.96096096096096,199
622,0.05,-783.8923076923077,5.1875,17.237536656891496,55.75073313782991,344,77,0.014014042393649883,,17.434017595307918,415
623,0.05,-692.0307692307692,4.5616666666666665,15.078717201166182,52.74635568513119,346,79,0.015368285701453353,,15.332361516034986,562
624,0.05,-1295.5846153846155,10.219166666666666,30.786259541984734,72.59287531806616,385,78,0.014249881037852895,,31.089058524173026,825
625,0.05,-964.7076923076922,6.706666666666667,19.86046511627907,58.90180878552972,392,78,0.014032892714308744,,20.147286821705425,733
626,0.05,-1050.9692307692308,6.591666666666667,19.80851063829787,58.33510638297872,378,76,0.013963406213229883,,20.04787234042553,141
627,0.05,-886.3538461538462,5.885833333333333,18.248,56.40266666666667,373,79,0.014043040226639162,,18.498666666666665,576
628,0.05,-917.7384615384615,6.474166666666667,20.021447721179623,58.552278820375335,372,74,0.013958530014398054,,20.203208556149733,440
629,0.05,-881.3846153846152,5.826666666666667,18.33240223463687,57.46368715083799,363,77,0.013807815060007006,,18.508379888268156,502
630,0.05,-825.2153846153847,5.32,17.15449438202247,55.25561797752809,351,78,0.013493685343826844,,17.40730337078652,181
631,0.05,-1255.753846153846,9.04,28.047619047619047,66.5026455026455,354,74,0.014945376905430739,,28.373015873015873,209
632,0.05,-1048.323076923077,7.1125,22.814917127071823,62.05524861878453,364,75,0.013981982012834815,,23.06353591160221,704
633,0.05,-1028.3538461538462,6.653333333333333,20.254794520547946,59.04383561643836,366,72,0.014307752860008219,,20.454794520547946,245
634,0.05,-770.4307692307693,5.38,16.530831099195712,54.64879356568365,368,79,0.013488342572461651,,16.680965147453083,392
635,0.05,-967.5846153846153,6.604166666666667,21.20775623268698,60.18836565096953,363,73,0.01435656515452653,,21.418282548476455,313
636,0.05,-1116.3846153846155,7.716666666666667,23.922043010752688,63.604838709677416,367,73,0.013517021515968931,,24.18548387096774,869
637,0.05,-672.3230769230769,4.721666666666667,16.07246376811594,54.68115942028985,347,78,0.014063910588141219,,16.269565217391303,91
638,0.05,-858.0615384615385,5.086666666666667,16.441666666666666,54.63055555555555,358,76,0.013842232464224795,,16.663888888888888,88
639,0.05,-1069.3846153846155,7.035833333333334,21.103174603174605,60.695767195767196,380,75,0.014494112548712244,,21.335978835978835,572
640,0.05,-1176.107692307692,7.3775,21.46808510638298,61.058510638297875,388,75,0.014398360087052624,,21.779255319148938,821
641,0.05,-1209.9999999999998,7.448333333333333,23.176943699731904,63.01072386058981,376,71,0.015014361334660794,,23.37265415549598,692
642,0.05,-1101.923076923077,7.88,24.456,64.19733333333333,374,78,0.014593286248247978,,24.685333333333332,486
643,0.05,-1250.9692307692308,7.336666666666667,21.815508021390375,61.11764705882353,391,74,0.014662151193370243,,22.06417112299465,66
644,0.05,-1871.353846153846,12.865833333333333,38.08101265822785,80.11139240506328,411,71,0.014416261371139931,,38.33164556962026,310
645,0.05,-885.4153846153845,5.698333333333333,18.646067415730336,57.03651685393258,355,69,0.014988972895283826,,18.839887640449437,409
646,0.05,-1066.4153846153847,7.074166666666667,21.634920634920636,60.94708994708995,384,76,0.01532542260749159,,21.798941798941797,226
647,0.05,-774.0769230769231,5.0825,15.903133903133902,53.79202279202279,355,79,0.014650600217254124,,16.03409090909091,461
648,0.05,-990.9230769230769,6.331666666666667,19.96505376344086,58.68817204301075,369,70,0.01528521469503909,,20.228494623655912,835
649,0.05,-797.1846153846153,5.2825,18.288235294117648,56.923529411764704,338,71,0.01450720596763347,,18.50588235294118,441
650,0.05,-1091.5692307692307,6.679166666666666,21.55586592178771,61.06703910614525,360,73,0.014990759147465517,,21.8268156424581,248
651,0.05,-831.1384615384616,5.566666666666666,18.58550724637681,56.68695652173913,339,76,0.015116856777881443,,18.776811594202897,187
652,0.05,-792.6307692307691,5.310833333333333,16.90082644628099,54.86501377410468,360,75,0.014911358432626084,,17.264462809917354,849
653,0.05,-1442.353846153846,8.803333333333333,25.784061696658096,65.66323907455013,391,73,0.014568282015298976,,25.994858611825194,135
654,0.05,-861.9384615384615,5.753333333333333,17.498637602179837,56.416893732970024,375,74,0.014446763262377066,,17.67574931880109,117
655,0.05,-835.8307692307692,5.950833333333334,19.066666666666666,57.394444444444446,362,79,0.014499838927321528,,19.302777777777777,327
656,0.05,-831.2,5.504166666666666,17.14092140921409,54.80758807588076,361,73,0.014683374602242245,,17.45528455284553,353
657,0.05,-1059.0307692307692,6.745,20.48421052631579,59.857894736842105,380,74,0.014760345109332199,,20.760526315789473,613
658,0.05,-971.876923076923,5.788333333333333,18.238605898123325,56.54155495978552,375,74,0.014486807290713052,,18.40374331550802,867
659,0.05,-782.2,5.173333333333333,16.708215297450426,55.01983002832861,354,75,0.014859548032464233,,16.988668555240793,723
660,0.05,-969.5076923076923,5.820833333333334,18.66949152542373,57.07627118644068,364,78,0.014874544519241134,,18.858757062146893,70
661,0.05,-967.6923076923077,6.683333333333334,20.989071038251367,60.26229508196721,366,76,0.015017940439878313,,21.224043715846996,870
662,0.05,-738.0153846153846,5.025833333333333,17.55820895522388,55.582089552238806,332,78,0.014925400989685212,,17.782089552238805,275
663,0.05,-931.0153846153847,6.086666666666667,18.97612732095491,57.47214854111406,369,74,0.015448347780452358,,19.193633952254643,805
664,0.05,-1348.3384615384616,8.525,24.76059850374065,64.55112219451371,398,66,0.01516549442648632,,24.987531172069826,384
665,0.05,-950.7384615384615,6.193333333333333,19.725,57.5,348,73,0.014518051224063378,,19.8808864265928,19
666,0.05,-1318.7384615384617,8.251666666666667,25.376344086021504,64.4758064516129,372,71,0.015126303679743143,,25.60483870967742,419
667,0.05,-1178.9384615384615,7.2475,22.64095744680851,61.359042553191486,371,67,0.014631350734990448,,22.877659574468087,383
668,0.05,-1225.6153846153848,7.3675,22.818918918918918,62.16216216216216,383,72,0.015002162019656018,,23.056756756756755,604
669,0.05,-718.5692307692308,4.858333333333333,18.28205128205128,56.38782051282051,308,77,0.015838547019913347,,18.53205128205128,838
670,0.05,-830.7692307692308,5.036666666666667,16.798192771084338,54.62048192771084,331,75,0.015674744014008785,,16.90119760479042,759
671,0.05,-1012.2307692307693,6.2425,20.02279202279202,58.94017094017094,358,76,0.015517608681321002,,20.181818181818183,800
672,0.05,-1133.7384615384615,7.515,23.07915567282322,62.86807387862797,393,75,0.01584612085806565,,23.308707124010553,610
673,0.05,-1164.892307692308,6.94,20.44702842377261,59.7390180878553,398,76,0.015995900665841965,,20.638242894056848,770
674,0.05,-941.9538461538461,6.3225,20.74576271186441,59.144067796610166,348,73,0.015987511823696007,,21.01412429378531,381
675,0.05,-1153.523076923077,8.1175,24.005102040816325,63.05612244897959,383,77,0.016136412625941572,,24.2264631043257,846
676,0.05,-1084.6923076923078,6.745833333333334,21.64819944598338,60.26592797783933,362,72,0.01551740852360403,,21.8808864265928,385
677,0.05,-931.3846153846154,6.285,20.04054054054054,58.90810810810811,364,73,0.016080736539387575,,20.272972972972973,666
678,0.05,-1152.4153846153845,7.005833333333333,21.822535211267606,60.83661971830986,364,75,0.015878047098460718,,22.047887323943662,742
679,0.05,-927.9076923076923,5.68,18.132022471910112,56.842696629213485,361,75,0.01523057654865933,,18.292134831460675,678
680,0.05,-955.646153846154,6.1466666666666665,19.22872340425532,58.726063829787236,371,73,0.01457895845526465,,19.52127659574468,322
681,0.05,-837.0461538461539,5.276666666666666,17.968023255813954,56.5843023255814,349,76,0.014740609666247325,,18.1453488372093,175
682,0.05,-1042.5846153846153,6.7908333333333335,21.136612021857925,59.576502732240435,355,72,0.01510530005471766,,21.415300546448087,815
683,0.05,-763.9846153846154,4.925,15.994397759103641,54.57422969187675,358,73,0.014522486006899064,,16.27170868347339,363
684,0.05,-665.5076923076923,4.076666666666667,13.794202898550724,51.597101449275364,345,77,0.013917978862641218,,13.994202898550725,38
685,0.05,-829.676923076923,5.98,18.393530997304584,57.42857142857143,370,79,0.01495576182110071,,18.61455525606469,720
686,0.05,-1124.0153846153846,7.596666666666667,23.644562334217508,63.46419098143236,375,75,0.01509952566449128,,23.907161803713528,480
687,0.05,-759.0923076923077,5.144166666666667,17.201704545454547,55.51136363636363,346,76,0.014576538408463449,,17.43465909090909,395
688,0.05,-876.7076923076922,6.179166666666666,19.005277044854882,57.55145118733509,380,76,0.014158441063619165,,19.28759894459103,774
689,0.05,-868.9846153846154,5.841666666666667,18.742937853107346,57.32203389830509,359,78,0.014858356385038686,,18.963276836158194,810
690,0.05,-870.6461538461538,5.5633333333333335,18.07909604519774,56.61864406779661,355,75,0.014936668831362935,,18.282485875706215,247
691,0.05,-930.8615384615384,5.761666666666667,17.617886178861788,56.72357723577236,376,76,0.015398268600245507,,17.869918699186993,123
692,0.05,-1174.9076923076923,7.8825,22.884422110552762,62.80402010050251,392,74,0.015417442693369062,,23.22110552763819,97
693,0.05,-805.876923076923,5.3825,19.089783281733745,57.6656346749226,326,77,0.014796000177375273,,19.24458204334365,573
694,0.05,-1037.892307692308,6.190833333333333,18.147222222222222,56.81388888888889,373,76,0.014687781888924084,,18.394444444444446,739
695,0.05,-778.9076923076923,5.666666666666667,18.002824858757062,56.067796610169495,351,79,0.013818058672689206,,18.27683615819209,817
696,0.05,-960.7692307692307,6.180833333333333,19.084656084656086,58.3994708994709,382,73,0.014463225591271143,,19.32804232804233,35
697,0.05,-1153.9846153846152,7.380833333333333,21.252551020408163,60.91326530612245,398,76,0.01435240501360778,,21.494897959183675,341
698,0.05,-1731.8615384615382,14.739166666666666,41.77751196172249,81.78708133971291,398,75,0.014645314102643546,,41.98086124401914,396
699,0.05,-1083.4923076923078,7.144166666666667,21.334183673469386,60.66326530612245,388,76,0.01563451117224548,,21.617346938775512,128
700,0.05,-669.0153846153846,4.685,15.21264367816092,53.160919540229884,350,78,0.015128997783659262,,15.433908045977011,445
701,0.05,-677.0923076923077,3.8875,13.49390243902439,50.951219512195124,325,79,0.014920668273274349,,13.606707317073171,36
702,0.05,-1332.1384615384613,9.395,28.68766404199475,69.44356955380577,381,73,0.015177113326095828,,29.15223097112861,655
703,0.05,-803.123076923077,5.420833333333333,18.09090909090909,56.72159090909091,348,78,0.015828772000881446,,18.326704545454547,797
704,0.05,-1221.3076923076924,6.55,20.51086956521739,59.203804347826086,366,72,0.014791325782787442,,20.82608695652174,878
705,0.05,-1108.6,7.4275,23.087533156498672,62.43766578249337,372,74,0.014674806337243603,,23.251989389920425,684
706,0.05,-858.4461538461538,5.435833333333333,17.385041551246537,55.97506925207756,362,77,0.014572921115355934,,17.60387811634349,202
707,0.05,-865.9846153846153,5.708333333333333,17.612466124661246,56.75609756097561,378,77,0.01512549467907988,,17.758807588075882,785
708,0.05,-1244.6153846153848,7.668333333333333,23.180371352785144,62.790450928381965,395,72,0.01462086740846624,,23.46419098143236,93
709,0.05,-1167.6769230769228,8.056666666666667,24.059278350515463,64.12628865979381,393,78,0.015100176310664248,,24.259640102827763,99
710,0.05,-1272.7692307692307,8.624166666666667,26.3860103626943,66.60362694300518,385,70,0.01482363946681607,,26.6139896373057,0
711,0.05,-955.8307692307692,6.538333333333333,20.14516129032258,59.07258064516129,370,77,0.014761757281725265,,20.33780160857909,243
712,0.05,-1349.4307692307693,7.045833333333333,21.25619834710744,60.06887052341598,373,72,0.014562817992500187,,21.542699724517906,549
713,0.05,-860.5692307692307,5.3533333333333335,18.192419825072886,56.55685131195335,338,75,0.01470817282575665,,18.416909620991255,25
714,0.05,-1045.1846153846154,6.903333333333333,21.326975476839237,59.90190735694823,361,73,0.015033542810496958,,21.57608695652174,438
715,0.05,-897.0307692307692,4.93,16.186246418338108,54.19770773638969,351,75,0.015085602573992982,,16.369627507163322,114
716,0.05,-866.4923076923078,5.6258333333333335,17.11111111111111,54.27777777777778,351,76,0.014291537805763496,,17.344444444444445,473
717,0.05,-901.0307692307692,5.598333333333334,17.240105540897098,55.364116094986805,382,77,0.015046417330323596,,17.525065963060687,857
718,0.05,-1022.0769230769232,6.756666666666667,21.601671309192202,60.891364902506965,363,75,0.01497025302631793,,21.87743732590529,627
719,0.05,-696.3846153846154,4.966666666666667,15.719780219780219,53.73626373626374,354,80,0.015004787080793277,,15.898351648351648,864
720,0.05,-1058.0923076923077,6.101666666666667,19.66189111747851,58.022922636103154,358,70,0.014866850409520205,,19.936962750716333,571
721,0.05,-1241.3384615384616,7.8625,22.034398034398034,61.23095823095823,406,72,0.01534149310392274,,22.24815724815725,274
722,0.05,-1056.5846153846155,7.008333333333334,22.7465564738292,62.65289256198347,363,76,0.014605690846457383,,22.892561983471076,831
723,0.05,-703.2,4.8025,16.768996960486323,55.09726443768997,328,79,0.014339342813319784,,16.9209726443769,476
724,0.05,-798.7846153846153,5.421666666666667,17.974431818181817,56.09659090909091,341,74,0.014261786599940447,,18.150568181818183,673
725,0.05,-762.4769230769232,5.205,16.874301675977655,54.74860335195531,351,76,0.014355760450819467,,17.050279329608937,765
726,0.05,-817.9076923076923,4.798333333333333,15.502890173410405,53.6242774566474,350,77,0.01466879448104449,,15.693641618497109,691
727,0.05,-910.876923076923,6.08,19.04945054945055,58.0,371,79,0.014225892868889731,,19.296703296703296,741
728,0.05,-870.2153846153847,6.115833333333334,18.573684210526316,57.09473684210526,379,75,0.013661117944037583,,18.842105263157894,517
729,0.05,-1158.7076923076922,7.4725,22.01007556675063,61.14861460957179,391,74,0.013399405837221984,,22.2544080604534,644
730,0.05,-636.9538461538461,4.346666666666667,15.727554179566564,53.6656346749226,323,79,0.014049983533166843,,15.904024767801857,698
731,0.05,-940.1846153846154,6.439166666666667,19.48,57.96,368,78,0.01399517454087647,,19.749333333333333,738
732,0.05,-841.7230769230769,5.595833333333333,17.872521246458923,56.6628895184136,366,80,0.014642063415505101,,18.06515580736544,356
733,0.05,-693.0461538461539,4.788333333333333,15.98583569405099,54.37110481586402,345,78,0.013834283342277232,,16.195467422096318,594
734,0.05,-810.8153846153846,4.98,15.407202216066482,52.96952908587257,352,77,0.013641600902371329,,15.614958448753463,404
735,0.05,-1118.2923076923078,7.12,22.049046321525886,60.555858310626704,366,71,0.013902480148739151,,22.30790190735695,475
736,0.05,-949.4615384615383,5.655,17.89325842696629,56.78651685393258,366,72,0.013482232603952192,,18.18258426966292,601
737,0.05,-857.2153846153847,5.5441666666666665,18.196531791907514,57.052023121387286,351,78,0.012835591112857304,,18.337175792507203,671
738,0.05,-826.5846153846153,5.693333333333333,17.823848238482384,56.62059620596206,362,76,0.013132874149801804,,18.132791327913278,116
739,0.05,-1082.753846153846,7.09,20.554987212276213,58.910485933503836,391,75,0.013700438511083813,,20.757033248081843,686
740,0.05,-868.7230769230769,5.951666666666667,18.35372340425532,56.6436170212766,372,76,0.013433005818074807,,18.59840425531915,458
741,0.05,-863.7230769230769,5.965833333333333,19.60632183908046,58.247126436781606,347,77,0.013338865744494137,,19.75358166189112,579
742,0.05,-866.7076923076924,5.675833333333333,18.6875,57.57386363636363,355,76,0.013251637448275181,,18.886363636363637,241
743,0.05,-1319.6769230769232,8.276666666666667,23.727506426735218,63.573264781491005,396,73,0.01368016080769577,,23.979434447300772,236
744,0.05,-913.5384615384615,6.011666666666667,18.626344086021504,57.534946236559136,371,74,0.013716665071329185,,18.8252688172043,74
745,0.05,-1886.1384615384616,11.951666666666666,33.64748201438849,74.85611510791367,411,68,0.013751495168389232,,34.31175059952039,625
746,0.05,-1038.230769230769,6.965833333333333,20.799479166666668,60.0390625,378,74,0.014746447956942096,,21.020833333333332,463
747,0.05,-906.446153846154,6.3275,19.67914438502674,58.783422459893046,370,78,0.01377901488827368,,19.954545454545453,468
748,0.05,-925.9999999999999,6.655833333333334,21.122282608695652,60.328804347826086,367,80,0.014135182382010851,,21.257452574525747,139
749,0.05,-920.4923076923078,6.0175,18.732970027247955,58.05449591280654,372,77,0.014124866852865665,,19.005449591280655,459
750,0.05,-981.2307692307692,6.265,19.684491978609625,58.775401069518715,370,75,0.013670294597976295,,19.91711229946524,442
751,0.05,-895.1692307692308,5.891666666666667,19.717579250720462,58.804034582132566,349,78,0.01384385871516475,,19.95100864553314,833
752,0.05,-1221.2,7.568333333333333,22.12060301507538,61.44221105527638,393,75,0.01426120040665292,,22.314070351758794,593
753,0.05,-899.076923076923,6.045833333333333,18.525469168900806,56.74798927613941,366,77,0.01470948696751917,,18.74798927613941,136
754,0.05,-1138.5846153846153,7.3133333333333335,23.005649717514125,62.75141242937853,361,70,0.014827399976456771,,23.285310734463277,773
755,0.05,-1133.9384615384615,7.5025,22.620512820512822,61.43076923076923,381,72,0.014402801295683982,,22.876923076923077,122
756,0.05,-1284.9846153846154,8.1825,24.689922480620154,64.35658914728683,379,72,0.014551791298647672,,24.953488372093023,278
757,0.05,-933.8307692307692,6.638333333333334,20.473821989528794,59.675392670157066,377,76,0.015152606824848093,,20.662303664921467,115
758,0.05,-1082.7846153846153,7.253333333333333,21.676092544987146,60.31619537275064,384,72,0.015240789774840854,,21.894601542416453,95
759,0.05,-1313.1999999999998,8.291666666666666,24.228426395939085,63.51776649746193,390,70,0.01533079241958566,,24.487309644670052,437
760,0.05,-815.0461538461539,5.575833333333334,17.654794520547945,55.679452054794524,357,75,0.014564395265270529,,17.843835616438355,41
761,0.05,-746.9846153846154,4.83,15.919770773638968,54.108882521489974,355,78,0.015137554778493614,,16.24641833810888,48
762,0.05,-1048.0923076923077,6.703333333333333,20.893333333333334,60.38933333333333,381,72,0.015238699707683025,,21.186666666666667,163
763,0.05,-1056.9076923076923,6.038333333333333,19.672364672364672,58.324786324786324,362,73,0.01501885055086915,,19.891737891737893,138
764,0.05,-1234.0307692307692,7.644166666666667,23.56233421750663,63.59151193633952,379,72,0.015110258226929183,,23.811671087533156,454
765,0.05,-904.1384615384616,6.095,19.10810810810811,57.456756756756754,366,74,0.013847751952589521,,19.356756756756756,581
766,0.05,-911.4615384615385,5.8075,18.52861035422343,57.38964577656676,362,80,0.014274808631287548,,18.705722070844686,9
767,0.05,-847.9076923076923,6.125,19.153638814016173,57.679245283018865,359,82,0.014172098370065403,,19.334231805929917,57
768,0.05,-712.6923076923077,4.5075,15.143292682926829,53.176829268292686,334,76,0.014585835308064793,,15.283536585365853,205
769,0.05,-710.0461538461539,4.783333333333333,16.420895522388058,54.84776119402985,330,78,0.014465194637628484,,16.71044776119403,713
770,0.05,-899.8615384615384,5.700833333333334,18.532394366197185,57.46478873239437,363,77,0.013634690154418535,,18.845070422535212,56
771,0.05,-1476.769230769231,12.65,38.72279792746114,80.44041450777202,356,77,0.014083740346132294,,39.015544041450774,302
772,0.05,-766.9538461538461,4.39,15.51875,53.471875,316,78,0.014262047197952288,,15.6625,307
773,0.05,-773.0307692307692,5.535,18.0,56.254189944134076,351,82,0.014017240362604197,,18.125348189415043,297
774,0.05,-1122.476923076923,7.5275,22.00507614213198,60.58629441624365,378,76,0.013572725339294867,,22.225888324873097,140
775,0.05,-1344.0153846153848,8.830833333333333,24.55061728395062,64.54567901234567,407,72,0.012974532049932328,,24.807407407407407,795
776,0.05,-1144.5076923076924,7.134166666666666,20.787012987012986,60.12987012987013,394,77,0.013613633526977139,,21.09090909090909,521
777,0.05,-1100.5230769230768,7.015833333333333,19.77461139896373,59.04922279792746,387,75,0.012620028465562922,,20.093264248704664,17
778,0.05,-813.2461538461538,5.5183333333333335,17.581267217630852,55.16804407713499,345,76,0.012553505155324262,,17.8099173553719,494
779,0.05,-731.9846153846154,4.946666666666666,16.546242774566473,55.32947976878613,346,80,0.012837526407062476,,16.786127167630056,31
780,0.05,-752.323076923077,5.2025,17.75449101796407,56.00898203592814,335,82,0.012887092129356032,,17.94610778443114,147
781,0.05,-1045.4,7.315,21.330788804071247,61.31297709923664,390,79,0.013010497497228,,21.567430025445294,680
782,0.05,-868.7384615384615,6.166666666666667,20.24576271186441,58.663841807909606,350,78,0.012617594897123144,,20.46045197740113,30
783,0.05,-874.0307692307692,6.006666666666667,19.210084033613445,58.27450980392157,356,78,0.01275134155434231,,19.431372549019606,567
784,0.05,-805.4461538461538,5.556666666666667,17.08839779005525,55.97790055248619,369,78,0.012482480597894162,,17.314917127071823,470
785,0.05,-749.5999999999999,4.848333333333334,16.35243553008596,54.53581661891118,345,77,0.012668034355569327,,16.515759312320917,514
786,0.05,-1120.676923076923,7.2491666666666665,22.553977272727273,62.05113636363637,363,76,0.013405700614094582,,22.821022727272727,101
787,0.05,-1148.1538461538462,7.7283333333333335,23.666666666666668,63.622395833333336,380,75,0.013261969906888625,,23.919270833333332,331
788,0.05,-1248.5384615384614,7.8933333333333335,24.002604166666668,63.408854166666664,379,74,0.013172482876914143,,24.322916666666668,15
789,0.05,-1067.230769230769,7.0,21.02910052910053,59.56878306878307,378,75,0.013409418209229798,,21.293650793650794,456
790,0.05,-912.2,6.1475,19.81388888888889,58.416666666666664,357,74,0.014090164817365929,,20.083333333333332,652
791,0.05,-805.1384615384616,5.45,16.8,55.23098591549296,361,80,0.014141804306840262,,17.036619718309858,159
792,0.05,-708.8307692307693,4.6875,15.13623188405797,53.02608695652174,349,76,0.0136856391488274,,15.263005780346822,191
793,0.05,-965.3846153846155,7.04,21.27061855670103,60.1958762886598,379,76,0.013922271658270773,,21.528350515463917,110
794,0.05,-1668.246153846154,11.055833333333334,31.793017456359102,72.59850374064838,393,69,0.01492458241322598,,32.418952618453865,507
795,0.05,-969.8153846153846,6.875,20.35264483627204,59.476070528967256,391,79,0.014811810971588435,,20.54911838790932,178
796,0.05,-592.7846153846153,4.17,14.461077844311378,51.464071856287426,322,79,0.014004411229914535,,14.658682634730539,707
797,0.05,-1052.5538461538463,7.04,21.15447154471545,60.170731707317074,371,79,0.01472666626446303,,21.40379403794038,580
798,0.05,-987.1692307692308,6.801666666666667,21.16578947368421,60.65,381,73,0.01451540404956785,,21.4,709
799,0.05,-1205.1384615384616,8.035,22.665753424657535,61.85753424657534,363,72,0.014784046971431014,,22.89041095890411,254
800,0.05,-955.4307692307691,6.238333333333333,19.16304347826087,58.244565217391305,376,75,0.015242323469860087,,19.47826086956522,515
801,0.05,-961.6615384615385,5.994166666666667,19.36827195467422,57.54390934844193,350,72,0.014150961147834205,,19.61473087818697,405
802,0.05,-703.1846153846154,4.681666666666667,15.734513274336283,54.4070796460177,344,79,0.013997244090977903,,15.932153392330383,771
803,0.05,-1000.3692307692309,6.755833333333333,20.78590785907859,59.83468834688347,376,77,0.014439934515296871,,20.954177897574123,578
804,0.05,-910.2461538461539,5.839166666666666,19.00558659217877,57.212290502793294,351,73,0.014401582725439814,,19.156424581005588,767
805,0.05,-870.553846153846,5.8125,18.824512534818943,57.62395543175487,355,77,0.014206387978766884,,19.041782729805014,591
806,0.05,-663.7230769230769,4.98,17.080357142857142,55.38988095238095,333,82,0.014760098727582313,,17.288690476190474,751
807,0.05,-1107.3538461538462,6.8966666666666665,20.676315789473684,60.12894736842105,389,72,0.014143076210278034,,20.926315789473684,703
808,0.05,-1053.3076923076924,7.0441666666666665,21.623342175066313,61.647214854111404,386,74,0.013332529972750383,,21.93368700265252,840
809,0.05,-857.5846153846153,5.72,18.980113636363637,58.00284090909091,352,77,0.014267481966282561,,19.210227272727273,768
810,0.05,-949.8307692307693,6.3308333333333335,19.385416666666668,58.4609375,373,73,0.014180864517759108,,19.619791666666668,315
811,0.05,-780.3999999999999,5.3175,16.962162162162162,55.64324324324324,363,75,0.013212019649145503,,17.221621621621622,430
812,0.05,-833.8923076923077,4.6875,15.31908831908832,53.458689458689456,354,75,0.01320158220599735,,15.621082621082621,852
813,0.05,-1024.8,6.7225,20.361256544502616,59.803664921465966,381,72,0.01356733366964932,,20.667539267015705,78
814,0.05,-990.1692307692306,6.76,21.278378378378378,60.82702702702703,373,79,0.013625569965655712,,21.505405405405405,836
815,0.05,-927.0461538461537,5.840833333333333,18.9768115942029,58.16811594202898,355,75,0.013002100909301172,,19.1768115942029,422
816,0.05,-841.323076923077,5.775833333333333,18.862745098039216,56.88515406162465,349,76,0.013181247560585564,,19.162464985994397,687
817,0.05,-906.446153846154,6.37,19.862533692722373,59.285714285714285,381,78,0.013717912412134683,,20.088948787061994,203
818,0.05,-681.0,4.549166666666666,15.632047477744807,53.02077151335312,327,76,0.01321881250545786,,15.801186943620179,876
819,0.05,-776.8615384615384,5.1875,16.91899441340782,55.29608938547486,355,77,0.013221583679293675,,17.150837988826815,90
820,0.05,-803.7692307692308,5.689166666666667,18.24,56.785714285714285,353,81,0.013115975482007478,,18.517142857142858,754
821,0.05,-667.3538461538462,4.371666666666667,14.758928571428571,52.482142857142854,337,75,0.013091955336901813,,14.985119047619047,556
822,0.05,-1140.3384615384616,7.565,22.921259842519685,62.68503937007874,389,77,0.013427890220665473,,23.125984251968504,154
823,0.05,-739.2461538461539,5.43,18.58235294117647,57.26470588235294,345,78,0.01348344372165003,,18.729411764705883,358
824,0.05,-772.8461538461539,4.904166666666667,15.895348837209303,53.906976744186046,354,78,0.012809079439362131,,16.127906976744185,516
825,0.05,-886.3384615384615,5.739166666666667,17.44141689373297,56.31607629427793,370,75,0.01328836718529397,,17.735694822888284,47
826,0.05,-1072.0923076923077,7.1866666666666665,22.474393530997304,62.32614555256065,371,70,0.013409526914583622,,22.711590296495956,487
827,0.05,-896.0307692307694,6.6425,21.06830601092896,60.60109289617486,370,81,0.013120031241455308,,21.30054644808743,285
828,0.05,-1037.753846153846,5.4816666666666665,16.744444444444444,54.63333333333333,369,73,0.012768419620601794,,16.983333333333334,195
829,0.05,-806.5384615384615,5.3566666666666665,18.094117647058823,55.88529411764706,334,78,0.012701361123192197,,18.270588235294117,637
830,0.05,-1096.0307692307692,7.185,21.090425531914892,59.83244680851064,375,76,0.01277400164267087,,21.27659574468085,305
831,0.05,-1473.123076923077,9.7275,28.542416452442158,68.82005141388174,396,72,0.013516286874254697,,28.809768637532134,889
832,0.05,-729.9384615384615,4.835,15.718840579710145,53.21739130434783,351,78,0.013412295640166765,,15.947826086956521,761
833,0.05,-792.8,5.868333333333333,18.40909090909091,57.74598930481283,373,82,0.014580835918194424,,18.56951871657754,607
834,0.05,-1262.0153846153846,8.246666666666666,24.912371134020617,64.89432989690722,388,78,0.01412136200292031,,25.170103092783506,10
835,0.05,-950.2153846153847,6.2075,19.26502732240437,58.07103825136612,376,76,0.014326346836427278,,19.527322404371585,898
836,0.05,-1028.4307692307693,6.615,20.211796246648795,59.32171581769437,380,75,0.014843673637918199,,20.4798927613941,157
837,0.05,-890.7384615384616,6.015833333333333,18.795148247978435,57.03234501347709,363,77,0.015064021803254458,,18.951482479784367,725
838,0.05,-803.5230769230769,5.78,18.007957559681696,56.16710875331565,369,82,0.014556233429836078,,18.211640211640212,858
839,0.05,-1082.9384615384615,7.32,21.93622448979592,59.732142857142854,356,74,0.014749943789047312,,22.18622448979592,550
840,0.05,-1532.876923076923,10.060833333333333,28.782608695652176,68.9079283887468,386,77,0.014292362125187965,,29.017902813299234,873
841,0.05,-1058.0153846153846,8.325,26.513368983957218,66.18983957219251,364,78,0.014868094833141339,,26.671122994652407,696
842,0.05,-915.6153846153848,5.736666666666666,17.669354838709676,56.16129032258065,368,73,0.014714581143084129,,17.922043010752688,76
843,0.05,-919.8153846153846,6.5175,20.747222222222224,60.25277777777778,361,81,0.014508228313144887,,20.988888888888887,311
844,0.05,-1619.0615384615385,11.340833333333334,31.62559241706161,72.88388625592417,407,74,0.014470352990530068,,31.959715639810426,350
845,0.05,-809.2461538461539,5.525833333333333,17.957507082152976,56.52691218130312,358,80,0.014468919395611556,,18.192634560906516,417
846,0.05,-1024.3076923076924,6.315833333333333,19.353562005277045,57.9155672823219,373,76,0.014155083510656545,,19.601583113456464,807
847,0.05,-1112.523076923077,7.923333333333333,24.307894736842105,63.42368421052632,374,78,0.013979461572420328,,24.510526315789473,855
848,0.05,-1008.2769230769231,6.474166666666667,19.5748031496063,58.026246719160106,369,74,0.014413432245090618,,19.808398950131235,639
849,0.05,-810.9692307692306,5.4075,17.514285714285716,55.50857142857143,346,81,0.013689726123975463,,17.748571428571427,390
850,0.05,-768.2,5.4325,18.154518950437318,57.10787172011662,351,79,0.013834216237223175,,18.355685131195337,820
851,0.05,-882.1384615384616,5.590833333333333,17.372549019607842,55.72268907563025,362,80,0.013907433495752427,,17.560224089635856,371
852,0.05,-872.9384615384615,6.52,20.316804407713498,59.319559228650135,364,79,0.01408008464347505,,20.512396694214875,14
853,0.05,-733.6923076923077,4.973333333333334,15.98314606741573,54.92696629213483,358,79,0.014137608147924894,,16.162921348314608,743
854,0.05,-687.5692307692307,4.48,14.567335243553009,52.06590257879656,347,78,0.014243177294115977,,14.873925501432664,265
855,0.05,-928.1076923076923,6.149166666666667,19.225626740947074,57.72701949860724,355,73,0.013967007214634827,,19.52367688022284,541
856,0.05,-842.2461538461539,5.405,17.35,55.52777777777778,360,72,0.013867271828465241,,17.630555555555556,317
857,0.05,-911.6461538461538,5.608333333333333,18.036931818181817,56.10511363636363,355,76,0.01423996468905442,,18.258522727272727,359
858,0.05,-971.2615384615385,6.7425,20.89572192513369,59.657754010695186,368,77,0.014696245733810958,,21.09090909090909,762
859,0.05,-1258.107692307692,8.473333333333333,24.685185185185187,64.994708994709,392,75,0.014867795180487902,,24.93915343915344,884
860,0.05,-925.8,5.128333333333333,16.317808219178083,54.33972602739726,361,83,0.014020926452570902,,16.523287671232875,453
861,0.05,-838.876923076923,5.93,18.706043956043956,57.27197802197802,366,79,0.013779900985942053,,18.986263736263737,621
862,0.05,-944.7846153846153,6.53,20.53443526170799,59.611570247933884,366,75,0.013825071974524858,,20.78236914600551,332
863,0.05,-774.4615384615386,5.180833333333333,16.945714285714285,55.55714285714286,359,77,0.014112312523736986,,17.15714285714286,697
864,0.05,-899.0461538461539,5.7283333333333335,18.649425287356323,56.39655172413793,351,72,0.014458256965693783,,18.899425287356323,705
865,0.05,-721.3076923076924,4.45,15.74164133738602,53.036474164133736,314,72,0.014495441562078626,,15.939209726443769,827
866,0.05,-1195.4,6.7675,19.46315789473684,58.52368421052632,391,75,0.014368540374663487,,19.773684210526316,269
867,0.05,-1128.6769230769232,7.130833333333333,23.485795454545453,63.38920454545455,356,76,0.0138172469721139,,23.75,552
868,0.05,-1110.0153846153846,7.501666666666667,22.908616187989555,62.287206266318535,377,73,0.014263601318026578,,23.10182767624021,149
869,0.05,-1019.6769230769231,7.410833333333334,21.713554987212277,61.26342710997442,385,80,0.01403939403868625,,21.982097186700766,148
870,0.05,-1270.7076923076922,7.690833333333333,22.850666666666665,60.848,363,75,0.01439421589409629,,23.08,344
871,0.05,-952.4307692307693,5.9675,18.247978436657682,56.74393530997305,364,72,0.013787275510223972,,18.533692722371967,79
872,0.05,-1302.6,8.455,25.16793893129771,64.70483460559797,393,69,0.014368333786360274,,25.40966921119593,672
873,0.05,-654.1692307692308,4.238333333333333,14.901197604790418,52.38922155688623,319,78,0.013985594629041753,,15.053892215568862,585
874,0.05,-1121.3846153846155,5.928333333333334,18.85112359550562,56.848314606741575,355,74,0.013875308777148054,,19.087078651685392,270
875,0.05,-996.0615384615385,7.075,21.445026178010473,61.02094240837696,388,77,0.013625354781730754,,21.670157068062828,330
876,0.05,-1224.9846153846152,6.788333333333333,20.570200573065904,59.63323782234957,360,73,0.013218932509787822,,20.87106017191977,609
877,0.05,-897.076923076923,6.47,20.156756756756756,57.84324324324324,351,76,0.013742814204613452,,20.394594594594594,303
878,0.05,-773.0307692307692,4.901666666666666,15.370262390670554,52.92128279883382,346,75,0.013681852268356927,,15.653061224489797,848
879,0.05,-943.4923076923077,6.755,21.2722371967655,59.59568733153639,359,82,0.014020174072125104,,21.433962264150942,272
880,0.05,-1037.2923076923078,6.598333333333334,21.252808988764045,60.842696629213485,365,74,0.013670403841978823,,21.446629213483146,424
881,0.05,-1206.8461538461538,7.2825,21.845549738219894,61.38743455497382,384,71,0.014229043348436537,,22.06544502617801,669
882,0.05,-1144.2923076923075,7.365,21.7720207253886,61.76424870466321,395,73,0.013952655749802893,,22.036269430051814,8
883,0.05,-1203.8615384615384,8.0825,24.139896373056995,64.37046632124353,393,75,0.014232477487697353,,24.3419689119171,255
884,0.05,-925.4615384615385,6.8475,20.96816976127321,60.6551724137931,383,81,0.014429921568432825,,21.3342175066313,818
885,0.05,-817.876923076923,5.3775,17.44507042253521,55.80845070422535,356,74,0.014167736867042317,,17.622535211267607,582
886,0.05,-838.9230769230769,5.348333333333334,16.969101123595507,55.46629213483146,356,76,0.014910715141272688,,17.132022471910112,289
887,0.05,-1287.8307692307692,9.2025,27.26835443037975,68.0126582278481,395,76,0.013730389590020858,,27.5746835443038,794
888,0.05,-1038.5384615384614,7.525,24.963068181818183,65.3721590909091,357,84,0.014099909126537042,,25.144886363636363,482
889,0.05,-904.769230769231,6.516666666666667,20.53494623655914,59.693548387096776,371,79,0.013721536700724846,,20.817204301075268,59
890,0.05,-1176.9076923076923,8.574166666666667,24.59950248756219,64.40049751243781,402,76,0.01380338439445067,,24.83582089552239,263
891,0.05,-1104.0,7.831666666666667,24.379679144385026,63.344919786096256,368,77,0.01387029616497881,,24.622994652406415,144
892,0.05,-1013.4000000000001,6.241666666666666,20.303724928366762,59.315186246418335,353,75,0.014264124052026303,,20.587392550143267,782
893,0.05,-1068.7230769230769,5.9175,18.06005221932115,57.06005221932115,385,76,0.013589161329139522,,18.194300518134714,569
894,0.05,-763.7076923076922,5.3375,17.277310924369747,55.17927170868347,352,78,0.014272468537362344,,17.557422969187677,804
895,0.05,-1058.6615384615386,6.703333333333333,19.48404255319149,58.91489361702128,378,78,0.013794167473813823,,19.731382978723403,711
896,0.05,-723.0307692307692,4.0408333333333335,13.72809667673716,51.57703927492447,336,75,0.013919897648056241,,13.909365558912386,54
897,0.05,-895.2461538461539,6.121666666666667,19.69187675070028,58.35294117647059,362,76,0.01441983550697306,,19.92436974789916,261
898,0.05,-1019.2769230769229,6.745,20.835106382978722,59.94946808510638,374,76,0.0138996026245319,,21.05851063829787,659
899,0.05,-918.0153846153846,5.883333333333334,18.39516129032258,56.04838709677419,356,74,0.014642817304742232,,18.650537634408604,760
