episode,epsilon,total_reward,avg_queue,avg_wait_s,avg_travel_s,throughput,switches,td_loss,q_table_states,avg_delay_s,traffic_seed
0,1.0,-1927.876923076923,6.015833333333333,8.09156626506024,75.73132530120482,841,141,46.421232325658956,214,8.216867469879517,349
1,0.9945,-2258.9307692307693,7.67,10.701421800947868,76.92890995260663,827,135,65.59698623631292,353,10.825829383886257,690
2,0.989,-2182.4384615384615,7.066666666666666,9.110059171597634,77.19289940828402,849,132,55.597622755388315,455,9.231952662721893,413
3,0.9835,-2323.1153846153848,7.55,9.440518256772673,78.40518256772674,844,131,60.827451543562034,531,9.568904593639576,889
4,0.9781,-2223.1769230769232,7.645833333333333,10.907594936708861,80.37974683544304,780,139,57.295841288100775,592,11.032911392405063,348
5,0.9726,-2527.1846153846154,8.335833333333333,12.04911838790932,81.03400503778337,811,125,69.28545143769676,667,12.180100755667507,776
6,0.9673,-2130.2384615384617,7.196666666666666,9.723112128146454,77.9370709382151,857,132,47.911852598420374,712,9.884439359267734,104
7,0.9619,-2436.6538461538466,8.17,11.495798319327731,80.63385354141657,811,139,65.01474799325425,746,11.626650660264106,488
8,0.9566,-2751.992307692308,8.66,11.359499431171786,80.52901023890784,876,131,74.25254975951147,788,11.507394766780433,278
9,0.9513,-1919.676923076923,5.948333333333333,8.351285189718482,77.37086903304774,828,133,39.174083401658415,823,8.48470012239902,180
10,0.946,-2177.369230769231,6.659166666666667,9.115151515151515,80.01454545454546,822,134,52.80278416637549,849,9.26060606060606,851
11,0.9408,-2119.6461538461535,6.660833333333334,8.6848635235732,75.75434243176178,812,139,47.37431714918791,871,8.808933002481389,726
12,0.9356,-2071.5384615384614,6.5841666666666665,9.312652068126521,77.9294403892944,815,126,44.42552343783546,904,9.437956204379562,687
13,0.9304,-1588.7615384615385,5.560833333333333,7.929611650485437,74.6881067961165,810,143,28.754873584757625,922,8.055757575757577,778
14,0.9253,-2338.8923076923074,8.0525,10.790284360189574,80.93601895734596,856,137,54.72929071980441,939,10.951421800947868,319
15,0.9202,-2272.7000000000003,7.1066666666666665,9.314792899408284,76.17159763313609,857,128,48.86416386595996,957,9.472189349112426,571
16,0.9151,-2204.6923076923076,7.786666666666667,11.026666666666667,81.0569696969697,826,136,49.08642860020368,969,11.163636363636364,639
17,0.91,-2420.9153846153845,8.565,11.140430351075878,82.05775764439412,867,131,60.97313912184008,986,11.312570781426954,78
18,0.905,-2358.5,7.4775,9.934331797235023,78.45276497695852,855,141,59.7262114439347,1015,10.100230414746544,83
19,0.9,-2072.076923076923,6.4325,9.12713936430318,76.85452322738386,823,134,45.03474323665465,1025,9.26283618581907,875
20,0.895,-2135.176923076923,6.883333333333334,9.38231780167264,77.82556750298686,836,129,40.305713157778904,1048,9.53405017921147,299
21,0.89,-2011.2846153846153,6.564166666666667,9.28623188405797,78.88526570048309,836,139,40.72709657036326,1055,9.458937198067632,417
22,0.8851,-2166.1076923076926,7.395833333333333,10.37785800240674,78.06016847172081,842,132,57.25943622882323,1077,10.525872442839951,479
23,0.8802,-1631.730769230769,5.180833333333333,7.523566878980891,75.34777070063694,797,132,27.45985397664117,1098,7.672611464968153,533
24,0.8753,-1834.7692307692307,6.1466666666666665,8.402395209580838,77.837125748503,839,137,33.3381294298277,1107,8.540119760479042,464
25,0.8705,-2001.8692307692309,6.21,8.123873873873874,75.77364864864865,881,129,41.688139822796785,1122,8.245219347581552,136
26,0.8657,-2100.9153846153845,6.835833333333333,9.30484988452656,78.78752886836028,863,131,45.26032407553123,1137,9.419168591224018,849
27,0.8609,-1720.876923076923,5.764166666666667,7.880473372781065,75.47928994082841,844,142,30.991814705312795,1147,8.02836879432624,503
28,0.8561,-1804.4923076923078,6.145833333333333,8.418292682926829,77.38048780487804,816,138,32.64254229932457,1154,8.542021924482338,442
29,0.8514,-2394.0384615384614,7.7125,10.1537558685446,80.07629107981221,845,127,50.15174564612986,1165,10.305164319248826,219
30,0.8467,-1996.853846153846,6.976666666666667,9.238148984198645,76.90067720090293,866,136,43.56646516511303,1171,9.380361173814899,601
31,0.842,-2634.2076923076925,9.101666666666667,11.921857304643261,81.92298980747452,879,132,59.22546744660174,1181,12.066817667044168,518
32,0.8373,-1868.553846153846,5.993333333333333,8.131611316113162,75.1931119311193,825,129,41.53272627892957,1189,8.266912669126691,716
33,0.8327,-1933.5307692307692,6.449166666666667,8.903456495828367,75.84743742550656,848,126,42.358251879153606,1199,9.053635280095351,85
34,0.8281,-1500.1846153846154,4.9,7.154037267080746,72.75776397515529,810,135,29.01122144007248,1212,7.279503105590062,570
35,0.8235,-1855.3307692307694,6.325833333333334,8.541327124563447,76.62514551804423,855,137,39.75945447272476,1229,8.692665890570431,377
36,0.819,-2098.576923076923,6.929166666666666,9.723636363636365,78.58060606060606,824,128,48.070975561139925,1248,9.85939393939394,615
37,0.8144,-1742.9846153846154,5.61,7.811735941320293,75.71515892420538,830,134,31.972866077520994,1257,7.93520782396088,273
38,0.8099,-1714.1384615384613,5.8966666666666665,8.017667844522968,76.08127208480565,857,142,29.361759806242418,1262,8.147058823529411,471
39,0.8054,-1644.046153846154,5.429166666666666,7.2011494252873565,74.57241379310345,848,141,35.06445891923581,1268,7.354022988505747,213
40,0.801,-2135.946153846154,7.221666666666667,10.604244694132335,79.34706616729089,803,135,48.304943997175336,1274,10.731585518102372,70
41,0.7966,-1778.5153846153846,5.5225,7.210161662817552,73.09815242494226,897,136,37.61394340967615,1282,7.354503464203233,774
42,0.7922,-1707.6692307692306,5.776666666666666,7.801955990220049,76.47555012224939,832,139,35.02035597723363,1289,7.93520782396088,271
43,0.7878,-1973.8615384615382,6.013333333333334,8.509876543209877,77.61851851851851,817,136,44.183771325381045,1306,8.674074074074074,34
44,0.7834,-1848.7153846153847,5.979166666666667,8.222090261282661,76.74821852731591,844,128,38.400675496063045,1317,8.363420427553445,433
45,0.7791,-1840.8384615384616,5.986666666666666,8.338199513381996,75.00851581508516,812,123,36.292819257299506,1331,8.498783454987835,328
46,0.7748,-1774.2615384615387,5.939166666666667,8.40264423076923,76.35817307692308,830,136,34.34174965395645,1342,8.544471153846153,769
47,0.7705,-1703.0076923076922,5.520833333333333,7.906288532675709,74.89889025893959,794,130,30.507276230614455,1352,8.048088779284834,842
48,0.7662,-1794.3307692307692,6.2025,8.623345367027678,77.27316486161251,822,132,34.541162962289086,1361,8.764139590854393,826
49,0.762,-1740.376923076923,5.9175,8.056085918854416,76.57756563245823,834,137,34.80395352750169,1370,8.182577565632458,403
50,0.7578,-1960.523076923077,6.435833333333333,8.992610837438423,77.86822660098522,824,141,43.12585748569057,1376,9.119458128078819,295
51,0.7536,-1639.5615384615385,5.616666666666666,8.120987654320988,75.72469135802469,798,140,31.46168962443841,1378,8.264197530864198,895
52,0.7494,-1962.7384615384617,6.1625,8.521634615384615,75.27524038461539,819,137,42.06376573284164,1391,8.646634615384615,645
53,0.7453,-1549.4692307692308,5.070833333333334,7.731865284974093,74.26165803108809,766,129,33.573259138749734,1399,7.857697283311772,751
54,0.7411,-1989.9923076923078,6.753333333333333,9.176608187134503,76.48421052631579,846,138,40.65662691418013,1404,9.348538011695906,617
55,0.737,-1999.0,7.045833333333333,9.73943661971831,79.77816901408451,845,132,49.52351802246368,1413,9.875586854460094,261
56,0.733,-1771.746153846154,5.608333333333333,8.126262626262626,74.70328282828282,785,136,35.94044348677252,1423,8.256313131313131,46
57,0.7289,-1919.5461538461539,5.925,8.0,74.92978208232445,820,129,38.79128169227861,1432,8.138014527845037,775
58,0.7249,-1550.6000000000001,5.340833333333333,7.39976275207592,75.96322657176749,848,143,33.836630936710705,1437,7.551601423487544,208
59,0.7209,-1883.8923076923077,6.198333333333333,8.410046728971963,75.24182242990655,840,124,33.6063308939528,1441,8.550233644859814,694
60,0.7169,-1609.746153846154,5.45,7.841109709962169,77.1828499369483,793,130,33.08559974773981,1446,8.00126103404792,253
61,0.7129,-1836.9384615384615,5.696666666666666,7.845238095238095,75.70952380952382,844,134,36.77744309608633,1451,7.989285714285714,806
62,0.709,-1516.9846153846154,5.2716666666666665,7.63237139272271,75.99498117942284,797,135,30.555718767798226,1459,7.737766624843162,837
63,0.705,-1719.7923076923075,5.344166666666666,7.574572127139365,73.42909535452323,816,136,35.80301875018902,1465,7.756723716381418,896
64,0.7011,-1788.1615384615384,5.73,7.056338028169014,75.39671361502347,869,142,41.65003964641946,1471,7.193661971830986,558
65,0.6973,-1724.2153846153847,5.7175,7.796930342384888,75.32349468713105,849,134,35.4225983990092,1476,7.9397874852420305,670
66,0.6934,-1528.7230769230769,5.0625,6.796930342384888,75.24557260920898,840,135,31.723397051397992,1479,6.9386068476977565,318
67,0.6896,-1976.253846153846,6.935,9.291764705882352,77.87764705882353,843,140,62.707324973608706,1484,9.458823529411765,728
68,0.6858,-1858.0307692307692,6.1225,8.160048134777377,74.85559566787003,835,133,39.36221204648272,1497,8.30806257521059,552
69,0.682,-1615.2384615384615,5.3741666666666665,7.454655380894801,73.94679564691657,820,137,31.481576113522713,1503,7.6094316807738815,452
70,0.6782,-1759.4384615384615,5.825,7.964460784313726,75.69240196078431,846,138,35.38542637091599,1503,8.084455324357405,668
71,0.6744,-1681.5230769230766,5.751666666666667,8.104116222760291,74.45641646489103,830,137,35.36041149815443,1511,8.21549636803874,89
72,0.6707,-1613.6384615384618,5.4725,7.405048076923077,75.73557692307692,821,137,29.45368000763332,1520,7.538461538461538,581
73,0.667,-1657.7769230769231,5.4975,7.804045512010114,74.29835651074589,793,135,36.7262113255178,1530,7.921618204804045,557
74,0.6633,-1619.4846153846156,5.288333333333333,7.248251748251748,74.37645687645687,845,136,35.6153555268045,1535,7.3776223776223775,93
75,0.6596,-1692.3384615384616,5.619166666666667,7.806996381182147,73.61278648974668,816,132,35.980649295718365,1541,7.918072289156626,3
76,0.656,-1781.123076923077,5.3325,7.2461719670200235,72.57597173144876,854,132,34.22111413525845,1549,7.393404004711425,217
77,0.6524,-1479.6769230769232,4.864166666666667,7.386631716906947,76.59239842726082,766,136,33.678402323618805,1555,7.513761467889908,149
78,0.6487,-1562.8461538461538,5.210833333333333,7.470802919708029,74.90754257907543,817,140,33.15424350535989,1558,7.628953771289538,447
79,0.6452,-1754.4615384615383,5.9875,8.150525087514586,75.7024504084014,849,140,37.086604000630416,1562,8.294049008168027,811
80,0.6416,-1674.2769230769231,5.286666666666667,7.257793764988009,73.99400479616307,822,122,33.524931297586015,1568,7.399280575539568,327
81,0.638,-1674.553846153846,5.370833333333334,7.33372641509434,74.79834905660377,842,132,37.72960036787615,1575,7.484669811320755,152
82,0.6345,-1347.7153846153847,4.405833333333334,6.391468005018821,73.66499372647428,775,137,28.4196440568062,1577,6.50564617314931,231
83,0.631,-1717.0307692307692,5.845,8.064670658682635,76.05269461077845,810,134,38.26861770707041,1582,8.18421052631579,757
84,0.6275,-1693.646153846154,5.714166666666666,7.950236966824645,76.6824644549763,859,139,38.27504952479803,1587,8.086492890995261,270
85,0.624,-1762.6153846153848,5.674166666666666,7.6138728323699425,74.91791907514451,859,132,41.71898361542258,1596,7.764161849710983,260
86,0.6206,-1891.4461538461537,6.189166666666667,8.637231503579953,78.82577565632458,850,132,38.28441945664053,1597,8.801909307875896,511
87,0.6171,-2024.7923076923078,6.719166666666666,9.132712456344587,75.18393480791619,846,133,48.795482592148694,1604,9.265424912689173,706
88,0.6137,-1702.1923076923076,5.5183333333333335,7.655990510083037,73.95373665480427,829,132,33.600832679213475,1609,7.791221826809015,614
89,0.6103,-1623.4692307692308,5.504166666666666,7.346650998824912,73.69330199764983,854,129,35.960297573738266,1613,7.507638072855464,710
90,0.607,-1604.2153846153847,5.071666666666666,6.841121495327103,74.47196261682242,856,133,34.405699118781605,1616,6.97196261682243,861
91,0.6036,-1747.4923076923078,5.9425,8.088410991636797,76.88410991636798,837,133,38.53666903847917,1621,8.230585424133812,596
92,0.6003,-1352.7846153846153,4.63,6.557071960297767,73.89205955334988,798,140,30.751906008061745,1623,6.672862453531598,684
93,0.5969,-1776.0769230769233,5.498333333333333,7.309195402298851,74.6655172413793,877,142,39.58142115130675,1626,7.467816091954023,259
94,0.5936,-1578.430769230769,4.884166666666666,6.98978288633461,75.21583652618135,791,130,36.15519325415964,1631,7.144316730523627,767
95,0.5904,-1494.8538461538462,4.9875,7.083839611178615,73.00243013365736,823,132,30.50756032941341,1637,7.215066828675577,860
96,0.5871,-1773.146153846154,5.8425,7.938256658595642,75.72518159806296,834,133,42.304068502304084,1641,8.076271186440678,747
97,0.5838,-1405.4153846153845,4.4575,6.302955665024631,75.04802955665025,829,134,29.16504802201483,1650,6.427339901477833,340
98,0.5806,-1891.4153846153845,6.364166666666667,8.467517401392112,75.73781902552204,840,139,43.09460800934621,1653,8.597447795823665,873
99,0.5774,-1830.9615384615386,5.72,7.561059907834101,73.99193548387096,875,132,44.077358431263846,1659,7.717741935483871,772
100,0.5742,-1594.9615384615386,5.5325,8.200501253132833,76.80827067669173,800,133,36.51523672733486,1667,8.328320802005013,744
101,0.571,-1629.7769230769231,5.6066666666666665,7.287514318442153,75.48797250859107,857,139,35.952107434006706,1668,7.443298969072165,559
102,0.5679,-1437.6538461538462,5.170833333333333,7.111633372502938,73.70270270270271,852,136,35.630715979781804,1674,7.251468860164512,20
103,0.5647,-1600.5,5.641666666666667,7.55568445475638,74.97331786542924,871,139,33.65541135839039,1676,7.693735498839907,17
104,0.5616,-1580.7615384615383,4.955,6.557260920897285,74.43801652892562,855,136,32.38142476284367,1678,6.703659976387249,654
105,0.5585,-1751.6846153846154,5.963333333333333,7.952491309385863,76.54113557358053,864,134,35.42543598070341,1680,8.123986095017381,675
106,0.5554,-1515.8615384615384,4.726666666666667,6.811630847029077,72.80783817951959,784,131,34.17281948268703,1685,6.917825537294564,516
107,0.5523,-1427.876923076923,4.435,6.315,72.06625,787,130,31.790517116774353,1688,6.4375,642
108,0.5493,-1617.0461538461539,5.293333333333333,7.455314009661835,75.83574879227054,837,128,43.37278751874924,1694,7.617149758454106,465
109,0.5462,-1423.8153846153846,4.5,6.4551201011378,75.30594184576485,789,132,35.865584042532966,1697,6.6030341340075855,665
110,0.5432,-1408.1846153846154,4.941666666666666,6.568469505178366,74.28883774453395,856,141,32.43266989474115,1702,6.7,414
111,0.5402,-1480.3461538461538,5.2058333333333335,7.040650406504065,76.130081300813,863,138,39.555457542508194,1704,7.209059233449477,653
112,0.5372,-1351.9538461538461,4.464166666666666,6.180424528301887,72.58136792452831,838,144,33.01581564725422,1710,6.326650943396227,803
113,0.5343,-1570.6384615384616,4.984166666666667,6.8246041412911085,71.89646772228988,800,134,33.692181809713105,1714,6.967113276492083,98
114,0.5313,-1645.2384615384617,5.32,7.373639661426844,75.24788391777508,824,129,37.46075758770651,1721,7.510278113663845,268
115,0.5284,-1567.2846153846153,5.0408333333333335,6.826589595375722,74.042774566474,869,134,35.3240977538016,1723,7.002312138728324,10
116,0.5254,-1349.7,4.358333333333333,5.902291917973462,73.84921592279855,835,143,32.08676172790829,1726,6.0277442702050665,577
117,0.5225,-1601.4,5.109166666666667,6.991586538461538,75.50360576923077,846,131,32.534261406253755,1729,7.117788461538462,293
118,0.5196,-1500.2,4.735,6.670343137254902,72.33333333333333,805,135,36.27793676431705,1732,6.810049019607843,787
119,0.5168,-1359.4923076923078,4.565833333333333,6.258215962441315,75.10680751173709,856,137,26.053831651248913,1733,6.395539906103286,386
120,0.5139,-1525.5,5.310833333333333,7.28811524609844,75.96278511404562,837,137,37.94069003802393,1737,7.422062350119904,592
121,0.5111,-1395.0692307692307,4.486666666666666,6.153012048192771,73.56385542168675,838,133,30.645247049072996,1744,6.281927710843373,704
122,0.5082,-1262.8,4.15,5.895061728395062,71.00617283950618,809,132,26.797195553558502,1754,6.04320987654321,459
123,0.5054,-1591.853846153846,5.714166666666666,7.702280912364946,76.77430972388956,841,142,41.996218183754934,1757,7.872749099639856,543
124,0.5026,-1410.5692307692307,4.928333333333334,7.11015911872705,74.71481028151774,818,134,32.28705921866885,1761,7.2350061199510405,366
125,0.4998,-1658.0692307692307,5.233333333333333,7.401699029126213,75.37985436893204,825,130,42.41605569259829,1766,7.58252427184466,112
126,0.4971,-1607.6,5.349166666666667,7.285041224970554,73.82332155477032,864,135,37.95667738367508,1773,7.412249705535925,496
127,0.4943,-1387.0076923076922,4.593333333333334,6.408212560386473,73.31159420289855,837,133,33.41495735423664,1775,6.544685990338165,250
128,0.4916,-1399.1384615384616,4.4991666666666665,6.059440559440559,73.52913752913753,863,136,30.83649735525344,1778,6.2272727272727275,341
129,0.4889,-1231.5692307692307,4.123333333333333,5.716019417475728,70.71116504854369,816,139,30.21100703270175,1780,5.867718446601942,365
130,0.4862,-1365.392307692308,4.440833333333333,6.044811320754717,72.79716981132076,863,138,32.34205290746595,1786,6.183962264150943,840
131,0.4835,-1751.9461538461537,5.774166666666667,8.154126213592233,76.90291262135922,832,130,42.142540937602824,1790,8.29611650485437,696
132,0.4808,-1449.1076923076926,4.410833333333334,6.522068095838588,72.64312736443884,794,126,31.114120618045693,1791,6.649432534678437,398
133,0.4781,-1472.523076923077,4.9991666666666665,7.007317073170731,75.3890243902439,812,128,35.834785652069726,1793,7.15609756097561,737
134,0.4755,-1373.8999999999999,4.7491666666666665,6.510278113663845,71.64933494558646,826,137,36.90042794650166,1795,6.669891172914148,831
135,0.4729,-1483.7153846153847,4.988333333333333,7.045949214026602,75.95163240628779,827,136,31.35408981654302,1797,7.168077388149939,748
136,0.4703,-1332.330769230769,4.695833333333334,6.541866028708134,73.91028708133972,847,136,30.98160839170079,1800,6.660287081339713,698
137,0.4677,-1507.7769230769231,5.23,7.0197215777262185,75.18793503480279,871,135,34.15583204497924,1802,7.132250580046404,249
138,0.4651,-1393.8153846153846,4.573333333333333,6.440389294403893,72.30413625304136,810,133,33.070454213037486,1803,6.611922141119221,263
139,0.4625,-1227.6692307692306,4.180833333333333,6.018495684340321,71.4327990135635,806,148,35.37892473293588,1808,6.139334155363748,899
140,0.4599,-1196.3538461538462,4.076666666666667,5.640811455847255,70.73508353221958,830,142,26.647234792024637,1808,5.77326968973747,850
141,0.4574,-1552.6384615384616,5.086666666666667,7.018115942028985,75.03864734299516,812,134,41.122569970649124,1814,7.173913043478261,64
142,0.4549,-1451.3615384615384,4.91,6.731308411214953,72.92640186915888,853,137,39.128149943834885,1820,6.8703271028037385,84
143,0.4523,-1455.8846153846152,4.9,6.878640776699029,74.3118932038835,833,139,33.70449761700064,1823,7.021844660194175,285
144,0.4498,-1437.0076923076922,5.17,6.699766355140187,74.22196261682242,863,138,32.566005223405554,1824,6.844626168224299,561
145,0.4474,-1694.6846153846154,5.9025,7.766439909297052,75.81859410430839,868,133,37.845252960658556,1827,7.8979591836734695,391
146,0.4449,-1677.646153846154,5.489166666666667,7.528722157092615,75.021101992966,846,132,38.56902754165868,1833,7.667057444314185,686
147,0.4424,-1540.976923076923,4.943333333333333,6.899038461538462,74.09375,837,126,36.106124867698554,1834,7.050480769230769,74
148,0.44,-1573.646153846154,5.114166666666667,7.282926829268293,74.04024390243903,830,131,32.934177782441026,1834,7.412195121951219,350
149,0.4375,-1374.5692307692307,4.633333333333334,6.43605359317905,73.57856272838002,814,142,31.323070096998425,1835,6.577858880778589,738
150,0.4351,-1317.446153846154,4.3575,6.329161451814769,71.17271589486859,809,138,31.994665812979225,1836,6.4693366708385485,30
151,0.4327,-1379.046153846154,4.679166666666666,6.624539877300614,71.72515337423313,814,137,33.39315442137963,1843,6.7680981595092025,80
152,0.4303,-1396.1692307692308,4.605,5.998871331828442,72.25959367945823,885,131,29.277725069584395,1844,6.154627539503386,128
153,0.4279,-1594.7923076923078,5.245,6.910138248847926,75.10138248847926,881,131,33.41778495143725,1844,7.03110599078341,848
154,0.4256,-1645.4615384615383,5.4625,7.1138790035587185,74.47805456702254,856,131,31.313340525778855,1848,7.259786476868327,791
155,0.4232,-1435.1615384615384,4.814166666666667,6.6345238095238095,73.44642857142857,839,138,33.14471449118215,1851,6.803571428571429,783
156,0.4209,-1477.7846153846153,4.956666666666667,6.701190476190476,74.98095238095237,858,136,30.721062263857124,1854,6.821428571428571,800
157,0.4185,-1285.2923076923078,4.4591666666666665,6.269512195121951,73.89878048780488,809,139,33.967147668822726,1858,6.426829268292683,594
158,0.4162,-1475.7769230769231,4.865833333333334,7.116966580976864,76.16195372750643,769,129,36.966939721881516,1862,7.241645244215938,431
159,0.4139,-1526.023076923077,5.2275,7.1670673076923075,72.14903846153847,827,133,39.523333891217625,1867,7.289315726290516,27
160,0.4116,-1466.0461538461536,4.804166666666666,6.470655926352129,73.17836593785961,870,137,38.92347077155091,1869,6.658227848101266,478
161,0.4094,-1681.2230769230769,5.295833333333333,7.177570093457944,74.31542056074767,860,131,43.00190345298361,1874,7.34696261682243,77
162,0.4071,-1393.853846153846,3.9475,5.544665012406948,72.52853598014889,824,135,33.17382576924986,1877,5.687344913151365,189
163,0.4048,-1399.4230769230771,4.556666666666667,6.212410501193317,73.35441527446301,842,140,32.31856982349647,1881,6.334128878281623,37
164,0.4026,-1407.1384615384613,4.355833333333333,6.386335403726708,72.88571428571429,816,137,32.7616711138061,1883,6.511801242236025,438
165,0.4004,-1551.9923076923076,5.3133333333333335,7.322235434007134,75.25089179548156,845,137,30.85973865825726,1884,7.462544589774079,825
166,0.3982,-1519.6999999999998,4.803333333333334,6.86219512195122,75.12073170731708,821,131,32.11058254540953,1884,6.991463414634146,522
167,0.396,-1420.3076923076924,4.839166666666666,6.691086691086691,75.04395604395604,814,141,35.444151498872834,1887,6.8498168498168495,313
168,0.3938,-1311.5923076923077,4.855,6.510843373493976,73.06385542168675,831,143,37.668469263352804,1888,6.6474127557160045,515
169,0.3916,-1565.0384615384614,5.4425,7.716034271725826,76.406364749082,813,132,37.26257818073164,1889,7.876376988984088,330
170,0.3894,-1489.7,5.1875,6.840677966101695,72.48022598870057,884,139,42.77764643403398,1890,6.988700564971752,469
171,0.3873,-1610.7923076923075,5.1866666666666665,6.966121495327103,74.46144859813084,849,138,38.84352073763621,1892,7.098130841121495,780
172,0.3851,-1503.1,5.173333333333333,7.142348754448399,74.74614472123369,833,142,36.72618027009969,1894,7.283511269276394,679
173,0.383,-1471.6923076923076,4.838333333333333,6.330316742081448,74.18778280542986,885,130,32.824989904230556,1894,6.48868778280543,76
174,0.3809,-1300.2846153846153,4.43,6.00354609929078,71.37352245862884,851,141,26.544940039606615,1895,6.139315230224321,443
175,0.3788,-1235.676923076923,4.101666666666667,5.634751773049645,71.48108747044917,849,139,30.339088000341533,1897,5.787234042553192,44
176,0.3767,-1629.6769230769232,5.285,7.5506715506715505,75.61904761904762,807,121,40.807433794086464,1903,7.6996336996337,131
177,0.3746,-1346.2230769230769,4.264166666666667,5.703087885985748,73.18289786223278,846,132,30.970701339782163,1906,5.84916864608076,657
178,0.3725,-1254.053846153846,4.240833333333334,5.758661887694146,73.27718040621266,841,145,31.129751901302946,1907,5.884109916367981,321
179,0.3705,-1185.8,4.2325,6.1856060606060606,72.69823232323232,780,139,34.03074335708333,1910,6.3143939393939394,162
180,0.3684,-1492.3307692307692,5.0408333333333335,6.767523364485982,74.14602803738318,851,143,41.713133105899814,1912,6.877336448598131,322
181,0.3664,-1374.4538461538461,4.695,6.539099526066351,73.98459715639811,840,140,32.57440840749376,1914,6.680094786729858,294
182,0.3643,-1274.607692307692,4.369166666666667,5.997635933806147,74.11702127659575,853,139,30.90015523683165,1916,6.144208037825059,367
183,0.3623,-1304.746153846154,4.273333333333333,6.329032258064516,72.49806451612903,787,136,32.42789574673285,1919,6.459354838709677,338
184,0.3603,-1609.2307692307693,5.038333333333333,6.672335600907029,73.68140589569161,906,135,40.71914768910244,1921,6.832199546485261,145
185,0.3583,-1386.1,4.7941666666666665,6.6829558998808105,73.13945172824792,844,126,34.413657876261894,1922,6.855780691299166,538
186,0.3563,-1438.7076923076925,5.0125,6.950602409638554,73.92048192771084,821,136,35.974920962602184,1924,7.085439229843562,422
187,0.3544,-1475.7153846153847,5.1025,7.398757763975155,75.35155279503105,813,132,36.13416625026082,1926,7.536645962732919,795
188,0.3524,-1441.376923076923,4.929166666666666,6.709411764705882,73.82117647058824,848,137,31.674208111610536,1926,6.824705882352941,523
189,0.3505,-1477.1999999999998,4.8425,6.858722358722359,74.88452088452088,812,135,36.18366330066205,1927,7.001226993865031,892
190,0.3485,-1448.8384615384616,5.19,6.716035634743875,73.00668151447661,897,146,32.97518469176666,1929,6.826280623608018,872
191,0.3466,-1448.0153846153844,4.8275,6.529616724738676,73.45180023228804,840,132,34.23487586287768,1932,6.665505226480836,242
192,0.3447,-1284.1,4.4925,6.100710900473934,74.41943127962085,835,141,34.53261746889423,1934,6.234319526627219,445
193,0.3428,-1488.8307692307692,5.265,7.089223638470452,75.59327925840093,846,136,38.494197339250995,1936,7.238702201622248,202
194,0.3409,-1357.5692307692307,4.5525,6.694871794871795,73.47948717948718,782,132,28.585144849062477,1940,6.832051282051282,97
195,0.339,-1563.0923076923077,4.923333333333333,6.776583034647551,75.53882915173237,854,135,43.62420600861225,1943,6.91636798088411,121
196,0.3371,-1288.4384615384615,4.585,6.614355231143552,74.86131386861314,821,143,28.272634598469192,1944,6.7773722627737225,227
197,0.3352,-1444.5307692307692,4.865833333333334,6.444964871194379,74.09953161592506,859,136,40.024710840164886,1948,6.596018735362998,169
198,0.3334,-1413.5076923076922,4.3758333333333335,6.124537607891492,71.47472256473489,811,130,36.01447991535388,1953,6.265104808877928,153
199,0.3315,-1470.8461538461538,4.654166666666667,6.286219081272085,73.31566548881037,867,138,36.53324868101387,1955,6.4157832744405185,730
200,0.3297,-1296.646153846154,4.198333333333333,5.875,72.83700980392157,823,136,27.58030290553546,1956,5.991421568627451,486
201,0.3279,-1394.0384615384614,4.635,6.138728323699422,72.6393063583815,855,136,32.10291467176555,1959,6.269364161849711,119
202,0.3261,-1328.8538461538462,4.5008333333333335,6.3349693251533745,73.0159509202454,811,140,34.20729883660123,1961,6.466257668711656,161
203,0.3243,-1541.1615384615384,4.975833333333333,6.663636363636364,72.20340909090909,884,132,38.241080106307344,1963,6.804545454545455,100
204,0.3225,-1227.6923076923076,4.005,5.547762998790811,71.38814993954051,823,139,31.00217022996004,1964,5.6505441354292625,709
205,0.3207,-1268.2307692307693,4.336666666666667,6.014705882352941,73.0796568627451,821,137,34.534845680084345,1967,6.167892156862745,429
206,0.3189,-1276.646153846154,4.318333333333333,6.005952380952381,73.07142857142857,835,133,24.615720342088686,1967,6.122619047619048,588
207,0.3172,-1302.9846153846154,4.293333333333333,6.025240384615385,71.43149038461539,848,133,33.18917079435658,1967,6.1670673076923075,859
208,0.3154,-1238.8692307692309,4.255,6.060270602706027,73.32349323493234,792,143,40.06086879916589,1969,6.2100737100737105,245
209,0.3137,-1415.8615384615382,4.6225,6.412679425837321,74.49401913875599,826,138,35.002103835434454,1972,6.551435406698564,347
210,0.3119,-1160.0461538461539,4.13,5.798288508557457,74.21760391198045,841,144,31.146507120721196,1978,5.947496947496948,172
211,0.3102,-1213.246153846154,4.069166666666667,5.7894736842105265,72.70012239902081,823,139,31.844770593604178,1982,5.93520782396088,877
212,0.3085,-1206.9384615384615,4.283333333333333,5.832335329341317,73.30179640718563,846,138,29.787920337270464,1982,5.984431137724551,140
213,0.3068,-1302.3153846153846,4.4975,6.2647412755716,74.25631768953069,834,141,37.106410325918766,1983,6.425992779783393,60
214,0.3051,-1270.0615384615385,4.483333333333333,6.036773428232503,73.87663107947806,850,137,24.50935343729018,1987,6.162514827995255,662
215,0.3034,-1220.3307692307692,4.1475,5.69585798816568,73.41065088757396,839,138,31.206313176444002,1991,5.848520710059171,224
216,0.3017,-1229.0692307692307,4.33,5.947242206235012,73.17865707434052,815,141,32.34313262980349,1991,6.094724220623501,764
217,0.3,-1264.8076923076922,4.1658333333333335,5.802902055622733,74.32769044740024,836,138,32.04559047563856,1994,5.92503022974607,505
218,0.2984,-1187.0,4.12,5.592028135990621,73.19695193434936,849,140,29.338988343266998,1994,5.746776084407972,305
219,0.2967,-1255.3384615384616,4.2508333333333335,6.143734643734644,72.6056511056511,799,136,40.153960526021315,1995,6.266584766584766,758
220,0.2951,-1331.2,4.315,6.047387606318347,72.3778857837181,825,140,39.36887874690571,1998,6.168894289185905,38
221,0.2935,-1630.3230769230768,5.555,7.566863905325444,75.75739644970415,847,125,39.24585385025111,2003,7.713609467455622,881
222,0.2918,-1315.8153846153848,4.183333333333334,5.683956574185766,72.1761158021713,837,142,29.204256574686767,2003,5.808202653799759,827
223,0.2902,-1374.5,4.6725,6.160864345738295,73.15126050420169,827,135,33.43623092776778,2005,6.292917166866746,632
224,0.2886,-1185.3153846153846,3.8375,5.221187427240978,71.47729918509896,860,138,36.989020636848686,2007,5.350407450523865,126
225,0.287,-1474.2230769230769,5.005833333333333,6.874244256348247,74.3615477629988,852,131,26.370817219866932,2007,6.992753623188406,753
226,0.2854,-963.8692307692309,3.215,4.593052109181142,70.24193548387096,798,139,23.76401342083862,2009,4.722084367245658,267
227,0.2838,-1359.2692307692307,4.515,6.47875,73.10625,805,130,37.08632609261306,2011,6.6325,351
228,0.2823,-1179.4461538461537,3.984166666666667,5.71,72.755,812,140,31.03979991633133,2014,5.82875,36
229,0.2807,-1263.446153846154,4.368333333333333,6.329207920792079,71.63613861386139,799,137,30.407673974053413,2018,6.439356435643564,297
230,0.2792,-1080.5923076923077,3.8066666666666666,5.348920863309353,71.10551558752998,831,145,26.024471790903434,2018,5.483213429256595,822
231,0.2776,-1132.253846153846,3.964166666666667,5.476997578692494,71.46004842615012,835,137,22.093795600181224,2019,5.608958837772397,731
232,0.2761,-1299.5615384615385,4.5175,6.565162907268171,72.2719298245614,785,133,40.46504179854203,2022,6.694618272841051,603
233,0.2746,-1283.0,4.229166666666667,5.730232558139535,72.87906976744186,856,136,27.009033709192767,2024,5.8534883720930235,234
234,0.273,-1536.353846153846,5.504166666666666,7.301274623406721,74.83314020857473,845,134,34.524340158519124,2024,7.464658169177288,838
235,0.2715,-1368.476923076923,4.331666666666667,5.925407925407925,73.38111888111888,855,138,32.81480502248676,2025,6.06993006993007,611
236,0.27,-1318.4230769230767,4.666666666666667,6.388023952095808,73.98922155688622,821,134,31.933152068102757,2029,6.532934131736527,95
237,0.2685,-1210.823076923077,3.97,5.643985419198056,71.97083839611179,817,138,27.60937610266028,2030,5.759416767922236,527
238,0.267,-1194.476923076923,3.9675,5.5085995085995085,72.39066339066339,806,133,24.966685359437832,2032,5.6683046683046685,151
239,0.2656,-1320.623076923077,4.541666666666667,6.205463182897862,72.05344418052256,839,141,35.168882762884245,2037,6.32502965599051,576
240,0.2641,-1282.023076923077,4.681666666666667,6.049886621315193,71.57369614512471,867,138,29.648609908841625,2038,6.195922989807475,477
241,0.2626,-1143.8615384615387,3.7933333333333334,5.315533980582524,72.31067961165049,829,136,25.569825536316078,2040,5.485436893203883,692
242,0.2612,-1253.9538461538461,4.443333333333333,6.138424821002387,73.68735083532219,842,142,37.248657245312934,2041,6.268496420047732,761
243,0.2597,-1149.069230769231,3.8533333333333335,5.410909090909091,72.57212121212122,818,139,24.164476482092674,2043,5.56,122
244,0.2583,-1407.6384615384616,4.6675,6.343230403800475,71.79097387173397,831,134,44.47670531446661,2048,6.480997624703088,661
245,0.2569,-1259.4461538461537,4.211666666666667,5.94775212636695,72.3778857837181,815,128,30.109443589895232,2049,6.091019417475728,682
246,0.2555,-1170.8615384615384,3.9566666666666666,5.607626076260763,72.92742927429275,810,132,28.811254068156433,2053,5.760147601476015,575
247,0.254,-1343.0538461538463,4.7025,6.284393063583815,74.27745664739885,868,141,34.55938196393432,2056,6.4115606936416185,287
248,0.2526,-1220.6076923076923,4.1025,5.760095011876484,70.65320665083135,841,144,37.04596314787324,2057,5.882422802850356,269
249,0.2512,-1385.1,4.5025,6.224321133412042,71.43565525383707,851,140,32.87673443934311,2058,6.358913813459268,51
250,0.2498,-1268.1153846153848,3.9625,5.785982478097622,72.8397997496871,795,136,29.28606272768174,2058,5.9173967459324155,160
251,0.2485,-1356.7846153846153,4.5633333333333335,6.586075949367088,74.99620253164557,798,129,30.645351841451944,2058,6.724050632911393,695
252,0.2471,-1251.107692307692,4.065833333333333,5.853960396039604,73.74133663366337,818,137,26.896015201080477,2058,5.993811881188119,680
253,0.2457,-1442.9076923076923,4.695,6.429073856975381,75.73153575615474,855,140,41.42592369857014,2061,6.554513481828839,230
254,0.2444,-1172.753846153846,4.089166666666666,6.017834394904459,73.43566878980891,794,141,30.314116212795156,2062,6.2,688
255,0.243,-1166.8923076923077,4.069166666666667,5.803680981595092,74.07361963190183,802,136,30.581867006468748,2063,5.96441717791411,456
256,0.2417,-1343.5846153846153,4.486666666666666,6.18,75.00470588235294,843,137,29.750599356046692,2065,6.301176470588235,15
257,0.2403,-1221.5615384615385,4.071666666666666,5.766060606060606,70.95878787878787,807,139,32.78974402952983,2065,5.899393939393939,188
258,0.239,-1182.753846153846,4.23,5.814201183431953,73.55384615384615,836,137,25.86619823708304,2066,5.969230769230769,218
259,0.2377,-1320.0153846153846,4.618333333333333,6.377245508982036,72.71377245508982,828,134,27.400642183711522,2067,6.540119760479042,835
260,0.2364,-1372.4923076923078,4.3,6.040194884287454,72.18270401948843,834,129,36.14937260737985,2069,6.166869671132765,199
261,0.2351,-1329.6076923076926,4.558333333333334,6.318892900120337,73.10469314079423,820,133,36.054196800136644,2071,6.458483754512636,647
262,0.2338,-1258.0923076923077,4.3925,6.242944785276074,73.45276073619632,818,131,33.34172530807237,2073,6.3779141104294474,168
263,0.2325,-1438.2230769230769,4.5408333333333335,6.361985472154964,71.92857142857143,846,132,30.735648164174794,2075,6.49273607748184,589
264,0.2312,-1324.4153846153847,4.401666666666666,6.208232445520581,73.83414043583535,823,134,34.36890518087946,2075,6.3559322033898304,316
265,0.2299,-1233.5,4.1425,5.762437810945274,72.43781094527363,814,137,29.02505158455745,2075,5.904228855721393,409
266,0.2286,-1237.6153846153848,4.22,5.674853801169591,73.23859649122807,864,142,32.72499206097703,2076,5.810526315789474,110
267,0.2274,-1199.9615384615386,4.053333333333334,5.632155907429963,71.49330085261876,813,138,32.95208012994182,2077,5.7831912302070645,276
268,0.2261,-1092.376923076923,3.7625,5.366871165644172,72.25030674846626,811,143,27.15114415811888,2077,5.498159509202454,622
269,0.2249,-1075.6615384615384,3.8225,5.531442663378545,72.31442663378544,817,152,22.348984828928582,2081,5.673242909987669,865
270,0.2236,-1288.5076923076922,4.428333333333334,5.9824150058616645,72.92497069167644,861,140,32.424387765632645,2083,6.120750293083236,357
271,0.2224,-1174.6153846153845,4.140833333333333,5.913965087281795,73.9214463840399,815,136,33.18436083515802,2085,6.053615960099751,461
272,0.2211,-1089.769230769231,3.765,5.193624557260921,73.08972845336481,853,143,35.09541918977697,2089,5.323494687131051,186
273,0.2199,-1263.576923076923,4.303333333333334,6.3632911392405065,73.1759493670886,773,125,36.3077602781156,2091,6.507594936708861,233
274,0.2187,-1293.623076923077,4.2275,5.865384615384615,72.0108173076923,835,133,36.54869866638248,2094,5.962740384615385,423
275,0.2175,-1265.4384615384615,4.07,5.651079136690647,73.02877697841727,838,137,33.9077194386514,2095,5.800959232613909,107
276,0.2163,-1301.0692307692307,4.4575,5.945107398568019,73.5417661097852,821,138,32.10622086807447,2097,6.082240762812872,323
277,0.2151,-1441.4923076923076,4.503333333333333,6.168632075471698,74.85377358490567,853,139,49.36748656916532,2100,6.324292452830188,446
278,0.2139,-1126.9461538461537,3.7783333333333333,5.515113350125945,72.78211586901763,793,144,26.11128226690794,2102,5.659949622166247,756
279,0.2127,-1040.523076923077,3.7216666666666667,5.220338983050848,72.38983050847457,826,143,31.36960409828709,2104,5.358353510895884,867
280,0.2115,-1137.8153846153846,3.7416666666666667,5.652230971128609,73.48818897637796,773,134,28.94088665607101,2104,5.790301441677588,719
281,0.2104,-1128.9153846153845,3.9325,5.3451536643026,72.31678486997636,839,144,31.924183301726234,2106,5.486997635933806,387
282,0.2092,-1367.1000000000001,4.756666666666667,6.293181818181818,72.87045454545455,859,141,36.883004536029695,2107,6.4363636363636365,664
283,0.208,-1215.076923076923,4.1066666666666665,5.5605700712589075,72.3064133016627,846,144,29.052776601784345,2109,5.69833729216152,254
284,0.2069,-1329.0615384615385,4.535,6.288256227758007,72.94780545670226,852,138,36.787949023751985,2111,6.415183867141162,491
285,0.2058,-1123.5384615384614,3.816666666666667,5.2700119474313025,71.69772998805257,837,141,31.9324129472713,2112,5.393070489844684,308
286,0.2046,-1300.4615384615386,4.286666666666667,6.155974842767296,73.46540880503144,796,140,33.600417698789464,2114,6.29685534591195,92
287,0.2035,-1199.5461538461539,4.126666666666667,5.646428571428571,73.10357142857143,853,138,25.156359855985563,2115,5.8238095238095235,770
288,0.2024,-1275.2846153846153,4.444166666666667,6.114077669902913,73.32160194174757,816,131,30.738553201226143,2117,6.277912621359223,897
289,0.2012,-1262.5230769230768,4.110833333333333,5.570048309178744,71.69806763285024,824,130,28.628126862953874,2117,5.657004830917875,624
290,0.2001,-1342.6076923076923,4.451666666666667,6.088305489260144,72.15155131264916,830,131,39.689132423063946,2121,6.256563245823389,540
291,0.199,-1287.423076923077,4.1025,6.126760563380282,74.90524967989757,790,134,26.31802168340319,2121,6.2752880921895,302
292,0.1979,-1227.753846153846,4.22,5.708816705336427,72.13573085846868,867,144,28.950913251096033,2121,5.856148491879351,156
293,0.1968,-1338.1384615384616,4.68,6.396270396270396,74.1958041958042,842,138,37.450652064290544,2122,6.572261072261072,376
294,0.1957,-1310.6076923076923,4.6075,6.006857142857143,71.65371428571429,895,139,26.94444662286573,2122,6.138285714285714,566
295,0.1946,-1403.6769230769228,4.319166666666667,6.379266750948167,72.7370417193426,792,118,42.031910685142876,2124,6.532237673830594,598
296,0.1936,-1177.1538461538462,3.8533333333333335,5.563291139240507,72.78987341772152,806,140,27.577906670901474,2124,5.720253164556962,885
297,0.1925,-1181.8384615384616,3.9475,5.573671497584541,73.39371980676329,840,139,25.181366022192698,2124,5.706521739130435,468
298,0.1914,-1339.8,4.360833333333333,5.850059031877214,72.40968122786305,852,134,29.257405573044263,2125,5.987012987012987,712
299,0.1904,-1094.076923076923,4.1575,5.705250596658711,72.03579952267303,838,144,38.146026525300236,2126,5.854415274463007,799
300,0.1893,-1186.9923076923076,3.910833333333333,5.484548825710754,73.55006180469715,827,135,31.337159826332822,2130,5.61557478368356,6
301,0.1883,-1446.6538461538462,4.8375,6.42351598173516,73.00570776255708,872,140,31.9244472921307,2130,6.584474885844749,133
302,0.1872,-1207.3923076923077,4.1625,5.52934131736527,71.85508982035928,846,141,24.060216479081262,2133,5.6562874251497,466
303,0.1862,-1159.746153846154,4.14,5.633569739952718,70.70449172576832,833,140,20.862069678120836,2133,5.780141843971631,425
304,0.1852,-1146.0923076923077,4.070833333333334,5.722021660649819,71.38628158844766,836,141,24.81948479575555,2134,5.845968712394705,378
305,0.1841,-1319.176923076923,4.314166666666667,6.09541511771995,74.12887236679059,821,135,38.95252598606611,2136,6.203221809169764,727
306,0.1831,-1414.646153846154,4.220833333333333,6.325551232166018,73.79636835278859,775,127,38.40065967287449,2137,6.466926070038911,640
307,0.1821,-1183.976923076923,3.925,5.518697225572979,71.72135102533173,840,136,29.990179993927203,2137,5.6537997587454765,487
308,0.1811,-1004.2615384615384,3.4883333333333333,4.959409594095941,71.8179581795818,804,147,26.869102051742555,2138,5.1230012300123,792
309,0.1801,-1335.1769230769232,4.3125,6.282527881040892,74.46096654275092,803,140,35.02886469859456,2138,6.42998760842627,90
310,0.1791,-1120.9692307692308,3.95,5.477737665463297,72.05294825511432,834,138,25.590033235323265,2139,5.623345367027677,521
311,0.1781,-1303.1846153846154,4.529166666666667,6.344124700239808,73.62829736211032,827,134,33.94078377769489,2139,6.471223021582734,214
312,0.1771,-1342.5307692307692,4.1675,5.9330900243309,73.56204379562044,822,134,31.745060022109733,2140,6.068126520681266,24
313,0.1762,-1185.930769230769,4.100833333333333,5.91875,71.37625,792,133,28.908644172197445,2143,6.05125,390
314,0.1752,-1217.023076923077,3.9558333333333335,5.34717416378316,70.24682814302192,862,142,26.76464262766481,2144,5.440599769319492,71
315,0.1742,-1193.5923076923077,4.178333333333334,5.610328638497653,71.15727699530517,862,144,22.722437821580897,2144,5.745603751465416,209
316,0.1732,-1110.4,3.7466666666666666,5.060196560196561,69.74078624078624,812,141,31.137146018940264,2145,5.180589680589681,462
317,0.1723,-1228.1384615384613,4.0408333333333335,5.644047619047619,72.10952380952381,844,145,31.291854510855313,2148,5.798809523809524,320
318,0.1713,-1311.5846153846155,4.491666666666666,6.076741440377804,72.82762691853601,861,142,32.491474748558275,2149,6.204250295159386,16
319,0.1704,-1176.1615384615386,4.031666666666666,5.45933014354067,72.50956937799043,837,140,27.05322181784022,2151,5.6028708133971294,388
320,0.1694,-1066.753846153846,3.7225,5.445582586427657,71.35467349551857,793,136,23.91900322813792,2151,5.556978233034571,346
321,0.1685,-1253.7307692307693,4.246666666666667,5.633835457705678,71.48435689455388,864,144,26.47903123693341,2151,5.76361529548088,605
322,0.1676,-1117.7230769230769,3.92,5.1061643835616435,73.2728310502283,888,144,22.983805825797607,2151,5.247716894977169,69
323,0.1666,-1036.0846153846153,3.6325,5.251231527093596,70.54802955665025,802,143,35.0525107490129,2153,5.394088669950739,178
324,0.1657,-1262.1692307692308,4.384166666666666,6.214108910891089,71.65222772277228,811,128,28.29784791214245,2154,6.34529702970297,117
325,0.1648,-1407.5384615384614,4.745,6.636033857315598,70.91414752116083,822,131,40.36166768470216,2157,6.765417170495768,272
326,0.1639,-1099.0538461538463,3.680833333333333,5.1493975903614455,71.62289156626505,836,144,26.52723040786216,2158,5.2614457831325305,618
327,0.163,-1061.5153846153846,3.754166666666667,5.1380952380952385,72.19166666666666,837,139,29.460631323383893,2159,5.2785714285714285,480
328,0.1621,-1287.3076923076924,4.434166666666667,5.981588032220944,73.21634062140392,873,138,29.967739347369836,2161,6.133486766398159,609
329,0.1612,-1096.0461538461539,3.9633333333333334,5.414201183431953,71.58343195266272,842,145,26.881939629655232,2162,5.57396449704142,641
330,0.1603,-947.6538461538461,3.2483333333333335,4.584269662921348,71.12734082397004,795,144,20.3806503347034,2162,4.722846441947565,5
331,0.1594,-1205.1307692307691,4.19,5.7742690058479536,72.8374269005848,862,146,27.256764706413332,2163,5.934502923976608,61
332,0.1585,-1200.0230769230768,3.734166666666667,5.2231707317073175,72.48414634146341,835,139,27.11023011098725,2164,5.373170731707317,567
333,0.1577,-1120.2,3.8558333333333334,5.0429234338747095,70.4199535962877,858,143,28.185604001027922,2166,5.206496519721577,434
334,0.1568,-1167.5,4.0633333333333335,5.445086705202312,71.99421965317919,877,148,23.11131917307082,2169,5.580346820809249,677
335,0.1559,-1219.4461538461537,4.196666666666666,5.778563015312132,73.87043580683157,827,140,29.508353102891288,2169,5.911660777385159,510
336,0.155,-1170.4769230769232,4.320833333333334,6.132530120481928,72.75542168674698,802,142,31.15225785698013,2170,6.271084337349397,113
337,0.1542,-973.2384615384615,3.4258333333333333,4.752688172043011,70.168458781362,832,147,26.275601113381445,2171,4.887694145758662,42
338,0.1533,-1175.4692307692308,4.395833333333333,5.695205479452055,72.48401826484019,884,144,19.66526741477417,2171,5.831050228310502,784
339,0.1525,-1256.7384615384615,4.164166666666667,5.6891252955082745,72.13475177304964,832,138,23.502214140023565,2172,5.849881796690307,26
340,0.1516,-1163.8461538461538,3.85,5.388550548112058,71.78928136419002,829,136,22.26695623157001,2174,5.498172959805116,335
341,0.1508,-1092.8230769230768,3.665,5.070154577883472,69.9167657550535,853,141,23.29947702515989,2175,5.204518430439952,625
342,0.15,-1296.6153846153848,4.385833333333333,5.7821428571428575,72.85714285714286,831,138,35.35820847116703,2179,5.932142857142857,384
343,0.1491,-1110.8076923076924,3.8266666666666667,5.400488400488401,71.88766788766789,835,138,27.989333011625533,2181,5.544566544566544,863
344,0.1483,-1414.3,4.7675,6.4261904761904765,72.6547619047619,842,133,36.67603765250273,2182,6.563095238095238,101
345,0.1475,-1131.2153846153847,3.8866666666666667,5.400243309002433,71.31995133819952,817,144,35.72097616490911,2184,5.510948905109489,329
346,0.1467,-1195.3153846153846,4.2075,5.487584650112867,72.96952595936794,864,137,30.50604272032212,2186,5.623449830890642,691
347,0.1459,-971.8615384615384,3.2691666666666666,4.880407124681934,72.95038167938931,794,140,25.343534768139925,2187,5.021628498727735,146
348,0.1451,-1440.8307692307694,5.159166666666667,6.998850574712644,74.42413793103448,860,138,33.85283530965265,2197,7.147126436781609,238
349,0.1443,-1158.4692307692308,4.0216666666666665,5.703794369645043,73.53610771113831,819,143,25.56553015621912,2197,5.840881272949816,173
350,0.1435,-1166.0461538461539,4.034166666666667,5.529824561403509,71.27485380116958,870,140,24.968588177719482,2198,5.643274853801169,315
351,0.1427,-1195.0153846153844,4.035833333333334,5.427380952380952,73.54761904761905,853,136,22.615117038671467,2199,5.586904761904762,544
352,0.1419,-1268.1307692307691,4.054166666666666,5.465005931198102,72.13997627520759,829,133,22.13734309560802,2199,5.61611374407583,240
353,0.1411,-1556.5384615384614,4.744166666666667,6.736585365853658,73.19146341463414,828,125,41.27196033553614,2201,6.862362971985384,274
354,0.1403,-1120.323076923077,3.7283333333333335,5.543589743589743,71.92051282051283,790,136,37.39347712587039,2201,5.656410256410257,333
355,0.1395,-1150.0846153846155,3.945,5.87109375,69.8125,772,135,30.99970778339955,2202,5.981770833333333,279
356,0.1388,-1243.5692307692307,4.25,6.072127139364303,74.3398533007335,803,136,31.12204828032428,2203,6.221271393643032,72
357,0.138,-1271.2153846153847,4.128333333333333,5.93625,70.945,801,138,27.53484895131168,2205,6.06,57
358,0.1372,-1115.9846153846154,3.5441666666666665,5.2105926860025225,72.54098360655738,802,140,27.18254523245933,2205,5.325346784363178,427
359,0.1365,-1145.353846153846,3.941666666666667,5.449880668257757,73.89856801909308,840,135,26.039054980563773,2207,5.576372315035799,749
360,0.1357,-1243.2615384615385,4.4366666666666665,6.144927536231884,72.88888888888889,826,133,35.38985325221688,2208,6.305555555555555,513
361,0.135,-1092.269230769231,3.8491666666666666,5.2739079102715465,71.82172373081464,841,142,20.415245657039648,2209,5.422668240850059,871
362,0.1342,-961.7230769230769,3.131666666666667,4.431159420289855,70.57729468599034,826,152,23.31443054196352,2209,4.572463768115942,435
363,0.1335,-1086.8153846153846,3.8116666666666665,5.21968787515006,71.8031212484994,828,142,23.535771087292254,2211,5.357743097238895,821
364,0.1327,-1149.146153846154,3.9658333333333333,5.400471142520613,72.52414605418139,844,132,30.654129426053053,2212,5.531213191990577,105
365,0.132,-1010.5076923076923,3.2641666666666667,4.860613810741688,72.58567774936061,789,137,26.19147796430084,2213,4.987212276214834,11
366,0.1313,-939.376923076923,3.245,4.6852085967130215,70.73072060682681,796,139,16.983007584460058,2213,4.821744627054361,874
367,0.1306,-1009.6692307692307,3.6266666666666665,4.992890995260663,70.43720379146919,843,151,27.05541672049002,2213,5.12914691943128,182
368,0.1298,-1097.9384615384615,3.855,5.347058823529411,71.90352941176471,828,140,27.793851201662278,2216,5.5,650
369,0.1291,-1150.9692307692308,3.765,5.515,71.88375,769,132,35.398250223448606,2218,5.65625,858
370,0.1284,-1028.3538461538462,3.569166666666667,4.875609756097561,71.44146341463414,818,144,29.691071879322646,2219,5.0,781
371,0.1277,-1189.253846153846,4.5008333333333335,6.069848661233993,72.71594877764844,848,143,34.674346531790775,2220,6.213038416763679,768
372,0.127,-1120.8230769230768,4.1433333333333335,5.577197149643705,72.15439429928742,846,139,26.87386786775842,2224,5.729216152019003,211
373,0.1263,-1202.2846153846153,3.904166666666667,5.398104265402844,71.72037914691943,843,143,32.47125553791973,2226,5.540284360189573,802
374,0.1256,-1212.9307692307693,4.276666666666666,5.984431137724551,74.44550898203593,856,137,29.326096797526386,2226,6.120958083832336,332
375,0.1249,-1166.6538461538462,3.8633333333333333,5.366060606060606,71.68363636363637,832,135,29.877516172039922,2226,5.496969696969697,43
376,0.1242,-1213.4923076923078,4.36,5.837019790454017,72.63213038416764,869,142,32.66637165249996,2226,5.965075669383004,500
377,0.1235,-1017.8461538461538,3.569166666666667,4.915976331360946,71.75384615384615,838,142,23.34449136880649,2226,5.06508875739645,493
378,0.1228,-1296.4846153846154,4.145833333333333,5.8557457212713935,74.04156479217603,813,132,43.036888904963156,2227,6.003667481662592,154
379,0.1221,-1106.3923076923077,3.7283333333333335,5.424968474148802,71.59394703656999,791,136,25.728370604561412,2228,5.573770491803279,215
380,0.1215,-1125.3461538461538,3.76,5.51693851944793,72.27101631116687,788,140,31.782001192284554,2229,5.6612296110414055,317
381,0.1208,-1165.4692307692308,3.9908333333333332,5.2593010146561445,68.84216459977452,881,140,27.65674725183798,2229,5.411499436302142,397
382,0.1201,-1305.0538461538463,4.635833333333333,6.304651162790698,73.23488372093023,855,140,32.56093184959684,2229,6.463953488372093,394
383,0.1195,-1295.4538461538464,4.465,5.55446623093682,71.50871459694989,910,138,40.39298512854561,2230,5.710239651416122,45
384,0.1188,-1106.0,3.8466666666666667,5.128174123337364,71.59975816203143,837,142,23.145391037591054,2230,5.241837968561064,334
385,0.1181,-1276.8076923076924,4.465833333333333,6.107981220657277,71.56924882629107,853,138,34.07845069187122,2232,6.259389671361502,724
386,0.1175,-1057.1615384615384,3.3991666666666664,4.831295843520782,69.5158924205379,814,136,27.053926925686266,2232,4.951159951159951,890
387,0.1168,-961.7384615384615,3.3966666666666665,4.932569974554707,71.79643765903307,805,141,21.172817312460936,2232,5.075063613231552,509
388,0.1162,-1194.0,3.7183333333333333,5.166666666666667,72.53553921568627,825,127,31.261640842557927,2232,5.292892156862745,430
389,0.1156,-1196.8307692307694,4.0575,5.557126030624264,73.35335689045937,851,135,39.0701798698202,2235,5.704358068315665,0
390,0.1149,-1121.076923076923,3.84,5.57888198757764,71.01614906832297,801,133,31.337785659461794,2235,5.709316770186335,553
391,0.1143,-1281.3153846153846,4.160833333333334,6.060643564356436,73.41831683168317,819,131,34.32567871439662,2237,6.194306930693069,53
392,0.1136,-1259.8999999999999,4.4025,5.990243902439024,73.47195121951219,822,135,30.59252860024131,2241,6.15,440
393,0.113,-1327.769230769231,4.465833333333333,6.052570093457944,71.21495327102804,851,139,33.46014935634669,2245,6.202102803738318,345
394,0.1124,-1162.3846153846152,3.8141666666666665,5.271739130434782,72.4963768115942,839,138,23.49834624533518,2245,5.411835748792271,175
395,0.1118,-1251.0384615384614,4.366666666666666,6.119760479041916,72.45988023952096,833,128,33.998928194063254,2246,6.247904191616766,307
396,0.1112,-956.4461538461538,3.3625,4.675642594859241,71.17870257037944,834,143,20.422990825949253,2246,4.791921664626683,467
397,0.1105,-1152.3461538461538,3.7058333333333335,5.188888888888889,73.75925925925925,823,134,31.646782509334066,2249,5.325925925925926,556
398,0.1099,-1136.0,4.115833333333334,5.776047904191617,72.06946107784431,837,143,25.601172724141314,2250,5.916167664670659,817
399,0.1093,-1365.376923076923,4.6725,6.418903150525088,74.17852975495916,833,136,36.51622333391508,2253,6.554259043173862,194
400,0.1087,-1005.9923076923077,3.3608333333333333,4.397911832946636,69.45475638051045,844,149,22.757495996194997,2253,4.53016241299304,722
401,0.1081,-1216.3307692307692,4.0775,5.404571428571429,71.20342857142857,871,138,26.446993664001553,2253,5.554285714285714,765
402,0.1075,-1361.3384615384616,4.180833333333333,5.934703748488513,74.316807738815,823,132,25.03120122952862,2254,6.065296251511487,579
403,0.1069,-1195.3846153846155,4.171666666666667,5.962825278810409,72.70631970260223,815,134,36.43503746545512,2254,6.100371747211896,646
404,0.1063,-1059.3538461538462,3.8491666666666666,5.304806565064478,71.65650644783119,854,146,19.933026538614964,2254,5.451348182883939,371
405,0.1057,-1480.476923076923,5.025,6.732163742690059,74.36023391812866,845,134,33.02759787954492,2255,6.873684210526315,102
406,0.1052,-1311.746153846154,4.258333333333334,5.837606837606837,72.27228327228327,817,128,31.281190695436162,2258,5.958485958485959,212
407,0.1046,-1197.8384615384616,4.055833333333333,5.728813559322034,73.05326876513317,840,136,35.58257420147474,2259,5.865617433414044,195
408,0.104,-1231.2,4.16,5.746682750301568,71.13389626055489,828,133,31.240374492312906,2261,5.892641737032569,711
409,0.1034,-1006.9615384615385,3.45,5.061381074168798,70.40664961636828,771,140,22.105189458066704,2261,5.1994884910485935,815
410,0.1028,-1201.3846153846152,4.0408333333333335,5.2921478060046185,71.31293302540416,869,136,26.064731009450608,2261,5.416859122401847,127
411,0.1023,-1195.676923076923,4.116666666666666,6.095483870967742,73.48774193548387,777,130,34.849921501427545,2262,6.216494845360825,864
412,0.1017,-1194.1923076923076,4.020833333333333,5.2706855791962175,72.87825059101655,862,141,30.459238546374674,2263,5.388888888888889,685
413,0.1011,-1162.976923076923,4.225,5.6080459770114945,70.6712643678161,868,138,20.80721131620936,2264,5.7379310344827585,483
414,0.1006,-1178.9615384615386,3.6891666666666665,5.451327433628318,72.9039190897598,790,138,37.35195754104821,2265,5.582806573957017,563
415,0.1,-1161.1999999999998,3.9141666666666666,5.299533799533799,71.27156177156178,867,136,23.085615509110433,2266,5.441724941724941,419
416,0.0995,-1155.8461538461538,4.0616666666666665,5.419506462984724,72.12808460634548,857,147,39.698875709272635,2267,5.592244418331375,626
417,0.0989,-1262.0538461538463,4.15,5.438150289017341,71.41618497109826,860,138,31.232173438017032,2268,5.594688221709007,239
418,0.0984,-1409.769230769231,4.4558333333333335,6.252121212121212,74.63151515151515,824,128,37.47890101457341,2270,6.407272727272727,170
419,0.0978,-1448.0153846153846,4.74,6.501809408926418,74.09770808202654,842,125,29.010505470048205,2272,6.658624849215923,804
420,0.0973,-965.4923076923076,3.4816666666666665,4.871951219512195,69.62073170731708,822,144,27.118442622021444,2272,5.008536585365854,539
421,0.0968,-1383.5461538461539,4.678333333333334,6.764632627646327,73.93897882938978,812,126,31.900749351560158,2272,6.869240348692403,591
422,0.0962,-1394.3384615384616,4.126666666666667,5.666666666666667,73.49509803921569,839,124,38.68739827053853,2273,5.83578431372549,116
423,0.0957,-1253.6153846153848,4.433333333333334,6.1375598086124405,73.38277511961722,835,134,31.436910277951377,2273,6.264354066985646,355
424,0.0952,-1278.5692307692307,4.108333333333333,5.839506172839506,71.40246913580246,804,132,33.480380845595114,2276,5.9604938271604935,517
425,0.0946,-1147.4307692307693,3.9166666666666665,5.664179104477612,73.19278606965175,802,138,23.816023210806293,2276,5.794776119402985,82
426,0.0941,-1329.0307692307692,4.578333333333333,6.386007237635706,71.57418576598312,825,132,30.576005249312605,2276,6.5512665862484925,492
427,0.0936,-1438.523076923077,5.1525,6.742921857304643,73.39637599093997,867,128,34.58406330209765,2276,6.866364665911664,535
428,0.0931,-1140.9846153846152,4.005833333333333,5.73053152039555,73.00741656365884,804,137,29.052974793808353,2277,5.8912237330037085,667
429,0.0926,-1432.0,4.7683333333333335,6.423212192262603,73.7725674091442,858,127,35.44249549402439,2281,6.570926143024619,839
430,0.092,-1186.9,3.995,5.350467289719626,71.91705607476635,860,135,30.511710904605565,2281,5.488317757009346,352
431,0.0915,-1441.4153846153845,4.575,6.3694344163658245,72.16365824308063,836,130,39.32647199190547,2282,6.478941034897714,18
432,0.091,-1245.9384615384615,4.234166666666667,5.822195704057279,71.40334128878281,836,136,24.50151764673959,2283,5.97255369928401,41
433,0.0905,-1139.2384615384615,3.9591666666666665,5.504242424242424,71.44363636363636,817,139,23.27645229401649,2283,5.654545454545454,196
434,0.09,-1454.6615384615384,4.448333333333333,6.273164861612515,71.54271961492178,824,122,27.877079392581933,2283,6.407942238267148,304
435,0.0895,-1505.6,4.678333333333334,6.143340857787811,73.69751693002257,861,129,37.673068113024335,2286,6.3148984198645595,94
436,0.089,-1125.0307692307692,3.5816666666666666,5.217063989962359,70.56838143036387,799,138,28.23471418108555,2288,5.340025094102886,528
437,0.0885,-1093.8846153846155,3.6175,5.161963190184049,72.48711656441718,818,141,28.608904183092438,2289,5.306748466257669,699
438,0.088,-1210.3384615384616,4.295833333333333,6.056969696969697,74.28969696969698,823,146,34.31713503398171,2289,6.198787878787879,226
439,0.0876,-1256.4846153846156,3.7333333333333334,5.141982864137087,71.6609547123623,827,136,31.786526053630357,2290,5.252141982864137,35
440,0.0871,-1170.7692307692307,3.8808333333333334,5.3858173076923075,72.46995192307692,834,140,31.32739647404359,2291,5.533653846153846,549
441,0.0866,-1331.6923076923076,4.258333333333334,5.515659955257271,73.47986577181209,878,134,26.813759879230897,2294,5.672259507829978,501
442,0.0861,-1395.6153846153848,4.7125,6.60217654171705,73.78113663845224,829,134,33.56053731341477,2297,6.7424425634824665,374
443,0.0856,-1044.9692307692308,3.75,5.032146957520092,73.00803673938002,855,152,28.83006889506067,2297,5.1630309988518945,550
444,0.0852,-1046.069230769231,3.6058333333333334,4.720605355064028,69.61233993015134,849,144,22.2926309354541,2297,4.846332945285216,158
445,0.0847,-1254.5538461538463,4.0725,5.736579275905118,72.42197253433208,790,134,35.140284247677585,2300,5.84769038701623,886
446,0.0842,-1218.4923076923078,4.0525,5.475409836065574,71.74121779859485,862,139,26.218598527845497,2301,5.612412177985949,421
447,0.0838,-1334.0769230769229,4.425833333333333,6.32360097323601,73.13260340632604,835,135,30.217554259556845,2301,6.4391727493917275,541
448,0.0833,-1423.9076923076923,4.865833333333334,6.9962640099626405,72.65504358655043,799,132,43.36308730196666,2301,7.180572851805729,876
449,0.0828,-1138.9076923076923,3.9558333333333335,5.472087378640777,71.80461165048544,829,147,30.7221424400921,2301,5.591019417475728,773
450,0.0824,-985.1076923076922,3.5208333333333335,4.929181929181929,70.14041514041514,837,152,29.431155128520224,2302,5.068376068376068,118
451,0.0819,-1180.3384615384616,3.9683333333333333,5.490996398559424,71.66866746698679,831,137,26.705529385859688,2302,5.626650660264105,241
452,0.0815,-1291.5076923076924,4.516666666666667,6.504369538077404,74.88639200998752,803,138,34.950562671812825,2302,6.621722846441948,620
453,0.081,-1358.1615384615384,4.3275,5.7102272727272725,72.94886363636364,881,135,33.07865863223192,2304,5.862656072644722,836
454,0.0806,-1363.023076923077,4.5408333333333335,6.03962703962704,73.03146853146853,859,133,33.09451324308431,2304,6.178321678321678,300
455,0.0801,-1265.7692307692307,4.046666666666667,5.625603864734299,71.91908212560386,825,143,29.82907826692803,2305,5.76207729468599,504
456,0.0797,-1113.6384615384616,3.6675,5.063397129186603,71.29904306220095,831,141,24.24469350467233,2305,5.186379928315413,697
457,0.0792,-1298.4538461538461,4.52,6.262576687116565,73.70920245398773,819,144,35.22471438392756,2307,6.357843137254902,56
458,0.0788,-1411.9,4.394166666666667,5.704410011918951,73.7699642431466,862,134,39.68285584270148,2312,5.8319427890345645,342
459,0.0784,-1368.123076923077,4.388333333333334,6.069879518072289,72.54578313253012,840,139,33.11740377508025,2315,6.193975903614458,829
460,0.0779,-1153.023076923077,3.868333333333333,5.621890547263682,72.17661691542288,822,134,27.629577295036214,2316,5.777363184079602,210
461,0.0775,-1143.6615384615384,3.9558333333333335,5.508495145631068,72.0618932038835,803,140,34.97479591841901,2317,5.616504854368932,106
462,0.0771,-1211.0,4.008333333333334,5.728624535315985,72.14498141263941,815,132,23.78610985389988,2318,5.847583643122676,732
463,0.0766,-1352.0384615384617,4.528333333333333,6.183894230769231,74.11057692307692,844,133,29.07277361405017,2319,6.336538461538462,634
464,0.0762,-1235.0,4.13,5.927429274292743,74.06888068880689,804,124,29.583521944090794,2321,6.0504305043050435,824
465,0.0758,-1175.7230769230769,3.799166666666667,4.976217440543602,72.01812004530011,870,147,36.329681366877224,2324,5.138165345413364,766
466,0.0754,-1164.7615384615385,3.9483333333333333,5.904639175257732,71.32474226804123,768,137,30.4184587437389,2326,6.039948453608248,288
467,0.075,-1304.8846153846155,4.336666666666667,5.79463243873979,73.24270711785297,845,141,28.61502481328216,2327,5.960326721120187,301
468,0.0745,-1338.3538461538462,4.475,6.084905660377358,70.6745283018868,853,131,25.246446778057265,2328,6.215801886792453,499
469,0.0741,-1155.353846153846,3.9816666666666665,5.610108303249097,72.00120336943442,825,147,28.717351867842012,2328,5.758122743682311,597
470,0.0737,-1205.0384615384614,3.9491666666666667,5.517448856799037,72.25872442839952,835,140,21.158745455867223,2328,5.6606498194945845,229
471,0.0733,-1175.2,4.014166666666667,5.36697247706422,72.01605504587155,895,143,27.55722178754848,2328,5.513761467889908,244
472,0.0729,-1077.8461538461538,3.6908333333333334,5.376275510204081,71.50892857142857,785,136,33.15317167247434,2328,5.512755102040816,63
473,0.0725,-1187.8000000000002,4.235,5.562002275312856,72.613196814562,870,140,23.61450764224002,2328,5.744027303754266,475
474,0.0721,-1277.9076923076923,4.2675,5.981905910735827,72.64173703256937,833,130,27.970248876964583,2329,6.1145958986731,658
475,0.0717,-1315.2846153846153,4.418333333333333,5.861519607843137,71.93627450980392,836,135,32.94175237902793,2329,5.97671568627451,79
476,0.0713,-1415.576923076923,4.924166666666666,6.744324970131422,71.93309438470729,834,135,33.77957510983076,2333,6.881720430107527,200
477,0.0709,-1244.8692307692306,4.09,5.834761321909425,72.31334149326806,810,130,32.616741803605336,2333,5.971848225214198,343
478,0.0705,-1327.9,4.095833333333333,5.385404789053592,72.05131128848346,892,145,34.508588288161036,2333,5.507972665148063,373
479,0.0701,-1156.7076923076925,3.3716666666666666,4.6884661117717,70.10225921521997,843,139,25.40556746158785,2333,4.835909631391201,344
480,0.0697,-1333.3615384615384,4.444166666666667,6.450809464508095,72.52428393524283,811,132,37.56696359486998,2335,6.575342465753424,714
481,0.0694,-1501.4230769230771,4.765833333333333,6.575866188769415,73.99880525686977,838,134,44.712082658042995,2336,6.715651135005974,13
482,0.069,-1271.7384615384617,4.465,5.892773892773893,72.90326340326341,864,140,35.57661244100218,2336,6.029137529137529,405
483,0.0686,-1145.2615384615383,3.6691666666666665,5.177558569667077,71.62515413070284,824,136,26.694780588414083,2337,5.307028360049322,474
484,0.0682,-1332.576923076923,4.620833333333334,6.5623471882640585,73.10268948655256,816,130,31.360002689176202,2339,6.701711491442543,820
485,0.0678,-985.9923076923078,3.3425,4.81203007518797,70.92606516290726,795,138,24.712692161045513,2339,4.93734335839599,812
486,0.0675,-1124.2923076923075,3.78,5.147268408551069,71.71496437054631,847,147,29.47185637147549,2340,5.2862232779097384,91
487,0.0671,-1232.823076923077,4.581666666666667,5.7421875,71.07477678571429,886,146,30.130522941898654,2340,5.888392857142857,862
488,0.0667,-1232.246153846154,4.3375,5.649379932356257,71.81285231116122,872,139,33.98632865447376,2341,5.820744081172491,222
489,0.0664,-1120.4076923076923,3.6866666666666665,5.127380952380952,72.25833333333334,844,141,28.312178189998367,2341,5.25089179548157,507
490,0.066,-1135.2153846153847,4.0575,5.757125154894672,71.81412639405204,802,133,28.91719889102298,2343,5.885997521685254,857
491,0.0656,-1051.5923076923077,3.605,5.1184041184041185,71.18146718146718,784,139,24.785067239717414,2344,5.277992277992278,203
492,0.0653,-1238.4538461538464,4.1658333333333335,5.406779661016949,71.42615012106538,826,141,23.68551339976352,2345,5.562953995157385,280
493,0.0649,-1144.2307692307693,3.8925,5.264672036823936,73.2059838895282,857,143,29.17537203477124,2345,5.408515535097814,715
494,0.0645,-979.376923076923,3.220833333333333,4.554726368159204,70.53482587064677,790,141,31.442876256887796,2345,4.685323383084577,451
495,0.0642,-1104.1923076923076,3.4541666666666666,4.8557575757575755,71.63878787878788,803,139,29.23531693132482,2345,4.993939393939394,144
496,0.0638,-1270.5384615384614,4.088333333333333,5.657517899761337,74.90572792362768,848,135,34.314467341836504,2345,5.785202863961814,760
497,0.0635,-1200.5615384615385,4.039166666666667,5.46642685851319,72.3537170263789,839,139,27.762500982710456,2346,5.60431654676259,788
498,0.0631,-1189.7,4.004166666666666,5.3872491145218415,72.4250295159386,850,142,31.418409196728664,2347,5.526564344746163,148
499,0.0628,-1266.0846153846155,4.601666666666667,6.1888760139049825,73.37891077636154,868,143,31.30398404967482,2347,6.330243337195829,135
500,0.0624,-1324.0538461538463,4.458333333333333,6.469773299748111,73.18261964735517,772,129,38.22331232579517,2348,6.6259445843828715,52
501,0.0621,-1143.7923076923078,3.8625,5.368547418967587,73.16686674669867,834,135,33.6691590502093,2348,5.53781512605042,455
502,0.0617,-1261.8846153846155,4.115833333333334,5.762711864406779,71.97215496368038,825,133,24.78981743229477,2348,5.875302663438257,383
503,0.0614,-1297.9307692307693,4.2225,6.243994943109987,73.64854614412137,794,131,41.3872560425641,2349,6.374209860935524,610
504,0.0611,-1311.6538461538462,4.215833333333333,5.605011933174224,71.20883054892602,844,131,30.89070432189372,2349,5.744630071599046,114
505,0.0607,-1035.6692307692308,3.6908333333333334,5.408575031525851,72.93190416141236,798,142,16.195311394506533,2349,5.552332912988651,14
506,0.0604,-893.6461538461538,3.275,4.47877358490566,70.63443396226415,854,151,16.53615016187277,2351,4.59316037735849,671
507,0.06,-1112.576923076923,3.7941666666666665,4.933256616800921,71.58457997698504,885,147,21.043484347990113,2351,5.081703107019563,546
508,0.0597,-1031.7153846153847,3.5575,5.148194271481943,72.49190535491906,804,139,22.967232015075773,2352,5.24906600249066,40
509,0.0594,-1162.423076923077,3.83,5.318615751789976,72.61933174224343,855,134,19.961972573240605,2352,5.4391408114558475,258
510,0.0591,-1218.8923076923077,4.1,5.644311377245509,72.79880239520958,826,133,32.489860982004195,2353,5.783233532934132,759
511,0.0587,-1181.0846153846155,4.1258333333333335,5.8667481662591685,72.4877750611247,817,133,28.17523653468754,2355,6.014669926650367,545
512,0.0584,-1131.8846153846155,3.945,5.4945054945054945,71.53357753357753,828,138,32.794953491318374,2357,5.64957264957265,420
513,0.0581,-1209.1846153846154,4.255833333333333,5.930487804878049,74.98658536585366,835,129,34.59197659497542,2357,6.102439024390244,520
514,0.0578,-1108.769230769231,3.868333333333333,5.3748488512696495,71.04836759371221,842,139,33.85672381646119,2357,5.510278113663845,635
515,0.0574,-1222.1769230769232,4.16,5.807407407407408,71.99259259259259,817,128,32.224121298677666,2357,5.92962962962963,109
516,0.0571,-1023.9384615384614,3.4908333333333332,4.905289052890529,72.02829028290283,831,140,19.657511466786726,2358,5.030750307503075,713
517,0.0568,-1260.5307692307692,4.379166666666666,6.184115523465704,73.2214199759326,818,131,36.33252358198953,2358,6.30806257521059,286
518,0.0565,-1171.3076923076924,4.095,5.537190082644628,73.52774498229044,843,142,33.013444338363996,2359,5.64935064935065,362
519,0.0562,-963.4153846153847,3.4558333333333335,5.00747198007472,72.60024906600249,800,143,22.92095035616977,2359,5.12826899128269,741
520,0.0559,-1066.5769230769233,3.526666666666667,4.833531510107015,69.4756242568371,843,141,16.73973108685418,2359,4.954815695600476,524
521,0.0556,-1176.3461538461538,3.881666666666667,5.570725707257073,72.40959409594096,814,138,30.952447918803752,2361,5.677736777367774,705
522,0.0553,-1266.923076923077,4.101666666666667,5.67956469165659,71.3180169286578,832,129,28.541239146653215,2361,5.837968561064087,28
523,0.0549,-1029.8923076923077,3.8625,5.149253731343284,71.44202066590127,866,143,30.544695529632,2363,5.288174512055109,159
524,0.0546,-1268.9461538461537,4.596666666666667,6.175317185697809,73.05997693194925,856,138,33.12514144527655,2367,6.325259515570934,855
525,0.0543,-1126.8538461538462,3.905,5.599752168525403,72.0185873605948,807,138,30.33661406801529,2369,5.733581164807931,130
526,0.054,-1321.8538461538462,4.5,6.133727810650887,72.32781065088757,844,128,37.48084409622436,2372,6.264775413711584,613
527,0.0537,-1043.376923076923,3.605,5.16542288557214,70.5273631840796,813,147,31.01048776339054,2372,5.281094527363184,176
528,0.0534,-1230.823076923077,4.068333333333333,5.512514898688916,72.17044100119189,837,130,35.56772776476228,2373,5.644815256257449,311
529,0.0531,-937.5307692307692,3.3291666666666666,4.842236024844721,69.93167701863354,804,143,23.316416852351416,2373,4.961490683229814,568
530,0.0529,-1112.6307692307691,3.6891666666666665,5.124691358024691,71.05308641975309,802,136,23.63521489958065,2373,5.266666666666667,372
531,0.0526,-1148.076923076923,3.7691666666666666,4.932084309133489,70.07728337236534,838,135,26.29579781099012,2374,5.063231850117096,470
532,0.0523,-1038.476923076923,3.473333333333333,4.694895591647332,69.76566125290023,866,144,25.175638556190485,2375,4.7877030162412995,185
533,0.052,-1190.2769230769231,4.12,5.077181208053691,70.4440715883669,889,150,18.88652671343969,2376,5.231543624161074,534
534,0.0517,-1096.7384615384615,3.595833333333333,5.141104294478527,72.1116564417178,811,138,25.44460649150668,2378,5.263803680981595,621
535,0.0514,-1039.623076923077,3.5866666666666664,5.05,70.84390243902439,834,143,21.585338942807404,2379,5.171951219512195,264
536,0.0511,-1009.176923076923,3.6616666666666666,5.282716049382716,73.03950617283951,802,142,16.71130815427913,2379,5.415536374845869,485
537,0.0508,-1248.9076923076923,3.6991666666666667,5.231325301204819,70.13132530120482,831,140,34.22490247510062,2379,5.367469879518072,356
538,0.0506,-1029.4076923076923,3.58,4.874407582938389,72.77132701421802,860,151,20.414573287710187,2379,4.991706161137441,7
539,0.0503,-1123.269230769231,3.5941666666666667,4.902761104441777,72.2016806722689,848,140,26.251961581452502,2380,5.021608643457383,651
540,0.05,-1162.3846153846152,3.848333333333333,5.38159509202454,72.37546012269938,819,134,22.08339490333092,2380,5.501225490196078,554
541,0.05,-1152.5692307692307,3.935,5.294049008168028,72.66627771295217,862,147,25.77311326559022,2380,5.4317386231038505,66
542,0.05,-1353.8076923076924,4.3275,6.0730816077953715,73.18757612667478,816,125,28.421893823593066,2380,6.232643118148599,370
543,0.05,-1165.7153846153847,4.1258333333333335,5.685579196217494,71.10165484633569,843,140,28.300490183524765,2380,5.795749704840614,564
544,0.05,-1235.0923076923077,4.185833333333333,5.533642691415313,73.27146171693735,870,142,22.98903820886125,2380,5.684454756380511,583
545,0.05,-1259.3615384615384,4.055,5.659036144578313,71.54939759036145,839,131,28.335968691555458,2380,5.790361445783133,220
546,0.05,-1069.0461538461539,3.5366666666666666,4.820359281437126,69.46586826347306,827,144,27.570189966644833,2380,4.938922155688623,393
547,0.05,-1008.2076923076924,3.365,4.824907521578298,72.15782983970406,816,137,27.170427745450624,2381,4.960542540073983,649
548,0.05,-1226.646153846154,4.1925,5.759953161592506,73.1288056206089,876,140,25.64519515098127,2382,5.909836065573771,660
549,0.05,-1470.9076923076923,4.373333333333333,6.166868198307134,72.4304715840387,852,124,33.57093476095179,2383,6.296251511487304,482
550,0.05,-1366.1538461538462,4.5408333333333335,5.945454545454545,71.11363636363636,879,130,33.24105493141517,2384,6.089772727272727,512
551,0.05,-1132.5615384615385,3.8175,5.310893512851897,71.91799265605876,811,134,28.127119394649387,2386,5.473684210526316,548
552,0.05,-1174.7846153846153,4.055,5.472488038277512,71.93899521531101,836,145,25.529130848619037,2387,5.586618876941458,562
553,0.05,-1236.1923076923076,3.9633333333333334,5.451414514145141,73.23616236162361,820,126,31.482967468667173,2388,5.587945879458794,138
554,0.05,-1294.5461538461539,4.230833333333333,5.912237330037083,74.07292954264524,822,126,31.083533340821397,2389,6.049443757725587,39
555,0.05,-1237.4615384615386,4.036666666666667,5.630937880633374,71.51400730816079,818,139,22.75300936592959,2391,5.767356881851401,124
556,0.05,-1306.976923076923,4.318333333333333,6.0966587112171835,70.60023866348449,828,133,27.049463204537442,2391,6.228843861740167,88
557,0.05,-1252.5153846153846,3.966666666666667,5.514423076923077,73.44591346153847,829,133,31.86623491438479,2391,5.657451923076923,326
558,0.05,-1362.523076923077,4.464166666666666,6.022405660377358,72.5495283018868,856,125,31.662449200330123,2391,6.162735849056604,536
559,0.05,-1213.9153846153845,4.293333333333333,6.0774818401937045,73.25302663438256,838,144,18.540866805925095,2391,6.194679564691657,457
560,0.05,-1074.1307692307691,3.7666666666666666,5.2188995215311005,70.82775119617224,841,143,29.288654358423074,2392,5.375598086124402,648
561,0.05,-1267.2769230769231,4.269166666666667,5.876168224299065,74.0677570093458,867,131,31.36376060824752,2392,6.0233644859813085,177
562,0.05,-1170.123076923077,3.8608333333333333,5.3654761904761905,71.89285714285714,845,136,30.741499671441,2392,5.495238095238095,655
563,0.05,-1159.7307692307693,3.861666666666667,5.539130434782609,73.17142857142858,801,137,28.41492230135941,2394,5.6894409937888195,432
564,0.05,-1034.9384615384615,3.8025,5.337708830548926,71.70405727923628,841,137,22.359706166629156,2394,5.448687350835322,369
565,0.05,-1236.3307692307694,4.2775,5.778708133971292,71.54665071770334,859,138,29.024742805498978,2394,5.935483870967742,251
566,0.05,-1067.146153846154,3.3858333333333333,4.644417475728155,70.62135922330097,817,146,21.190025871550798,2394,4.787621359223301,183
567,0.05,-1158.6538461538462,3.665,5.057416267942584,70.69138755980862,831,138,29.229157679309857,2397,5.223416965352449,843
568,0.05,-1253.8,4.090833333333333,5.568742655699177,71.88954171562867,838,132,21.784556982549198,2397,5.713278495887192,174
569,0.05,-1216.5846153846153,4.29,6.171604938271605,72.86913580246913,804,136,19.598127508075024,2398,6.291358024691358,68
570,0.05,-1250.746153846154,4.235833333333333,5.997569866342649,73.69501822600243,820,131,33.980780010268944,2398,6.140947752126367,243
571,0.05,-1158.9461538461537,3.8508333333333336,5.538944723618091,71.68467336683418,800,140,27.19502980646813,2398,5.668341708542713,255
572,0.05,-1095.0153846153846,4.015833333333333,5.592371871275327,71.87842669845054,823,143,22.99348810055982,2398,5.741358760429082,593
573,0.05,-1108.2846153846153,3.5525,4.951190476190476,70.84404761904761,839,138,26.465838863005025,2400,5.102380952380952,656
574,0.05,-1032.8615384615384,3.6241666666666665,5.074074074074074,71.25806451612904,808,136,23.595331821756155,2401,5.188769414575866,463
575,0.05,-1146.7384615384617,3.76,5.3875776397515525,71.11801242236025,817,137,29.42208863109564,2401,5.522981366459628,363
576,0.05,-1062.8692307692309,3.7583333333333333,5.221142162818955,70.91616038882138,829,143,24.922463620741212,2402,5.34872417982989,898
577,0.05,-1050.523076923077,3.7058333333333335,5.041866028708134,71.20215311004785,845,144,32.66261157863711,2403,5.177033492822966,187
578,0.05,-1070.423076923077,3.8225,5.449079754601227,73.1239263803681,811,141,27.571193615539123,2403,5.58282208588957,108
579,0.05,-947.2,3.220833333333333,4.512574850299401,69.03592814371258,820,150,26.54839802232247,2403,4.6479041916167665,142
580,0.05,-1019.2846153846154,3.715,5.3365735115431345,73.6719319562576,805,141,27.977264344500757,2404,5.471445929526124,785
581,0.05,-1261.5923076923077,4.3725,6.157641395908544,73.01805054151625,841,137,33.93764002373511,2405,6.299638989169675,448
582,0.05,-1240.9615384615386,4.293333333333333,5.548387096774194,72.87903225806451,869,133,24.38279905544214,2407,5.701612903225806,735
583,0.05,-1008.2461538461539,3.6683333333333334,5.040141676505313,73.23848878394332,853,145,22.035924038671908,2407,5.1759149940968125,411
584,0.05,-1002.423076923077,3.6925,4.96816037735849,71.79009433962264,850,147,19.564000510590326,2408,5.117924528301887,798
585,0.05,-950.9846153846153,3.5816666666666666,4.88187134502924,70.87134502923976,837,146,23.387788478302802,2408,5.044444444444444,786
586,0.05,-1136.2769230769231,3.745,5.360837438423645,72.8743842364532,813,144,24.15984999169562,2408,5.491379310344827,19
587,0.05,-1196.2230769230769,3.995833333333333,5.444839857651245,72.76631079478055,843,143,28.766498791935426,2409,5.58244365361803,29
588,0.05,-1123.8615384615384,4.184166666666667,5.845053635280095,74.70321811680571,839,138,39.49009632796529,2411,5.986889153754469,190
589,0.05,-1220.2076923076925,4.325833333333334,5.796948356807512,71.8943661971831,837,138,25.946591275119587,2411,5.922535211267606,771
590,0.05,-1137.3307692307692,3.9875,5.815889029003783,71.66582597730138,777,130,28.684429122739203,2414,5.994955863808323,494
591,0.05,-1112.1846153846154,3.2908333333333335,4.874035989717224,72.27120822622108,764,131,34.87518717966373,2415,5.0038560411311055,497
592,0.05,-1262.7769230769231,4.31,5.925443786982249,72.53372781065089,851,134,27.26050265051079,2415,6.060355029585799,171
593,0.05,-994.4153846153846,3.5608333333333335,5.176029962546816,70.97877652933833,799,140,16.573581493093887,2415,5.283395755305867,619
594,0.05,-1136.7230769230769,3.901666666666667,5.405988023952096,71.20479041916168,832,148,32.99538335744393,2415,5.549700598802395,805
595,0.05,-1077.0,3.7675,5.133254716981132,72.25471698113208,848,144,32.18535125875081,2416,5.306603773584905,381
596,0.05,-1021.5999999999999,3.5366666666666666,4.990373044524669,73.04813477737666,821,143,23.907732441869193,2416,5.11913357400722,163
597,0.05,-1255.523076923077,4.3758333333333335,6.0998766954377315,72.30209617755857,816,134,29.584587747253725,2417,6.244143033292231,736
598,0.05,-1011.6307692307691,3.3808333333333334,4.568208778173191,69.89916963226572,834,143,18.571191751551456,2417,4.699881376037959,746
599,0.05,-1002.8307692307693,3.57,4.964285714285714,71.50492610837438,811,141,16.91396342661834,2417,5.121771217712177,484
600,0.05,-1069.476923076923,3.8041666666666667,5.236749116607774,71.72673733804476,858,142,24.082727489523105,2417,5.372202591283863,608
601,0.05,-1056.2,3.8175,5.2822384428223845,73.05961070559611,822,140,25.18461832951031,2419,5.411192214111922,718
602,0.05,-897.3384615384614,3.0175,4.4189873417721515,71.87974683544304,795,143,21.203500351994666,2419,4.586075949367088,638
603,0.05,-962.9769230769231,3.2825,4.373831775700935,69.51285046728972,867,146,26.529818218425305,2419,4.517523364485982,281
604,0.05,-1163.8846153846152,4.114166666666667,5.842874543239951,74.3958587088916,823,136,24.102119815337556,2420,5.953714981729598,184
605,0.05,-1028.9384615384615,3.5825,4.884976525821596,72.03286384976526,860,147,18.684162621286102,2420,5.011737089201878,666
606,0.05,-1169.0076923076922,4.0075,5.362874251497006,72.12934131736527,821,136,27.276690343175066,2420,5.522155688622754,460
607,0.05,-1107.6923076923076,3.925,5.3611442193087,71.61144219308702,822,139,20.955253637065415,2422,5.494636471990465,103
608,0.05,-1219.2923076923078,4.178333333333334,5.80975029726516,73.43995243757432,838,136,28.202484320589786,2423,5.957244655581948,893
609,0.05,-1120.2,4.004166666666666,5.293144208037825,71.44326241134752,860,152,20.973802753584017,2423,5.419621749408983,793
610,0.05,-1105.4384615384613,3.6925,4.940639269406392,71.42579908675799,876,136,20.839574607200706,2425,5.065068493150685,847
611,0.05,-1238.1076923076923,4.1825,5.73469387755102,73.58103241296519,837,137,34.65632062012017,2426,5.867947178871549,888
612,0.05,-1215.7307692307693,3.9766666666666666,5.515476190476191,71.36785714285715,826,138,30.282128866374705,2427,5.6380952380952385,165
613,0.05,-1120.9076923076923,3.7491666666666665,5.177935943060498,72.26453143534994,832,139,29.426017189525602,2428,5.277580071174377,424
614,0.05,-1293.8307692307692,4.2675,5.685549132947977,73.88554913294797,869,128,28.49009342530735,2431,5.8325635103926095,283
615,0.05,-1120.446153846154,3.8516666666666666,5.416873449131514,69.72828784119106,810,143,21.774588153031836,2432,5.578163771712159,73
616,0.05,-1038.8538461538462,3.4125,4.9135959339263025,71.59339263024142,786,138,31.51574243057996,2433,5.043202033036849,689
617,0.05,-1230.0923076923077,4.206666666666667,5.704439252336448,71.39252336448598,856,136,30.519172186913266,2433,5.831971995332555,637
618,0.05,-1012.323076923077,3.464166666666667,4.6871378910776365,70.00695249130939,868,146,21.06354944717501,2434,4.831981460023175,147
619,0.05,-1035.423076923077,3.725,4.970622796709753,71.84371327849588,854,145,23.205531212559375,2434,5.123384253819037,755
620,0.05,-1111.3153846153846,3.5016666666666665,4.888755980861244,72.04306220095694,825,149,24.096141342171663,2434,5.011961722488039,65
621,0.05,-1273.1153846153848,4.293333333333333,5.8598351001177855,69.8150765606596,828,142,30.350688903545702,2435,5.9705535924617195,845
622,0.05,-1227.069230769231,4.178333333333334,5.651515151515151,72.81002331002331,858,132,30.81326985074926,2435,5.814901047729919,720
623,0.05,-1234.6153846153848,4.055,5.788697788697789,73.63022113022113,820,139,29.938202659107915,2435,5.923832923832924,453
624,0.05,-1082.1076923076923,3.7425,5.133495145631068,71.63349514563107,843,138,23.755934585507106,2436,5.280339805825243,198
625,0.05,-910.0,3.285,4.4110070257611245,69.22482435597189,845,145,8.883823960504214,2436,4.551522248243559,498
626,0.05,-1388.6769230769232,4.898333333333333,6.401129943502825,70.55819209039548,879,139,32.57440526384903,2436,6.563841807909604,358
627,0.05,-1120.8076923076924,3.904166666666667,5.213333333333333,70.81939393939393,823,146,27.87085049337887,2436,5.338181818181818,99
628,0.05,-1174.3153846153846,3.9175,5.361803084223013,71.49703440094899,835,145,27.530811934561783,2436,5.518386714116252,228
629,0.05,-1106.253846153846,3.985,5.553113553113553,71.7020757020757,808,138,18.531668742611757,2438,5.7094017094017095,395
630,0.05,-1011.0153846153846,3.76,5.66321243523316,71.30181347150258,790,137,27.153033695568073,2438,5.787564766839378,794
631,0.05,-1195.8923076923077,4.15,5.593419506462984,72.63807285546416,850,145,21.388610842993067,2438,5.753231492361927,525
632,0.05,-1192.1076923076923,3.8241666666666667,5.447724477244773,71.840098400984,815,131,27.035178593271432,2439,5.574415744157442,537
633,0.05,-1331.576923076923,3.8741666666666665,5.508557457212714,72.44498777506112,830,138,32.285983322711346,2440,5.6332518337408315,292
634,0.05,-1114.1,4.0725,5.464203233256351,71.35681293302541,856,141,18.347736982092723,2440,5.593533487297922,742
635,0.05,-1165.8846153846152,4.200833333333334,5.453020134228188,71.55816554809843,884,145,19.257522362614605,2440,5.612975391498882,179
636,0.05,-1087.923076923077,3.8566666666666665,5.264670658682634,70.24790419161677,836,144,24.58983935303929,2441,5.411976047904192,644
637,0.05,-1091.353846153846,3.8666666666666667,5.269276393831554,71.74377224199289,848,149,22.66707185097757,2441,5.418742586002373,410
638,0.05,-1100.1307692307691,3.6733333333333333,5.205562273276905,71.37243047158404,829,129,19.94863008474973,2441,5.326086956521739,67
639,0.05,-1178.7692307692305,4.1475,5.508771929824562,73.07719298245614,866,143,18.477220491310533,2441,5.639766081871345,584
640,0.05,-1053.523076923077,3.995,5.25,71.60502283105023,865,144,26.91238501902773,2441,5.397260273972603,454
641,0.05,-1259.9153846153847,4.365,6.058096415327565,72.34610630407911,791,133,32.561035542879594,2441,6.203703703703703,275
642,0.05,-1013.1923076923076,3.504166666666667,4.651162790697675,71.45348837209302,858,147,13.243629829699804,2441,4.788372093023256,23
643,0.05,-1325.723076923077,4.213333333333333,5.813459268004722,72.913813459268,852,138,39.12228428175274,2441,5.952830188679245,306
644,0.05,-1182.892307692308,3.9208333333333334,5.381123058542413,71.0752688172043,830,139,28.52472648148467,2442,5.519713261648746,883
645,0.05,-1338.5615384615385,4.526666666666666,6.188967136150235,71.01408450704226,845,139,36.496372241612896,2443,6.326291079812207,33
646,0.05,-1069.230769230769,3.7891666666666666,5.334554334554334,70.64590964590964,810,135,14.823088094616526,2443,5.472527472527473,436
647,0.05,-1137.8076923076924,3.828333333333333,5.2023809523809526,70.64166666666667,857,141,27.676161795529932,2444,5.3353151010701545,868
648,0.05,-1142.8,3.9475,5.381345926800472,70.54545454545455,834,140,22.892285748101234,2445,5.546635182998819,291
649,0.05,-949.8692307692309,3.2258333333333336,4.7383059418457645,72.61946902654867,790,141,20.455276854350174,2445,4.86346396965866,58
650,0.05,-1267.1769230769232,4.240833333333334,5.8402860548271756,71.3528009535161,836,133,33.50377279122803,2445,5.961859356376639,777
651,0.05,-1094.176923076923,3.4541666666666666,4.865617433414044,71.56295399515739,825,133,16.916518817690886,2445,5.018159806295399,21
652,0.05,-1077.2846153846156,3.3075,4.5686977299880525,69.90800477897253,829,148,23.383624984591222,2446,4.678614097968937,303
653,0.05,-1075.0923076923077,3.5908333333333333,4.985697258641239,71.50655542312276,836,140,20.44182166183649,2446,5.131108462455304,750
654,0.05,-1242.4384615384615,4.315,5.846698113207547,70.82665094339623,857,140,27.077139515760685,2447,5.984687868080094,816
655,0.05,-1031.5,3.6708333333333334,5.229629629629629,71.88888888888889,805,141,25.402868549727174,2447,5.375308641975309,125
656,0.05,-1116.2384615384615,3.8766666666666665,5.430379746835443,72.56835443037974,801,136,34.79067464616306,2450,5.572151898734178,560
657,0.05,-1049.6153846153848,3.848333333333333,5.389156626506024,71.70120481927711,818,139,27.97989788101308,2452,5.518072289156627,663
658,0.05,-1119.0692307692307,3.845,5.26397146254459,71.35196195005945,839,140,22.843118687907776,2452,5.395957193816884,633
659,0.05,-1001.123076923077,3.3858333333333333,4.881481481481481,71.57654320987655,819,139,27.612750015124035,2452,5.027160493827161,441
660,0.05,-1273.0,4.248333333333333,5.735672514619883,71.55906432748537,855,131,23.264301571048833,2453,5.888888888888889,573
661,0.05,-1035.8692307692309,3.4658333333333333,4.890643985419198,70.62454434993924,824,140,15.55629509082136,2453,5.002430133657351,844
662,0.05,-1004.4153846153846,3.4316666666666666,4.807416267942584,71.91746411483254,839,137,16.413949174097766,2453,4.956937799043062,137
663,0.05,-1180.8230769230768,3.8991666666666664,5.557195571955719,73.23247232472325,815,137,28.986298091172397,2453,5.686346863468635,428
664,0.05,-1102.230769230769,3.7133333333333334,5.3231334149326806,70.58384332925337,801,139,28.99525716479369,2454,5.461444308445532,631
665,0.05,-1205.1769230769232,4.101666666666667,5.638196915776987,71.26097271648874,845,136,31.58367544293814,2455,5.794780545670226,193
666,0.05,-1241.9,4.26,5.766081871345029,72.09941520467837,861,134,20.444254440444873,2455,5.900584795321637,754
667,0.05,-1275.1692307692308,3.6258333333333335,4.663924794359577,70.66745005875441,832,139,39.20714645221967,2455,4.811032863849765,298
668,0.05,-977.9076923076923,3.2083333333333335,4.2624277456647395,70.9306358381503,845,139,22.421254625478007,2455,4.41849710982659,743
669,0.05,-1075.8615384615384,3.9325,5.1113716295427905,70.08323563892145,859,146,25.37947673522631,2456,5.2403282532239155,506
670,0.05,-1033.546153846154,3.5941666666666667,5.116788321167883,70.77372262773723,833,150,13.640312249311712,2456,5.257907542579075,337
671,0.05,-1088.876923076923,3.7958333333333334,5.181494661921708,71.60023724792408,856,145,27.59600402158151,2456,5.322657176749703,853
672,0.05,-979.0769230769231,3.3525,4.537914691943128,71.5888625592417,856,147,15.571036696279105,2458,4.665876777251185,587
673,0.05,-1081.1076923076923,3.5625,4.733256351039261,71.60969976905312,892,137,19.989824250620753,2459,4.871824480369515,164
674,0.05,-1064.9153846153845,3.6991666666666667,4.996428571428571,69.84642857142858,842,145,27.589121792961137,2459,5.182142857142857,578
675,0.05,-1026.3461538461538,3.6325,5.0735826296743065,70.81423401688782,832,147,18.206318351028,2460,5.224366706875754,547
676,0.05,-1143.8846153846152,4.099166666666667,5.672350791717418,70.43361753958587,813,141,25.72410792934515,2461,5.802679658952497,444
677,0.05,-1055.4538461538461,3.605,5.166874221668742,69.39850560398506,797,143,24.919563946335447,2462,5.281444582814446,31
678,0.05,-1250.0307692307692,4.2575,5.860975609756098,73.15121951219513,842,136,28.30763987573625,2462,5.991473812423873,810
679,0.05,-1038.523076923077,3.8775,5.005549389567148,71.34739178690344,904,156,18.049404495528943,2462,5.135405105438402,426
680,0.05,-1074.6999999999998,3.6633333333333336,5.305941845764854,71.52591656131479,815,146,31.724127178311445,2463,5.45385587863464,643
681,0.05,-996.4615384615386,3.515833333333333,4.756820877817319,70.8967971530249,859,143,20.818361598376566,2463,4.893238434163701,192
682,0.05,-1096.246153846154,3.7258333333333336,5.079656862745098,72.44362745098039,825,141,27.522006567692326,2463,5.209558823529412,673
683,0.05,-961.9230769230769,3.325,4.7061668681983075,71.68802902055623,834,143,22.052417263836016,2463,4.84764207980653,894
684,0.05,-1101.2846153846153,3.779166666666667,5.0933014354066986,71.79904306220095,842,134,30.089530107473113,2463,5.204545454545454,32
685,0.05,-1140.0615384615385,4.030833333333334,5.351197263397948,72.06271379703534,859,138,26.454096784542468,2463,5.490307867730901,519
686,0.05,-1320.6153846153848,4.52,6.104718066743383,74.28768699654776,875,147,36.92572643573643,2463,6.245109321058688,828
687,0.05,-1124.1769230769232,3.7308333333333334,5.513819095477387,71.17587939698493,779,129,20.906553571543352,2464,5.63819095477387,246
688,0.05,-1089.0538461538463,4.059166666666667,5.490127758420441,71.25087108013938,861,148,17.827797202054903,2464,5.610917537746806,717
689,0.05,-1126.3153846153846,3.8125,5.392900856793146,72.4173806609547,843,135,16.501867642143914,2464,5.536107711138311,134
690,0.05,-1217.9384615384615,4.0725,5.330275229357798,73.37270642201835,874,142,16.67710078759445,2464,5.465596330275229,569
691,0.05,-992.9769230769232,3.6058333333333334,4.966745843230404,70.55819477434679,839,139,20.454113867575938,2465,5.090261282660332,590
692,0.05,-1001.5461538461539,3.683333333333333,5.0082449941107186,71.44405182567726,835,143,21.530333478392137,2465,5.130588235294118,674
693,0.05,-1131.1307692307691,3.7641666666666667,5.25,72.10121951219512,824,143,20.300266950472658,2465,5.392204628501827,290
694,0.05,-1107.7153846153847,3.6766666666666667,5.278869778869779,72.98157248157248,814,143,23.998870421030784,2466,5.447174447174447,25
695,0.05,-997.446153846154,3.5416666666666665,5.0085158150851585,71.30170316301704,821,145,21.385187012255905,2466,5.164233576642336,207
696,0.05,-947.7153846153846,3.4425,4.882352941176471,72.16896120150187,794,141,21.724364004355838,2466,4.997496871088861,284
697,0.05,-1008.1538461538462,3.6158333333333332,4.908536585365853,70.95853658536585,827,149,16.63600949223635,2466,5.040243902439024,412
698,0.05,-1033.1,3.5625,5.065512978986403,71.20519159456119,807,140,17.22448166622177,2466,5.207663782447466,630
699,0.05,-1074.2307692307693,3.885,5.566791510611735,72.11860174781523,795,133,34.86966041885818,2467,5.702871410736579,526
700,0.05,-1070.4,3.8333333333333335,5.259478672985782,71.19312796208531,841,145,21.5016758371079,2467,5.390995260663507,8
701,0.05,-1021.8769230769232,3.486666666666667,4.590389016018307,72.95537757437071,874,144,14.264586927642794,2467,4.725400457665904,2
702,0.05,-1236.5461538461536,4.2225,5.6068181818181815,72.98636363636363,878,143,34.88735662146506,2467,5.761363636363637,310
703,0.05,-1032.7846153846153,3.5591666666666666,4.729667812142039,70.30355097365407,866,148,16.23353648669276,2467,4.865979381443299,606
704,0.05,-904.3999999999999,3.245,4.576829268292683,70.3,818,136,17.334122834265056,2467,4.721951219512195,866
705,0.05,-1005.5307692307692,3.7558333333333334,4.900224215246637,70.8329596412556,880,155,21.63570916081302,2467,5.04932735426009,779
706,0.05,-1045.946153846154,3.69,5.057579318448884,71.0129259694477,841,139,17.806576899139216,2467,5.226792009400705,12
707,0.05,-950.3384615384616,3.3975,5.059050064184852,71.70346598202823,757,143,21.17333718160165,2467,5.191270860077021,832
708,0.05,-1081.1769230769232,3.8433333333333333,5.57001239157373,74.13506815365551,814,143,19.376375600915885,2468,5.716232961586122,879
709,0.05,-1139.0153846153848,3.8541666666666665,5.221709006928407,71.44803695150115,875,143,19.02150161965114,2468,5.369515011547344,404
710,0.05,-1166.2692307692307,3.81,5.206815511163337,71.5252643948296,858,143,24.536737463499502,2468,5.3478260869565215,681
711,0.05,-1018.8538461538462,3.7225,4.970794392523365,70.95093457943925,850,140,23.174604459888897,2468,5.126168224299065,813
712,0.05,-1011.853846153846,3.7225,5.270833333333333,72.00735294117646,808,142,19.1221639071341,2468,5.394607843137255,225
713,0.05,-1004.5076923076923,3.5591666666666666,4.844186046511628,71.55,855,141,21.561723996434598,2470,5.015116279069767,252
714,0.05,-933.3307692307692,3.0566666666666666,4.090144230769231,69.67067307692308,832,147,18.980352101170915,2470,4.221153846153846,700
715,0.05,-1295.607692307692,4.266666666666667,6.281887755102041,74.42091836734694,780,122,37.721742112665446,2470,6.44515306122449,132
716,0.05,-1308.1923076923076,4.2575,5.452436194895592,72.03248259860788,872,142,26.639779555808932,2470,5.568445475638051,572
717,0.05,-1133.0923076923077,3.875,5.2565320665083135,72.27553444180522,833,133,23.57021840136758,2470,5.42042755344418,223
718,0.05,-1055.3461538461538,3.4983333333333335,4.735154394299287,69.97743467933492,848,150,28.969580594976946,2470,4.85748218527316,652
719,0.05,-979.1692307692308,3.504166666666667,4.468933177022274,70.26846424384526,868,150,24.17728507401031,2470,4.61430246189918,884
720,0.05,-1051.6615384615384,3.745833333333333,5.198773006134969,72.75705521472392,816,129,26.003322795990297,2472,5.339877300613497,809
721,0.05,-1170.8000000000002,3.6883333333333335,4.908984830805134,72.31505250875146,871,140,24.995160842906202,2472,5.051341890315053,150
722,0.05,-1048.5384615384614,3.6633333333333336,4.831381733021077,72.77634660421546,861,143,19.82246077694862,2472,4.989461358313817,623
723,0.05,-1042.5153846153846,3.700833333333333,4.854875283446712,70.19614512471655,869,152,18.213523202135995,2472,4.975084937712344,75
724,0.05,-1116.1153846153848,3.8808333333333334,5.230677764565993,72.95243757431629,838,139,29.58971460651907,2472,5.37217598097503,206
725,0.05,-1033.5538461538463,3.6175,5.044957472660997,70.75212636695018,817,148,24.689438965353713,2472,5.1701093560145805,508
726,0.05,-1066.123076923077,3.734166666666667,5.029103608847497,71.0069848661234,857,150,20.72048278425039,2472,5.150174621653085,392
727,0.05,-1085.5538461538463,3.7225,5.12085308056872,73.3021327014218,863,144,20.985377120939173,2473,5.265402843601896,236
728,0.05,-1169.3846153846152,4.144166666666667,5.602564102564102,71.76456876456876,858,135,20.313660461668324,2473,5.758741258741258,702
729,0.05,-982.2923076923078,3.4833333333333334,4.831753554502369,69.53791469194313,836,145,20.101676315777247,2473,4.971563981042654,551
730,0.05,-1020.6692307692308,3.635,4.910482921083628,71.62190812720848,843,146,21.185981654517576,2474,5.053003533568905,708
731,0.05,-1027.9153846153847,3.685,5.040094339622642,70.8879716981132,846,147,15.131221798501159,2474,5.1875,476
732,0.05,-961.9769230769232,3.525,5.024420024420024,71.79731379731379,811,144,24.29601933300855,2474,5.17948717948718,47
733,0.05,-1100.476923076923,3.7183333333333333,4.991576413959085,70.70156438026474,831,137,26.355777449992466,2475,5.138387484957882,739
734,0.05,-1046.923076923077,3.296666666666667,4.366510538641686,70.22599531615926,846,149,32.24341378757911,2476,4.523419203747072,360
735,0.05,-1063.3,3.9225,5.3017341040462425,71.52023121387283,861,147,21.55314797479075,2476,5.497109826589595,834
736,0.05,-968.7615384615384,3.276666666666667,4.626201923076923,71.86899038461539,812,137,17.968830594448868,2476,4.772836538461538,833
737,0.05,-1103.4538461538461,3.6966666666666668,5.378653113087675,71.99110546378652,788,132,24.66438378403391,2476,5.510800508259212,201
738,0.05,-924.5538461538463,3.283333333333333,4.513126491646778,70.05608591885442,829,154,19.49909296723016,2477,4.65035799522673,375
739,0.05,-1023.946153846154,3.4725,4.866265060240964,71.23253012048193,828,140,28.025084205558873,2478,5.008433734939759,296
740,0.05,-1011.3,3.4741666666666666,4.672494172494172,69.67948717948718,857,143,11.320544668622697,2478,4.794871794871795,887
741,0.05,-907.7076923076924,3.36,4.477116704805492,69.60640732265446,868,156,12.818519896553573,2478,4.616704805491991,353
742,0.05,-1070.0384615384614,3.6783333333333332,5.130852340936374,71.70228091236494,835,146,27.494656328090358,2479,5.254501800720288,582
743,0.05,-942.1538461538461,3.4158333333333335,4.653755868544601,70.67723004694835,857,142,21.670799767538856,2479,4.800469483568075,472
744,0.05,-1039.8692307692309,3.715,5.264812575574365,71.21765417170496,835,148,23.42090591764287,2479,5.407496977025393,870
745,0.05,-876.4153846153847,3.095833333333333,4.2973621103117505,71.25179856115108,831,151,18.348921599259583,2480,4.420863309352518,400
746,0.05,-1079.8846153846152,3.6216666666666666,4.908647990255786,71.93300852618758,826,138,29.96913299358234,2481,5.075517661388551,721
747,0.05,-1086.3076923076924,3.7041666666666666,4.882352941176471,70.50540216086435,850,145,26.08780990716752,2481,5.00360144057623,473
748,0.05,-1174.5153846153846,3.6458333333333335,4.901714285714286,72.048,870,128,28.136110683842,2482,5.046857142857143,600
749,0.05,-873.9615384615386,3.2075,4.703517587939698,70.46984924623115,805,148,21.1244920250259,2482,4.816582914572864,314
750,0.05,-1083.5615384615385,3.8716666666666666,5.416666666666667,72.44761904761904,831,146,18.468073796114226,2482,5.564285714285714,882
751,0.05,-1130.7846153846153,4.0625,5.5790725326991675,73.88703923900118,824,135,32.30809387903504,2482,5.758620689655173,599
752,0.05,-1176.3615384615387,3.8341666666666665,5.142523364485982,71.95210280373831,882,139,21.47989884478182,2484,5.285046728971962,819
753,0.05,-1029.7384615384615,3.4883333333333333,4.720848056537102,72.13545347467608,861,141,17.45917782125933,2484,4.845882352941176,449
754,0.05,-998.623076923077,3.4266666666666667,4.634204275534442,70.17577197149643,851,144,15.42654243054192,2484,4.818289786223278,235
755,0.05,-1041.1923076923076,3.4566666666666666,4.615384615384615,68.35591274397244,865,146,22.68073440053733,2484,4.7508610792192885,115
756,0.05,-990.7461538461539,3.5175,4.593078758949881,70.88782816229117,839,148,15.226793744704196,2484,4.725536992840095,629
757,0.05,-923.4846153846154,3.470833333333333,4.968905472636816,70.5049751243781,811,149,18.001628857810378,2484,5.106965174129353,669
758,0.05,-1048.3153846153846,3.4975,4.842874543239951,71.35079171741778,830,136,20.713580649588856,2484,4.956151035322777,604
759,0.05,-1026.3615384615387,3.375,4.496519721577727,70.60788863109049,860,141,23.922657033639677,2484,4.6287703016241295,368
760,0.05,-978.2692307692308,3.6141666666666667,4.748031496062992,69.03599550056244,891,156,19.327190763795578,2484,4.890888638920135,282
761,0.05,-1035.2615384615383,3.6158333333333332,4.902352941176471,71.48235294117647,860,138,20.718053950286716,2484,5.0588235294117645,415
762,0.05,-985.1692307692308,3.6666666666666665,4.870892018779343,71.86854460093896,855,148,21.30595505854439,2484,5.01056338028169,237
763,0.05,-951.0538461538462,3.4008333333333334,4.792521109770808,71.28709288299156,830,142,21.07172253918863,2484,4.911942098914355,389
764,0.05,-1036.8384615384616,3.7808333333333333,5.00715137067938,71.05840286054827,849,150,19.436252267253316,2485,5.147619047619048,157
765,0.05,-1112.576923076923,3.3733333333333335,4.7607361963190185,72.36073619631902,802,141,30.61934311514348,2485,4.9226993865030675,331
766,0.05,-1061.9153846153847,3.65,4.793614595210946,71.96123147092361,871,140,20.1339755463797,2485,4.958950969213227,364
767,0.05,-1082.4076923076923,3.8275,5.0642523364485985,72.48598130841121,859,142,19.632849757598727,2485,5.2172897196261685,856
768,0.05,-1162.1692307692308,4.079166666666667,5.669056152927121,72.06093189964157,834,141,22.872139169448573,2485,5.817204301075269,703
769,0.05,-1206.3692307692309,3.845833333333333,4.913594470046083,70.3721198156682,882,141,20.815449681807003,2485,5.035673187571922,385
770,0.05,-909.8153846153846,3.5125,4.6632064590542095,72.3033448673587,868,144,16.757204336507296,2485,4.803921568627451,49
771,0.05,-1210.9,3.6966666666666668,5.220888355342137,71.68427370948379,832,129,32.48992558568573,2485,5.345323741007194,762
772,0.05,-1015.7538461538461,3.3125,5.078636959370904,71.14023591087812,766,140,16.397338866576195,2485,5.192660550458716,752
773,0.05,-1008.2461538461539,3.4833333333333334,5.06140350877193,70.38972431077694,803,136,16.173562173731817,2486,5.18796992481203,502
774,0.05,-1060.3230769230768,3.77,5.144018583042973,72.01858304297329,866,140,16.735593051686624,2486,5.301974448315912,416
775,0.05,-1185.1769230769232,4.065,5.512820512820513,73.0976800976801,824,135,17.798137101337783,2486,5.633699633699634,216
776,0.05,-1009.4538461538461,3.6708333333333334,5.192028985507246,72.21256038647343,815,141,26.1402573323537,2486,5.334541062801932,232
777,0.05,-964.2538461538461,3.549166666666667,4.978234582829504,71.71704957678355,838,146,22.44872551274262,2487,5.1148730350665055,612
778,0.05,-1097.553846153846,3.8775,5.314660309892729,71.60548271752086,846,148,26.426656149665405,2487,5.4488095238095235,490
779,0.05,-1199.876923076923,4.118333333333333,5.61050061050061,71.0915750915751,818,133,18.319205652423175,2487,5.725274725274725,247
780,0.05,-939.0307692307692,3.3833333333333333,4.674019607843137,72.69852941176471,822,149,11.998466444198266,2487,4.811274509803922,693
781,0.05,-965.3076923076923,3.3091666666666666,4.53743961352657,71.32729468599034,837,148,12.420079630548479,2487,4.658212560386473,458
782,0.05,-1001.6461538461539,3.355,4.576650943396227,70.33844339622641,843,148,20.298814418352137,2487,4.724056603773585,257
783,0.05,-983.9307692307693,3.5191666666666666,4.764294049008168,71.31271878646442,862,151,23.071598169817594,2487,4.898483080513419,555
784,0.05,-1000.0307692307691,3.825833333333333,5.531835205992509,71.83645443196005,787,146,26.166482509818678,2487,5.656679151061174,807
785,0.05,-973.5153846153846,3.3558333333333334,4.572629051620648,71.78031212484994,844,139,19.25167700309337,2487,4.697478991596639,87
786,0.05,-1066.6538461538462,3.7358333333333333,5.272058823529412,70.33088235294117,813,142,33.34355317665542,2487,5.430147058823529,531
787,0.05,-1068.9846153846152,3.723333333333333,5.120048019207683,71.18007202881152,820,143,25.520992220872433,2487,5.26530612244898,814
788,0.05,-892.5153846153846,3.4158333333333335,4.820858895705522,71.04171779141105,813,148,10.995391952640047,2487,4.943558282208589,396
789,0.05,-1072.6615384615384,3.64,4.82883939038687,71.1770222743259,855,138,22.174583126200396,2487,4.954279015240329,627
790,0.05,-1024.1153846153848,3.4825,4.779376498800959,71.1462829736211,837,143,12.77775662698691,2487,4.929256594724221,565
791,0.05,-911.1153846153845,3.1958333333333333,4.469938650306749,70.54846625766871,833,143,12.105538825973596,2487,4.590184049079754,683
792,0.05,-856.6461538461539,3.2783333333333333,4.70138017565872,69.13174404015056,805,149,24.472654931080672,2487,4.820577164366374,167
793,0.05,-971.2692307692308,3.4883333333333333,4.70828471411902,70.7514585764294,864,148,18.698018573228673,2487,4.865810968494749,59
794,0.05,-1127.0076923076922,4.049166666666666,5.516919486581097,70.4585764294049,843,144,23.737554856373,2487,5.658109684947491,256
795,0.05,-937.3076923076922,3.195,4.273596176821983,69.831541218638,853,145,22.28497792946427,2487,4.399761336515513,678
796,0.05,-900.2076923076922,3.0075,4.359039190897598,69.7180783817952,790,140,19.21566395827116,2487,4.489254108723135,266
797,0.05,-1057.9307692307693,3.475,5.052044609665428,72.82899628252788,798,134,25.284839362759907,2488,5.195786864931846,514
798,0.05,-1082.2076923076925,3.6466666666666665,4.683798882681565,71.67597765363128,893,143,13.997747914526121,2488,4.863687150837989,312
799,0.05,-889.7692307692307,3.3133333333333335,4.631515151515152,72.43636363636364,819,149,18.568329392142697,2489,4.7709090909090905,763
800,0.05,-1050.4,3.5175,4.739644970414201,70.42248520710059,881,143,25.446980392683674,2489,4.885207100591716,602
801,0.05,-890.8538461538461,3.3208333333333333,4.532863849765258,69.24295774647888,850,146,13.672769590900568,2489,4.663145539906103,406
802,0.05,-1021.0846153846154,3.6825,5.132858837485172,70.14946619217082,834,146,16.75241421812455,2489,5.26303317535545,166
803,0.05,-896.4615384615385,3.0391666666666666,4.459595959595959,70.69318181818181,797,148,10.51164441735344,2489,4.57449494949495,50
804,0.05,-1237.0769230769229,4.05,5.705378973105135,72.30562347188264,829,136,34.14795094307831,2489,5.831295843520782,628
805,0.05,-1062.7692307692307,3.9141666666666666,5.280846063454759,72.25264394829613,843,137,20.2917094613084,2489,5.417156286721504,120
806,0.05,-1051.4,3.4633333333333334,4.816747572815534,70.39077669902913,822,144,17.536558384400408,2489,4.934466019417476,418
807,0.05,-922.5461538461539,3.276666666666667,4.286529680365297,71.41095890410959,883,146,8.21600782948921,2489,4.416666666666667,542
808,0.05,-1092.4384615384615,3.953333333333333,5.547079856972586,73.119189511323,854,149,23.68385590261576,2489,5.703218116805721,407
809,0.05,-1322.0307692307692,4.325833333333334,5.580188679245283,74.16981132075472,865,137,32.314158773882745,2490,5.720518867924528,129
810,0.05,-1061.4538461538461,3.765833333333333,5.009248554913295,70.64161849710983,868,145,21.74202465218204,2490,5.141040462427745,81
811,0.05,-1216.8153846153846,4.4191666666666665,5.932183908045977,72.54597701149426,855,134,37.075930691048924,2490,6.1080459770114945,808
812,0.05,-987.3076923076924,3.555,4.987714987714988,70.53931203931204,795,148,18.779292181305877,2490,5.132678132678133,854
813,0.05,-993.323076923077,3.5875,4.783469150174621,69.98603026775321,844,147,19.13938128205474,2490,4.922002328288708,380
814,0.05,-915.3153846153846,3.4725,4.695804195804196,71.72610722610723,865,151,12.370078838588492,2490,4.8076923076923075,595
815,0.05,-1063.6538461538462,3.7275,5.199052132701421,69.55331753554502,848,141,24.21397348225532,2490,5.351895734597156,725
816,0.05,-981.3076923076924,3.45,4.759763313609468,71.32662721893492,837,138,20.979146284886443,2490,4.902958579881656,139
817,0.05,-943.4307692307692,3.450833333333333,5.051378446115288,70.29197994987469,795,150,15.086837932196836,2490,5.18922305764411,289
818,0.05,-1020.8923076923077,3.6508333333333334,5.270136307311028,73.93928128872366,807,144,19.58129668303244,2490,5.405940594059406,701
819,0.05,-1153.5,4.0475,5.564705882352941,71.35764705882353,850,138,20.98550139370892,2490,5.7047058823529415,801
820,0.05,-1049.2846153846153,3.6066666666666665,4.818706697459584,70.56581986143188,880,145,17.666178435180175,2490,4.979214780600462,155
821,0.05,-1092.3384615384616,3.5866666666666664,5.137717121588089,70.8076923076923,814,142,35.24271070710426,2490,5.265508684863524,782
822,0.05,-1146.0461538461539,3.8925,5.181923522595596,72.82618771726536,865,146,25.00478791387223,2493,5.320973348783314,402
823,0.05,-1035.6307692307691,3.4683333333333333,4.712589073634204,71.60095011876484,850,133,16.64216442028479,2494,4.856294536817102,361
824,0.05,-977.6923076923076,3.3875,4.621718377088306,70.95584725536993,834,152,15.941902730983687,2494,4.7673031026252985,797
825,0.05,-1158.7,3.5725,5.079012345679012,72.44320987654321,817,138,24.997894671815722,2494,5.250617283950617,585
826,0.05,-869.4153846153846,3.0633333333333335,4.337363966142685,69.32527206771464,821,155,11.119393091939324,2495,4.476420798065297,841
827,0.05,-1102.3307692307692,3.4025,4.983354673495518,71.71190781049935,792,136,25.61608831158141,2497,5.126760563380282,111
828,0.05,-976.4230769230769,3.4358333333333335,4.8498168498168495,72.02319902319903,816,144,26.621481160921988,2498,4.993894993894994,530
829,0.05,-1229.523076923077,4.154166666666667,5.833333333333333,71.65338164251207,838,133,26.191860474465358,2498,5.964975845410628,339
830,0.05,-1091.4076923076925,3.8341666666666665,5.174013921113689,71.57308584686776,854,142,16.489383673918194,2498,5.327146171693736,830
831,0.05,-1089.5076923076922,3.8533333333333335,5.131050767414404,73.06611570247934,859,143,21.61795042980465,2498,5.2715466351829985,672
832,0.05,-983.2538461538461,3.5275,4.841596130592503,70.40386940749698,834,153,15.999729112235508,2499,4.966183574879227,197
833,0.05,-929.9846153846154,3.2058333333333335,4.5588235294117645,70.4693094629156,779,144,15.872667175462427,2499,4.698209718670077,1
834,0.05,-978.8307692307694,3.575833333333333,4.869617224880383,71.42583732057416,847,148,26.029120050974804,2499,5.0227272727272725,818
835,0.05,-1060.676923076923,3.8066666666666666,5.265160523186682,72.07966706302021,855,146,19.98590277293985,2499,5.3923900118906065,277
836,0.05,-933.5230769230769,3.23,4.51640340218712,69.34872417982989,817,142,21.615016377970903,2499,4.65127582017011,336
837,0.05,-898.023076923077,3.3533333333333335,4.79064039408867,71.53694581280789,816,152,15.819860598367043,2499,4.911330049261084,55
838,0.05,-954.8153846153847,3.654166666666667,4.86337543053961,70.00918484500573,880,153,15.306200389656086,2500,5.008036739380023,869
839,0.05,-997.3538461538461,3.3891666666666667,4.661157024793388,73.37190082644628,844,139,16.306111172701158,2500,4.819362455726092,729
840,0.05,-997.6846153846154,3.6233333333333335,4.976969696969697,71.11757575757576,820,140,30.583090794154774,2501,5.138181818181818,676
841,0.05,-905.0692307692308,3.19,4.472355769230769,69.30048076923077,829,152,14.890765299822965,2501,4.615384615384615,86
842,0.05,-994.6461538461538,3.2291666666666665,4.81701030927835,72.01030927835052,799,142,22.476116403938974,2501,4.945876288659794,205
843,0.05,-947.5153846153846,3.5283333333333333,4.9804161566707466,71.66952264381885,801,144,18.595347505269242,2506,5.108935128518972,123
844,0.05,-1002.6923076923076,3.4025,4.825864276568502,71.12419974391806,790,142,21.368807344106287,2506,4.9769526248399485,481
845,0.05,-945.1615384615384,3.598333333333333,4.846338535414166,71.47058823529412,847,145,21.470341165371032,2506,4.97719087635054,789
846,0.05,-1030.3384615384616,3.7933333333333334,5.109393579072533,72.00118906064209,852,149,14.245146365819432,2506,5.247324613555291,141
847,0.05,-1095.6615384615384,3.9025,5.5245098039215685,73.1470588235294,815,136,21.490932950229976,2506,5.675245098039215,616
848,0.05,-1006.1461538461538,3.585,5.2665832290362955,72.03003754693367,799,139,23.83680327851858,2507,5.41927409261577,439
849,0.05,-1000.0230769230769,3.2,4.538754764930115,71.50317662007623,797,148,24.99249649651118,2508,4.659466327827192,221
850,0.05,-937.0923076923077,3.1108333333333333,4.588235294117647,70.19565217391305,787,146,15.833927098329724,2509,4.727621483375959,495
851,0.05,-1012.2538461538461,3.569166666666667,4.831932773109243,70.1392557022809,832,144,19.101354912348555,2509,4.981992797118847,48
852,0.05,-907.6538461538461,3.61,4.867595818815331,70.74912891986062,860,154,20.548928436881358,2509,5.013937282229965,529
853,0.05,-1053.3230769230768,3.8333333333333335,5.1448435689455385,72.16106604866744,865,141,18.155240834689703,2509,5.303592120509849,354
854,0.05,-1075.6846153846154,3.5925,4.980722891566265,70.51927710843374,827,145,25.551298339045506,2509,5.087951807228916,723
855,0.05,-1049.423076923077,3.6958333333333333,5.233009708737864,72.36529126213593,843,145,22.522999096769844,2509,5.37378640776699,408
856,0.05,-1021.8307692307693,3.6191666666666666,4.920838183934808,70.80791618160652,864,149,18.713778276797065,2510,5.041909196740396,659
857,0.05,-946.0615384615385,3.5225,4.9535452322738385,71.74083129584352,811,148,19.48047111034878,2510,5.097799511002445,62
858,0.05,-1006.0615384615385,3.4116666666666666,4.797604790419162,70.30059880239521,834,141,25.04845750053817,2511,4.932934131736527,636
859,0.05,-942.5307692307692,3.1883333333333335,4.653553299492386,70.96827411167513,802,151,13.705526395644165,2511,4.782994923857868,359
860,0.05,-1175.6999999999998,4.0025,5.509478672985782,70.89336492890995,837,137,23.8476892249268,2511,5.644549763033176,399
861,0.05,-1200.3923076923077,3.8241666666666667,5.411260709914321,73.25336597307222,828,138,27.72265523179273,2511,5.555691554467565,580
862,0.05,-818.9076923076923,2.9316666666666666,4.21,68.325,797,158,20.381461358598465,2512,4.34,586
863,0.05,-932.1,3.4341666666666666,5.056050955414013,71.75031847133758,795,146,18.281019802246288,2512,5.170700636942676,248
864,0.05,-889.4769230769232,3.3041666666666667,4.534688995215311,70.89832535885168,815,139,25.912286782952798,2512,4.675837320574162,852
865,0.05,-984.2076923076922,3.5533333333333332,5.093052109181142,72.78039702233251,810,154,18.429271866344543,2512,5.214640198511166,880
866,0.05,-1010.7230769230769,3.3466666666666667,4.7484737484737485,71.94627594627595,831,141,16.156578216161424,2512,4.882783882783883,823
867,0.05,-993.4923076923078,3.4925,4.731288343558282,70.65030674846626,812,144,21.979579750695926,2514,4.869938650306748,790
868,0.05,-1001.2384615384616,3.486666666666667,4.912679425837321,70.5968899521531,817,141,14.37254372360777,2514,5.041816009557945,309
869,0.05,-1018.6461538461539,3.585,5.082926829268293,69.56585365853658,810,149,28.235947418732025,2515,5.215853658536585,740
870,0.05,-930.9307692307693,3.03,4.172209026128266,68.08076009501188,839,156,21.850802922309057,2516,4.288598574821853,796
871,0.05,-951.0076923076922,3.3608333333333333,4.8650693568726355,70.64186633039093,806,141,12.06834564109623,2516,5.016393442622951,96
872,0.05,-1155.1923076923076,3.6658333333333335,4.931790499390987,71.2204628501827,819,139,24.514388423045055,2518,5.065773447015834,745
873,0.05,-928.9153846153847,3.4783333333333335,4.847904191616767,71.1377245508982,830,150,23.550530661154216,2518,4.980838323353294,9
874,0.05,-1101.4692307692308,3.8766666666666665,5.131455399061033,71.85211267605634,848,145,21.10180167574598,2518,5.2981220657277,489
875,0.05,-1331.5846153846155,4.513333333333334,6.410891089108911,74.47029702970298,816,130,27.964823672206986,2518,6.51980198019802,891
876,0.05,-988.6615384615384,3.5075,4.883553421368547,70.83553421368548,837,149,16.10344131598582,2518,4.997599039615847,733
877,0.05,-1111.3615384615384,3.95,5.677987421383648,71.65911949685534,810,138,23.19730212597418,2518,5.8125786163522015,382
878,0.05,-1028.7307692307693,3.575833333333333,4.975874547647768,69.69240048250904,807,143,17.26830463007575,2519,5.118214716525935,143
879,0.05,-923.3923076923077,3.125,4.232908458864427,70.30243337195829,848,151,19.465854671786488,2519,4.384704519119351,265
880,0.05,-1175.853846153846,3.779166666666667,5.1448435689455385,71.5098493626883,860,133,20.733742635727346,2519,5.258101851851852,22
881,0.05,-1019.5615384615385,3.404166666666667,4.891994917407878,72.46632782719186,793,143,21.073963466322528,2520,5.041931385006353,181
882,0.05,-994.9230769230769,3.7133333333333334,5.008293838862559,70.05450236966824,839,144,12.954247751758738,2521,5.1350710900473935,325
883,0.05,-1162.323076923077,4.181666666666667,5.92204628501827,72.2545676004872,825,134,19.687180666728814,2521,6.036540803897686,574
884,0.05,-1154.6461538461538,4.140833333333333,5.899515738498789,72.46610169491525,813,142,42.20422901373876,2525,6.033898305084746,607
885,0.05,-1021.6461538461538,3.8558333333333334,5.100801832760595,70.61168384879726,874,146,19.950343094210254,2525,5.279495990836197,532
886,0.05,-1018.376923076923,3.529166666666667,4.819593787335723,71.3094384707288,839,143,23.145125934387128,2526,4.946236559139785,324
887,0.05,-908.9692307692306,3.53,4.978391356542617,70.18007202881152,844,145,21.854905841786596,2526,5.123501199040767,401
888,0.05,-1049.9692307692308,3.6458333333333335,5.103911980440098,71.65403422982885,824,143,34.51896036842072,2526,5.264058679706602,734
889,0.05,-1107.3384615384616,3.9683333333333333,5.319907940161105,73.50863060989643,881,131,23.534623306669435,2526,5.475258918296893,4
890,0.05,-973.7461538461538,3.3325,4.389749702026221,71.70321811680571,830,134,22.33341727187772,2527,4.533333333333333,450
891,0.05,-1181.1307692307691,3.9625,5.548854041013269,72.8648974668275,811,134,21.322230680029623,2528,5.683956574185766,379
892,0.05,-1109.0538461538463,3.8341666666666665,5.208383233532934,73.38203592814371,842,142,14.910065694830164,2529,5.322155688622755,191
893,0.05,-960.9230769230771,3.44,4.805555555555555,71.75126262626263,805,139,19.545977809977604,2529,4.941919191919192,262
894,0.05,-1077.8615384615384,3.4491666666666667,4.867574257425742,71.7240099009901,810,139,14.56688540164848,2529,5.003712871287129,878
895,0.05,-956.3307692307692,3.3716666666666666,4.6103896103896105,69.94332939787485,828,148,15.238135531800168,2529,4.755608028335301,54
896,0.05,-925.8000000000001,3.1375,4.486386138613861,71.91089108910892,799,143,16.15071660943535,2529,4.612623762376238,707
897,0.05,-976.823076923077,3.6616666666666666,5.048250904704463,71.89022919179735,840,149,20.345153667178554,2530,5.182147165259349,204
898,0.05,-1102.176923076923,3.819166666666667,5.103762827822121,72.09236031927024,875,141,17.660149629949014,2531,5.237172177879134,437
899,0.05,-955.1846153846154,3.174166666666667,4.414201183431953,70.22011834319527,855,145,22.79146264262509,2531,4.543195266272189,846
