episode,epsilon,total_reward,avg_queue,avg_wait_s,avg_travel_s,throughput,switches,td_loss,q_table_states,avg_delay_s,traffic_seed
0,1.0,-1939.2153846153847,9.645833333333334,12.55048076923077,81.6201923076923,819,126,47.343276593562976,86,12.667067307692308,769
1,0.9945,-1620.8,7.545,10.54653937947494,79.80787589498807,824,132,25.737548719704158,112,10.689737470167065,403
2,0.989,-1446.0153846153846,7.4325,9.960048426150122,78.9636803874092,835,139,21.36642905307186,124,10.08232445520581,747
3,0.9835,-1709.4,7.435833333333333,10.256257449344458,77.63408820023838,816,131,26.29276432457676,133,10.393325387365913,103
4,0.9781,-1549.2923076923075,7.36,9.382954545454545,75.90454545454546,892,138,19.14196518759008,134,9.501136363636364,100
5,0.9726,-1712.3230769230768,7.885,10.63551401869159,78.43808411214954,879,137,21.348720376087666,140,10.771028037383177,281
6,0.9673,-1787.446153846154,8.1,10.648960739030024,78.97344110854503,872,132,23.032862659020054,143,10.8175519630485,155
7,0.9619,-1386.0307692307692,6.055,8.24228028503563,75.7042755344418,859,141,16.039751625259346,145,8.388361045130642,235
8,0.9566,-1636.2769230769231,8.145833333333334,11.351154313487243,80.43985419198056,825,132,16.2437369557324,145,11.45873786407767,682
9,0.9513,-1210.9384615384615,5.8933333333333335,8.106435643564357,76.71658415841584,802,133,14.49671634891709,145,8.227722772277227,891
10,0.946,-1231.7076923076925,6.130833333333333,9.149616368286445,79.29028132992327,781,133,13.177785605751982,146,9.277493606138107,11
11,0.9408,-1401.0,6.120833333333334,8.33373934226553,74.26674786845311,836,131,15.383340124963002,147,8.470158343483556,444
12,0.9356,-1385.4,6.443333333333333,8.736353077816492,78.52729384436701,865,125,18.710386455558357,152,8.903600464576074,653
13,0.9304,-1483.0,7.705,10.43341121495327,80.30140186915888,845,139,15.70940491371379,152,10.56658878504673,856
14,0.9253,-1759.4461538461537,8.198333333333334,10.953051643192488,79.52934272300469,844,134,25.56117431492645,153,11.112676056338028,237
15,0.9202,-1358.753846153846,6.068333333333333,8.830379746835444,77.5620253164557,786,133,21.46930564767394,154,9.00253164556962,233
16,0.9151,-1290.769230769231,5.9625,8.301796407185629,74.48982035928144,824,134,16.069801555974962,155,8.435928143712575,142
17,0.91,-1444.8461538461538,6.704166666666667,9.801234567901234,78.84197530864198,796,132,15.803220968613925,155,9.93711467324291,485
18,0.905,-1385.753846153846,6.555,9.629213483146067,77.2234706616729,790,134,15.211663702916292,157,9.752808988764045,886
19,0.9,-1140.0,5.7058333333333335,7.772058823529412,73.52573529411765,801,136,12.930018584953984,160,7.930147058823529,531
20,0.895,-1794.5076923076924,9.0425,12.452807646356034,81.63918757467144,843,130,25.39543602207098,160,12.592592592592593,251
21,0.89,-1420.7076923076922,7.1125,9.379391100702577,79.36065573770492,858,131,16.132223084569777,161,9.517564402810304,623
22,0.8851,-1293.2,6.07,8.717258261933905,77.4920440636475,815,137,13.357185030970331,162,8.87392900856793,173
23,0.8802,-1593.4,7.283333333333333,9.52721088435374,77.86167800453515,878,132,18.672458843968986,164,9.642857142857142,391
24,0.8753,-1381.5384615384614,6.985833333333333,9.151943462897526,78.06713780918727,836,142,13.314163011885212,164,9.30035335689046,105
25,0.8705,-1369.8461538461538,6.5,9.022781774580336,76.37290167865707,849,133,19.661779281489718,166,9.16546762589928,822
26,0.8657,-1483.2923076923078,7.4575,10.128760529482552,79.06016847172081,822,137,16.82795268192585,167,10.274368231046932,286
27,0.8609,-1302.4615384615383,6.163333333333333,8.532699167657551,74.6087990487515,841,126,13.444781249726175,167,8.656361474435196,524
28,0.8561,-1150.7846153846156,5.4191666666666665,7.862770012706481,76.1728081321474,801,143,12.275468152105518,167,7.992376111817027,201
29,0.8514,-1177.4615384615383,5.429166666666666,7.308523409363746,74.046818727491,839,139,14.973780606867667,168,7.4556354916067145,401
30,0.8467,-1155.7384615384617,5.725,7.488262910798122,74.59272300469483,851,140,9.483693647651835,168,7.616197183098592,472
31,0.842,-1486.0923076923077,6.566666666666666,9.452903225806452,76.49935483870968,783,130,13.151112858546531,169,9.590967741935485,338
32,0.8373,-1267.6769230769232,5.966666666666667,8.223653395784543,75.92271662763466,842,138,15.143509883328921,170,8.375878220140516,360
33,0.8327,-1024.8153846153848,5.0475,7.389873417721519,74.81772151898734,785,141,8.977902919617252,170,7.518987341772152,348
34,0.8281,-977.553846153846,4.585,6.332075471698113,73.34465408805032,811,152,10.293027450355726,171,6.462893081761006,382
35,0.8235,-1334.846153846154,6.81,9.362048894062864,77.9720605355064,849,139,14.140502425511649,171,9.477299185098952,377
36,0.819,-1254.6307692307691,6.234166666666667,8.283995186522262,76.12274368231047,836,140,15.605930408429208,173,8.406738868832731,378
37,0.8144,-1261.8307692307692,6.415,8.191294387170675,75.24169530355097,872,137,11.997179383756924,174,8.353951890034365,532
38,0.8099,-1299.8615384615387,6.623333333333333,8.758741258741258,77.00466200466201,860,133,12.446155011269266,175,8.913752913752914,611
39,0.8054,-1424.0,6.379166666666666,8.688836104513063,76.8978622327791,845,129,14.988242835658331,176,8.81353919239905,433
40,0.801,-1318.8307692307694,5.800833333333333,7.956419316843345,77.45700824499411,842,136,15.827823243219356,177,8.111896348645466,510
41,0.7966,-1213.0,6.005,7.843428571428571,76.20571428571428,883,133,14.220946051717116,180,7.986301369863014,69
42,0.7922,-1484.9384615384615,6.92,9.070257611241217,78.15807962529274,863,138,20.810507647920797,181,9.211943793911008,660
43,0.7878,-1059.6923076923076,5.560833333333333,7.675771971496437,76.53919239904988,851,142,13.346786810858006,181,7.8123515439429925,361
44,0.7834,-947.4153846153847,4.7716666666666665,7.126422250316056,75.01390644753477,779,144,12.96785121818297,181,7.281921618204804,874
45,0.7791,-1039.4307692307693,4.495,6.50187265917603,74.16729088639201,801,140,10.610456338138267,181,6.635455680399501,5
46,0.7748,-1237.1076923076923,5.625,7.737665463297232,75.50180505415162,838,134,14.382266885981164,181,7.8868832731648615,229
47,0.7705,-1244.9846153846152,5.405833333333334,7.3076923076923075,74.38694638694639,869,132,18.243115541559515,183,7.4557109557109555,702
48,0.7662,-1094.8307692307692,5.4875,7.469626168224299,74.55373831775701,860,140,10.30147450139496,183,7.603971962616822,694
49,0.762,-999.5230769230769,4.879166666666666,7.241153342070773,74.40498034076016,771,141,10.715425219692518,183,7.373525557011796,752
50,0.7578,-1165.123076923077,5.340833333333333,7.490267639902676,76.11070559610705,828,142,12.148534540983352,183,7.600973236009732,24
51,0.7536,-1163.9692307692308,5.85,8.066350710900474,76.7808056872038,847,137,12.905782307437034,184,8.214454976303317,319
52,0.7494,-904.7538461538461,4.461666666666667,6.182897862232779,74.10926365795724,853,145,10.705978529769682,184,6.330166270783848,893
53,0.7453,-1335.323076923077,6.835833333333333,9.302270011947432,77.79569892473118,834,134,13.003193446774237,184,9.41816009557945,321
54,0.7411,-1172.6153846153848,5.664166666666667,7.918787878787879,75.24727272727273,813,129,11.83062959378535,184,8.090909090909092,676
55,0.737,-1081.0461538461536,5.748333333333333,7.672897196261682,75.39018691588785,855,140,12.394378960583204,184,7.809579439252336,813
56,0.733,-1029.4615384615386,5.213333333333333,7.482164821648216,76.20664206642067,817,127,10.797721280529963,185,7.613776137761378,824
57,0.7289,-1222.4923076923078,6.110833333333333,8.464622641509434,76.10141509433963,850,135,13.122119733188624,187,8.601415094339623,803
58,0.7249,-964.7538461538461,4.845833333333333,6.8345498783454985,73.08880778588808,834,133,11.363637539097049,188,6.965936739659368,337
59,0.7209,-990.4615384615386,4.9375,6.812725090036015,72.28811524609844,821,137,9.313572733191599,189,6.957983193277311,27
60,0.7169,-1132.2153846153847,5.721666666666667,7.8267622461170845,75.6284348864994,846,133,9.109315891737165,189,7.937873357228196,324
61,0.7129,-967.8,4.7316666666666665,6.701234567901235,73.95555555555555,801,144,9.429658698559633,190,6.838271604938272,372
62,0.709,-914.2,4.791666666666667,6.921875,71.734375,764,137,10.870601950130576,190,7.045572916666667,279
63,0.705,-1027.8307692307694,5.4525,7.185530921820304,74.79579929988331,856,143,11.397731784516871,190,7.299883313885648,555
64,0.7011,-982.0923076923077,4.851666666666667,6.832098765432098,74.98395061728395,817,135,10.295239128805948,190,6.9790123456790125,125
65,0.6973,-1300.4615384615386,6.403333333333333,8.770588235294118,77.06,819,145,15.315424563563905,190,8.891764705882354,523
66,0.6934,-926.5076923076924,4.493333333333333,6.286935286935287,72.04273504273505,841,144,8.872850926593538,190,6.4041514041514045,118
67,0.6896,-894.8461538461539,4.4125,6.4829329962073325,72.6346396965866,786,136,10.710268409515479,190,6.6080910240202275,266
68,0.6858,-831.2153846153847,4.255833333333333,6.242693773824651,73.20203303684879,793,143,8.736703125092403,190,6.398983481575604,689
69,0.682,-1016.2307692307692,5.108333333333333,7.236230110159119,74.71358629130967,812,138,9.614055326106945,190,7.361077111383109,343
70,0.6782,-976.7538461538461,5.373333333333333,7.541567695961995,74.80997624703087,835,148,10.178922223174629,190,7.670225385527877,614
71,0.6744,-1180.0615384615385,5.845,8.195863746958638,76.04622871046229,828,139,11.036504189231797,190,8.372262773722628,207
72,0.6707,-1062.4615384615386,5.195833333333334,6.984468339307049,72.08721624850656,820,134,15.18121529058629,192,7.129032258064516,200
73,0.667,-1038.9076923076923,5.038333333333333,6.943847072879331,73.31302270011948,827,141,12.000741116787925,192,7.084826762246117,883
74,0.6633,-818.5692307692307,4.079166666666667,5.973417721518987,73.08354430379747,793,145,10.013661814572357,192,6.094936708860759,885
75,0.6596,-909.4153846153845,4.73,5.856635071090047,72.39218009478672,841,148,11.891589262143613,192,5.989336492890995,399
76,0.656,-914.5692307692308,4.81,6.576086956521739,74.65579710144928,823,153,11.375139647709748,192,6.690821256038648,232
77,0.6524,-995.0307692307692,5.0425,7.251225490196078,75.51593137254902,804,136,7.918052022767567,192,7.375,554
78,0.6487,-1154.9384615384615,5.778333333333333,7.801832760595647,75.93585337915235,862,138,10.924401569284303,192,7.967926689576174,559
79,0.6452,-820.0923076923077,4.205,5.975757575757576,73.33818181818182,836,149,9.623641034825344,192,6.109090909090909,615
80,0.6416,-974.553846153846,4.649166666666667,6.180094786729858,74.10426540284361,844,146,9.314548010851876,194,6.322274881516588,587
81,0.638,-990.6153846153846,5.030833333333334,7.199498117942284,74.87076537013802,792,136,10.189336216756388,194,7.317440401505646,231
82,0.6345,-1059.6307692307691,5.384166666666666,7.3766388557806915,75.58045292014303,852,141,13.697552342057866,196,7.536352800953516,407
83,0.631,-932.4,4.6625,6.437947494033413,74.25656324582339,856,146,11.115854699935696,196,6.562052505966587,258
84,0.6275,-1234.8153846153846,6.041666666666667,8.204200700116687,77.4784130688448,864,136,14.677691565061352,196,8.347724620770128,150
85,0.624,-985.5384615384617,5.1241666666666665,7.055555555555555,74.19202898550725,834,140,9.587482965417706,196,7.18719806763285,435
86,0.6206,-852.676923076923,4.2625,5.813397129186603,72.83373205741627,829,148,7.581816117993912,196,5.935483870967742,309
87,0.6171,-830.676923076923,4.3375,5.998792270531401,72.46014492753623,847,145,7.567371730065325,197,6.118357487922705,339
88,0.6137,-993.1692307692307,5.125,6.783659378596087,74.91599539700806,872,138,8.595083934778126,197,6.919540229885057,414
89,0.6103,-1077.9076923076923,5.66,7.472378804960541,72.7001127395716,874,145,15.060151890175629,198,7.627959413754228,397
90,0.607,-1029.446153846154,5.0975,7.060283687943262,73.26832151300236,861,138,10.534015780712483,198,7.196217494089835,793
91,0.6036,-909.8615384615384,4.724166666666667,6.596199524940618,71.85154394299288,824,142,10.557568593587757,198,6.7137767220902616,796
92,0.6003,-877.8461538461538,4.6433333333333335,6.453364817001181,73.32703659976387,847,146,12.213261949475294,198,6.595041322314049,670
93,0.5969,-828.3384615384616,4.345,6.186732186732187,74.15601965601965,818,147,9.594588584301091,198,6.351351351351352,151
94,0.5936,-1109.2153846153847,5.708333333333333,7.4937712344280865,75.89354473386183,876,146,11.994932335742304,199,7.665911664779162,766
95,0.5904,-1000.6923076923077,4.983333333333333,6.746745562130178,72.9301775147929,848,141,8.249313141669507,199,6.872491145218418,564
96,0.5871,-968.0153846153846,4.535,6.223668639053255,73.71360946745563,848,142,8.899376290469032,200,6.364066193853428,503
97,0.5838,-1085.7384615384615,4.929166666666666,6.40303738317757,73.51401869158879,847,138,12.420587634876512,200,6.529205607476635,780
98,0.5806,-1176.0,5.4075,7.30471584038694,75.21523579201934,841,130,12.967774976528268,200,7.428053204353083,334
99,0.5774,-980.8307692307692,4.831666666666667,6.798309178743962,73.03864734299516,839,136,10.2877025409435,201,6.916767189384801,492
100,0.5742,-932.2461538461539,4.64,6.643818849449205,73.95348837209302,823,136,13.092837431142721,202,6.774785801713587,366
101,0.571,-1145.0615384615385,5.234166666666667,7.104761904761904,73.6952380952381,842,135,13.195901703987738,202,7.269047619047619,783
102,0.5679,-1032.8153846153846,5.291666666666667,7.268464243845252,76.95545134818289,848,140,12.788396729949351,202,7.398593200468933,230
103,0.5647,-978.1230769230768,4.6033333333333335,6.4450063211125155,75.38685208596713,791,137,11.896102027433452,202,6.599241466498103,58
104,0.5616,-933.7538461538461,4.888333333333334,6.847102342786683,75.00493218249075,806,138,10.063338517106658,203,6.991368680641184,649
105,0.5585,-821.7384615384616,4.123333333333333,5.971639950678175,72.22934648581997,812,141,10.62008553860266,203,6.104808877928483,736
106,0.5554,-965.0307692307692,5.015,6.97921760391198,75.60268948655256,838,141,11.476670288462483,203,7.113691931540342,271
107,0.5523,-1086.923076923077,5.645,7.606308411214953,75.7605140186916,865,139,11.969836537959102,203,7.752336448598131,352
108,0.5493,-924.3846153846154,4.545,6.421951219512195,74.79268292682927,829,140,13.208196428572988,203,6.565853658536585,522
109,0.5462,-919.2461538461539,4.535,6.738796414852753,73.08066581306018,784,137,13.034624520085824,203,6.87708066581306,346
110,0.5432,-919.446153846154,4.5875,6.1364161849710985,73.37341040462428,851,135,10.34286573080309,203,6.292485549132948,834
111,0.5402,-972.7076923076922,4.921666666666667,6.77511961722488,74.80741626794259,835,140,11.08871947713657,204,6.9330143540669855,137
112,0.5372,-767.5384615384614,3.9125,5.510922330097087,70.77669902912622,826,148,6.61088070782973,204,5.675970873786408,365
113,0.5343,-1003.4,5.0125,6.718377088305489,76.30190930787589,833,136,10.612903169213011,204,6.853221957040573,749
114,0.5313,-905.6,4.765,6.248798076923077,72.55528846153847,835,138,10.969622139032364,206,6.390625,700
115,0.5284,-800.5230769230769,4.17,5.740213523131673,72.58956109134046,859,146,6.8398253639655815,206,5.902728351126927,791
116,0.5254,-805.2769230769231,3.95,5.173054587688734,71.23112659698026,867,151,5.3651329536620285,206,5.29616724738676,717
117,0.5225,-774.4769230769231,4.071666666666666,5.417149478563152,71.77983777520278,866,143,6.372575149421947,206,5.538818076477404,605
118,0.5196,-853.6769230769231,4.3625,5.966224366706876,72.28347406513872,834,149,7.468434764360758,207,6.113389626055489,547
119,0.5168,-742.6307692307691,4.2275,5.834507042253521,71.67488262910798,849,146,7.446804746784718,207,5.969483568075117,724
120,0.5139,-776.6307692307693,4.095833333333333,5.743682310469314,73.23826714801444,838,144,5.347147636792942,207,5.885679903730445,448
121,0.5111,-1007.2,5.42,7.45993031358885,74.09407665505226,844,142,10.984522954482632,207,7.616724738675958,529
122,0.5082,-907.9692307692308,4.6466666666666665,6.523409363745499,74.35894357743098,857,144,13.327279593567013,207,6.662665066026411,651
123,0.5054,-1028.476923076923,5.161666666666667,6.925287356321839,74.1183908045977,858,133,9.226242569781059,207,7.088505747126437,808
124,0.5026,-809.4307692307692,4.4,6.062043795620438,73.58880778588808,831,145,8.823289835431474,207,6.2226277372262775,227
125,0.4998,-911.4615384615386,4.255,5.581206496519721,71.34106728538283,866,137,11.049736115924052,207,5.756380510440835,434
126,0.4971,-751.3230769230768,3.9391666666666665,5.381176470588235,72.26,855,148,6.673849788091457,207,5.529411764705882,471
127,0.4943,-832.0923076923077,4.7375,6.182628062360802,72.66035634743875,884,145,10.474871334097253,207,6.2928730512249444,872
128,0.4916,-849.5384615384615,4.413333333333333,6.218863361547763,74.82708585247885,831,137,7.147562474313107,207,6.330108827085852,505
129,0.4889,-895.0,4.519166666666667,6.06508875739645,73.7396449704142,845,146,10.09176403323495,207,6.216568047337278,413
130,0.4862,-827.6461538461538,4.519166666666667,6.32810615199035,73.39083232810616,817,148,7.167006755229144,207,6.470446320868517,658
131,0.4835,-717.2615384615384,3.9583333333333335,5.23945267958951,72.52337514253135,880,151,8.07824950016592,208,5.405929304446978,364
132,0.4808,-787.0461538461539,3.9858333333333333,5.732997481108312,73.57682619647355,780,141,6.915217291079938,208,5.8501259445843825,756
133,0.4781,-830.3384615384616,4.428333333333334,6.062870699881376,73.02135231316726,840,141,10.35045928052083,208,6.2064056939501775,29
134,0.4755,-653.876923076923,3.368333333333333,4.698646986469865,71.33702337023371,821,145,8.12789587599216,208,4.814268142681427,537
135,0.4729,-852.2461538461538,4.596666666666667,6.43905325443787,73.68639053254438,834,143,7.185735462458384,208,6.568047337278107,493
136,0.4703,-698.4307692307693,3.6841666666666666,5.185679611650485,72.23543689320388,815,143,8.50529076336254,210,5.33373786407767,897
137,0.4677,-725.8923076923077,3.640833333333333,5.108923884514436,72.37139107611549,769,140,7.202001544125119,210,5.221494102228047,719
138,0.4651,-765.7076923076922,4.07,5.693366708385482,74.04380475594493,788,143,8.034810249307103,211,5.834793491864831,284
139,0.4625,-805.2307692307693,4.0625,5.5389369592088995,73.68479604449938,822,141,8.812257627137873,211,5.647713226205192,6
140,0.4599,-812.1384615384616,4.160833333333334,5.7170263788968825,72.99280575539568,832,146,7.094444743753149,211,5.850119904076738,214
141,0.4574,-726.8461538461538,4.048333333333333,5.613526570048309,72.84057971014492,832,143,7.249574525277455,211,5.743961352657005,753
142,0.4549,-879.0769230769231,4.484166666666667,6.347239263803681,73.52269938650306,809,148,5.008316230223738,212,6.494478527607362,622
143,0.4523,-870.2769230769231,4.310833333333333,5.62235294117647,73.66705882352942,863,140,11.115591011354562,213,5.763529411764706,449
144,0.4498,-800.9230769230769,4.1225,5.7551266586248495,73.68154402895054,829,142,8.825755642671002,213,5.901085645355851,577
145,0.4474,-740.276923076923,3.775,5.356265356265356,70.5909090909091,805,145,6.180167125315002,213,5.5,854
146,0.4449,-757.0153846153846,3.9058333333333333,5.35748218527316,70.812351543943,829,147,7.6348747726862145,213,5.488151658767772,166
147,0.4424,-845.6307692307693,4.490833333333334,6.04,74.50285714285714,867,146,9.155093455669695,213,6.1977142857142855,600
148,0.44,-767.8615384615384,4.046666666666667,5.900126422250316,74.99241466498104,801,138,8.310539806354363,213,6.04551201011378,665
149,0.4375,-771.9999999999999,3.9558333333333335,5.434474616292798,72.79102715466352,839,143,8.951734559721054,213,5.571428571428571,654
150,0.4351,-806.2923076923078,4.193333333333333,5.698581560283688,71.00709219858156,842,141,6.704404444027209,213,5.8451536643026,425
151,0.4327,-787.876923076923,4.225,5.9676646706586824,71.15808383233534,821,139,7.608873031964829,214,6.073053892215569,393
152,0.4303,-796.5846153846154,4.361666666666666,5.952941176470588,72.98117647058824,828,147,7.078105431064384,215,6.12,650
153,0.4279,-755.3692307692309,3.935,5.6320293398533,71.17359413202934,818,141,7.562585121728167,215,5.759462759462759,890
154,0.4256,-840.9384615384615,4.315833333333333,5.916372202591284,72.55712603062426,843,145,9.379218606964542,215,6.062426383981155,708
155,0.4232,-685.1538461538461,3.4766666666666666,5.19515306122449,70.91454081632654,772,148,7.231628657465028,215,5.323979591836735,63
156,0.4209,-714.8615384615384,4.023333333333333,5.744785276073619,70.51779141104295,810,148,4.535224695676172,215,5.888343558282209,80
157,0.4185,-707.1692307692308,3.736666666666667,5.4196762141967625,73.16687422166875,802,149,5.424242141750954,215,5.530510585305106,40
158,0.4162,-700.0153846153846,3.4941666666666666,5.154929577464789,72.69270166453265,788,145,5.922309052422715,216,5.2752880921895,111
159,0.4139,-731.3384615384616,3.9975,5.76319018404908,73.87361963190185,812,147,6.500517966298691,216,5.894478527607362,168
160,0.4116,-882.4769230769232,4.344166666666666,5.954436450839329,73.27098321342926,836,146,7.433687269818231,216,6.089928057553957,788
161,0.4094,-681.3538461538462,3.9075,5.116586538461538,71.42548076923077,834,155,6.326747762391829,216,5.2235576923076925,423
162,0.4071,-784.876923076923,4.0025,5.599273607748184,73.08716707021792,827,141,7.808945643618415,216,5.767554479418886,316
163,0.4048,-770.123076923077,4.0375,5.5355064027939465,73.21536670547148,855,155,6.190433802195088,217,5.7081395348837205,252
164,0.4026,-703.9230769230769,3.93,5.308139534883721,73.38139534883722,857,148,7.223099136202965,217,5.452325581395349,234
165,0.4004,-744.4615384615385,3.9125,5.458837772397095,71.36198547215497,817,149,7.663592722616163,217,5.597339782345828,452
166,0.3982,-674.0,3.5141666666666667,4.740784780023781,70.95481569560047,845,154,4.957502747854134,217,4.873959571938169,633
167,0.396,-872.2769230769231,4.804166666666666,6.608643457382954,74.23049219687876,839,147,8.044555604757868,217,6.761104441776711,488
168,0.3938,-724.9538461538461,3.7891666666666666,5.235645933014354,72.51794258373205,833,145,5.573576571710508,218,5.375598086124402,355
169,0.3916,-755.6615384615385,3.6391666666666667,5.173806609547124,72.31823745410037,814,146,9.24875087775706,218,5.328029375764994,548
170,0.3894,-766.3692307692309,4.085833333333333,5.519906323185012,73.43208430913349,850,142,5.186923923996583,218,5.6756440281030445,169
171,0.3873,-829.446153846154,4.4075,5.72513966480447,73.86927374301676,910,151,5.371178826075144,218,5.89608938547486,312
172,0.3851,-871.9230769230769,4.215,5.795966785290629,71.9620403321471,844,148,6.354244378548449,218,5.945432977461447,193
173,0.383,-780.0615384615385,4.389166666666667,6.041567695961995,73.11401425178147,836,147,6.707091186780325,218,6.203087885985748,211
174,0.3809,-695.5692307692307,3.9116666666666666,5.566459627329192,73.2335403726708,812,148,8.518446905193207,218,5.67741935483871,880
175,0.3788,-672.2615384615385,3.5541666666666667,4.889810426540285,70.27251184834124,856,151,5.559493006598227,218,5.0225118483412325,551
176,0.3767,-768.8,3.8016666666666667,5.214805825242719,71.02184466019418,819,139,6.518789300326452,218,5.3539393939393936,778
177,0.3746,-876.3692307692307,4.026666666666666,5.380165289256198,72.55135773317592,852,144,7.031305094511045,218,5.526564344746163,712
178,0.3725,-877.9846153846154,4.444166666666667,5.962068965517242,73.34712643678161,850,137,11.814557748629477,218,6.11264367816092,238
179,0.3705,-803.8923076923077,4.085833333333333,5.705590062111801,72.12670807453416,814,143,7.287640080603294,218,5.850931677018633,553
180,0.3684,-701.9538461538461,3.8658333333333332,5.0181818181818185,70.66931818181818,868,148,5.6678684710044145,218,5.176136363636363,512
181,0.3664,-699.8461538461538,4.068333333333333,5.664677804295943,71.69689737470168,829,144,9.161484617959957,218,5.832935560859188,540
182,0.3643,-846.3076923076924,4.663333333333333,6.082853855005753,72.79171461449943,871,140,6.763921415796461,218,6.230149597238205,546
183,0.3623,-789.2307692307693,4.0441666666666665,5.666272189349113,73.04378698224852,839,147,7.280473656634976,218,5.800236406619385,387
184,0.3603,-754.8,3.8116666666666665,5.51875,69.77375,799,138,7.3910627143904275,218,5.64125,586
185,0.3583,-684.8,3.7175,5.387137452711223,70.92686002522068,798,142,5.788030575054974,218,5.51828499369483,398
186,0.3563,-733.3076923076924,3.8875,5.186263096623981,71.28987194412107,840,150,6.379646493995438,218,5.327124563445867,380
187,0.3544,-882.1999999999999,4.55,6.520253164556962,75.16455696202532,798,136,10.938991344616753,219,6.663291139240506,695
188,0.3524,-681.0923076923077,3.4,4.730061349693251,72.40981595092025,822,143,5.2064871675537585,219,4.858895705521473,699
189,0.3505,-761.5846153846154,4.216666666666667,5.607888631090487,71.99187935034803,865,146,5.6372210743484015,219,5.711136890951276,185
190,0.3485,-810.4615384615385,4.258333333333334,5.936602870813397,73.45095693779905,822,137,6.504097262824296,219,6.074162679425838,757
191,0.3466,-735.6461538461539,4.05,5.510663507109005,69.510663507109,839,151,6.29559914500249,219,5.64218009478673,690
192,0.3447,-775.6461538461538,4.51,6.136310223266745,73.36780258519389,856,153,5.839252607303773,219,6.256169212690952,681
193,0.3428,-715.4307692307693,3.7441666666666666,5.12953995157385,70.55690072639226,834,151,5.103033769775275,219,5.268765133171913,89
194,0.3409,-874.8,4.445,5.706221198156682,73.88594470046083,861,142,5.274354205671247,219,5.876728110599078,735
195,0.339,-682.7846153846154,3.3533333333333335,4.602625298329356,68.82338902147971,844,150,5.831764268954635,219,4.729116945107399,850
196,0.3371,-720.0461538461539,3.7333333333333334,4.966473988439306,71.07167630057803,860,149,5.622382533995797,219,5.123699421965318,81
197,0.3352,-677.7384615384615,3.7933333333333334,5.036046511627907,72.14767441860465,868,151,4.786990289415531,219,5.170930232558139,23
198,0.3334,-633.1846153846154,3.430833333333333,4.90530303030303,71.91919191919192,802,151,4.713264320859247,219,5.063131313131313,262
199,0.3315,-669.9538461538461,3.819166666666667,5.266195524146054,71.75618374558304,850,149,5.2305792644674955,219,5.396937573616019,730
200,0.3297,-788.1538461538462,4.358333333333333,6.024330900243309,74.24209245742092,818,144,13.626626121634194,219,6.172749391727494,718
201,0.3279,-669.1846153846154,3.59,4.96130592503023,70.2926239419589,826,153,4.540549686537583,219,5.09552599758162,841
202,0.3261,-701.0461538461539,3.62,5.039520958083832,72.19161676646706,833,151,6.412513741371116,219,5.161483253588517,65
203,0.3243,-665.5538461538462,3.345,4.774647887323944,71.10243277848912,769,146,9.0504513603693,219,4.909090909090909,481
204,0.3225,-721.8307692307692,4.045833333333333,5.519163763066202,72.47967479674797,854,154,5.528922561414539,220,5.646171693735499,368
205,0.3207,-668.6615384615384,3.535833333333333,4.917874396135265,73.13888888888889,841,149,10.350297177687002,220,5.065217391304348,465
206,0.3189,-755.3230769230769,4.013333333333334,5.509456264775413,73.94562647754137,854,143,4.732729600978335,220,5.641843971631205,367
207,0.3172,-708.2461538461539,3.7283333333333335,4.884703196347032,72.56963470319634,879,151,6.013527105058494,220,5.026255707762557,542
208,0.3154,-651.1076923076923,3.4875,5.13375796178344,71.75796178343948,800,145,7.658377851792822,220,5.268789808917197,533
209,0.3137,-730.4307692307693,3.5775,5.067155067155067,72.11355311355311,826,138,6.407471727679465,220,5.214896214896215,530
210,0.3119,-736.6461538461538,4.1575,5.611175785797439,73.38300349243306,872,148,4.8803509828804055,220,5.772991850989523,500
211,0.3102,-702.8307692307693,4.134166666666666,5.550574712643678,72.23908045977012,857,149,5.6140528061611175,220,5.697701149425288,213
212,0.3085,-776.8461538461538,3.8675,5.229665071770335,72.61842105263158,836,130,7.971109900217333,220,5.3624401913875595,388
213,0.3068,-693.123076923077,3.9225,5.383610451306414,72.3562945368171,844,147,5.432092251895013,220,5.539192399049881,223
214,0.3051,-721.4769230769232,3.785833333333333,5.047180667433832,72.90563866513233,857,143,5.661215067012791,220,5.188722669735328,715
215,0.3034,-604.8923076923077,2.915,4.216791979949875,69.05764411027569,791,143,5.973096431570557,221,4.331664580725907,603
216,0.3017,-657.1384615384616,3.694166666666667,5.091232227488152,72.86848341232228,857,145,3.7829649512086734,221,5.214454976303317,7
217,0.3,-648.476923076923,3.5883333333333334,4.869615832363213,70.05005820721769,849,153,5.79560611566476,221,5.011641443538998,158
218,0.2984,-658.0,3.485,4.717208182912154,72.88086642599278,837,150,5.498810083407091,221,4.849578820697954,60
219,0.2967,-703.7846153846153,3.815,5.208383233532934,71.43592814371257,849,148,4.02373714887969,221,5.3293413173652695,466
220,0.2951,-669.446153846154,3.5175,4.734620024125452,69.86731001206273,816,151,6.201918351823834,221,4.879372738238842,143
221,0.2935,-748.7538461538461,3.9,4.972253052164262,71.38179800221975,912,148,3.948450688521882,221,5.083240843507214,426
222,0.2918,-596.1692307692308,3.1433333333333335,4.35042735042735,69.45299145299145,826,150,6.960461998560265,222,4.501831501831502,420
223,0.2902,-630.8153846153847,3.3133333333333335,4.646266829865361,71.42717258261933,824,151,5.3842120704946765,222,4.786063569682152,877
224,0.2886,-725.9230769230769,3.7191666666666667,5.512755102040816,73.50127551020408,789,140,8.307362902890977,225,5.673469387755102,132
225,0.287,-595.3692307692307,3.370833333333333,4.818070818070818,70.62881562881563,814,157,3.5782809259873494,225,4.960927960927961,436
226,0.2854,-686.6153846153845,3.715,5.137847642079807,70.61064087061669,833,151,4.330893416832153,225,5.276904474002419,635
227,0.2838,-598.9538461538461,3.405,4.738271604938272,70.69382716049383,793,152,7.51720002722112,225,4.882716049382716,895
228,0.2823,-683.6,3.575833333333333,4.883748517200474,70.8208778173191,825,147,6.933753046749733,225,5.027283511269276,228
229,0.2807,-584.3846153846154,3.220833333333333,4.52760736196319,71.74478527607361,827,156,5.954458193753041,225,4.676073619631902,892
230,0.2792,-695.2153846153846,3.4141666666666666,4.706793802145411,73.11442193087008,872,145,4.729616334456463,225,4.828367103694875,342
231,0.2776,-644.4153846153847,3.415,4.884093711467324,71.22564734895191,817,140,5.617197468983704,225,4.996300863131935,474
232,0.2761,-628.5538461538462,3.3241666666666667,4.650966183574879,70.24396135265701,834,152,4.812376382945218,225,4.788647342995169,197
233,0.2746,-741.8307692307692,3.9075,5.057077625570776,71.01940639269407,889,145,4.25148021622664,225,5.210045662100456,133
234,0.273,-673.0461538461539,3.5375,5.01129234629862,68.69510664993726,817,146,3.5329111192556426,225,5.129234629861982,167
235,0.2715,-666.9846153846154,3.618333333333333,4.856476079346558,72.29638273045508,850,149,3.7850881563496994,225,5.008168028004667,301
236,0.27,-902.8615384615385,4.43,6.105076741440378,72.97520661157024,853,137,10.807133647596478,226,6.237308146399055,16
237,0.2685,-759.1384615384616,4.136666666666667,5.511163337250294,73.29494712103408,838,143,5.014579583684041,226,5.627497062279671,120
238,0.267,-764.446153846154,3.9916666666666667,5.553012048192771,70.2855421686747,832,138,9.273383588501451,226,5.683132530120482,3
239,0.2656,-625.5538461538462,3.404166666666667,4.65017667844523,69.73027090694936,856,153,4.310936279826882,226,4.803297997644288,217
240,0.2641,-710.3384615384615,3.7075,5.24179829890644,71.0595382746051,815,144,5.697319535000897,226,5.374240583232078,508
241,0.2626,-645.8,3.6725,4.993983152827918,70.92057761732852,833,153,5.893158708150599,226,5.140794223826715,479
242,0.2612,-753.5384615384615,4.120833333333334,5.73491124260355,74.40118343195266,857,151,5.681700898544764,226,5.914792899408284,224
243,0.2597,-559.876923076923,3.08,4.357317073170732,69.15365853658537,813,156,7.332822290172835,226,4.478048780487805,740
244,0.2583,-708.2461538461539,3.6733333333333333,4.900118906064209,69.96908442330559,862,140,10.548353414849132,227,5.041617122473246,868
245,0.2569,-658.2153846153847,3.4541666666666666,4.616780045351474,70.0374149659864,866,155,5.137162697440282,227,4.757644394110986,477
246,0.2555,-637.5538461538462,3.4783333333333335,4.798809523809524,70.68095238095238,842,143,4.999694412039749,227,4.947619047619048,320
247,0.254,-561.5076923076924,3.120833333333333,4.412755716004813,70.27677496991576,826,152,4.651342833957048,227,4.554753309265944,597
248,0.2526,-598.5846153846153,3.339166666666667,4.736263736263736,69.15140415140415,812,147,5.233419641756845,227,4.882926829268293,539
249,0.2512,-732.4461538461538,3.6166666666666667,4.878537735849057,73.6497641509434,860,142,5.6031918482584855,227,5.025943396226415,129
250,0.2498,-623.4307692307692,3.4525,4.738515901060071,69.14840989399293,848,155,3.4448976266623577,227,4.856301531213192,845
251,0.2485,-638.4307692307692,3.3675,4.889447236180905,71.02010050251256,807,153,4.4650691567857725,227,5.023869346733668,314
252,0.2471,-617.6153846153846,3.395,4.8136419001218025,71.9074299634592,821,152,7.549256321950791,227,4.933008526187576,721
253,0.2457,-671.6307692307693,3.6158333333333332,4.6815578465063,70.45017182130584,872,151,3.6966749305760147,227,4.831615120274914,606
254,0.2444,-600.8153846153846,3.4366666666666665,4.894348894348894,72.3022113022113,825,145,5.479300150417587,227,5.015950920245399,809
255,0.243,-662.3076923076924,3.6166666666666667,5.045618247298919,72.62905162064826,853,146,6.521314866189574,227,5.176470588235294,87
256,0.2417,-583.6153846153845,3.424166666666667,4.717917675544794,70.24697336561744,823,160,4.619531419148645,227,4.857142857142857,589
257,0.2403,-611.3076923076924,3.4341666666666666,4.74910820451843,73.18906064209274,840,154,4.4795678386178635,227,4.903686087990487,599
258,0.239,-636.9846153846154,3.6008333333333336,5.016928657799275,72.55018137847642,830,154,3.825052958217198,227,5.157194679564691,268
259,0.2377,-651.1692307692308,3.4575,4.95721271393643,70.7677261613692,808,155,4.56624861043497,227,5.114914425427873,896
260,0.2364,-654.5538461538462,3.555,4.728438228438228,70.12820512820512,846,147,4.2000856499218155,227,4.87995337995338,887
261,0.2351,-702.9384615384615,3.660833333333333,5.202933985330073,71.76650366748166,809,141,4.889134679140433,227,5.3508557457212715,62
262,0.2338,-632.4307692307693,3.2241666666666666,4.72692793931732,69.60429835651074,789,151,7.896404670192547,227,4.828065739570165,557
263,0.2325,-590.1538461538462,3.32,4.606168446026097,69.73190984578885,836,146,4.497165312179679,227,4.734282325029656,746
264,0.2312,-679.4923076923077,3.5683333333333334,4.893921334922527,72.0870083432658,814,149,5.5721560703106645,227,5.033373063170441,323
265,0.2299,-724.1076923076923,4.108333333333333,5.660692951015531,73.14217443249701,846,150,4.288854818647202,227,5.792114695340501,596
266,0.2286,-609.876923076923,3.3,4.673671199011125,70.91100123609394,818,151,5.223433721587521,227,4.799752781211372,667
267,0.2274,-600.0,3.0408333333333335,4.337547408343869,70.60429835651074,813,159,5.117046724484803,227,4.457648546144122,643
268,0.2261,-536.0153846153846,3.183333333333333,4.430555555555555,70.48484848484848,782,153,4.484153352214255,227,4.55050505050505,162
269,0.2249,-526.5230769230769,2.9283333333333332,4.285,70.88125,808,158,3.5329342220078725,227,4.4025,351
270,0.2236,-568.7538461538461,3.0808333333333335,4.278708133971292,71.42105263157895,826,156,4.7342518952750146,227,4.411483253588517,347
271,0.2224,-646.6615384615384,3.5616666666666665,4.798843930635838,70.93410404624278,857,148,5.611290331949557,227,4.916763005780346,119
272,0.2211,-586.1692307692308,3.02,4.442159383033419,71.9370179948586,763,147,5.427725000872127,227,4.56426735218509,497
273,0.2199,-715.2307692307693,4.041666666666667,5.514084507042254,72.32276995305165,834,152,4.155684352283204,227,5.65962441314554,298
274,0.2187,-709.0461538461539,3.7175,4.941792782305006,69.92549476135041,848,147,4.563557652012728,227,5.073341094295692,706
275,0.2175,-724.8461538461538,3.765833333333333,5.225766871165644,72.97914110429448,816,138,9.18862111309859,227,5.356617647058823,616
276,0.2163,-689.5076923076923,3.9066666666666667,5.617206982543641,71.70448877805487,811,145,5.4594302960949594,227,5.74346201743462,714
277,0.2151,-684.2923076923076,3.4058333333333333,4.763440860215054,72.1242532855436,838,152,5.704935732110517,227,4.905615292712067,13
278,0.2139,-682.0461538461539,3.8291666666666666,5.383512544802867,70.97968936678615,828,147,4.059679404969411,227,5.537634408602151,843
279,0.2127,-598.8,3.0216666666666665,4.412213740458015,72.2175572519084,805,143,5.55664810476218,227,4.561068702290076,146
280,0.2115,-641.7076923076922,3.200833333333333,4.555828220858896,70.50429447852761,812,144,7.564084486689233,227,4.680981595092025,161
281,0.2104,-626.0769230769231,3.5116666666666667,4.591166477916195,69.80520951302378,870,155,3.8361887942665214,227,4.736126840317101,75
282,0.2092,-734.1538461538462,3.915,5.309327036599764,72.16410861865407,844,138,5.035821703259659,227,5.467532467532467,871
283,0.208,-669.8461538461538,3.558333333333333,5.001204819277109,71.21084337349397,808,137,6.416512526575492,227,5.132530120481928,113
284,0.2069,-760.8153846153846,3.905,5.571254567600487,72.00243605359317,807,135,5.858702527916435,227,5.695493300852619,124
285,0.2058,-653.553846153846,3.4966666666666666,4.814064362336114,70.00715137067938,838,143,4.223727330866518,227,4.945172824791419,777
286,0.2046,-709.4153846153847,3.755,5.403680981595092,72.68466257668712,818,137,6.239552643658116,227,5.543558282208589,108
287,0.2035,-685.2769230769231,3.5083333333333333,5.041044776119403,71.50621890547264,799,141,3.682853731111275,227,5.1554726368159205,451
288,0.2024,-635.4000000000001,3.3091666666666666,4.619393939393939,71.02181818181818,827,148,3.776929407204063,227,4.745454545454545,196
289,0.2012,-692.4,3.6875,5.148550724637682,72.21014492753623,816,136,6.361175251226721,227,5.309178743961352,64
290,0.2001,-694.2153846153847,3.7733333333333334,5.161904761904762,71.22380952380952,844,144,5.208000739583061,227,5.326190476190476,165
291,0.199,-639.8461538461538,3.401666666666667,4.796341463414634,70.70121951219512,830,143,5.300366790198721,227,4.926829268292683,412
292,0.1979,-669.3692307692307,3.4408333333333334,4.764634146341463,70.78536585365853,829,143,7.793079507421515,227,4.883069427527405,335
293,0.1968,-574.2153846153847,3.2283333333333335,4.366081871345029,70.36023391812866,864,157,3.585444001522204,227,4.521637426900585,617
294,0.1957,-610.9230769230769,3.48,4.76303317535545,70.51184834123222,834,160,4.383302459650652,227,4.882701421800948,325
295,0.1946,-615.4461538461538,3.3141666666666665,4.599290780141844,70.83333333333333,828,150,3.3818444801827483,227,4.73758865248227,26
296,0.1936,-649.9076923076923,3.4741666666666666,4.789846517119244,69.95749704840614,852,157,10.277214832139835,227,4.936245572609209,51
297,0.1925,-591.9538461538461,3.225,4.808483290488432,73.39074550128535,762,148,4.168100486034935,227,4.948586118251928,431
298,0.1914,-530.0769230769231,3.140833333333333,4.504347826086956,68.74285714285715,798,156,3.627796771370583,227,4.6372670807453416,570
299,0.1904,-541.2153846153847,3.0933333333333333,4.38833746898263,68.40570719602978,815,160,2.975633969827484,227,4.512406947890819,73
300,0.1893,-612.8923076923077,3.325833333333333,4.465088757396449,70.57869822485208,882,161,4.224776800061648,227,4.6,602
301,0.1883,-677.3076923076923,3.4025,4.69501822600243,70.37667071688944,819,147,5.813561509145279,227,4.817739975698664,527
302,0.1872,-711.3538461538461,3.7725,5.418092909535452,73.44621026894866,819,146,5.699408750388082,227,5.557457212713937,72
303,0.1862,-655.5230769230769,3.6308333333333334,4.798857142857143,70.36571428571429,892,146,4.571485962028003,227,4.9474285714285715,566
304,0.1852,-747.123076923077,4.110833333333333,5.685096153846154,74.10697115384616,849,146,6.654124204957818,227,5.847355769230769,634
305,0.1841,-597.9076923076924,3.3733333333333335,4.603117505995204,71.9568345323741,832,148,7.683919856967907,227,4.727817745803358,400
306,0.1831,-616.7230769230769,3.515,5.025609756097561,74.32439024390244,825,149,4.259960703920378,227,5.195121951219512,520
307,0.1821,-614.3076923076923,3.1783333333333332,4.537897310513447,69.86674816625917,828,148,7.268162964768121,228,4.662591687041565,875
308,0.1811,-626.3384615384616,3.3833333333333333,4.928571428571429,72.16666666666667,798,150,12.130062439122275,228,5.0664160401002505,744
309,0.1801,-662.3846153846155,3.4166666666666665,4.726403823178017,71.24611708482676,848,147,7.668553131250867,228,4.887694145758662,299
310,0.1791,-612.8615384615384,3.3691666666666666,4.57981220657277,71.51291079812206,850,144,4.284433330103154,228,4.717136150234742,489
311,0.1781,-656.6923076923076,3.7583333333333333,5.019562715765248,73.22439585730724,868,149,8.98464529405739,228,5.166858457997699,4
312,0.1771,-647.3076923076924,3.605,5.083232810615199,72.42460796139927,828,144,4.389693961553104,228,5.224366706875754,379
313,0.1762,-570.7538461538462,3.1558333333333333,4.431013431013431,70.64835164835165,817,149,4.320989476833729,228,4.581196581196581,212
314,0.1752,-530.723076923077,2.815,4.065822784810127,70.34303797468354,802,150,4.476709391570732,229,4.235443037974684,560
315,0.1742,-628.8461538461538,3.4891666666666667,4.761792452830188,71.45872641509433,846,148,5.827095462474451,229,4.933962264150943,798
316,0.1732,-572.0461538461539,3.0858333333333334,4.595330739299611,71.27756160830091,767,145,6.53489316470903,229,4.747081712062257,640
317,0.1723,-709.923076923077,3.6141666666666667,4.910059171597633,71.3301775147929,840,145,5.161685238868337,229,5.031952662721894,171
318,0.1713,-582.9384615384615,3.256666666666667,4.689950980392157,70.8296568627451,812,147,4.733377573342126,229,4.8088235294117645,225
319,0.1704,-656.6,3.5183333333333335,4.664739884393064,72.89826589595376,868,139,5.845353505356306,229,4.811778290993072,283
320,0.1694,-700.7538461538462,3.56,4.8142523364485985,71.44509345794393,872,148,4.845601861048823,229,4.9672897196261685,561
321,0.1685,-663.9692307692308,3.5608333333333335,5.01468788249694,72.94369645042839,819,142,3.731657126318318,229,5.1395348837209305,180
322,0.1676,-648.2769230769231,3.4758333333333336,4.637544273907911,73.47815820543093,846,143,3.946697378657979,229,4.775678866587958,729
323,0.1666,-601.1076923076923,3.1025,4.334174022698613,71.46658259773014,798,145,8.194054407519161,229,4.465321563682219,427
324,0.1657,-524.4615384615386,3.0075,4.134045077105576,70.86714116251483,850,153,8.042592944541834,229,4.264531435349941,679
325,0.1648,-535.9846153846154,2.8583333333333334,4.190897597977244,71.64475347661188,784,154,3.6327675360822176,229,4.331226295828066,563
326,0.1639,-579.723076923077,3.37,4.7370948379351745,71.82833133253301,828,154,5.025561987218512,229,4.8871548619447776,632
327,0.163,-600.876923076923,3.165,4.15375854214123,70.73234624145786,889,153,4.569877959113291,229,4.28246013667426,373
328,0.1621,-627.0307692307692,3.585,4.864327485380117,72.67485380116959,862,149,4.202333971847705,229,5.028070175438597,584
329,0.1612,-648.5846153846154,3.44,4.4958871915393654,71.13513513513513,859,146,4.417022320000352,229,4.63924794359577,525
330,0.1603,-604.1076923076923,3.390833333333333,4.625,70.93571428571428,838,154,4.726099725136923,229,4.758333333333334,656
331,0.1594,-662.8615384615384,3.6241666666666665,4.906432748538012,71.61637426900585,855,147,3.767686458288224,229,5.052631578947368,61
332,0.1585,-599.4,3.3275,4.4524089306698,70.63337250293772,834,143,3.7775404388503104,229,4.6122209165687424,12
333,0.1577,-596.9846153846154,3.2758333333333334,4.4075382803298,70.0341578327444,862,151,2.4899394011627467,229,4.532391048292109,496
334,0.1568,-632.0,3.6366666666666667,5.022485207100591,71.11952662721893,845,147,3.4956887202077485,229,5.1562130177514796,641
335,0.1559,-613.9076923076923,3.4225,4.484304932735426,69.9786995515695,896,154,4.687500045850348,229,4.651345291479821,779
336,0.155,-623.3846153846154,3.285833333333333,4.746549560853199,72.0564617314931,813,144,4.942157053826832,229,4.882057716436638,837
337,0.1542,-631.0461538461539,3.5933333333333333,5.1382716049382715,72.9320987654321,804,143,6.2642807189592125,230,5.270370370370371,34
338,0.1533,-690.5076923076923,3.8466666666666667,5.255369928400954,73.9272076372315,843,147,7.491381041821964,230,5.39618138424821,511
339,0.1525,-654.0615384615385,3.6641666666666666,5.00121359223301,72.32645631067962,842,142,6.1355047565032175,230,5.140776699029126,408
340,0.1516,-598.8307692307692,3.486666666666667,4.450980392156863,70.5326797385621,912,154,4.135649825533159,230,4.612200435729847,45
341,0.1508,-524.5230769230769,2.9266666666666667,4.288607594936709,71.40759493670886,785,142,4.3927192619963265,230,4.455696202531645,638
342,0.15,-555.9538461538461,3.01,4.367959949937422,70.69712140175218,801,146,4.075786778367463,230,4.476846057571965,160
343,0.1491,-582.876923076923,3.2016666666666667,4.447212336892052,70.87188612099644,853,155,4.391475267571731,230,4.610913404507711,410
344,0.1483,-646.4153846153846,3.473333333333333,4.813095238095238,70.73214285714286,841,152,5.103586884467132,230,4.970238095238095,490
345,0.1475,-573.6461538461538,2.9825,4.200492004920049,71.01968019680197,813,141,4.049454419741106,230,4.321033210332104,575
346,0.1467,-588.1846153846154,3.1875,4.538650306748466,70.95950920245399,835,144,2.537367469921256,230,4.677300613496932,683
347,0.1459,-608.4,3.4058333333333333,4.539443155452436,71.6368909512761,869,154,5.415594936895461,230,4.6682134570765665,249
348,0.1451,-566.1384615384616,2.986666666666667,4.415404040404041,68.92676767676768,789,155,4.500966578048171,230,4.536616161616162,46
349,0.1443,-620.1076923076923,3.475,4.9262394195888755,72.17775090689238,831,147,2.824780657467655,230,5.062877871825877,894
350,0.1435,-577.4,3.1991666666666667,4.319148936170213,71.86288416075651,872,158,3.4825088517918172,230,4.430260047281324,685
351,0.1427,-684.4,3.79,5.080552359033372,71.6800920598389,866,150,3.2832260573736494,230,5.243958573072497,478
352,0.1419,-650.8307692307692,3.7675,5.0625737898465175,70.39905548996458,837,157,3.3000844144281047,230,5.214876033057851,291
353,0.1411,-530.5384615384615,2.7925,3.83729216152019,70.44536817102137,837,149,5.19045444956883,231,3.9703087885985746,657
354,0.1403,-604.1538461538462,3.4025,4.81549815498155,72.01230012300122,814,145,6.169823667324177,231,4.934809348093481,428
355,0.1395,-640.0461538461539,3.4258333333333333,4.685474189675871,71.20648259303721,825,140,3.7760777737016094,231,4.830732292917167,814
356,0.1388,-585.9846153846154,3.17,4.31812865497076,71.26900584795321,850,148,3.3546280194962432,231,4.451461988304094,102
357,0.138,-613.7384615384615,3.6016666666666666,4.822843822843823,72.24708624708624,853,150,7.521744621089065,232,4.987179487179487,376
358,0.1372,-611.7076923076922,3.1975,4.47799511002445,72.1919315403423,833,146,4.140840721068593,232,4.621489621489621,172
359,0.1365,-575.5999999999999,3.37,4.829545454545454,72.14520202020202,791,159,4.307813001504846,232,4.973484848484849,50
360,0.1357,-486.7538461538461,2.7483333333333335,4.051282051282051,70.39102564102564,791,153,3.5453175724373067,232,4.17948717948718,333
361,0.135,-598.7846153846153,3.2183333333333333,4.338425381903643,70.37720329024677,871,149,3.1938246327920328,232,4.471210340775558,626
362,0.1342,-575.6615384615384,3.2825,4.562273276904474,70.30350665054414,824,150,3.4694765393463585,232,4.729141475211608,28
363,0.1335,-548.9692307692308,3.0941666666666667,4.402692778457772,71.11383108935128,827,162,2.8215848175879783,232,4.531211750305998,467
364,0.1327,-573.7538461538461,3.14,4.459158415841584,71.37252475247524,808,146,5.013981026422611,232,4.5977722772277225,53
365,0.132,-619.1538461538462,3.6241666666666665,5.049763033175355,71.92535545023696,836,151,3.9403680235202687,232,5.181279620853081,294
366,0.1313,-644.5692307692307,3.7641666666666667,5.213685474189676,72.33253301320528,841,141,4.563400965424227,232,5.368547418967587,789
367,0.1306,-574.0615384615385,3.3266666666666667,4.3861271676300575,70.93410404624278,851,154,4.66203968901759,232,4.5236994219653175,260
368,0.1298,-542.9230769230769,3.0141666666666667,4.356965174129353,71.05597014925372,809,150,3.6048890741215858,232,4.491293532338308,210
369,0.1291,-596.9076923076923,3.0216666666666665,4.341975308641976,70.22716049382716,805,146,3.891955613798912,232,4.474074074074074,68
370,0.1284,-603.446153846154,3.254166666666667,4.513872135102533,71.39927623642943,832,155,4.456133096861979,232,4.646562123039807,204
371,0.1277,-563.3538461538462,3.0841666666666665,4.288622754491018,69.69101796407186,828,152,3.073586049812103,232,4.445508982035928,636
372,0.127,-738.4153846153847,4.131666666666667,5.439953810623557,72.24364896073904,890,143,4.801622489868259,232,5.577367205542725,164
373,0.1263,-619.9692307692308,3.404166666666667,4.791767554479419,71.41041162227603,830,144,4.688048433215036,232,4.945520581113802,280
374,0.1256,-577.4153846153846,3.1416666666666666,4.292014302741359,70.43980929678189,835,150,4.575732435072869,232,4.439809296781883,750
375,0.1249,-573.8153846153847,3.0058333333333334,4.290282902829028,70.4809348093481,828,147,2.905010504264416,232,4.442804428044281,792
376,0.1242,-594.0923076923077,3.1508333333333334,4.449696969696969,71.88969696969697,828,142,4.198060775683093,232,4.614545454545454,170
377,0.1235,-631.6615384615385,3.3541666666666665,4.585680751173709,71.18779342723005,869,141,3.947970808994154,232,4.744131455399061,558
378,0.1228,-520.8153846153846,2.841666666666667,4.1668789808917195,71.1592356687898,802,148,4.7638077559673455,232,4.287898089171975,688
379,0.1221,-630.2,3.598333333333333,4.99277108433735,71.43493975903614,837,148,5.05633660953551,232,5.119277108433735,618
380,0.1215,-624.5846153846153,3.1066666666666665,4.521628498727735,71.36005089058524,803,139,3.294874259909096,232,4.645038167938932,509
381,0.1208,-612.6923076923077,3.6491666666666664,5.050588235294118,71.17529411764706,833,147,3.15684550955678,232,5.197647058823529,674
382,0.1201,-569.5692307692307,3.3633333333333333,4.623345367027677,71.83152827918171,816,154,2.8253201226208557,232,4.773766546329723,826
383,0.1195,-595.0461538461539,3.5091666666666668,4.882708585247884,71.92986698911729,834,152,3.655950497736781,232,5.0278113663845225,612
384,0.1188,-568.5076923076923,3.4125,4.615028901734104,70.64277456647399,864,157,2.624706208666944,232,4.766743648960739,239
385,0.1181,-620.6153846153845,3.424166666666667,4.95910780669145,73.24411400247831,810,145,3.142103922666167,232,5.0817843866171,879
386,0.1175,-595.4769230769231,3.160833333333333,4.410757946210269,69.78728606356968,819,141,8.302534305780943,232,4.537897310513447,734
387,0.1168,-555.6461538461539,3.1016666666666666,4.349514563106796,71.38106796116504,828,151,3.416349625190927,232,4.490291262135922,112
388,0.1162,-549.2769230769231,3.0225,4.145758661887694,70.3763440860215,854,150,3.8650251471524273,232,4.289976133651551,369
389,0.1156,-636.9230769230769,3.2575,4.42719614921781,70.06738868832731,831,150,3.8659130342165753,232,4.54632972322503,18
390,0.1149,-604.8615384615384,3.4183333333333334,4.703571428571428,71.32976190476191,840,151,3.7316698782066,232,4.848809523809524,806
391,0.1143,-629.5384615384615,3.5283333333333333,4.869103773584905,71.46933962264151,851,149,3.6137613552017216,232,4.990566037735849,536
392,0.1136,-604.9538461538461,3.3975,4.806804374240583,70.14216281895504,825,152,5.731838546936002,232,4.928311057108141,860
393,0.113,-617.8153846153846,3.2383333333333333,4.3703271028037385,70.09813084112149,858,151,2.7703541985572437,232,4.531542056074766,77
394,0.1124,-528.4769230769231,3.045,4.214114832535885,70.12679425837321,834,161,2.920514931033485,232,4.350478468899522,648
395,0.1118,-569.8,3.4458333333333333,4.739130434782608,71.10990338164251,826,157,3.23922054380864,232,4.879227053140097,250
396,0.1112,-567.0615384615385,3.3541666666666665,4.779126213592233,71.19296116504854,835,147,3.3215606327872815,232,4.905454545454545,43
397,0.1105,-566.4769230769232,3.1625,4.337587006960557,70.54640371229698,853,157,4.525088017866782,232,4.512761020881671,156
398,0.1099,-542.2307692307692,3.0883333333333334,4.152873563218391,68.87471264367817,872,154,3.748424108207976,232,4.288505747126437,483
399,0.1093,-559.7692307692308,3.265833333333333,4.523297491039426,69.831541218638,842,155,4.99859518705199,232,4.688172043010753,42
400,0.1087,-484.95384615384614,2.775,3.9642416769420468,68.72749691738595,809,149,3.0039234315312777,232,4.1097410604192355,153
401,0.1081,-549.9692307692308,3.2841666666666667,4.659367396593674,70.34184914841849,822,151,2.8062357073372013,232,4.7773722627737225,329
402,0.1075,-506.36923076923074,2.8983333333333334,4.052184466019417,69.95752427184466,802,161,3.6927659652382054,232,4.165048543689321,106
403,0.1069,-614.2923076923078,3.3766666666666665,4.693509615384615,70.53846153846153,827,148,3.378489914934129,232,4.813701923076923,645
404,0.1063,-580.8923076923077,3.2375,4.399769585253456,70.42396313364056,861,148,3.2955658616953936,232,4.552995391705069,83
405,0.1057,-506.276923076923,2.9916666666666667,4.133742331288343,68.61349693251533,817,156,3.8164245544369453,232,4.257352941176471,787
406,0.1052,-592.6461538461538,3.2875,4.4795673076923075,69.1875,847,154,3.0197979255475067,232,4.643028846153846,859
407,0.1046,-588.4923076923076,3.3225,4.4004576659038905,71.83180778032036,876,148,4.236452919097571,232,4.540045766590389,2
408,0.104,-507.6153846153846,2.8383333333333334,3.8693115519253207,69.10968494749125,853,161,4.320363799725967,232,4.028004667444574,811
409,0.1034,-565.0461538461539,3.1858333333333335,4.617866004962779,70.17990074441687,800,148,2.6851894575244173,232,4.753101736972705,726
410,0.1028,-615.2923076923078,3.475,4.735981308411215,69.87733644859813,861,159,4.261587524431018,232,4.882009345794392,345
411,0.1023,-545.9230769230769,3.1925,4.342624854819976,70.45644599303135,850,161,2.7969362658014063,232,4.475029036004646,242
412,0.1017,-536.0,3.004166666666667,4.203907203907204,71.14652014652015,817,158,2.8112770471100363,232,4.328449328449328,216
413,0.1011,-501.4307692307693,3.2041666666666666,4.3207100591715975,71.45207100591716,838,161,3.116593963773311,232,4.449704142011834,881
414,0.1006,-525.2461538461538,3.129166666666667,4.248815165876778,70.66469194312796,835,156,2.5643648200699554,232,4.420616113744076,240
415,0.1,-549.4615384615383,3.2775,4.2943181818181815,69.6534090909091,869,156,4.325409592890311,232,4.452272727272727,664
416,0.0995,-616.4461538461538,3.5283333333333333,5.0855345911949685,71.95723270440251,803,144,4.55544473957598,232,5.221383647798742,92
417,0.0989,-628.3692307692307,3.2666666666666666,4.512396694214876,72.28453364817001,844,144,7.418750081277508,233,4.646989374262102,186
418,0.0984,-549.5076923076923,2.7641666666666667,3.969249692496925,69.2189421894219,834,142,6.624338589191787,233,4.1230012300123,716
419,0.0978,-641.4461538461538,3.671666666666667,4.923529411764706,70.87411764705882,852,148,4.849675737654687,233,5.067058823529412,801
420,0.0973,-637.0307692307692,3.585,4.871158392434988,70.67021276595744,845,156,7.733793220483065,233,4.998817966903073,44
421,0.0968,-676.8923076923077,3.8425,5.095890410958904,71.91438356164383,883,150,4.930773090525731,233,5.254566210045662,784
422,0.0962,-486.78461538461545,2.745833333333333,3.5691244239631335,68.9331797235023,870,165,2.9600410955177816,233,3.7085253456221197,772
423,0.0957,-570.7846153846153,3.225,4.884020618556701,70.10051546391753,772,148,5.185122497695261,233,5.024484536082475,288
424,0.0952,-557.1692307692308,3.3641666666666667,4.601930036188178,70.88299155609168,830,152,3.0364302174801705,233,4.720144752714114,389
425,0.0946,-591.1076923076923,3.4066666666666667,4.781136638452237,71.07376058041112,828,155,4.177726351094796,233,4.915458937198068,67
426,0.0941,-514.4153846153847,3.109166666666667,4.388550548112058,71.38733252131547,827,162,3.2477558442657135,233,4.5371498172959805,370
427,0.0936,-578.5230769230769,3.11,4.367396593673966,69.30535279805353,829,151,3.7951886895769613,233,4.530413625304136,328
428,0.0931,-563.8000000000001,3.2641666666666667,4.356973995271868,69.4290780141844,844,159,5.411522369113987,233,4.482880755608028,443
429,0.0926,-551.8923076923077,3.1425,4.623425692695214,70.99496221662469,778,151,4.096061319949232,233,4.746851385390428,52
430,0.092,-579.9384615384615,3.335,4.663495838287752,72.243757431629,848,151,3.466368555750155,233,4.79191438763377,206
431,0.0915,-537.6153846153846,3.0816666666666666,4.109540636042403,69.89163722025913,854,151,3.3416278527404923,233,4.261484098939929,608
432,0.091,-551.676923076923,3.2175,4.390845070422535,71.35328638497653,849,151,3.1805155494707478,233,4.538732394366197,219
433,0.0905,-476.13846153846157,2.5816666666666666,3.6313868613138687,68.98905109489051,806,160,3.638705573564314,233,3.787104622871046,447
434,0.09,-519.0153846153846,3.029166666666667,4.230769230769231,69.06009615384616,827,167,4.532418152964474,233,4.3545673076923075,86
435,0.0895,-483.83076923076925,2.985,4.141277641277641,68.65110565110565,811,160,4.624363960939657,234,4.275184275184275,462
436,0.089,-538.3538461538462,3.1341666666666668,4.282816229116945,70.18735083532219,850,161,2.9077978836957428,234,4.420047732696897,799
437,0.0885,-453.0153846153846,2.671666666666667,3.858736059479554,70.06567534076828,808,158,2.791862877900184,234,3.9826517967781907,646
438,0.088,-556.8615384615384,3.1225,4.466257668711656,70.16564417177914,813,154,6.517536829655453,234,4.61717791411043,790
439,0.0876,-539.9076923076923,3.2841666666666667,4.610231425091352,70.86236297198538,825,156,3.3800683195040446,234,4.736906211936662,574
440,0.0871,-554.0,3.175,4.199079401611047,70.78135788262371,877,152,3.8539306313881703,234,4.361334867663982,828
441,0.0866,-576.3692307692309,3.296666666666667,4.5065710872162486,71.03584229390681,820,153,2.865937965757948,234,4.639187574671445,308
442,0.0861,-551.5846153846153,3.091666666666667,4.38768115942029,70.49033816425121,824,149,5.18419733546383,234,4.555555555555555,513
443,0.0856,-616.7692307692307,3.444166666666667,4.4045977011494255,70.20114942528735,872,149,3.3507931169410927,234,4.539080459770115,259
444,0.0852,-545.0923076923077,3.111666666666667,4.3951515151515155,68.89212121212121,813,153,3.242479070305774,234,4.538181818181818,188
445,0.0847,-574.8,3.276666666666667,4.1644295302013425,71.41834451901566,881,148,6.41367422180476,234,4.329977628635347,501
446,0.0842,-595.6307692307691,3.0866666666666664,4.419875776397515,69.54409937888198,794,144,2.6270475589661113,234,4.550310559006212,568
447,0.0838,-599.4,3.6133333333333333,4.861271676300578,71.10173410404624,870,150,3.1077713528246487,234,5.0011560693641615,677
448,0.0833,-558.8,2.9283333333333332,4.174177831912302,70.12058465286236,819,153,3.944722323003351,234,4.311814859926918,276
449,0.0828,-616.0153846153846,3.6125,4.737385321100917,71.77637614678899,900,158,4.404418158827353,234,4.897935779816514,244
450,0.0824,-569.7692307692307,3.339166666666667,4.383747178329571,71.56433408577878,868,151,4.012343007952539,234,4.505643340857787,94
451,0.0819,-588.6153846153846,3.2841666666666667,4.422273781902552,70.3677494199536,849,155,2.850641001688646,234,4.559164733178655,830
452,0.0815,-548.9230769230769,2.9575,4.184146341463415,69.66219512195121,837,153,4.81061692698411,234,4.3,264
453,0.081,-532.1076923076923,2.9775,4.359550561797753,70.31835205992509,800,144,4.721701933692659,234,4.499375780274657,526
454,0.0806,-618.7538461538461,3.105,4.400247831474597,71.44361833952912,815,140,3.117817886964642,234,4.543990086741016,727
455,0.0801,-625.4615384615385,3.6891666666666665,4.9965075669383,71.034924330617,845,143,3.77780124586351,234,5.119906868451688,126
456,0.0797,-561.9692307692308,3.1566666666666667,4.5191122071516645,70.24660912453761,804,144,2.892459814089008,234,4.665844636251541,842
457,0.0792,-636.876923076923,3.51,4.9566831683168315,72.85519801980197,818,139,3.2459532455837237,234,5.126237623762377,701
458,0.0788,-635.8461538461538,3.3633333333333333,4.7941534713763705,72.7795371498173,826,136,4.684135232858474,234,4.92326431181486,184
459,0.0784,-597.676923076923,3.375,4.6380952380952385,71.13095238095238,832,143,3.267835498084083,234,4.79047619047619,882
460,0.0779,-619.5538461538462,3.495,4.757969303423849,71.27744982290437,855,142,3.065103057588439,234,4.902122641509434,306
461,0.0775,-576.6153846153846,3.1341666666666668,4.38135593220339,70.65738498789347,834,148,3.4372218270993096,234,4.4921402660217655,457
462,0.0771,-589.8153846153846,3.345833333333333,4.722493887530562,71.02689486552568,823,147,3.3879693342162605,234,4.8557457212713935,628
463,0.0766,-636.4,3.3666666666666667,4.679761904761905,72.4047619047619,846,142,4.518518199313661,234,4.833333333333333,544
464,0.0762,-556.2923076923078,2.8658333333333332,4.157248157248158,69.86117936117937,800,144,2.989858548853874,234,4.285012285012285,758
465,0.0758,-597.0461538461539,3.2608333333333333,4.390643274853801,70.14970760233918,844,147,4.1981714979320275,234,4.536214953271028,84
466,0.0754,-642.7384615384615,3.5125,4.743830787309048,71.52878965922444,840,145,3.455506108781034,234,4.8719153936545245,174
467,0.075,-527.9076923076923,3.035,4.250909090909091,71.57939393939394,831,150,2.385404965926599,234,4.3951515151515155,763
468,0.0745,-556.8,2.8291666666666666,4.0358024691358025,69.92469135802469,811,145,3.0928908605211736,234,4.155555555555556,109
469,0.0741,-541.1538461538462,2.93,4.001225490196078,70.62132352941177,821,151,3.513828096993599,234,4.151960784313726,429
470,0.0737,-579.5846153846154,3.03,4.0606060606060606,71.18881118881119,868,151,4.2173426886741785,234,4.198135198135198,300
471,0.0733,-543.3538461538461,3.185,4.231220657276995,69.23474178403755,844,157,4.858005082486107,234,4.353286384976526,33
472,0.0729,-582.0153846153846,3.191666666666667,4.734434561626429,71.97458703939009,795,143,5.911108111895089,234,4.865311308767471,221
473,0.0725,-518.8615384615384,2.9566666666666666,4.096813725490196,71.69362745098039,823,149,3.97470030163344,234,4.205882352941177,693
474,0.0721,-524.9538461538461,2.9275,4.141625615763547,71.5320197044335,831,155,3.2816855159626392,234,4.277093596059113,340
475,0.0717,-645.2307692307693,3.9058333333333333,5.312573443008225,71.07638072855464,844,153,3.7699166141558584,234,5.439482961222092,20
476,0.0713,-560.7230769230769,3.0283333333333333,4.296116504854369,69.81674757281553,829,153,3.4434191554907123,234,4.407766990291262,418
477,0.0709,-566.8615384615384,3.2116666666666664,4.468674698795181,70.69638554216867,815,152,2.8154997513813744,234,4.625301204819277,296
478,0.0705,-529.7384615384615,3.078333333333333,4.373479318734793,69.57785888077859,823,147,6.862545237189694,234,4.47509113001215,336
479,0.0701,-520.6769230769231,3.0625,4.129453681710213,69.59263657957244,835,160,3.165821824558696,234,4.267220902612826,590
480,0.0697,-545.1846153846154,3.2958333333333334,4.621718377088306,70.84844868735084,837,155,3.1502934373588323,234,4.75417661097852,37
481,0.0694,-522.3692307692307,3.0058333333333334,4.327909887359199,70.98748435544431,795,148,4.482843033118066,234,4.4555694618272845,439
482,0.069,-563.4923076923076,3.1416666666666666,4.620733249051833,70.63084702907712,797,152,3.033204038735842,234,4.764854614412137,598
483,0.0686,-554.4923076923076,3.075833333333333,4.100702576112412,68.94613583138174,847,154,2.7268354148783702,234,4.23536299765808,498
484,0.0682,-540.0923076923077,3.0458333333333334,4.2894736842105265,71.22009569377991,839,156,3.0677743255498253,234,4.413875598086125,32
485,0.0678,-538.5692307692307,3.225,4.236447520184544,71.50634371395617,870,153,2.840894866485583,234,4.371395617070357,49
486,0.0675,-566.2923076923078,3.4208333333333334,4.597156398104265,71.27369668246446,847,160,2.8470639926744603,234,4.764218009478673,802
487,0.0671,-485.4923076923077,2.9683333333333333,4.102625298329356,69.48090692124104,821,160,2.875298278576929,234,4.2398568019093075,375
488,0.0667,-518.0,3.075,4.250900360144057,72.16086434573829,842,154,3.5009101842598476,234,4.418967587034814,543
489,0.0664,-505.67692307692306,3.0233333333333334,4.353884093711467,70.6498150431566,810,162,2.8065043739715403,234,4.500616522811344,899
490,0.066,-515.3384615384616,2.7916666666666665,4.123234916559692,70.16944801026958,769,150,3.291334429322453,234,4.2477535301668805,832
491,0.0656,-556.2615384615385,3.359166666666667,4.553092182030339,71.4340723453909,858,149,3.048774433074264,234,4.659673659673659,595
492,0.0653,-507.3076923076923,3.0375,4.264925373134329,69.28109452736318,814,152,3.8494095643460406,234,4.375621890547263,176
493,0.0649,-543.6615384615384,3.1983333333333333,4.439520958083833,71.6934131736527,839,149,3.092382700932155,234,4.574850299401198,464
494,0.0645,-591.1846153846154,3.370833333333333,4.731648616125151,70.33453670276775,818,150,2.998103683515665,234,4.85439229843562,304
495,0.0642,-567.5230769230769,2.9858333333333333,4.338308457711443,70.55472636815921,812,147,4.404276391404697,234,4.4502487562189055,82
496,0.0638,-560.123076923077,3.0083333333333333,4.223300970873787,69.92111650485437,823,158,3.1112673703669316,234,4.350728155339806,183
497,0.0635,-537.2307692307693,3.135,4.207656612529003,71.0046403712297,868,156,4.625266242150575,234,4.365429234338747,583
498,0.0631,-483.9846153846154,2.908333333333333,4.021176470588236,69.87411764705882,838,155,4.858330828427466,235,4.189411764705882,728
499,0.0628,-504.7384615384615,2.9425,4.045023696682464,69.84834123222748,836,153,4.418428945012076,235,4.17654028436019,182
500,0.0624,-593.4615384615386,3.5516666666666667,4.856465005931198,71.72241992882562,852,149,3.7377885077032325,235,5.018979833926453,208
501,0.0621,-588.5999999999999,3.5533333333333332,4.748551564310545,71.07415990730011,863,148,4.225591441405968,235,4.904982618771727,354
502,0.0617,-628.676923076923,3.404166666666667,4.636150234741784,73.06103286384976,854,142,3.322398465118243,235,4.746478873239437,386
503,0.0614,-648.2307692307693,3.205,4.60997442455243,70.8388746803069,781,143,4.051847298525901,235,4.749360613810742,1
504,0.0611,-528.1538461538462,3.3141666666666665,4.511033681765389,71.78745644599303,860,155,5.805564314445221,235,4.680603948896632,416
505,0.0607,-583.9384615384615,3.4425,4.720047449584816,70.87663107947806,859,150,2.8502431080348405,235,4.852906287069988,192
506,0.0604,-556.4769230769231,3.223333333333333,4.489596083231334,70.46022031823746,818,151,3.7551285043760654,235,4.626682986536108,631
507,0.06,-544.7076923076924,3.1191666666666666,4.224199288256227,69.97983392645314,855,150,2.406459831203921,235,4.344009489916963,491
508,0.0597,-564.123076923077,3.220833333333333,4.6975,70.3,789,141,3.0171210280439498,235,4.8325,642
509,0.0594,-601.4923076923077,3.5375,4.857142857142857,71.38095238095238,831,149,3.297466646441701,235,4.977380952380952,588
510,0.0591,-572.3692307692309,3.2866666666666666,4.509389671361502,71.26643192488262,867,148,4.45466664306337,235,4.682297772567409,839
511,0.0587,-593.8307692307692,3.328333333333333,4.43035107587769,71.13023782559456,891,154,3.0691960214205474,235,4.597961494903737,518
512,0.0584,-648.7076923076924,3.6191666666666666,5.091799265605875,71.75764993880048,845,142,3.110201138611666,235,5.225214198286413,134
513,0.0581,-591.276923076923,3.3466666666666667,4.600728155339806,71.08980582524272,851,153,4.697008020057659,235,4.747572815533981,198
514,0.0578,-608.5384615384617,3.3,4.481700118063754,71.17827626918536,843,141,3.3579068752399666,235,4.642688679245283,152
515,0.0574,-631.1692307692308,3.433333333333333,4.623406720741599,71.14484356894553,854,144,2.939693271333307,235,4.743055555555555,22
516,0.0571,-576.3692307692307,3.3175,4.581644815256258,70.21215733015495,840,151,3.5698156727111203,235,4.7199046483909415,85
517,0.0568,-545.2153846153847,3.29,4.482435597189696,70.45667447306792,858,159,3.050462357126344,235,4.610070257611241,421
518,0.0565,-435.5076923076923,2.4375,3.469715698393078,68.36093943139679,822,164,3.626927807819512,235,3.6007416563658836,630
519,0.0562,-456.8,2.6591666666666667,3.741573033707865,71.45568039950062,810,160,3.116117747798846,235,3.8589263420724094,620
520,0.0559,-485.2,3.065,4.219741480611046,70.4747356051704,851,164,2.5653556838163065,235,4.36075205640423,755
521,0.0556,-529.7692307692307,3.1075,4.17936694021102,70.05744431418523,846,156,2.3576927266142618,235,4.313012895662368,357
522,0.0553,-483.6923076923077,2.8266666666666667,3.8457831325301206,69.6144578313253,843,161,3.4961043403374847,235,3.972289156626506,349
523,0.0549,-470.6461538461538,2.695,3.823821339950372,69.93548387096774,812,159,4.069848049496362,235,3.9491315136476426,189
524,0.0546,-512.276923076923,2.9275,4.208536585365854,68.03170731707317,813,160,3.0559745271212013,235,4.33373934226553,98
525,0.0543,-610.0307692307692,3.5616666666666665,4.703399765533412,69.18288393903869,868,160,3.4608825090095574,235,4.842907385697538,506
526,0.054,-564.5846153846153,3.3425,4.533414337788578,70.34386391251519,825,161,4.204262309888133,235,4.654921020656136,844
527,0.0537,-518.4000000000001,3.1108333333333333,4.459222082810539,69.59347553324969,791,156,2.5541703090527297,235,4.5721455457967375,528
528,0.0534,-539.8461538461538,3.2933333333333334,4.364485981308412,71.0572429906542,853,155,3.6450791419387567,235,4.522196261682243,861
529,0.0531,-532.9692307692308,3.1158333333333332,4.250289687137891,71.19351100811124,853,157,2.9443377721758948,235,4.422943221320973,675
530,0.0529,-517.3692307692307,2.93,4.123170731707317,70.40487804878049,818,147,3.0811805280046856,235,4.260975609756097,866
531,0.0526,-556.2615384615385,3.098333333333333,4.034762456546929,71.2954808806489,865,151,5.164839572114766,235,4.184241019698725,402
532,0.0523,-517.2153846153847,3.0308333333333333,4.263546798029557,70.62068965517241,816,147,2.6163902628934697,235,4.3849938499385,484
533,0.052,-622.5692307692307,3.505,4.676300578034682,71.97341040462427,866,148,4.03733912140265,235,4.802312138728324,287
534,0.0517,-633.3076923076923,3.36,4.282782212086659,70.73774230330673,875,149,2.949904241115667,235,4.43557582668187,519
535,0.0514,-471.6461538461539,2.6675,3.8200992555831266,68.68362282878412,794,145,2.728285712845483,235,3.9540942928039704,267
536,0.0511,-537.7384615384616,2.9566666666666666,3.912485414235706,68.39206534422404,842,147,3.447523932130215,235,4.0478413068844805,256
537,0.0508,-570.0,3.0191666666666666,3.8448660714285716,68.875,897,154,3.573991048030835,235,3.982142857142857,862
538,0.0506,-500.6461538461538,2.8933333333333335,3.9601873536299768,70.096018735363,833,160,2.5111558495741737,235,4.093567251461988,786
539,0.0503,-546.876923076923,2.904166666666667,3.796709753231492,69.27849588719154,849,153,4.323416775659162,235,3.9412455934195063,710
540,0.05,-540.7538461538461,3.0616666666666665,4.243341404358354,69.93704600484261,838,152,2.8341947881111698,235,4.376513317191283,731
541,0.05,-589.5999999999999,3.325,4.482678983833718,70.74018475750577,876,149,3.3885617157464663,235,4.637413394919169,127
542,0.05,-602.8307692307693,3.1783333333333332,4.414779499404053,72.71871275327771,835,150,4.405122359130531,235,4.557806912991657,190
543,0.05,-536.0923076923077,2.9008333333333334,4.119709794437727,71.14993954050786,819,152,2.2534624318154766,235,4.258766626360338,374
544,0.05,-507.12307692307695,2.965,4.173382173382174,70.32478632478633,837,150,6.263151828495365,235,4.315018315018315,863
545,0.05,-555.3538461538462,2.9491666666666667,4.013921113689095,69.12993039443155,849,153,2.814053047741535,235,4.148491879350348,722
546,0.05,-480.13846153846157,2.7975,3.8547418967587035,70.63385354141657,829,152,3.6074240496615024,235,3.9916067146282974,107
547,0.05,-548.1846153846154,3.1975,4.238584474885845,70.78995433789954,875,151,3.4050422384128978,235,4.371004566210046,847
548,0.05,-508.12307692307684,3.0241666666666664,4.264058679706602,70.8398533007335,815,152,5.3205468745282545,235,4.41320293398533,545
549,0.05,-564.4307692307692,2.895,3.81859410430839,70.06349206349206,889,161,2.511610012971073,235,3.953514739229025,145
550,0.05,-503.98461538461544,3.194166666666667,4.229871645274212,71.49358226371062,845,159,2.5290683555357862,235,4.352392065344224,194
551,0.05,-518.0153846153845,3.0275,4.191566265060241,70.43855421686747,838,156,2.187918572434239,235,4.314457831325301,829
552,0.05,-544.8,3.0108333333333333,3.917452830188679,69.50235849056604,844,152,3.127669887642821,235,4.057783018867925,257
553,0.05,-547.0615384615385,3.0658333333333334,4.390875462392109,71.28113440197288,819,146,2.7208235373321625,235,4.523399014778325,55
554,0.05,-540.5384615384615,2.8766666666666665,4.01323706377858,71.14320096269554,851,149,3.0088588425980873,235,4.133413461538462,293
555,0.05,-502.46153846153845,2.8933333333333335,4.1048780487804875,71.57317073170732,818,151,2.721355098904366,235,4.260975609756097,737
556,0.05,-560.1384615384616,2.995,4.3182389937106915,70.38490566037736,786,152,2.7234292204029917,235,4.458542713567839,246
557,0.05,-532.9692307692308,2.9716666666666667,4.380832282471626,72.46658259773014,790,139,3.2805087971410654,235,4.546027742749054,253
558,0.05,-499.32307692307694,2.8225,3.8935128518971847,70.01835985312117,834,154,4.297809064687132,235,3.998776009791922,668
559,0.05,-431.0153846153846,2.5316666666666667,3.6159420289855073,69.64975845410628,829,170,2.5356800993862314,235,3.751207729468599,624
560,0.05,-525.2923076923078,2.8583333333333334,3.8974358974358974,71.40293040293041,820,148,2.9713468776665155,235,4.0195360195360195,823
561,0.05,-494.4153846153846,2.8716666666666666,4.038740920096853,69.14285714285714,828,162,3.1544046934724252,235,4.156174334140436,775
562,0.05,-533.6307692307693,2.8216666666666668,3.7314487632508833,68.17785630153121,847,159,2.795840874291695,235,3.8704358068315665,816
563,0.05,-513.6923076923076,3.0975,4.262334536702768,71.23104693140795,830,152,5.631466486786888,235,4.41395908543923,647
564,0.05,-490.2,2.8333333333333335,3.800236406619385,71.32151300236407,851,155,3.143313421642174,235,3.909090909090909,318
565,0.05,-502.59999999999997,2.8383333333333334,3.9263657957244655,68.6603325415677,832,158,3.2470062437204823,235,4.062945368171022,661
566,0.05,-510.0615384615385,3.013333333333333,4.240243902439024,70.9219512195122,821,151,3.07130388939459,235,4.381707317073171,781
567,0.05,-472.0769230769231,2.8308333333333335,3.846432889963724,69.87303506650544,818,157,6.352304783054795,235,3.971014492753623,504
568,0.05,-507.55384615384617,2.9166666666666665,4.117647058823529,71.51980792316927,835,154,2.814259846936974,235,4.247002398081535,592
569,0.05,-557.0461538461539,3.2625,4.4027459954233406,70.70594965675058,858,155,2.9119816557392575,235,4.550343249427917,104
570,0.05,-614.0153846153846,3.424166666666667,4.672169811320755,72.56014150943396,857,143,6.75120207671467,235,4.83372641509434,446
571,0.05,-546.3230769230769,2.9175,4.039615846338536,71.6422569027611,827,157,5.5193983601183625,235,4.192076830732293,888
572,0.05,-602.9230769230769,3.493333333333333,4.506711409395973,70.37136465324384,885,154,3.2390513594313726,235,4.670022371364653,179
573,0.05,-464.46153846153845,2.5875,3.7317676143386898,71.45859085290482,814,158,2.6496026251116898,235,3.8590852904820765,39
574,0.05,-499.2769230769231,2.8291666666666666,4.004884004884005,70.5995115995116,809,152,5.384029550305766,235,4.128205128205129,131
575,0.05,-509.38461538461536,3.0816666666666666,4.380421313506815,70.31350681536556,804,150,2.5419441096985462,235,4.514250309789343,732
576,0.05,-542.8615384615384,3.0808333333333335,3.9105145413870246,69.02125279642058,887,159,2.9459321804239287,235,4.043624161073826,534
577,0.05,-473.1230769230769,2.9833333333333334,4.335839598997493,70.01002506265664,795,162,4.10969160774236,235,4.4636591478696745,812
578,0.05,-483.6923076923077,2.9675,4.120892018779343,69.2030516431925,850,164,3.2744491787399586,235,4.240610328638498,406
579,0.05,-553.123076923077,3.111666666666667,4.249110320284697,70.0723606168446,856,151,3.9272036773759424,235,4.377224199288256,853
580,0.05,-516.9538461538461,3.091666666666667,4.352059925093633,70.04119850187266,800,164,3.4739679470143168,235,4.47565543071161,619
581,0.05,-470.7230769230769,2.8158333333333334,3.915173237753883,70.94743130227002,832,158,2.621608341893479,235,4.037037037037037,121
582,0.05,-486.61538461538464,2.9775,4.019767441860465,69.99883720930232,852,163,2.719751711202436,235,4.166279069767442,394
583,0.05,-487.69230769230774,2.9941666666666666,4.1181384248210025,70.36157517899761,846,162,2.8010785665254203,235,4.249403341288783,629
584,0.05,-508.53846153846155,2.953333333333333,3.8931116389548692,70.69002375296913,848,152,2.8409005900982796,235,4.018979833926453,662
585,0.05,-556.9076923076923,3.2866666666666666,4.315254237288135,68.82033898305085,866,160,3.261608001476031,235,4.466666666666667,469
586,0.05,-584.6153846153846,3.2116666666666664,4.5006002400960385,71.43817527010805,837,147,3.098960164983185,235,4.656662665066026,455
587,0.05,-523.8307692307692,2.9466666666666668,4.1821515892420535,69.93765281173594,827,150,2.8925473419108307,235,4.316625916870415,273
588,0.05,-523.2461538461539,3.0525,4.260240963855422,70.12409638554217,836,148,3.2050862704397587,235,4.3831325301204815,663
589,0.05,-539.2461538461539,3.0608333333333335,3.9682899207248017,70.17440543601359,875,157,2.8551154229162465,235,4.098527746319366,535
590,0.05,-589.3692307692307,3.341666666666667,4.60984393757503,71.17647058823529,822,139,3.2158330577332395,235,4.755395683453237,764
591,0.05,-509.73846153846154,2.8141666666666665,4.138107416879795,69.31713554987212,792,150,3.8584493990862407,235,4.260869565217392,495
592,0.05,-564.2461538461539,3.3225,4.635928143712575,70.59880239520957,820,150,8.148610764584967,235,4.817964071856287,460
593,0.05,-550.6307692307691,3.0775,4.378181818181818,73.47636363636363,820,146,3.0115891133101,235,4.528484848484848,851
594,0.05,-614.7538461538462,3.2375,4.573891625615763,71.5628078817734,834,149,2.822706843686489,235,4.676108374384237,295
595,0.05,-567.676923076923,3.17,4.432465923172243,70.58364312267658,802,148,2.6411801258289658,235,4.593556381660471,130
596,0.05,-493.5076923076923,2.924166666666667,4.203452527743527,70.44019728729963,818,155,2.649477068303564,235,4.331689272503082,865
597,0.05,-542.8153846153846,3.2375,4.467548076923077,71.70913461538461,821,147,3.3313582132659008,235,4.599759615384615,326
598,0.05,-550.9846153846154,2.9608333333333334,4.070133010882708,71.28053204353084,836,144,3.835692853549469,235,4.191051995163241,748
599,0.05,-608.7076923076922,3.09,4.332926829268293,70.66463414634147,831,145,3.2772519809137712,235,4.488428745432399,290
600,0.05,-603.4,3.1066666666666665,4.266824085005903,71.36717827626919,841,153,5.834454939096261,235,4.375442739079102,362
601,0.05,-515.0307692307692,2.8916666666666666,3.904358353510896,70.80266343825666,826,155,3.875497240116398,235,4.046004842615012,21
602,0.05,-650.0923076923077,3.783333333333333,4.937007874015748,69.13498312710911,903,156,7.70788640972991,235,5.087739032620922,282
603,0.05,-602.8,3.35,4.528994082840237,71.67455621301775,850,147,4.0109192710984205,235,4.655621301775148,218
604,0.05,-604.723076923077,3.35,4.65347721822542,70.87050359712231,825,143,3.1397792114445813,235,4.787769784172662,565
605,0.05,-568.0,2.890833333333333,4.06356968215159,71.05745721271394,819,146,3.408862546126792,235,4.183374083129585,292
606,0.05,-488.07692307692304,2.8125,3.973913043478261,71.04472049689441,795,160,5.373635586565664,235,4.132919254658385,432
607,0.05,-553.1384615384615,3.2125,4.26643598615917,69.17301038062284,870,162,4.5379645441848275,235,4.387543252595155,71
608,0.05,-536.3384615384615,2.925,3.9042056074766354,70.45677570093459,884,157,2.9667558913297225,235,4.0607476635514015,819
609,0.05,-558.6615384615385,2.8525,4.030264817150063,69.39596469104666,815,145,2.9424379439654986,235,4.192938209331652,96
610,0.05,-541.5384615384614,3.0633333333333335,4.251807228915663,69.52168674698795,833,152,2.4268553803524857,235,4.380722891566265,220
611,0.05,-552.676923076923,3.1966666666666668,4.424314660309893,71.35160905840286,836,151,4.03407714877362,235,4.572619047619048,450
612,0.05,-569.1846153846154,3.1675,4.295560747663552,72.1553738317757,855,146,3.809201543844655,235,4.453271028037383,177
613,0.05,-512.3692307692307,2.8758333333333335,3.9667063020214033,70.14149821640903,852,153,3.6542822711105853,235,4.084423305588585,277
614,0.05,-571.2307692307692,3.265833333333333,4.40566037735849,69.10377358490567,854,147,3.303095635496864,235,4.540094339622642,499
615,0.05,-590.4615384615385,3.24,4.470798569725864,70.53754469606675,840,149,3.170897106722148,235,4.606674612634088,538
616,0.05,-498.9846153846154,2.870833333333333,4.19672131147541,69.74022698612862,798,151,2.248773560391801,235,4.327868852459017,215
617,0.05,-560.7846153846154,2.9116666666666666,4.103658536585366,70.11341463414634,827,145,2.3116645434216987,235,4.211936662606577,745
618,0.05,-570.8461538461538,3.0683333333333334,4.492443324937028,70.5352644836272,812,146,2.891328692833476,235,4.623425692695214,776
619,0.05,-630.4769230769231,3.4633333333333334,4.567720090293454,70.1997742663657,880,147,4.348422041216139,235,4.708004509582864,222
620,0.05,-565.2769230769231,3.035,4.187721369539552,72.51829988193624,842,146,3.4988376795904848,235,4.321133412042503,411
621,0.05,-533.8461538461538,2.945,4.129110840438489,69.47990255785628,828,144,4.070452608067886,235,4.244823386114494,199
622,0.05,-626.7538461538461,3.4791666666666665,4.7964705882352945,71.04705882352941,861,144,3.063884576647473,235,4.937647058823529,415
623,0.05,-547.0923076923077,3.1891666666666665,4.31063321385902,70.27359617682198,837,154,3.645484066608466,235,4.4420549581839905,562
624,0.05,-643.4769230769231,3.618333333333333,4.643281807372176,71.87158145065398,839,146,4.375389263408271,235,4.80975029726516,825
625,0.05,-523.5076923076923,2.9391666666666665,4.087635054021608,69.50540216086435,836,154,2.156448861324468,235,4.224489795918367,733
626,0.05,-570.876923076923,3.388333333333333,4.552913198573127,71.15219976218788,845,153,3.1325755643338207,235,4.701545778834721,141
627,0.05,-512.1076923076922,2.984166666666667,4.072360616844603,69.08540925266904,845,156,2.3203174487348974,235,4.2064056939501775,576
628,0.05,-454.04615384615386,2.7108333333333334,3.7865853658536586,70.0719512195122,810,153,3.989677220325066,235,3.9341463414634146,440
629,0.05,-494.44615384615383,2.9741666666666666,4.286967418546366,69.8859649122807,799,156,2.705542135439675,235,4.4147869674185465,502
630,0.05,-469.38461538461536,2.8383333333333334,4.127064803049556,71.49428208386277,796,157,2.885157307406509,235,4.279542566709021,181
631,0.05,-451.0769230769231,2.8558333333333334,3.9471830985915495,68.5868544600939,837,166,3.4835340604769796,235,4.073856975381008,209
632,0.05,-502.03076923076924,3.1233333333333335,4.304819277108434,71.24457831325302,834,160,4.230159789501803,235,4.410843373493976,704
633,0.05,-468.8461538461538,2.714166666666667,3.9103194103194103,69.83538083538083,808,159,3.2645803565634086,235,4.063882063882064,245
634,0.05,-517.1384615384616,3.171666666666667,4.256111757857974,70.35972060535507,859,165,2.7856456710254336,235,4.372526193247963,392
635,0.05,-502.66153846153844,2.8825,4.076923076923077,71.34798534798534,816,153,3.209900087204639,235,4.224664224664225,313
636,0.05,-587.6461538461538,3.41,4.458094144661309,70.12055109070035,884,159,3.43227740223289,235,4.594718714121699,869
637,0.05,-516.2923076923078,3.129166666666667,4.285035629453682,70.91092636579573,841,157,3.4787570709647473,235,4.433491686460807,91
638,0.05,-467.0153846153846,2.8991666666666664,3.974970202622169,67.72705601907032,831,160,2.385207069388454,235,4.1299165673420735,88
639,0.05,-524.0,3.0858333333333334,4.167053364269141,70.96287703016242,867,161,4.730168747635239,235,4.286542923433875,572
640,0.05,-465.276923076923,2.7808333333333333,3.9399759903961584,70.21728691476591,827,160,2.6289964497483176,235,4.063625450180072,821
641,0.05,-542.8923076923077,3.091666666666667,4.341019417475728,70.71723300970874,833,148,2.7348981272508377,235,4.486650485436893,692
642,0.05,-511.01538461538456,3.0633333333333335,4.393382352941177,71.09436274509804,826,159,4.567941548223036,235,4.518382352941177,486
643,0.05,-597.1538461538462,3.5675,4.838973162193699,71.86464410735122,848,154,3.119612952257818,235,4.98833138856476,66
644,0.05,-548.3230769230769,3.1166666666666667,4.036363636363636,70.5965909090909,885,148,3.06682241060663,235,4.180681818181818,310
645,0.05,-542.4769230769232,3.1125,4.468905472636816,70.5223880597015,806,145,2.6970547929057442,235,4.598258706467662,409
646,0.05,-598.2615384615385,3.4608333333333334,4.861818181818182,73.07151515151516,836,151,2.929655736794994,235,4.985454545454545,226
647,0.05,-491.2,2.9125,4.234413965087282,71.85411471321696,811,149,2.236308410879081,235,4.366583541147132,461
648,0.05,-581.1384615384616,2.993333333333333,4.144910179640719,70.1245508982036,844,149,2.5531968104695846,235,4.286227544910179,835
649,0.05,-544.7538461538461,2.8566666666666665,4.045679012345679,70.26172839506172,818,143,3.4225056039613664,235,4.1987654320987655,441
650,0.05,-479.44615384615383,2.680833333333333,3.878980891719745,70.17579617834394,790,156,2.9190267258328015,235,3.9872611464968153,248
651,0.05,-516.7538461538461,3.1575,4.30023923444976,70.29425837320574,835,155,2.5299433130081463,235,4.454545454545454,187
652,0.05,-535.4769230769231,3.0408333333333335,4.1016166281755195,71.85912240184757,859,148,2.9077828720958556,235,4.211316397228638,849
653,0.05,-549.7692307692308,3.2533333333333334,4.400926998841252,72.01738122827346,875,159,2.63468491589676,235,4.536500579374276,135
654,0.05,-559.4923076923077,3.2016666666666667,4.627475247524752,70.51856435643565,810,148,2.1388190416098225,235,4.76980198019802,117
655,0.05,-597.1384615384616,3.27,4.5647482014388485,70.32134292565948,815,144,4.14524642343936,235,4.705035971223022,327
656,0.05,-612.1076923076923,3.1891666666666665,4.241418764302059,69.24713958810068,871,147,2.823337236157996,235,4.387871853546911,353
657,0.05,-633.323076923077,3.4783333333333335,4.791962174940898,70.41489361702128,839,142,3.395553319362579,235,4.92080378250591,613
658,0.05,-509.18461538461537,3.1308333333333334,4.39225181598063,71.05326876513317,832,154,3.0062825277305247,235,4.530266343825666,867
659,0.05,-545.123076923077,3.1816666666666666,4.340963855421687,69.89759036144578,831,158,3.1348481882762895,235,4.451807228915663,723
660,0.05,-571.5076923076924,2.94,4.203495630461923,69.43695380774032,791,147,3.3865089749623047,235,4.32334581772784,70
661,0.05,-526.7076923076922,3.0341666666666667,4.311970979443773,69.83555018137848,835,153,2.5784378027062957,235,4.430471584038694,870
662,0.05,-544.676923076923,3.0841666666666665,4.351851851851852,70.0037037037037,798,143,4.126902783381401,235,4.48641975308642,275
663,0.05,-594.4615384615386,3.4525,4.7377245508982035,69.86107784431138,828,154,2.7520138821475926,235,4.895808383233533,805
664,0.05,-502.36923076923074,2.819166666666667,3.8452380952380953,69.93095238095238,841,144,2.2283825226279417,235,3.982142857142857,384
665,0.05,-519.3384615384616,3.0433333333333334,4.338669950738916,71.72906403940887,815,152,3.6885067600595414,235,4.474137931034483,19
666,0.05,-525.6,3.0933333333333333,4.143356643356643,70.1048951048951,868,156,2.7111966984203426,235,4.276223776223776,419
667,0.05,-594.4615384615383,3.3808333333333334,4.720338983050848,70.50847457627118,823,146,2.5170467706913695,235,4.86319612590799,383
668,0.05,-611.8923076923077,3.5083333333333333,4.97442143727162,71.489646772229,828,147,4.242108178550957,235,5.10109622411693,604
669,0.05,-487.52307692307704,3.089166666666667,4.130938586326767,70.31402085747393,842,159,2.7954175451327967,235,4.279258400926999,838
670,0.05,-529.0461538461539,3.0525,4.122155688622755,70.31616766467066,824,146,3.7051966925236335,235,4.258682634730539,759
671,0.05,-535.9538461538461,3.1591666666666667,4.333333333333333,71.74047619047619,845,164,3.6577571656883054,235,4.454761904761905,800
672,0.05,-492.0769230769231,2.9133333333333336,4.328697850821745,70.82300884955752,796,152,5.136513738300409,235,4.4551201011378,610
673,0.05,-470.4769230769231,2.8116666666666665,3.911799761620977,70.56138259833135,837,159,3.4728314970789125,235,4.067857142857143,770
674,0.05,-520.6615384615385,3.2016666666666667,4.347877358490566,71.29716981132076,836,153,2.867103820851718,235,4.48938679245283,381
675,0.05,-525.0769230769231,2.904166666666667,4.011834319526627,70.16449704142012,856,164,3.056761003338523,235,4.14319526627219,846
676,0.05,-519.2923076923078,3.1458333333333335,4.052934407364787,69.72266973532797,881,164,3.8817042706728606,235,4.155350978135789,385
677,0.05,-550.9230769230769,3.2441666666666666,4.387323943661972,72.11267605633803,869,153,2.122711373467462,235,4.530516431924883,666
678,0.05,-638.6461538461538,3.6341666666666668,4.823325635103926,70.96997690531178,868,155,3.254760307690482,235,4.951501154734411,742
679,0.05,-632.8,3.51,4.7894736842105265,70.6877990430622,841,147,3.0626966450679967,235,4.922434367541766,678
680,0.05,-570.8307692307692,3.158333333333333,4.3422897196261685,70.06308411214954,855,154,4.089218174962162,235,4.44392523364486,322
681,0.05,-583.6153846153845,3.058333333333333,4.140096618357488,71.05555555555556,844,155,3.4438857510158956,235,4.271739130434782,175
682,0.05,-430.1230769230769,2.5633333333333335,3.7503201024327786,68.46606914212548,766,164,2.666334934947616,235,3.868286445012788,815
683,0.05,-520.7230769230769,2.9525,4.28944099378882,69.90186335403726,811,153,5.634869549683635,235,4.416149068322981,363
684,0.05,-509.07692307692304,2.9475,4.177399756986635,69.88699878493317,803,156,3.774770123760563,235,4.3037667071688945,38
685,0.05,-540.2615384615385,3.1191666666666666,4.270396270396271,70.82750582750583,851,156,3.187735052215139,235,4.433061699650756,720
686,0.05,-489.3384615384616,2.901666666666667,4.017857142857143,70.90833333333333,833,157,2.225547144619136,235,4.145238095238096,480
687,0.05,-480.9846153846154,2.845,3.9621489621489623,69.94871794871794,810,156,3.6180488903876946,235,4.113553113553113,395
688,0.05,-553.876923076923,3.275,4.3672055427251735,69.24711316397229,888,159,2.6473407540011564,235,4.502309468822171,774
689,0.05,-575.4923076923077,3.185,4.4817073170731705,71.59024390243903,844,154,5.414401811013025,235,4.61510353227771,810
690,0.05,-487.2923076923077,2.8641666666666667,4.089133089133089,69.21611721611721,825,162,2.4124843629762247,235,4.22954822954823,247
691,0.05,-462.20000000000005,2.660833333333333,3.7747858017135862,70.52509179926561,812,157,4.789739192407644,236,3.913096695226438,123
692,0.05,-481.53846153846155,2.745833333333333,3.991025641025641,70.3423076923077,791,160,3.5156125666327442,236,4.101282051282051,97
693,0.05,-554.9538461538461,3.4633333333333334,4.729824561403508,70.51929824561404,849,156,2.7494343585257477,236,4.88421052631579,573
694,0.05,-492.1538461538462,2.7608333333333333,3.799037304452467,69.38628158844766,825,156,3.680778962847258,236,3.944645006016847,739
695,0.05,-476.6461538461538,2.8566666666666665,3.964071856287425,69.80838323353294,835,161,2.0145364758931765,236,4.097005988023952,817
696,0.05,-488.7076923076923,3.0091666666666668,4.339045287637699,71.20563035495717,803,152,5.322483921467431,236,4.451652386780906,35
697,0.05,-521.1538461538462,3.045,3.9825174825174825,70.33566433566433,858,158,2.933160427410878,236,4.153846153846154,341
698,0.05,-469.66153846153844,2.6475,3.758282208588957,69.86012269938651,808,159,2.1556755836378603,236,3.878527607361963,396
699,0.05,-537.6461538461539,3.24,4.131073446327684,70.24293785310735,893,155,2.8162604179050534,236,4.2686230248307,128
700,0.05,-497.30769230769226,2.8775,3.94792899408284,71.3775147928994,838,154,2.055927206022355,236,4.127810650887574,445
701,0.05,-516.5076923076923,3.055,4.4325,71.07625,816,154,2.393150557323943,236,4.545,36
702,0.05,-548.8000000000001,3.276666666666667,4.458333333333333,71.11904761904762,841,157,2.833317097684332,236,4.610714285714286,655
703,0.05,-525.1076923076923,3.0941666666666667,4.29236276849642,70.52386634844869,833,156,3.2389573906793103,236,4.443914081145585,797
704,0.05,-481.36923076923074,2.8916666666666666,4.193069306930693,71.02475247524752,811,156,2.533540630755442,236,4.330445544554456,878
705,0.05,-552.7076923076922,3.174166666666667,4.600991325898389,71.21561338289963,806,151,4.240259680779639,236,4.748451053283767,684
706,0.05,-484.86153846153854,2.9008333333333334,3.8516801853997684,71.29663962920047,856,159,2.830111890986739,236,4.015063731170336,202
707,0.05,-578.5692307692308,3.3433333333333333,4.658566221142163,72.63791008505468,817,152,3.6039847191791905,236,4.792223572296476,785
708,0.05,-469.2923076923077,2.725,3.712121212121212,69.15384615384616,847,159,3.149449497490081,236,3.843822843822844,93
709,0.05,-520.2615384615385,3.0633333333333335,4.277575757575757,69.33454545454545,822,157,3.9390599361081917,236,4.402424242424242,99
710,0.05,-562.876923076923,3.283333333333333,4.446407538280329,72.00235571260306,853,157,2.799609660938903,236,4.5924617196702,0
711,0.05,-504.2615384615384,3.013333333333333,4.173754556500607,71.62940461725395,821,155,2.209812639611149,236,4.328068043742406,243
712,0.05,-495.44615384615383,2.9833333333333334,4.143028846153846,71.26322115384616,834,164,2.5057559004801857,236,4.287259615384615,549
713,0.05,-520.2461538461539,2.9633333333333334,4.2100737100737105,71.0036855036855,821,149,3.23294935553847,236,4.337837837837838,25
714,0.05,-495.70769230769224,3.0708333333333333,4.377639751552795,70.73664596273292,813,166,2.4935099570074826,236,4.51055900621118,438
715,0.05,-517.4153846153846,3.0225,4.042959427207637,69.34606205250597,845,162,3.077924644884253,236,4.205250596658711,114
716,0.05,-537.6,3.1925,4.352941176470588,69.6266506602641,847,161,2.6790020827515084,236,4.490996398559424,473
717,0.05,-462.4769230769231,2.799166666666667,4.044609665427509,69.72986369268897,796,155,2.5428153344935716,236,4.163568773234201,857
718,0.05,-506.41538461538465,3.0208333333333335,4.109026963657679,70.65181711606097,853,154,2.5983954385123447,236,4.243845252051583,627
719,0.05,-516.123076923077,2.9341666666666666,4.264175257731959,70.99871134020619,769,149,2.3115040646253315,236,4.377577319587629,864
720,0.05,-503.0923076923077,2.796666666666667,3.7940828402366864,68.41183431952663,840,157,2.685162968347533,236,3.919526627218935,571
721,0.05,-484.6769230769231,2.71,3.85,70.2890243902439,811,150,2.856846610872122,236,3.9683313032886725,274
722,0.05,-516.4307692307692,3.0925,4.250302297460701,68.72067714631197,813,163,3.932750527173293,236,4.385731559854897,831
723,0.05,-488.0615384615385,2.9008333333333334,4.01061320754717,69.55188679245283,840,159,2.7581189419757703,236,4.188679245283019,476
724,0.05,-540.1538461538462,2.9025,4.147058823529412,71.43382352941177,809,152,2.5785611693572625,236,4.286764705882353,673
725,0.05,-582.7538461538461,3.1433333333333335,4.144,69.73828571428571,881,158,5.725215979488694,236,4.314285714285714,765
726,0.05,-599.1076923076923,3.3975,4.475169300225733,71.48758465011286,864,154,3.4622624648032425,236,4.643742953776775,691
727,0.05,-509.6615384615385,2.9183333333333334,4.235367372353673,71.27023661270236,803,149,2.865799071255174,236,4.359900373599004,741
728,0.05,-453.1384615384615,2.5008333333333335,3.5135802469135804,68.5962962962963,804,160,2.2999676240055957,236,3.6382716049382715,517
729,0.05,-567.6923076923077,3.3016666666666667,4.6035928143712574,69.65748502994012,836,162,2.73992158122186,236,4.731736526946108,644
730,0.05,-484.4461538461539,2.904166666666667,3.962918660287081,70.73086124401914,850,159,3.06757888784864,236,4.0933014354066986,698
731,0.05,-530.3230769230769,2.8875,3.990255785627284,69.40194884287455,818,155,3.3865990609403407,236,4.114355231143552,738
732,0.05,-571.7846153846154,3.345,4.675903614457831,69.40361445783132,826,156,5.190233060882136,236,4.82289156626506,356
733,0.05,-590.4461538461537,3.1166666666666667,4.391941391941392,70.84859584859585,815,137,2.537933954148453,236,4.519512195121951,594
734,0.05,-603.9538461538461,3.4158333333333335,4.518475750577367,70.20092378752886,885,149,2.9889453618275024,236,4.633949191685912,404
735,0.05,-574.1076923076923,3.1733333333333333,4.120591581342435,70.26052332195677,882,151,2.6417592953633204,236,4.285551763367463,475
736,0.05,-614.7384615384615,3.77,4.866817155756208,71.15237020316027,889,145,3.0232624667734957,236,5.039503386004514,601
737,0.05,-567.6153846153846,3.368333333333333,4.502358490566038,70.22169811320755,858,156,5.026545926549805,236,4.616745283018868,671
738,0.05,-537.4153846153846,2.9525,4.144607843137255,71.98039215686275,818,147,3.4882167042815215,236,4.2745098039215685,116
739,0.05,-533.4769230769231,2.8966666666666665,3.885111371629543,70.31887456037515,849,154,2.3843991191555207,236,4.0175849941383355,686
740,0.05,-585.3846153846155,3.07,4.314009661835748,70.71014492753623,833,148,4.294432976259524,236,4.42512077294686,458
741,0.05,-627.8923076923077,3.5175,4.898428053204353,72.41958887545344,828,152,3.079107860768155,236,5.012091898428054,579
742,0.05,-508.32307692307694,2.9266666666666667,4.043269230769231,70.55048076923077,834,156,5.6702131683112205,236,4.199279711884754,241
743,0.05,-557.9076923076923,3.2075,4.407582938388626,71.63270142180095,851,149,2.9747650877302534,236,4.558056872037914,236
744,0.05,-526.4153846153846,3.0141666666666667,4.259615384615385,70.88701923076923,830,156,2.3113543248708033,236,4.405048076923077,74
745,0.05,-482.12307692307695,2.8866666666666667,3.970273483947681,69.44946492271106,844,168,3.11980232235009,236,4.11652794292509,625
746,0.05,-528.2461538461539,3.06,4.211722488038277,70.32177033492823,812,147,2.528559004428045,236,4.3345280764635605,463
747,0.05,-572.5076923076923,3.1341666666666668,4.345410628019324,71.33091787439614,836,147,2.471864962678751,236,4.4770531400966185,468
748,0.05,-578.7846153846153,3.3358333333333334,4.578698224852071,70.93727810650887,840,146,3.033711908592836,236,4.740828402366864,139
749,0.05,-521.5230769230769,3.1041666666666665,4.401234567901234,69.81234567901235,820,157,3.600572787049422,236,4.55679012345679,459
750,0.05,-541.6153846153845,2.848333333333333,3.9829476248477467,70.72716199756394,818,150,3.7115224734368972,236,4.116930572472595,442
751,0.05,-537.6461538461539,3.2308333333333334,4.53125,72.38701923076923,813,150,2.8639637695915106,236,4.6875,833
752,0.05,-506.96923076923076,2.7741666666666664,3.764004767580453,69.77592371871275,829,147,2.845810869378189,236,3.9165673420738973,593
753,0.05,-636.323076923077,3.296666666666667,4.321709786276715,69.82002249718785,876,148,2.646930927719321,236,4.456692913385827,136
754,0.05,-522.3384615384616,2.8775,4.024271844660194,69.81432038834951,824,150,2.922218406121034,236,4.183252427184466,773
755,0.05,-586.723076923077,3.285833333333333,4.636363636363637,72.04121212121213,840,149,2.476139178352322,236,4.785454545454545,122
756,0.05,-620.0923076923077,3.5033333333333334,4.614334470989761,71.28782707622298,870,146,2.383325767054557,236,4.774744027303754,278
757,0.05,-663.8000000000001,3.855,5.078071182548794,68.80137772675086,861,150,2.6547672752378175,236,5.2388059701492535,115
758,0.05,-694.1076923076923,3.6425,5.0119760479041915,71.5065868263473,828,132,4.250584944902228,236,5.147305389221557,95
759,0.05,-624.0153846153846,3.4091666666666667,4.508551881413911,71.02166476624858,867,138,3.895352922022746,236,4.635119726339795,437
760,0.05,-642.1076923076923,3.2916666666666665,4.520286396181384,69.44868735083533,843,142,2.6565482595300383,236,4.621718377088306,41
761,0.05,-596.3846153846155,3.3366666666666664,4.577430972388956,69.70708283313326,833,147,5.257389309821544,236,4.7250900360144055,48
762,0.05,-553.7692307692308,3.075,4.340963855421687,72.53132530120482,826,146,3.028777437669584,236,4.469314079422382,163
763,0.05,-546.1846153846154,3.0408333333333335,4.259532595325953,71.56580565805658,823,146,2.5776289922342337,236,4.39360393603936,138
764,0.05,-572.6153846153846,3.1308333333333334,4.180365296803653,70.37100456621005,872,149,3.8791237121519577,236,4.342465753424658,454
765,0.05,-547.6615384615385,3.0741666666666667,4.2235576923076925,71.06370192307692,830,148,3.9677399202483388,236,4.384615384615385,581
766,0.05,-533.9076923076923,2.9483333333333333,3.9449101796407184,69.7868263473054,830,152,2.662541843531359,236,4.0802395209580835,9
767,0.05,-574.4769230769231,3.285,4.6225,69.6525,796,158,2.0583015475326056,236,4.7325,57
768,0.05,-481.9230769230769,2.6933333333333334,4.021907216494846,70.9729381443299,791,148,3.6414821697405166,236,4.14819587628866,205
769,0.05,-515.0461538461539,2.9075,4.078720787207872,70.89052890528906,832,146,3.596658750959544,236,4.201722017220172,713
770,0.05,-479.73846153846154,2.7533333333333334,3.8174019607843137,70.30392156862744,814,148,3.4625097126649766,236,3.9375,56
771,0.05,-572.1384615384616,3.078333333333333,4.551856594110116,72.24199743918054,789,141,2.4438554233875194,236,4.702944942381562,302
772,0.05,-534.9846153846154,3.1966666666666668,4.434730538922156,70.362874251497,848,154,2.140630604788369,236,4.566467065868263,307
773,0.05,-495.3692307692308,2.79,4.016089108910891,68.5878712871287,809,152,3.339102479858856,236,4.1361386138613865,297
774,0.05,-544.7384615384616,3.160833333333333,4.384431137724551,70.67904191616766,833,148,2.5871890141557907,236,4.516167664670658,140
775,0.05,-539.5076923076923,3.205,4.521739130434782,71.07826086956521,807,144,2.9119030290093475,236,4.643478260869565,795
776,0.05,-570.2461538461538,3.1433333333333335,4.3525872442839955,70.86642599277978,835,152,2.4060606790102153,236,4.492178098676294,521
777,0.05,-487.10769230769233,2.8141666666666665,3.777262180974478,69.66357308584686,874,153,4.134744328366303,236,3.9245939675174015,17
778,0.05,-586.0923076923077,3.23,4.736443883984868,69.93947036569988,782,141,2.8552542214967924,236,4.894073139974779,494
779,0.05,-550.8153846153846,3.055833333333333,4.422166874221669,68.87795765877958,805,149,3.175223021956126,236,4.550435865504359,31
780,0.05,-592.1384615384616,3.2725,4.461181923522596,69.81575898030127,855,162,3.4990185168420314,236,4.609501738122828,147
781,0.05,-559.5538461538463,2.9675,4.160891089108911,70.89232673267327,807,144,2.4968544994076303,236,4.288366336633663,680
782,0.05,-517.6,2.8241666666666667,4.067584480600751,68.14518147684606,808,157,2.8181986459898383,236,4.215269086357948,30
783,0.05,-570.9692307692308,3.4158333333333335,4.696341463414634,71.7329268292683,832,150,2.3599440087409707,236,4.84390243902439,567
784,0.05,-541.4769230769232,3.0116666666666667,4.1370023419203745,68.63934426229508,827,155,2.5430025255180455,236,4.291569086651054,470
785,0.05,-515.1384615384616,3.0608333333333335,4.333333333333333,71.42131350681537,800,148,1.9913060426546592,236,4.489467162329616,514
786,0.05,-578.4307692307691,3.430833333333333,4.629761904761905,70.16547619047618,837,151,4.129174000376966,236,4.753571428571429,101
787,0.05,-520.5692307692308,3.11,4.3496932515337425,72.22944785276074,802,155,2.551125295425533,236,4.499386503067485,331
788,0.05,-535.6461538461538,3.1433333333333335,4.25764705882353,71.75529411764705,846,153,2.935675436591333,236,4.367058823529412,15
789,0.05,-527.9846153846154,3.075833333333333,4.431901840490798,71.920245398773,806,152,3.377507466556594,236,4.570552147239264,456
790,0.05,-434.8769230769231,2.720833333333333,3.7315914489311166,68.46080760095012,854,164,2.116149085682478,236,3.8598574821852734,652
791,0.05,-464.2769230769231,2.7616666666666667,3.60849598163031,69.64293915040184,866,160,3.1857077747845683,236,3.7278989667049367,159
792,0.05,-499.67692307692306,2.8475,3.8994011976047904,71.38203592814371,849,160,2.122382230378746,236,4.076646706586827,191
793,0.05,-518.1846153846154,3.1683333333333334,4.232748538011696,71.15204678362574,856,161,2.378743176163727,236,4.381286549707602,110
794,0.05,-515.6461538461539,3.0608333333333335,4.207142857142857,70.91428571428571,851,155,4.5157937438474365,236,4.341260404280618,507
795,0.05,-563.3384615384616,3.08,4.314039408866995,69.15270935960591,816,152,3.4185218301004716,236,4.451970443349754,178
796,0.05,-605.8,3.1783333333333332,4.5049504950495045,71.30445544554455,812,144,3.2868271665610616,236,4.633663366336633,707
797,0.05,-567.8615384615384,3.26,4.604651162790698,71.97674418604652,822,145,4.194968903834341,236,4.7368421052631575,580
798,0.05,-555.9384615384615,2.756666666666667,3.8911729141475213,69.45828295042321,824,148,2.53387042771717,236,4.008464328899637,709
799,0.05,-533.4769230769231,2.9475,4.014251781472684,69.91567695961996,844,155,3.27749911252002,236,4.166270783847981,254
800,0.05,-540.8307692307692,2.9383333333333335,4.150602409638554,69.6433734939759,824,150,4.886484693866214,236,4.281588447653429,515
801,0.05,-510.63076923076926,2.966666666666667,4.002331002331002,70.22727272727273,859,152,3.078923756758993,236,4.106060606060606,405
802,0.05,-536.9230769230769,3.0741666666666667,4.092723004694836,70.20539906103286,850,152,3.139938727459857,236,4.27112676056338,771
803,0.05,-532.6461538461539,2.9741666666666666,4.055952380952381,68.69285714285714,851,156,2.394151677481715,236,4.205952380952381,578
804,0.05,-591.2769230769231,3.1466666666666665,4.52618135376756,72.27330779054917,804,143,2.278492897948933,236,4.656449553001277,767
805,0.05,-558.5076923076923,3.1975,4.516811955168119,71.37982565379825,815,150,2.491003590743334,236,4.628891656288917,591
806,0.05,-458.13846153846157,2.6733333333333333,3.9624352331606216,68.6761658031088,768,152,4.297468272666593,236,4.076326002587322,751
807,0.05,-574.0923076923077,3.0741666666666667,4.222222222222222,69.98924731182795,833,152,3.332552593549679,236,4.360812425328555,703
808,0.05,-634.3846153846154,3.6333333333333333,4.9504716981132075,70.87617924528301,853,147,2.7082987218241623,236,5.080188679245283,840
809,0.05,-530.1846153846154,2.995,4.0593713620488945,69.67753201396974,864,156,2.8965061077467715,236,4.2107101280558785,768
810,0.05,-551.3846153846154,3.0591666666666666,4.069086651053865,69.28454332552693,872,154,3.115523809976906,236,4.19766081871345,315
811,0.05,-567.4769230769231,3.254166666666667,4.583333333333333,71.47549019607843,815,145,2.4874695830234073,236,4.716911764705882,430
812,0.05,-496.3230769230769,2.993333333333333,4.159090909090909,70.73086124401914,816,152,3.827996643481839,236,4.324162679425838,852
813,0.05,-584.5076923076924,3.3008333333333333,4.370328425821064,72.47451868629672,870,148,4.720595532145729,236,4.532276330690827,78
814,0.05,-606.2307692307693,3.408333333333333,4.474460839954597,71.12712826333711,875,148,3.223704725416588,236,4.624290578887628,836
815,0.05,-497.44615384615383,2.944166666666667,4.06144578313253,69.65903614457831,814,153,3.51240518656038,236,4.18892900120337,422
816,0.05,-549.8461538461538,3.0091666666666668,4.262773722627737,71.45255474452554,825,145,5.083685109600882,236,4.407542579075426,687
817,0.05,-505.6307692307692,2.72,3.9395109395109396,69.87644787644787,788,149,3.3895944499021287,236,4.064350064350064,203
818,0.05,-510.13846153846157,2.7325,3.900373599003736,68.72727272727273,804,153,2.704950250148638,236,4.062266500622665,876
819,0.05,-530.7846153846153,2.966666666666667,4.282527881040892,71.4361833952912,803,144,4.601343106159656,236,4.431226765799257,90
820,0.05,-552.3538461538462,3.2441666666666666,4.36140350877193,70.90643274853801,858,152,3.1507065844590794,236,4.497076023391813,754
821,0.05,-529.3692307692307,2.7158333333333333,3.8222222222222224,71.95185185185186,817,146,3.344897138026121,236,3.94320987654321,556
822,0.05,-571.8,3.1125,4.385085574572127,71.83129584352078,822,142,3.2699498683928416,236,4.539119804400978,154
823,0.05,-490.70769230769224,2.950833333333333,3.8587570621468927,67.82372881355933,876,167,2.7221736461673074,236,3.995480225988701,358
824,0.05,-519.8,2.8733333333333335,4.195954487989886,69.07206068268015,778,141,2.5361564614022525,236,4.312262958280657,516
825,0.05,-563.3076923076923,3.1591666666666667,4.474327628361858,70.78484107579462,810,138,2.3251130968339937,236,4.6129426129426125,47
826,0.05,-500.7076923076923,2.9125,4.041013268998793,69.96622436670688,827,156,2.3383887103388927,236,4.168878166465621,487
827,0.05,-549.876923076923,2.8308333333333335,3.9526699029126213,69.99878640776699,833,150,2.7346907250159767,236,4.077669902912621,285
828,0.05,-508.9538461538462,2.888333333333333,3.9915254237288136,70.89346246973366,836,149,3.0929606242795633,236,4.13317191283293,195
829,0.05,-592.2307692307693,3.558333333333333,4.710280373831775,70.44976635514018,858,151,2.462811979534557,236,4.844807467911319,637
830,0.05,-538.323076923077,3.165,4.282532239155921,70.49706916764362,847,147,3.983639764002626,236,4.436107854630715,305
831,0.05,-582.2769230769231,3.1241666666666665,4.2567726737338045,70.55594817432274,850,140,2.7666529868852927,236,4.393404004711425,889
832,0.05,-565.0153846153846,3.2716666666666665,4.48090692124105,70.91766109785203,837,150,2.7199200157842616,236,4.616945107398568,761
833,0.05,-557.8153846153846,3.1275,4.433414043583535,70.65133171912834,817,153,3.7658757805616747,236,4.561743341404358,607
834,0.05,-575.0615384615385,3.3466666666666667,4.4907407407407405,70.96643518518519,861,153,4.041693546956253,236,4.640462427745665,10
835,0.05,-455.6307692307692,2.8025,3.9817739975698663,69.7764277035237,828,160,2.9502519854534186,236,4.123936816524909,898
836,0.05,-503.13846153846157,2.8733333333333335,3.929678188319428,69.18235995232419,852,153,3.4087787034772603,236,4.054761904761905,157
837,0.05,-522.2769230769231,3.1658333333333335,4.399289099526066,68.78791469194313,844,163,2.5399153008306805,236,4.541469194312796,725
838,0.05,-513.8,3.075833333333333,4.4425,71.415,790,153,2.691140746406862,236,4.585,858
839,0.05,-546.2,3.0766666666666667,4.150401836969001,71.11251435132033,852,152,2.994066485958125,236,4.284730195177956,550
840,0.05,-498.7384615384615,2.828333333333333,3.8271461716937356,68.65429234338747,864,162,2.5337664385854315,236,3.9501160092807424,873
841,0.05,-446.33846153846156,2.7116666666666664,3.783980582524272,71.4866504854369,830,159,2.110979623554759,236,3.9138349514563107,696
842,0.05,-559.123076923077,3.283333333333333,4.329558323895809,71.10419026047565,879,155,2.7680949454439094,236,4.463800904977376,76
843,0.05,-496.2615384615384,2.9483333333333333,4.044100119189511,70.09296781883194,842,151,3.025920471266658,236,4.188319427890345,311
844,0.05,-512.4923076923077,2.9183333333333334,4.168498168498169,70.57631257631257,826,154,2.139702817120832,236,4.290243902439024,350
845,0.05,-547.9692307692308,2.901666666666667,4.101449275362318,71.32367149758454,831,154,2.4210438265704144,236,4.23792270531401,417
846,0.05,-486.4153846153846,2.901666666666667,4.203495630461923,69.99875156054931,788,154,3.5859853479365906,236,4.3283395755305865,807
847,0.05,-560.9076923076923,3.4341666666666666,4.598615916955017,71.59746251441753,855,158,2.630084188713756,236,4.745098039215686,855
848,0.05,-533.4307692307692,3.0641666666666665,4.266666666666667,71.06181818181818,831,155,2.305114984685648,236,4.3975757575757575,639
849,0.05,-549.8461538461538,2.986666666666667,4.26,69.3875,788,150,2.353433129893009,236,4.3775,390
850,0.05,-537.2615384615384,3.2308333333333334,4.427872860635697,70.22493887530563,816,148,4.287796840906375,236,4.548899755501222,820
851,0.05,-516.1384615384616,2.9808333333333334,4.05978898007034,70.37866354044549,851,152,3.260040479363703,236,4.205158264947245,371
852,0.05,-586.6923076923076,3.2083333333333335,4.665825977301387,72.25598991172761,815,143,3.4206619354335457,236,4.78562421185372,14
853,0.05,-605.8461538461538,3.4758333333333336,4.630057803468208,71.2092485549133,848,137,4.8754622715943485,236,4.789595375722543,743
854,0.05,-595.6615384615384,3.3566666666666665,4.567786790266513,70.7369640787949,844,148,4.339930290682146,236,4.73117033603708,265
855,0.05,-510.1846153846153,3.035,4.25669099756691,70.67639902676399,832,159,3.7629703730815667,236,4.371046228710462,541
856,0.05,-533.3846153846154,3.0508333333333333,4.461731493099122,70.96235884567126,793,146,3.0780242972528393,236,4.5959849435382685,317
857,0.05,-441.5692307692308,2.5416666666666665,3.5939086294416245,69.29695431472081,797,158,3.2253971042779783,236,3.7106598984771573,359
858,0.05,-621.6153846153846,3.4675,4.669064748201439,70.47002398081534,846,142,2.4347026136188217,236,4.800959232613909,762
859,0.05,-562.5999999999999,3.3341666666666665,4.552168815943728,70.71277842907385,876,157,2.7865256258170024,236,4.674091441969519,884
860,0.05,-541.2923076923078,3.033333333333333,4.242014742014742,71.80835380835381,832,153,3.548372071937401,236,4.41031941031941,453
861,0.05,-544.0615384615385,3.0991666666666666,4.407361963190184,71.4159509202454,813,141,2.6435346811539553,236,4.528834355828221,621
862,0.05,-536.0769230769231,2.96,4.021556886227545,72.22874251497007,849,148,3.439816658462055,236,4.158083832335329,332
863,0.05,-507.4307692307692,2.8516666666666666,3.9485645933014353,69.61363636363636,827,153,3.074302598243381,236,4.066905615292712,697
864,0.05,-536.1384615384616,3.0325,4.341943419434195,70.58917589175891,826,155,4.294165220939523,236,4.4575645756457565,705
865,0.05,-526.4769230769231,2.8125,3.945717732207479,69.83835946924005,847,154,2.8191849555669966,236,4.086851628468033,827
866,0.05,-515.4615384615385,2.888333333333333,4.054631828978622,68.52256532066508,834,157,3.564833993822089,236,4.180522565320665,269
867,0.05,-500.84615384615387,3.046666666666667,4.246690734055355,69.26233453670277,823,152,2.7519426426873896,236,4.412755716004813,552
868,0.05,-499.16923076923075,2.96,4.441677588466579,72.30668414154653,777,150,4.705235143892516,236,4.600262123197903,149
869,0.05,-543.2769230769231,3.3491666666666666,4.6080283353010625,71.68713105076742,853,155,2.879790527913296,236,4.740259740259741,148
870,0.05,-516.6923076923076,3.015833333333333,4.166468489892985,69.34244946492271,846,153,3.000544440059095,236,4.316290130796671,344
871,0.05,-560.8923076923077,2.964166666666667,4.142156862745098,69.86029411764706,846,153,3.4807352738035946,236,4.261029411764706,79
872,0.05,-569.1846153846153,3.3733333333333335,4.554899645808737,72.26918536009445,854,153,2.59009219730971,236,4.710743801652892,672
873,0.05,-552.7846153846153,3.1158333333333332,4.3432098765432094,71.3,804,154,3.355397174179594,236,4.4716049382716045,585
874,0.05,-490.0,2.895,3.927725118483412,70.23459715639811,860,162,2.4988758065712835,236,4.050947867298579,270
875,0.05,-605.1076923076923,3.2933333333333334,4.599755201958384,72.01958384332926,809,146,3.253429635719855,236,4.751529987760098,330
876,0.05,-570.6461538461538,3.3133333333333335,4.339470655926352,71.51783659378596,873,153,4.332100875559033,236,4.481012658227848,609
877,0.05,-582.2,3.0975,4.2485065710872165,69.01553166069296,840,148,3.251018854326316,236,4.382317801672641,303
878,0.05,-566.1846153846154,3.3658333333333332,4.505760368663594,71.40783410138249,872,152,2.6551912780593985,236,4.649769585253456,848
879,0.05,-522.1076923076923,2.9908333333333332,4.187424425634824,67.87908101571946,823,150,2.2998525955559534,236,4.327690447400242,272
880,0.05,-622.3384615384615,3.4358333333333335,4.788849347568209,71.61447212336893,833,142,2.9296657759038633,236,4.918149466192171,424
881,0.05,-449.5692307692308,2.5808333333333335,3.7276119402985075,68.7226368159204,812,152,3.779914553232995,236,3.8718905472636815,669
882,0.05,-573.0461538461539,3.1758333333333333,4.3850710900473935,70.35308056872037,847,149,4.659219853183509,236,4.515402843601896,8
883,0.05,-556.5538461538462,3.158333333333333,4.552763819095477,70.76381909547739,803,144,2.7724966652874365,236,4.675879396984925,255
884,0.05,-582.9692307692308,3.3233333333333333,4.416267942583732,70.70454545454545,841,151,2.5622597463967383,236,4.577751196172249,818
885,0.05,-498.4307692307692,2.7808333333333333,3.8967587034813924,69.95438175270108,837,153,2.397825183401381,236,4.01920768307323,582
886,0.05,-437.84615384615387,2.4908333333333332,3.6215538847117794,67.93483709273183,801,155,2.669927428193514,236,3.7606516290726817,289
887,0.05,-496.55384615384617,2.796666666666667,4.036269430051814,69.9261658031088,791,153,2.1769310302640728,236,4.170984455958549,794
888,0.05,-535.8923076923077,2.99,4.166868198307134,69.66505441354293,840,152,3.394642867868625,236,4.295042321644498,482
889,0.05,-434.46153846153845,2.5125,3.32438739789965,68.7024504084014,854,166,2.6036375554452964,236,3.4655775962660442,59
890,0.05,-458.79999999999995,2.7191666666666667,3.8260340632603405,68.61678832116789,810,154,3.5549584445220526,236,3.9695863746958637,263
891,0.05,-615.8153846153846,3.283333333333333,4.70060606060606,70.90545454545455,802,142,3.9797142796646416,236,4.87030303030303,144
892,0.05,-508.61538461538464,2.703333333333333,3.889578163771712,68.863523573201,814,144,3.605018387650396,236,4.008684863523573,782
893,0.05,-587.123076923077,3.424166666666667,4.573394495412844,71.98279816513761,879,148,2.826701541376924,236,4.692660550458716,569
894,0.05,-581.3846153846154,3.2066666666666666,4.470446320868517,71.54523522316043,836,146,2.6196959779167286,236,4.635705669481303,804
895,0.05,-544.0153846153846,3.2308333333333334,4.529553679131483,69.50904704463208,832,153,2.614086808931099,236,4.669481302774427,711
896,0.05,-519.876923076923,2.9141666666666666,3.9740259740259742,69.40377804014167,826,159,2.761541038212829,236,4.114521841794569,54
897,0.05,-529.0923076923077,2.9858333333333333,4.03169014084507,71.34741784037558,840,154,2.1338894001074236,236,4.185446009389671,261
898,0.05,-569.5692307692308,3.5808333333333335,4.691142191142191,70.7937062937063,869,160,3.0517781934314194,236,4.835855646100116,659
899,0.05,-486.03076923076924,2.7616666666666667,3.835322195704057,72.3400954653938,846,151,2.681833534805788,236,3.9582338902147973,760
