episode,epsilon,total_reward,avg_queue,avg_wait_s,avg_travel_s,throughput,switches,td_loss,q_table_states,avg_delay_s,traffic_seed
0,1.0,-1148.7230769230769,5.4275,9.593333333333334,76.80833333333334,597,126,18.17791551848336,76,9.69,769
1,0.9945,-880.7076923076922,3.9833333333333334,8.284697508896798,73.65124555160142,558,132,8.198845002238528,95,8.355871886120996,403
2,0.989,-765.1384615384616,3.82,7.796028880866426,72.99458483754513,570,139,7.193711737446541,107,7.862815884476534,747
3,0.9835,-1054.1538461538462,4.340833333333333,8.81338028169014,73.24295774647888,575,131,10.557056479564631,114,8.897887323943662,103
4,0.9781,-925.3230769230769,4.543333333333333,8.597087378640778,72.73462783171522,620,139,6.8471729965297445,116,8.718446601941748,100
5,0.9726,-1106.8615384615387,4.788333333333333,9.24,72.71166666666667,617,137,10.93923831182774,124,9.336666666666666,281
6,0.9673,-895.4307692307691,4.299166666666666,8.106135986733001,72.28192371475953,603,132,5.3518772307409925,126,8.202321724709785,155
7,0.9619,-966.6153846153846,3.6791666666666667,7.320557491289199,71.47038327526133,570,139,13.286899554950061,129,7.414634146341464,235
8,0.9566,-914.8153846153846,4.376666666666667,8.714285714285714,74.66202090592334,569,133,5.974200070261266,131,8.79965156794425,682
9,0.9513,-940.0461538461539,4.456666666666667,9.127340823970037,75.30711610486891,540,135,6.413659157003538,131,9.196629213483146,891
10,0.946,-792.3538461538462,3.5366666666666666,7.567877629063098,74.80114722753346,527,133,5.583922664707076,133,7.644359464627151,11
11,0.9408,-894.0923076923077,4.100833333333333,8.603669724770642,72.27889908256881,553,129,5.4258627155309265,134,8.711926605504587,444
12,0.9356,-742.3384615384615,3.359166666666667,6.905187835420394,72.52236135957067,560,126,6.089776119564814,138,6.991055456171735,653
13,0.9304,-650.2153846153847,3.2183333333333333,6.85451197053407,70.35727440147329,544,137,4.328347470223798,138,6.9373848987108655,856
14,0.9253,-820.1076923076923,3.7683333333333335,7.305410122164049,71.38394415357766,559,134,5.5824103370903915,141,7.389179755671902,237
15,0.9202,-826.3999999999999,3.7075,7.721631205673759,73.26418439716312,552,137,5.727791401979552,142,7.815602836879433,233
16,0.9151,-814.9076923076923,3.7691666666666666,7.752196836555361,70.86115992970123,568,135,6.12261738928492,144,7.836555360281195,142
17,0.91,-806.5230769230769,3.7283333333333335,7.659090909090909,73.87237762237763,566,133,5.808748315171549,145,7.751748251748252,485
18,0.905,-815.6923076923076,3.7908333333333335,8.03063063063063,71.87207207207207,547,137,5.256132688737709,145,8.131531531531532,886
19,0.9,-816.1076923076923,3.9683333333333333,7.534391534391534,69.62081128747795,561,139,6.544943512716561,148,7.608465608465608,531
20,0.895,-944.3692307692307,3.8975,7.865619546247818,72.26178010471205,585,130,7.620219855974779,148,7.952879581151833,251
21,0.89,-863.676923076923,4.16,8.291808873720136,74.19283276450511,581,136,7.24075874754631,148,8.378839590443686,623
22,0.8851,-732.1846153846154,3.5725,7.652336448598131,73.74953271028038,540,137,4.71337978194993,149,7.745794392523364,173
23,0.8802,-910.7384615384615,4.281666666666666,8.012903225806452,74.16451612903226,617,135,8.181543338843856,153,8.109677419354838,391
24,0.8753,-801.6,3.8758333333333335,7.083617747440273,72.38907849829351,590,142,6.57971137117584,153,7.177474402730375,105
25,0.8705,-752.3692307692309,3.5425,7.355595667870036,70.32490974729242,557,131,5.682870891428434,154,7.444043321299639,822
26,0.8657,-651.5230769230769,2.890833333333333,6.085766423357664,70.08576642335767,550,136,4.891818803396003,154,6.180656934306569,286
27,0.8609,-872.9846153846154,3.9558333333333335,8.02486678507993,71.7158081705151,559,130,5.411281913896301,154,8.092362344582593,524
28,0.8561,-686.0923076923077,3.175,6.792975970425139,71.00184842883549,536,139,4.565120940994584,154,6.894639556377079,201
29,0.8514,-763.2,3.805,7.550949913644214,71.10189982728843,570,138,4.638908888361557,155,7.653448275862069,401
30,0.8467,-682.446153846154,3.424166666666667,6.659169550173011,71.2681660899654,578,141,5.767808415421088,155,6.721453287197232,472
31,0.842,-769.1846153846154,3.165,7.035984848484849,70.71780303030303,542,128,6.3950396351554275,160,7.1477272727272725,338
32,0.8373,-706.0769230769231,3.194166666666667,6.254237288135593,70.6135593220339,590,136,5.236646777327442,161,6.3254237288135595,360
33,0.8327,-625.3538461538461,3.0425,6.548872180451128,71.76315789473684,529,147,4.80122482091313,161,6.629699248120301,348
34,0.8281,-590.553846153846,2.8075,5.990619136960601,71.62288930581613,553,144,4.398289434744061,162,6.067542213883677,382
35,0.8235,-652.6153846153848,3.27,6.555746140651801,70.87650085763293,575,136,4.65053871712589,162,6.622641509433962,377
36,0.819,-659.9692307692308,3.263333333333333,6.609756097560975,68.72996515679442,574,138,4.831635206142764,162,6.710801393728223,378
37,0.8144,-810.3384615384615,4.248333333333333,7.717948717948718,72.49358974358974,629,140,5.974765196622263,162,7.810897435897436,532
38,0.8099,-695.8,3.5275,6.920415224913495,71.02595155709342,578,141,5.143852164142653,163,7.041522491349481,611
39,0.8054,-825.9846153846154,3.71,7.472413793103448,72.37413793103448,593,136,5.87367628708721,166,7.574137931034483,433
40,0.801,-761.7846153846153,3.3158333333333334,6.966131907308378,72.06417112299465,557,140,4.671556456381394,167,7.0606060606060606,510
41,0.7966,-635.4461538461538,3.200833333333333,6.235093696763203,71.24701873935264,588,140,4.643269601723365,167,6.337308347529812,69
42,0.7922,-783.2923076923078,3.4983333333333335,6.667226890756303,72.2201680672269,612,139,6.850797869949353,167,6.752941176470588,660
43,0.7878,-687.2615384615384,3.4633333333333334,7.405454545454545,72.71272727272728,540,144,5.78677778536584,167,7.4818181818181815,361
44,0.7834,-612.1846153846154,3.0566666666666666,6.450729927007299,70.9580291970803,538,139,4.6207386182308685,167,6.538321167883212,874
45,0.7791,-651.0307692307692,3.4066666666666667,7.003623188405797,73.82065217391305,546,142,3.6510957793373926,167,7.108695652173913,5
46,0.7748,-696.9230769230769,3.3208333333333333,6.7456445993031355,70.77003484320558,569,137,5.424574804385851,168,6.804878048780488,229
47,0.7705,-865.5692307692309,4.105833333333333,8.314586994727593,73.29349736379613,577,138,7.768125446606922,168,8.409490333919157,702
48,0.7662,-615.6307692307691,3.3316666666666666,6.572635135135135,70.4375,582,142,4.00269936660033,168,6.672297297297297,694
49,0.762,-717.6461538461538,3.375,7.548757170172084,71.95602294455067,526,138,6.358385849957575,168,7.638623326959847,752
50,0.7578,-557.276923076923,2.638333333333333,5.424131627056672,70.25959780621572,552,142,4.000300002728513,168,5.530164533820841,24
51,0.7536,-683.8,3.236666666666667,6.497363796133568,70.67838312829525,581,132,5.340169666979754,168,6.579964850615114,319
52,0.7494,-545.3538461538462,2.8075,5.390542907180385,69.14185639229422,568,146,4.327549204703867,170,5.467600700525394,893
53,0.7453,-679.1692307692308,3.424166666666667,7.057040998217468,71.31194295900178,552,139,4.767970495170682,171,7.133689839572193,321
54,0.7411,-649.876923076923,3.2083333333333335,6.766304347826087,72.0036231884058,546,138,3.311226560503148,171,6.844202898550725,676
55,0.737,-611.3538461538461,3.0566666666666666,6.190394511149228,69.54716981132076,581,146,4.217081103349876,171,6.281303602058319,813
56,0.733,-625.8923076923077,3.305833333333333,6.74582560296846,73.31168831168831,542,137,4.057880346196728,171,6.8144712430426715,824
57,0.7289,-553.6461538461539,2.8033333333333332,5.799645390070922,69.31028368794327,563,137,3.774557093411815,172,5.891843971631205,803
58,0.7249,-721.7384615384615,3.5083333333333333,7.13345521023766,70.66361974405851,560,135,5.811348630005185,174,7.226691042047532,337
59,0.7209,-587.7692307692307,2.8375,5.862815884476534,68.42779783393502,550,141,3.8546232873631103,174,5.924324324324324,27
60,0.7169,-611.3692307692309,3.2758333333333334,6.753496503496503,71.5104895104895,563,143,3.12949595001734,174,6.839160839160839,324
61,0.7129,-631.9076923076923,3.1058333333333334,6.336860670194003,72.0299823633157,562,147,4.377805032240663,175,6.425044091710759,372
62,0.709,-591.3538461538461,3.0216666666666665,6.574757281553398,67.64854368932039,513,140,5.185443414038036,175,6.662135922330097,279
63,0.705,-647.2615384615385,3.2883333333333336,6.481739130434782,70.19130434782609,583,145,5.579978794716011,176,6.561739130434782,555
64,0.7011,-612.9076923076923,2.8941666666666666,6.268939393939394,68.9905303030303,533,135,4.462725947214115,176,6.337121212121212,125
65,0.6973,-601.3846153846155,2.8858333333333333,5.549747048903878,69.69139966273187,588,141,4.610293708783382,176,5.639123102866779,523
66,0.6934,-600.723076923077,2.848333333333333,5.70990990990991,68.11891891891892,575,144,4.796340756374722,176,5.781981981981982,118
67,0.6896,-612.7538461538461,3.0366666666666666,6.594746716697936,71.5328330206379,524,136,4.874787458890138,176,6.677298311444653,266
68,0.6858,-507.83076923076925,2.555,5.308529945553539,69.98185117967333,562,142,3.9224520432872807,176,5.393829401088929,689
69,0.682,-596.8615384615384,3.0216666666666665,6.3398230088495575,72.07610619469027,563,139,4.260319120142149,176,6.419469026548673,343
70,0.6782,-526.2461538461539,2.473333333333333,4.944444444444445,67.63888888888889,582,147,4.068685222078259,176,5.053819444444445,614
71,0.6744,-638.6153846153846,3.2975,6.577319587628866,70.37457044673539,579,143,4.3976471427215005,176,6.70446735395189,207
72,0.6707,-736.9230769230769,3.6691666666666665,7.2465753424657535,69.00856164383562,577,138,5.644982795850697,177,7.330479452054795,200
73,0.667,-694.7692307692307,3.22,6.516934046345811,69.06060606060606,542,139,4.428399890055592,177,6.620320855614973,883
74,0.6633,-537.4461538461538,2.3358333333333334,5.20616570327553,69.47976878612717,521,137,3.45444610687836,177,5.2755298651252405,885
75,0.6596,-604.4615384615385,3.1816666666666666,6.368237347294939,69.89877835951134,577,140,4.899680363097483,178,6.448516579406632,399
76,0.656,-549.5230769230769,2.5658333333333334,5.327272727272727,69.83454545454545,552,137,4.530135130262961,178,5.407272727272727,232
77,0.6524,-651.6153846153845,3.16,6.20695652173913,70.85913043478261,570,135,4.641994549393733,178,6.318260869565218,554
78,0.6487,-526.2,2.7,5.32937181663837,71.04414261460101,579,146,2.7498824483438282,178,5.438030560271647,559
79,0.6452,-579.3846153846154,2.8241666666666667,5.227826086956521,70.95130434782608,580,148,3.818971892675824,178,5.32695652173913,615
80,0.6416,-495.46153846153845,2.5183333333333335,4.943493150684931,69.1763698630137,587,148,3.099684163538366,178,5.030821917808219,587
81,0.638,-520.2461538461539,2.609166666666667,5.638733705772812,70.79329608938548,526,142,2.502058744798892,178,5.715083798882682,231
82,0.6345,-614.2153846153847,3.1,6.4293381037567086,73.40071556350627,585,145,5.037178311804391,179,6.534883720930233,407
83,0.631,-608.1692307692308,3.055833333333333,5.871186440677966,70.93559322033899,599,140,5.133955869822236,179,5.95593220338983,258
84,0.6275,-680.4923076923077,3.4191666666666665,6.954861111111111,73.15798611111111,588,136,4.862514877858207,180,7.055555555555555,150
85,0.624,-551.6307692307693,2.9925,6.383211678832117,70.75729927007299,543,137,2.8623519199096084,180,6.474452554744525,435
86,0.6206,-518.876923076923,2.660833333333333,5.154529307282416,69.06571936056838,561,146,2.7779521249200196,180,5.262877442273535,309
87,0.6171,-566.723076923077,2.8658333333333332,5.789189189189189,69.57477477477478,547,146,3.248368580741617,181,5.841441441441441,339
88,0.6137,-604.8153846153846,3.12,5.810457516339869,69.93627450980392,591,140,5.4456125789369025,181,5.931372549019608,414
89,0.6103,-585.6615384615385,3.013333333333333,5.746732026143791,67.55718954248366,605,141,4.644280907795797,181,5.838235294117647,397
90,0.607,-587.3384615384615,3.0683333333333334,6.089193825042882,68.05660377358491,584,139,4.977790726895773,181,6.190394511149228,793
91,0.6036,-519.5384615384615,2.7625,5.3686868686868685,67.73905723905725,583,142,3.035247377355739,181,5.484848484848484,796
92,0.6003,-599.9692307692308,3.0975,6.2042628774422734,70.29662522202487,570,147,2.880042781668634,181,6.284191829484902,670
93,0.5969,-538.9846153846153,2.69,5.548042704626335,69.40747330960853,569,143,4.3341468567397134,181,5.672597864768683,151
94,0.5936,-636.676923076923,3.075833333333333,5.925549915397631,70.1082910321489,595,148,3.449227501526969,181,6.016920473773266,766
95,0.5904,-494.75384615384615,2.52,4.97453310696095,67.26485568760611,588,149,3.6802868802846755,181,5.086587436332767,564
96,0.5871,-519.0769230769231,2.5216666666666665,5.303030303030303,68.50802139037434,557,148,4.34032463643816,181,5.38680926916221,503
97,0.5838,-563.4615384615385,2.783333333333333,5.452100840336135,70.23361344537815,579,132,3.5408269853293217,181,5.583193277310924,780
98,0.5806,-566.2461538461539,2.705,5.7988929889298895,69.93911439114392,548,134,2.8998927273215025,181,5.887453874538745,334
99,0.5774,-535.7692307692307,2.5816666666666666,5.200704225352113,68.35211267605634,574,144,2.8136882126190446,181,5.285211267605634,492
100,0.5742,-563.9384615384615,2.7891666666666666,5.898897058823529,70.57904411764706,539,142,2.6607283542865496,181,5.988970588235294,366
101,0.571,-597.4153846153846,2.9975,5.869565217391305,69.24869565217391,575,139,3.688725687430161,181,5.942608695652174,783
102,0.5679,-527.5230769230769,2.7741666666666664,5.666077738515901,71.90636042402826,559,140,3.1583369829510994,181,5.747349823321555,230
103,0.5647,-556.323076923077,2.9325,5.911552346570397,70.69675090252707,549,141,4.477088340077656,181,6.003610108303249,58
104,0.5616,-564.6461538461538,2.825,5.756944444444445,71.86284722222223,580,145,3.386912390462287,181,5.842013888888889,649
105,0.5585,-580.3076923076923,3.045,6.180505415162455,70.46028880866426,555,142,4.000403314849638,182,6.2671480144404335,736
106,0.5554,-553.0153846153846,2.9583333333333335,5.958115183246074,71.50785340314137,576,137,3.0059224704345455,182,6.038394415357766,271
107,0.5523,-648.1846153846154,3.223333333333333,5.782467532467533,71.44967532467533,629,139,5.738123264925579,183,5.915584415584416,352
108,0.5493,-556.4615384615385,2.7975,5.484265734265734,70.24825174825175,565,139,2.3786928180823517,183,5.573426573426573,522
109,0.5462,-454.61538461538464,2.4075,5.220952380952381,69.58285714285714,534,150,2.4500177896999324,183,5.356190476190476,346
110,0.5432,-641.0461538461539,3.5233333333333334,6.6825127334465195,70.55517826825127,598,145,4.137396115018964,183,6.794567062818336,834
111,0.5402,-559.0769230769231,2.7958333333333334,5.607638888888889,71.609375,584,135,3.816133605055255,183,5.730902777777778,137
112,0.5372,-541.0615384615385,2.805,5.885662431941924,69.76043557168784,554,139,3.573402768220175,183,5.980036297640654,365
113,0.5343,-498.07692307692304,2.5841666666666665,5.3108348134991115,71.70870337477797,563,145,3.753142206247296,184,5.404973357015986,749
114,0.5313,-467.4307692307692,2.2758333333333334,4.650735294117647,67.42647058823529,545,143,3.219186264982629,184,4.7224264705882355,700
115,0.5284,-505.9230769230769,2.6866666666666665,5.3006872852233675,69.53436426116839,592,146,2.5305008009955645,184,5.371134020618556,791
116,0.5254,-485.2923076923077,2.6708333333333334,5.2560975609756095,68.55400696864112,587,149,2.656642992289868,184,5.355400696864112,717
117,0.5225,-499.83076923076925,2.5725,5.192644483362522,68.04728546409807,565,143,4.797325378155112,186,5.280210157618214,605
118,0.5196,-451.3538461538461,2.2283333333333335,4.5964912280701755,68.32982456140351,570,144,3.512538629601782,186,4.6947368421052635,547
119,0.5168,-479.83076923076925,2.7291666666666665,5.461928934010152,67.4517766497462,591,150,3.141512789752636,186,5.538071065989848,724
120,0.5139,-498.19999999999993,2.5616666666666665,5.098566308243727,69.58243727598567,569,149,3.9085831492882397,187,5.2168458781362,448
121,0.5111,-535.7384615384616,2.6358333333333333,5.114238410596027,68.63576158940397,594,140,3.3632097508307135,189,5.233443708609271,529
122,0.5082,-516.8615384615385,2.705,5.554561717352415,70.58497316636851,579,144,3.849631178051779,189,5.635062611806798,651
123,0.5054,-537.9692307692308,3.0016666666666665,5.806397306397306,70.10942760942761,590,139,2.280119274889128,189,5.907407407407407,808
124,0.5026,-505.46153846153845,2.7783333333333333,5.484320557491289,70.42857142857143,579,139,2.8553686085602923,189,5.585365853658536,227
125,0.4998,-500.8,2.654166666666667,5.443462897526501,69.35335689045937,557,141,2.768380472833421,189,5.519434628975265,434
126,0.4971,-514.8923076923077,2.73,5.431778929188256,69.33333333333333,585,142,2.5388058478830247,189,5.509499136442142,471
127,0.4943,-534.6,3.0316666666666667,5.590690208667737,68.18298555377207,617,149,3.688160432596135,189,5.678972712680578,872
128,0.4916,-523.4615384615385,2.8216666666666668,5.706293706293707,70.51748251748252,560,140,3.0185477910796976,189,5.7972027972027975,505
129,0.4889,-520.4923076923077,2.6475,5.147512864493996,69.4253859348199,593,143,2.8945690220158338,189,5.217838765008576,413
130,0.4862,-468.0769230769231,2.513333333333333,5.307272727272728,69.50545454545454,546,143,2.909106600399961,189,5.383636363636364,658
131,0.4835,-526.2615384615385,2.6958333333333333,5.141414141414141,68.15993265993266,605,142,3.6572102766790064,189,5.264309764309765,364
132,0.4808,-389.7846153846154,2.205,4.7592592592592595,68.62962962962963,532,147,2.244629738157921,189,4.8277777777777775,756
133,0.4781,-530.2615384615385,2.6591666666666667,5.286467486818981,68.7469244288225,559,135,2.6768492632714653,189,5.37609841827768,29
134,0.4755,-462.0769230769231,2.2883333333333336,4.817518248175182,68.5,546,140,2.580841499525321,189,4.890510948905109,537
135,0.4729,-531.6461538461539,2.7641666666666667,5.293103448275862,70.23965517241379,582,150,3.229558577061915,189,5.391379310344828,493
136,0.4703,-433.79999999999995,2.1858333333333335,4.674502712477396,69.49547920433996,554,143,2.864668527382968,189,4.768535262206148,897
137,0.4677,-435.7076923076923,2.1458333333333335,4.817288801571709,68.40471512770138,527,136,2.5556260857259425,189,4.884086444007859,719
138,0.4651,-458.676923076923,2.5483333333333333,5.437386569872959,71.15607985480943,542,142,2.369037043899333,189,5.517241379310345,284
139,0.4625,-429.7384615384616,2.4891666666666667,5.133333333333334,69.24444444444444,543,152,3.0521851780940152,190,5.198148148148148,6
140,0.4599,-413.78461538461534,2.140833333333333,4.35929203539823,67.60353982300884,569,150,1.9443129863653847,190,4.44070796460177,214
141,0.4574,-550.6615384615385,2.7116666666666664,5.286458333333333,69.06076388888889,572,143,2.5466947413238192,190,5.375,753
142,0.4549,-500.4923076923077,2.4875,5.129496402877698,69.41007194244604,549,140,2.099834369211762,190,5.241007194244604,622
143,0.4523,-537.4307692307692,2.796666666666667,5.806509945750452,69.51356238698011,568,145,2.2871499804835156,190,5.918625678119349,449
144,0.4498,-517.1384615384616,2.795,5.689119170984456,72.06390328151986,583,143,2.5302545361902573,190,5.789291882556132,577
145,0.4474,-457.96923076923076,2.2583333333333333,4.81203007518797,67.77631578947368,537,150,3.1283190980874873,190,4.883458646616542,854
146,0.4449,-438.41538461538465,2.4075,4.936619718309859,67.16725352112677,551,150,2.030722744338976,190,5.040492957746479,166
147,0.4424,-481.53846153846155,2.5941666666666667,4.944983818770226,70.11326860841424,613,141,4.248765375901999,190,5.043689320388349,600
148,0.44,-391.2461538461539,2.0975,4.468,69.87,494,139,1.7705762796442712,190,4.536,665
149,0.4375,-475.9076923076923,2.566666666666667,5.143847487001733,70.99133448873484,580,145,3.4920765139509733,190,5.24263431542461,654
150,0.4351,-394.12307692307695,2.2441666666666666,4.60644007155635,68.38998211091234,560,148,1.8296827938585134,190,4.701252236135957,425
151,0.4327,-477.53846153846155,2.47,5.140255009107468,69.14754098360656,541,149,1.8692075420253218,190,5.229508196721311,393
152,0.4303,-438.8461538461538,2.2675,4.635726795096322,68.7092819614711,556,149,2.094129752287789,190,4.718038528896672,650
153,0.4279,-444.6,2.2616666666666667,4.592013888888889,67.84895833333333,562,153,2.6109657856773008,190,4.670138888888889,890
154,0.4256,-525.7538461538461,2.7875,5.492307692307692,69.25811965811965,584,139,2.983560740368848,190,5.611965811965812,708
155,0.4232,-447.87692307692305,2.3533333333333335,5.027322404371585,69.47723132969034,545,140,2.791546248934237,190,5.127504553734062,63
156,0.4209,-446.6461538461539,2.2808333333333333,4.737030411449016,65.41144901610018,549,148,2.0988930702098902,190,4.822898032200357,80
157,0.4185,-441.2,2.4116666666666666,5.035778175313059,69.95169946332737,555,145,2.7700151285869548,190,5.112701252236136,40
158,0.4162,-491.12307692307695,2.57,5.374321880650995,71.35443037974683,560,148,4.272843430993788,190,5.4538878842676315,111
159,0.4139,-436.9230769230769,2.243333333333333,4.840525328330206,69.82176360225141,538,144,2.671138709387567,190,4.902439024390244,168
160,0.4116,-442.15384615384613,2.4491666666666667,4.647668393782383,67.66839378238342,594,144,2.123228347077999,190,4.732297063903282,788
161,0.4094,-450.7692307692307,2.3308333333333335,4.848214285714286,67.35892857142858,562,145,2.6298802893515347,190,4.935714285714286,423
162,0.4071,-462.0769230769231,2.5775,5.356115107913669,70.35611510791367,557,148,2.770749646720576,190,5.446043165467626,316
163,0.4048,-429.6153846153846,2.2425,4.850277264325324,69.5286506469501,549,140,2.3636478721698877,190,4.926062846580407,252
164,0.4026,-490.30769230769226,2.569166666666667,5.1689655172413795,70.73103448275862,582,138,3.6725889780329357,190,5.253448275862069,234
165,0.4004,-464.4769230769231,2.4375,4.931818181818182,68.78146853146853,569,153,2.2212191159126022,190,5.0174825174825175,452
166,0.3982,-472.36923076923074,2.4525,4.96078431372549,68.21390374331551,567,149,2.5177167294960805,190,5.049910873440285,633
167,0.396,-443.0615384615385,2.435,4.824652777777778,68.41666666666667,574,151,3.2551829760100666,190,4.897746967071058,488
168,0.3938,-466.6461538461539,2.5225,5.362976406533575,70.1869328493648,543,142,2.948430175323096,190,5.4464609800362975,355
169,0.3916,-424.8923076923077,2.316666666666667,5.018587360594796,69.7918215613383,540,139,2.645649134896003,190,5.100371747211896,548
170,0.3894,-469.36923076923074,2.5008333333333335,4.934142114384748,70.42287694974003,576,148,2.024383944519217,190,5.032928942807626,169
171,0.3873,-526.0461538461539,2.82,5.353433835845896,69.85427135678393,600,143,3.0472694897102897,190,5.458961474036851,312
172,0.3851,-409.4,2.3516666666666666,4.652631578947369,66.57543859649122,567,150,2.360941462881345,190,4.735087719298246,193
173,0.383,-452.9538461538462,2.5658333333333334,5.284955752212389,69.56283185840708,567,141,2.65901674387193,190,5.3929203539823005,211
174,0.3809,-454.24615384615385,2.4575,5.2146788990825685,68.99266055045871,548,145,2.188871880064375,190,5.3100917431192665,880
175,0.3788,-438.0153846153846,2.3633333333333333,4.707979626485569,66.02886247877758,589,148,3.043439001047942,190,4.774193548387097,551
176,0.3767,-412.2923076923077,2.2483333333333335,4.608540925266904,67.86298932384342,548,151,1.7762549134413266,190,4.6891651865008885,778
177,0.3746,-458.4615384615384,2.3625,4.701388888888889,68.17013888888889,574,140,2.431473474410302,190,4.78125,712
178,0.3725,-452.61538461538464,2.3275,4.572402044293015,68.61499148211243,577,138,2.3322644071411243,190,4.674616695059625,238
179,0.3705,-481.4,2.4891666666666667,5.313653136531365,69.88560885608857,543,146,2.465485691397686,190,5.3966789667896675,553
180,0.3684,-508.53846153846155,2.6866666666666665,5.071547420965058,68.00831946755407,588,146,2.43280802144054,190,5.181364392678868,512
181,0.3664,-427.0153846153846,2.3625,4.614213197969543,67.17428087986464,572,151,2.597969950100025,190,4.714043993231811,540
182,0.3643,-415.7692307692308,2.3091666666666666,4.3683360258481425,67.87883683360259,611,152,2.0320147844624143,190,4.473344103392568,546
183,0.3623,-500.3538461538461,2.6283333333333334,5.2272727272727275,68.81118881118881,567,132,4.56370167499102,190,5.353146853146853,387
184,0.3603,-404.5846153846154,2.1758333333333333,4.769811320754717,66.86792452830188,538,143,2.278970959504145,190,4.845283018867924,586
185,0.3583,-418.7076923076923,2.255,4.959615384615384,68.68076923076923,519,141,2.2880605249369457,190,5.061538461538461,398
186,0.3563,-418.2461538461538,2.2483333333333335,4.300347222222222,67.578125,580,151,1.878862531187448,190,4.383680555555555,380
187,0.3544,-448.4153846153846,2.3941666666666666,5.30873786407767,71.57669902912622,520,134,2.701478153614897,190,5.390291262135922,695
188,0.3524,-413.5230769230769,2.256666666666667,4.828153564899451,70.07495429616088,552,145,2.159851234271323,190,4.914076782449726,699
189,0.3505,-405.7230769230769,2.0925,4.157894736842105,67.5140350877193,576,149,1.9970787865807345,190,4.21578947368421,185
190,0.3485,-515.3538461538462,2.79,5.591623036649215,70.08027923211169,559,143,2.4699058222929335,190,5.68935427574171,757
191,0.3466,-449.90769230769234,2.1758333333333333,4.212224108658743,66.9490662139219,575,142,3.011612425974659,190,4.290322580645161,690
192,0.3447,-423.8153846153846,2.3183333333333334,4.606643356643357,66.80594405594405,578,141,2.215215404777244,190,4.68586387434555,681
193,0.3428,-457.61538461538464,2.4266666666666667,4.973262032085562,69.2638146167558,554,148,2.913157858437612,190,5.040998217468806,89
194,0.3409,-490.2307692307692,2.870833333333333,5.39349593495935,71.01626016260163,608,151,1.9211617700357226,190,5.5024390243902435,735
195,0.339,-418.0769230769231,2.315,4.6520210896309315,66.45518453427066,561,149,2.033075415358462,190,4.711775043936731,850
196,0.3371,-423.87692307692305,2.3766666666666665,4.317073170731708,67.4130081300813,613,151,2.7606666989297786,190,4.396747967479675,81
197,0.3352,-410.1538461538462,2.08,4.008460236886632,67.51099830795262,595,143,2.443751609622708,190,4.0761421319796955,23
198,0.3334,-394.6,2.075833333333333,4.432380952380952,68.70095238095239,540,146,2.5694671222466154,190,4.535238095238095,262
199,0.3315,-446.0,2.3825,4.83273381294964,68.92805755395683,566,149,2.811489522672811,191,4.919064748201439,730
200,0.3297,-391.1384615384615,2.3333333333333335,4.954802259887006,69.11676082862523,523,147,1.6857867449154098,191,5.026315789473684,718
201,0.3279,-373.03076923076924,2.0725,4.092783505154639,66.37457044673539,587,154,1.5756554546773742,191,4.1632302405498285,841
202,0.3261,-380.36923076923074,2.095,4.175043327556326,67.67764298093587,568,147,3.3789366264526053,191,4.268630849220104,65
203,0.3243,-378.36923076923074,2.3491666666666666,5.022900763358779,68.63740458015268,535,156,2.0391402432426973,191,5.099236641221374,481
204,0.3225,-432.9846153846154,2.4675,4.791666666666667,68.35333333333334,593,152,2.3845412351975526,191,4.878333333333333,368
205,0.3207,-444.95384615384614,2.41,4.729203539823009,70.49380530973451,567,141,3.0690706938982255,191,4.849557522123894,465
206,0.3189,-402.23076923076917,2.276666666666667,4.550087873462214,68.9841827768014,572,147,2.095082980067866,192,4.639718804920914,367
207,0.3172,-467.2,2.4941666666666666,4.877310924369748,70.25882352941177,599,143,2.879245643401702,192,4.973109243697479,542
208,0.3154,-377.86153846153843,2.0258333333333334,4.324577861163227,68.14258911819887,542,147,2.376983270229014,192,4.409005628517824,533
209,0.3137,-402.86153846153843,2.200833333333333,4.8688212927756656,70.09315589353612,528,140,3.6175574817169736,192,4.977229601518027,530
210,0.3119,-449.6,2.7475,5.394957983193278,70.23025210084033,598,160,2.3208793842629656,192,5.480672268907563,500
211,0.3102,-401.9384615384616,2.18,4.398625429553265,69.4192439862543,577,151,3.258661338963454,192,4.506872852233677,213
212,0.3085,-414.24615384615385,2.2925,4.846153846153846,70.19047619047619,545,144,2.092449584249801,192,4.943223443223443,388
213,0.3068,-413.63076923076926,2.3766666666666665,4.725388601036269,69.22107081174438,585,152,2.2621451243086654,192,4.8307426597582035,223
214,0.3051,-411.6461538461538,2.3383333333333334,4.5364238410596025,68.61092715231788,601,151,3.6320012447502665,192,4.647350993377484,715
215,0.3034,-424.26153846153846,2.3016666666666667,4.83453237410072,67.45323741007195,553,149,2.991558244727427,193,4.931654676258993,603
216,0.3017,-359.5076923076923,2.091666666666667,4.134615384615385,69.05594405594405,582,157,2.253283970575749,193,4.236013986013986,7
217,0.3,-385.96923076923076,2.216666666666667,4.281833616298812,67.4295415959253,594,156,2.1522021240523705,193,4.383701188455008,158
218,0.2984,-417.26153846153846,2.2358333333333333,4.643884892086331,70.4478417266187,571,141,2.062027045581713,193,4.735611510791367,60
219,0.2967,-396.0153846153846,2.295,4.719858156028369,67.86879432624113,567,144,2.062799255802092,194,4.787234042553192,466
220,0.2951,-444.1846153846154,2.256666666666667,4.461672473867596,66.61498257839722,553,151,2.9730496773891404,194,4.552264808362369,143
221,0.2935,-423.6153846153846,2.4858333333333333,4.813838550247117,69.17462932454696,600,157,2.049262633520897,194,4.894563426688633,426
222,0.2918,-386.61538461538464,2.165,4.463898916967509,67.48916967509025,561,144,2.5800206159899854,194,4.564981949458484,420
223,0.2902,-408.29230769230776,2.0408333333333335,4.301318267419962,66.13370998116761,533,139,3.4113601931738518,194,4.374764595103578,877
224,0.2886,-385.7692307692308,2.0416666666666665,4.2,68.28598130841121,542,146,3.7162366237575633,195,4.295327102803738,132
225,0.287,-329.73846153846154,1.8416666666666666,3.832740213523132,66.90569395017793,556,155,2.169293672924818,195,3.909252669039146,436
226,0.2854,-334.2307692307692,1.9275,4.0108303249097474,68.5072202166065,556,157,1.8489331558269848,195,4.090252707581228,635
227,0.2838,-367.6769230769231,2.0083333333333333,4.214285714285714,68.41025641025641,545,150,2.570507656219777,195,4.302197802197802,895
228,0.2823,-348.04615384615386,1.9633333333333334,4.094812164579606,65.48479427549195,558,156,1.7768647302242428,195,4.171735241502684,228
229,0.2807,-365.95384615384614,2.0433333333333334,4.254448398576512,68.37366548042705,567,150,2.089031441245455,195,4.318505338078292,892
230,0.2792,-401.3230769230769,2.2125,4.375850340136054,71.02380952380952,597,154,2.602260420086272,195,4.479591836734694,342
231,0.2776,-332.6769230769231,1.8933333333333333,4.241904761904762,66.47047619047619,528,151,2.679036331100085,195,4.300952380952381,474
232,0.2761,-290.1846153846154,1.5491666666666666,3.213644524236984,65.61041292639138,560,157,2.1290554505308203,195,3.3231597845601435,197
233,0.2746,-427.6923076923077,2.2941666666666665,4.420701168614357,67.97662771285476,609,154,2.786980506415273,195,4.549248747913189,133
234,0.273,-349.0,2.0175,4.364312267657993,66.73234200743494,537,156,1.459776358284641,195,4.434944237918216,167
235,0.2715,-422.63076923076926,2.3975,4.58445945945946,69.23310810810811,593,159,2.575053927860238,195,4.673986486486487,301
236,0.27,-480.5076923076923,2.5391666666666666,5.270318021201414,68.98233215547704,561,144,3.9491846864810203,197,5.333922261484099,16
237,0.2685,-442.61538461538464,2.5241666666666664,5.105719237435009,70.1369150779896,567,144,2.3326731702147923,198,5.168110918544194,120
238,0.267,-369.30769230769226,2.098333333333333,4.524436090225564,66.67293233082707,532,155,1.3408766442280344,198,4.5966228893058165,3
239,0.2656,-397.26153846153846,2.0925,4.139130434782609,65.27304347826087,580,147,1.8072674277517222,198,4.222608695652174,217
240,0.2641,-386.75384615384615,2.22,4.733212341197822,67.74773139745916,552,146,1.6193767733816573,198,4.852994555353902,508
241,0.2626,-388.7846153846154,2.125,4.427007299270073,67.68795620437956,557,148,2.00433710930287,198,4.536496350364963,479
242,0.2612,-386.73846153846154,2.105,4.256140350877193,67.94561403508771,573,140,1.7079319454219213,198,4.356140350877193,224
243,0.2597,-344.32307692307694,1.975,4.150909090909091,66.86,547,152,2.1778939237612893,198,4.245454545454545,740
244,0.2583,-411.2153846153846,2.2583333333333333,4.579684763572679,67.29772329246936,583,146,2.277964681783869,198,4.673076923076923,868
245,0.2569,-485.4,2.575,4.431279620853081,66.60979462875197,625,148,2.4214345884394697,198,4.517350157728707,477
246,0.2555,-439.9384615384615,2.4475,4.738539898132428,67.47368421052632,595,146,1.6714692182511752,198,4.838709677419355,320
247,0.254,-374.2923076923077,2.0483333333333333,4.22791519434629,66.81095406360424,554,148,2.936288686672378,198,4.333922261484099,597
248,0.2526,-396.16923076923075,2.165,4.350352112676056,67.32394366197182,560,148,1.6245838647225062,198,4.457746478873239,539
249,0.2512,-432.6461538461539,2.2958333333333334,4.717584369449378,70.42273534635879,585,145,2.156885842237857,198,4.811722912966252,129
250,0.2498,-409.0923076923077,2.2391666666666667,4.591549295774648,67.47535211267606,557,143,2.0046858956990294,198,4.678383128295255,845
251,0.2485,-395.03076923076924,2.1025,4.539888682745826,67.53246753246754,552,135,2.8996609751033025,198,4.634508348794063,314
252,0.2471,-420.7384615384616,2.2058333333333335,4.225919439579685,67.50963222416813,569,141,2.7243508380689097,198,4.30122591943958,721
253,0.2457,-422.5230769230769,2.265833333333333,4.403716216216216,67.76520270270271,599,137,1.7013961640801711,198,4.489864864864865,606
254,0.2444,-431.3230769230769,2.3733333333333335,4.876785714285714,71.15535714285714,563,133,2.125496645071148,198,4.9625,809
255,0.243,-361.0,2.07,4.194003527336861,68.23456790123457,576,151,2.086054192048745,198,4.268077601410935,87
256,0.2417,-419.04615384615386,2.3633333333333333,4.932384341637011,68.90213523131672,568,147,1.8722031525103708,198,5.01779359430605,589
257,0.2403,-407.6923076923077,2.2816666666666667,4.734177215189874,68.65461121157324,559,147,2.3098865892153206,198,4.833634719710669,599
258,0.239,-360.38461538461536,2.1566666666666667,4.360915492957746,69.46478873239437,568,156,1.4576695536405957,198,4.413732394366197,268
259,0.2377,-401.78461538461534,2.319166666666667,4.653641207815276,67.95737122557726,559,147,2.1846048652126755,198,4.7677304964539005,896
260,0.2364,-459.99999999999994,2.605,4.962171052631579,68.71217105263158,603,149,2.975908600999563,198,5.060855263157895,887
261,0.2351,-340.4307692307692,1.9283333333333332,4.057301293900185,68.6746765249538,539,148,1.4009454656566993,198,4.1256931608133085,62
262,0.2338,-344.38461538461536,1.97,4.136445242369838,66.4326750448833,547,147,1.6436952518270669,198,4.235188509874327,557
263,0.2325,-364.0153846153846,2.131666666666667,4.258347978910369,68.52548330404218,565,148,2.5732612330017957,198,4.328070175438596,746
264,0.2312,-366.7230769230769,2.118333333333333,4.285714285714286,69.2212543554007,567,146,2.8760275879123895,198,4.3652173913043475,323
265,0.2299,-363.3076923076923,2.0991666666666666,4.208849557522124,68.28141592920353,577,146,2.648976386763105,198,4.3097345132743365,596
266,0.2286,-381.84615384615387,2.03,4.081374321880651,67.63833634719711,570,151,1.8818214634944115,198,4.168173598553345,667
267,0.2274,-333.67692307692306,1.805,4.258517034068136,65.6813627254509,514,142,1.7050692577305666,198,4.320641282565131,643
268,0.2261,-380.6461538461538,2.0216666666666665,4.161579892280072,67.19389587073609,558,150,1.699114295988185,198,4.253141831238779,162
269,0.2249,-385.8307692307692,2.1758333333333333,4.454545454545454,68.48237476808906,543,149,2.668685965187057,198,4.5269016697588125,351
270,0.2236,-388.1538461538462,2.1775,4.51520572450805,70.78533094812164,558,143,1.3622762666784516,198,4.579606440071556,347
271,0.2224,-404.73846153846154,2.3866666666666667,4.585976627712855,69.19532554257096,585,149,2.0440610814285036,198,4.679465776293823,119
272,0.2211,-376.7538461538462,2.1008333333333336,4.548689138576779,69.4494382022472,530,140,1.8502377402267252,198,4.638576779026217,497
273,0.2199,-389.2307692307692,2.191666666666667,4.324742268041237,68.15979381443299,580,148,1.4697325024600156,198,4.405498281786942,298
274,0.2187,-397.9384615384615,2.285,4.509306260575296,66.03045685279187,580,149,1.8487763134978743,198,4.5786802030456855,706
275,0.2175,-354.2307692307692,1.9208333333333334,3.8518518518518516,68.76014109347443,568,146,1.950868296980661,198,3.943562610229277,616
276,0.2163,-399.5692307692308,2.200833333333333,4.616906474820144,69.4136690647482,560,149,2.674560640843383,198,4.694793536804309,714
277,0.2151,-414.5846153846154,2.1791666666666667,4.387040280210158,68.44658493870404,567,148,2.320312444607431,198,4.490367775831874,13
278,0.2139,-409.0615384615385,2.2608333333333333,4.5834797891036905,67.72056239015818,565,145,1.6674896147484604,198,4.687719298245614,843
279,0.2127,-414.79999999999995,2.27,4.818525519848771,70.64461247637051,544,134,2.7787923843424256,198,4.892249527410208,146
280,0.2115,-394.67692307692306,2.0241666666666664,4.224043715846994,65.70673952641165,548,140,1.9395728445646458,198,4.316939890710382,161
281,0.2104,-415.0769230769231,2.25,4.583187390542907,68.87040280210158,569,147,2.0137568444959912,198,4.667250437828371,75
282,0.2092,-355.18461538461537,2.0791666666666666,3.9748322147651005,68.2248322147651,596,156,1.966597160190683,198,4.080536912751678,871
283,0.208,-367.5846153846154,1.985,4.263351749539595,69.79373848987109,542,149,2.4276830529511186,198,4.351749539594843,113
284,0.2069,-352.5692307692308,2.013333333333333,4.107017543859649,67.02982456140352,565,148,1.8737453133686166,198,4.178947368421053,124
285,0.2058,-387.5230769230769,2.1733333333333333,4.3878260869565215,67.66434782608695,569,151,1.6025873357144242,198,4.453913043478261,777
286,0.2046,-376.92307692307696,2.0741666666666667,4.196779964221824,69.32200357781753,556,154,1.4757370219701418,198,4.282647584973167,108
287,0.2035,-353.7692307692307,1.9633333333333334,4.15934065934066,69.05311355311355,546,158,2.2325513653340416,198,4.258241758241758,451
288,0.2024,-373.30769230769226,2.1325,4.468239564428312,68.78221415607986,553,143,1.8340062170490807,198,4.562613430127041,196
289,0.2012,-364.1384615384615,2.0725,4.053819444444445,69.11111111111111,572,142,1.9563557967295957,198,4.164930555555555,64
290,0.2001,-346.0923076923077,2.1341666666666668,4.155405405405405,65.88513513513513,577,154,2.0141253827430847,198,4.22804054054054,165
291,0.199,-372.4923076923077,2.1475,4.198319327731093,69.74957983193278,603,151,1.9049123797985725,198,4.309243697478991,412
292,0.1979,-393.04615384615386,2.2266666666666666,4.457685664939551,69.36614853195164,578,145,1.667214476932258,198,4.552677029360967,335
293,0.1968,-357.36923076923074,1.9641666666666666,3.8747826086956523,66.92347826086956,579,151,2.3332658441350693,199,3.9582608695652173,617
294,0.1957,-389.67692307692306,2.495833333333333,4.808474576271187,67.9186440677966,595,157,1.9265902556163068,199,4.905084745762712,325
295,0.1946,-329.5230769230769,1.9,3.847487001733102,67.736568457539,573,154,1.81689975887429,199,3.92894280762565,26
296,0.1936,-337.9076923076923,1.9325,3.8959435626102294,65.32098765432099,578,154,2.426688411716999,199,3.9664902998236333,51
297,0.1925,-383.5076923076923,1.9758333333333333,4.018382352941177,70.03125,533,141,2.773931752882319,199,4.099264705882353,431
298,0.1914,-362.46153846153845,2.0258333333333334,4.28411214953271,66.67850467289719,532,143,1.9939839286153263,199,4.386915887850467,570
299,0.1904,-372.83076923076925,1.9925,4.108256880733945,66.0954128440367,552,139,2.6073030667396275,199,4.205504587155963,73
300,0.1893,-392.75384615384615,2.1075,4.200348432055749,67.58362369337979,594,141,2.76954705930981,199,4.285714285714286,602
301,0.1883,-395.46153846153845,2.0725,4.26678445229682,67.08303886925795,564,149,2.2763612578140964,199,4.339222614840989,527
302,0.1872,-352.7076923076923,1.8591666666666666,4.030534351145038,69.62404580152672,524,148,1.584804363547804,199,4.143129770992366,72
303,0.1862,-398.2,2.2075,4.358885017421603,66.20905923344948,594,143,3.231624940150375,199,4.440766550522648,566
304,0.1852,-405.6,2.29,4.349662162162162,71.08277027027027,613,150,2.1287111731987785,199,4.462837837837838,634
305,0.1841,-373.8461538461538,2.1441666666666666,4.655367231638418,69.30885122410547,526,151,1.6838452225328315,199,4.738229755178907,400
306,0.1831,-337.69230769230774,2.066666666666667,4.2140287769784175,70.13848920863309,566,156,1.663166984556626,199,4.296762589928058,520
307,0.1821,-355.72307692307686,1.9941666666666666,4.101423487544484,67.29359430604983,567,153,1.9366687985559925,199,4.185053380782918,875
308,0.1811,-383.4307692307692,2.1791666666666667,4.379858657243816,68.87455830388693,571,150,2.7635642192127468,199,4.455830388692579,744
309,0.1801,-320.95384615384614,1.9016666666666666,3.935483870967742,67.87813620071685,557,153,1.822853937119236,199,4.005376344086022,299
310,0.1791,-442.70769230769235,2.473333333333333,4.8254237288135595,70.1593220338983,585,137,2.594285020169642,199,4.925423728813559,489
311,0.1781,-413.4,2.4516666666666667,4.6395348837209305,69.82558139534883,594,141,1.8018189007927607,199,4.75249169435216,4
312,0.1771,-315.2461538461538,1.8625,3.630508474576271,68.26101694915255,589,150,1.804629602251361,199,3.711864406779661,379
313,0.1762,-313.7076923076923,1.96,4.092224231464738,67.73056057866185,556,153,2.258666360505992,199,4.182640144665461,212
314,0.1752,-323.5230769230769,1.825,3.957773512476008,67.51631477927063,546,151,2.045220904410839,199,4.046065259117083,560
315,0.1742,-344.89230769230767,2.0283333333333333,4.0966608084358525,67.6256590509666,573,154,2.111362720639998,199,4.168717047451669,798
316,0.1732,-330.61538461538464,1.73,3.93186372745491,68.64128256513025,499,158,1.858702050926699,199,4.002004008016032,640
317,0.1723,-424.2307692307692,2.4033333333333333,4.895470383275262,69.21080139372822,585,160,2.631565885652029,199,4.970383275261324,171
318,0.1713,-375.4307692307693,2.045,4.312267657992565,68.67843866171003,542,148,1.6682663431569547,199,4.379182156133829,225
319,0.1704,-350.73846153846154,2.1233333333333335,3.87858347386172,67.80269814502529,607,157,1.8155977365431024,199,3.947723440134907,283
320,0.1694,-409.0615384615385,2.205,4.087394957983193,68.41848739495798,597,153,1.6990555243448553,199,4.201680672268908,561
321,0.1685,-353.36923076923074,1.8908333333333334,3.9819168173598554,68.84810126582279,547,153,2.0677584843377743,199,4.074141048824593,180
322,0.1676,-367.3230769230769,2.1216666666666666,4.218531468531468,69.18356643356644,569,157,1.5401224669044085,199,4.340909090909091,729
323,0.1666,-308.4153846153846,1.7116666666666667,3.6121323529411766,67.9908088235294,549,162,1.1959780315444652,199,3.6911764705882355,427
324,0.1657,-340.1692307692308,2.015,4.106571936056838,68.84014209591474,570,160,1.8638046860563524,199,4.190053285968029,679
325,0.1648,-321.5692307692308,1.8033333333333332,3.8789571694599627,68.74487895716946,530,154,1.1572148294859703,199,3.9813780260707636,563
326,0.1639,-396.7846153846154,2.1883333333333335,4.430579964850615,69.24780316344464,569,148,2.5767152453485447,199,4.51493848857645,632
327,0.163,-389.3076923076923,2.12,4.23469387755102,67.9625850340136,589,152,2.7083513642993884,199,4.329931972789115,373
328,0.1621,-384.0615384615385,2.1658333333333335,4.269035532994923,68.38747884940778,589,147,1.9073458474553144,199,4.358714043993232,584
329,0.1612,-437.0,2.5508333333333333,4.987826086956522,70.0591304347826,569,144,1.4004304533223324,199,5.092173913043478,525
330,0.1603,-374.75384615384615,2.2866666666666666,4.541379310344827,67.9448275862069,591,154,1.6162186514588672,199,4.629310344827586,656
331,0.1594,-361.723076923077,1.9175,3.8393162393162394,66.87521367521367,586,157,1.7430149643981918,199,3.9521367521367523,61
332,0.1585,-346.3384615384615,1.855,3.908108108108108,67.15135135135135,545,140,1.6393179020211046,199,4.003603603603604,12
333,0.1577,-381.9692307692308,2.0566666666666666,4.080204778156997,66.73378839590444,598,139,2.8668288425025965,199,4.151877133105802,496
334,0.1568,-348.81538461538463,1.8683333333333334,3.84070796460177,68.23893805309734,561,148,2.2209917107945505,199,3.9168141592920356,641
335,0.1559,-416.3230769230769,2.4791666666666665,4.85240464344942,69.19568822553897,602,150,1.7173221472992326,199,4.938640132669984,779
336,0.155,-389.53846153846155,2.3741666666666665,4.969202898550725,69.46195652173913,555,146,1.7914799558623962,199,5.032608695652174,837
337,0.1542,-336.8153846153846,1.7566666666666666,3.688073394495413,69.96146788990826,553,139,2.337725858044013,199,3.785321100917431,34
338,0.1533,-367.2307692307692,2.140833333333333,4.354497354497354,70.57671957671958,573,148,1.5560379723077695,199,4.439153439153439,511
339,0.1525,-367.4769230769231,1.9683333333333333,3.891797556719023,67.63001745200698,583,144,2.5763025999244387,199,3.994764397905759,408
340,0.1516,-395.5846153846154,2.3308333333333335,4.410891089108911,67.41914191419141,615,147,2.080143830442489,199,4.516501650165017,45
341,0.1508,-324.44615384615383,1.8366666666666667,3.9300567107750473,67.82608695652173,545,155,2.3331140373597927,199,4.018903591682419,638
342,0.15,-291.66153846153844,1.6866666666666668,3.6305970149253732,66.98880597014926,528,157,2.4435615871459775,199,3.71455223880597,160
343,0.1491,-270.96923076923076,1.62,3.4853479853479854,66.28205128205128,545,161,1.242802937800503,199,3.5805860805860807,410
344,0.1483,-340.1538461538462,1.9975,4.16,67.44727272727273,562,160,1.7490457745937729,199,4.238181818181818,490
345,0.1475,-290.5692307692308,1.6425,3.4851301115241635,65.51486988847584,546,152,1.1687827087820368,199,3.5483271375464684,575
346,0.1467,-323.8461538461538,1.8341666666666667,3.6910994764397906,66.88830715532286,590,153,0.992373207033743,199,3.7591623036649215,683
347,0.1459,-329.44615384615383,1.9258333333333333,3.8178694158075603,67.09621993127148,584,155,1.5701372463800325,199,3.9003436426116838,249
348,0.1451,-301.10769230769233,1.7658333333333334,3.751865671641791,64.78731343283582,538,157,0.9228205153398559,199,3.826492537313433,46
349,0.1443,-293.2769230769231,1.7675,3.6910420475319925,67.87751371115174,540,160,1.432836642008278,199,3.7696526508226693,894
350,0.1435,-309.6923076923077,1.8358333333333334,3.6822916666666665,67.69791666666667,580,153,1.5327180879549642,199,3.7725694444444446,685
351,0.1427,-383.55384615384617,2.109166666666667,4.131666666666667,66.98833333333333,602,154,1.539728132853863,199,4.218333333333334,478
352,0.1419,-358.2769230769231,2.1225,4.1375838926174495,67.01845637583892,589,164,1.5568659126779543,199,4.224832214765101,291
353,0.1411,-317.3846153846154,1.8291666666666666,3.622413793103448,67.73448275862069,585,153,1.9154710155548453,199,3.725862068965517,657
354,0.1403,-304.4769230769231,1.7191666666666667,3.6011029411764706,69.39338235294117,559,152,1.6252784296804705,199,3.7113970588235294,428
355,0.1395,-334.4769230769231,1.9833333333333334,3.9030612244897958,66.2687074829932,573,155,2.576615511863202,199,3.9829931972789114,814
356,0.1388,-367.5076923076923,2.1758333333333333,4.369415807560137,67.89003436426117,574,151,1.8953513617670672,199,4.451890034364261,102
357,0.138,-377.2153846153846,2.1883333333333335,4.359511343804537,69.75392670157068,585,141,1.1982126326427935,199,4.453752181500873,376
358,0.1372,-322.5692307692308,1.91,3.8482142857142856,68.16785714285714,554,146,1.1881860691784214,199,3.95,172
359,0.1365,-324.5692307692308,1.7716666666666667,3.7815442561205272,67.24670433145009,541,150,1.1687908488615342,199,3.8286252354048966,50
360,0.1357,-335.6769230769231,1.7508333333333332,3.7332053742802302,66.95201535508637,522,139,1.1924749828527879,199,3.800383877159309,333
361,0.135,-351.32307692307694,1.9525,3.9078260869565216,67.94260869565217,580,148,1.4025487123887015,199,3.9843478260869567,626
362,0.1342,-288.6923076923077,1.6491666666666667,3.380106571936057,64.58969804618117,554,156,1.7450862456272804,199,3.4600355239786857,28
363,0.1335,-340.53846153846155,2.0316666666666667,4.158081705150977,68.54884547069271,573,149,2.6167802516138123,199,4.230905861456483,467
364,0.1327,-359.1384615384615,2.220833333333333,4.37742504409171,69.9700176366843,568,148,2.006173916995091,199,4.474426807760141,53
365,0.132,-305.8,1.8825,3.7929824561403507,65.19649122807017,569,153,1.4026117344881817,199,3.880701754385965,294
366,0.1313,-333.0615384615385,1.9833333333333334,3.902027027027027,69.06925675675676,605,161,1.529350227367943,199,3.9949324324324325,789
367,0.1306,-368.4,2.058333333333333,4.191972076788831,67.72425828970331,580,155,1.7151445228809377,199,4.324607329842932,260
368,0.1298,-271.69230769230774,1.6125,3.5849420849420848,68.71814671814671,522,152,0.9501194865766196,199,3.6525096525096523,210
369,0.1291,-303.04615384615386,1.8925,3.761168384879725,66.14089347079037,578,165,1.2269623649467902,199,3.821305841924399,68
370,0.1284,-306.5230769230769,1.7733333333333334,3.881453154875717,67.26386233269598,531,158,2.1871293816091626,200,3.9655831739961758,204
371,0.1277,-372.2307692307693,2.2325,4.626970227670753,68.22241681260945,570,149,1.7864260526605198,200,4.688811188811189,636
372,0.127,-317.5846153846154,1.8183333333333334,3.686619718309859,67.59330985915493,582,148,1.2250070712337904,200,3.767605633802817,164
373,0.1263,-352.67692307692306,2.058333333333333,4.13345521023766,66.6343692870201,558,146,1.1894918702780908,200,4.219378427787934,280
374,0.1256,-347.70769230769235,2.0808333333333335,4.286476868327402,68.05160142348754,557,146,1.9964981644619872,200,4.371225577264654,750
375,0.1249,-384.6923076923077,2.180833333333333,4.786116322701688,69.55534709193246,527,145,1.4301647139311133,200,4.874296435272045,792
376,0.1242,-330.7538461538462,1.9116666666666666,3.797909407665505,68.98432055749129,566,153,1.2291697189552064,200,3.907665505226481,170
377,0.1235,-371.89230769230767,2.1508333333333334,4.312820512820513,69.06153846153846,596,153,1.770242474510103,200,4.415384615384616,558
378,0.1228,-300.75384615384615,1.7308333333333332,3.7885714285714287,67.93714285714286,535,149,1.669818249919088,200,3.8704761904761904,688
379,0.1221,-288.90769230769234,1.6558333333333333,3.3513986013986012,67.83216783216783,583,159,1.618119844464872,200,3.4283216783216783,618
380,0.1215,-331.32307692307694,1.7166666666666666,3.728301886792453,67.48679245283019,544,142,1.3016472832679336,200,3.8056603773584907,509
381,0.1208,-352.3230769230769,1.9941666666666666,4.142086330935252,68.80935251798562,535,141,2.645271783213153,200,4.25,674
382,0.1201,-412.13846153846157,2.3291666666666666,4.580756013745704,70.30584192439862,597,142,2.175876110323985,200,4.6632302405498285,826
383,0.1195,-349.7692307692307,1.8966666666666667,4.054409005628518,68.0562851782364,542,135,1.5631220001568888,200,4.1482176360225145,612
384,0.1188,-387.0923076923077,2.2133333333333334,4.198333333333333,68.23833333333333,595,137,1.7155657485943243,200,4.293333333333333,239
385,0.1181,-368.1538461538462,2.0025,4.140255009107468,70.9672131147541,557,136,2.5323120632703127,200,4.218579234972678,879
386,0.1175,-391.9076923076923,1.9675,3.9674502712477397,66.8499095840868,555,138,1.7659014240605637,200,4.056057866184449,734
387,0.1168,-355.8615384615385,2.1133333333333333,4.302816901408451,69.08098591549296,566,150,1.3222286993616787,200,4.383802816901408,112
388,0.1162,-380.24615384615385,2.2316666666666665,4.651459854014599,69.19160583941606,559,132,2.0944055704259923,200,4.724452554744525,369
389,0.1156,-331.53846153846155,1.9608333333333334,3.9082892416225747,67.1305114638448,580,151,1.2847969742995948,200,3.99647266313933,18
390,0.1149,-321.1230769230769,1.8475,3.8461538461538463,65.94871794871794,560,161,1.5913531998070838,200,3.9469835466179157,806
391,0.1143,-329.0615384615385,1.9258333333333333,3.856896551724138,66.0896551724138,584,158,1.3681821830265501,200,3.9448275862068964,536
392,0.1136,-351.21538461538455,2.0375,4.163157894736842,67.40701754385965,572,151,1.4902581824030305,200,4.233333333333333,860
393,0.113,-427.03076923076924,2.3583333333333334,4.620102214650767,67.86882453151618,579,138,1.7289440050712674,200,4.706984667802385,77
394,0.1124,-363.0615384615385,1.8508333333333333,3.669051878354204,65.87656529516994,565,144,1.5318241070136809,200,3.783542039355993,648
395,0.1118,-349.2,2.02,4.003478260869565,66.55652173913043,578,150,0.9865797480519866,200,4.0834782608695654,250
396,0.1112,-327.2615384615385,1.8683333333333334,4.031307550644567,69.08471454880295,542,149,1.4005632308723717,200,4.139963167587477,43
397,0.1105,-347.8923076923077,2.1333333333333333,4.221105527638191,66.64824120603015,594,151,2.692643650510325,200,4.323283082077052,156
398,0.1099,-322.95384615384614,1.8858333333333333,3.7003424657534247,66.02054794520548,576,148,1.2196006616099924,200,3.7705479452054793,483
399,0.1093,-401.6153846153846,2.328333333333333,4.69844020797227,68.16637781629116,575,151,2.026618750252124,200,4.786828422876949,42
400,0.1087,-336.9846153846154,1.8708333333333333,3.803135888501742,65.2595818815331,570,143,1.8691761801818474,200,3.8850174216027873,153
401,0.1081,-329.2461538461539,1.9366666666666668,3.8450704225352115,66.11267605633803,568,151,1.3127597049700446,200,3.9225352112676055,329
402,0.1075,-398.32307692307694,2.1158333333333332,4.41113105924596,67.28904847396768,546,138,2.1452027441440924,200,4.484739676840215,106
403,0.1069,-337.4769230769231,1.9675,4.078181818181818,65.54545454545455,543,155,1.8324478084449431,200,4.163636363636364,645
404,0.1063,-329.2307692307692,2.0566666666666666,3.9652317880794703,68.27980132450331,601,154,1.6477748381402018,200,4.082781456953643,83
405,0.1057,-384.44615384615383,2.1641666666666666,4.328042328042328,67.08112874779542,570,151,1.5362914598440989,200,4.409171075837743,787
406,0.1052,-372.5230769230769,2.026666666666667,3.9156626506024095,66.84165232358004,588,156,2.0039112606652405,200,3.9793459552495696,859
407,0.1046,-361.1846153846154,2.0525,4.006825938566553,68.50341296928327,588,143,1.505538568228312,200,4.092150170648464,2
408,0.104,-363.61538461538464,2.004166666666667,4.0311958405545925,67.1317157712305,572,150,2.3266526784209365,200,4.126516464471404,811
409,0.1034,-319.1692307692308,1.8258333333333334,3.9774859287054407,66.71857410881802,533,152,1.1685685403853578,200,4.080675422138837,726
410,0.1028,-344.5076923076923,1.9441666666666666,3.9804270462633453,67.0693950177936,571,146,1.6490340817705564,200,4.087188612099644,345
411,0.1023,-296.0769230769231,1.7766666666666666,3.457627118644068,66.34576271186441,582,157,1.177619171541539,200,3.5508474576271185,242
412,0.1017,-316.04615384615386,1.7433333333333334,3.5441441441441444,69.34234234234235,563,145,1.321718246321515,200,3.627027027027027,216
413,0.1011,-328.8923076923077,1.835,3.6365248226950353,67.83510638297872,571,148,1.809348698183846,200,3.725177304964539,881
414,0.1006,-326.46153846153845,1.9733333333333334,3.987762237762238,66.42132867132867,559,152,1.1464485598633192,200,4.090909090909091,240
415,0.1,-361.4153846153846,2.0383333333333336,4.0731292517006805,66.15646258503402,579,153,1.623803237836178,200,4.170068027210885,664
416,0.0995,-360.2,1.9741666666666666,4.411650485436893,69.65242718446602,520,153,1.9791632185610033,200,4.479611650485437,92
417,0.0989,-309.95384615384614,1.7758333333333334,3.5948275862068964,68.29655172413793,577,156,2.3407560324350487,200,3.6620689655172414,186
418,0.0984,-354.16923076923075,1.9675,4.1297989031078615,66.38756855575869,552,160,1.462070185640227,200,4.212065813528336,716
419,0.0978,-391.75384615384615,2.3658333333333332,4.354838709677419,68.08870967741936,629,158,1.5320895444402414,200,4.447665056360709,801
420,0.0973,-368.67692307692306,2.2508333333333335,4.553982300884956,67.60530973451327,560,150,2.4638681038855537,200,4.64070796460177,44
421,0.0968,-354.6615384615385,1.8508333333333333,3.7719298245614037,67.74035087719298,571,153,1.8411209315834354,200,3.8701754385964913,784
422,0.0962,-387.0769230769231,2.154166666666667,4.154237288135593,67.79491525423728,589,150,1.3129109735455706,200,4.249152542372881,772
423,0.0957,-301.36923076923074,1.8175,3.8058076225045374,67.71324863883848,550,163,1.1088431636001403,200,3.8929219600725955,288
424,0.0952,-305.1846153846154,1.8875,3.8983957219251337,68.63992869875223,566,162,1.2896194341220928,200,3.962566844919786,389
425,0.0946,-305.2615384615384,1.815,3.7329749103942653,66.86917562724014,561,165,1.3921511616132873,200,3.826164874551971,67
426,0.0941,-364.0153846153846,1.9766666666666666,4.237226277372263,68.63686131386861,549,149,1.7831333964033378,200,4.333941605839416,370
427,0.0936,-313.8615384615385,1.8291666666666666,3.7070175438596493,64.96666666666667,546,144,1.639075827671433,200,3.8105263157894735,328
428,0.0931,-359.6615384615385,2.058333333333333,4.1328671328671325,65.57517482517483,570,148,1.638576803895695,200,4.211538461538462,443
429,0.0926,-372.6615384615385,2.0816666666666666,4.672480620155039,66.83333333333333,510,141,1.3905216716593205,200,4.77906976744186,52
430,0.092,-341.0615384615385,1.9758333333333333,3.9604130808950084,67.44922547332186,571,149,1.547549624871019,200,4.049913941480207,206
431,0.0915,-353.2153846153846,1.9366666666666668,3.8476357267950965,67.86514886164623,588,151,1.365287858632314,200,3.9316987740805605,608
432,0.091,-337.73846153846154,1.9275,3.881326352530541,68.41012216404887,568,155,2.0018918486267556,200,3.9650959860383943,219
433,0.0905,-329.8153846153846,1.9658333333333333,3.979202772963605,66.76083188908146,570,154,1.6885624964659234,200,4.067590987868284,447
434,0.09,-356.8769230769231,1.9425,3.86443661971831,65.21478873239437,570,151,1.3133049475818612,200,3.9788732394366195,86
435,0.0895,-317.5538461538461,1.9408333333333334,3.953488372093023,66.79785330948121,550,152,1.2118131061391724,200,4.0,462
436,0.089,-346.6615384615385,1.9425,3.97864768683274,66.89145907473309,568,150,1.3248597378230837,200,4.05338078291815,799
437,0.0885,-355.0769230769231,1.9108333333333334,4.165735567970205,68.59962756052141,532,140,1.178279509465333,200,4.251396648044692,646
438,0.088,-288.81538461538463,1.6733333333333333,3.570909090909091,67.16363636363636,537,155,1.6081630237499536,200,3.6636363636363636,790
439,0.0876,-298.90769230769234,1.8641666666666667,3.7204116638078903,68.67238421955403,585,157,1.2488839843728308,200,3.816466552315609,574
440,0.0871,-336.7538461538461,2.0283333333333333,3.88107202680067,67.9179229480737,602,159,2.097191990533522,200,3.966499162479062,828
441,0.0866,-337.12307692307695,1.8108333333333333,3.7262773722627736,67.8448905109489,554,159,1.892672440886351,200,3.8065693430656933,308
442,0.0861,-328.0153846153846,2.0083333333333333,4.008802816901408,68.55105633802818,564,157,1.3880291802580367,200,4.144366197183099,513
443,0.0856,-290.3230769230769,1.7683333333333333,3.3628899835796386,66.25615763546799,606,159,1.445570411626617,200,3.4729064039408866,259
444,0.0852,-301.0153846153846,1.8108333333333333,3.5197255574614066,65.58833619210978,575,158,1.0547947030888294,200,3.6174957118353346,188
445,0.0847,-322.0769230769231,1.9675,3.6314102564102564,67.77564102564102,619,158,1.4636506285051847,201,3.71474358974359,501
446,0.0842,-311.95384615384614,1.7866666666666666,3.856877323420074,66.05018587360595,524,150,1.8422399101024842,201,3.9516728624535316,568
447,0.0838,-315.36923076923074,1.9033333333333333,3.7576271186440677,67.46779661016949,596,156,1.5248775487296693,201,3.835593220338983,677
448,0.0833,-310.61538461538464,1.8133333333333332,3.7142857142857144,66.10229276895943,560,153,2.2629108464107843,201,3.802469135802469,276
449,0.0828,-346.53846153846155,2.0825,4.086003372681281,66.46205733558179,610,163,2.3046751393057225,201,4.192242833052276,244
450,0.0824,-314.04615384615386,1.8766666666666667,3.4936102236421727,67.21725239616613,618,151,1.3251758917388752,201,3.5894568690095845,94
451,0.0819,-296.9230769230769,1.7575,3.5719298245614035,66.73157894736842,569,163,1.6062044680601055,201,3.6649122807017545,830
452,0.0815,-314.9076923076923,1.86,3.8765652951699465,68.22719141323792,567,158,1.2541131007898878,201,3.9821109123434706,264
453,0.081,-275.12307692307695,1.6016666666666666,3.308256880733945,66.88256880733945,533,160,1.895320793342755,201,3.398165137614679,526
454,0.0806,-341.21538461538455,1.8458333333333334,3.777173913043478,68.70471014492753,565,143,1.291193289257187,201,3.847826086956522,727
455,0.0801,-327.95384615384614,1.8166666666666667,3.485049833887043,66.921926910299,599,158,2.031797321008812,201,3.583747927031509,126
456,0.0797,-285.53846153846155,1.6541666666666666,3.493457943925234,65.97383177570093,534,154,1.675742160064989,201,3.5794392523364484,842
457,0.0792,-292.61538461538464,1.59,3.292817679558011,67.74585635359117,551,154,1.3842408100068846,201,3.3609576427255985,701
458,0.0788,-338.12307692307695,1.9533333333333334,3.9806678383128293,68.52899824253076,570,145,1.5533683129775007,201,4.077328646748682,184
459,0.0784,-327.75384615384615,1.8808333333333334,3.8097731239092494,67.77661431064573,573,153,1.9680487603479595,201,3.910994764397906,882
460,0.0779,-379.6,2.1708333333333334,4.332185886402754,69.49913941480206,587,146,1.7924382463315076,201,4.442340791738382,306
461,0.0775,-375.44615384615383,2.0,4.051785714285714,67.89107142857142,578,138,1.1115576116805184,201,4.135472370766489,457
462,0.0771,-341.89230769230767,1.9741666666666666,3.9634782608695653,67.65565217391304,589,154,1.1916198779024503,201,4.064347826086957,628
463,0.0766,-314.4307692307693,1.8433333333333333,3.702276707530648,68.38879159369527,582,161,1.276604476974361,201,3.8248686514886163,544
464,0.0762,-350.7384615384615,2.1108333333333333,4.206484641638225,68.22184300341297,577,152,1.2637422106869154,201,4.286689419795222,758
465,0.0758,-321.84615384615387,1.8908333333333334,3.7203389830508473,65.56101694915255,573,166,1.5683582031217584,201,3.786802030456853,84
466,0.0754,-324.9846153846154,1.91,3.7922535211267605,66.67605633802818,562,150,1.6772825598385221,201,3.890845070422535,174
467,0.075,-328.73846153846154,1.925,4.007168458781362,68.03763440860214,566,156,1.8632436280730842,201,4.116487455197133,763
468,0.0745,-304.61538461538464,1.8916666666666666,3.8934280639431615,66.84191829484902,566,159,1.469316291667885,201,3.9769094138543517,109
469,0.0741,-318.7692307692308,1.8491666666666666,3.696113074204947,66.773851590106,574,158,1.9344229208337125,201,3.7879858657243815,429
470,0.0737,-315.2769230769231,1.8233333333333333,3.6021314387211367,66.32504440497335,569,148,1.930143702319444,201,3.6909413854351687,300
471,0.0733,-327.6307692307692,1.9908333333333332,3.857627118644068,67.66101694915254,582,157,1.9049724413032492,201,3.9559322033898305,33
472,0.0729,-307.75384615384615,1.865,4.02048417132216,68.50279329608938,537,158,1.1938283521542887,201,4.11731843575419,221
473,0.0725,-280.59999999999997,1.7033333333333334,3.36,68.70434782608696,586,154,1.3474946888560575,201,3.471304347826087,693
474,0.0721,-300.3230769230769,1.735,3.6529850746268657,67.95522388059702,543,158,1.3303426322859069,201,3.720149253731343,340
475,0.0717,-279.03076923076924,1.7675,3.4730434782608697,65.05043478260869,567,157,1.1743538650288305,201,3.5669565217391304,20
476,0.0713,-286.03076923076924,1.7183333333333333,3.4623655913978495,67.4695340501792,564,160,1.4541618327449166,201,3.5519713261648747,418
477,0.0709,-348.67692307692306,1.9566666666666668,4.0323159784560145,66.9443447037702,548,151,1.7309912603436497,201,4.120287253141831,296
478,0.0705,-297.5692307692308,1.8733333333333333,4.042513863216266,66.06099815157117,539,154,2.1201899956315153,201,4.107011070110701,336
479,0.0701,-341.19999999999993,2.0275,3.9092436974789915,66.35126050420168,582,151,1.4858549970409465,201,3.996638655462185,590
480,0.0697,-346.16923076923075,2.0258333333333334,4.129757785467128,68.09688581314879,573,157,1.249808354781714,201,4.23356401384083,37
481,0.0694,-299.7384615384616,1.6966666666666668,3.726930320150659,67.59322033898304,537,160,1.6148953572344569,201,3.8116760828625234,439
482,0.069,-312.4153846153846,1.925,4.049090909090909,68.28181818181818,551,159,1.2151405486187579,201,4.143636363636364,598
483,0.0686,-310.4769230769231,1.8541666666666667,3.58277027027027,66.10304054054055,592,156,1.0914929606696884,201,3.6722972972972974,498
484,0.0682,-350.9846153846154,1.9891666666666667,4.019097222222222,67.19618055555556,574,148,1.1817167594650786,201,4.112847222222222,32
485,0.0678,-335.29230769230776,1.9316666666666666,3.7322033898305085,68.25762711864407,601,148,1.2051150572258273,201,3.835593220338983,49
486,0.0675,-356.1846153846154,2.131666666666667,4.186851211072664,68.99134948096886,576,154,1.6791049747320206,201,4.269896193771626,802
487,0.0671,-335.2307692307692,2.08,4.285204991087344,66.96791443850267,555,148,1.4133486171957121,201,4.3689839572192515,375
488,0.0667,-324.8461538461538,1.7725,3.566371681415929,67.5646017699115,562,148,1.9087637671807913,201,3.6778761061946903,543
489,0.0664,-325.63076923076926,2.0283333333333333,4.211469534050179,67.1989247311828,562,158,1.4155296769890147,201,4.292114695340501,899
490,0.066,-292.2,1.7816666666666667,3.8400735294117645,69.6654411764706,538,149,1.2967658450783646,201,3.9411764705882355,832
491,0.0656,-318.5230769230769,2.158333333333333,4.31786941580756,67.71649484536083,588,158,1.6507033943332285,201,4.374570446735395,595
492,0.0653,-267.0,1.68,3.680451127819549,66.68045112781955,546,164,2.2768121529530667,201,3.7537593984962405,176
493,0.0649,-263.84615384615387,1.7691666666666668,3.548500881834215,69.11640211640211,577,168,0.8493921091255646,201,3.631393298059965,464
494,0.0645,-321.3384615384615,2.0025,3.8988195615514334,67.59696458684654,589,157,1.4422258480416348,201,3.9898819561551435,304
495,0.0642,-305.0615384615385,1.9083333333333334,3.912186379928315,68.48387096774194,559,157,1.2488391706095754,201,4.012544802867383,82
496,0.0638,-373.23076923076917,2.1758333333333333,4.543165467625899,68.77697841726619,560,149,1.8425525667333018,201,4.615107913669065,183
497,0.0635,-310.7230769230769,1.7691666666666668,3.6095406360424027,67.273851590106,569,146,1.4663889479591388,201,3.6802120141342756,583
498,0.0631,-350.0769230769231,1.965,3.7873070325900513,66.56775300171526,582,146,1.7704871820822041,201,3.8730703259005144,728
499,0.0628,-338.9846153846154,1.9875,3.9810017271157165,65.64939550949914,575,151,1.37113448875109,201,4.081174438687392,182
500,0.0624,-375.1384615384615,2.0991666666666666,4.292335115864527,68.20499108734403,568,147,1.3991507587102272,201,4.383244206773618,208
501,0.0621,-317.4153846153846,1.895,3.739424703891709,67.79864636209814,589,158,2.094543858909677,201,3.8429054054054053,354
502,0.0617,-399.0615384615385,2.4166666666666665,4.590909090909091,71.35227272727273,620,146,2.4650732111117644,201,4.683441558441558,386
503,0.0614,-347.1846153846154,1.9166666666666667,4.175373134328358,67.57089552238806,531,141,1.734333465617606,201,4.244402985074627,1
504,0.0611,-368.6615384615385,2.120833333333333,4.3543859649122805,66.69649122807017,565,146,2.0571560163019282,201,4.456140350877193,416
505,0.0607,-310.87692307692305,1.9433333333333334,3.7724137931034485,67.5896551724138,587,159,1.6263016402449246,201,3.8758620689655174,192
506,0.0604,-305.4769230769231,1.7708333333333333,3.6648936170212765,67.13475177304964,563,152,1.9654663744817658,201,3.773049645390071,631
507,0.06,-330.0615384615385,1.8141666666666667,3.754039497307002,65.17414721723519,554,150,1.3220484213749215,201,3.845601436265709,491
508,0.0597,-338.6769230769231,1.9441666666666666,4.057245080500895,66.91771019677996,552,141,1.7512713315842912,201,4.135957066189624,642
509,0.0594,-366.5692307692308,2.203333333333333,4.228070175438597,67.70526315789473,565,149,1.1589272768774104,201,4.321052631578947,588
510,0.0591,-329.0769230769231,1.8991666666666667,3.770979020979021,67.4965034965035,578,143,1.7026733642936362,201,3.861888111888112,839
511,0.0587,-339.0769230769231,1.8816666666666666,3.6481481481481484,66.10606060606061,607,157,1.1766340923608294,201,3.718855218855219,518
512,0.0584,-319.0923076923077,2.0233333333333334,3.991243432574431,68.21891418563924,598,159,1.477142824353238,201,4.073555166374781,134
513,0.0581,-304.6307692307692,1.8925,3.7178130511463845,67.39682539682539,578,166,1.9738413480318744,201,3.814814814814815,198
514,0.0578,-316.6307692307692,1.8266666666666667,3.68448275862069,67.38793103448276,573,154,1.723310658938425,201,3.7758620689655173,152
515,0.0574,-325.63076923076926,1.8933333333333333,3.7610921501706485,68.41126279863481,583,155,1.5651613036456336,201,3.8532423208191124,22
516,0.0571,-349.8153846153846,2.1066666666666665,4.139655172413793,67.48275862068965,572,152,1.4998044924573066,201,4.25,85
517,0.0568,-323.63076923076926,2.118333333333333,4.132773109243698,68.66554621848739,610,166,1.3035362734406597,201,4.231932773109244,421
518,0.0565,-241.66153846153847,1.6175,3.392405063291139,67.53526220614829,554,168,1.4435416324544166,201,3.45750452079566,630
519,0.0562,-292.8153846153846,1.7833333333333334,3.5635062611806796,68.2468694096601,567,154,1.2971836235457475,201,3.667262969588551,620
520,0.0559,-334.4153846153846,1.9616666666666667,3.998233215547703,68.01943462897526,574,149,1.2810653492469086,201,4.125441696113074,755
521,0.0556,-310.18461538461537,1.7633333333333334,3.4939341421143846,66.96013864818025,584,151,1.3746290240946457,201,3.6083188908145583,357
522,0.0553,-324.0,1.7833333333333334,3.6899641577060933,66.04480286738351,555,150,1.5192132044213438,201,3.770609318996416,349
523,0.0549,-327.5230769230769,1.7716666666666667,3.8518518518518516,68.44259259259259,546,147,1.4559362959518722,201,3.9555555555555557,189
524,0.0546,-331.6461538461539,1.8016666666666667,3.843065693430657,64.99452554744525,546,155,1.1504255769311513,201,3.9215328467153285,98
525,0.0543,-374.7692307692308,2.1325,4.037351443123939,64.47877758913413,597,147,1.741435481754707,201,4.1239388794567065,506
526,0.054,-315.86153846153843,1.84,3.813499111900533,64.92362344582594,560,166,1.5905615229287806,201,3.895204262877442,844
527,0.0537,-294.0,1.8425,3.692857142857143,66.47321428571429,566,161,1.500333357417646,201,3.7839285714285715,528
528,0.0534,-314.46153846153845,1.87,3.608108108108108,68.16554054054055,597,157,1.2309919084120984,201,3.6942567567567566,861
529,0.0531,-354.6,2.1358333333333333,4.293015332197615,68.83645655877342,576,156,1.6665417718056987,201,4.386712095400341,675
530,0.0529,-334.6307692307692,1.8716666666666666,3.732142857142857,66.92678571428571,554,149,1.4939455351002313,201,3.819642857142857,866
531,0.0526,-324.8461538461538,2.0016666666666665,3.9114139693356047,68.11925042589438,594,151,1.825222365895775,201,4.010221465076661,402
532,0.0523,-325.44615384615383,1.7975,3.7523105360443623,67.80776340110906,556,143,1.9057677139813918,201,3.842883548983364,484
533,0.052,-342.63076923076926,2.0091666666666668,3.941580756013746,68.39518900343643,575,143,1.9551827263762551,201,4.025773195876289,287
534,0.0517,-368.0615384615385,2.18,4.141891891891892,69.36486486486487,588,142,1.6351016424557083,201,4.22804054054054,519
535,0.0514,-364.61538461538464,1.8658333333333332,3.974169741697417,67.2619926199262,546,143,1.2629571309824696,201,4.060885608856089,267
536,0.0511,-337.44615384615383,1.7833333333333334,3.5128205128205128,65.86837606837607,574,148,2.5006816854387743,201,3.5863247863247865,256
537,0.0508,-391.78461538461534,2.2125,4.142164781906301,65.65589660743134,614,147,1.53812583520578,201,4.266558966074314,862
538,0.0506,-288.84615384615387,1.8241666666666667,3.5385934819897082,66.57804459691252,572,164,1.113029911256659,201,3.620926243567753,786
539,0.0503,-338.55384615384617,2.058333333333333,4.087931034482758,67.38793103448276,575,160,2.0609984310444616,201,4.175862068965517,710
540,0.05,-288.24615384615385,1.6491666666666667,3.3426573426573425,66.83216783216783,586,163,1.433443501584601,201,3.423076923076923,731
541,0.05,-281.96923076923076,1.8208333333333333,3.663157894736842,66.8157894736842,570,166,1.423921207249678,201,3.7578947368421054,127
542,0.05,-338.3384615384615,1.9366666666666668,4.01985559566787,69.51805054151625,543,147,1.723840270921693,201,4.113718411552346,190
543,0.05,-316.2923076923077,1.7033333333333334,3.6931608133086877,67.24953789279112,542,151,1.7550108646024933,201,3.78003696857671,374
544,0.05,-344.2,1.8808333333333334,4.020446096654275,67.5539033457249,549,145,1.6838040292285876,201,4.098513011152416,863
545,0.05,-351.20000000000005,2.1683333333333334,4.181049069373943,66.07783417935703,596,158,1.4127298699321513,201,4.260575296108291,722
546,0.05,-299.95384615384614,1.8816666666666666,3.7344827586206897,69.06551724137931,581,157,1.3142953252566758,201,3.8275862068965516,107
547,0.05,-305.5230769230769,1.8841666666666668,3.6745762711864405,67.45762711864407,592,152,1.6999912128123955,201,3.7610169491525425,847
548,0.05,-274.4153846153846,1.635,3.7455621301775146,67.84615384615384,518,145,1.2985106990034774,201,3.812623274161736,545
549,0.05,-342.9076923076923,1.9,3.686241610738255,66.37248322147651,613,168,1.9052279369378227,201,3.7768456375838926,145
550,0.05,-297.76923076923083,1.8208333333333333,3.675531914893617,67.26241134751773,549,158,0.9996008078760354,201,3.74290780141844,194
551,0.05,-338.3846153846154,1.98,3.980565371024735,66.90282685512368,568,154,1.4339750001627982,201,4.068904593639576,829
552,0.05,-335.8461538461538,1.8291666666666666,3.6580310880829017,65.89291882556131,583,152,1.334031527120182,201,3.7478411053540586,257
553,0.05,-321.6923076923077,1.7625,3.7896678966789668,68.11254612546125,541,149,1.5504137783464393,201,3.8616236162361623,55
554,0.05,-404.3538461538462,2.1975,4.2,68.77190082644628,613,156,1.3948281908587559,201,4.290909090909091,293
555,0.05,-285.7692307692308,1.6383333333333334,3.3781818181818184,67.72,544,153,1.255388863264139,201,3.4563636363636365,737
556,0.05,-304.53846153846155,1.7466666666666666,3.7425373134328357,66.94402985074628,534,151,1.3575785594982677,201,3.8063314711359406,246
557,0.05,-307.10769230769233,1.7991666666666666,3.998073217726397,70.68015414258188,526,150,1.435484948694904,201,4.094412331406551,253
558,0.05,-329.0615384615385,2.0308333333333333,3.952127659574468,67.76950354609929,580,160,2.082268739033112,201,4.023008849557522,668
559,0.05,-328.32307692307694,1.9883333333333333,4.052356020942408,66.66317626527051,576,157,1.2388351663515837,201,4.148342059336824,624
560,0.05,-357.66153846153844,1.9775,3.9347442680776012,67.51675485008818,569,147,1.7342893220665212,201,4.044014084507042,823
561,0.05,-353.2307692307693,1.9783333333333333,4.067137809187279,67.17491166077738,573,146,1.3456168658953158,201,4.1431095406360425,775
562,0.05,-340.0,1.9766666666666666,3.881956155143339,66.37268128161888,595,153,1.3517150699980263,201,3.9763912310286678,816
563,0.05,-335.1692307692308,1.8133333333333332,3.762589928057554,67.09532374100719,557,144,1.438355951765736,201,3.879496402877698,647
564,0.05,-381.7692307692307,2.0608333333333335,3.96763202725724,70.34412265758093,595,148,1.6805066109907438,201,4.096938775510204,318
565,0.05,-332.38461538461536,1.9141666666666666,3.8156521739130436,66.6608695652174,566,144,2.1404285294389904,201,3.893913043478261,661
566,0.05,-337.5846153846154,2.035833333333333,4.130281690140845,67.95422535211267,567,147,1.1830681251616444,201,4.207746478873239,781
567,0.05,-293.8307692307692,1.6858333333333333,3.51423487544484,65.03914590747331,556,159,1.2948843439952604,201,3.6298932384341636,504
568,0.05,-323.7538461538462,1.6691666666666667,3.3992740471869327,68.16878402903811,548,151,1.3608792442734308,201,3.499092558983666,592
569,0.05,-284.0769230769231,1.7975,3.5532646048109964,66.39003436426117,572,157,1.4688134681910483,201,3.6357388316151202,104
570,0.05,-282.0615384615385,1.7741666666666667,3.5199306759098787,68.38821490467937,584,168,1.1803511407359528,201,3.6065857885615253,446
571,0.05,-309.26153846153846,1.9091666666666667,3.9767441860465116,68.6618962432916,556,165,1.3249042352211022,201,4.075,888
572,0.05,-283.53846153846155,1.755,3.2370967741935486,66.94516129032257,612,166,1.307764617924062,201,3.335483870967742,179
573,0.05,-281.6461538461539,1.795,3.8256880733944953,68.61284403669725,545,161,1.2171058395924386,201,3.910091743119266,39
574,0.05,-295.0615384615385,1.7666666666666666,3.733455882352941,68.37316176470588,546,154,1.23714339610517,201,3.829044117647059,131
575,0.05,-317.86153846153843,1.8383333333333334,3.874087591240876,67.83211678832117,554,159,1.7337244740706341,201,3.9562043795620436,732
576,0.05,-299.18461538461537,1.8475,3.477685950413223,65.31900826446281,603,163,1.431885947223643,201,3.5702479338842976,534
577,0.05,-284.2307692307692,1.7083333333333333,3.704119850187266,66.0505617977528,530,147,1.420205527546784,201,3.795880149812734,812
578,0.05,-337.9384615384615,1.8466666666666667,3.6660839160839163,65.57167832167832,577,156,1.1769271899890492,201,3.7517482517482517,406
579,0.05,-316.83076923076925,1.8041666666666667,3.685612788632327,68.37477797513321,569,148,2.089887367798743,201,3.761989342806394,853
580,0.05,-280.5692307692308,1.7683333333333333,3.755639097744361,66.61842105263158,526,156,1.4633955564787464,201,3.8402255639097747,619
581,0.05,-354.7538461538461,2.1241666666666665,4.323374340949034,69.03163444639719,573,145,1.3169978853519435,201,4.407732864674868,121
582,0.05,-316.10769230769233,2.015833333333333,3.922680412371134,66.75601374570446,582,159,1.5007555997929676,201,4.018900343642612,394
583,0.05,-314.24615384615385,2.0441666666666665,4.064171122994653,68.44028520499108,563,158,1.3750850901927119,201,4.151515151515151,629
584,0.05,-333.78461538461534,1.9558333333333333,3.840407470288625,67.43972835314092,579,157,2.365563026857185,201,3.930390492359932,662
585,0.05,-367.9384615384615,2.138333333333333,3.99009900990099,65.51815181518151,595,158,1.1894969216800335,201,4.070957095709571,469
586,0.05,-358.12307692307695,2.1533333333333333,4.374350086655113,69.60658578856153,571,149,1.319009547403603,201,4.450606585788561,455
587,0.05,-294.10769230769233,1.6983333333333333,3.5733082706766917,68.15789473684211,545,158,1.2461628801200504,201,3.6378986866791743,273
588,0.05,-319.4153846153846,1.78,3.528497409326425,68.0293609671848,577,156,1.1335344918860946,201,3.6286701208981,663
589,0.05,-314.46153846153845,1.8341666666666667,3.5841750841750843,66.51683501683502,584,158,1.3869350516695607,201,3.676767676767677,535
590,0.05,-366.1230769230769,2.1416666666666666,4.308620689655172,69.18275862068965,571,151,1.7921685441359951,201,4.406196213425129,764
591,0.05,-317.96923076923076,1.7708333333333333,3.9825242718446603,65.67766990291263,519,150,1.5780251928994993,201,4.05631067961165,495
592,0.05,-333.12307692307695,2.0675,4.184070796460177,67.6070796460177,553,152,1.1867728331695289,201,4.302654867256638,460
593,0.05,-319.5230769230769,1.8883333333333334,3.8838028169014085,70.14612676056338,573,154,2.250137583875373,201,3.98943661971831,851
594,0.05,-286.33846153846156,1.7283333333333333,3.7761194029850746,68.77985074626865,537,158,1.0336024635401255,201,3.8544776119402986,295
595,0.05,-275.8307692307692,1.7775,3.689655172413793,67.37386569872959,554,160,1.1578741520703306,201,3.8021778584392014,130
596,0.05,-259.5230769230769,1.6041666666666667,3.5714285714285716,66.5847619047619,532,162,1.1911071592909659,201,3.638095238095238,865
597,0.05,-297.3692307692308,1.7625,3.7261029411764706,68.53860294117646,545,155,0.9701282946774684,201,3.8216911764705883,326
598,0.05,-295.4,1.7783333333333333,3.6755793226381464,68.01960784313725,561,156,1.419079758966344,201,3.748663101604278,748
599,0.05,-364.3846153846154,2.243333333333333,4.497373029772329,67.16987740805604,573,147,1.6293875034913778,201,4.604895104895105,290
600,0.05,-344.2923076923077,2.006666666666667,4.120567375886525,68.54078014184397,558,145,1.7221149699566838,201,4.214539007092198,362
601,0.05,-321.2153846153846,1.9491666666666667,3.9005145797598626,68.6672384219554,587,153,1.3347520465606038,201,3.97598627787307,21
602,0.05,-364.18461538461537,2.223333333333333,4.231147540983606,66.6327868852459,611,151,1.374603543095715,201,4.327868852459017,282
603,0.05,-334.53846153846155,2.0816666666666666,4.054421768707483,68.08163265306122,581,150,1.5285340388735833,201,4.142857142857143,218
604,0.05,-323.03076923076924,2.0166666666666666,4.0034423407917386,67.25301204819277,579,145,1.1759826282415897,201,4.101549053356282,565
605,0.05,-359.67692307692306,1.9633333333333334,4.173674588665448,67.22303473491773,547,149,1.6851381116713273,201,4.246800731261426,292
606,0.05,-319.53846153846155,1.93,4.003690036900369,68.84317343173431,535,150,1.3124598069853795,201,4.090405904059041,432
607,0.05,-336.96923076923076,1.9741666666666666,3.931740614334471,64.19112627986348,582,149,1.4760928405671168,201,4.010238907849829,71
608,0.05,-326.2153846153846,2.0116666666666667,3.8972602739726026,67.58390410958904,597,165,1.4376183303184256,201,3.9657534246575343,819
609,0.05,-313.12307692307695,2.0616666666666665,4.318014705882353,66.11213235294117,554,160,1.2571961121704325,201,4.408088235294118,96
610,0.05,-277.23076923076917,1.67,3.4627659574468086,67.20921985815603,569,163,1.1894649968873277,201,3.549645390070922,220
611,0.05,-291.6153846153846,1.8391666666666666,3.6720142602495542,67.98395721925134,558,166,1.1303867269000254,201,3.7771836007130126,450
612,0.05,-270.33846153846156,1.7,3.521201413427562,69.07420494699646,566,158,1.263206160179073,201,3.6448763250883394,177
613,0.05,-320.0615384615385,2.0025,4.252268602540835,69.18874773139746,566,162,1.498769587802636,201,4.337568058076225,277
614,0.05,-347.29230769230776,2.1975,4.290877796901893,65.69535283993115,588,155,1.6532349899431145,201,4.370051635111876,499
615,0.05,-295.0769230769231,1.87,3.905967450271248,67.47016274864376,548,160,1.3845196503629829,201,3.9981916817359857,538
616,0.05,-309.2923076923077,1.8958333333333333,4.059369202226345,66.94063079777365,538,155,1.1199199486645157,201,4.146567717996289,215
617,0.05,-310.8307692307692,1.9816666666666667,4.081996434937611,68.2566844919786,563,158,1.3969899703406048,201,4.165480427046264,745
618,0.05,-302.0615384615385,1.8391666666666666,3.9553903345724906,68.10408921933086,532,156,1.1479194558637213,201,4.022304832713755,776
619,0.05,-324.9230769230769,1.9416666666666667,3.8469387755102042,67.33843537414965,589,151,1.2661300216086584,201,3.9388794567062817,222
620,0.05,-344.7384615384616,2.0183333333333335,4.195298372513562,69.26763110307414,561,147,1.1800700730335287,201,4.267631103074141,411
621,0.05,-334.29230769230765,1.9266666666666667,3.9302325581395348,67.50626118067979,559,148,1.3557326973527302,201,4.005366726296959,199
622,0.05,-376.95384615384614,2.1933333333333334,4.2333901192504255,67.27086882453152,594,150,1.290358087804443,201,4.313458262350937,415
623,0.05,-345.78461538461534,2.0308333333333333,4.006849315068493,66.58219178082192,576,160,1.6728145601142432,201,4.10445205479452,562
624,0.05,-349.66153846153844,1.9883333333333333,3.9334470989761092,68.0221843003413,589,150,1.3542185464551935,201,4.034129692832765,825
625,0.05,-321.5230769230769,1.8475,3.753899480069324,66.54939341421144,568,147,1.348330227442127,201,3.8214904679376085,733
626,0.05,-408.32307692307694,2.4166666666666665,4.529118136439268,69.3144758735441,606,147,1.4170805298522344,201,4.633943427620633,141
627,0.05,-284.6769230769231,1.7225,3.392670157068063,66.16579406631763,573,147,1.5699136660534478,201,3.4956369982547995,576
628,0.05,-302.29230769230765,1.7516666666666667,3.607985480943739,66.74954627949184,551,158,1.4434745375830509,201,3.6969147005444647,440
629,0.05,-277.03076923076924,1.7016666666666667,3.8362573099415203,67.56530214424951,516,154,1.3628544618456366,201,3.922027290448343,502
630,0.05,-279.9384615384616,1.6125,3.359259259259259,68.1037037037037,545,157,1.2785538291106082,201,3.4296296296296296,181
631,0.05,-307.36923076923074,1.95,3.755813953488372,65.86212624584718,598,160,1.0396702527153596,201,3.823920265780731,209
632,0.05,-294.70769230769235,1.9325,3.739279588336192,67.40308747855917,585,164,1.0244065435311687,201,3.8061749571183534,704
633,0.05,-275.4769230769231,1.6216666666666666,3.2460732984293195,67.97033158813264,572,168,1.1251099924477117,201,3.341463414634146,245
634,0.05,-281.53846153846155,1.8666666666666667,3.669595782073814,66.24428822495607,567,168,1.1968392369094427,201,3.75219683655536,392
635,0.05,-291.4923076923077,1.7825,3.877094972067039,69.16945996275605,539,156,0.9930790256070876,201,3.9515828677839853,313
636,0.05,-312.5230769230769,1.915,3.717206132879046,65.90971039182283,596,160,1.3632336784298629,201,3.8245315161839866,869
637,0.05,-288.9846153846153,1.7958333333333334,3.6175942549371634,67.63734290843806,560,165,1.009210050795477,201,3.7163375224416515,91
638,0.05,-322.6615384615385,1.9541666666666666,3.81787521079258,65.83642495784149,580,162,1.4960852811843666,201,3.905564924114671,88
639,0.05,-296.4923076923077,1.8291666666666666,3.775221238938053,66.53982300884955,572,161,1.2735556267992139,201,3.8530973451327433,572
640,0.05,-306.04615384615386,1.8716666666666666,3.7577319587628866,66.25257731958763,577,161,1.3654349117429314,201,3.8539518900343643,821
641,0.05,-313.20000000000005,1.9591666666666667,3.9144851657940665,68.50261780104712,578,162,1.316210819835009,201,3.9965095986038395,692
642,0.05,-281.84615384615387,1.6616666666666666,3.4357142857142855,66.85714285714286,566,162,0.9929671852729759,201,3.5125,486
643,0.05,-342.3384615384615,2.1266666666666665,4.2375215146299485,68.80722891566265,579,153,1.8655308191779887,201,4.314974182444062,66
644,0.05,-304.8923076923077,1.755,3.326565143824027,67.67005076142132,592,156,1.3603262517482195,201,3.4145516074450084,310
645,0.05,-307.96923076923076,1.8541666666666667,3.867513611615245,66.51542649727767,557,148,1.2744517600725997,201,3.9782214156079854,409
646,0.05,-349.90769230769234,2.0875,4.1563573883161515,69.37628865979381,594,142,1.4203673508803354,201,4.25085910652921,226
647,0.05,-346.9384615384615,2.16,4.58029197080292,71.70985401459853,560,154,1.5122117080190738,201,4.664233576642336,461
648,0.05,-316.276923076923,1.7233333333333334,3.6415770609319,66.8010752688172,560,142,1.067851005880027,201,3.716845878136201,835
649,0.05,-396.69230769230774,2.0816666666666666,4.351648351648351,70.18498168498168,558,137,2.341847504500163,201,4.435897435897436,441
650,0.05,-382.7846153846154,2.015833333333333,4.246753246753247,68.07977736549165,545,142,1.3647229126036031,201,4.345083487940631,248
651,0.05,-406.5230769230769,2.3016666666666667,4.52686308492201,67.97053726169844,576,141,2.617768284331637,201,4.6325823223570195,187
652,0.05,-329.15384615384613,1.8575,3.851785714285714,68.19464285714285,554,141,1.4449393088568019,201,3.9392857142857145,849
653,0.05,-362.0615384615385,1.9441666666666666,3.8216783216783217,68.27797202797203,573,142,1.266381793697629,201,3.909090909090909,135
654,0.05,-335.87692307692305,1.8091666666666666,3.84,65.72545454545454,557,148,1.8136085506441715,201,3.9272727272727272,117
655,0.05,-320.36923076923074,1.7175,3.67032967032967,66.91025641025641,538,138,1.2421185597308955,201,3.7454212454212454,327
656,0.05,-366.2153846153846,2.109166666666667,4.041459369817579,66.74792703150912,604,154,2.87123443903946,201,4.132669983416252,353
657,0.05,-308.0153846153846,1.7808333333333333,3.4846938775510203,67.39795918367346,588,144,1.2199190404229063,201,3.557823129251701,613
658,0.05,-334.8153846153846,1.8383333333333334,3.817857142857143,66.88214285714285,575,142,1.5048591573283037,201,3.9035714285714285,867
659,0.05,-306.6307692307692,1.8458333333333334,3.743362831858407,64.929203539823,555,141,1.9007292882676343,201,3.842477876106195,723
660,0.05,-315.53846153846155,1.68,3.4964028776978417,66.98561151079137,542,136,1.4932935827054885,201,3.5755395683453237,70
661,0.05,-327.1384615384615,1.8783333333333334,3.870796460176991,66.81946902654867,560,155,1.4460335101670927,201,3.9575221238938054,870
662,0.05,-278.7230769230769,1.6241666666666668,3.4267161410018554,66.75324675324676,531,138,1.3611498386799363,201,3.5176252319109462,275
663,0.05,-344.9384615384615,2.0108333333333333,3.917948717948718,66.2940170940171,579,148,1.8304644138471586,201,4.032478632478632,805
664,0.05,-334.4153846153846,1.9658333333333333,3.9463327370304113,67.76565295169947,561,142,1.2663103680451457,201,4.042933810375671,384
665,0.05,-303.0769230769231,1.6558333333333333,3.6495238095238096,67.0,531,144,1.1433853985902187,201,3.7333333333333334,19
666,0.05,-297.55384615384617,1.8058333333333334,3.598639455782313,65.99829931972789,591,153,1.4651661334030057,201,3.683673469387755,419
667,0.05,-300.8307692307692,1.6566666666666667,3.481549815498155,66.09778597785977,543,143,1.3073351212014312,201,3.555350553505535,383
668,0.05,-340.1692307692308,1.9333333333333333,4.063752276867031,66.44444444444444,549,147,1.2276440331453984,201,4.136612021857924,604
669,0.05,-322.96923076923076,1.8766666666666667,3.913732394366197,67.54049295774648,555,154,1.26631200617441,201,4.0,838
670,0.05,-364.0153846153846,2.0791666666666666,4.285204991087344,68.54188948306596,558,134,1.6402651385782676,201,4.383244206773618,759
671,0.05,-371.2307692307692,2.0866666666666664,4.044368600682594,68.4283276450512,598,144,2.2003978035562533,202,4.124573378839591,800
672,0.05,-311.44615384615383,1.7716666666666667,3.818348623853211,67.23853211009174,542,142,1.4276867472502806,202,3.9174311926605503,610
673,0.05,-356.6923076923077,2.015833333333333,4.123893805309734,68.26017699115044,573,147,2.2184722275358557,202,4.19964664310954,770
674,0.05,-351.63076923076926,1.9716666666666667,4.045855379188713,68.23985890652557,565,143,1.1263349290369367,202,4.1305114638447975,381
675,0.05,-330.0615384615385,1.8483333333333334,3.793906810035842,66.58602150537635,562,144,1.496732088032681,202,3.881720430107527,846
676,0.05,-329.95384615384614,1.9108333333333334,3.7823834196891193,66.62348877374784,593,147,1.421431756240935,202,3.8514680483592403,385
677,0.05,-349.15384615384613,1.9316666666666666,3.836267605633803,67.71830985915493,576,147,1.0585131146058053,202,3.913732394366197,666
678,0.05,-332.3230769230769,2.0475,4.027072758037225,66.84940778341793,593,159,1.5927724854768324,202,4.115059221658206,742
679,0.05,-322.12307692307695,1.9558333333333333,4.084380610412927,65.98743267504489,558,153,1.9694763411957243,202,4.175942549371634,678
680,0.05,-286.26153846153846,1.6916666666666667,3.5703971119133575,67.53971119133574,556,150,1.586973213945142,202,3.6335740072202167,322
681,0.05,-323.2153846153846,1.8008333333333333,3.642105263157895,68.34561403508772,579,151,2.0135265066210595,202,3.731578947368421,175
682,0.05,-291.8461538461538,1.7108333333333334,3.662962962962963,66.0925925925926,533,153,1.4067458717343253,202,3.738888888888889,815
683,0.05,-302.2923076923077,1.7508333333333332,3.716878402903811,66.09800362976407,558,161,1.6953111893167145,202,3.780399274047187,363
684,0.05,-307.03076923076924,1.775,3.6767857142857143,67.20892857142857,546,154,1.2788664897913256,202,3.7696428571428573,38
685,0.05,-326.9384615384615,1.7908333333333333,3.6256499133448874,66.73830155979203,578,160,1.428635234268477,202,3.712305025996534,720
686,0.05,-292.09230769230766,1.6883333333333332,3.4018018018018017,66.25045045045044,563,152,1.279501233197012,202,3.4954954954954953,480
687,0.05,-296.3384615384615,1.8775,3.954296160877514,67.84460694698355,562,151,1.5381983721245749,202,4.036563071297989,395
688,0.05,-315.04615384615386,1.9425,3.7025641025641027,65.24102564102564,594,166,1.8689578261955289,202,3.7914529914529913,774
689,0.05,-313.96923076923076,1.8958333333333333,3.8105263157894735,66.54736842105264,583,151,1.4211843125731098,202,3.889473684210526,810
690,0.05,-292.0923076923077,1.7191666666666667,3.6370235934664246,66.82940108892922,553,155,1.2005121081240413,202,3.7259528130671504,247
691,0.05,-306.8153846153846,1.7475,3.6793478260869565,67.53623188405797,557,148,1.5505707885676523,202,3.7807971014492754,123
692,0.05,-326.70769230769235,1.86,4.00750469043152,68.38273921200751,535,158,1.3015457470290839,202,4.088180112570356,97
693,0.05,-304.19999999999993,1.8216666666666668,3.5672913117546847,65.24701873935264,582,160,1.1470579746956353,202,3.6541737649063033,573
694,0.05,-318.5846153846154,1.9808333333333332,3.90625,66.39409722222223,572,154,2.872898094911802,202,4.008680555555555,739
695,0.05,-285.4307692307692,1.6941666666666666,3.3557858376511227,67.08462867012089,574,159,1.1369064048109718,202,3.442141623488774,817
696,0.05,-308.8461538461538,1.9141666666666666,3.978181818181818,67.04,543,150,1.4711097043798205,202,4.056363636363637,35
697,0.05,-302.7846153846154,1.8241666666666667,3.6315789473684212,67.01754385964912,571,152,1.1623528095280828,202,3.729824561403509,341
698,0.05,-289.3230769230769,1.83,3.7057793345008756,67.8739054290718,575,156,0.9898521163343245,202,3.772329246935201,396
699,0.05,-309.09230769230766,1.91,3.665546218487395,66.54957983193277,593,153,2.075044561641235,202,3.7533557046979866,128
700,0.05,-335.15384615384613,1.8366666666666667,3.6998191681735983,68.64918625678119,557,150,1.4391358752924597,202,3.783001808318264,445
701,0.05,-292.7384615384615,1.7166666666666666,3.554954954954955,67.25765765765766,551,149,1.8995832607713339,202,3.6216216216216215,36
702,0.05,-312.69230769230774,1.8908333333333334,3.8117229129662524,67.49200710479573,565,156,1.24955889017679,202,3.881205673758865,655
703,0.05,-307.5076923076923,1.9116666666666666,3.84375,67.44618055555556,585,163,1.3815059029437209,202,3.9305555555555554,797
704,0.05,-294.4769230769231,1.7575,3.4956217162872156,66.53064798598949,570,159,1.1288695887089935,202,3.6129597197898424,878
705,0.05,-379.46153846153845,2.075833333333333,4.0,67.84265734265735,572,148,1.1153906070767838,202,4.080419580419581,684
706,0.05,-293.8615384615385,1.8116666666666668,3.683012259194396,67.51138353765324,567,147,1.308673031678056,202,3.7810858143607704,202
707,0.05,-344.26153846153846,1.9325,4.1254681647940075,70.5880149812734,523,146,1.2327863747018717,202,4.217228464419476,785
708,0.05,-318.0923076923077,1.9341666666666666,3.8743455497382198,67.76265270506109,574,153,1.3941814814445308,202,3.968586387434555,93
709,0.05,-348.1230769230769,1.8433333333333333,3.7539823008849558,66.60530973451327,570,147,2.4293379127395265,202,3.8619469026548674,99
710,0.05,-299.3692307692308,1.74,3.5462633451957295,67.91637010676156,579,144,1.5694087110259614,202,3.626334519572954,0
711,0.05,-325.8307692307692,1.9491666666666667,4.135185185185185,67.2,549,149,1.17440472820417,202,4.212962962962963,243
712,0.05,-317.0153846153846,1.8366666666666667,3.657986111111111,67.44965277777777,578,148,1.3754937053741692,202,3.7413194444444446,549
713,0.05,-332.53846153846155,1.8791666666666667,3.8274021352313166,68.11743772241992,567,138,1.9776261116964717,203,3.9359430604982206,25
714,0.05,-305.6,1.63,3.430426716141002,66.63079777365492,548,143,1.7174713918103734,203,3.528756957328386,438
715,0.05,-416.3230769230769,2.36,4.536752136752137,66.67521367521367,592,149,2.7456304801624483,203,4.61025641025641,114
716,0.05,-340.0615384615385,1.855,3.830357142857143,64.37678571428572,564,146,1.3174623548310103,203,3.925,473
717,0.05,-282.7076923076923,1.7158333333333333,3.6758747697974217,66.5377532228361,542,155,1.5103891004988435,203,3.744014732965009,857
718,0.05,-337.0,1.9591666666666667,3.970383275261324,67.15853658536585,574,150,1.1657407098597745,203,4.073170731707317,627
719,0.05,-310.0153846153846,1.7391666666666667,3.6940298507462686,69.79477611940298,539,151,1.7882050912627943,203,3.787313432835821,864
720,0.05,-299.44615384615383,1.755,3.34983498349835,65.09075907590758,605,164,1.6159281792700788,203,3.463696369636964,571
721,0.05,-307.7846153846154,1.9066666666666667,3.8341968911917097,67.82901554404145,572,157,1.196535740854222,203,3.937823834196891,274
722,0.05,-253.16923076923075,1.4933333333333334,3.0304114490161003,64.61717352415027,560,158,1.2664279777004095,203,3.116279069767442,831
723,0.05,-308.95384615384614,1.9141666666666666,3.7982608695652176,67.15130434782608,576,157,1.1312904388233096,203,3.871304347826087,476
724,0.05,-293.6461538461538,1.7708333333333333,3.6279491833030852,68.13067150635209,554,156,1.2292582010238176,203,3.720508166969147,673
725,0.05,-288.8923076923077,1.6816666666666666,3.4094076655052263,65.70731707317073,564,158,1.2373445165683454,203,3.491289198606272,765
726,0.05,-301.63076923076926,1.8216666666666668,3.5935374149659864,68.15816326530613,576,152,1.2182389203787012,203,3.67687074829932,691
727,0.05,-309.8461538461538,1.8458333333333334,3.7952029520295203,67.4649446494465,545,154,1.422574125238383,203,3.8985239852398523,741
728,0.05,-288.73846153846154,1.7075,3.621013133208255,66.02063789868667,533,166,2.0967329576004254,203,3.726078799249531,517
729,0.05,-285.2,1.815,3.6109215017064846,64.18771331058021,583,161,1.0851683474409233,203,3.7150170648464163,644
730,0.05,-294.9384615384615,1.8083333333333333,3.635087719298246,66.40877192982457,584,158,0.9499374446328692,203,3.719298245614035,698
731,0.05,-304.86153846153843,1.6658333333333333,3.402504472271914,66.06797853309482,561,143,1.106177106491613,203,3.5008944543828266,738
732,0.05,-297.26153846153846,1.8683333333333334,3.7464788732394365,65.96830985915493,567,162,1.1160900634860391,203,3.8380281690140845,356
733,0.05,-320.9846153846154,1.8625,3.9165120593692024,67.71243042671614,541,154,0.9796109962904916,203,3.9981447124304266,594
734,0.05,-312.78461538461534,2.0166666666666666,3.8814691151919867,65.91318864774624,600,150,1.1333659356945365,203,3.971619365609349,404
735,0.05,-319.7076923076923,1.9358333333333333,3.467948717948718,67.23076923076923,623,156,1.1196065978698875,203,3.5753205128205128,475
736,0.05,-338.3230769230769,2.0675,3.922165820642978,67.83079526226734,596,160,1.1988594017521463,203,4.0033840947546535,601
737,0.05,-308.96923076923076,1.92,3.8780487804878048,67.9198606271777,579,164,1.1098321721763853,203,3.970383275261324,671
738,0.05,-385.4153846153846,2.12,4.278829604130809,69.94664371772805,573,141,1.9437890335272254,203,4.3752151462994835,116
739,0.05,-318.81538461538463,1.88,3.676320272572402,67.98977853492335,576,154,1.2579931034174754,203,3.770017035775128,686
740,0.05,-291.84615384615387,1.6425,3.417422867513612,66.97640653357531,563,153,1.0962060803190103,203,3.5335753176043556,458
741,0.05,-275.03076923076924,1.5908333333333333,3.358595194085028,68.00369685767097,544,159,1.5071027938524855,203,3.4473197781885396,579
742,0.05,-276.67692307692306,1.6891666666666667,3.41421143847487,67.89428076256499,568,154,1.1943765032967761,203,3.5025996533795496,241
743,0.05,-298.3538461538462,1.8858333333333333,3.7487179487179487,68.77264957264957,580,161,1.3089061733702696,203,3.8273504273504275,236
744,0.05,-258.2,1.5675,3.204626334519573,66.98754448398577,561,163,1.173037273454344,203,3.2918149466192173,74
745,0.05,-288.8461538461538,1.7408333333333332,3.5805309734513275,64.94690265486726,569,161,1.5829294369196358,203,3.6849557522123892,625
746,0.05,-290.4769230769231,1.7258333333333333,3.6148282097649185,67.13381555153707,544,155,1.4599857433451806,203,3.7070524412296564,463
747,0.05,-343.10769230769233,2.1475,4.277586206896552,70.1448275862069,581,161,1.2838778703732934,203,4.375862068965517,468
748,0.05,-309.38461538461536,1.8708333333333333,3.757575757575758,69.33333333333333,569,162,1.266132730881468,203,3.8484848484848486,139
749,0.05,-311.8,1.95,3.9033989266547406,66.25402504472272,563,157,1.8614292842963347,204,3.9910554561717353,459
750,0.05,-293.0153846153846,1.6341666666666668,3.5009174311926605,68.52844036697248,535,158,1.5384234860206871,204,3.5779816513761467,442
751,0.05,-319.4307692307692,1.8891666666666667,3.838129496402878,68.18345323741008,552,156,1.1537804887257914,204,3.9154676258992804,833
752,0.05,-301.1846153846154,1.7658333333333334,3.6636690647482015,65.61330935251799,553,164,1.131262839153424,204,3.7553956834532376,593
753,0.05,-274.03076923076924,1.6941666666666666,3.2167487684729066,65.8440065681445,605,164,1.575697146115132,204,3.316912972085386,136
754,0.05,-289.63076923076926,1.7558333333333334,3.4964912280701754,66.6561403508772,567,157,1.1950040902813517,204,3.5894736842105264,773
755,0.05,-305.53846153846155,1.8541666666666667,3.7906976744186047,68.61359570661897,568,154,1.2551197574420379,204,3.883720930232558,122
756,0.05,-331.61538461538464,1.9491666666666667,3.926701570680628,65.85165794066317,568,151,1.380819384064224,204,4.022648083623693,278
757,0.05,-345.32307692307694,2.12,4.088962108731466,65.55848434925865,599,162,1.2188847726076841,204,4.171334431630972,115
758,0.05,-364.55384615384617,2.283333333333333,4.4366666666666665,69.5,606,152,1.1735355801404947,204,4.52,95
759,0.05,-317.59999999999997,1.8558333333333332,3.68824531516184,68.61158432708689,585,147,1.6314307835219193,204,3.8040885860306646,437
760,0.05,-350.6615384615385,2.08,4.029059829059829,66.87350427350427,586,150,1.4153613548866133,204,4.114529914529914,41
761,0.05,-313.21538461538455,1.845,3.7454873646209386,66.5216606498195,555,157,1.1706543374038438,204,3.839350180505415,48
762,0.05,-273.9384615384615,1.665,3.5858208955223883,66.60074626865672,537,162,1.2006793720387923,204,3.654850746268657,163
763,0.05,-239.98461538461538,1.4441666666666666,3.1020408163265305,67.37662337662337,544,164,1.4287137794078801,204,3.1948051948051948,138
764,0.05,-325.38461538461536,2.0241666666666664,3.9442567567567566,66.44256756756756,600,161,1.3942445826547536,204,4.032094594594595,454
765,0.05,-307.66153846153844,1.9666666666666666,4.0495575221238935,68.13982300884956,557,161,1.888852749017593,204,4.134513274336284,581
766,0.05,-301.86153846153843,1.795,3.6767317939609234,67.42095914742451,566,162,1.0162375747555972,204,3.783303730017762,9
767,0.05,-270.4307692307692,1.6241666666666668,3.4650735294117645,65.42463235294117,548,163,1.3448427890332673,204,3.545955882352941,57
768,0.05,-286.5076923076923,1.5858333333333334,3.3572744014732967,66.97053406998158,555,158,0.9758372493937567,204,3.4567219152854514,205
769,0.05,-284.9846153846154,1.7691666666666668,3.740740740740741,67.67037037037036,550,164,0.8777469812055195,204,3.8296296296296295,713
770,0.05,-310.5692307692308,1.885,3.6379310344827585,67.88793103448276,583,153,1.0099333052723194,204,3.717241379310345,56
771,0.05,-285.7076923076923,1.7883333333333333,3.9054820415879017,68.79206049149339,529,169,0.9886611332104807,204,4.001890359168242,302
772,0.05,-298.46153846153845,1.8691666666666666,3.6331569664903,67.3668430335097,571,153,1.3810974997267484,204,3.7336860670194003,307
773,0.05,-249.83076923076925,1.585,3.3696857670979665,65.02033271719039,544,159,1.0178604973377352,204,3.4317343173431736,297
774,0.05,-306.15384615384613,1.9275,3.9353146853146854,67.92132867132867,572,158,1.0448078129048919,204,4.019230769230769,140
775,0.05,-292.38461538461536,1.8441666666666667,3.63556338028169,67.37323943661971,572,161,1.172989321166401,204,3.6954225352112675,795
776,0.05,-271.9076923076923,1.64,3.3138297872340425,65.99468085106383,565,161,1.330348222811833,204,3.4166666666666665,521
777,0.05,-327.96923076923076,1.9883333333333333,3.8233333333333333,66.60833333333333,600,153,1.700632674672165,204,3.9183333333333334,17
778,0.05,-297.5230769230769,1.7483333333333333,3.6528028933092225,66.30560578661844,549,159,1.2273795836475059,204,3.7414104882459314,494
779,0.05,-287.7384615384615,1.8025,3.829090909090909,66.53454545454545,540,154,0.9997925320871232,204,3.909090909090909,31
780,0.05,-302.6,1.8441666666666667,3.703125,66.44965277777777,565,149,1.1574492153476428,204,3.7881944444444446,147
781,0.05,-310.44615384615383,1.7383333333333333,3.7234848484848486,68.9715909090909,530,140,1.2353225291641,204,3.820075757575758,680
782,0.05,-289.0769230769231,1.8191666666666666,3.7811934900542497,65.6998191681736,553,158,1.022455308393017,204,3.8664259927797833,30
783,0.05,-290.3692307692308,1.7491666666666668,3.6763636363636363,69.14363636363636,554,152,0.9574894046687401,204,3.750909090909091,567
784,0.05,-321.2153846153846,1.975,3.8686514886164622,65.33800350262698,549,157,1.3792791966939355,204,3.949211908931699,470
785,0.05,-339.7692307692308,1.9708333333333334,3.967013888888889,69.72048611111111,574,146,1.1712966677998227,204,4.059027777777778,514
786,0.05,-321.7384615384616,1.9233333333333333,3.7764298093587523,66.88041594454073,588,154,1.394862035830506,204,3.868284228769497,101
787,0.05,-310.4769230769231,1.7933333333333332,3.8128440366972476,68.17798165137614,538,148,0.9540991269582705,204,3.8954128440366973,331
788,0.05,-308.5076923076923,1.8675,3.8813868613138687,66.89781021897811,543,150,1.0842575406894628,204,3.954379562043796,15
789,0.05,-349.0,2.0425,4.107266435986159,69.23875432525952,568,141,1.2217485688379852,204,4.2145328719723185,456
790,0.05,-285.8153846153846,1.775,3.5905096660808438,66.42355008787347,573,162,0.9750802981571535,204,3.678383128295255,652
791,0.05,-360.87692307692305,2.1466666666666665,4.138513513513513,67.75,592,147,1.3285307805006346,204,4.253378378378378,159
792,0.05,-332.36923076923074,1.8916666666666666,3.9130434782608696,67.21014492753623,552,150,1.3130589713442362,204,3.9800724637681157,191
793,0.05,-368.24615384615385,2.2083333333333335,4.442141623488774,69.30051813471502,589,146,1.715568691737994,204,4.530224525043178,110
794,0.05,-342.2461538461539,1.9525,3.8929188255613125,67.78411053540587,585,150,2.0364970081829226,204,3.994818652849741,507
795,0.05,-307.75384615384615,1.7975,3.7284172661870505,64.98381294964028,548,150,1.1883569332126318,204,3.787769784172662,178
796,0.05,-294.76923076923083,1.81,3.7720588235294117,67.54779411764706,548,155,1.084177054467465,204,3.8455882352941178,707
797,0.05,-353.2,1.91,4.084095063985375,68.93235831809872,560,146,1.1809869028743072,204,4.155393053016454,580
798,0.05,-310.8307692307692,1.6991666666666667,3.394463667820069,66.46712802768167,579,154,1.060637220754063,204,3.4671280276816607,709
799,0.05,-355.3538461538461,2.160833333333333,4.333333333333333,69.64594127806564,584,153,1.3367612396118924,204,4.431778929188256,254
800,0.05,-300.9230769230769,1.9191666666666667,3.889279437609842,67.89279437609842,565,155,1.2346060248259958,204,3.977152899824253,515
801,0.05,-325.4769230769231,1.9908333333333332,3.8697916666666665,67.14583333333333,583,154,1.5201324402122998,204,3.954861111111111,405
802,0.05,-346.9846153846154,2.0875,4.1522491349480966,66.82179930795847,570,155,1.2236074906743746,204,4.243944636678201,771
803,0.05,-311.2769230769231,1.9541666666666666,4.03921568627451,67.88770053475936,565,163,1.1430230688889238,204,4.117647058823529,578
804,0.05,-339.4923076923077,1.8591666666666666,3.9025735294117645,70.06985294117646,559,138,1.3747290109605002,204,4.022058823529412,767
805,0.05,-339.4307692307692,2.015833333333333,4.194244604316546,70.07374100719424,565,144,1.5693048085902008,204,4.264388489208633,591
806,0.05,-323.0153846153846,1.8683333333333334,3.955719557195572,67.32841328413284,543,150,1.1228359597494786,204,4.0424354243542435,751
807,0.05,-364.20000000000005,2.0733333333333333,4.086956521739131,68.99652173913043,574,152,1.9167697611559344,204,4.179130434782609,703
808,0.05,-303.04615384615386,1.855,3.7865961199294533,67.22927689594356,572,152,1.4452417863316076,204,3.878306878306878,840
809,0.05,-325.53846153846155,1.8658333333333332,3.712305025996534,67.33102253032929,569,144,1.5821359539427395,204,3.79896013864818,768
810,0.05,-334.46153846153845,1.8733333333333333,3.7583187390542907,65.33975481611209,578,152,1.3557223464618429,204,3.8388791593695273,315
811,0.05,-280.63076923076926,1.6741666666666666,3.372093023255814,67.67441860465117,559,150,1.3213452087695043,204,3.440071556350626,430
812,0.05,-338.18461538461537,2.0008333333333335,4.088495575221239,67.8141592920354,553,144,1.0027377802399136,204,4.169911504424779,852
813,0.05,-370.38461538461536,2.2083333333333335,4.234710743801653,71.39338842975206,597,147,1.66009819653853,204,4.337190082644628,78
814,0.05,-351.0769230769231,2.129166666666667,3.8915857605177995,68.70550161812298,618,147,1.297718208492804,204,4.001618122977346,836
815,0.05,-327.4,1.9541666666666666,3.8715277777777777,65.71701388888889,569,154,1.3872485225270397,204,3.9618055555555554,422
816,0.05,-303.0,1.8033333333333332,3.6690140845070425,67.74471830985915,566,152,1.223848562031375,204,3.7517605633802815,687
817,0.05,-303.40000000000003,1.8191666666666666,3.7222222222222223,66.74193548387096,562,144,1.2804031520321584,204,3.8207885304659497,203
818,0.05,-325.79999999999995,1.8858333333333333,3.981203007518797,68.16917293233082,543,146,1.4362020562820776,204,4.086466165413534,876
819,0.05,-300.3230769230769,1.7141666666666666,3.773156899810964,69.42155009451795,529,145,0.9229567697129869,204,3.8620037807183363,90
820,0.05,-328.73846153846154,1.85,3.744386873920553,67.09326424870466,591,147,1.1649710883699156,204,3.849740932642487,754
821,0.05,-339.53846153846155,1.9541666666666666,4.108695652173913,68.52536231884058,546,155,1.2555877013533272,204,4.172101449275362,556
822,0.05,-332.6,1.8316666666666668,3.75354609929078,68.26241134751773,564,147,1.2631066297998859,204,3.8599290780141846,154
823,0.05,-286.36923076923074,1.8291666666666666,3.547169811320755,64.03087478559176,575,164,1.550783423901114,204,3.620926243567753,358
824,0.05,-278.16923076923075,1.63,3.5195530726256985,66.27374301675978,522,149,0.9787952351004661,204,3.5940409683426444,516
825,0.05,-309.4769230769231,1.9558333333333333,3.977112676056338,67.28521126760563,559,154,1.180800332460935,204,4.09330985915493,47
826,0.05,-295.3076923076923,1.7758333333333334,3.857142857142857,67.85333333333334,534,147,1.0712466610994074,204,3.9257142857142857,487
827,0.05,-295.8307692307692,1.7683333333333333,3.610320284697509,66.60854092526691,565,155,1.2278225079132072,204,3.7081850533807827,285
828,0.05,-322.3076923076923,1.8216666666666668,3.6512455516014235,67.90569395017793,569,149,0.9968953775622611,204,3.7508896797153026,195
829,0.05,-322.6153846153846,1.865,3.699288256227758,66.14234875444839,566,147,0.9491661246586302,204,3.772241992882562,637
830,0.05,-327.70769230769235,2.0183333333333335,3.948717948717949,68.92991452991453,590,154,1.2850020275759404,204,4.056410256410256,305
831,0.05,-332.24615384615385,1.9066666666666667,3.781629116117851,67.26689774696708,571,156,1.4487225594161828,204,3.901213171577123,889
832,0.05,-308.70769230769235,2.0725,4.158813263525305,68.59162303664921,575,160,1.4797496374108217,204,4.244328097731239,761
833,0.05,-308.0615384615385,1.8366666666666667,3.6460481099656357,67.42439862542955,582,157,1.2010891015974041,204,3.7199312714776633,607
834,0.05,-285.24615384615385,1.7058333333333333,3.3993115318416525,66.6987951807229,582,163,1.2260372738862007,204,3.4698795180722892,10
835,0.05,-297.81538461538463,1.9325,3.828719723183391,64.85121107266436,572,155,1.1818390336263604,204,3.91522491349481,898
836,0.05,-336.90769230769234,1.96,3.8979591836734695,67.14115646258503,595,163,1.6906369405710464,204,3.9813242784380307,157
837,0.05,-297.0,1.8725,3.8386524822695036,64.75709219858156,561,155,1.894421445229704,204,3.9343971631205674,725
838,0.05,-317.79999999999995,1.7758333333333334,3.839924670433145,68.08662900188324,532,140,1.13782000282792,204,3.926553672316384,858
839,0.05,-343.26153846153846,1.995,3.9794871794871796,69.15897435897436,575,135,1.1282104124924814,204,4.064957264957265,550
840,0.05,-374.6,2.174166666666667,4.220538720538721,66.98148148148148,601,143,1.6203275238919495,204,4.314814814814815,873
841,0.05,-321.73846153846154,1.8491666666666666,3.688927943760984,69.21089630931459,581,144,1.122710000981904,204,3.78207381370826,696
842,0.05,-303.4,1.8375,3.485996705107084,68.99670510708403,615,150,1.175506617386629,204,3.5749588138385504,76
843,0.05,-278.7692307692308,1.7541666666666667,3.5992970123022845,66.04042179261863,567,154,1.2595316008702018,204,3.6906854130052724,311
844,0.05,-301.53846153846155,1.7758333333333334,3.727777777777778,68.63888888888889,549,156,1.0489564178347155,204,3.7888888888888888,350
845,0.05,-271.6461538461539,1.6675,3.4900542495479203,67.43399638336348,554,164,1.0721642476348683,204,3.61121157323689,417
846,0.05,-277.4153846153846,1.6475,3.398563734290844,66.74326750448833,555,156,1.1975157293611542,204,3.4919210053859966,807
847,0.05,-374.5076923076923,2.1341666666666668,4.139495798319328,68.50588235294117,595,157,1.6085315516942469,204,4.238655462184874,855
848,0.05,-307.55384615384617,1.81,3.689236111111111,67.83506944444444,569,154,1.498283817919695,204,3.7847222222222223,639
849,0.05,-313.8769230769231,2.0075,4.203971119133574,66.36281588447653,538,158,1.3443171951205077,204,4.276173285198556,390
850,0.05,-280.6769230769231,1.6825,3.5181159420289854,65.61050724637681,549,151,1.279625382666146,204,3.597826086956522,820
851,0.05,-309.5846153846154,1.8141666666666667,3.6174957118353346,67.16466552315609,582,155,1.1760397021680087,204,3.6912521440823327,371
852,0.05,-325.4769230769231,1.8191666666666666,4.073852295409182,69.21956087824351,513,147,1.3012498523007663,204,4.157684630738523,14
853,0.05,-295.12307692307695,1.7358333333333333,3.54673721340388,67.90828924162257,549,140,1.0751760457813848,204,3.6296296296296298,743
854,0.05,-313.7076923076923,1.8816666666666666,3.7200674536256324,66.53794266441821,588,155,1.1684373697639525,204,3.8145025295109614,265
855,0.05,-329.1538461538462,1.9641666666666666,4.14760147601476,68.55166051660517,554,145,0.9918559067243039,204,4.22140221402214,541
856,0.05,-322.4307692307692,1.6975,3.521505376344086,67.93906810035843,561,147,1.0946220584933752,204,3.6129032258064515,317
857,0.05,-318.2769230769231,1.6833333333333333,3.662878787878788,66.74810606060606,540,147,1.016508996368788,204,3.7234848484848486,359
858,0.05,-364.8461538461538,2.0075,4.118165784832452,66.32627865961199,572,139,1.4738129999175382,204,4.208112874779541,762
859,0.05,-382.0,2.1775,4.225694444444445,67.77777777777777,583,154,2.0394696778585657,204,4.333333333333333,884
860,0.05,-334.8461538461538,1.9683333333333333,4.193078324225866,67.88342440801458,565,150,1.0959115757726345,204,4.296903460837887,453
861,0.05,-302.67692307692306,1.8375,3.6350626118067977,67.4221824686941,567,155,0.9343972822162722,204,3.70304114490161,621
862,0.05,-291.53846153846155,1.7525,3.5531914893617023,69.62765957446808,584,156,1.0336213278751867,204,3.6400709219858154,332
863,0.05,-329.5230769230769,1.8633333333333333,3.7291666666666665,67.83854166666667,566,150,1.1753076775487767,204,3.814236111111111,697
864,0.05,-332.26153846153846,1.8566666666666667,3.9651376146788992,68.19633027522936,550,149,1.3665830273482305,204,4.058715596330275,705
865,0.05,-329.1692307692308,1.9591666666666667,4.031578947368421,67.27894736842106,578,161,1.3871666245392558,204,4.101754385964912,827
866,0.05,-325.4923076923077,1.9966666666666666,3.957698815566836,65.9932318104907,590,164,1.4115471237972457,204,4.037225042301184,269
867,0.05,-294.04615384615386,1.7466666666666666,3.5027124773960217,65.33634719710669,552,162,1.1208086902518521,204,3.609403254972875,552
868,0.05,-278.41538461538465,1.5658333333333334,3.438735177865613,68.14822134387352,515,146,0.9358308743029108,204,3.5118577075098814,149
869,0.05,-307.46153846153845,1.83,3.8743068391866915,67.18669131238447,541,153,1.3024705129351706,204,3.933456561922366,148
870,0.05,-319.8,1.9925,3.8415672913117547,66.68994889267462,588,157,1.9284952284274228,204,3.9369676320272573,344
871,0.05,-388.2461538461538,2.089166666666667,4.192857142857143,67.92857142857143,585,146,1.4959531080958057,204,4.276785714285714,79
872,0.05,-351.86153846153843,2.0058333333333334,3.937282229965157,68.02090592334494,588,147,1.292718121306821,204,4.047038327526132,672
873,0.05,-327.6923076923077,1.9383333333333332,3.850799289520426,67.26998223801066,573,157,1.3316572105168905,204,3.920071047957371,585
874,0.05,-317.84615384615387,1.9,3.671304347826087,67.4295652173913,592,152,1.2829246533059264,204,3.773913043478261,270
875,0.05,-355.44615384615383,1.9616666666666667,4.019332161687171,69.27240773286468,571,149,1.335971297840825,204,4.10896309314587,330
876,0.05,-299.5846153846154,1.9233333333333333,3.546603475513428,68.18957345971565,631,162,1.327773318100438,204,3.631911532385466,609
877,0.05,-289.55384615384617,1.7233333333333334,3.5755395683453237,66.98920863309353,551,163,1.0895200775638745,204,3.6600719424460433,303
878,0.05,-299.21538461538466,1.7625,3.5120274914089347,68.08934707903781,580,158,1.3124914130920202,204,3.584192439862543,848
879,0.05,-322.8461538461538,1.9991666666666668,4.07829181494662,65.67615658362989,558,158,1.0633438834669275,204,4.153024911032029,272
880,0.05,-323.29230769230765,1.9108333333333334,3.8834782608695653,67.65565217391304,568,145,1.1747076527030176,204,3.9721739130434783,424
881,0.05,-283.44615384615383,1.8058333333333334,3.7358156028368796,65.68971631205673,562,159,1.0683460469285178,204,3.8351063829787235,669
882,0.05,-288.0923076923077,1.7991666666666666,3.504244482173175,65.16298811544992,581,155,1.2351335312430551,204,3.590831918505942,8
883,0.05,-330.18461538461537,1.8833333333333333,4.0227272727272725,66.37689393939394,534,142,1.342018488417606,204,4.088846880907372,255
884,0.05,-318.2307692307692,2.0116666666666667,4.041522491349481,67.77854671280276,569,157,1.309975495243206,204,4.102076124567474,818
885,0.05,-310.30769230769226,1.8625,3.7397504456327986,67.05525846702318,555,152,1.2573359196776785,204,3.8253119429590017,582
886,0.05,-306.2769230769231,1.7466666666666666,3.7425373134328357,65.99440298507463,531,144,1.607406785097162,204,3.8115671641791047,289
887,0.05,-320.2461538461539,1.8475,3.9312267657992566,67.42193308550186,551,149,1.0487148340968335,204,4.0353159851301115,794
888,0.05,-366.44615384615383,2.1125,4.153198653198653,67.51851851851852,599,149,1.3279432357193695,204,4.232323232323233,482
889,0.05,-353.95384615384614,2.0341666666666667,4.003454231433506,67.01899827288429,581,150,1.5520845406068233,204,4.101899827288428,59
890,0.05,-341.0923076923077,1.8825,3.781138790035587,65.35765124555161,549,140,1.6717664001983092,204,3.8523131672597866,263
891,0.05,-319.4,1.6825,3.3876106194690268,66.18938053097345,550,149,1.2235088549956223,204,3.4849557522123895,144
892,0.05,-337.6461538461539,1.9858333333333333,4.201086956521739,65.80434782608695,569,148,1.6162949407553027,204,4.269927536231884,782
893,0.05,-358.4923076923077,2.1683333333333334,4.237201365187714,69.31740614334471,589,158,1.3696761733475868,204,4.320819112627986,569
894,0.05,-295.44615384615383,1.6491666666666667,3.3935599284436493,67.38998211091234,570,154,1.0843880389029967,204,3.4651162790697674,804
895,0.05,-315.3384615384615,1.8175,3.486254295532646,66.5446735395189,587,159,1.2216095460259109,204,3.5635738831615122,711
896,0.05,-284.1538461538462,1.6241666666666668,3.3595706618962433,64.99463327370304,549,161,1.166255608570964,204,3.445438282647585,54
897,0.05,-339.3538461538461,2.035,3.8971807628524044,68.42786069651741,603,148,1.5218301830176268,204,3.9784411276948592,261
898,0.05,-346.6,2.0316666666666667,3.9659863945578233,67.03061224489795,589,161,1.5284416457204988,204,4.0476190476190474,659
899,0.05,-298.75384615384615,1.8266666666666667,3.8231046931407944,68.39530685920577,551,153,1.0512269413179935,204,3.88086642599278,760
