episode,epsilon,total_reward,avg_queue,avg_wait_s,avg_travel_s,throughput,switches,td_loss,q_table_states,avg_delay_s,traffic_seed
0,1.0,-9241.015384615384,101.0625,95.30261011419249,168.07014681892332,1165,85,5406.858693226891,73,134.2041884816754,577
1,0.9945,-12141.76923076923,120.50666666666666,112.8910728910729,185.9164619164619,1097,81,8058.890170661688,135,192.93972403776326,712
2,0.989,-7559.8,67.45666666666666,62.83908948194662,117.41915227629514,1219,83,3410.526324242951,207,72.78966789667896,770
3,0.9835,-9441.076923076922,101.51333333333334,101.53372189841798,158.5653621981682,1059,80,5398.396277257031,243,129.09287257019437,798
4,0.9781,-8767.646153846154,96.19083333333333,93.98273026315789,162.29934210526315,1116,82,4219.292817819319,278,171.96449704142012,36
5,0.9726,-7444.8,61.615,57.872093023255815,114.25968992248062,1237,81,3164.199736327265,325,67.84724292101342,460
6,0.9673,-8149.107692307692,75.55083333333333,68.14623338257016,126.25923190546528,1279,83,3570.1083402719046,353,76.42919389978213,371
7,0.9619,-6969.153846153847,51.58583333333333,44.16985294117647,93.97941176470589,1296,83,2948.922685400667,422,44.32279411764706,833
8,0.9566,-7592.030769230769,62.32083333333333,55.33407243163341,109.18920916481892,1266,81,3171.3004385690515,464,64.11903012490815,557
9,0.9513,-7581.63076923077,60.51083333333333,56.3507972665148,107.7744874715262,1267,82,3618.8192432417527,537,56.568716780561886,381
10,0.946,-7587.584615384615,70.18416666666667,62.46209912536443,122.55830903790087,1336,85,3239.5753133823073,572,79.05455850681982,429
11,0.9408,-7921.2,56.89333333333333,51.104874446085674,101.72230428360413,1315,75,3267.807380991599,643,51.94682422451994,141
12,0.9356,-8543.292307692307,68.16916666666667,58.79985704074339,108.40028591851322,1256,78,3742.6717660796894,669,59.423429781227945,223
13,0.9304,-9117.246153846154,87.18166666666667,78.41079812206573,144.2793427230047,1295,83,4190.959528248435,689,95.88274831964152,784
14,0.9253,-8445.969230769231,76.065,69.49341595662277,124.8869093725794,1255,82,3789.228784374589,709,97.4157060518732,762
15,0.9202,-9899.661538461538,107.07,113.27216856892011,173.6558384547849,1039,83,5500.739832558617,731,170.07562408223203,838
16,0.9151,-7110.953846153846,55.47083333333333,44.86303387334315,96.51104565537555,1374,79,2700.303022099244,769,46.54933726067747,450
17,0.91,-8056.723076923077,67.8125,55.751728907330566,111.06016597510373,1352,83,4060.023344306643,813,57.78773259820813,2
18,0.905,-7668.630769230769,66.73666666666666,58.259009009009006,113.80855855855856,1343,86,3510.4270727251164,836,60.09234234234234,81
19,0.9,-8310.800000000001,72.57666666666667,66.44142746314972,120.52055857253686,1241,79,3561.074554133131,863,88.3528122717312,363
20,0.895,-8961.938461538462,82.545,74.60403726708074,132.73757763975155,1243,83,4720.014503078478,873,99.93524650478292,690
21,0.89,-8968.184615384616,80.30166666666666,69.59020044543429,128.66295471417965,1299,81,4455.9428221900425,882,89.9913357400722,846
22,0.8851,-6714.523076923077,60.39333333333333,52.951708766716195,106.58320950965825,1278,84,2688.21242005673,896,79.30865102639297,728
23,0.8802,-7650.569230769231,64.9775,56.14432234432235,110.79047619047618,1320,85,3699.481548170662,908,62.244347191830784,406
24,0.8753,-7119.969230769231,57.751666666666665,49.84218399401645,101.82498130142109,1293,82,2885.795895449194,928,56.24233358264772,636
25,0.8705,-7642.96923076923,60.763333333333335,53.360727272727274,103.14981818181818,1260,81,3347.969124537164,953,53.49090909090909,46
26,0.8657,-10315.384615384617,94.86583333333333,87.65546875,153.67734375,1250,82,5708.547156464791,960,115.69362017804154,899
27,0.8609,-7258.169230769231,55.193333333333335,49.56656804733728,100.36242603550296,1326,77,2654.4892580553674,979,51.80251479289941,659
28,0.8561,-8679.123076923075,86.5225,79.44310474755086,137.71363978899774,1181,86,4822.114264986649,985,81.72017353579176,869
29,0.8514,-7465.076923076924,67.5425,62.1124213836478,118.30267295597484,1284,82,3084.7335142723155,997,102.83870967741936,144
30,0.8467,-7233.230769230769,59.681666666666665,50.993449781659386,107.2787481804949,1315,84,2891.9295660510184,1015,58.30058224163027,497
31,0.842,-7337.861538461539,55.48416666666667,48.40380228136882,103.47908745247149,1318,83,2723.6163381720953,1033,52.40729483282675,885
32,0.8373,-8757.153846153846,71.91583333333334,64.32315711094564,119.36559940431869,1250,83,4466.916211542243,1055,70.4639475600874,553
33,0.8327,-6779.984615384616,60.4575,55.334087481146305,110.54901960784314,1248,86,2825.335074245294,1069,65.6498889711325,209
34,0.8281,-9022.923076923078,75.42333333333333,66.04853620955316,126.75346687211093,1306,82,4330.394818089749,1073,95.4216606498195,512
35,0.8235,-6553.184615384615,46.33,42.03125,90.4641768292683,1302,80,2182.3605867515917,1082,42.07359635811836,415
36,0.819,-8187.138461538461,70.70916666666666,59.10898796886058,113.53432413305025,1325,83,4255.9986102659395,1103,58.97399859451862,778
37,0.8144,-8920.215384615383,70.24083333333333,58.664792691496835,113.0997891777934,1412,78,4420.004078117869,1125,61.17064606741573,366
38,0.8099,-9320.953846153847,79.70083333333334,64.16058906030855,126.31907433380084,1426,80,4826.698241302617,1136,80.6086956521739,472
39,0.8054,-6233.461538461538,46.5925,39.90766939687267,89.27177959791511,1346,83,2174.978225096204,1147,40.5142024763292,84
40,0.801,-7665.523076923077,62.736666666666665,55.84505988023952,110.72679640718563,1289,83,3144.632781115157,1153,62.893382352941174,609
41,0.7966,-9618.938461538462,87.21333333333334,74.54731264193792,136.39364118092354,1270,85,5265.614508344645,1157,114.59015206372194,895
42,0.7922,-5495.369230769231,43.32083333333333,38.17712177121771,87.14317343173431,1333,83,1589.9366891485445,1169,39.24132841328413,781
43,0.7878,-10035.876923076925,85.72916666666667,77.73216995447648,141.39757207890744,1290,81,5662.798404621816,1187,84.12407680945347,529
44,0.7834,-5071.661538461538,38.6675,33.952871870397644,80.5279823269514,1325,84,1543.9493563307788,1210,34.07437407952872,688
45,0.7791,-7192.446153846155,56.034166666666664,48.72733865119652,100.93908629441624,1327,81,2783.790504783286,1219,50.66424945612763,216
46,0.7748,-7317.123076923077,59.60166666666667,50.93991416309013,104.53934191702432,1341,80,2791.727750429833,1228,52.50822015725518,502
47,0.7705,-5848.723076923076,43.498333333333335,38.237631184407796,85.81934032983509,1280,84,2092.7913277281395,1245,38.33558052434457,531
48,0.7662,-9806.538461538461,75.5275,68.66796875,125.48046875,1199,80,4851.140364043005,1251,73.26992481203007,674
49,0.762,-5387.876923076923,40.48583333333333,34.979256080114446,82.1173104434907,1375,83,1716.8028532003232,1266,35.103719599427755,53
50,0.7578,-9638.553846153845,80.79916666666666,70.01982378854626,129.86857562408224,1333,78,4364.6823943328,1272,83.41629955947137,515
51,0.7536,-7410.246153846154,60.08833333333333,53.54517374517375,108.71196911196911,1330,82,3227.0829907334937,1277,58.29946929492039,147
52,0.7494,-8816.692307692307,83.01,68.5066854327938,127.64180154820549,1340,84,4488.265276157692,1286,85.75035161744023,587
53,0.7453,-7918.676923076922,60.971666666666664,52.858525688756515,107.18838421444528,1320,80,3372.3558280800894,1301,56.595697329376854,164
54,0.7411,-7002.2307692307695,54.85166666666667,47.62599854756718,98.33986928104575,1310,83,2850.2440360619903,1310,47.9680464778504,443
55,0.737,-7864.107692307693,60.598333333333336,51.45161290322581,107.71111111111111,1382,84,3613.3075607202168,1320,53.2652329749104,74
56,0.733,-7664.615384615385,63.91166666666667,57.43281365998515,110.98292501855977,1251,86,3686.409763456466,1325,58.857454545454544,245
57,0.7289,-6320.753846153846,48.435833333333335,44.160578386605785,94.04109589041096,1280,81,2374.201851086159,1333,44.55891238670695,667
58,0.7249,-6503.4769230769225,47.450833333333335,42.686230248307,92.42964635063957,1321,82,2418.1403059266513,1338,42.8653122648608,760
59,0.7209,-7573.353846153846,66.22916666666667,56.214548126377665,116.37839823659074,1374,87,3561.8588150650985,1341,64.85943190094683,627
60,0.7169,-7729.107692307693,64.13833333333334,55.79389312977099,109.53282442748092,1287,82,3471.3564791865438,1350,61.08320610687023,589
61,0.7129,-7391.030769230769,53.189166666666665,48.32667179093006,99.38816295157571,1273,79,2839.884810508095,1357,48.41813989239047,887
62,0.709,-6649.169230769231,60.3075,53.99046221570066,108.70359501100513,1312,83,2709.1537392315354,1359,68.07204610951008,646
63,0.705,-6647.784615384615,61.1925,58.41237113402062,111.03092783505154,1195,85,2738.2856678466756,1363,60.84420567920184,314
64,0.7011,-5527.476923076923,40.5925,35.7917282127031,82.5096011816839,1340,82,1702.1225846322798,1370,35.90768094534712,105
65,0.6973,-6467.246153846154,49.16166666666667,42.784342688330874,91.27326440177252,1316,84,2564.7792482955533,1377,42.89586410635155,344
66,0.6934,-6183.430769230768,46.568333333333335,38.44903988183161,89.36041358936484,1360,85,2170.9736727390286,1382,39.74002954209749,199
67,0.6896,-7068.661538461538,61.08,52.61691542288557,102.96943852167733,1339,82,2888.616690257891,1403,52.78393745557925,253
68,0.6858,-6004.338461538462,48.82666666666667,43.275836431226764,88.3628252788104,1296,81,2037.830367621588,1413,43.37769516728625,49
69,0.682,-6036.492307692308,44.91166666666667,37.92769342010123,87.21547360809834,1394,80,2098.065438488464,1420,38.289949385394074,836
70,0.6782,-7491.461538461539,63.215,56.84194977843427,114.64549483013293,1290,83,3514.357797740457,1425,62.68,106
71,0.6744,-5732.661538461539,41.075,35.8740795287187,84.68262150220913,1360,84,1921.2889925719792,1432,35.994108983799705,329
72,0.6707,-6244.569230769232,48.55916666666667,43.52580403889304,92.88032909498878,1286,79,2263.6144985258657,1451,44.29398663697105,417
73,0.667,-7607.153846153846,57.41916666666667,53.8375,105.6515625,1282,83,3230.7574956464377,1454,54.07890625,98
74,0.6633,-7845.415384615386,61.34583333333333,51.52891986062718,105.76585365853659,1422,83,3687.7863506650287,1458,51.770731707317076,774
75,0.6596,-7278.984615384616,55.94166666666667,47.430077301475755,99.78004216444133,1381,81,3177.3482519153595,1471,47.5769501054111,716
76,0.656,-6900.753846153846,49.58166666666666,43.940520446096656,93.4,1320,80,2517.4025171055946,1486,44.038661710037175,813
77,0.6524,-8455.092307692306,70.50916666666667,59.605466012613874,112.97056762438683,1353,81,4059.832972873495,1496,62.215782122905026,8
78,0.6487,-7051.6,52.259166666666665,42.61292665214234,94.44153957879448,1387,78,2492.964665354581,1503,44.33986928104575,867
79,0.6452,-7167.123076923078,55.340833333333336,49.6580118694362,100.42878338278932,1300,81,3087.4382022207574,1512,49.810830860534125,354
80,0.6416,-5540.984615384616,41.285,37.34724292101341,84.80700447093889,1299,80,1852.6567296065107,1517,37.450819672131146,388
81,0.638,-6803.861538461539,50.88666666666666,45.05663189269747,95.12146050670641,1281,81,2687.435556042926,1521,45.163189269746645,789
82,0.6345,-5386.276923076923,39.635,35.322916666666664,82.78645833333333,1328,82,1710.6701801080828,1525,35.44940476190476,708
83,0.631,-4685.723076923077,34.14666666666667,30.0327868852459,76.3859910581222,1351,81,1273.5105469060916,1535,30.137751303052866,601
84,0.6275,-6161.692307692307,46.465833333333336,39.489105935386924,87.19834710743801,1314,80,1965.065282772431,1543,40.753568745304285,220
85,0.624,-5784.307692307692,47.19583333333333,40.21615875265769,91.95676824946847,1374,83,2013.304821410674,1552,43.25316455696203,384
86,0.6206,-6643.153846153846,45.556666666666665,39.14736070381232,88.95894428152492,1369,84,2700.006521678815,1554,39.32380952380952,325
87,0.6171,-4956.969230769231,36.19166666666667,30.60028551034975,77.03354746609564,1347,81,1561.4292358398156,1562,30.73233404710921,350
88,0.6137,-7674.246153846154,69.545,59.298097251585624,110.51374207188161,1277,82,3650.153836919204,1563,59.600281491907104,604
89,0.6103,-7181.553846153847,55.15416666666667,49.322338830584705,100.61019490254873,1320,83,3136.8090575367282,1566,49.56671664167916,206
90,0.607,-5165.984615384616,38.18666666666667,32.30819434372734,78.18129079042785,1343,84,1562.9870180915796,1572,32.40899202320522,560
91,0.6036,-5762.892307692307,40.855,36.42433460076045,84.5551330798479,1291,80,1795.453976232163,1581,36.60456273764259,270
92,0.6003,-7203.846153846154,52.745,44.92704495210022,97.3367722918202,1319,82,2700.5565095701313,1587,45.10095799557848,251
93,0.5969,-5201.676923076924,39.48583333333333,34.00585223116313,80.15069495245062,1373,80,1424.4269549832336,1592,34.821506949524505,703
94,0.5936,-7504.215384615383,60.71,54.310243183493,105.2343404568902,1296,80,2892.2217285420334,1596,54.4620486366986,603
95,0.5904,-8597.169230769232,66.85,59.59689349112426,113.57544378698225,1325,80,3924.8292688713964,1606,62.82396449704142,395
96,0.5871,-6820.492307692307,52.635,44.362544169611304,94.1208480565371,1338,84,2803.9823943700385,1615,44.41566690190543,89
97,0.5838,-5827.8,42.674166666666665,36.12754716981132,83.22792452830188,1314,83,2042.9187411650341,1618,36.22641509433962,854
98,0.5806,-7999.184615384616,69.335,62.74109792284867,118.53783382789318,1283,83,4120.024149878871,1619,66.31682447195921,94
99,0.5774,-7591.430769230768,57.43833333333333,50.954040029651594,102.79614529280948,1350,82,3417.8140979790564,1620,51.207561156412154,100
100,0.5742,-7932.046153846153,62.61,55.55572176514585,108.11219147344802,1290,83,3665.8961593050453,1624,57.44560357675112,126
101,0.571,-6223.169230769231,52.36333333333334,45.55620437956205,96.98613138686132,1323,83,2606.8030718343116,1626,46.49197080291971,69
102,0.5679,-5628.1846153846145,39.0725,34.262573964497044,80.4164201183432,1307,81,1711.9095305444598,1632,34.39615668883962,13
103,0.5647,-5861.876923076923,43.089166666666664,39.10684089162183,86.72021521906225,1274,81,1993.4877601549294,1636,39.584485407066055,623
104,0.5616,-6430.553846153845,45.844166666666666,39.5374449339207,88.6079295154185,1359,78,2195.995472898673,1641,40.209251101321584,853
105,0.5585,-5525.538461538462,41.111666666666665,34.64705882352941,81.6219512195122,1377,83,1789.8544606541188,1647,34.74175035868006,26
106,0.5554,-7480.769230769231,59.635,54.10235026535254,109.59135708870356,1251,81,3299.030430868456,1651,56.30809595202399,792
107,0.5523,-7338.815384615384,52.70333333333333,48.81564678543764,98.02091402013943,1264,82,2992.18946994231,1651,48.940356312935705,19
108,0.5493,-5827.446153846154,43.788333333333334,36.93449781659389,88.68413391557496,1406,86,2157.5853519721145,1653,37.48471615720524,297
109,0.5462,-6252.461538461539,43.4875,38.52567049808429,86.93486590038314,1330,79,2230.518765764381,1661,38.62375478927203,70
110,0.5432,-6313.230769230769,45.67916666666667,38.73294629898403,87.45718432510886,1358,83,2485.890580779318,1666,38.84397677793904,814
111,0.5402,-5497.276923076923,41.7675,37.357142857142854,85.00300751879699,1309,85,2033.921663086198,1669,37.446616541353386,25
112,0.5372,-5104.9384615384615,39.2125,32.12863372093023,77.34738372093024,1327,82,1598.3298760366852,1669,32.18274111675127,595
113,0.5343,-5918.630769230769,49.77333333333333,43.46504782928624,95.58057395143487,1360,82,2151.1273509420785,1674,44.75,291
114,0.5313,-4952.569230769232,40.3025,35.56521739130435,81.62518740629685,1263,84,1450.409068778945,1679,38.46567164179105,718
115,0.5284,-6853.215384615385,53.990833333333335,48.97487065779749,100.19216555801921,1274,85,2850.3646989938884,1684,49.2719881744272,376
116,0.5254,-7465.861538461539,58.79,51.10698365527489,103.1849925705795,1327,81,3389.194246350981,1690,52.231054977711736,198
117,0.5225,-6550.923076923076,49.38333333333333,43.422374429223744,93.27016742770168,1297,84,2642.7922734203294,1695,43.79908675799087,281
118,0.5196,-6766.03076923077,49.64,43.249815770081064,93.19159911569639,1321,81,2778.243177557673,1699,43.363301400147385,827
119,0.5168,-6615.938461538462,50.91,43.376488095238095,95.30580357142857,1369,78,2447.0086398668923,1701,44.536458333333336,201
120,0.5139,-5208.584615384616,37.94416666666667,34.45566692367001,81.77949113338474,1270,80,1537.8034762146265,1709,35.45952197378566,162
121,0.5111,-5960.984615384616,41.839166666666664,35.550253073029644,84.50686912509039,1407,81,2007.6593428693986,1715,35.655097613882866,513
122,0.5082,-5824.123076923077,41.19916666666666,36.26133743274404,84.83013066871638,1281,82,2074.9123138160335,1717,36.40046118370484,189
123,0.5054,-9124.861538461539,73.70833333333333,63.51564828614009,121.44485842026826,1330,81,4789.575550503202,1721,63.77645305514158,447
124,0.5026,-5705.261538461538,42.744166666666665,36.6703056768559,85.65793304221252,1398,79,2072.3069191154013,1724,36.77309090909091,870
125,0.4998,-4888.199999999999,38.33416666666667,32.13285198555957,78.82960288808664,1359,86,1670.6782403186373,1725,32.30036101083032,112
126,0.4971,-5734.907692307694,39.94916666666666,33.742467718794835,81.33285509325681,1378,80,1901.8067490353121,1728,33.85007173601148,692
127,0.4943,-8461.923076923078,67.60166666666667,59.451367781155014,116.93465045592706,1314,80,4060.6229807241666,1730,82.40832724616509,54
128,0.4916,-7045.569230769231,60.41,52.5,104.08225108225108,1326,83,3165.021325072776,1731,52.72871572871573,605
129,0.4889,-4463.215384615385,32.528333333333336,29.88464476699771,74.80213903743315,1291,82,1323.5653281729667,1740,30.022154316271962,121
130,0.4862,-7700.369230769233,64.31583333333333,56.510279001468426,112.82892804698972,1320,81,3521.234182032441,1747,58.10927390366643,804
131,0.4835,-7875.738461538462,54.50083333333333,46.029667149059335,94.8986975397974,1315,78,3594.678024819665,1752,47.284066330209086,387
132,0.4808,-4935.7692307692305,37.973333333333336,30.663011695906434,78.16959064327486,1380,82,1766.7238937143559,1753,33.16812865497076,194
133,0.4781,-7196.830769230769,51.7825,42.80654545454546,90.52363636363637,1330,76,2629.005189281792,1757,42.97963636363637,56
134,0.4755,-6048.0,44.16,37.399144689950106,85.29294369208839,1361,80,2014.322303665206,1763,37.63435495367071,238
135,0.4729,-6619.6461538461535,53.85,45.42226890756302,96.83263305322129,1354,81,2741.7922134197142,1766,48.86986778009742,23
136,0.4703,-6608.276923076923,54.29,48.11694152923538,96.9415292353823,1246,82,2821.4070321371146,1767,48.06529713866471,680
137,0.4677,-5931.83076923077,47.11333333333334,42.03383458646616,92.12105263157895,1271,80,2138.9249841958845,1771,42.97533632286996,649
138,0.4651,-7877.630769230769,58.7525,52.44274252370533,105.74981765134937,1334,82,3796.523643704844,1775,52.76513493800146,808
139,0.4625,-6379.184615384615,47.77583333333333,42.44764795144158,93.42033383915023,1302,84,2517.2151324158644,1781,42.63657056145675,181
140,0.4599,-6953.892307692307,49.85583333333334,43.899328859060404,93.71886651752423,1313,80,2962.2436759303823,1783,43.997017151379566,576
141,0.4574,-6263.6461538461535,45.901666666666664,39.99349240780911,87.94432393347795,1342,84,2516.3953069960116,1788,40.084598698481564,357
142,0.4549,-4909.169230769231,38.310833333333335,33.39143064633261,81.71822803195352,1375,84,1534.4874177944514,1790,33.55047204066812,374
143,0.4523,-4755.415384615385,34.775,30.65718453683443,77.67323121808899,1359,81,1437.5738019897658,1794,30.916119620714806,495
144,0.4498,-5040.430769230768,35.885,30.894892672094745,76.67949666913397,1329,82,1538.6244445489585,1795,30.993338267949667,486
145,0.4474,-6432.292307692307,53.97833333333333,46.498577524893314,98.26600284495021,1334,85,2806.718518485887,1797,47.37420269312544,353
146,0.4449,-5182.692307692308,35.5875,30.602400600150037,77.19954988747187,1361,82,1759.0693850694977,1800,30.769692423105777,852
147,0.4424,-6360.6,49.59583333333333,44.73617339312407,94.30119581464874,1309,79,2595.332257965361,1806,49.224215246636774,334
148,0.44,-5548.123076923077,38.33166666666666,33.369196757553425,79.31540162122329,1341,80,1747.6129128844657,1812,33.487840825350034,657
149,0.4375,-6026.492307692308,46.641666666666666,42.03073463268366,94.2383808095952,1330,80,2115.4237430434728,1815,44.604947526236884,234
150,0.4351,-6922.2,51.39,46.48869836321122,93.28838659392049,1206,81,2772.6220628308483,1819,46.596258768511305,628
151,0.4327,-8488.738461538462,74.66,65.03323699421965,123.43352601156069,1319,79,4035.0918143569324,1828,98.85903698534543,142
152,0.4303,-5478.246153846154,49.458333333333336,42.35895465026903,93.58800922367409,1256,82,1813.4665684615638,1832,53.61847085541257,731
153,0.4279,-5674.430769230769,41.82,36.93259259259259,83.55555555555556,1315,82,1873.6863851868393,1839,36.988156920799405,111
154,0.4256,-7856.153846153846,63.59166666666667,54.87817638266069,110.07997010463379,1328,84,4134.873563952376,1840,55.25989544436146,150
155,0.4232,-5931.5230769230775,46.93666666666667,40.2266081871345,88.86988304093568,1331,79,2058.486738274285,1843,40.41885964912281,103
156,0.4209,-6521.892307692307,54.134166666666665,45.650735294117645,96.67058823529412,1340,86,2677.4735422621375,1846,45.85084496693607,886
157,0.4185,-5454.107692307693,40.9075,36.48962962962963,83.97111111111111,1323,77,1971.9859539742922,1848,37.03700962250185,382
158,0.4162,-6781.7692307692305,47.80583333333333,39.87172011661808,91.35422740524781,1387,81,2743.4714729861676,1851,40.30517115804807,93
159,0.4139,-5902.384615384615,41.4925,36.95140470766894,84.47000759301443,1300,83,2042.9792300858799,1852,37.0501138952164,138
160,0.4116,-5702.7692307692305,49.92333333333333,44.31337767923134,92.08721359940873,1305,81,1997.0503029491417,1853,48.20454545454545,77
161,0.4094,-5783.369230769232,51.593333333333334,47.067214339059,93.64227035100822,1238,78,1945.3977110583041,1857,47.4560236511456,701
162,0.4071,-5953.6923076923085,40.50666666666667,35.1389504804139,85.19586104951959,1405,80,2108.78361002627,1862,36.836659275683665,173
163,0.4048,-5222.83076923077,34.625,30.338267949666914,76.50259067357513,1363,79,1603.2617931976663,1864,30.422649888971133,45
164,0.4026,-3914.369230769231,30.621666666666666,27.205794947994058,72.06463595839524,1320,81,939.0524227639804,1870,27.655096011816838,891
165,0.4004,-5760.9384615384615,39.485,34.36168582375479,81.44750957854406,1318,79,2107.0264909548764,1872,34.477394636015326,738
166,0.3982,-6669.43076923077,57.16166666666667,51.446727549467276,102.77321156773212,1243,81,2632.788033865902,1874,55.903659447348765,346
167,0.396,-5236.599999999999,37.4975,33.803405572755416,79.78018575851394,1242,78,1661.0339576208673,1875,33.89164086687307,212
168,0.3938,-6473.476923076923,55.42333333333333,49.710090361445786,105.29442771084338,1305,83,2639.0336859652707,1877,53.24322289156626,292
169,0.3916,-4830.876923076923,37.339166666666664,33.08339538346984,79.25912137006702,1313,83,1574.777376574567,1877,33.19434102755026,153
170,0.3894,-8715.36923076923,70.25333333333333,60.05490483162518,119.8770131771596,1338,81,4395.3771204640925,1880,60.18374816983894,264
171,0.3873,-5592.692307692307,40.653333333333336,34.706577974870655,82.96156688839616,1341,79,1852.6363610479689,1882,34.869179600886916,590
172,0.3851,-6816.876923076923,54.015,47.92008639308855,102.35565154787616,1319,85,3225.6801175113837,1885,50.365010799136066,337
173,0.383,-4755.384615384615,37.361666666666665,32.26178390137781,79.61276287164613,1367,82,1503.7608113543781,1887,32.57070340826686,888
174,0.3809,-6217.538461538462,45.48583333333333,38.64368650217707,89.0232220609579,1386,82,2362.6110535426888,1889,38.76705370101597,721
175,0.3788,-5303.430769230768,41.3625,34.302158273381295,84.77553956834532,1388,85,1730.6812172618609,1889,34.8058950395399,389
176,0.3767,-7081.738461538462,49.33083333333333,40.800294767870305,91.4885777450258,1343,77,3047.5378635125267,1891,40.90058910162003,893
177,0.3746,-5734.630769230769,49.17333333333333,43.71354933726068,95.90279823269513,1338,85,2174.6783629516895,1891,47.78077203204661,514
178,0.3725,-6595.599999999999,48.65833333333333,39.035444947209655,89.04524886877829,1312,83,2587.1981204247136,1896,39.160633484162894,647
179,0.3705,-4879.323076923078,33.994166666666665,30.20369003690037,75.44132841328414,1298,80,1575.8396040728894,1898,30.301107011070112,195
180,0.3684,-5680.784615384615,42.1775,35.45428773919206,84.28632175761871,1424,83,1992.9527068699078,1898,35.54886685552408,28
181,0.3664,-6102.030769230769,47.410833333333336,41.26820208023774,91.30980683506687,1296,81,2318.9434995322536,1899,44.73997028231798,284
182,0.3643,-5166.246153846154,38.344166666666666,31.920714285714286,78.45214285714286,1395,80,1657.2272676860216,1900,32.046395431834405,783
183,0.3623,-6468.661538461539,47.27583333333333,42.10576221735959,91.52808169219547,1318,78,2521.2632335478093,1904,42.2436177972283,418
184,0.3603,-6068.830769230769,43.205,37.620029455081,85.77319587628865,1312,78,2161.5695776196103,1905,38.474963181148745,358
185,0.3583,-5500.030769230769,37.7475,33.49925816023739,79.63946587537092,1325,76,1709.6792775148076,1905,33.59792284866469,583
186,0.3563,-7015.138461538461,53.86833333333333,44.46511627906977,94.59593023255815,1336,86,3199.3212016552084,1907,44.557412790697676,857
187,0.3544,-4709.276923076924,31.169166666666666,25.78978534418949,71.32494448556625,1365,83,1515.0356358048045,1909,25.841832963784185,445
188,0.3524,-5246.584615384614,37.89416666666666,33.1662817551963,79.70130869899923,1293,83,1670.1911940131308,1910,33.259430331023864,208
189,0.3505,-6270.0,48.005,41.578947368421055,89.64546783625731,1350,78,2579.9769168432927,1912,44.22295321637427,884
190,0.3485,-8895.107692307693,80.45416666666667,68.47429398986242,124.940622737147,1284,82,4947.493962598731,1920,70.6842867487328,521
191,0.3466,-5475.092307692308,39.5475,33.44967880085653,81.30692362598144,1361,84,1878.3173180651086,1923,33.56245538900785,296
192,0.3447,-5861.738461538462,40.2175,33.90622710622711,81.81831501831502,1400,80,2001.8111311877733,1925,34.01758241758242,303
193,0.3428,-4724.415384615384,35.65,30.76878612716763,76.6221098265896,1374,81,1570.7469384964547,1927,30.861371841155236,12
194,0.3409,-5734.4769230769225,49.10583333333334,43.54498902706657,92.46159473299195,1318,84,2115.134205812204,1929,43.87125091441112,99
195,0.339,-4676.107692307693,34.37,31.223484848484848,77.24848484848485,1316,82,1423.0150292565647,1934,31.36287878787879,550
196,0.3371,-6831.538461538462,48.18666666666667,40.16618911174785,89.78868194842407,1386,81,2854.422702589916,1936,40.27005730659026,518
197,0.3352,-6179.046153846154,48.26,42.00506146059291,91.57339117859725,1334,82,2508.2670004615848,1937,42.395516992046275,438
198,0.3334,-5172.523076923077,37.80833333333333,32.826994780014914,79.66442953020135,1350,80,1738.5584549046248,1938,32.94113263785395,158
199,0.3315,-5751.6461538461535,45.505833333333335,39.33526430123099,86.49094858797973,1337,80,2061.9287841829496,1939,40.822894168466526,606
200,0.3297,-4944.538461538463,37.486666666666665,32.06607929515418,78.69603524229075,1347,81,1555.126247384675,1942,32.190161527165934,634
201,0.3279,-5106.0615384615385,37.86333333333334,32.424528301886795,78.75036284470247,1347,82,1750.3383056027617,1943,32.52066715010877,63
202,0.3261,-6834.9384615384615,48.405,42.3963768115942,91.72971014492754,1351,79,2756.396283714744,1943,42.46560463432296,359
203,0.3243,-5624.984615384616,42.41166666666667,35.85972523499638,83.70209689081706,1360,82,1984.068601028838,1944,35.9942154736081,274
204,0.3225,-5701.307692307692,43.420833333333334,38.03863298662704,88.4702823179792,1314,83,2236.078337727399,1945,38.25909428359317,817
205,0.3207,-6667.461538461538,54.625,47.17727930535456,101.17004341534009,1352,85,3327.122727863967,1947,47.61777456647399,662
206,0.3189,-6560.0,50.181666666666665,43.879113018598,93.87482117310444,1365,81,2664.7765285287433,1952,44.01072961373391,729
207,0.3172,-7291.1846153846145,53.275,45.74283667621776,95.6310888252149,1369,79,2990.446371077672,1953,45.83750894774517,669
208,0.3154,-5695.015384615384,48.33833333333333,42.14852198990627,90.41312184571017,1323,85,2581.7145818385743,1954,43.45028818443804,221
209,0.3137,-7786.938461538462,68.41166666666666,61.544977511244376,116.34182908545728,1244,84,4257.723741043054,1954,62.422710622710625,724
210,0.3119,-5762.184615384615,44.22,37.59366197183098,86.63098591549296,1388,81,2279.0796320602785,1954,38.04859154929577,566
211,0.3102,-6003.292307692308,46.44833333333333,41.139240506329116,90.97542814594192,1323,82,2179.8987958369216,1955,41.29560685033507,140
212,0.3085,-6941.8,50.306666666666665,43.753246753246756,95.03391053391053,1354,81,3138.1218781035327,1957,45.602453102453104,165
213,0.3068,-6185.030769230769,44.9575,38.909498878085266,87.71428571428571,1326,79,2386.5035290835053,1959,39.01645474943904,117
214,0.3051,-5454.307692307692,39.225833333333334,35.35041446872645,83.72343632253202,1323,80,2163.3014285878353,1962,35.47550866616428,594
215,0.3034,-7151.184615384615,59.473333333333336,55.13957055214724,105.96625766871166,1232,81,3189.1363564382746,1970,56.1882001493652,889
216,0.3017,-4875.015384615384,31.838333333333335,27.40925789860397,71.96105804555474,1356,75,1383.2643544000866,1973,27.494489346069066,422
217,0.3,-8037.584615384615,58.134166666666665,49.76289398280802,104.86819484240688,1398,77,3616.473829341218,1973,50.41690544412607,222
218,0.2984,-5595.6923076923085,37.945,33.6245325355273,79.52655198204937,1329,77,1880.5481527857194,1978,33.735228122662676,5
219,0.2967,-5839.661538461538,45.36416666666667,38.28550512445095,87.5592972181552,1363,83,2185.5821686952977,1981,38.41361639824304,136
220,0.2951,-4802.153846153846,34.57,30.471036585365855,76.58155487804878,1313,84,1818.4150518924534,1982,30.544554455445546,633
221,0.2935,-6473.138461538461,44.99333333333333,37.91532540237929,85.75017494751575,1428,81,2397.9859861908612,1988,37.991608391608395,318
222,0.2918,-5053.615384615385,38.0425,32.32685115931189,80.36275243081526,1337,82,1662.2133937159902,1989,32.57292445774121,326
223,0.2902,-5152.0,40.87166666666667,36.489171023151606,83.34578043315908,1290,80,1693.777157559408,1992,36.64973861090366,786
224,0.2886,-7048.953846153845,50.41916666666667,43.54236060825489,94.77552498189718,1385,80,2978.263743888859,1996,43.784938450398265,290
225,0.287,-4554.707692307692,31.56833333333333,27.52906548933039,72.214863870493,1324,78,1378.3177052064455,1998,27.618837380426786,734
226,0.2854,-7333.076923076924,66.1275,57.91138328530259,111.78818443804035,1301,83,3666.8675254226987,1999,58.20100864553314,834
227,0.2838,-5408.400000000001,38.41583333333333,34.19925373134328,81.74029850746268,1317,78,1723.0732354683155,2004,34.581343283582086,261
228,0.2823,-6411.923076923077,48.79416666666667,45.38639876352396,97.86166924265842,1267,80,2619.5811845286994,2004,45.72720247295209,707
229,0.2807,-4890.815384615385,37.11833333333333,31.59475218658892,77.5131195335277,1339,83,1625.0800936574403,2005,31.707725947521865,484
230,0.2792,-6635.276923076923,48.524166666666666,41.6067335243553,91.32378223495702,1389,79,2714.37523960907,2006,41.72369362920544,186
231,0.2776,-5570.876923076923,42.770833333333336,36.036454610436024,83.87062187276626,1373,80,1957.5735651874086,2008,36.17142857142857,356
232,0.2761,-4383.123076923077,31.311666666666667,28.930086410054987,73.69599371563237,1236,83,1321.3697579841596,2008,29.030636292223097,876
233,0.2746,-7654.707692307692,57.185833333333335,49.75901875901876,102.6075036075036,1346,82,3907.1776901433927,2013,50.00937950937951,160
234,0.273,-6629.830769230768,53.75,45.54792560801145,93.53719599427754,1415,75,2466.5035040091607,2019,49.65398167723749,269
235,0.2715,-5735.953846153846,41.751666666666665,36.802189781021895,84.6978102189781,1332,83,2377.2778312066876,2020,36.90510948905109,123
236,0.27,-6223.723076923076,47.4375,40.38991477272727,90.53196022727273,1328,81,2672.5907330696205,2024,40.50355113636363,454
237,0.2685,-4593.969230769231,34.99166666666667,31.77351392024078,77.46425884123401,1289,83,1569.9375595571373,2027,31.87208427389014,533
238,0.267,-7154.538461538462,61.91916666666667,53.8782991202346,106.64589442815249,1277,82,3451.8361256135872,2032,59.11760461760462,644
239,0.2656,-6325.276923076924,46.5075,39.75824964131994,88.44978479196557,1360,79,2468.714087177711,2032,39.850789096126256,538
240,0.2641,-6108.692307692307,42.586666666666666,38.995219123505976,88.27011952191235,1286,82,2545.8911361992787,2035,39.10199203187251,754
241,0.2626,-6593.507692307692,54.2175,47.815007429420504,98.98662704309064,1329,83,2668.3464012013287,2037,48.1880088823094,740
242,0.2612,-6338.446153846154,50.57333333333333,43.099066762383345,92.92749461593682,1365,82,2454.9842423412288,2037,43.569907735982966,519
243,0.2597,-6543.384615384615,49.91,41.745098039215684,94.48075526506899,1381,81,2603.697569293402,2037,42.65722585330428,691
244,0.2583,-4822.338461538462,33.79666666666667,30.872670807453417,78.0419254658385,1280,81,1531.6242894766974,2039,31.077639751552795,839
245,0.2569,-6573.753846153846,47.17916666666667,39.86550976138829,90.23861171366595,1360,82,2565.8936331423915,2040,40.40028901734104,654
246,0.2555,-7120.246153846154,55.47,45.923395445134574,97.14285714285714,1402,79,3129.7072618941543,2050,47.511387163561075,401
247,0.254,-5945.96923076923,46.33083333333333,38.76589797344514,86.85534591194968,1416,82,2405.546135434934,2050,39.14954577218728,68
248,0.2526,-5515.523076923077,39.925,35.3019985196151,81.57660991857882,1328,79,1910.4956472642061,2051,35.40414507772021,758
249,0.2512,-6308.2,47.553333333333335,42.870370370370374,94.64370370370371,1298,81,2712.2907865183165,2053,43.62222222222222,602
250,0.2498,-4121.153846153846,29.963333333333335,25.916913946587538,69.4540059347181,1309,82,1268.5930110604652,2055,26.012601927353597,865
251,0.2485,-5204.784615384615,41.494166666666665,37.279970215934476,84.05733432613552,1314,82,1939.5917107714222,2056,37.433035714285715,277
252,0.2471,-5163.861538461539,42.594166666666666,36.21782178217822,85.39745403111739,1358,84,1876.7516654180424,2056,37.634370579915135,321
253,0.2457,-5825.353846153846,48.1225,40.93950177935943,90.03060498220641,1387,82,2176.6039272504718,2056,41.78820184790334,386
254,0.2444,-5313.107692307693,36.79333333333334,32.64296636085627,79.13302752293578,1282,78,1783.2284700310247,2057,32.81039755351682,273
255,0.243,-6765.246153846154,62.395833333333336,53.700934579439256,102.85621854780733,1308,83,2994.1412538871696,2058,54.475212464589234,660
256,0.2417,-7490.16923076923,62.13333333333333,54.001421464108034,105.69509594882729,1310,82,3507.2016813549008,2059,55.72746478873239,522
257,0.2403,-6587.569230769231,48.4625,40.45387453874539,90.26420664206643,1354,79,2843.5241440020404,2062,40.556457564575645,161
258,0.239,-6268.292307692308,48.61,41.92143906020558,93.21953010279002,1364,81,2711.882149710937,2066,42.678650036683784,58
259,0.2377,-5165.215384615385,38.873333333333335,34.83001531393568,85.78637059724349,1310,81,1751.81804215302,2069,35.37136294027565,579
260,0.2364,-4634.492307692308,34.57083333333333,29.531039640987284,76.29468960359013,1324,83,1435.1544586105047,2071,29.964846671652953,509
261,0.2351,-7729.50769230769,62.37916666666667,51.374821173104436,103.43705293276109,1346,83,3865.966952643676,2072,51.50143061516452,163
262,0.2338,-7518.923076923077,55.52166666666667,49.328838951310864,100.69513108614233,1303,78,3469.10394286504,2073,49.549812734082394,64
263,0.2325,-4657.861538461539,37.0125,33.331320754716984,80.68301886792453,1321,81,1475.3090444078362,2075,33.89283018867925,575
264,0.2312,-5985.938461538462,47.19083333333333,40.54110612855008,89.39162929745889,1338,83,2249.1197332896995,2077,48.214233308877475,471
265,0.2299,-5375.938461538461,37.891666666666666,33.444526627218934,81.08727810650888,1352,80,1915.6256828323392,2079,33.54511834319526,168
266,0.2286,-5300.538461538462,39.909166666666664,34.804931109499634,81.6874546773024,1338,84,1960.168112486834,2080,34.92965917331399,807
267,0.2274,-6144.984615384615,53.24166666666667,47.183807439824946,100.8395331874544,1308,83,2575.1511719687355,2081,56.553376906318086,109
268,0.2261,-5589.753846153846,43.64,38.166666666666664,84.2094395280236,1276,82,2149.4230809117275,2083,38.496,41
269,0.2249,-5665.384615384615,40.8325,35.72647702407002,83.36615609044493,1321,82,1937.5976873826621,2083,35.818380743982495,776
270,0.2236,-5406.430769230768,39.63916666666667,33.368382886149384,79.80783176214648,1366,78,1844.9660656557962,2085,33.49963741841914,416
271,0.2224,-4796.246153846154,34.44416666666667,28.09264705882353,72.5220588235294,1317,82,1658.6555279406116,2085,28.19779411764706,683
272,0.2211,-7415.415384615384,54.718333333333334,48.70722713864307,100.13274336283186,1318,79,3267.019345404567,2087,48.84513274336283,101
273,0.2199,-6590.738461538463,52.83833333333333,44.36109167249825,97.43596920923723,1379,81,2816.1002557057927,2087,47.675,508
274,0.2187,-5918.938461538462,43.4025,38.04191176470588,86.6625,1334,82,2453.057354164578,2088,38.19338235294118,120
275,0.2175,-6595.492307692309,49.515,43.31041814316088,91.4401133947555,1345,80,2918.7485219443743,2089,43.4479092841956,892
276,0.2163,-4654.876923076923,33.93666666666667,29.512518409425628,75.51767304860088,1351,83,1411.106578428982,2089,29.64580265095729,459
277,0.2151,-6615.784615384616,49.54333333333334,42.23163841807909,90.94420903954803,1357,80,2815.1895935507214,2090,42.351694915254235,480
278,0.2139,-6573.707692307693,52.23583333333333,45.650145772594755,97.24708454810495,1329,80,2783.6982339126166,2092,46.85787172011662,475
279,0.2127,-5262.815384615385,37.29833333333333,31.768833087149186,77.61078286558346,1363,80,1879.9591157043099,2096,31.87370753323486,752
280,0.2115,-4285.16923076923,30.20916666666667,25.878654970760234,69.6907894736842,1324,80,1465.3136923878749,2096,25.99342105263158,448
281,0.2104,-5586.307692307692,40.10333333333333,34.85735512630015,81.21693907875186,1346,80,1865.950038386935,2098,34.95988112927191,380
282,0.2092,-4591.815384615385,34.64833333333333,31.21347464042392,76.30355791067373,1286,82,1526.6860805229594,2099,31.345950037850113,304
283,0.208,-6023.43076923077,44.62833333333333,38.515195369030394,86.17872648335745,1341,79,2290.3695416733362,2101,40.669319826338636,477
284,0.2069,-4539.692307692308,40.909166666666664,35.63138686131387,81.44744525547445,1313,83,1462.1483682672592,2104,39.751819505094616,640
285,0.2058,-6523.000000000001,47.405833333333334,42.653874538745384,90.57785977859778,1348,80,2511.6182836689545,2105,42.78007380073801,821
286,0.2046,-6417.969230769231,47.089166666666664,38.69436416184971,87.78829479768787,1363,82,2576.311912459565,2107,38.907514450867055,227
287,0.2035,-6924.430769230768,49.69083333333333,40.393419170243206,90.56223175965665,1364,81,2852.2694849472186,2108,42.81125356125356,873
288,0.2024,-7598.246153846153,60.270833333333336,51.110871130309576,101.53491720662348,1319,81,3768.039251709904,2109,51.70127118644068,795
289,0.2012,-5725.8153846153855,40.358333333333334,36.742528735632185,85.41226053639846,1280,81,2183.8926032758754,2112,36.863705972434914,745
290,0.2001,-3975.7692307692305,28.934166666666666,24.628865979381445,69.5058910162003,1371,84,1202.615336061291,2112,24.737849779086893,439
291,0.199,-4929.615384615385,35.711666666666666,31.589082638362395,78.37831690674754,1311,80,1627.084901777957,2113,31.72630780894617,771
292,0.1979,-6741.892307692308,48.99916666666667,41.063226744186046,89.85392441860465,1376,82,2915.468679227296,2113,41.196220930232556,597
293,0.1968,-6760.953846153847,51.93083333333333,45.68263473053892,96.69985029940119,1322,80,3240.531260110203,2116,46.9271523178808,610
294,0.1957,-7694.092307692307,59.31916666666667,51.102409638554214,106.65286144578313,1321,83,3804.699299326265,2118,53.25055106539309,119
295,0.1946,-5006.046153846154,34.766666666666666,31.133432171979244,77.49592290585619,1336,81,1593.0929820414456,2119,31.22238695329874,859
296,0.1936,-5887.123076923077,46.61666666666667,38.569296375266525,87.4321250888415,1406,82,2194.078183322018,2120,40.94740582800284,24
297,0.1925,-7884.5999999999985,53.9925,46.49751243781095,97.41293532338308,1391,76,3655.2122564059487,2122,46.663113006396586,544
298,0.1914,-7381.753846153846,67.00833333333334,59.75294985250738,117.21238938053098,1326,82,3824.155289371064,2122,71.04646017699115,170
299,0.1904,-8965.292307692307,75.98916666666666,64.81057268722466,117.80616740088105,1300,81,4956.019811743083,2123,64.59080962800876,278
300,0.1893,-5493.107692307693,38.83166666666666,34.05385190725505,80.15632011967091,1324,80,2014.4615918688814,2125,34.16230366492147,420
301,0.1883,-6344.476923076923,46.0125,38.9361249112846,88.24414478353442,1392,81,2693.6492596342473,2132,39.07026259758694,15
302,0.1872,-7210.138461538461,61.525,52.195868945868945,103.64529914529915,1349,78,3468.6523201083746,2135,52.340925266903916,678
303,0.1862,-5502.892307692307,42.096666666666664,37.83455882352941,84.42573529411764,1316,83,2256.2182718313743,2138,37.95594713656388,517
304,0.1852,-5326.769230769231,41.6075,36.87582659808964,83.64217487141808,1320,82,1999.3475811149697,2138,37.13483965014577,92
305,0.1841,-5174.599999999999,39.615,35.39413919413919,80.81538461538462,1302,81,2066.3204199598426,2139,35.43891733723482,55
306,0.1831,-5247.907692307692,38.23416666666667,32.49391553328561,78.65926986399427,1360,79,1818.5438731780519,2139,32.662133142448106,343
307,0.1821,-5597.153846153846,40.935,34.93357933579336,79.4819188191882,1312,80,2428.849771769332,2139,34.87710314557425,118
308,0.1811,-6518.892307692308,49.73916666666667,42.920937042459734,94.07979502196193,1345,80,2620.304333297514,2141,44.080527086383604,464
309,0.1801,-4237.3538461538465,30.078333333333333,26.199556541019955,70.86031042128603,1334,82,1310.1162100579159,2142,26.302291204730228,629
310,0.1791,-5878.323076923077,41.998333333333335,34.80706921944035,83.4278350515464,1354,80,2371.9209320104947,2143,34.91752577319588,145
311,0.1781,-5214.123076923077,39.87,35.02718589272594,83.43277002204262,1343,82,2077.5916994890226,2145,35.21895664952241,666
312,0.1771,-6871.6923076923085,49.21,43.82262773722628,92.22627737226277,1331,78,2954.739996618611,2148,43.98978102189781,398
313,0.1762,-7356.1846153846145,52.649166666666666,44.88002822865208,96.72971065631616,1403,79,3792.4365052648604,2150,45.26958362738179,596
314,0.1752,-3891.43076923077,25.674166666666668,23.868149324861,68.45115170770453,1272,79,1075.3137225881214,2153,23.979348689436062,449
315,0.1742,-4803.046153846155,34.6075,31.213465952563123,77.20964039785768,1311,79,1719.9953397236598,2153,31.312165263963276,246
316,0.1732,-6170.615384615385,52.25333333333333,46.3184855233853,94.33184855233853,1272,79,2369.743651914621,2156,51.83005105762217,759
317,0.1723,-6915.523076923077,54.62416666666667,47.78728070175438,98.59722222222223,1326,83,3644.0513121366625,2156,47.92251461988304,80
318,0.1713,-6137.184615384615,41.895,36.800586510263926,84.73093841642229,1360,78,2476.9395734007126,2158,36.894428152492665,582
319,0.1704,-6181.492307692308,45.26416666666667,39.03813559322034,88.93926553672317,1415,80,2801.656452956997,2159,39.21398305084746,225
320,0.1694,-6054.784615384615,49.535,41.8963503649635,91.64817518248175,1319,80,2535.8083008533235,2159,45.072976878612714,551
321,0.1685,-6273.046153846154,46.49916666666667,40.32995658465991,87.76410998552822,1283,81,2646.9993785264214,2159,40.38961038961039,391
322,0.1676,-4896.276923076923,31.8325,28.67101226993865,73.78220858895706,1319,77,1556.753635552241,2160,28.750766871165645,20
323,0.1666,-5031.43076923077,37.62833333333333,33.9320987654321,80.5949074074074,1284,80,1841.2298297095856,2160,34.02391975308642,250
324,0.1657,-5232.015384615384,39.990833333333335,35.5648628613788,81.05707931801334,1307,76,1886.6780924186296,2161,36.10611643330877,35
325,0.1648,-6263.799999999999,43.7475,36.76193870277976,83.20313613684961,1346,77,2413.591515496926,2161,36.86671418389166,18
326,0.1639,-5658.169230769231,44.026666666666664,39.49591078066914,89.11970260223049,1263,81,2611.2632211414084,2161,39.90155440414508,670
327,0.163,-7040.415384615385,56.855,48.40701001430615,100.61230329041487,1348,80,3195.8917193368725,2163,50.11945636623748,500
328,0.1621,-6576.3076923076915,48.41916666666667,42.36861313868613,92.36788321167883,1334,83,2808.4693696567415,2164,42.50729927007299,559
329,0.1612,-5679.661538461538,41.92,38.07268553940321,86.8814078041316,1321,77,2086.492069920903,2167,39.078806426931905,205
330,0.1603,-5079.384615384615,37.954166666666666,33.19926470588236,78.25441176470588,1317,79,1711.2288108376822,2167,33.319117647058825,882
331,0.1594,-6621.553846153846,44.3525,37.58815028901734,84.66329479768787,1390,77,2831.2724120774697,2168,37.71604046242775,485
332,0.1585,-7893.246153846154,58.410833333333336,47.804614275414565,100.41528478731074,1373,83,4187.728541823033,2170,47.979812545061286,506
333,0.1577,-6033.384615384616,43.155,38.21182634730539,86.70508982035928,1315,80,2500.7810738598737,2171,38.4311377245509,400
334,0.1568,-6361.584615384615,51.62416666666667,44.73481481481482,93.64518518518518,1296,82,2612.825106229792,2171,45.16062176165803,735
335,0.1559,-4611.430769230768,31.42,27.91549295774648,72.40696812453669,1318,80,1405.5656346660192,2171,28.00889547813195,799
336,0.155,-6648.2307692307695,50.001666666666665,42.99493853940709,92.15762834417932,1331,81,2878.853787175993,2171,43.08604483007954,479
337,0.1542,-4743.723076923076,35.13333333333333,31.29175946547884,76.88938381588716,1309,82,1659.9389252041105,2171,31.392724573125463,403
338,0.1533,-4701.830769230769,34.638333333333335,30.479970326409497,76.29154302670624,1335,80,1427.8892663473875,2171,30.613501483679524,863
339,0.1525,-6593.861538461539,54.215833333333336,45.410841654778885,96.85592011412268,1366,82,3023.2215476082188,2173,46.00641940085592,71
340,0.1516,-5320.03076923077,38.76833333333333,33.1088534107402,79.6712626995646,1363,80,1656.7436041286282,2174,33.237300435413644,310
341,0.1508,-5184.107692307693,37.16416666666667,33.652671755725194,80.42900763358779,1312,78,1719.0470224836927,2177,33.76412213740458,548
342,0.15,-5769.246153846154,37.59,32.19345454545454,78.02909090909091,1360,74,2067.292315797823,2179,32.32363636363636,578
343,0.1491,-6022.984615384615,48.37,40.50143266475645,91.20200573065902,1373,81,2288.5857973774123,2180,40.90830945558739,412
344,0.1483,-8127.953846153845,61.5,53.239644970414204,106.65458579881657,1300,79,4235.045242022788,2182,53.749260355029584,840
345,0.1475,-7054.430769230769,61.659166666666664,52.54843408594319,105.55863073561544,1308,86,3716.8294630761498,2182,58.46077032810271,79
346,0.1467,-6364.138461538461,48.74,41.958452722063036,90.59885386819484,1372,81,2691.8997348608095,2184,42.08452722063037,365
347,0.1459,-5386.7692307692305,36.74583333333333,32.37565347274085,77.57356235997013,1323,77,1903.079897751206,2185,32.45108289768484,569
348,0.1451,-6036.092307692308,47.33416666666667,40.19985358711567,88.86530014641288,1353,82,2563.890526444379,2186,40.80893118594436,713
349,0.1443,-4827.0,37.30083333333334,31.158113730929266,77.76352288488211,1376,84,1790.9932824292046,2186,31.770401106500692,85
350,0.1435,-6151.092307692308,41.43333333333333,34.90782122905028,79.83798882681565,1356,75,2167.922831288853,2186,35.03631284916201,534
351,0.1427,-5776.846153846154,45.51083333333333,38.41940085592012,85.98716119828816,1364,81,2141.714602264004,2186,44.328815977175466,626
352,0.1419,-4716.6,33.89,28.605823863636363,73.8330965909091,1381,79,1442.9634962896644,2188,28.70028409090909,166
353,0.1411,-4107.2,30.6525,27.815927873779113,73.22013523666416,1320,88,1583.5280587762518,2188,27.911344853493613,494
354,0.1403,-5896.446153846155,42.155833333333334,36.72768192048012,84.3953488372093,1331,80,2062.6107032906284,2188,36.82070517629408,482
355,0.1395,-6911.784615384615,48.75083333333333,44.41585639491399,92.7509349289454,1279,78,3747.748391067137,2189,44.53552729992521,214
356,0.1388,-5949.907692307692,46.80833333333333,41.195086705202314,90.61271676300578,1335,79,2665.4009304094334,2191,43.37652987760979,635
357,0.138,-8077.446153846155,64.10416666666667,54.04211277658815,107.51320485367594,1381,76,4008.1025650197867,2194,55.96788008565311,367
358,0.1372,-5180.307692307692,38.09916666666667,32.67930250189538,79.29112964366945,1286,82,1990.4716519463536,2195,32.80667172100076,812
359,0.1365,-6759.215384615385,57.60666666666667,49.50634696755994,100.11495063469675,1301,80,3801.7451936999796,2199,52.908321579689705,122
360,0.1357,-6244.015384615384,51.27,41.973684210526315,93.64400584795321,1323,82,2820.324689174324,2200,43.94078947368421,711
361,0.135,-6206.676923076923,45.329166666666666,37.92141312184571,87.02739726027397,1369,80,2653.3698635655437,2200,38.257925072046106,542
362,0.1342,-7917.969230769232,73.05583333333334,65.94600591715977,121.86612426035504,1279,82,4359.59837752504,2201,66.81286982248521,841
363,0.1335,-4287.292307692308,32.30833333333333,28.31566820276498,72.09447004608295,1271,82,1464.2712079676273,2202,28.378648233486942,545
364,0.1327,-5896.676923076922,49.3125,44.610942249240125,94.22872340425532,1302,81,2324.589308268445,2204,45.417615793470006,556
365,0.132,-5266.492307692308,36.905833333333334,32.82820705176294,78.39909977494374,1281,79,1905.7702504408892,2205,32.95198799699925,866
366,0.1313,-5411.923076923076,36.9675,31.118287373004353,77.31349782293178,1393,80,2079.630135406494,2205,31.257619738751814,305
367,0.1306,-5722.123076923077,42.55166666666667,38.14862804878049,85.67606707317073,1297,80,1976.8992212611868,2205,38.25228658536585,871
368,0.1298,-4910.661538461539,35.3925,29.916176470588237,74.84558823529412,1310,80,1778.0363339982982,2206,30.008088235294117,468
369,0.1291,-5054.153846153846,35.7825,32.08803611738149,78.55680963130173,1329,79,1563.5728279524417,2206,32.18510158013544,732
370,0.1284,-4650.8153846153855,34.37083333333333,29.21105527638191,75.1421392677674,1365,81,1488.300085680877,2206,29.32232591529074,671
371,0.1277,-5896.723076923077,46.873333333333335,41.72591486183719,90.21583271097835,1290,78,2429.1379042805947,2206,42.90423162583519,720
372,0.127,-8444.23076923077,68.72,57.44364680545585,112.15721464465183,1363,79,4356.729784902967,2207,62.205312275664035,394
373,0.1263,-5069.2,37.1075,32.22953216374269,79.17616959064327,1363,83,1946.051076281215,2208,32.36622807017544,470
374,0.1256,-5529.538461538461,37.99333333333333,33.0340488527017,79.58845299777943,1355,83,2115.1877101359078,2209,33.14729829755736,505
375,0.1249,-6527.584615384614,47.94833333333333,41.824175824175825,90.05494505494505,1333,79,2986.2214476310787,2211,41.93333333333333,254
376,0.1242,-5875.092307692308,40.55583333333333,34.99414776883687,82.22311631309437,1337,74,2319.966674860663,2213,35.081931236283836,96
377,0.1235,-7533.323076923079,53.9875,46.634163701067614,95.97366548042704,1357,76,3637.173080546155,2213,46.7423487544484,527
378,0.1228,-8270.415384615384,63.975833333333334,55.1474358974359,109.04558404558405,1325,77,4348.431822696216,2214,55.68042704626335,127
379,0.1221,-6405.769230769231,46.520833333333336,40.04707560627675,88.22610556348074,1330,78,2794.1654977409216,2216,40.16619115549216,432
380,0.1215,-5057.3538461538465,35.615,30.5899854862119,75.10522496371553,1369,78,1783.6379165361654,2217,30.699564586357038,790
381,0.1208,-7183.353846153846,53.373333333333335,47.26077265973254,97.2035661218425,1314,76,3333.558266956401,2218,48.14020771513353,696
382,0.1201,-5484.676923076922,44.1625,37.2473604826546,84.56184012066365,1322,80,1888.0084911118765,2218,37.657874905802565,481
383,0.1195,-5775.723076923077,41.513333333333335,35.997032640949556,82.56824925816024,1368,79,2197.4607752586653,2218,36.12833827893175,421
384,0.1188,-6491.892307692307,47.13,43.27602158828065,90.40786430223594,1251,76,2576.980713352587,2219,43.39938319198149,848
385,0.1181,-5606.692307692308,39.31333333333333,33.37527272727273,79.97090909090909,1372,80,2098.6060174921845,2220,33.4320987654321,200
386,0.1175,-5957.292307692307,40.7775,34.82796486090776,81.56588579795022,1376,76,2419.679755589956,2220,34.940702781844806,348
387,0.1168,-5090.799999999999,34.693333333333335,29.439855072463768,74.52246376811594,1354,76,1894.5452900735222,2220,29.55072463768116,788
388,0.1162,-4593.461538461538,33.638333333333335,28.694940476190474,75.43526785714286,1329,80,1575.8812329208565,2220,28.810267857142858,702
389,0.1156,-6878.323076923077,46.36833333333333,40.2143906020558,88.11453744493392,1322,78,2885.17325131093,2220,40.33700440528634,802
390,0.1149,-5303.261538461539,39.84,34.073752711496745,80.89587852494577,1378,78,1971.4662815265513,2220,34.19667389732466,717
391,0.1143,-5484.938461538462,38.785833333333336,32.61477761836442,78.90530846484936,1356,78,2193.6548289660277,2224,32.742652329749106,877
392,0.1136,-4233.6461538461535,29.74,27.46990740740741,73.07175925925925,1290,80,1719.5159772685636,2225,27.560956790123456,665
393,0.113,-5589.876923076924,38.73416666666667,34.35745614035088,80.00073099415205,1342,78,2226.927252600787,2225,34.441520467836256,91
394,0.1124,-7199.584615384615,51.04333333333334,45.08076358296623,96.59397944199706,1367,79,3255.176778861041,2225,45.19897209985316,219
395,0.1118,-5489.076923076924,36.7775,32.05247597930525,78.31042128603104,1345,72,2232.402585710506,2226,32.16407982261641,177
396,0.1112,-6827.999999999999,49.141666666666666,41.333817126269956,91.98621190130623,1376,79,2861.9048176140527,2226,41.47895500725689,27
397,0.1105,-5203.507692307692,36.64083333333333,32.516178736517716,79.0246533127889,1285,79,2013.464644990214,2227,32.598613251155626,90
398,0.1099,-6237.723076923077,47.471666666666664,40.82188841201717,88.8340486409156,1356,80,3029.6709722731675,2228,40.92131616595136,768
399,0.1093,-5451.984615384616,41.968333333333334,37.161048689138575,83.70561797752809,1290,79,2399.8332599999726,2229,37.810486891385764,451
400,0.1087,-3683.461538461539,25.615833333333335,22.993181818181817,66.39242424242424,1307,80,931.2598811688073,2230,23.076515151515153,679
401,0.1081,-4728.323076923078,39.9575,33.62785388127854,81.90258751902587,1334,82,1894.509645212748,2232,39.3013698630137,861
402,0.1075,-5869.861538461539,44.25083333333333,38.096359743040686,86.9157744468237,1379,82,2383.8368934145897,2232,38.50606709493219,619
403,0.1069,-6791.092307692307,54.48416666666667,48.15500376222724,100.54251316779533,1283,80,3286.1847240209163,2234,51.91043671354552,327
404,0.1063,-5685.569230769232,41.285833333333336,36.135409123823315,81.67994207096307,1376,76,1931.2325663524018,2235,36.356987690079656,355
405,0.1057,-6728.476923076923,51.83166666666666,43.63837375178316,92.97289586305278,1361,80,2951.022428047533,2236,43.96718972895863,433
406,0.1052,-5423.046153846153,38.079166666666666,34.68212927756654,81.47680608365019,1297,83,2214.557454053272,2240,34.83041825095057,737
407,0.1046,-5304.523076923077,43.3325,39.276355421686745,86.38403614457832,1277,80,1957.0264893350268,2241,39.8960843373494,621
408,0.104,-7009.123076923077,55.1375,45.43911439114391,94.48413284132842,1354,74,3050.233283723125,2241,48.23247232472325,128
409,0.1034,-5531.030769230769,36.17166666666667,32.11243484735667,78.48175725986597,1350,72,2057.7812088243363,2242,32.2271034996277,446
410,0.1028,-6765.984615384616,51.784166666666664,44.87138728323699,97.02095375722543,1374,81,3662.6744404023275,2243,45.19942196531792,42
411,0.1023,-5809.4,39.51416666666667,34.7830258302583,81.4309963099631,1311,78,2219.339203622814,2245,34.904059040590404,831
412,0.1017,-5161.307692307692,36.0175,30.681148748159057,76.55449189985272,1358,81,1698.343184136285,2246,30.782928623988226,878
413,0.1011,-4779.169230769231,34.46,29.754464285714285,75.28125,1346,79,1556.8911187849278,2246,29.895089285714285,467
414,0.1006,-5354.553846153847,39.0775,33.86092715231788,81.71891096394408,1369,79,2092.3096069565595,2246,33.9485294117647,437
415,0.1,-6818.6,52.05583333333333,45.582791033984094,95.35574837310195,1324,75,3289.7351678867944,2248,46.66522053506869,231
416,0.0995,-4542.569230769232,32.6325,28.41819515774028,73.08363903154806,1344,80,1636.1476665373775,2248,28.52017608217168,498
417,0.0989,-5814.984615384616,40.21333333333333,33.97724039829303,80.61806543385491,1369,78,2495.941611683766,2248,34.099573257467995,462
418,0.0984,-5142.507692307692,41.846666666666664,35.978122794636555,80.99223712067749,1388,78,1930.8631670786885,2248,37.99303621169916,263
419,0.0978,-7629.338461538462,63.025,55.92445774121167,112.52729992520568,1299,79,3905.5499195632788,2249,60.00966542750929,39
420,0.0973,-6339.200000000001,50.44416666666667,43.112,94.27709090909092,1376,80,2621.474827370167,2249,43.291636363636364,611
421,0.0968,-5798.169230769231,47.98583333333333,41.965591397849465,88.66236559139784,1285,80,2143.350433194806,2251,42.194265232974914,785
422,0.0962,-6571.015384615384,45.17166666666667,40.216095380029806,88.30476900149031,1323,78,2811.856175685918,2251,40.30774962742176,107
423,0.0957,-7563.83076923077,58.2775,49.61710037174721,102.17620817843866,1309,80,3650.6311520428126,2251,50.386617100371744,766
424,0.0952,-6636.753846153847,51.7125,44.40525195173882,94.08161816891412,1398,79,2857.551777450451,2251,44.828246983676365,331
425,0.0946,-8167.323076923076,66.56083333333333,52.43290043290043,106.24819624819625,1357,78,4236.9449939067,2253,70.35425685425686,17
426,0.0941,-7034.430769230768,52.12,44.706810035842295,95.55698924731183,1390,82,3548.3893209254306,2253,44.872401433691756,152
427,0.0936,-6027.723076923076,45.6425,39.05320699708455,86.75801749271137,1358,77,2361.008070714994,2254,39.497454545454545,299
428,0.0931,-5742.584615384616,39.9125,34.54310980103169,81.46352247605012,1364,80,2297.635838607488,2255,34.66028002947679,744
429,0.0926,-4869.553846153845,31.635833333333334,27.046817849305047,72.38771031455742,1382,75,1469.345075000868,2255,27.15947329919532,52
430,0.092,-4667.584615384615,39.29833333333333,35.20614692653673,82.40629685157421,1290,84,1766.1425582144589,2256,36.42270351008215,338
431,0.0915,-4310.6,30.450833333333332,26.87378640776699,72.01792382374907,1310,81,1526.5085344550173,2256,26.972367438386854,167
432,0.091,-5576.507692307692,40.405,35.79624060150376,82.70225563909774,1298,82,2451.168389640434,2257,35.92330827067669,207
433,0.0905,-4396.738461538462,28.955,25.667891256429098,69.9948567229978,1326,79,1672.2601750967285,2259,25.801027900146842,748
434,0.09,-7712.123076923077,52.6425,43.63558106169297,94.38450502152081,1376,78,3866.050676714525,2259,43.76470588235294,452
435,0.0895,-6387.83076923077,51.553333333333335,45.905674281503316,93.21002210759028,1339,79,2653.3651886576463,2259,48.60377358490566,335
436,0.089,-4956.63076923077,37.39083333333333,32.87415730337079,77.187265917603,1300,85,1853.4625037204405,2260,32.974531835205994,725
437,0.0885,-5276.3538461538465,43.089166666666664,38.287210172026924,87.80403889304412,1330,84,2272.615478348784,2260,38.384155455904335,435
438,0.088,-5264.661538461538,37.651666666666664,32.49333333333333,78.8711111111111,1321,79,1833.9803746694593,2260,32.6037037037037,773
439,0.0876,-4833.846153846154,37.265,33.3639733135656,78.470719051149,1311,77,1649.61227091635,2261,33.4220251293422,474
440,0.0871,-7072.215384615384,55.62583333333333,47.982988165680474,95.61390532544378,1329,74,3039.4621346529766,2263,50.26544117647059,411
441,0.0866,-4483.861538461539,32.7875,28.676427525622255,73.38213762811128,1349,82,1648.898412883982,2264,28.721491228070175,530
442,0.0861,-4089.4615384615377,27.745,25.325617283950617,68.31867283950618,1265,76,1287.0335530184348,2265,25.41280864197531,697
443,0.0856,-6410.676923076922,46.5475,40.515750915750914,90.93626373626374,1325,78,2701.9562714847316,2269,41.15750915750916,777
444,0.0852,-6227.507692307692,46.321666666666665,41.8586387434555,91.10097232610322,1284,77,2392.942975872318,2270,42.02169035153328,37
445,0.0847,-6217.338461538462,42.93416666666667,36.68008474576271,83.11511299435028,1403,76,2418.017917096565,2271,36.77824858757062,323
446,0.0842,-6862.738461538462,51.13916666666667,44.12328767123287,92.94748858447488,1269,82,2926.36906917359,2272,44.23744292237443,148
447,0.0838,-5366.861538461539,37.045833333333334,31.785921625544265,77.20391872278665,1345,76,1886.8808524245228,2273,31.89622641509434,440
448,0.0833,-4747.538461538462,32.34166666666667,27.403295128939828,72.33166189111748,1403,79,1625.8731665954604,2273,27.515759312320917,375
449,0.0828,-5534.615384615385,38.2125,33.91778774289985,79.6136023916293,1296,77,2243.198656305993,2274,34.0373692077728,405
450,0.0824,-5010.615384615385,36.855,30.922734026745914,76.37072808320951,1324,77,1902.023121983588,2274,31.80103550295858,714
451,0.0819,-8924.36923076923,76.30083333333333,69.00300978179082,126.98720842738902,1278,78,5255.459336212028,2276,81.7815750371471,311
452,0.0815,-7693.615384615385,65.1225,57.71595900439239,112.74816983894583,1317,76,3768.5657581369355,2278,69.53621068032187,330
453,0.081,-6254.4769230769225,52.75083333333333,46.38574577516532,100.86921381337253,1362,80,2727.0498659942778,2285,49.715124816446405,116
454,0.0806,-5396.492307692308,40.971666666666664,35.08933933933934,81.18993993993993,1311,79,1959.9265741823524,2285,35.21396396396396,653
455,0.0801,-5225.492307692308,41.255833333333335,36.41820873427091,80.77128053293856,1263,81,2307.5565084475143,2285,37.257945306725794,360
456,0.0797,-8520.16923076923,75.35333333333334,64.77730192719486,117.0349750178444,1338,77,4438.598180015581,2286,65.34261241970022,75
457,0.0792,-6196.0615384615385,45.78916666666667,38.84848484848485,87.83116883116882,1353,82,2734.5237396304456,2286,39.14357864357864,133
458,0.0788,-4962.815384615384,34.64333333333333,29.910791366906476,75.49856115107913,1353,77,1684.3535353282764,2287,30.024460431654678,511
459,0.0784,-5051.830769230768,37.91,32.38579795021962,79.66910688140557,1341,79,1947.4321142791657,2289,32.54612005856515,294
460,0.0779,-5903.969230769231,38.524166666666666,32.67662053896577,79.54187909686817,1388,75,2254.6804091031504,2289,32.770014556040756,244
461,0.0775,-5974.784615384615,44.391666666666666,39.929041697147035,87.42136064374543,1317,80,2655.890373999944,2289,40.079736649597656,320
462,0.0771,-6381.784615384616,45.26083333333333,38.40029112081514,87.89519650655022,1369,78,2793.719023572891,2289,38.533478893740906,493
463,0.0766,-5038.984615384617,34.8525,30.557000765110942,77.76052027543994,1314,80,1761.8277722307823,2291,30.6610558530987,685
464,0.0762,-6305.630769230769,49.395833333333336,42.99407407407407,92.60148148148149,1295,81,2600.1193507144985,2292,43.19111111111111,151
465,0.0758,-5062.6,33.06666666666667,30.30214115781126,74.54877081681205,1253,78,1661.964546982664,2295,30.38540840602696,837
466,0.0754,-4598.276923076923,39.17166666666667,34.53188405797101,80.84782608695652,1336,81,1685.4083305796762,2295,34.905797101449274,47
467,0.075,-6745.723076923077,47.0225,42.81042296072508,91.809667673716,1353,78,3059.097156299761,2297,42.9690332326284,295
468,0.0745,-7835.846153846153,62.84166666666667,54.34293948126801,105.66210374639769,1300,79,3761.597074701979,2297,55.54899135446686,600
469,0.0741,-7456.707692307692,56.958333333333336,46.92684610075914,98.7736369910283,1401,80,3640.209468265633,2297,47.222912353347134,769
470,0.0737,-7632.6461538461535,58.75333333333333,49.35488404778636,99.45045678144764,1356,78,3809.696007438224,2298,49.85664089950808,86
471,0.0733,-4548.246153846154,34.945,29.99640028797696,74.39380849532037,1353,80,1385.4702518644087,2299,30.032258064516128,313
472,0.0729,-5778.492307692308,39.766666666666666,35.117690599555885,81.46410066617321,1332,79,2491.7733685179255,2301,35.21021465581051,182
473,0.0725,-6627.046153846155,50.715,43.39152298850575,92.82399425287356,1329,75,2830.565819807347,2301,56.163440860215054,805
474,0.0721,-5558.199999999999,40.41,34.54357459379616,80.16543574593796,1319,73,2112.5285644987016,2303,34.65117994100295,419
475,0.0717,-4232.6461538461535,29.294166666666666,24.895209580838323,69.16092814371258,1312,80,1218.0478743595495,2305,24.986526946107784,83
476,0.0713,-6878.907692307694,54.545,46.04581245526128,97.52970651395849,1363,83,3319.597052516168,2306,46.97855611150822,765
477,0.0709,-5515.569230769231,38.509166666666665,32.733528550512446,79.05710102489019,1353,80,2217.604662672968,2306,32.81405563689605,266
478,0.0705,-5685.307692307692,42.05166666666667,36.50833937635968,84.39593908629442,1349,78,2076.7852772786123,2306,36.82233502538071,539
479,0.0701,-5984.492307692308,45.0175,38.05847520355292,85.78460399703923,1358,75,2169.345460800879,2306,38.188749074759436,524
480,0.0697,-6661.661538461539,47.589166666666664,40.942435424354244,89.23690036900369,1385,77,2912.953166357567,2308,41.944649446494466,642
481,0.0694,-5147.507692307692,36.23,31.199415631848066,78.2381300219138,1342,76,1694.2441606258544,2310,32.70927684441198,580
482,0.069,-7422.369230769232,53.0625,47.543964232488825,98.35171385991057,1284,76,3321.871044939246,2310,47.61057334326136,229
483,0.0686,-6959.2,54.38583333333333,47.28163862472568,96.1528895391368,1333,78,3394.5710815101716,2311,48.403803950256034,185
484,0.0682,-4432.553846153846,29.121666666666666,25.889477668433006,70.55639666919001,1330,81,1623.9272217381706,2311,25.991672975018925,567
485,0.0678,-5391.507692307692,39.48083333333334,32.85909417685119,78.46513299784328,1387,81,2502.4117360577447,2311,35.07223796033994,426
486,0.0675,-6105.723076923077,51.314166666666665,45.157153446997775,93.28020756115642,1339,79,2394.3812235772275,2311,47.26218611521418,124
487,0.0671,-8986.384615384615,70.18666666666667,60.18936170212766,118.76524822695035,1357,81,4818.483008199061,2311,81.05531914893616,33
488,0.0667,-8079.738461538462,60.72833333333333,50.02139800285307,101.43009985734665,1408,80,4279.2928719128,2311,50.272986457590875,694
489,0.0664,-6520.661538461538,47.125,41.34216335540839,91.33848417954378,1326,75,3340.3318990088205,2311,41.590875643855775,455
490,0.066,-4999.784615384616,38.8425,33.623302358827736,79.29807005003573,1319,83,2031.1995427332838,2313,33.744680851063826,44
491,0.0656,-5025.584615384616,34.744166666666665,30.312270389419545,75.3791329904482,1339,78,1697.7055730807438,2314,30.439382806759735,709
492,0.0653,-6310.6,49.204166666666666,42.12991573033708,90.73946629213484,1362,80,3024.0932528985327,2314,42.29073033707865,262
493,0.0649,-4333.092307692308,33.56,30.400904295403166,75.12584777694046,1287,80,1618.9938763275527,2314,30.493594574227583,615
494,0.0645,-6100.476923076923,42.92,37.59717051377513,86.41995532390172,1314,77,2641.5215807484888,2315,37.70290394638868,457
495,0.0642,-6927.123076923076,46.665,40.988839285714285,90.68377976190476,1363,76,3203.276486906248,2315,41.107142857142854,397
496,0.0638,-6432.076923076923,49.4575,42.840186190845614,89.9767261442979,1258,78,2852.7952350147366,2316,42.976726144297906,31
497,0.0635,-4663.661538461538,33.365,30.113602391629296,76.1711509715994,1319,78,1862.455384549623,2317,30.21898355754858,137
498,0.0631,-4728.446153846154,33.985,31.542346542346543,76.4040404040404,1299,78,1520.6752593231133,2317,31.64957264957265,599
499,0.0628,-4785.523076923077,32.505,28.196374622356494,73.30815709969788,1293,79,1552.84527693516,2319,28.295317220543808,648
500,0.0624,-4233.584615384615,29.864166666666666,26.722181282240236,71.39867354458364,1311,81,1517.0422098665904,2320,26.84524686809138,436
501,0.0621,-4994.061538461538,34.10666666666667,28.768833087149186,73.60709010339734,1329,78,2176.395701346009,2320,28.872968980797637,864
502,0.0617,-5534.461538461538,41.635,35.36350677120456,81.6208125445474,1343,79,2205.3397456141506,2320,35.451176051318605,755
503,0.0614,-5613.123076923077,41.97083333333333,34.1269372693727,81.92841328413284,1303,78,2174.4830953605297,2321,35.261254612546125,407
504,0.0611,-6633.369230769229,49.4175,42.60614934114202,92.72913616398243,1371,77,2924.8616566371916,2321,42.76427525622255,155
505,0.0607,-5560.507692307692,38.23916666666667,33.49926686217009,79.81011730205279,1302,71,1986.6724759069134,2321,33.617176128093156,175
506,0.0604,-7124.184615384615,55.1375,45.833218470020675,95.9393521709166,1425,80,3403.4617950071133,2322,46.166781529979325,402
507,0.06,-6532.261538461539,52.123333333333335,43.330453563714904,91.31677465802736,1384,80,3257.855971793104,2322,44.683644189383074,618
508,0.0597,-6445.015384615384,50.788333333333334,44.447136563876654,92.7503671071953,1294,76,3128.0063363094646,2325,49.18818380743983,340
509,0.0594,-6260.707692307691,46.5575,43.12241775057383,92.20198928844682,1267,81,2785.025272846099,2325,43.21576128538638,232
510,0.0591,-5471.16923076923,35.630833333333335,30.674981658107118,75.98899486427,1350,74,2418.200725415141,2329,30.8004402054292,423
511,0.0587,-5201.476923076923,35.53333333333333,29.775570272259014,76.02649006622516,1357,79,2186.261974330251,2329,29.896247240618102,851
512,0.0584,-6619.538461538462,52.505833333333335,50.98732171156894,101.53565768621236,1212,79,2900.121701656628,2329,51.049881235154395,38
513,0.0581,-5385.246153846154,36.42166666666667,32.05310396409873,78.05086013462977,1303,77,2108.985100872181,2330,32.18100224382947,767
514,0.0578,-5484.3538461538465,37.711666666666666,32.893303899926416,79.39293598233995,1336,81,2415.3062734912014,2330,32.95441176470588,491
515,0.0574,-5445.830769230769,35.065,30.80246020260492,75.63169319826339,1337,71,2073.306025271077,2330,30.937047756874094,572
516,0.0571,-5871.184615384615,42.52333333333333,37.206513693560325,84.28719467061435,1302,78,2289.0492902575006,2331,37.34418948926721,88
517,0.0568,-5161.369230769231,35.4875,30.633962264150945,76.69132075471698,1308,77,2068.8220245130206,2332,30.780377358490565,756
518,0.0565,-6381.692307692308,47.5975,42.11954887218045,91.42481203007519,1333,78,2902.617852404084,2333,42.24285714285714,742
519,0.0562,-8110.9384615384615,68.22333333333333,55.37490987743331,109.99495313626532,1327,82,4105.851559746334,2334,56.242990654205606,564
520,0.0559,-5040.107692307693,35.339166666666664,32.290880503144656,77.43003144654088,1253,80,1972.4046006665328,2335,32.37391987431265,339
521,0.0556,-4436.723076923076,29.786666666666665,25.683590875643855,69.55334805003679,1340,75,1539.850328786545,2336,25.805003679175865,733
522,0.0553,-5249.369230769231,34.17166666666667,29.27098674521355,73.79675994108983,1340,80,2099.8348444024855,2336,29.399116347569954,794
523,0.0549,-7157.3538461538465,50.97416666666667,44.8049853372434,93.39296187683284,1320,78,3472.267646077599,2337,44.85934065934066,806
524,0.0546,-6697.707692307692,48.369166666666665,40.475087719298244,88.76701754385965,1379,74,3012.137132844748,2340,41.2021052631579,555
525,0.0543,-6132.892307692307,44.22666666666667,38.83682634730539,88.05164670658682,1337,76,2796.57670214731,2341,38.93862275449102,478
526,0.054,-6389.430769230769,49.064166666666665,41.26569037656904,91.56555090655509,1390,79,2600.012197584628,2341,41.9442119944212,622
527,0.0537,-6167.092307692308,43.98416666666667,38.1437908496732,85.97966594045026,1302,78,2909.0458237743883,2341,38.134393063583815,59
528,0.0534,-4842.092307692308,34.674166666666665,30.493708364174687,75.95632864544781,1326,79,1563.2974371820274,2342,31.84552845528455,761
529,0.0531,-5094.276923076923,37.63166666666667,32.89520295202952,79.42878228782288,1301,79,2127.6999272745034,2343,33.05313653136531,815
530,0.0529,-8181.969230769231,59.92166666666667,48.684691011235955,100.1938202247191,1405,75,4518.225901486871,2344,50.1595818815331,61
531,0.0526,-6425.569230769231,49.464166666666664,43.558088235294115,93.1029411764706,1342,78,2935.688342645594,2345,45.78728070175438,293
532,0.0523,-5388.307692307693,37.009166666666665,32.752053771471246,77.77744585511576,1327,76,2010.7039459531723,2345,32.852128454070204,453
533,0.052,-7998.184615384615,52.62583333333333,44.888567293777136,92.63603473227207,1375,71,3643.486101447854,2346,44.987698986975396,312
534,0.0517,-4855.569230769231,37.06666666666667,31.292134831460675,78.15430711610487,1326,82,1888.686190448887,2347,32.57832219747587,651
535,0.0514,-4662.676923076922,31.3625,27.383121732636297,71.35474234503361,1325,76,1641.1529732961978,2348,27.465272591486183,726
536,0.0511,-5617.507692307693,43.0225,38.08061002178649,85.01379811183733,1320,79,2697.0002873961935,2348,39.664739884393065,676
537,0.0508,-6072.261538461538,44.75833333333333,36.11669128508124,83.62555391432792,1359,76,2422.3608841283267,2348,36.22304283604136,404
538,0.0506,-6451.338461538461,45.28916666666667,40.20605612998523,88.68463810930577,1310,77,2556.322832245634,2349,40.680945347119646,558
539,0.0503,-5153.200000000001,37.946666666666665,32.676025917926566,79.53491720662348,1368,78,1725.249997595606,2349,32.84449244060475,0
540,0.05,-5961.923076923078,41.62166666666667,34.66022304832714,81.05130111524164,1353,79,2807.684906823009,2350,34.73551263001486,584
541,0.05,-8046.553846153845,58.42666666666667,48.07487753673898,99.82715185444367,1421,80,4515.616903346868,2352,48.23093072078377,791
542,0.05,-7008.6461538461535,48.49166666666667,43.76621417797888,94.26470588235294,1353,78,3181.3883062733316,2353,44.574660633484164,349
543,0.05,-5033.415384615386,35.10166666666667,31.009132420091323,78.04185692541857,1311,77,2089.1524449152816,2353,31.203802281368823,473
544,0.05,-7553.323076923076,49.3075,39.04517453798768,88.38809034907598,1469,74,3291.1359500605895,2354,39.32580424366872,239
545,0.05,-5628.430769230768,38.5075,34.166909620991255,79.90306122448979,1332,76,2298.3582914151957,2354,34.282069970845484,652
546,0.05,-5699.953846153846,41.3525,34.885164051355204,82.33309557774608,1344,76,2492.055626469628,2354,35.73323823109843,643
547,0.05,-6967.046153846153,58.751666666666665,50.09820788530466,104.93333333333334,1363,81,3069.8170575367853,2354,52.837275985663084,741
548,0.05,-7466.4,56.465,49.25234318673396,98.60201874549387,1278,75,3553.553421643932,2356,49.37563085796683,255
549,0.05,-7885.815384615384,61.465,54.941911764705885,107.53823529411764,1303,77,4066.617690319022,2357,55.059558823529414,858
550,0.05,-5483.799999999999,37.13916666666667,31.50210378681627,76.02805049088359,1401,73,1990.5991815572897,2359,31.63883089770355,235
551,0.05,-5877.43076923077,42.170833333333334,36.65350877192982,83.56286549707602,1321,78,2744.6670331430214,2360,36.73411249086925,300
552,0.05,-6745.461538461539,48.4525,39.5256588072122,89.13037447988904,1456,77,2935.114045594043,2360,39.75104022191401,242
553,0.05,-5424.061538461538,33.125,28.959429000751314,73.36814425244177,1340,72,1938.3189695154786,2361,29.05184072126221,183
554,0.05,-6073.292307692307,44.95,37.42939898624186,86.43229543808835,1387,78,2602.379867804948,2362,37.825488776249095,469
555,0.05,-5717.938461538461,37.84583333333333,34.52851711026616,80.65399239543726,1281,75,2605.787264339955,2363,34.64638783269962,543
556,0.05,-5950.261538461538,45.2525,37.900757575757574,84.91666666666667,1311,72,2346.113207059196,2364,46.90378787878788,32
557,0.05,-5338.676923076922,39.06666666666667,36.40466926070039,83.77509727626459,1256,83,2425.6401351190316,2365,36.51206225680934,860
558,0.05,-6555.3538461538465,47.685833333333335,41.99706098457017,88.86700955180015,1324,75,2863.2069941077857,2365,42.099926524614254,361
559,0.05,-8192.723076923077,64.55666666666667,55.13226032190343,109.10006997900629,1375,79,4775.078775178652,2368,60.27921623512946,747
560,0.05,-7362.076923076924,50.013333333333335,41.168435951875445,88.92569002123142,1360,78,3441.1991009823214,2368,41.25690021231423,336
561,0.05,-8231.276923076923,62.01,53.975681650700075,107.50257921886515,1319,82,4440.654329721754,2368,54.10095799557848,489
562,0.05,-5161.123076923077,35.895833333333336,31.23380491437081,78.58078927773641,1327,82,2152.6701456149726,2368,31.36187639612807,809
563,0.05,-6032.107692307693,47.89,41.807913669064746,88.61438848920864,1347,78,2493.1067227219687,2368,42.532188841201716,825
564,0.05,-6404.261538461538,44.245,39.40362811791383,86.93197278911565,1272,79,3166.500826961743,2369,39.51473922902494,638
565,0.05,-6740.446153846154,44.64416666666666,39.5373692077728,87.39910313901345,1327,74,2894.7186669990847,2370,39.68707991038088,202
566,0.05,-5855.169230769231,44.123333333333335,40.11246200607903,88.54711246200608,1339,79,2386.66690371299,2370,40.222644376899694,620
567,0.05,-5769.584615384616,42.17,36.68413284132841,84.90774907749078,1316,77,2352.723849346776,2372,37.02287822878229,187
568,0.05,-8909.492307692308,71.56666666666666,59.62076271186441,113.76553672316385,1373,72,4782.321901283816,2374,61.08039492242595,298
569,0.05,-7128.261538461538,59.928333333333335,51.17763623496108,104.69072894550601,1350,83,3986.3774963633255,2375,53.50422535211268,157
570,0.05,-5614.538461538461,38.035,33.678388278388276,80.24542124542124,1328,73,2333.191229996503,2377,33.75677655677656,456
571,0.05,-7207.984615384616,51.244166666666665,45.69737827715356,96.46292134831461,1347,81,3218.66331949603,2378,45.79865269461078,256
572,0.05,-4988.4,35.1875,31.52994011976048,78.47904191616766,1359,79,2220.905076852558,2379,31.638473053892216,316
573,0.05,-5937.984615384616,45.01166666666666,39.137126185266226,86.83588621444201,1340,81,1999.0741922402199,2379,40.01239970824216,43
574,0.05,-5026.492307692308,33.8775,29.389591078066914,74.94721189591078,1338,76,2086.7351790596385,2379,29.48996282527881,252
575,0.05,-5847.292307692308,40.736666666666665,36.14243973703433,83.43608473338203,1324,76,2726.3683061942484,2382,36.24981738495252,385
576,0.05,-6237.83076923077,46.791666666666664,40.54054054054054,88.82030679327977,1363,80,3080.741148701951,2382,40.73703433162893,192
577,0.05,-6559.6461538461535,47.12166666666667,39.804236669101535,88.83126369612856,1353,79,2889.4714829329596,2382,39.90796201607012,159
578,0.05,-6059.123076923077,43.8175,37.75797101449275,85.55579710144927,1327,75,2287.3311298079293,2382,38.701373825018074,236
579,0.05,-7344.261538461538,55.7975,48.49016751638747,102.40640932265113,1322,83,3757.159163378203,2383,49.93745454545454,196
580,0.05,-5938.815384615385,43.31,37.545126353790614,87.01227436823105,1377,77,2647.602866762583,2383,37.672924187725634,309
581,0.05,-6527.0,43.138333333333335,37.248538011695906,86.9780701754386,1389,74,2815.9194786044172,2384,37.35672514619883,476
582,0.05,-7297.430769230768,50.855,42.691708008504605,91.62863217576187,1386,75,3694.4601150124363,2386,43.130403968816445,842
583,0.05,-5565.107692307693,41.02583333333333,34.343522561863175,81.60917030567686,1368,78,2473.513584306449,2389,35.457059679767106,203
584,0.05,-8409.430769230768,65.1875,54.09019886363637,106.96732954545455,1328,76,4161.718333573461,2391,56.007768361581924,10
585,0.05,-5139.2307692307695,35.67,31.002237136465325,75.90305741983595,1297,79,2070.124394353985,2391,31.17524235645041,34
586,0.05,-5142.4,36.7025,32.78506097560975,78.3673780487805,1293,79,1822.1877344351956,2391,32.86661585365854,14
587,0.05,-5209.415384615385,35.1375,30.299044819985305,76.4731814842028,1328,73,2122.5775486936227,2393,30.399706098457017,342
588,0.05,-5959.261538461538,49.39083333333333,43.00955180014695,91.7024246877296,1316,77,2344.90638908799,2393,45.70234604105572,656
589,0.05,-5198.307692307692,34.79666666666667,30.920489296636084,77.19418960244649,1298,78,2042.8883143292117,2393,31.022935779816514,894
590,0.05,-8805.076923076924,72.19333333333333,64.58690744920993,119.15500376222724,1262,82,5228.846300202663,2393,65.08424110384895,793
591,0.05,-5793.030769230769,42.27333333333333,38.86322869955157,84.76831091180867,1295,72,2486.527849717668,2393,38.960388639760836,190
592,0.05,-6042.553846153845,49.36083333333333,41.95984555984556,93.44324324324324,1281,80,2515.2611980255897,2396,44.43132716049383,705
593,0.05,-4996.384615384615,33.8825,30.057291666666668,75.3110119047619,1336,76,1835.1625336673071,2397,30.15625,306
594,0.05,-6137.16923076923,50.373333333333335,44.04974016332591,90.32739420935413,1280,77,2705.122363546955,2397,47.91862170087977,332
595,0.05,-5803.6461538461535,43.005,37.56944444444444,85.04020467836257,1328,78,2323.867055656991,2397,37.96491228070175,631
596,0.05,-6255.984615384616,48.505833333333335,42.70488165680474,88.73002958579882,1291,78,2672.0374570728586,2397,42.869179600886916,764
597,0.05,-5002.323076923078,34.19,31.861455108359134,77.53792569659443,1271,75,1939.3273341717068,2397,31.961300309597522,370
598,0.05,-6744.784615384617,51.57833333333333,44.33651026392962,95.21627565982405,1353,82,2997.2233975585395,2398,44.59970674486804,224
599,0.05,-5624.738461538462,39.46333333333333,34.53472740851382,82.9932785660941,1347,78,2166.732847578309,2398,34.8185212845407,779
600,0.05,-5401.907692307692,39.166666666666664,32.223554301833566,79.88928067700988,1397,78,1887.3015002798209,2398,32.36459802538787,169
601,0.05,-6578.030769230769,42.020833333333336,34.741613133476086,81.85653104925053,1372,73,2743.4727025181064,2398,34.890792291220556,746
602,0.05,-4939.3538461538465,33.69,30.730829420970267,76.46557120500782,1280,80,1980.3930822504256,2398,30.87323943661972,114
603,0.05,-5405.799999999999,36.74916666666667,30.906926406926406,77.03102453102453,1364,80,2221.7094118083537,2398,31.01154401154401,379
604,0.05,-5179.4,35.56166666666667,30.923137876386686,78.3716323296355,1284,81,1975.732254278472,2398,31.04041204437401,488
605,0.05,-5341.015384615384,41.7625,36.97963800904977,83.92307692307692,1312,78,2332.321980812027,2398,37.17329332333083,226
606,0.05,-5186.492307692308,40.66166666666667,35.501097293343086,81.15654718361375,1340,80,1919.2001664659563,2398,36.301886792452834,289
607,0.05,-5774.276923076923,39.410833333333336,33.42363112391931,80.06484149855908,1356,77,2410.8005455037282,2399,33.533861671469744,672
608,0.05,-6400.307692307693,45.18,38.67438494934877,85.9616497829233,1346,79,2537.4391304360734,2399,38.87626628075253,739
609,0.05,-5181.830769230769,36.44416666666667,32.8765243902439,78.00685975609755,1293,78,1931.5940655091736,2399,32.986280487804876,843
610,0.05,-6480.2307692307695,44.35166666666667,39.59755164498852,87.32976281560826,1288,79,3025.6234114514277,2399,39.67278287461774,410
611,0.05,-6012.584615384616,43.788333333333334,38.38422939068101,84.8931899641577,1359,75,2824.1602411540207,2399,38.50322580645161,463
612,0.05,-5806.4769230769225,45.3825,39.93623188405797,86.70652173913044,1336,77,2298.0859756482787,2399,40.13550724637681,396
613,0.05,-5650.0615384615385,39.24,35.51610429447853,82.35276073619632,1318,75,2564.617968800086,2400,35.59770114942529,372
614,0.05,-5901.092307692307,42.91583333333333,35.9,83.33731343283583,1330,77,2518.110423921673,2400,36.04253731343284,698
615,0.05,-7677.261538461538,58.07666666666667,49.31232091690544,101.90042979942693,1433,81,3867.729153296921,2400,49.931232091690546,625
616,0.05,-5512.923076923078,36.05083333333334,31.4484011627907,76.98837209302326,1334,72,2230.5428355948734,2402,31.558139534883722,373
617,0.05,-5697.369230769231,38.4925,33.07333333333333,78.85481481481482,1317,77,2106.202094679268,2402,33.13239644970414,585
618,0.05,-6212.784615384615,47.961666666666666,40.06502242152467,88.55979073243647,1358,76,2325.329161699657,2402,42.025373134328355,710
619,0.05,-6267.676923076922,41.08416666666667,35.14577259475219,83.06559766763849,1381,73,2644.2476904792984,2402,35.285714285714285,362
620,0.05,-6906.292307692309,47.06333333333333,41.6850625459897,89.59970566593083,1359,73,3578.157273466799,2402,41.78587196467991,260
621,0.05,-4952.061538461538,44.93,40.66385264773599,87.06676899462778,1266,83,2374.6426195499753,2402,46.06686701728024,723
622,0.05,-5374.523076923077,36.29333333333334,31.785769528228926,77.56535189481825,1300,74,2346.944380887209,2402,31.899458623356534,554
623,0.05,-6079.692307692308,45.49333333333333,39.08119970738844,85.949524506218,1333,77,2850.8974163735047,2404,39.35311143270622,210
624,0.05,-4579.369230769231,32.01416666666667,27.957013574660632,73.04374057315233,1321,80,1417.8262174877257,2404,28.059577677224738,822
625,0.05,-7230.723076923077,60.89416666666666,50.7704802259887,102.40042372881356,1387,82,3573.74200700557,2404,50.88347457627118,641
626,0.05,-7235.923076923076,58.255,56.96206618240517,108.54237288135593,1169,78,3850.258736435529,2405,61.913312693498455,72
627,0.05,-7102.16923076923,54.88666666666666,50.73942598187311,100.47583081570997,1260,78,3807.430420955247,2407,50.97735849056604,586
628,0.05,-6339.523076923077,45.34,39.969454545454546,87.38181818181818,1338,74,2758.496989657807,2408,40.47653429602888,268
629,0.05,-6653.276923076923,47.165,40.76152737752162,89.85590778097983,1369,77,3009.000938635647,2408,40.94092219020173,218
630,0.05,-6915.892307692307,48.51916666666666,41.13484740951029,90.69623846699787,1369,80,3229.9686934669094,2408,41.241843971631205,823
631,0.05,-5766.63076923077,38.17166666666667,32.8117998506348,79.462285287528,1365,74,2896.7075655516396,2412,32.925317401045554,796
632,0.05,-5213.2307692307695,35.59166666666667,31.974569932685117,78.18548990276739,1304,76,2317.8243718126178,2413,32.06282722513089,442
633,0.05,-8236.492307692308,67.93166666666667,57.768958185683914,112.59886605244508,1347,75,4806.787031125555,2415,59.77762039660057,693
634,0.05,-6239.553846153847,44.74166666666667,37.62023460410557,86.72434017595307,1349,76,2480.6956680598573,2415,37.8233137829912,565
635,0.05,-7057.323076923077,50.05583333333333,40.51389878831076,89.8823948681397,1370,79,3318.659638265445,2415,40.91019244476123,204
636,0.05,-6155.384615384615,43.3525,37.73082489146165,84.71418234442837,1343,74,3074.283684506911,2415,37.82561505065123,537
637,0.05,-8092.723076923076,65.54,58.740497076023395,111.7046783625731,1256,81,5350.730022417517,2418,60.37635183850036,520
638,0.05,-7365.2307692307695,52.409166666666664,46.99189985272459,96.6119293078056,1298,76,3648.8849359893047,2419,47.108247422680414,890
639,0.05,-6112.43076923077,43.098333333333336,35.935036496350364,84.34087591240876,1374,80,2767.090639562596,2420,36.62627737226278,324
640,0.05,-7062.830769230769,49.7325,42.36898016997167,89.59915014164307,1312,73,3161.1367767258052,2421,43.07415254237288,818
641,0.05,-8732.692307692307,74.86666666666666,65.05089605734767,124.8652329749104,1345,77,5596.167833517346,2423,69.26657263751763,811
642,0.05,-6661.953846153846,49.63166666666667,43.24686809137804,95.56963890935889,1348,78,3159.9772760356404,2424,48.16212232866618,645
643,0.05,-5165.3076923076915,32.68333333333333,28.039143279172823,72.59675036927622,1357,73,1774.4717754031592,2425,28.113653136531365,272
644,0.05,-3894.0615384615385,27.64666666666667,23.149187592319056,67.17503692762186,1347,81,1716.842588239413,2425,23.238552437223042,528
645,0.05,-6817.876923076923,45.651666666666664,39.024946543121885,86.24019957234498,1374,68,2858.1037088550393,2426,39.14326443335709,65
646,0.05,-7750.923076923076,52.68833333333333,45.50265755504935,94.70007593014427,1307,74,3456.880083980427,2427,45.619589977220954,824
647,0.05,-6832.123076923076,48.810833333333335,42.517699115044245,92.1113569321534,1341,77,2659.2818544747106,2428,43.0,285
648,0.05,-6862.276923076923,45.6025,39.067968185104846,87.35430224150397,1331,79,3034.9943028781386,2428,39.19450469992769,102
649,0.05,-7217.999999999999,54.075,44.718268525311814,92.71606749816581,1349,79,3234.491047629118,2428,44.851063829787236,399
650,0.05,-7714.400000000001,60.8425,52.508810572687224,105.39941262848753,1311,75,4568.591678350002,2428,52.74082232011747,715
651,0.05,-6890.923076923076,55.26166666666666,47.93255131964809,98.9274193548387,1336,79,3169.8539908461476,2429,48.95900439238653,6
652,0.05,-6379.630769230769,44.625,40.46274217585693,87.10879284649776,1328,72,2773.760655131482,2432,40.93889716840537,286
653,0.05,-5389.446153846154,43.803333333333335,37.1962071480671,84.19401896425967,1357,80,2003.5075017806942,2432,37.83588621444201,573
654,0.05,-5865.615384615385,47.47416666666667,41.221641791044775,86.99179104477612,1292,80,2295.118978337288,2432,43.519911504424776,722
655,0.05,-8889.030769230769,67.13916666666667,55.01263157894737,110.99929824561403,1346,75,5114.2367265606135,2435,56.548070175438596,178
656,0.05,-6076.584615384615,43.848333333333336,38.84326710816777,86.12141280353201,1314,75,2821.4292112474145,2435,39.066127847171195,897
657,0.05,-4876.153846153847,36.76416666666667,30.901785714285715,76.64434523809524,1335,80,1825.9991109668163,2436,30.969516728624534,686
658,0.05,-7073.923076923077,51.111666666666665,43.70118137595553,92.82557331480194,1409,73,3458.9697572177442,2436,43.816539263377344,247
659,0.05,-5658.138461538461,40.63916666666667,35.36713545521836,82.71724648408586,1361,77,2151.179856645062,2436,35.44748520710059,523
660,0.05,-5426.476923076923,39.725,33.80860215053764,80.63942652329749,1376,79,2484.9140615951583,2437,33.977777777777774,855
661,0.05,-9208.153846153846,75.28583333333333,60.7009148486981,120.11470795214638,1346,78,5858.876331949565,2437,63.83065080475857,828
662,0.05,-6124.215384615385,44.611666666666665,38.997071742313324,87.16691068814056,1355,76,2416.966047450302,2438,40.31907179115301,525
663,0.05,-7172.261538461538,57.67,49.205547652916074,97.9900426742532,1326,81,3548.3437387511594,2438,49.36531627576404,97
664,0.05,-6155.630769230768,48.3925,41.40271816881259,89.94706723891274,1363,82,3035.155569782461,2439,41.47676912080057,661
665,0.05,-7352.092307692306,50.12833333333333,46.208527131782944,94.18992248062015,1259,73,3146.213565188711,2440,46.30739893211289,248
666,0.05,-5925.492307692308,39.35916666666667,34.948210205635945,80.01218583396802,1287,74,2296.743378438227,2440,35.047981721249045,673
667,0.05,-5986.738461538462,46.469166666666666,40.18109668109668,88.86291486291486,1367,79,2450.561547803917,2441,40.48556998556999,213
668,0.05,-7338.169230769232,53.321666666666665,45.79226361031519,94.61031518624642,1362,80,3433.515000219358,2441,45.90329512893983,132
669,0.05,-7030.415384615384,50.274166666666666,41.56730769230769,90.32623626373626,1425,74,3279.0906715537308,2441,41.67101648351648,507
670,0.05,-7822.584615384615,64.43666666666667,56.92716678805535,111.06846321922797,1301,79,4035.6388385792843,2441,57.13037144938092,241
671,0.05,-7515.092307692308,48.791666666666664,42.28519061583578,92.73020527859238,1345,72,4054.6550894049187,2443,42.38049853372434,408
672,0.05,-7340.56923076923,54.43833333333333,45.17253521126761,91.36971830985915,1334,69,3327.2935387564753,2443,46.42487770789658,630
673,0.05,-6581.892307692307,48.41916666666667,43.88112927191679,92.42719167904903,1280,78,3191.104196843224,2443,44.309806835066865,197
674,0.05,-5610.723076923077,42.19833333333333,35.89226319595083,83.20896601590745,1395,76,2302.6968884576254,2443,37.20318148951554,130
675,0.05,-6440.369230769231,45.4075,39.81804949053857,88.59898107714702,1371,76,3019.265383156384,2443,39.9825327510917,850
676,0.05,-6966.092307692307,50.23916666666667,42.715811965811966,90.31267806267806,1363,74,3032.4984842075514,2445,43.17776203966006,328
677,0.05,-4861.507692307692,32.498333333333335,28.21288921071687,73.29833454018826,1386,78,2137.880290817654,2445,28.288712011577424,820
678,0.05,-7721.076923076924,60.86666666666667,53.192608386638234,107.32835820895522,1342,80,4767.132992849869,2445,54.658041958041956,588
679,0.05,-7089.876923076923,50.196666666666665,43.0945945945946,90.62019914651493,1345,79,3748.177111387732,2445,43.17923186344239,259
680,0.05,-5857.2,39.72833333333333,34.065330363771345,81.88715664439495,1362,78,2906.001230222756,2445,34.33481811432814,549
681,0.05,-5759.523076923077,40.876666666666665,35.15867158671587,81.45535055350554,1346,75,2647.8871904051944,2445,35.306273062730625,540
682,0.05,-6917.830769230769,49.7425,43.39127272727273,94.96436363636364,1322,74,3351.4322312067716,2446,46.836363636363636,684
683,0.05,-5077.4,36.94416666666667,32.573411249086924,78.3009495982469,1327,80,2178.7916886249413,2446,32.72680788897005,149
684,0.05,-6442.923076923077,43.975,39.50599700149925,86.34257871064467,1324,75,2856.3343275461466,2446,39.588455772113946,461
685,0.05,-6915.3076923076915,46.0025,40.02100525131283,87.52288072018004,1312,74,2881.883149649703,2446,40.146926536731634,9
686,0.05,-6772.661538461538,47.69416666666667,42.11911764705882,89.36544117647058,1317,77,3333.742862500497,2446,42.21617647058824,810
687,0.05,-5492.184615384615,38.810833333333335,33.34148148148148,79.58074074074074,1350,76,2059.676114189757,2446,33.44888888888889,516
688,0.05,-7127.369230769231,58.125,45.00072202166065,95.50974729241877,1348,80,3103.894429038557,2446,48.94873646209386,4
689,0.05,-5134.9384615384615,42.69166666666667,38.34,85.62592592592593,1314,80,2030.0760212453572,2446,45.43426883308715,308
690,0.05,-5749.200000000001,43.3075,37.341874084919475,83.66398243045388,1325,81,2618.2107569464556,2446,37.448023426061496,368
691,0.05,-5247.061538461539,39.465833333333336,34.800294767870305,82.14959469417833,1322,74,2229.449933712019,2446,36.79513633014002,48
692,0.05,-6056.076923076923,38.47416666666667,33.06245297215952,78.36343115124153,1307,74,2891.093682653148,2447,33.15650865312265,230
693,0.05,-6612.184615384616,53.299166666666665,46.61544064093226,94.1318281136198,1298,77,3468.6739195656446,2453,46.69701383831027,347
694,0.05,-6409.799999999999,50.90416666666667,41.1953125,88.13423295454545,1402,75,2349.240025062561,2454,42.744153082919915,424
695,0.05,-6615.246153846153,41.64833333333333,36.82608695652174,84.70764617691154,1335,71,2453.1670643349976,2456,36.87940074906367,383
696,0.05,-4938.6923076923085,35.12083333333333,31.532674772036476,76.88145896656535,1265,79,2138.9992640998935,2457,31.666413373860184,60
697,0.05,-6595.015384615384,50.67166666666667,44.26224566691786,91.98266767143933,1269,77,2500.546047646852,2457,46.90730972117559,727
698,0.05,-7921.16923076923,62.10916666666667,52.48034310221587,104.76983559685489,1360,82,4529.300322692607,2458,53.15696022727273,663
699,0.05,-6793.446153846155,46.6275,38.966517857142854,88.17485119047619,1323,77,3535.714467846936,2458,39.82440476190476,50
700,0.05,-5120.799999999999,41.09,35.202930402930406,82.35531135531136,1353,80,1837.3177510615246,2458,35.7047619047619,62
701,0.05,-6398.861538461539,41.401666666666664,36.67522658610272,85.42824773413898,1330,78,2832.4884353549246,2458,36.77190332326284,237
702,0.05,-7140.846153846154,55.055,48.46819526627219,99.59023668639053,1332,81,3850.425143540516,2458,48.6405325443787,67
703,0.05,-6370.953846153846,43.7775,36.87780187997108,84.19595083152566,1386,77,2978.1433876906212,2458,36.984815618221255,174
704,0.05,-5598.907692307693,44.634166666666665,40.49125475285171,85.71558935361217,1256,75,1955.0868730587981,2459,42.70105421686747,614
705,0.05,-5631.276923076923,38.70916666666667,32.73962804005723,77.95708154506438,1370,77,1951.038567739156,2460,32.840486409155936,883
706,0.05,-6803.446153846153,47.37916666666667,39.71186440677966,87.71481208548268,1341,78,2801.6527217155726,2460,39.82240235814296,816
707,0.05,-6624.0615384615385,45.751666666666665,39.72226250906454,85.42204496011603,1324,73,2729.901982257558,2462,39.86294416243655,82
708,0.05,-6593.676923076922,46.70333333333333,43.18364197530864,91.20910493827161,1255,76,3810.3672004334226,2462,43.276234567901234,369
709,0.05,-7094.553846153845,49.26583333333333,43.95302013422819,92.53020134228188,1314,72,2986.079141615307,2462,44.22744220730798,562
710,0.05,-7099.799999999999,51.575,44.266041816870946,92.99783705839943,1341,80,3650.4456964308006,2463,44.379235760634465,650
711,0.05,-8849.6,68.14583333333333,62.392530487804876,114.0266768292683,1198,76,5238.3322708912565,2463,62.67775314116778,862
712,0.05,-7349.0,53.38583333333333,45.56410256410256,95.86538461538461,1364,78,3852.219802283711,2463,45.67877492877493,333
713,0.05,-6733.907692307691,54.87583333333333,47.405818181818184,101.09018181818182,1324,80,3486.0430327574804,2465,53.76,179
714,0.05,-4902.261538461538,31.614166666666666,28.684889901290813,73.04479878511769,1302,73,1800.466270048896,2466,28.779043280182233,547
715,0.05,-7456.723076923077,52.87833333333333,44.07157894736842,91.38877192982456,1357,74,3385.8807976152234,2466,44.39438596491228,378
716,0.05,-6140.738461538462,48.060833333333335,41.947097722263045,90.5077149155033,1335,76,2617.211145569575,2467,42.54625550660793,283
717,0.05,-6489.56923076923,49.056666666666665,42.010893246187365,94.94117647058823,1371,78,3324.1923445313655,2468,44.167029774872915,664
718,0.05,-7462.2307692307695,50.96083333333333,42.820402298850574,93.4669540229885,1391,74,3650.8135792381067,2470,43.78535534816942,171
719,0.05,-5570.723076923076,38.3425,32.48540925266904,78.18505338078292,1353,78,3013.449692911379,2470,32.59217081850534,526
720,0.05,-5776.815384615385,44.44583333333333,39.07551319648094,88.15322580645162,1304,80,2817.9276817767604,2470,39.313782991202345,535
721,0.05,-6324.276923076923,45.155833333333334,40.129955947136565,89.86637298091043,1318,76,3083.350309458861,2471,40.21129860601614,243
722,0.05,-6081.6,44.6175,36.94271911663216,84.27536231884058,1379,80,3205.316999619131,2472,37.34644582470669,832
723,0.05,-5609.6,38.913333333333334,34.90915915915916,81.67642642642643,1326,77,3294.2920834571046,2472,35.030030030030034,875
724,0.05,-5510.03076923077,42.4775,36.259471050750534,83.5096497498213,1371,77,2523.617489125335,2472,39.767691208005715,501
725,0.05,-5199.569230769231,37.038333333333334,32.540438397581255,79.62736205593349,1297,79,2472.1541193862754,2475,32.63718820861678,139
726,0.05,-7037.246153846154,48.04333333333334,42.46774193548387,90.51466275659824,1334,74,3223.9223769479804,2476,42.558651026392965,510
727,0.05,-6462.892307692307,40.57083333333333,35.01907556859868,82.19662509170946,1369,72,2655.869525205194,2477,35.353631694790906,271
728,0.05,-6635.384615384615,44.36,38.996290801186944,87.67655786350149,1344,75,3259.8392913530843,2477,39.10089020771513,345
729,0.05,-6885.2307692307695,48.5675,43.18195376584638,90.45637583892618,1298,72,2746.80881790383,2480,43.29828486204325,249
730,0.05,-7238.123076923077,49.73583333333333,44.10795040116703,94.2035010940919,1323,74,4086.4189320842506,2480,44.40408460977389,233
731,0.05,-6962.307692307693,53.586666666666666,45.40980113636363,94.10014204545455,1383,76,3873.3602942059338,2481,46.1951909476662,592
732,0.05,-7346.630769230769,47.28,41.72988929889299,89.9660516605166,1314,72,3557.5711174760436,2481,41.83985239852399,682
733,0.05,-5521.953846153846,37.53916666666667,32.86460632818249,78.00809418690213,1332,75,2119.5197804825902,2481,32.94775570272259,275
734,0.05,-5410.015384615384,36.54666666666667,30.67148014440433,75.27581227436823,1352,73,2678.0280565100047,2481,30.777617328519856,267
735,0.05,-7583.569230769232,65.94083333333333,55.71348707197764,105.94619147449336,1348,77,3852.1748911751233,2481,55.99721254355401,612
736,0.05,-6200.107692307693,43.915,37.805054151624546,84.80361010830325,1362,77,3651.7895803588185,2481,37.92418772563177,608
737,0.05,-6563.938461538461,48.9175,40.14620298083747,91.37757274662881,1416,80,3527.778474998596,2481,40.60113555713272,503
738,0.05,-6253.661538461538,47.135,41.63729060451566,89.72323379461034,1357,72,3274.412240174886,2483,43.52851985559567,95
739,0.05,-6426.430769230769,45.54333333333334,40.520926756352765,88.81614349775785,1282,75,3525.6506141711134,2485,40.84977578475336,879
740,0.05,-6433.661538461538,43.0625,36.76589595375722,84.41763005780346,1371,71,2888.5101522472305,2485,36.92052023121387,288
741,0.05,-4943.676923076922,32.05416666666667,26.37897853441895,71.51517394522575,1351,73,2117.08664260081,2485,26.481865284974095,265
742,0.05,-5558.415384615384,33.40083333333333,31.059236165237724,76.02026500389712,1302,71,2201.770177022456,2487,31.182385035074045,87
743,0.05,-6888.707692307693,48.6175,40.826458036984356,88.71906116642958,1378,75,3336.8764723849117,2488,40.9453125,668
744,0.05,-5585.753846153846,45.37083333333333,40.069069069069066,90.16966966966967,1285,83,2606.633687718138,2488,41.9437359339835,730
745,0.05,-5912.83076923077,42.295,36.95529061102832,82.90238450074516,1342,80,3026.388594261976,2488,37.09165424739195,483
746,0.05,-4277.430769230769,30.239166666666666,26.140113798008535,71.59103840682788,1395,81,1359.0793096642715,2488,26.251599147121535,763
747,0.05,-5014.2307692307695,35.545,30.99928469241774,75.0994277539342,1317,76,2421.5598112284483,2488,31.15021459227468,215
748,0.05,-6615.923076923077,44.5675,38.34075723830735,85.64662212323682,1337,72,3236.2167832977016,2490,38.53823311061618,803
749,0.05,-6800.938461538462,51.25416666666667,44.214755295836376,91.13440467494522,1348,70,2824.202907442832,2491,55.90602582496413,131
750,0.05,-8318.276923076923,67.40083333333334,58.935580524344566,111.68014981273409,1289,73,4108.0586852080905,2491,65.06348020911128,413
751,0.05,-6123.692307692308,43.945,39.46177138531416,87.57153671461015,1309,80,2921.680635979317,2492,39.56775170325511,16
752,0.05,-7789.430769230768,55.94166666666667,46.41321152494729,96.40196767392833,1383,75,4023.0464784460164,2492,46.561489810260014,898
753,0.05,-6910.476923076922,56.43833333333333,47.88720173535792,95.99493853940709,1316,73,2784.328759076204,2492,58.82990786676116,617
754,0.05,-5074.323076923077,40.094166666666666,35.88558692421991,81.02674591381873,1312,74,2073.23358746711,2492,38.803863298662705,427
755,0.05,-7152.584615384616,51.208333333333336,45.61148396718867,95.23117076808352,1304,77,3895.948495543985,2492,45.764354958985834,428
756,0.05,-7648.800000000001,55.6975,47.65813788201848,97.51670220326936,1327,74,3685.043362339882,2493,48.01348474095103,797
757,0.05,-6020.338461538462,41.406666666666666,34.72222222222222,82.55930930930931,1356,79,3119.632737430059,2494,35.237987987987985,819
758,0.05,-6876.984615384616,48.295,40.289970930232556,86.4876453488372,1343,71,2747.9253729952093,2494,42.4844989185292,704
759,0.05,-5367.876923076923,34.42166666666667,31.53787299158378,77.95868400918133,1312,71,2294.7292881880276,2494,31.631981637337415,110
760,0.05,-8697.353846153845,66.41583333333334,57.789201183431956,112.03772189349112,1293,79,5076.966800531732,2495,59.20266272189349,113
761,0.05,-4713.476923076923,30.311666666666667,26.2125748502994,70.78293413173652,1333,76,1810.3007607496006,2495,26.30688622754491,30
762,0.05,-6308.569230769232,49.29666666666667,42.94655929721816,90.61786237188872,1298,80,3093.836687824067,2496,44.22913616398243,1
763,0.05,-6642.923076923076,43.38916666666667,36.1014799154334,82.58703312191685,1408,73,3385.4697644453645,2497,36.312191684284706,706
764,0.05,-6663.153846153846,49.0425,45.147871545929796,94.5631067961165,1304,79,3680.27684141989,2497,45.25989544436146,129
765,0.05,-7162.53846153846,48.54666666666667,43.687594553706504,91.25264750378214,1264,70,3252.9825947277795,2498,44.783420463032115,541
766,0.05,-7424.430769230767,59.39833333333333,51.325162220620044,101.844989185292,1341,75,4592.94953007937,2498,51.47224224945926,172
767,0.05,-6252.953846153846,44.25666666666667,40.045864661654136,86.43533834586466,1326,74,2802.5905659749487,2498,40.15251690458302,880
768,0.05,-6096.092307692307,42.405833333333334,37.28034682080925,83.33020231213872,1356,72,2136.8041725980133,2498,38.128499641062454,257
769,0.05,-5796.8,41.3525,35.581779053084645,82.03443328550932,1338,76,1981.5401472908034,2499,36.41248206599713,258
770,0.05,-6406.615384615383,52.80416666666667,47.36959761549925,94.95081967213115,1253,78,2898.4582998600586,2500,47.489567809239944,689
771,0.05,-4694.692307692308,35.034166666666664,32.033587786259545,78.22137404580153,1293,78,2031.985243741327,2500,32.20381679389313,125
772,0.05,-7287.861538461538,56.47416666666667,49.507841672890216,101.2890216579537,1295,78,4046.2757010759206,2501,50.146775389177165,624
773,0.05,-6009.630769230769,48.12083333333333,42.63107511045656,90.94845360824742,1288,79,2243.3320142095345,2501,43.487554904831626,11
774,0.05,-5981.092307692307,42.21083333333333,35.81618168914123,83.82540809084458,1390,76,2709.7846163089134,2502,35.92056737588653,563
775,0.05,-5883.553846153845,37.369166666666665,32.8411497730711,77.5748865355522,1315,70,2245.1676479240214,2505,32.920574886535555,743
776,0.05,-6053.153846153847,43.913333333333334,37.84104046242775,84.80419075144509,1336,79,3032.3360666665108,2505,38.293352601156066,677
777,0.05,-6163.523076923077,45.659166666666664,40.594202898550726,87.02059496567506,1243,76,2576.333006463456,2506,40.979420731707314,180
778,0.05,-5781.538461538461,38.9225,32.62028301886792,79.96540880503144,1282,73,2571.3773702073263,2507,34.97405660377358,51
779,0.05,-7742.030769230769,58.10583333333334,51.24981738495252,103.10518626734843,1314,82,3901.2812590872895,2508,51.36258158085569,655
780,0.05,-7970.676923076923,56.62916666666667,47.650904033379696,99.14881780250347,1395,77,4275.077032755626,2510,48.60222531293463,135
781,0.05,-4523.215384615385,31.535833333333333,27.5139911634757,70.97054491899853,1313,79,1694.2256472096867,2510,27.58541973490427,279
782,0.05,-6626.230769230769,48.395,43.003843197540355,92.00076863950807,1266,78,3586.0124596284836,2512,44.235204855842184,492
783,0.05,-6915.153846153846,49.83083333333333,40.8981612446959,88.43281471004244,1327,76,2997.500418711301,2514,41.113861386138616,40
784,0.05,-7056.861538461538,53.85166666666667,47.33456698741673,100.04293116210215,1348,81,3277.512696666034,2514,48.233160621761655,532
785,0.05,-4322.630769230769,30.2075,26.386295180722893,71.24397590361446,1323,80,2162.7769687910923,2515,26.511295180722893,228
786,0.05,-7816.261538461537,63.68833333333333,55.46759941089838,109.23122238586156,1316,78,4981.436154739835,2516,55.67746686303387,434
787,0.05,-6162.4,42.153333333333336,37.833083832335326,84.15718562874251,1269,71,3270.1119674630077,2519,37.97769516728624,750
788,0.05,-5199.83076923077,35.46333333333333,29.954777534646244,75.75492341356674,1349,79,2000.5738067435739,2519,30.064186725018235,276
789,0.05,-7922.307692307693,51.93083333333333,44.81379821958457,95.24406528189911,1323,74,4476.71774044448,2519,44.91913946587537,393
790,0.05,-6300.369230769231,42.31666666666667,37.45283018867924,85.0754716981132,1317,74,2526.75897041858,2519,37.59698113207547,546
791,0.05,-7224.907692307693,55.55,48.729651162790695,98.36918604651163,1333,81,3544.7134347195647,2519,48.86264534883721,458
792,0.05,-5348.876923076923,33.80416666666667,28.926705370101597,74.44702467343977,1383,76,2241.6293014749162,2519,29.020319303338173,736
793,0.05,-4803.923076923076,33.52333333333333,28.98882265275708,74.07004470938897,1337,75,1814.222061448978,2520,29.09985096870343,57
794,0.05,-6659.046153846153,47.306666666666665,41.372992700729924,88.02627737226277,1335,74,2912.113254749597,2520,41.714285714285715,849
795,0.05,-8207.646153846155,65.065,57.308029197080295,111.64963503649635,1289,82,5225.0030855844525,2521,57.462154294032025,409
796,0.05,-6755.953846153847,52.21083333333333,43.698424068767906,98.11103151862464,1383,78,3584.795712238408,2521,46.126074498567334,154
797,0.05,-6684.984615384616,44.11833333333333,36.20863309352518,82.37841726618706,1359,72,2673.3505707724985,2521,36.39827462257369,392
798,0.05,-8586.892307692307,62.1375,53.0478199718706,107.21097046413502,1373,74,4707.261780868939,2521,54.860056258790436,552
799,0.05,-8113.446153846154,61.564166666666665,54.33504775900074,108.70903747244672,1284,77,5523.043091610702,2521,54.47248716067498,364
800,0.05,-7144.661538461539,52.77333333333333,44.79658605974395,96.2773826458037,1323,77,3830.6976368138958,2521,45.04539007092198,874
801,0.05,-5547.6,37.245,32.93952802359882,78.13495575221239,1343,70,2303.012991915121,2521,33.056784660766965,687
802,0.05,-7099.7692307692305,51.69833333333333,44.06218727662616,94.25017869907076,1364,75,3415.9807651147453,2522,44.794138670478915,211
803,0.05,-5400.323076923077,36.99583333333333,33.10124724871607,78.6463683052091,1322,76,2213.07772531783,2524,33.222303741746146,22
804,0.05,-7280.446153846155,52.5325,47.29460895975702,99.84358390280941,1319,77,3326.8328899361777,2525,49.43280182232346,787
805,0.05,-6768.7692307692305,43.915,39.1812734082397,86.59026217228464,1347,68,2454.1772371284114,2525,39.61947565543071,896
806,0.05,-6411.0,43.358333333333334,38.66974595842956,84.58044649730562,1292,73,2599.1178082043452,2526,38.80061585835258,134
807,0.05,-7035.7230769230755,62.89333333333333,56.096082779009606,107.21877309682188,1269,76,3548.505824900737,2528,56.250554323725055,430
808,0.05,-5325.815384615385,37.285,31.128262490678598,76.66666666666667,1335,78,2591.844098694741,2528,31.22296793437733,146
809,0.05,-5487.138461538461,42.415,38.57432432432432,86.64414414414415,1269,80,2900.493388630975,2529,40.705882352941174,108
810,0.05,-6863.107692307693,51.59583333333333,44.57856625633599,92.09630702389573,1332,76,3202.4814149218055,2529,44.59163059163059,322
811,0.05,-8530.584615384616,70.80666666666667,60.95854545454545,122.31854545454546,1361,82,5330.252077073227,2529,67.32,772
812,0.05,-6463.984615384616,50.32833333333333,42.4061135371179,91.28675400291121,1369,80,2826.559521781703,2529,44.66593886462882,217
813,0.05,-5634.276923076923,37.10333333333333,31.3018018018018,77.5457957957958,1352,76,2235.3566669259735,2529,31.424924924924923,352
814,0.05,-5492.553846153846,42.318333333333335,36.25035868005739,85.63055954088952,1346,81,2742.0733311298386,2529,36.607604017216644,593
815,0.05,-7122.292307692308,52.998333333333335,47.15758028379388,98.60567587752054,1332,75,3959.5896514106057,2530,48.657462686567165,591
816,0.05,-6216.3076923076915,42.36666666666667,35.78790141896938,84.05675877520538,1347,74,2697.4383592847694,2530,35.970873786407765,695
817,0.05,-7002.369230769232,46.24916666666667,37.741581259150806,84.82796486090776,1375,72,3471.6590003078113,2531,37.86163982430454,188
818,0.05,-6654.876923076923,47.51416666666667,40.371532846715326,87.74890510948904,1309,74,2790.549263866083,2531,40.5021897810219,751
819,0.05,-8409.800000000001,58.28333333333333,50.90238611713666,103.03832248734635,1327,76,4962.284479089692,2533,51.0527838033261,341
820,0.05,-6709.692307692308,49.22,40.704930095658575,88.20382634289919,1334,70,2790.9061468472028,2533,41.28823529411765,872
821,0.05,-4815.738461538462,32.27583333333333,27.99258710155671,73.21349147516679,1357,79,2042.632872751325,2533,28.048112509252405,3
822,0.05,-5163.338461538461,39.8125,35.783371472158656,80.33867276887872,1300,74,1890.9914097618855,2534,37.03808073115004,829
823,0.05,-5307.076923076924,40.09,36.853051996985684,81.77844762622456,1264,75,1902.519276784918,2534,37.07847533632287,856
824,0.05,-5749.369230769231,41.513333333333335,36.86721068249258,81.48293768545994,1350,76,2697.0015430586823,2534,38.64844903988183,490
825,0.05,-5699.415384615384,37.5125,33.26367041198502,80.20074906367041,1335,73,2625.7537567218133,2535,33.375280898876404,143
826,0.05,-5550.338461538462,36.55416666666667,32.10498883097543,79.62397617274758,1348,74,2567.688063804361,2535,32.22561429635145,847
827,0.05,-7155.738461538462,59.1075,49.97010676156584,101.9423487544484,1338,80,4075.5445667072368,2535,52.91886120996441,414
828,0.05,-7080.6923076923085,53.05833333333333,48.06661732050333,97.69430051813471,1309,82,3880.181154824546,2535,48.153960029607696,66
829,0.05,-6112.569230769231,38.17166666666667,32.98918529199712,79.29776496034607,1380,69,2346.5699263349757,2535,33.10237923576064,675
830,0.05,-6629.307692307693,46.986666666666665,40.883805374001454,89.30718954248366,1362,71,3378.2007695308407,2535,41.225853304284676,76
831,0.05,-5720.015384615384,41.66416666666667,35.94558823529412,83.1610294117647,1313,80,2599.3601788098536,2535,36.063235294117646,749
832,0.05,-6587.43076923077,42.0925,35.69310600444774,83.10081541882876,1374,77,3349.8823463179824,2536,35.80207561156412,465
833,0.05,-7627.984615384615,58.350833333333334,47.01203966005666,94.68909348441926,1402,72,3754.2394684248816,2536,49.75616631430585,156
834,0.05,-7465.584615384615,56.469166666666666,49.7070110701107,96.36309963099632,1311,69,3307.7085226131953,2540,58.52791878172589,466
835,0.05,-4935.738461538462,33.81666666666667,29.202672605790646,74.34298440979956,1329,76,2039.016147089861,2540,29.29948109710897,658
836,0.05,-6640.876923076923,46.15833333333333,43.02883865939205,91.76071706936867,1257,71,3338.416978379972,2540,43.13639906469213,390
837,0.05,-7156.030769230769,48.2,40.67683369644154,88.88090050835149,1359,76,3921.4918323199986,2540,40.805374001452435,835
838,0.05,-6222.861538461539,44.935,37.82666666666667,88.26444444444445,1368,79,2860.7060110055922,2540,38.684444444444445,193
839,0.05,-6920.507692307692,42.16166666666667,36.94652014652014,83.61904761904762,1360,69,2933.4835564581504,2545,37.03736263736264,280
840,0.05,-8839.984615384616,68.45583333333333,57.19985775248933,107.3705547652916,1301,76,6535.027723838706,2545,60.71640735502122,757
841,0.05,-6524.430769230768,43.994166666666665,36.69527896995708,85.22317596566523,1405,77,3338.7012593751256,2546,36.832618025751074,536
842,0.05,-5732.892307692307,41.36416666666667,35.51282051282051,83.07763532763532,1380,80,2163.265454721363,2546,35.63960113960114,868
843,0.05,-7545.476923076922,57.6975,50.66439909297052,100.71126228269085,1309,72,3371.961508175121,2546,54.26514032496307,571
844,0.05,-6739.815384615385,49.275,42.022042615723734,92.9808963997061,1344,77,3243.3378233099825,2546,43.32035268185158,441
845,0.05,-5179.784615384615,35.943333333333335,30.348936170212767,77.48581560283688,1392,77,2023.3997773239678,2546,30.43342776203966,21
846,0.05,-7060.723076923076,55.163333333333334,48.6311844077961,95.86656671664169,1290,73,2865.0952679514576,2546,54.88,830
847,0.05,-6726.015384615385,51.115,45.23908216136196,91.61361954108068,1277,75,3535.384221731069,2546,45.40072727272727,700
848,0.05,-5390.246153846154,34.97,29.487769784172663,73.79640287769784,1328,70,2047.3086364577937,2546,29.62589928057554,431
849,0.05,-6289.569230769231,42.01583333333333,34.85394932935917,82.26900149031296,1325,75,2808.3701293997697,2547,35.437592867756315,444
850,0.05,-6987.292307692307,51.428333333333335,45.38855869242199,95.66047548291233,1294,76,3939.3931610467075,2547,45.492570579494796,574
851,0.05,-6255.107692307693,44.7375,39.087399854333576,87.06409322651129,1364,78,2763.0717998167265,2547,39.18704512372635,499
852,0.05,-6605.507692307692,42.44416666666667,36.753846153846155,85.2014652014652,1334,74,3234.1782827726533,2549,36.928937728937726,301
853,0.05,-8489.0,62.59,54.39162380602498,106.65172667156503,1297,80,4606.80316143023,2549,55.48145454545455,598
854,0.05,-7995.538461538461,53.6575,44.89716312056738,92.72836879432624,1362,70,4424.162595469681,2550,45.01205673758865,319
855,0.05,-6403.000000000001,59.44916666666666,52.54049962149887,101.36941710825133,1266,79,3329.3158744289476,2551,53.84795763993949,637
856,0.05,-7487.969230769229,52.31666666666667,45.3651726671565,93.97134459955915,1314,79,3451.315563700725,2552,45.49889786921381,282
857,0.05,-5416.8,37.7175,33.102431834929995,80.13633014001473,1342,77,2653.3952569507314,2553,33.23802505526898,307
858,0.05,-7906.323076923077,54.373333333333335,45.78134110787172,93.73979591836735,1332,74,4107.160507047082,2554,45.90816326530612,613
859,0.05,-4788.369230769231,30.063333333333333,27.243865030674847,71.579754601227,1318,71,1999.0914792742578,2555,27.34739263803681,240
860,0.05,-6851.784615384615,58.18416666666667,52.19524870081663,101.17149220489978,1295,77,3298.3234928503075,2556,52.42984409799555,561
861,0.05,-6424.83076923077,42.585,38.43871449925262,86.5388639760837,1322,74,3819.553554984175,2556,38.54185351270553,570
862,0.05,-7170.184615384616,56.215,49.489840348330915,98.65021770682148,1322,78,4013.9742579995445,2556,49.58853410740203,699
863,0.05,-5438.661538461538,38.49666666666667,33.92336035372144,81.04200442151806,1388,74,2534.8347220794317,2556,34.00294550810015,681
864,0.05,-5733.784615384615,44.48,39.02936857562408,87.50954478707783,1302,74,2653.242811485773,2557,50.229331416247305,616
865,0.05,-6406.446153846153,40.675,33.93290043290043,81.38600288600288,1392,70,2966.05552697219,2557,34.06277056277056,317
866,0.05,-7155.369230769231,46.08833333333333,38.8296507483963,86.26870990734142,1418,70,3867.9424560581883,2557,39.00855310049893,780
867,0.05,-7337.153846153846,50.52333333333333,44.563748079877115,96.24270353302612,1295,74,3227.2280261437204,2557,45.334869431643625,719
868,0.05,-7593.415384615384,59.20916666666667,52.095273818454615,101.30982745686421,1305,75,3362.2114215102774,2557,56.27624720774386,753
869,0.05,-7334.784615384615,50.159166666666664,43.24302496328928,93.31350954478708,1348,76,3697.993661086614,2558,43.33773861967695,800
870,0.05,-6277.476923076923,41.571666666666665,36.661078717201164,82.98250728862973,1318,73,2577.951264790619,2558,36.75947521865889,568
871,0.05,-6757.415384615384,50.28666666666667,44.09249431387415,91.83320697498105,1299,71,2905.738490657992,2558,52.09843400447427,302
872,0.05,-7302.446153846153,44.6175,37.773826458036986,83.26529160739688,1381,65,3594.4866321726367,2558,37.884068278805124,826
873,0.05,-6167.292307692309,42.635,37.785975164353545,83.61504747991235,1311,75,3132.93323635637,2559,37.891161431701974,782
874,0.05,-5880.523076923077,40.22666666666667,33.90537634408602,81.63082437275986,1379,73,3068.7558345275847,2562,34.027956989247315,73
875,0.05,-5983.384615384615,36.645833333333336,31.598068350668647,78.58989598811293,1388,76,2587.69594319696,2562,31.71916790490342,775
876,0.05,-8528.492307692308,63.156666666666666,54.01272084805654,107.15335689045936,1350,76,4513.3441633744505,2562,54.53003533568904,115
877,0.05,-6648.599999999999,46.11833333333333,41.41413373860183,89.29559270516717,1298,75,3328.6877738412913,2562,41.63177710843374,287
878,0.05,-6766.5230769230775,45.99333333333333,41.3089430894309,88.24981522542498,1288,74,2958.0864584383276,2563,41.43089430894309,191
879,0.05,-9146.953846153847,67.84,59.672287390029325,112.31231671554252,1278,73,5806.984443360495,2564,64.00363108206245,496
880,0.05,-6893.246153846154,48.355,42.50903832248735,92.54302241503977,1331,72,3025.867857258673,2567,43.33742774566474,104
881,0.05,-6482.03076923077,48.72666666666667,41.748710390567425,90.81134856300663,1285,78,2925.6339668043283,2567,51.49523809523809,176
882,0.05,-7047.446153846154,47.51,40.10688140556369,87.62957540263544,1354,74,3176.0695040395703,2567,40.19692532942899,845
883,0.05,-6064.1846153846145,34.76583333333333,28.561516452074393,73.86695278969957,1425,71,3135.345786277658,2567,28.684549356223176,844
884,0.05,-5719.323076923077,37.54833333333333,33.23290758827949,78.89631855747558,1333,74,2271.507635799165,2569,33.33057851239669,7
885,0.05,-5516.276923076923,38.545833333333334,33.36482558139535,79.9876453488372,1355,77,2139.827550780866,2569,33.465843023255815,487
886,0.05,-6440.384615384615,42.86333333333334,37.62327272727273,84.50909090909092,1361,75,3249.550497577142,2569,37.74109090909091,351
887,0.05,-5823.969230769231,39.29333333333334,34.875558867362145,80.85618479880775,1363,77,2112.1247081402025,2570,34.97544642857143,581
888,0.05,-6327.461538461538,45.219166666666666,40.22669649515287,87.62714392244594,1341,75,2662.714322221392,2570,40.510812826249065,881
889,0.05,-5435.753846153846,37.126666666666665,32.67008046817849,78.19824433065106,1333,73,1785.2827891048505,2570,32.79005120702268,639
890,0.05,-4851.492307692308,32.274166666666666,28.35924528301887,74.95471698113208,1348,78,2339.6732142986834,2571,28.46566037735849,377
891,0.05,-5612.799999999999,37.56583333333333,33.12258543833581,81.33878157503715,1336,75,2645.035172035559,2572,33.30460624071323,78
892,0.05,-6183.33846153846,52.02916666666667,46.99317147192716,95.0804248861912,1282,75,2368.332406931926,2572,49.11981914091937,632
893,0.05,-6667.969230769231,47.093333333333334,41.25275532696546,89.04041146216018,1321,72,3038.321671274409,2573,41.39867841409691,315
894,0.05,-5471.2307692307695,36.54083333333333,31.525893508388037,77.27716994894237,1355,77,1952.2693214798624,2573,31.65864332603939,29
895,0.05,-7930.092307692307,60.4575,55.38485080336649,104.83779648048967,1249,78,4591.101296872247,2573,55.73873185637891,425
896,0.05,-7631.030769230769,59.719166666666666,55.4894419306184,104.77375565610859,1220,81,4381.083746122225,2575,55.52832965415747,184
897,0.05,-5744.507692307692,43.23416666666667,39.0,86.9674074074074,1329,80,2758.0276049997733,2575,39.09037037037037,504
898,0.05,-6881.7692307692305,49.0175,41.6059291395517,89.1062906724512,1402,72,2773.471936928287,2575,44.835948644793156,801
899,0.05,-7598.1846153846145,59.13583333333333,50.32972582972583,100.14790764790764,1361,76,3309.159446917707,2577,53.61643835616438,607
