episode,epsilon,total_reward,avg_queue,avg_wait_s,avg_travel_s,throughput,switches,td_loss,q_table_states,avg_delay_s,traffic_seed
0,1.0,-800.4769230769232,3.695,7.877551020408164,72.74768089053804,547,131,8.658905654233118,64,7.975881261595547,438
1,0.9945,-812.9846153846154,3.8841666666666668,7.989455184534271,71.86467486818981,566,134,7.703849283408739,81,8.07908611599297,392
2,0.989,-991.9692307692308,4.276666666666666,8.21938775510204,72.921768707483,578,132,12.038858494988101,100,8.31578947368421,222
3,0.9835,-752.6615384615384,3.2816666666666667,7.017341040462428,71.94797687861272,520,135,5.971371529820786,104,7.107899807321773,885
4,0.9781,-805.3846153846154,3.6983333333333333,7.807615230460922,70.48496993987976,523,132,6.939322085535732,107,7.881763527054108,643
5,0.9726,-717.1999999999999,3.4225,7.504708097928437,72.36346516007534,538,138,5.434427202719448,110,7.576271186440678,439
6,0.9673,-897.5538461538462,4.578333333333333,8.94017094017094,73.591452991453,570,132,7.607699913698271,111,9.046153846153846,708
7,0.9619,-1042.1538461538462,4.609166666666667,9.45373665480427,76.02313167259787,565,132,8.635650234287908,116,9.54982206405694,0
8,0.9566,-958.4615384615385,4.553333333333334,9.006734006734007,74.6969696969697,585,129,11.020748404949513,124,9.112794612794612,808
9,0.9513,-743.4153846153845,3.660833333333333,7.408771929824561,72.32280701754387,576,139,5.215055345199753,126,7.473684210526316,185
10,0.946,-788.5846153846154,3.6141666666666667,7.5,72.43838028169014,560,142,5.776629615264014,127,7.589788732394366,47
11,0.9408,-919.0,3.9875,7.948717948717949,73.58461538461539,610,136,8.147146588236586,130,8.064957264957265,558
12,0.9356,-1031.553846153846,4.2775,8.931899641577061,73.16308243727599,553,128,10.156878369239067,134,9.026881720430108,846
13,0.9304,-924.4307692307693,4.473333333333334,9.122040072859745,77.2568306010929,559,128,6.4276790217276965,134,9.224043715846994,879
14,0.9253,-848.7846153846153,3.5416666666666665,7.6036363636363635,73.31818181818181,561,129,6.248097861919677,137,7.683636363636364,737
15,0.9202,-828.3076923076924,3.765,7.191201353637902,71.64805414551607,597,136,5.623635621208749,139,7.274111675126903,23
16,0.9151,-769.3692307692307,3.8316666666666666,7.863957597173145,73.03180212014134,557,144,5.056851414360453,139,7.964664310954063,583
17,0.91,-848.4461538461538,3.9191666666666665,8.019097222222221,72.859375,575,138,6.710171666852224,140,8.093587521663778,488
18,0.905,-814.0923076923077,3.5716666666666668,7.569852941176471,74.63786764705883,545,136,6.538342769779562,142,7.650735294117647,431
19,0.9,-695.5076923076923,3.5191666666666666,6.842105263157895,68.39388794567063,579,138,4.876939652187063,143,6.925297113752122,551
20,0.895,-759.7076923076922,3.410833333333333,6.916814159292035,71.01946902654868,554,135,5.1703320417699326,143,7.014159292035398,144
21,0.89,-845.1384615384616,4.006666666666667,8.01736111111111,74.65972222222223,586,133,5.305072117702918,143,8.133680555555555,150
22,0.8851,-713.7384615384615,3.4891666666666667,7.209944751381215,71.02209944751381,539,130,5.594096867996082,145,7.283609576427256,856
23,0.8802,-866.2923076923076,3.8008333333333333,7.829981718464351,71.02925045703839,558,134,8.52283973222464,152,7.9195612431444244,806
24,0.8753,-666.4923076923076,3.3408333333333333,6.338461538461538,72.18461538461538,589,145,3.947706964627856,152,6.4393162393162395,305
25,0.8705,-741.0461538461539,3.345,7.055350553505535,72.91328413284133,567,136,4.613706970502028,152,7.136531365313653,541
26,0.8657,-672.4153846153846,3.2583333333333333,6.899280575539568,71.67086330935251,565,136,4.42960001037771,152,6.9640287769784175,730
27,0.8609,-794.6923076923077,3.6525,7.823529411764706,73.02573529411765,543,129,4.8472799392414965,152,7.898897058823529,366
28,0.8561,-847.6153846153846,3.9825,7.5893470790378,74.12027491408935,582,136,5.404728614706203,153,7.666666666666667,848
29,0.8514,-681.6,3.1908333333333334,6.597517730496454,72.13120567375887,564,142,5.657414426158784,155,6.695035460992908,362
30,0.8467,-702.9692307692308,3.1475,7.0134357005758154,72.03071017274472,519,135,4.4028002234946015,158,7.074856046065259,333
31,0.842,-762.8,3.6708333333333334,7.687385740402194,71.47349177330896,553,137,5.368644827163092,158,7.764168190127971,337
32,0.8373,-652.5846153846154,3.203333333333333,6.445017182130584,71.21649484536083,578,140,4.462011707288212,158,6.517182130584192,298
33,0.8327,-987.7076923076922,4.746666666666667,9.441821247892074,75.30016863406408,589,132,12.100973932320386,160,9.526138279932546,523
34,0.8281,-616.1692307692308,3.1425,6.636363636363637,69.48484848484848,553,133,3.77691778859712,160,6.709447415329768,503
35,0.8235,-653.0615384615385,3.4,7.244402985074627,73.02611940298507,546,142,3.2519536766324175,160,7.322761194029851,340
36,0.819,-701.6307692307691,3.365,6.6638078902229845,71.04288164665523,587,133,3.8705147523356436,160,6.746140651801029,704
37,0.8144,-601.7076923076922,2.9483333333333333,6.490458015267175,72.66793893129771,514,129,4.203270935262873,160,6.6106870229007635,72
38,0.8099,-541.7384615384616,2.5116666666666667,5.343807763401109,69.9445471349353,541,140,3.190437121192285,160,5.4288354898336415,374
39,0.8054,-637.2153846153847,2.9966666666666666,6.025906735751295,71.23143350604491,573,143,3.80330460520263,160,6.108808290155441,663
40,0.801,-648.8615384615384,2.985,5.893470790378007,70.15292096219932,572,138,3.9436621705502284,160,5.974226804123711,104
41,0.7966,-765.676923076923,3.7733333333333334,7.200996677740863,72.85049833887044,592,142,5.139634538218443,160,7.313953488372093,4
42,0.7922,-567.6769230769231,2.9475,6.118181818181818,70.80909090909091,546,137,4.521320625881824,161,6.194545454545454,232
43,0.7878,-582.7538461538461,2.975,6.096601073345259,70.17173524150269,557,144,3.9979081035838675,161,6.18783542039356,425
44,0.7834,-681.7384615384615,3.5591666666666666,7.461121157323689,72.37070524412296,559,138,6.112038318482503,164,7.562386980108499,538
45,0.7791,-805.7384615384615,3.8091666666666666,7.538330494037479,72.62180579216354,590,135,7.378346763103719,164,7.6269165247018735,238
46,0.7748,-600.2307692307693,3.2108333333333334,6.1447811447811445,68.6952861952862,581,145,3.1094513511739152,164,6.252525252525253,796
47,0.7705,-690.2615384615384,3.3641666666666667,6.3446519524618,69.76400679117148,582,136,6.382737902604317,165,6.431239388794567,690
48,0.7662,-540.7076923076924,2.9516666666666667,6.207407407407407,70.58333333333333,534,146,4.73023376836567,166,6.294444444444444,756
49,0.762,-618.9076923076923,3.0441666666666665,5.920661157024793,73.84462809917355,589,142,3.4424247939618864,166,6.019834710743802,78
50,0.7578,-800.2615384615385,3.965,7.81551724137931,74.08275862068966,569,130,5.537101203450042,166,7.901724137931034,234
51,0.7536,-755.4307692307692,3.6733333333333333,7.175084175084175,71.43434343434343,598,138,5.68141127961651,166,7.260942760942761,482
52,0.7494,-623.9692307692308,3.1858333333333335,6.077057793345009,70.49737302977233,585,142,5.5089072116955276,167,6.168126094570928,134
53,0.7453,-606.5230769230768,3.0383333333333336,6.038260869565217,70.91652173913043,582,139,4.646786007935586,167,6.144347826086957,554
54,0.7411,-648.553846153846,3.359166666666667,6.654822335025381,72.11167512690355,584,146,4.332704080179741,168,6.749576988155669,310
55,0.737,-722.6153846153846,3.4791666666666665,7.057793345008757,73.28196147110333,587,135,5.767516188474603,168,7.147110332749562,544
56,0.733,-638.0307692307692,2.8958333333333335,5.909252669039146,71.18327402135232,564,143,3.8376779948703708,169,5.98220640569395,74
57,0.7289,-527.0615384615385,2.7525,5.70961887477314,70.72776769509981,552,143,3.1040514045108782,169,5.805807622504537,288
58,0.7249,-614.0153846153846,3.07,5.8321799307958475,67.42387543252595,562,132,5.942960942185817,170,5.911764705882353,898
59,0.7209,-602.9692307692309,2.955,6.333333333333333,71.08058608058609,534,144,3.6318144197203996,171,6.393772893772894,327
60,0.7169,-629.8923076923077,3.1508333333333334,6.53427065026362,69.18101933216168,570,138,4.472619656931676,171,6.6151142355008785,142
61,0.7129,-682.7692307692307,3.1341666666666668,6.335676625659051,70.34446397188049,566,137,5.501858203146061,171,6.456140350877193,843
62,0.709,-602.4307692307693,3.0083333333333333,6.006993006993007,71.12412587412588,567,143,4.092478757648167,171,6.0979020979020975,324
63,0.705,-578.8307692307692,2.9591666666666665,5.839788732394366,70.39612676056338,567,135,3.619257783523272,171,5.940140845070423,781
64,0.7011,-602.5999999999999,3.0283333333333333,6.106271777003484,68.77177700348432,562,140,2.54263793030408,171,6.193379790940766,153
65,0.6973,-691.8307692307692,3.4075,6.751304347826087,69.4191304347826,580,141,5.12812097799936,171,6.829565217391305,20
66,0.6934,-656.6615384615384,3.3225,6.564685314685315,72.08916083916084,583,141,4.351718867168982,171,6.664335664335664,7
67,0.6896,-622.2923076923078,3.1125,6.129597197898423,71.3677758318739,568,141,4.824553264728392,172,6.203152364273205,396
68,0.6858,-631.9538461538461,3.0283333333333333,5.883561643835616,68.69691780821918,571,139,5.291435497426753,172,5.9965753424657535,562
69,0.682,-654.1846153846154,3.013333333333333,6.046875,71.07118055555556,590,139,5.143999143326539,174,6.131944444444445,685
70,0.6782,-617.3692307692307,3.215,6.155778894472362,70.55946398659967,591,142,4.535326217008768,175,6.301507537688442,312
71,0.6744,-627.3692307692309,3.2316666666666665,6.440619621342513,72.22203098106712,572,144,4.282799741217892,175,6.540447504302926,66
72,0.6707,-537.1692307692308,2.763333333333333,5.372649572649572,67.96239316239316,593,146,2.938912941998729,175,5.456410256410257,114
73,0.667,-586.676923076923,2.9458333333333333,6.259328358208955,70.58208955223881,542,140,3.1875856000693683,175,6.335820895522388,163
74,0.6633,-539.876923076923,2.6491666666666664,5.619318181818182,69.15151515151516,542,142,4.498342696047859,175,5.678030303030303,338
75,0.6596,-609.7076923076924,2.9941666666666666,6.251798561151079,68.83812949640287,549,140,5.305004872899765,175,6.325539568345324,593
76,0.656,-504.7538461538462,2.808333333333333,6.050185873605948,70.74163568773234,545,147,2.756084682272074,175,6.12453531598513,863
77,0.6524,-591.8153846153846,2.9816666666666665,6.313207547169811,69.25283018867924,535,142,5.28232164594755,175,6.387947269303202,877
78,0.6487,-561.6615384615385,3.005,5.986038394415358,71.90575916230367,578,139,3.707053866852376,175,6.108202443280978,376
79,0.6452,-507.53846153846155,2.6533333333333333,5.391150442477876,67.929203539823,563,141,3.1293921321938574,175,5.48141592920354,723
80,0.6416,-571.7692307692308,2.9783333333333335,6.245931283905968,70.87703435804701,532,143,3.083712962333341,175,6.3399638336347195,463
81,0.638,-580.8,2.74,5.705244122965642,69.59674502712477,550,145,4.836084296734917,175,5.792043399638336,734
82,0.6345,-447.30769230769226,2.235,4.751838235294118,66.89154411764706,549,147,2.5352462560209985,175,4.8474264705882355,96
83,0.631,-585.876923076923,3.035833333333333,5.803603603603603,69.31891891891892,577,145,5.039169029859386,175,5.8882882882882885,118
84,0.6275,-575.9076923076923,3.03,6.001712328767123,69.1832191780822,580,144,3.275349318949103,175,6.063356164383562,483
85,0.624,-548.5999999999999,2.8833333333333333,5.778730703259005,69.81818181818181,576,144,3.6065093867236735,175,5.890222984562607,371
86,0.6206,-657.8923076923077,3.5425,7.3003597122302155,73.06654676258992,541,145,2.3961304133928594,175,7.419064748201439,674
87,0.6171,-616.9230769230769,2.8133333333333335,5.83363802559415,70.73674588665448,556,142,5.126876083536323,175,5.912248628884826,395
88,0.6137,-484.38461538461536,2.5733333333333333,5.448833034111311,69.40394973070018,549,140,2.736581491689749,176,5.5385996409335725,807
89,0.6103,-517.4153846153846,2.5858333333333334,5.0119250425894375,68.19250425894379,586,149,3.254583867769542,176,5.120954003407155,573
90,0.607,-457.4769230769231,2.526666666666667,5.269439421338156,67.07775768535262,554,145,4.890154544328808,176,5.35623869801085,552
91,0.6036,-518.2769230769231,2.5541666666666667,5.4259597806215725,70.19744058500915,554,143,4.165540373670263,176,5.49908592321755,699
92,0.6003,-533.5384615384615,2.868333333333333,5.753982300884956,70.1575221238938,569,143,2.447901002204149,176,5.842477876106194,211
93,0.5969,-573.3384615384616,2.8233333333333333,5.941818181818181,67.96,542,138,3.280237966208696,176,6.025454545454545,645
94,0.5936,-512.7076923076922,2.6166666666666667,5.675623800383877,70.52975047984646,541,150,2.401246699559721,176,5.758157389635317,560
95,0.5904,-572.4461538461538,2.9975,5.915951972555746,70.09948542024014,589,146,4.47123252638436,177,6.005145797598628,728
96,0.5871,-537.876923076923,2.4516666666666667,5.059859154929577,70.27640845070422,564,148,4.429666827585134,177,5.149647887323944,112
97,0.5838,-537.0153846153846,2.55,5.582706766917293,68.81766917293233,527,146,2.6867749430020065,177,5.659774436090226,854
98,0.5806,-587.5230769230768,2.7891666666666666,6.11531190926276,72.03213610586012,536,145,3.8226824409230975,177,6.2117202268431,302
99,0.5774,-487.9846153846154,2.5725,5.292639138240575,69.07719928186715,543,152,3.1119301750196144,177,5.373429084380611,106
100,0.5742,-600.723076923077,3.0275,6.143106457242583,70.96160558464223,573,138,4.495555082018002,177,6.230366492146596,93
101,0.571,-444.6,2.3833333333333333,5.149171270718232,68.20441988950276,534,143,3.437063382779529,177,5.230202578268877,857
102,0.5679,-563.0307692307692,2.8875,6.143382352941177,73.07720588235294,532,147,3.442908554968622,178,6.259191176470588,832
103,0.5647,-539.3384615384616,2.8325,5.765845070422535,68.86091549295774,565,143,4.6636620423173065,178,5.845070422535211,329
104,0.5616,-599.7076923076924,2.9375,5.915641476274165,70.6115992970123,583,144,4.048132635743018,179,6.0298769771529,702
105,0.5585,-543.5384615384615,2.9391666666666665,5.727731092436975,71.09411764705882,581,137,3.170339986565549,179,5.845378151260504,780
106,0.5554,-450.4307692307692,2.3158333333333334,4.8003597122302155,71.23561151079137,559,144,4.326063336935521,180,4.865107913669065,591
107,0.5523,-528.4769230769231,2.6841666666666666,5.915413533834586,69.80639097744361,554,148,5.027937407114923,180,6.0093984962406015,176
108,0.5493,-595.5538461538463,2.9816666666666665,6.01423487544484,67.87900355871886,552,145,4.710468731532711,181,6.135231316725979,504
109,0.5462,-545.9384615384615,3.005,5.757281553398058,71.48220064724919,613,148,4.305415929317393,181,5.8705501618122975,600
110,0.5432,-443.5076923076923,2.49,5.117021276595745,66.57446808510639,567,153,3.418539620145205,181,5.210992907801418,725
111,0.5402,-457.86153846153843,2.2891666666666666,4.666666666666667,69.93939393939394,565,149,2.00716105626046,181,4.7272727272727275,389
112,0.5372,-484.6153846153846,2.4266666666666667,4.898032200357782,69.4865831842576,566,146,2.9017515121124133,181,4.973166368515206,621
113,0.5343,-505.5230769230769,2.6458333333333335,5.210884353741497,71.37585034013605,601,146,2.417251735115924,181,5.318027210884353,342
114,0.5313,-548.7538461538461,2.9341666666666666,6.149280575539568,69.62589928057554,545,146,3.400946864331419,181,6.237410071942446,603
115,0.5284,-442.2,2.421666666666667,4.623333333333333,68.74666666666667,594,146,2.6610887974099424,182,4.715,368
116,0.5254,-524.0307692307692,2.585,5.335701598579041,71.98401420959148,568,144,5.09867197984949,182,5.428063943161634,749
117,0.5225,-509.6615384615385,2.783333333333333,5.434856175972927,68.30287648054146,574,144,3.042784287652575,182,5.519458544839256,540
118,0.5196,-497.21538461538466,2.5408333333333335,5.094017094017094,66.54700854700855,595,145,2.72509276306889,182,5.182905982905983,774
119,0.5168,-498.95384615384614,2.6375,5.633517495395949,71.68876611418048,536,142,3.390235717352654,182,5.718232044198895,113
120,0.5139,-557.5692307692308,2.970833333333333,6.204626334519573,70.08007117437722,564,139,3.9817386348497394,182,6.316725978647687,151
121,0.5111,-567.7384615384615,3.055833333333333,6.219858156028369,72.12056737588652,561,146,4.094352095256432,182,6.331560283687943,154
122,0.5082,-495.12307692307695,2.558333333333333,4.867549668874172,69.22350993377484,602,140,2.6757928578478944,182,4.978476821192053,715
123,0.5054,-493.30769230769226,2.3925,5.492094861660079,71.60079051383399,515,137,3.956920753063003,182,5.594861660079052,149
124,0.5026,-469.79999999999995,2.466666666666667,5.312849162011173,70.34450651769087,541,148,2.369243164342135,182,5.37243947858473,646
125,0.4998,-558.9538461538461,2.6258333333333335,5.468864468864469,69.28754578754578,556,141,3.605013640885545,182,5.569597069597069,410
126,0.4971,-458.13846153846157,2.59,5.131578947368421,67.47017543859648,570,151,3.5068547183315713,182,5.2105263157894735,294
127,0.4943,-438.9230769230769,2.2933333333333334,4.894934333958724,69.9437148217636,534,146,2.767177826911251,182,4.99437148217636,612
128,0.4916,-433.6153846153846,2.2416666666666667,4.732368896925859,70.0632911392405,560,143,2.401626638032656,182,4.801084990958409,411
129,0.4889,-417.9230769230769,2.1908333333333334,4.2452504317789295,67.16407599309154,584,148,2.290883923524448,182,4.338514680483592,257
130,0.4862,-460.2153846153846,2.435,5.156826568265683,66.97416974169742,530,145,2.875726857744217,183,5.24169741697417,336
131,0.4835,-470.61538461538464,2.5208333333333335,5.21326164874552,68.2831541218638,564,145,2.0827592215129482,183,5.317204301075269,349
132,0.4808,-525.3076923076923,2.5566666666666666,5.533088235294118,70.90992647058823,550,147,3.243831133076832,183,5.612132352941177,427
133,0.4781,-467.0153846153846,2.5058333333333334,5.161001788908766,68.0608228980322,564,144,3.4220290100208897,183,5.268336314847943,648
134,0.4755,-546.8307692307692,2.8308333333333335,5.965703971119134,68.95487364620939,556,149,3.7886146095519573,184,6.041516245487364,822
135,0.4729,-506.6923076923077,2.7116666666666664,5.788785046728972,69.01308411214953,535,140,2.5358029280534553,184,5.88785046728972,570
136,0.4703,-512.8307692307692,2.495833333333333,4.966898954703833,68.43728222996516,579,153,3.3088146969118544,184,5.036585365853658,229
137,0.4677,-543.5076923076924,2.79,5.583333333333333,69.85460992907801,576,144,2.9285339799225496,184,5.649557522123894,668
138,0.4651,-474.0153846153847,2.7191666666666667,5.453448275862069,70.10172413793103,587,156,6.078816329274597,185,5.546551724137931,433
139,0.4625,-518.2307692307693,2.6025,5.201724137931034,70.76206896551724,586,146,2.825215073034391,185,5.305172413793104,468
140,0.4599,-491.99999999999994,2.3233333333333333,4.700704225352113,69.19542253521126,582,149,3.4642157330024808,185,4.77112676056338,164
141,0.4574,-526.8923076923077,2.8475,5.708480565371024,71.24381625441696,570,148,4.435934097650438,189,5.789752650176679,744
142,0.4549,-471.0615384615385,2.5075,5.228007181328546,68.33213644524237,551,144,3.2493044808198026,189,5.315978456014363,197
143,0.4523,-546.3076923076924,2.7733333333333334,5.629370629370629,69.57867132867133,568,142,3.1490432423659622,189,5.72027972027972,387
144,0.4498,-516.9230769230769,2.7466666666666666,5.324742268041237,69.31443298969072,589,140,2.888620258779173,189,5.407216494845361,249
145,0.4474,-493.0923076923077,2.848333333333333,5.48989898989899,68.63299663299664,594,152,2.9334545685284663,189,5.577441077441078,535
146,0.4449,-427.3076923076923,2.2325,4.803402646502835,69.36862003780719,544,146,3.217389642652558,190,4.882797731568998,638
147,0.4424,-457.10769230769233,2.5775,4.857142857142857,66.6219512195122,591,144,3.7714026110650893,190,4.93205574912892,566
148,0.44,-534.0615384615385,2.9066666666666667,5.463054187192118,69.79638752052546,607,147,2.702468186158086,190,5.556650246305419,259
149,0.4375,-469.7384615384616,2.609166666666667,5.358156028368795,68.62943262411348,567,145,2.7848209204283214,190,5.425531914893617,466
150,0.4351,-528.5692307692308,2.6708333333333334,5.258347978910369,71.28998242530756,582,147,3.0116775902808155,190,5.381370826010545,330
151,0.4327,-512.9846153846154,2.691666666666667,5.200663349917082,69.17247097844113,601,145,3.765039846885885,190,5.298507462686567,126
152,0.4303,-418.33846153846156,2.3808333333333334,5.020109689213894,69.98720292504571,554,147,2.950370860032191,191,5.1042047531992685,580
153,0.4279,-492.8,2.8525,6.029684601113172,70.56400742115028,536,151,4.0424962188025955,191,6.103896103896104,351
154,0.4256,-451.15384615384613,2.355,5.044036697247706,69.22752293577982,535,142,2.836695018192005,191,5.122935779816514,610
155,0.4232,-463.8461538461538,2.4425,4.826530612244898,68.55272108843538,596,151,2.5239308376719083,191,4.909863945578231,659
156,0.4209,-452.3538461538461,2.3408333333333333,4.847942754919499,65.23076923076923,552,136,5.001081230280923,191,4.915921288014311,80
157,0.4185,-519.4153846153847,2.575,5.384615384615385,70.52593917710196,560,138,3.6106151628535477,191,5.483928571428572,888
158,0.4162,-483.0615384615385,2.640833333333333,5.451327433628318,70.50088495575221,556,144,4.8134885761396555,191,5.552212389380531,543
159,0.4139,-477.7692307692308,2.325,4.529812606473595,67.79897785349233,598,146,3.8473214442688377,191,4.613287904599659,415
160,0.4116,-460.32307692307694,2.2483333333333335,4.592592592592593,67.44444444444444,560,142,3.165309027396522,191,4.677248677248677,276
161,0.4094,-521.7230769230769,2.6625,5.602189781021898,69.02372262773723,559,137,3.101216483683555,191,5.708029197080292,479
162,0.4071,-481.6769230769231,2.3325,4.669505962521295,68.64735945485519,572,141,3.300773904934628,191,4.756388415672913,77
163,0.4048,-464.7230769230769,2.4966666666666666,5.175406871609403,70.28571428571429,552,144,2.573264576578909,191,5.242314647377938,630
164,0.4026,-475.75384615384615,2.4916666666666667,4.86551724137931,68.77586206896552,584,150,2.787075129727562,191,4.958620689655173,656
165,0.4004,-382.04615384615386,2.0791666666666666,4.034782608695652,64.85391304347826,584,148,1.4857269350143998,191,4.116521739130435,217
166,0.3982,-374.4769230769231,2.0108333333333333,4.105633802816901,67.0580985915493,567,142,2.7300951194850436,191,4.211267605633803,539
167,0.396,-414.3538461538461,2.3583333333333334,4.458745874587459,67.12211221122112,612,146,2.1614108983685725,191,4.5627062706270625,45
168,0.3938,-534.4923076923077,2.9275,5.812173913043479,69.87130434782608,573,143,2.515201416618952,191,5.9165217391304346,617
169,0.3916,-493.4461538461539,2.5633333333333335,5.006837606837607,71.06495726495727,580,154,3.115917969292057,191,5.094017094017094,236
170,0.3894,-491.69230769230774,2.6158333333333332,5.531135531135531,71.78021978021978,557,151,3.8377552111106517,191,5.6300366300366305,441
171,0.3873,-444.63076923076926,2.3358333333333334,4.421792618629174,67.00702987697716,570,141,4.668917757455645,191,4.539543057996485,311
172,0.3851,-445.6461538461538,2.243333333333333,4.508620689655173,67.37241379310345,582,143,2.4434759803670825,191,4.6017241379310345,401
173,0.383,-476.9384615384615,2.305833333333333,4.758436944937833,67.57371225577265,568,143,3.208443217051833,191,4.818827708703375,524
174,0.3809,-413.0615384615385,2.2816666666666667,4.185245901639345,66.78688524590164,604,148,2.7588826252905965,191,4.270491803278689,282
175,0.3788,-449.32307692307694,2.295,4.826475849731664,66.49373881932021,534,141,2.9117712354546663,191,4.919499105545617,54
176,0.3767,-431.10769230769233,2.3175,4.996116504854369,65.12621359223301,517,139,3.2004033815496373,191,5.064077669902913,279
177,0.3746,-442.6,2.37,4.461148648648648,68.45101351351352,598,150,2.195032102107243,191,4.574324324324325,606
178,0.3725,-454.1538461538462,2.5741666666666667,5.080617495711835,70.63121783876501,580,145,3.291635635408851,191,5.161234991423671,574
179,0.3705,-427.4307692307692,2.3016666666666667,4.987084870848708,70.47970479704797,542,147,3.602020242271094,191,5.081180811808118,55
180,0.3684,-422.12307692307695,2.275,4.807272727272728,68.88545454545455,546,149,2.034884925897742,191,4.901818181818181,361
181,0.3664,-505.0461538461539,2.785,5.429054054054054,68.44256756756756,573,142,2.94446250313027,191,5.525337837837838,165
182,0.3643,-473.27692307692314,2.638333333333333,5.137055837563452,69.95262267343486,599,155,3.4292400643319523,191,5.218274111675127,601
183,0.3623,-419.53846153846155,2.3275,4.678819444444445,68.47395833333333,580,155,2.877397441600731,191,4.753472222222222,380
184,0.3603,-520.0461538461539,2.8008333333333333,4.948892674616695,71.36115843270869,583,140,4.049756527205415,191,5.04421768707483,318
185,0.3583,-454.9384615384615,2.5225,4.958974358974359,67.88205128205128,582,153,2.235852284850513,191,5.05982905982906,805
186,0.3563,-425.46153846153845,2.348333333333333,5.157894736842105,69.36842105263158,522,146,2.614192090592998,191,5.222222222222222,502
187,0.3544,-482.6,2.566666666666667,5.160344827586207,70.3551724137931,576,152,2.495612962561503,191,5.268965517241379,493
188,0.3524,-388.4,2.2225,4.1907131011608625,68.3698175787728,599,153,3.1853975355210666,191,4.27363184079602,779
189,0.3505,-513.1076923076923,2.901666666666667,5.601680672268907,70.54957983193277,597,146,3.4673695752631826,191,5.704201680672269,561
190,0.3485,-405.3538461538462,2.2941666666666665,4.547406082289803,69.5474060822898,561,150,1.6466331663916207,191,4.617173524150268,430
191,0.3466,-442.8461538461538,2.425,5.226843100189036,71.43100189035917,523,139,3.369301710607948,191,5.306238185255198,90
192,0.3447,-447.5692307692308,2.4775,4.987804878048781,69.14982578397212,561,145,2.8265092813029282,191,5.090592334494773,627
193,0.3428,-428.8,2.3333333333333335,4.5636672325976235,68.45331069609507,597,139,2.270258250085455,191,4.650847457627119,847
194,0.3409,-480.1384615384615,2.47,5.072438162544169,69.25441696113074,572,141,2.1348216358509973,191,5.15017667844523,775
195,0.339,-434.2769230769231,2.3875,4.846153846153846,67.19677996422182,559,139,2.85235185761513,191,4.928443649373882,831
196,0.3371,-481.2307692307692,2.526666666666667,4.986277873070326,69.221269296741,575,136,2.2435044732559315,192,5.056603773584905,377
197,0.3352,-419.6461538461538,2.1725,4.428571428571429,68.28571428571429,574,149,1.9791342858085037,192,4.507142857142857,486
198,0.3334,-461.3538461538461,2.4575,5.166071428571429,69.2125,555,146,2.9038105478737695,192,5.251785714285714,38
199,0.3315,-478.55384615384617,2.4833333333333334,4.824324324324325,68.85135135135135,590,145,4.085380704281977,192,4.908783783783784,301
200,0.3297,-428.75384615384615,2.361666666666667,4.750442477876106,68.54159292035398,575,153,2.236531805764404,192,4.823008849557522,214
201,0.3279,-365.6,1.99,4.319109461966605,68.9090909090909,545,150,1.5068294698215325,192,4.421150278293135,138
202,0.3261,-397.20000000000005,2.2041666666666666,4.618962432915922,68.54561717352415,547,146,2.621542833074796,192,4.706618962432916,642
203,0.3243,-396.72307692307686,2.1725,4.691428571428571,68.48190476190476,529,146,2.426569735224641,192,4.7752380952380955,19
204,0.3225,-402.79999999999995,2.2416666666666667,4.889097744360902,69.59398496240601,536,148,2.3624850849301184,192,4.958724202626642,273
205,0.3207,-436.36923076923074,2.34,4.8861209964412815,67.40925266903915,561,150,2.360392795290374,192,4.962633451957295,263
206,0.3189,-375.89230769230767,2.1433333333333335,4.624074074074074,67.73703703703704,532,149,1.791854917712454,192,4.703703703703703,815
207,0.3172,-365.79999999999995,1.9341666666666666,4.074141048824593,68.0632911392405,566,154,1.4243839072378888,192,4.189873417721519,417
208,0.3154,-400.87692307692305,2.171666666666667,4.556159420289855,69.34963768115942,556,145,2.6119482409280805,192,4.657608695652174,123
209,0.3137,-443.1846153846154,2.5058333333333334,5.079225352112676,68.13028169014085,579,153,2.458443788271214,192,5.174295774647887,492
210,0.3119,-408.3846153846154,2.375,4.926523297491039,69.52329749103943,570,159,2.1557568653219588,192,5.041218637992832,448
211,0.3102,-417.95384615384614,2.3341666666666665,4.419014084507042,69.00704225352112,570,149,2.714437444704334,192,4.508802816901408,687
212,0.3085,-458.38461538461536,2.4483333333333333,4.852430555555555,68.54340277777777,570,141,2.107047298929023,192,4.934027777777778,712
213,0.3068,-405.3538461538462,2.1966666666666668,4.673952641165756,66.57559198542805,546,145,2.6784040529954365,192,4.766848816029144,161
214,0.3051,-446.83076923076925,2.1791666666666667,4.496282527881041,68.13197026022304,557,144,2.0155877900781785,192,4.596654275092937,794
215,0.3034,-375.53846153846155,2.0866666666666664,4.470479704797048,67.64760147601476,545,146,1.7952424450121893,192,4.547970479704797,267
216,0.3017,-387.92307692307696,2.1491666666666664,4.434704830053668,68.89266547406082,564,146,1.7928851127218308,192,4.520572450805009,264
217,0.3,-368.9384615384615,1.8291666666666666,3.7517985611510793,67.39208633093526,551,147,1.7431501268501135,192,3.8543165467625897,622
218,0.2984,-403.9076923076923,2.154166666666667,4.3546099290780145,67.07801418439716,576,151,2.106987329388181,192,4.455673758865248,803
219,0.2967,-403.26153846153846,2.2075,4.696526508226691,68.36014625228519,550,155,2.3803796245318676,192,4.769652650822669,292
220,0.2951,-392.53846153846155,2.1441666666666666,3.9694915254237286,67.88135593220339,586,154,1.8715137446055476,192,4.049152542372881,360
221,0.2935,-384.2461538461539,2.1025,4.539741219963031,69.56746765249538,547,152,2.6200223198786805,192,4.617375231053605,579
222,0.2918,-382.44615384615383,2.004166666666667,4.176258992805756,68.24820143884892,543,147,3.7741005913719485,192,4.258992805755396,70
223,0.2902,-448.21538461538455,2.4983333333333335,4.813021702838063,69.38397328881469,597,150,2.2604144044208154,192,4.901502504173623,119
224,0.2886,-445.0615384615385,2.361666666666667,4.462418300653595,66.45261437908496,610,161,2.779860750362395,192,4.549019607843137,397
225,0.287,-359.6923076923077,2.1825,4.530249110320285,67.76156583629893,561,152,2.888820177532513,192,4.597864768683274,637
226,0.2854,-430.9230769230769,2.2783333333333333,4.840366972477065,69.83119266055046,544,150,1.842768988165598,192,4.9247706422018345,442
227,0.2838,-389.46153846153845,2.174166666666667,4.394366197183099,67.84154929577464,563,149,1.8097730485547676,192,4.470070422535211,103
228,0.2823,-446.2153846153846,2.445,4.859402460456942,71.1792618629174,583,138,2.2972066030387097,192,4.966608084358524,696
229,0.2807,-399.8307692307692,2.1275,4.636363636363637,67.12878787878788,524,143,3.235373523054146,192,4.732954545454546,125
230,0.2792,-380.8461538461538,1.9916666666666667,4.21415270018622,68.67970204841713,531,154,1.7751753360307398,192,4.277467411545624,231
231,0.2776,-389.0923076923077,2.0233333333333334,4.474285714285714,67.2247619047619,532,151,2.890409181742527,192,4.523809523809524,474
232,0.2761,-398.6615384615385,2.2083333333333335,4.653916211293261,69.11111111111111,541,143,1.7265375991013074,192,4.754098360655738,63
233,0.2746,-373.4153846153846,2.155,4.177172061328791,68.31175468483816,587,150,2.0689646609026995,192,4.270868824531516,402
234,0.273,-424.36923076923074,2.28,4.921348314606742,70.39700374531836,539,147,1.6916767884487296,192,4.99063670411985,891
235,0.2715,-430.2307692307693,2.2933333333333334,4.578856152512998,68.37954939341421,580,143,3.0636395074286527,192,4.670710571923744,811
236,0.27,-419.55384615384617,2.41,4.737732656514383,69.07275803722504,590,148,4.267467048825104,192,4.83445945945946,354
237,0.2685,-386.5846153846154,2.2183333333333333,4.73469387755102,68.34879406307978,533,150,2.05943046308046,192,4.812615955473098,594
238,0.267,-378.4307692307692,2.1908333333333334,4.258823529411765,68.52100840336135,594,148,1.57873957197829,192,4.349579831932773,855
239,0.2656,-347.4307692307692,1.95,3.7670068027210886,68.36054421768708,577,149,2.35392436334817,192,3.8656462585034013,691
240,0.2641,-447.1692307692308,2.5175,4.842016806722689,68.62016806722689,598,150,2.7251479922470256,192,4.93109243697479,500
241,0.2626,-410.66153846153844,2.3341666666666665,5.0241635687732344,69.55204460966543,539,138,2.9840669288765236,192,5.128252788104089,548
242,0.2612,-420.87692307692305,2.3341666666666665,4.420361247947455,67.80623973727423,607,152,2.5635251802478876,192,4.518883415435139,136
243,0.2597,-375.83076923076925,2.049166666666667,4.146428571428571,66.39642857142857,568,149,1.8243215372679356,192,4.2214285714285715,423
244,0.2583,-376.61538461538464,2.1491666666666664,4.74373795761079,72.12909441233141,528,142,1.6235234646520615,192,4.8497109826589595,253
245,0.2569,-472.2,2.6241666666666665,4.780487804878049,70.67479674796748,618,150,2.20322167743206,192,4.879674796747968,735
246,0.2555,-422.86153846153843,2.118333333333333,4.287215411558669,66.34500875656742,577,152,2.1084228837653436,192,4.378283712784588,315
247,0.254,-415.5692307692308,2.2291666666666665,4.546931407942238,67.40613718411552,554,151,2.1664147622171055,192,4.64259927797834,48
248,0.2526,-402.0,2.0366666666666666,4.144599303135888,67.65679442508711,586,151,2.996261016357775,192,4.2334494773519165,602
249,0.2512,-438.3076923076923,2.3625,4.6271477663230245,68.44501718213058,588,145,2.588240119846179,193,4.733676975945017,791
250,0.2498,-408.2153846153846,2.2841666666666667,4.6,68.55478260869565,592,152,1.895026395233999,193,4.693913043478261,628
251,0.2485,-414.5230769230769,2.3041666666666667,4.712280701754386,67.79649122807018,566,150,1.4788518788817375,193,4.828070175438596,416
252,0.2471,-352.95384615384614,2.0741666666666667,4.2313167259786475,67.01245551601423,570,147,2.1641699976813915,193,4.341637010676156,345
253,0.2457,-370.84615384615387,1.9183333333333332,4.2457142857142856,68.26095238095238,532,140,2.014353135109037,193,4.325714285714286,487
254,0.2444,-419.5076923076923,2.3233333333333333,4.516778523489933,67.36577181208054,604,152,1.8672108979505333,193,4.597315436241611,145
255,0.243,-340.03076923076924,1.96,3.954861111111111,67.0,577,149,1.860587583202555,193,4.053819444444445,32
256,0.2417,-386.3538461538461,2.1241666666666665,4.409009009009009,70.41261261261262,560,136,1.8258206813697961,193,4.495495495495495,216
257,0.2403,-415.55384615384617,2.1875,4.480427046263345,68.16192170818505,566,144,2.8655158114930166,193,4.556939501779359,285
258,0.239,-391.47692307692313,2.1375,4.37037037037037,69.56966490299824,566,148,1.8132079824842093,193,4.4638447971781305,616
259,0.2377,-365.30769230769226,2.05,4.381750465549349,69.55865921787709,535,147,1.9811842321685988,193,4.446927374301676,563
260,0.2364,-375.96923076923076,2.005,3.955403087478559,66.34305317324186,575,151,1.6601835552136106,193,4.04631217838765,188
261,0.2351,-373.723076923077,2.200833333333333,4.549822064056939,67.51245551601423,554,147,2.6167196425460943,193,4.612099644128114,436
262,0.2338,-461.3692307692308,2.4966666666666666,5.06631762652705,67.89179755671903,566,147,2.3830368330315617,193,5.162303664921466,624
263,0.2325,-448.6153846153846,2.5825,5.2460732984293195,69.23385689354276,582,154,1.9335735005889576,193,5.349040139616056,683
264,0.2312,-340.07692307692304,2.0975,4.358288770053476,69.96613190730838,566,151,1.8868169872876557,193,4.449197860962567,139
265,0.2299,-386.2769230769231,2.145,4.221269296740995,65.69125214408233,582,154,2.137017288385816,193,4.319039451114922,793
266,0.2286,-347.36923076923074,1.9025,3.7923211169284468,66.40663176265271,572,151,1.8720731577789742,193,3.905759162303665,399
267,0.2274,-450.20000000000005,2.435,4.77027027027027,69.5320945945946,602,144,3.2721130326504753,193,4.868243243243243,789
268,0.2261,-373.7076923076923,2.1508333333333334,4.13481228668942,64.19283276450511,591,150,1.549487114179673,193,4.21160409556314,71
269,0.2249,-410.3538461538462,2.3641666666666667,4.477537437603993,69.18968386023295,611,148,2.1149831938229124,193,4.584026622296173,141
270,0.2236,-437.24615384615385,2.235,4.568661971830986,68.37147887323944,569,144,2.911549796283488,193,4.639084507042254,795
271,0.2224,-361.1846153846154,2.06,4.273550724637682,66.54891304347827,552,145,3.145382739212859,193,4.34963768115942,820
272,0.2211,-354.30769230769226,1.8316666666666668,3.7853309481216457,66.89803220035778,553,153,2.2238047209898295,193,3.8729874776386404,738
273,0.2199,-344.81538461538463,1.9941666666666666,3.9144851657940665,66.97033158813264,567,147,1.7417929327374457,193,4.003490401396161,237
274,0.2187,-380.90769230769223,2.325,4.595600676818951,66.70896785109983,582,156,1.9317782664272007,193,4.680203045685279,84
275,0.2175,-329.7692307692308,1.9566666666666668,4.190476190476191,68.43619047619048,539,145,2.232945315774072,193,4.287619047619048,688
276,0.2163,-374.0153846153846,1.9033333333333333,3.956124314442413,68.20475319926874,542,143,2.9980087829990083,193,4.042047531992687,894
277,0.2151,-392.3230769230769,2.0125,3.83,66.65666666666667,599,153,1.6942108916691843,193,3.92,478
278,0.2139,-331.67692307692306,1.89,3.8434163701067616,67.80604982206405,573,147,1.5447991698324115,193,3.9270462633451957,745
279,0.2127,-386.9230769230769,2.1241666666666665,4.274305555555555,67.13541666666667,567,145,2.1332482100178827,193,4.369791666666667,147
280,0.2115,-342.46153846153845,1.8258333333333334,3.8292682926829267,65.68855534709193,539,145,1.8541281403743952,193,3.898686679174484,3
281,0.2104,-385.2769230769231,2.1766666666666667,4.353552859618717,69.08838821490468,588,147,3.094823331813994,193,4.448873483535529,446
282,0.2092,-427.26153846153846,2.495833333333333,4.938917975567191,68.93717277486911,583,148,2.190641420393221,193,5.029668411867365,251
283,0.208,-401.24615384615385,2.325,4.534686971235194,66.51269035532995,596,152,1.4133700376183027,193,4.61590524534687,722
284,0.2069,-380.9846153846154,2.265,4.588640275387263,68.36660929432014,577,160,1.6230186267844116,193,4.691910499139415,10
285,0.2058,-367.6923076923076,2.1991666666666667,4.245704467353952,68.1786941580756,588,153,1.6055280970919763,193,4.324742268041237,595
286,0.2046,-327.81538461538463,2.0533333333333332,4.265454545454546,66.98181818181818,539,157,1.7282224616210797,193,4.327272727272727,31
287,0.2035,-362.8923076923077,2.1008333333333336,4.275310834813499,66.87388987566608,568,155,1.5608789413494182,193,4.364120781527531,670
288,0.2024,-337.1230769230769,1.89,3.8859649122807016,65.56315789473685,549,146,1.7879458113830506,193,3.975438596491228,328
289,0.2012,-404.32307692307694,2.1041666666666665,4.207903780068729,69.66323024054982,598,149,1.5312236620794328,193,4.281786941580756,226
290,0.2001,-393.2307692307692,1.9616666666666667,4.084684684684684,66.77117117117118,549,144,2.2540731218226013,193,4.163963963963964,886
291,0.199,-364.8307692307692,2.045,4.0783645655877345,68.9778534923339,582,143,1.6948918536617947,193,4.190800681431005,437
292,0.1979,-340.6461538461539,2.0375,4.305605786618445,67.49186256781194,543,150,1.6315522583045357,193,4.4159132007233275,494
293,0.1968,-394.44615384615383,2.200833333333333,4.836158192090395,69.26365348399247,537,149,1.344087467209691,193,4.8964218455743875,50
294,0.1957,-357.9384615384615,2.026666666666667,3.921232876712329,67.72945205479452,586,153,1.6007231759084655,193,4.017123287671233,587
295,0.1946,-323.4307692307692,1.7175,3.5952813067150635,66.60617059891108,559,147,1.7069929287340524,193,3.6823956442831216,247
296,0.1936,-374.16923076923075,2.0375,4.166071428571429,67.35,550,148,1.5580553792551488,193,4.264285714285714,866
297,0.1925,-337.0,1.935,3.9318181818181817,67.94405594405595,568,160,2.4295599869911446,193,4.034965034965035,522
298,0.1914,-343.66153846153844,2.0325,4.214689265536723,68.10546139359698,524,150,1.844254088709669,194,4.305084745762712,400
299,0.1904,-293.63076923076926,1.66,3.628517823639775,68.20075046904316,535,158,1.7073495406320953,194,3.716697936210131,792
300,0.1893,-324.8307692307692,2.0125,3.9812286689419794,68.31228668941979,582,162,1.6264218725200847,194,4.0563139931740615,825
301,0.1883,-342.2769230769231,1.9408333333333334,4.1098901098901095,68.15567765567765,542,145,1.58576273245192,194,4.201465201465202,895
302,0.1872,-340.8923076923077,1.82,3.8275229357798164,68.22935779816514,555,142,1.8098021800409032,194,3.911926605504587,705
303,0.1862,-299.36923076923074,1.7783333333333333,3.5466893039049237,64.87096774193549,587,158,1.3748744278210216,194,3.6587436332767402,564
304,0.1852,-369.6769230769231,2.0316666666666667,4.156140350877193,67.37543859649122,574,154,1.4891825738930198,194,4.229824561403508,827
305,0.1841,-367.13846153846157,2.174166666666667,4.665454545454545,68.77818181818182,545,148,1.6994254759552911,194,4.765454545454546,790
306,0.1831,-375.7538461538462,2.216666666666667,4.096308186195826,66.56340288924558,625,156,1.7455236433670807,194,4.181380417335474,872
307,0.1821,-449.43076923076916,2.5083333333333333,4.9709897610921505,70.21501706484642,589,146,2.9057727218537113,194,5.061433447098976,623
308,0.1811,-396.03076923076924,2.1816666666666666,4.514336917562724,69.54838709677419,559,142,2.8154526947718623,195,4.587813620071684,317
309,0.1801,-370.16923076923075,2.0733333333333333,4.154246100519931,69.22703639514731,573,145,2.084333629408893,195,4.265164644714038,241
310,0.1791,-329.3230769230769,1.9466666666666668,4.023172905525847,67.54367201426025,561,149,2.037912606822192,195,4.112299465240642,582
311,0.1781,-397.7846153846154,2.2591666666666668,4.443649373881932,69.99284436493738,568,146,1.8153803937493858,195,4.565295169946332,620
312,0.1771,-404.1538461538462,2.2891666666666666,4.659649122807018,67.50350877192983,561,146,2.2956352690499795,195,4.7368421052631575,124
313,0.1762,-335.63076923076926,1.9616666666666667,4.15,69.29074074074074,539,142,1.946983252681131,195,4.25,181
314,0.1752,-384.55384615384617,2.1333333333333333,4.249116607773852,67.6678445229682,560,153,1.8703144507023421,195,4.312720848056537,527
315,0.1742,-358.6615384615385,2.0541666666666667,4.0639032815198615,67.713298791019,585,153,1.785345824135287,195,4.155440414507772,471
316,0.1732,-397.95384615384614,2.1783333333333332,4.590654205607477,68.38317757009345,542,137,2.2486625943130485,195,4.676635514018692,132
317,0.1723,-353.26153846153846,2.0258333333333334,4.083916083916084,68.2972027972028,572,147,2.009058685913392,195,4.176573426573427,140
318,0.1713,-337.53846153846155,1.9691666666666667,3.873310810810811,66.09628378378379,600,156,2.137355472526371,195,3.95777027027027,454
319,0.1704,-355.73846153846154,1.92,4.2018867924528305,66.34716981132075,535,147,1.7494094353024194,195,4.2622641509433965,586
320,0.1694,-385.0,2.1275,4.615384615384615,68.63227016885554,530,142,1.8281156631179232,195,4.694183864915572,266
321,0.1685,-348.1230769230769,2.02,4.1421052631578945,67.67368421052632,572,159,1.165465719544721,195,4.212280701754386,860
322,0.1676,-342.04615384615386,2.01,4.021015761821366,66.64973730297723,565,150,2.201379516872856,196,4.115586690017513,605
323,0.1666,-374.8,2.095833333333333,4.233160621761658,68.05181347150258,576,145,1.3362430210820417,196,4.309153713298791,817
324,0.1657,-435.86153846153843,2.355,4.545762711864406,68.71186440677967,598,143,2.1945086425238,196,4.6169491525423725,677
325,0.1648,-331.5230769230769,1.9141666666666666,3.9630281690140845,65.84330985915493,556,161,1.5145975586878935,196,4.065140845070423,166
326,0.1639,-419.03076923076924,2.3891666666666667,4.545454545454546,69.6737012987013,627,150,1.92286201918526,196,4.64448051948052,352
327,0.163,-396.26153846153846,2.0925,4.794411177644711,70.56487025948104,523,134,2.280490368169654,196,4.87624750499002,14
328,0.1621,-387.7076923076923,2.095,4.0660869565217395,67.44,593,142,2.298523721350642,196,4.1982608695652175,270
329,0.1612,-378.69230769230774,2.205,4.366609294320138,67.66953528399311,583,147,2.3930613720430878,196,4.461273666092943,206
330,0.1603,-321.04615384615386,1.9533333333333334,4.016100178890877,68.15384615384616,561,160,1.420215480227789,196,4.110912343470483,384
331,0.1594,-337.0153846153846,1.9716666666666667,3.969178082191781,64.375,572,152,1.665202618038923,196,4.075342465753424,200
332,0.1585,-352.0,1.9816666666666667,4.223048327137547,65.95910780669145,541,151,1.6669513809442298,196,4.297397769516729,167
333,0.1577,-306.7538461538461,1.655,3.349911190053286,64.54529307282415,563,157,1.943354400213256,196,3.4298401420959146,28
334,0.1568,-322.6461538461539,1.87,3.9613970588235294,70.06433823529412,559,155,1.3850532925751395,196,4.0900735294117645,767
335,0.1559,-362.10769230769233,1.9891666666666667,3.8091216216216215,68.75,599,154,1.4980778341496113,196,3.9222972972972974,861
336,0.155,-331.276923076923,2.049166666666667,4.073684210526316,67.65087719298245,567,154,1.6201934085480074,196,4.182456140350877,773
337,0.1542,-407.5076923076923,2.2308333333333334,4.386086956521739,70.48347826086956,583,137,1.772622625149671,196,4.460869565217391,693
338,0.1533,-400.0923076923077,2.3075,4.51986183074266,66.04663212435233,583,144,2.5075382932595547,196,4.623488773747841,182
339,0.1525,-374.21538461538466,2.0733333333333333,4.326642335766423,67.68065693430657,553,141,1.446825654557614,196,4.410583941605839,732
340,0.1516,-375.83076923076925,2.066666666666667,4.2770870337477795,67.12255772646536,548,144,1.5201110999274055,196,4.36234458259325,778
341,0.1508,-361.6923076923077,2.066666666666667,4.086956521739131,66.94434782608695,578,148,1.2682752646463278,196,4.173913043478261,250
342,0.15,-348.2923076923077,1.9741666666666666,3.9947552447552446,68.08741258741259,568,147,1.766780675492238,196,4.09965034965035,839
343,0.1491,-382.12307692307695,2.151666666666667,4.383680555555555,69.98611111111111,581,137,1.464362757774479,196,4.491319444444445,137
344,0.1483,-334.9846153846154,1.8975,4.040816326530612,68.17254174397031,530,143,1.2932650849527845,196,4.144712430426716,275
345,0.1475,-361.8461538461538,1.875,3.649484536082474,66.88659793814433,586,150,2.534812396989223,196,3.740549828178694,711
346,0.1467,-359.44615384615383,2.151666666666667,4.217317487266554,66.92190152801358,598,153,1.8657868477871598,196,4.315789473684211,157
347,0.1459,-392.61538461538464,2.2316666666666665,4.375212224108659,67.36672325976231,591,154,1.7017129312430632,196,4.439728353140917,320
348,0.1451,-342.89230769230767,2.0441666666666665,4.022108843537415,66.31632653061224,571,151,2.2433521703062453,196,4.120748299319728,814
349,0.1443,-318.6307692307692,1.8391666666666666,3.79491833030853,68.13974591651542,554,150,1.4474340665701306,196,3.88021778584392,196
350,0.1435,-368.73846153846154,2.1683333333333334,4.379188712522046,68.31922398589066,575,145,1.7509737205392726,196,4.45326278659612,87
351,0.1427,-342.2,1.9908333333333332,4.185117967332124,68.52631578947368,549,147,1.6212192824579201,196,4.279491833030853,689
352,0.1419,-369.53846153846155,1.9741666666666666,4.152450090744102,68.08711433756805,541,144,1.9236508815843214,196,4.243194192377495,355
353,0.1411,-372.4,2.085,3.991408934707904,66.67353951890034,586,150,1.7419575767944995,196,4.061855670103093,394
354,0.1403,-351.55384615384617,2.1616666666666666,4.198245614035088,67.78245614035087,561,150,1.7882680651499572,196,4.282456140350877,588
355,0.1395,-339.1384615384615,2.005,4.141831238779174,66.59784560143626,546,150,1.8809703472991868,196,4.229802513464991,162
356,0.1388,-340.1538461538462,2.0416666666666665,4.027164685908319,66.18845500848896,579,159,1.5239084647788415,196,4.1239388794567065,8
357,0.138,-408.24615384615385,2.15,4.213143872113677,69.79928952042629,584,149,2.1416179820459673,196,4.280639431616341,129
358,0.1372,-347.2769230769231,2.154166666666667,4.160596026490066,66.68211920529801,592,152,1.4987379449583973,196,4.246688741721854,529
359,0.1365,-325.3384615384615,1.9183333333333332,4.0343580470162745,68.19349005424955,548,160,1.4153154887201689,196,4.122965641952984,897
360,0.1357,-336.9384615384616,1.8408333333333333,4.0,69.20149253731343,537,145,1.5962742869494644,196,4.065298507462686,295
361,0.135,-377.2461538461539,2.2358333333333333,4.441818181818181,67.13818181818182,557,146,1.7056573577673861,196,4.5226860254083485,409
362,0.1342,-322.0153846153846,1.8075,3.8458715596330277,66.82385321100918,552,142,2.197710966282612,196,3.9376146788990827,880
363,0.1335,-335.69230769230774,1.9775,4.075134168157424,67.53846153846153,560,152,1.5560208217315066,196,4.143112701252236,199
364,0.1327,-382.33846153846156,2.1433333333333335,4.328014184397163,68.93085106382979,572,145,2.132592450295898,196,4.402482269503546,881
365,0.132,-347.21538461538466,2.065,4.246478873239437,67.07042253521126,564,154,1.4308606657439586,196,4.35387323943662,174
366,0.1313,-314.20000000000005,1.9566666666666668,3.7616666666666667,66.34666666666666,600,153,1.2962857262788818,196,3.8668885191347755,512
367,0.1306,-375.32307692307694,2.0075,4.136612021857924,67.5792349726776,551,147,1.7605335987282755,196,4.2276867030965395,393
368,0.1298,-359.1846153846154,1.9908333333333332,4.079365079365079,68.62433862433862,572,142,1.361198230533718,196,4.192239858906525,372
369,0.1291,-337.1846153846154,2.0208333333333335,4.0344827586206895,69.14137931034483,576,146,1.8333586987661723,197,4.112068965517241,186
370,0.1284,-373.2769230769231,2.0658333333333334,4.07563025210084,67.97142857142858,609,139,1.4103609855521078,197,4.154621848739496,421
371,0.1277,-356.27692307692314,2.0341666666666667,3.743089430894309,66.7869918699187,618,155,1.2564192015538826,197,3.821138211382114,81
372,0.127,-368.7076923076923,2.091666666666667,4.2125435540069684,67.52613240418118,577,149,1.5189988122533795,197,4.318815331010453,235
373,0.1263,-371.4,2.0933333333333333,4.390596745027125,67.96745027124774,558,151,1.3421385566775406,197,4.513562386980109,599
374,0.1256,-364.66153846153844,2.0875,3.9784411276948592,68.51243781094527,596,144,2.291026138522147,197,4.079601990049751,261
375,0.1249,-365.8307692307692,2.1666666666666665,4.375661375661376,68.07760141093475,587,153,1.3843214100648449,197,4.465608465608466,18
376,0.1242,-284.89230769230767,1.7666666666666666,3.5736568457538995,66.97053726169844,567,155,1.218154055216476,197,3.660311958405546,26
377,0.1235,-347.12307692307695,1.8991666666666667,3.918819188191882,67.60885608856088,548,148,2.2467394986754816,197,4.009225092250922,334
378,0.1228,-399.04615384615386,2.105,4.276041666666667,66.58506944444444,569,142,1.6389936961190799,197,4.373263888888889,739
379,0.1221,-332.6769230769231,1.8983333333333334,3.8680555555555554,70.13715277777777,576,149,1.668405057584646,197,3.9461805555555554,514
380,0.1215,-335.3846153846154,1.9908333333333332,4.08170515097691,67.46714031971581,566,152,1.6441888394621678,197,4.165186500888099,300
381,0.1208,-367.87692307692305,2.0533333333333332,4.466165413533835,67.9812030075188,528,141,2.212844678874029,197,4.535714285714286,619
382,0.1201,-340.26153846153846,2.0658333333333334,4.395131086142322,67.24906367041199,531,150,1.5929173886455594,197,4.479400749063671,812
383,0.1195,-360.6461538461538,2.155,4.2449324324324325,67.14020270270271,585,145,1.9495702821097942,197,4.33277027027027,694
384,0.1188,-364.6,2.0,4.267161410018553,66.91465677179963,543,148,3.142826487202925,197,4.343228200371057,215
385,0.1181,-354.86153846153843,2.1016666666666666,4.014925373134329,66.58872305140962,597,156,1.4901455436816367,197,4.117744610281924,155
386,0.1175,-310.9076923076923,1.7416666666666667,3.6598890942698707,67.6894639556377,556,148,1.2748002398319553,197,3.7504621072088726,484
387,0.1168,-336.44615384615383,2.135,4.335640138408304,68.60207612456747,570,157,1.3480434941760322,197,4.4100346020761245,818
388,0.1162,-322.4769230769231,1.6733333333333333,3.705304518664047,66.91355599214145,526,152,1.5316918732998244,197,3.7721021611001966,719
389,0.1156,-331.89230769230767,1.9041666666666666,4.047970479704797,66.64760147601476,547,150,1.5273144762934237,197,4.125461254612546,383
390,0.1149,-358.89230769230767,2.0033333333333334,4.14207650273224,67.48087431693989,564,143,1.583450365013117,197,4.260473588342441,453
391,0.1143,-396.9230769230769,2.308333333333333,4.480408858603067,66.45826235093696,591,141,2.8531127498728845,197,4.592844974446337,869
392,0.1136,-363.96923076923076,1.975,4.237037037037037,68.91666666666667,546,142,1.574208081075219,197,4.3277777777777775,189
393,0.113,-387.46153846153845,2.2283333333333335,4.452339688041595,68.3847487001733,569,140,2.4775645414764527,197,4.545927209705373,65
394,0.1124,-336.7692307692307,1.885,3.9909584086799277,67.623869801085,555,145,1.9833482853303017,197,4.083182640144665,212
395,0.1118,-341.03076923076924,1.955,3.8177083333333335,65.80208333333333,571,150,2.486763616535426,197,3.8940972222222223,422
396,0.1112,-346.0923076923077,2.154166666666667,4.355400696864112,67.74912891986062,584,160,1.5387749271465958,197,4.45993031358885,717
397,0.1105,-326.9230769230769,1.96,4.162661737523106,67.44731977818854,533,146,1.7208708626541556,197,4.256931608133087,201
398,0.1099,-332.90769230769234,1.9166666666666667,3.9412844036697248,67.00733944954129,553,155,1.371167113817253,197,4.031192660550459,444
399,0.1093,-320.0615384615385,1.7816666666666667,3.6125,66.94107142857143,576,149,1.6959655750322953,197,3.7017857142857142,79
400,0.1087,-336.0615384615385,1.9633333333333334,4.028673835125448,67.08243727598567,561,148,1.457420036574681,197,4.150537634408602,203
401,0.1081,-307.9384615384615,1.9208333333333334,4.085766423357664,70.33941605839416,555,154,1.6856426082999802,197,4.153284671532846,461
402,0.1075,-323.1538461538462,1.9616666666666667,3.941696113074205,67.07420494699646,571,158,1.3588231946321288,197,4.0159010600706715,829
403,0.1069,-322.89230769230767,1.8625,3.9562043795620436,68.46532846715328,543,148,1.2710684625270292,197,4.065693430656935,370
404,0.1063,-316.5846153846154,1.9366666666666668,3.719269102990033,65.53654485049834,603,158,1.1954849410553217,197,3.8006644518272426,209
405,0.1057,-317.58461538461535,1.8383333333333334,3.880952380952381,68.78021978021978,541,148,1.2592886005031294,197,3.9761904761904763,388
406,0.1052,-353.16923076923075,2.0541666666666667,4.319419237749546,68.82214156079854,561,152,1.5442313980674025,197,4.404718693284936,458
407,0.1046,-339.81538461538463,2.085,4.013513513513513,68.18074324324324,588,160,1.384705523854485,197,4.1300675675675675,159
408,0.104,-322.0615384615385,1.9275,3.904255319148936,66.73581560283688,557,147,1.5786553665257141,197,4.00709219858156,896
409,0.1034,-345.66153846153844,2.1441666666666666,4.4601449275362315,70.4873188405797,560,149,1.2427502289609684,197,4.548913043478261,5
410,0.1028,-326.6769230769231,1.9658333333333333,4.118491921005386,66.08617594254937,567,155,1.5868769439545964,197,4.210053859964093,678
411,0.1023,-316.70769230769235,1.9016666666666666,3.7578947368421054,66.65789473684211,578,159,1.52789789214243,197,3.8566433566433567,868
412,0.1017,-357.44615384615383,1.8866666666666667,3.7982608695652176,69.01565217391304,579,156,1.671356103915521,197,3.8991304347826086,703
413,0.1011,-325.2307692307692,1.8983333333333334,3.7180385288966726,67.06479859894921,565,147,1.6253099947070841,197,3.7898423817863396,721
414,0.1006,-285.0153846153846,1.7141666666666666,3.5974729241877257,67.16425992779783,559,153,1.476015131545438,197,3.6732851985559565,635
415,0.1,-300.5846153846154,1.9033333333333333,3.8232235701906414,68.5372616984402,573,147,1.5214420289732986,197,3.902946273830156,455
416,0.0995,-309.79999999999995,1.6566666666666667,3.6895238095238096,66.4,524,141,1.452860681765721,197,3.7504761904761903,865
417,0.0989,-362.86153846153843,2.1591666666666667,4.364620938628159,67.75451263537906,566,147,1.8943255057193058,197,4.469314079422382,747
418,0.0984,-351.41538461538465,2.158333333333333,4.4,68.0982456140351,565,146,1.466797256522348,197,4.489473684210527,224
419,0.0978,-325.0769230769231,1.8433333333333333,3.6598984771573604,65.72927241962775,585,155,1.4579465172318906,197,3.744500846023689,269
420,0.0973,-304.04615384615386,1.8825,3.702886247877759,64.21731748726656,594,159,1.427394855404813,197,3.7911714770797964,506
421,0.0968,-332.55384615384617,2.18,4.277966101694915,68.35593220338983,581,160,1.2731068732979096,197,4.394915254237288,33
422,0.0962,-281.36923076923074,1.7041666666666666,3.4263157894736844,65.9421052631579,570,159,1.782029119251909,197,3.5210526315789474,547
423,0.0957,-331.3230769230769,2.0166666666666666,4.191681735985534,67.13019891500905,563,153,1.4924501199843672,197,4.292947558770344,449
424,0.0952,-276.03076923076924,1.6741666666666666,3.800387596899225,65.52906976744185,510,156,1.2874005532607011,197,3.887596899224806,52
425,0.0946,-367.0,2.066666666666667,4.081314878892734,67.7439446366782,577,157,2.0874668865472277,197,4.160899653979238,709
426,0.0941,-343.5692307692308,2.0675,4.055932203389831,67.53389830508475,579,158,1.3332197227041724,197,4.132203389830509,242
427,0.0936,-302.04615384615386,1.785,3.5257731958762886,65.74226804123711,575,161,1.8720999498870177,197,3.5927835051546393,841
428,0.0931,-329.6615384615385,1.9008333333333334,3.8523131672597866,68.07651245551601,568,141,1.7902547010958665,197,3.9448398576512456,25
429,0.0926,-383.03076923076924,2.0733333333333333,4.083333333333333,68.14795918367346,587,141,2.405078645287154,197,4.181972789115647,218
430,0.092,-404.03076923076924,2.2983333333333333,4.671957671957672,67.28042328042328,573,146,2.2919742437292694,197,4.765432098765432,762
431,0.0915,-356.69230769230774,1.9183333333333332,3.949640287769784,68.42805755395683,550,137,1.2027918478507533,197,4.016187050359712,833
432,0.091,-341.87692307692305,1.9016666666666666,3.8014059753954306,66.41652021089631,575,150,1.2523737524906124,197,3.8717047451669595,652
433,0.0905,-312.0,1.8583333333333334,4.076481835564054,70.53728489483747,516,146,1.4438004710237162,197,4.162523900573614,11
434,0.09,-352.7076923076923,2.08,4.311594202898551,69.0072463768116,549,148,1.328324698025681,197,4.384057971014493,556
435,0.0895,-330.81538461538463,2.0275,4.036521739130435,68.18086956521739,572,150,1.152229998215416,197,4.116521739130435,424
436,0.089,-311.5846153846154,1.7833333333333334,3.7837338262476896,65.62476894639556,546,145,1.247123133491315,197,3.8505535055350553,297
437,0.0885,-401.5692307692308,2.3266666666666667,5.1022727272727275,70.68939393939394,528,138,1.4850864657548948,197,5.200757575757576,680
438,0.088,-338.55384615384617,1.9133333333333333,3.8465517241379312,68.16724137931034,578,145,1.3933221395378128,197,3.932758620689655,56
439,0.0876,-304.6769230769231,1.7408333333333332,3.6222222222222222,67.2388888888889,543,146,2.260670495318969,197,3.7092592592592593,6
440,0.0871,-337.2153846153846,2.1508333333333334,4.13179571663921,68.51235584843492,608,164,1.337941840167005,197,4.204283360790774,426
441,0.0866,-308.6923076923077,1.8983333333333334,3.7979274611398965,68.14507772020725,584,155,1.6231229342655873,197,3.906896551724138,657
442,0.0861,-329.7692307692308,1.9325,4.073308270676692,68.22744360902256,529,149,1.7882165369349974,197,4.163533834586466,718
443,0.0856,-324.0923076923077,1.9941666666666666,4.06294964028777,67.43345323741008,556,153,1.3528992278255394,197,4.156474820143885,303
444,0.0852,-366.20000000000005,2.1466666666666665,4.3478260869565215,67.33217391304348,568,148,1.9978790200181382,197,4.415652173913044,777
445,0.0847,-325.0153846153846,2.0741666666666667,4.119528619528619,67.27272727272727,598,154,1.6298444628638928,197,4.200336700336701,873
446,0.0842,-339.16923076923075,2.03,4.062608695652174,68.69739130434783,584,156,1.2978277228267185,197,4.1460869565217395,626
447,0.0838,-366.24615384615385,2.089166666666667,4.139414802065405,69.49225473321859,581,144,1.5868611074071655,197,4.242685025817556,306
448,0.0833,-314.41538461538465,1.8125,4.0446601941747575,68.95145631067962,522,146,2.1933900158215973,197,4.14368932038835,92
449,0.0828,-314.2307692307692,1.875,3.7330960854092528,64.81138790035587,560,149,1.1841474401383727,197,3.802491103202847,272
450,0.0824,-332.9846153846154,1.8358333333333334,3.6994727592267136,66.94727592267135,562,153,1.9067873201607923,197,3.7838312829525482,29
451,0.0819,-335.79999999999995,1.9766666666666666,4.0576923076923075,67.81468531468532,559,154,1.6913126165413235,197,4.138111888111888,505
452,0.0815,-302.7384615384615,1.8058333333333334,3.8443223443223444,68.63003663003663,546,156,1.350156466948597,197,3.9413919413919416,451
453,0.081,-308.04615384615386,1.9483333333333333,3.9875222816399285,66.7433155080214,552,154,1.1667243832625465,197,4.078431372549019,375
454,0.0806,-356.4153846153846,2.0275,4.1500904159132,69.16817359855335,553,145,1.3615154545820531,197,4.23508137432188,180
455,0.0801,-329.3384615384615,1.85,3.837789661319073,68.45276292335116,552,152,1.379455631882131,197,3.9518716577540105,450
456,0.0797,-324.4769230769231,2.015833333333333,4.088495575221239,67.8070796460177,553,158,1.2320128398755017,197,4.175221238938053,852
457,0.0792,-332.69230769230774,2.0233333333333334,4.269581056466302,66.62841530054645,545,160,1.597846477422957,197,4.331511839708561,604
458,0.0788,-268.24615384615385,1.7083333333333333,3.4814814814814814,68.26278659611992,575,164,1.2700515327120343,197,3.5714285714285716,53
459,0.0784,-305.6615384615385,1.8,3.5372881355932204,66.7186440677966,590,156,1.4668951914687154,197,3.628813559322034,772
460,0.0779,-335.13846153846157,2.0858333333333334,4.144082332761578,66.9073756432247,572,155,1.5098448189208455,197,4.236706689536878,786
461,0.0775,-323.24615384615385,2.1333333333333333,4.469090909090909,68.18,561,157,1.602402902612252,197,4.545454545454546,490
462,0.0771,-321.13846153846157,1.8625,4.0018587360594795,66.51486988847584,528,148,1.5217562874766233,197,4.100371747211896,568
463,0.0766,-375.73846153846154,2.0616666666666665,4.140070921985815,68.30141843971631,560,151,2.853553578247317,198,4.226950354609929,631
464,0.0762,-317.4,1.895,3.846689895470383,67.93554006968641,582,152,1.3140894901723967,198,3.947735191637631,227
465,0.0758,-328.3230769230769,1.9183333333333332,3.9346642468239565,68.58076225045372,550,153,1.2825185588127266,198,4.023593466424682,673
466,0.0754,-295.0,1.8208333333333333,3.690265486725664,65.30973451327434,572,160,1.9130424688478962,198,3.7716814159292036,625
467,0.075,-313.04615384615386,1.8175,3.6517241379310343,68.58620689655173,581,148,1.2349991266526912,198,3.7448275862068967,107
468,0.0745,-298.83076923076925,1.895,3.9611829944547137,67.79482439926063,542,151,1.29839589827988,198,4.020332717190388,148
469,0.0741,-336.0153846153846,2.0308333333333333,4.172774869109948,68.4153577661431,565,155,1.1423887673693536,198,4.2547993019197206,757
470,0.0737,-270.0615384615385,1.6466666666666667,3.4809437386569875,68.89655172413794,549,157,1.1987337113112402,198,3.571687840290381,592
471,0.0733,-320.09230769230766,1.8933333333333333,3.841463414634146,67.17073170731707,580,152,1.233814337535724,198,3.9146341463414633,171
472,0.0729,-363.26153846153846,2.1041666666666665,4.256272401433692,68.66666666666667,565,147,1.6142231877665107,198,4.367383512544803,763
473,0.0725,-317.29230769230765,1.9641666666666666,4.173996175908222,67.60229445506693,529,153,1.9552143579433499,199,4.235181644359464,204
474,0.0721,-270.81538461538463,1.6716666666666666,3.812,68.458,494,147,1.0812600859224348,199,3.886,665
475,0.0717,-273.0769230769231,1.725,3.4875,64.10178571428571,569,166,1.4647586179771108,199,3.585714285714286,473
476,0.0713,-317.2307692307693,1.9158333333333333,3.943362831858407,68.66371681415929,564,166,1.2843740779101747,199,4.012389380530974,641
477,0.0709,-305.0923076923077,1.7516666666666667,3.451178451178451,65.65993265993266,598,157,1.7495933997241568,199,3.5757575757575757,364
478,0.0705,-314.26153846153846,1.8758333333333332,3.8674911660777385,70.15017667844523,568,154,1.289709739605542,199,3.954063604240283,177
479,0.0701,-305.33846153846156,1.89,3.8763440860215055,67.2741935483871,564,164,1.3680286195782128,199,3.949820788530466,899
480,0.0697,-336.7846153846154,1.8,3.6114982578397212,68.04529616724739,575,147,1.581551340991271,199,3.7125435540069684,245
481,0.0694,-356.9230769230769,2.0058333333333334,4.513513513513513,69.76061776061776,523,132,1.4435051021328331,199,4.581081081081081,210
482,0.069,-343.7384615384616,2.0383333333333336,4.136363636363637,66.82167832167832,580,150,1.0870749277719152,199,4.2272727272727275,290
483,0.0686,-449.5230769230769,2.3875,4.807625649913345,68.76949740034662,563,136,1.9698802154739121,199,4.918544194107453,768
484,0.0682,-369.0153846153846,2.0008333333333335,4.223636363636364,66.05818181818182,552,143,1.649462799642816,199,4.3090909090909095,117
485,0.0678,-381.61538461538464,2.078333333333333,4.10671256454389,65.91222030981068,584,141,1.7707891495395813,199,4.182444061962134,499
486,0.0675,-322.03076923076924,1.685,3.397212543554007,64.96515679442508,570,148,1.4797023234370392,199,3.510452961672474,143
487,0.0671,-368.4769230769231,2.138333333333333,4.260945709281962,67.13660245183888,561,146,1.489019181172676,199,4.318181818181818,240
488,0.0667,-372.87692307692305,2.0083333333333333,4.220802919708029,68.08759124087591,549,137,1.4823751046986011,199,4.299270072992701,308
489,0.0664,-354.32307692307694,1.96,4.0,68.01570680628272,578,143,1.5756377965685622,199,4.101221640488657,692
490,0.066,-369.55384615384617,2.1058333333333334,4.059726962457338,68.35153583617748,592,144,1.355669726193493,199,4.146757679180888,800
491,0.0656,-398.7692307692308,2.1675,4.379130434782609,67.48869565217392,589,142,1.718839907955324,199,4.4626086956521736,555
492,0.0653,-349.40000000000003,1.9583333333333333,4.008992805755396,68.0,559,151,1.3487259942038983,199,4.125899280575539,647
493,0.0649,-354.12307692307695,2.0075,4.108540925266904,66.99644128113879,559,151,1.2230492311470418,199,4.177935943060498,799
494,0.0645,-322.6461538461539,1.9625,3.771004942339374,69.31960461285009,613,150,1.3896412706520942,199,3.8665568369028005,76
495,0.0642,-321.55384615384617,1.9633333333333334,3.9311531841652325,67.21686746987952,578,150,1.2808374107037812,199,4.030981067125645,565
496,0.0638,-332.5692307692308,1.9025,3.729824561403509,67.11578947368422,568,154,2.998005711207264,199,3.8105263157894735,127
497,0.0635,-308.6769230769231,1.8708333333333333,4.129770992366412,67.21564885496183,526,156,1.1567205155067526,199,4.209923664122138,481
498,0.0631,-324.53846153846155,1.8391666666666666,3.5801011804384486,66.75548060708263,587,150,2.3879348398532456,199,3.672849915682968,304
499,0.0628,-343.4,2.0025,4.220370370370371,68.02222222222223,553,146,1.3331645822053542,199,4.3,713
500,0.0624,-393.13846153846157,2.1841666666666666,4.205638474295191,66.69485903814262,605,153,1.3202799035742099,199,4.296849087893864,353
501,0.0621,-347.7538461538461,2.0366666666666666,4.279197080291971,65.32846715328468,541,151,1.388944124785341,199,4.348540145985401,98
502,0.0617,-324.5230769230769,1.9958333333333333,3.628205128205128,67.34455128205128,621,155,1.2265198088267462,199,3.7243589743589745,501
503,0.0614,-342.86153846153843,1.8925,3.4859504132231405,67.67603305785124,616,153,1.2918025852563915,199,3.575206611570248,293
504,0.0611,-332.4307692307692,2.1041666666666665,4.059121621621622,70.22804054054055,605,162,2.0705490192178777,199,4.157094594594595,634
505,0.0607,-315.15384615384613,1.94,3.925531914893617,67.1418439716312,548,150,1.3621483137342996,199,3.99468085106383,194
506,0.0604,-317.2,1.88,3.8853046594982077,67.04301075268818,555,155,1.413329224835017,199,3.9910394265232974,67
507,0.06,-273.73846153846154,1.685,3.500907441016334,66.38112522686025,555,160,1.1525219285840762,199,3.607985480943739,365
508,0.0597,-317.6461538461538,1.8341666666666667,3.7262969588550985,67.29874776386404,575,158,1.2667543709161788,199,3.7996422182468694,651
509,0.0594,-294.32307692307694,1.745,3.6335740072202167,68.32310469314079,553,157,1.2757673286530633,199,3.693140794223827,760
510,0.0591,-278.9230769230769,1.5666666666666667,3.2183098591549295,63.71654929577465,569,159,1.2496852131037752,199,3.3151408450704225,86
511,0.0587,-298.0,1.6983333333333333,3.707317073170732,68.6829268292683,541,148,1.0738265126940176,199,3.7917448405253285,382
512,0.0584,-307.76923076923083,1.77,3.888468809073724,68.94706994328922,543,155,1.250844309671782,199,3.9659735349716447,146
513,0.0581,-284.2,1.7133333333333334,3.4874551971326166,67.17562724014337,561,163,1.1384302270383442,199,3.5627240143369177,418
514,0.0578,-281.3538461538461,1.7041666666666666,3.645985401459854,67.37591240875912,534,151,1.1815543037503435,199,3.7354014598540144,874
515,0.0574,-295.3076923076923,1.6891666666666667,3.4153577661431065,66.92495636998255,578,156,1.5358432685838113,199,3.5043630017452005,408
516,0.0571,-308.3076923076923,1.9066666666666667,3.6705882352941175,68.0873949579832,608,159,1.8660280027439862,199,3.7478991596638656,660
517,0.0568,-344.3538461538461,2.075,4.06701030927835,69.85223367697594,595,154,1.2266411495616507,199,4.142611683848798,826
518,0.0565,-288.0,1.7,3.614100185528757,67.52690166975881,545,160,1.0456099808593486,199,3.675324675324675,248
519,0.0562,-276.6923076923077,1.6841666666666666,3.426548672566372,65.99115044247787,558,161,1.1290196379073014,199,3.51858407079646,870
520,0.0559,-330.7846153846154,1.93,3.998217468805704,67.36898395721926,555,153,1.1878562031207593,199,4.064171122994653,89
521,0.0556,-282.69230769230774,1.7325,3.5409252669039146,67.11387900355872,554,162,1.2425179756664502,199,3.596085409252669,403
522,0.0553,-300.2923076923077,1.7116666666666667,3.645403377110694,68.13320825515947,536,155,1.327274670856929,199,3.726078799249531,97
523,0.0549,-336.3076923076923,2.1133333333333333,4.296491228070176,67.98245614035088,568,153,1.324477220518522,199,4.394736842105263,341
524,0.0546,-314.3846153846154,1.7416666666666667,3.3979591836734695,64.78911564625851,572,152,1.5489060097451264,199,3.493197278911565,664
525,0.0543,-321.9846153846154,1.98,3.8646362098138747,65.58714043993231,580,165,1.727555485632604,199,3.925549915397631,706
526,0.054,-291.04615384615386,1.8266666666666667,3.6897746967071057,68.77469670710572,581,155,1.3007911284657472,199,3.800693240901213,654
527,0.0537,-318.83076923076925,1.8425,3.694300518134715,66.75302245250431,589,155,1.5936328607177899,199,3.8031088082901556,754
528,0.0534,-286.2615384615385,1.715,3.718283582089552,66.73507462686567,530,161,1.4334620138944034,199,3.8022388059701493,160
529,0.0531,-321.3384615384615,1.8933333333333333,3.8676207513416814,69.12343470483006,557,155,1.2288038414688498,199,3.9409660107334528,108
530,0.0529,-388.69230769230774,2.1733333333333333,4.046774193548387,68.80483870967743,610,150,1.127760590365431,199,4.15,391
531,0.0526,-319.87692307692305,2.0683333333333334,4.38768115942029,69.2445652173913,556,152,1.3831282674151497,199,4.463768115942029,837
532,0.0523,-365.6153846153846,1.9966666666666666,4.103756708407871,69.78354203935599,575,138,1.7637115111884367,199,4.198568872987478,407
533,0.052,-321.10769230769233,1.8675,3.6984402079722702,66.34142114384748,586,148,1.8696965828176944,199,3.781629116117851,101
534,0.0517,-331.61538461538464,1.8883333333333334,3.9612546125461257,68.50553505535055,546,138,1.2660767328277474,199,4.07380073800738,432
535,0.0514,-342.8615384615385,1.9958333333333333,4.0053003533568905,68.39752650176679,575,141,1.3008342480644741,199,4.128975265017668,755
536,0.0511,-318.676923076923,1.94,3.787826086956522,66.32173913043478,571,155,1.4734830759480322,199,3.8660869565217393,783
537,0.0508,-361.1384615384615,2.1341666666666668,4.478102189781022,69.39233576642336,563,146,1.8831195532282439,199,4.543795620437956,369
538,0.0506,-338.6461538461539,1.9866666666666666,4.0550621669627,67.82948490230906,573,155,1.3088472762704455,199,4.134991119005329,585
539,0.0503,-319.0769230769231,1.8575,3.6313131313131315,66.82323232323232,607,165,1.1579179433432052,199,3.6952861952861955,518
540,0.05,-369.3076923076923,2.2225,4.491228070175438,67.91754385964913,582,143,1.2423687693524077,199,4.563157894736842,810
541,0.05,-328.21538461538466,1.7941666666666667,3.4224422442244222,65.24092409240924,609,146,1.3419902079091104,199,3.5165016501650164,571
542,0.05,-392.1538461538461,2.1991666666666667,4.270689655172414,66.90689655172413,585,147,1.4285805937506737,199,4.35,536
543,0.05,-361.723076923077,2.1233333333333335,3.9304897314375986,65.92417061611374,625,154,1.0979315772888183,199,4.026813880126183,477
544,0.05,-330.0,2.0275,4.0657439446366785,69.2318339100346,578,155,1.3281785831634878,199,4.159169550173011,802
545,0.05,-363.38461538461536,2.0083333333333333,4.079861111111111,66.71354166666667,578,143,1.726822009684669,199,4.175347222222222,890
546,0.05,-304.0615384615385,1.7466666666666666,3.4507772020725387,66.16234887737478,597,153,1.2368412455350175,199,3.5198618307426597,385
547,0.05,-322.4153846153846,1.995,3.938380281690141,66.30281690140845,556,158,1.3831729053711164,199,4.047451669595782,845
548,0.05,-312.3538461538462,1.8808333333333334,3.7415329768270946,66.50802139037434,567,158,1.1996648226294,199,3.834224598930481,633
549,0.05,-329.6307692307692,1.7066666666666668,3.6068840579710146,69.04347826086956,562,149,2.8395020991454722,200,3.6847826086956523,727
550,0.05,-334.9076923076923,1.9958333333333333,4.149280575539568,67.92446043165468,557,149,1.6851896257497576,200,4.232014388489208,183
551,0.05,-324.3538461538461,2.0208333333333335,4.041379310344827,67.71379310344828,582,149,1.209486406447159,200,4.141379310344828,192
552,0.05,-290.9384615384615,1.8583333333333334,3.683478260869565,68.5095652173913,569,153,1.119859368413489,200,3.786086956521739,525
553,0.05,-335.70769230769235,2.08,4.304428044280443,68.2011070110701,543,145,1.4843125712021112,200,4.411439114391144,741
554,0.05,-330.15384615384613,2.1366666666666667,4.251748251748252,69.12937062937063,577,159,1.83419355891629,200,4.346153846153846,135
555,0.05,-343.3538461538461,2.0475,4.30990990990991,67.47567567567567,548,142,1.401892843461638,200,4.409009009009009,12
556,0.05,-359.3230769230769,2.0391666666666666,4.143847487001733,67.14384748700174,587,141,1.9843162874728513,200,4.2374350086655115,42
557,0.05,-334.12307692307695,1.7983333333333333,3.7097902097902096,68.31993006993007,568,140,1.350160097429646,200,3.797202797202797,485
558,0.05,-313.3538461538461,1.7541666666666667,3.820075757575758,67.33901515151516,539,152,1.4295539318019141,200,3.912878787878788,359
559,0.05,-316.7692307692308,1.8783333333333334,3.8898756660746003,67.01598579040852,562,148,1.1746543643631184,200,4.0,309
560,0.05,-301.46153846153845,1.6908333333333334,3.653992395437262,67.56463878326996,529,145,1.0909127464770478,200,3.760910815939279,530
561,0.05,-324.44615384615383,1.9325,3.8773747841105353,67.95336787564767,585,156,1.861262494811226,200,3.9671848013816926,507
562,0.05,-309.4307692307692,1.7516666666666667,3.591549295774648,69.32394366197182,573,145,1.451469972957253,200,3.6971830985915495,851
563,0.05,-308.63076923076926,1.8616666666666666,3.6770833333333335,67.06597222222223,583,153,1.1718802958805992,200,3.7690972222222223,884
564,0.05,-311.46153846153845,1.8325,3.5,67.96075085324232,594,156,1.2559227215959659,200,3.5870307167235493,2
565,0.05,-325.3230769230769,1.87,3.8176991150442476,68.05840707964602,551,140,1.0275657285919177,200,3.9238938053097345,343
566,0.05,-340.7384615384616,1.9666666666666666,3.9064124783362217,67.10398613518197,577,152,1.413578621248386,200,4.027729636048527,720
567,0.05,-401.3538461538461,2.2825,4.466666666666667,66.04166666666667,606,149,2.3546765755300267,200,4.578333333333333,281
568,0.05,-331.2615384615384,2.0383333333333336,3.9779286926994906,66.91341256366724,587,159,2.2910604603751157,200,4.081494057724957,158
569,0.05,-296.6461538461539,1.7916666666666667,3.594736842105263,66.29649122807018,584,154,0.980171392815787,200,3.6596491228070174,698
570,0.05,-321.4461538461539,1.945,3.8811188811188813,66.99125874125875,570,158,1.0790509041443608,200,3.9755244755244754,452
571,0.05,-306.89230769230767,1.7983333333333333,3.6826241134751774,66.26418439716312,565,157,1.184431933725531,200,3.776595744680851,669
572,0.05,-298.5230769230769,1.7841666666666667,3.650088809946714,67.8170515097691,555,158,1.2515888304077194,200,3.753108348134991,750
573,0.05,-322.2153846153846,1.8916666666666666,4.012635379061372,65.9187725631769,544,158,2.1715729490763342,200,4.082882882882883,27
574,0.05,-298.95384615384614,1.76,3.4905982905982906,66.03418803418803,572,161,2.7499963366737883,200,3.5760683760683762,256
575,0.05,-297.9384615384615,1.8308333333333333,3.573109243697479,66.34453781512605,580,165,1.4080971394909718,200,3.650420168067227,590
576,0.05,-324.84615384615387,2.0208333333333335,4.048951048951049,68.40034965034965,576,155,1.4243905962666512,200,4.111692844677138,271
577,0.05,-307.2307692307692,1.7358333333333333,3.6551094890510947,66.16970802919708,540,148,1.4147179065755855,200,3.7262773722627736,537
578,0.05,-280.7230769230769,1.8175,3.662045060658579,68.02599653379549,568,157,1.255714970574054,200,3.7608318890814556,120
579,0.05,-291.36923076923074,1.6508333333333334,3.52,66.19272727272727,556,158,2.023823106135292,200,3.612727272727273,740
580,0.05,-292.6769230769231,1.7816666666666667,3.7150635208711433,66.74773139745916,553,160,1.1393756509282171,200,3.8112522686025407,440
581,0.05,-287.18461538461537,1.7366666666666666,3.4731182795698925,67.56989247311827,555,158,2.4277346132537407,200,3.560931899641577,82
582,0.05,-305.12307692307695,1.8475,3.704225352112676,67.59154929577464,577,162,1.2672030004011468,200,3.772887323943662,666
583,0.05,-365.9384615384615,2.111666666666667,4.020477815699659,69.13481228668942,590,162,2.1937076943573106,200,4.09556313993174,569
584,0.05,-347.5538461538461,2.1175,4.412727272727273,68.42,560,157,1.9534882981405763,200,4.492727272727273,598
585,0.05,-347.4461538461538,2.0191666666666666,4.338888888888889,69.33703703703704,556,147,1.261162998627399,200,4.433333333333334,350
586,0.05,-352.8769230769231,2.1766666666666667,4.026711185308848,66.90150250417362,608,150,1.5314208028527794,200,4.121869782971619,404
587,0.05,-334.6461538461539,2.0416666666666665,4.011945392491468,68.41467576791808,586,160,1.8468483298999443,200,4.121160409556314,22
588,0.05,-301.5076923076923,1.7225,3.4900542495479203,68.18625678119349,556,153,1.5272959291963273,200,3.5714285714285716,111
589,0.05,-322.8,1.8158333333333334,4.015296367112811,67.52772466539197,525,150,1.4287156573661886,200,4.118546845124283,752
590,0.05,-284.0615384615385,1.7616666666666667,3.5516014234875444,66.92170818505338,565,154,1.5000221044850317,200,3.6298932384341636,892
591,0.05,-284.53846153846155,1.6483333333333334,3.391304347826087,67.0126811594203,541,164,1.373671082722277,200,3.476449275362319,676
592,0.05,-300.4769230769231,1.83,3.6783216783216783,67.90034965034965,574,170,1.5272905876264218,200,3.770979020979021,684
593,0.05,-284.6461538461538,1.7691666666666668,3.6119929453262785,64.03350970017637,570,162,1.178859597488842,200,3.6984126984126986,51
594,0.05,-292.9384615384615,1.7966666666666666,3.7881508078994615,65.36086175942549,553,158,1.3591110385525802,200,3.8473967684021546,491
595,0.05,-270.4,1.6258333333333332,3.3633093525179856,64.67985611510791,542,163,1.363153970918786,200,3.449640287769784,178
596,0.05,-281.2923076923077,1.7033333333333334,3.658536585365854,66.42401500938087,536,165,0.9348719592485866,200,3.75046904315197,726
597,0.05,-380.32307692307694,2.3025,4.346774193548387,68.39838709677419,633,158,1.267987514808927,200,4.43317230273752,801
598,0.05,-322.6769230769231,1.8666666666666667,3.7805309734513273,67.9221238938053,559,154,1.9205126742056458,200,3.8601769911504427,581
599,0.05,-348.0769230769231,2.1675,4.193220338983051,66.6864406779661,597,162,1.3650698400091241,200,4.269491525423729,325
600,0.05,-293.3384615384615,1.8158333333333334,3.737030411449016,66.29159212880143,552,159,1.2894655668131016,200,3.7853309481216457,462
601,0.05,-327.8307692307692,2.0025,3.9156626506024095,67.26678141135973,598,160,1.1640499644834839,200,3.9845094664371774,859
602,0.05,-335.7538461538461,1.9841666666666666,3.918825561312608,68.40932642487047,584,153,1.2732408844389322,200,4.017271157167531,254
603,0.05,-305.2769230769231,1.7658333333333334,3.489945155393053,65.76051188299817,557,149,1.2096167948845369,200,3.583180987202925,280
604,0.05,-314.4307692307692,1.8025,3.8104693140794224,67.84476534296029,555,155,1.161886487953225,200,3.8790613718411553,322
605,0.05,-351.07692307692304,2.066666666666667,4.224168126094571,67.98949211908932,562,160,1.9109988577082768,200,4.334500875656743,650
606,0.05,-361.6,1.9125,3.8869565217391306,68.43130434782609,573,147,1.3964582146836717,200,4.0,323
607,0.05,-321.70769230769235,1.9025,4.184466019417476,69.9126213592233,522,143,1.2081587331549586,200,4.269902912621359,695
608,0.05,-328.36923076923074,1.9933333333333334,4.0945709281961475,68.85288966725044,569,156,1.3410056486117912,200,4.192644483362522,75
609,0.05,-317.26153846153846,1.7941666666666667,3.8312159709618876,67.51724137931035,550,144,1.3896081666708273,200,3.941923774954628,130
610,0.05,-324.78461538461545,1.925,4.096363636363637,67.30909090909091,543,142,1.3948648890751532,200,4.169090909090909,35
611,0.05,-321.29230769230765,1.9766666666666666,4.146209386281589,66.86281588447653,541,154,1.3798353193422594,200,4.222021660649819,390
612,0.05,-331.79999999999995,1.8325,3.7924865831842576,68.35957066189624,555,145,1.8173210112334772,200,3.8694096601073347,40
613,0.05,-310.13846153846146,1.7425,3.664246823956443,66.31397459165154,553,152,1.3083292318631008,200,3.7295825771324864,363
614,0.05,-330.18461538461537,1.9683333333333333,3.950266429840142,68.29840142095915,565,154,1.2673980982445197,200,4.035523978685613,9
615,0.05,-299.6,1.7833333333333334,3.63922942206655,64.9614711033275,553,155,1.4302994088689627,200,3.7197898423817866,470
616,0.05,-314.8307692307692,1.9666666666666666,3.8972602739726026,67.85616438356165,595,164,1.2055369805908858,200,3.9657534246575343,819
617,0.05,-328.10769230769233,1.9016666666666666,3.754621848739496,68.89747899159664,598,152,1.1737166270740647,200,3.8705882352941177,412
618,0.05,-268.4769230769231,1.68,3.623836126629423,66.54562383612662,527,158,1.2750551326906767,200,3.6945996275605215,516
619,0.05,-288.9384615384615,1.7991666666666666,3.861111111111111,66.92037037037036,550,159,1.179315520377286,200,3.9296296296296296,243
620,0.05,-277.89230769230767,1.595,3.385899814471243,66.34879406307978,548,163,1.3514992053506367,200,3.49721706864564,314
621,0.05,-309.4769230769231,2.015833333333333,3.661927330173776,67.85939968404423,631,163,1.1134275561801104,200,3.740916271721959,609
622,0.05,-295.63076923076926,1.8891666666666667,3.7162393162393164,66.1948717948718,584,166,1.049033793444419,200,3.8205128205128207,41
623,0.05,-309.9384615384615,1.9208333333333334,4.223264540337711,68.27392120075046,529,155,1.123740279642614,200,4.296435272045028,168
624,0.05,-274.8615384615385,1.5958333333333334,3.3731884057971016,65.34601449275362,567,157,1.4425653264029668,200,3.4420289855072466,782
625,0.05,-306.6923076923077,1.895,3.8423817863397547,66.59369527145358,563,154,2.053817229384862,200,3.9281961471103326,893
626,0.05,-279.9846153846154,1.7033333333333334,3.355060034305317,65.62778730703259,585,170,1.7104876010945997,200,3.452830188679245,813
627,0.05,-303.9846153846154,1.9066666666666667,3.697986577181208,66.95134228187919,588,162,1.2894463476588736,200,3.8120805369127515,128
628,0.05,-267.0615384615385,1.6616666666666666,3.262350936967632,67.65587734241907,576,158,1.2419235164945317,200,3.356047700170358,686
629,0.05,-290.2307692307692,1.7516666666666667,3.4275741710296685,65.36300174520069,590,167,1.4713958783804504,200,3.5113438045375216,681
630,0.05,-327.4923076923077,2.1175,4.332749562171629,68.3555166374781,573,160,1.9531413011151666,200,4.422066549912435,202
631,0.05,-274.0769230769231,1.61,3.219298245614035,68.21754385964913,577,167,1.7878855353374925,200,3.3035087719298244,175
632,0.05,-299.1538461538462,1.8416666666666666,3.736283185840708,68.88141592920354,567,156,1.3970383302704033,200,3.8530973451327433,465
633,0.05,-298.12307692307695,1.8191666666666666,3.727272727272727,67.97147950089126,561,164,1.1465170063098402,200,3.798573975044563,457
634,0.05,-323.04615384615386,1.9658333333333333,3.786324786324786,66.94700854700855,575,166,1.760636471961535,200,3.9025641025641025,61
635,0.05,-312.8307692307692,1.895,3.8048359240069085,68.70639032815198,586,151,1.2548065573715017,200,3.8773747841105353,577
636,0.05,-378.1538461538462,2.3308333333333335,4.6078098471986415,69.06281833616299,580,159,1.3325633598172204,200,4.687606112054329,662
637,0.05,-312.4923076923077,1.8075,3.8,68.15855855855855,551,150,1.348088013999284,200,3.879279279279279,36
638,0.05,-319.2,1.9525,3.950530035335689,68.58303886925795,569,163,1.2503644741858904,200,4.0583038869257955,770
639,0.05,-357.2769230769231,2.1025,4.295138888888889,66.59895833333333,571,150,2.202370534455434,200,4.40625,614
640,0.05,-354.3846153846154,2.006666666666667,4.25515947467167,67.02439024390245,533,153,2.227779972447789,200,4.350844277673546,517
641,0.05,-324.4153846153846,1.8533333333333333,4.207100591715976,68.75936883629191,511,142,1.3542259660116158,200,4.27810650887574,545
642,0.05,-341.9076923076923,2.0991666666666666,4.160621761658031,66.93264248704664,578,150,1.4309411060114967,200,4.265975820379966,59
643,0.05,-362.5076923076923,2.145,4.560661764705882,69.17095588235294,543,148,1.5284071145187001,200,4.6286764705882355,326
644,0.05,-389.46153846153845,2.1616666666666666,4.376306620209059,69.95470383275261,569,143,1.8623346885587608,200,4.47212543554007,170
645,0.05,-391.4153846153846,2.1766666666666667,4.475265017667844,69.32508833922262,559,140,1.2565243447290395,200,4.554770318021202,230
646,0.05,-373.53846153846155,2.0658333333333334,4.439622641509434,68.2188679245283,543,142,1.7552533977066154,200,4.50188679245283,509
647,0.05,-329.9384615384616,1.8441666666666667,3.7098976109215016,67.69112627986348,573,148,1.6081374022327062,200,3.781569965870307,758
648,0.05,-352.3538461538462,1.8975,3.902097902097902,65.68006993006993,574,141,1.2900879794417681,200,3.9667832167832167,406
649,0.05,-317.8307692307692,1.8958333333333333,3.688695652173913,67.32173913043478,580,163,1.3823957638827835,200,3.7725694444444446,753
650,0.05,-348.2769230769231,1.9791666666666667,3.9390243902439024,68.22648083623693,567,142,1.3777803401111575,200,4.017421602787456,682
651,0.05,-301.4923076923077,1.8383333333333334,3.761220825852783,65.737881508079,547,158,1.9591988837568575,200,3.85278276481149,557
652,0.05,-302.1692307692308,1.7625,3.707495429616088,65.47349177330896,551,159,1.246586649655127,200,3.7824497257769654,716
653,0.05,-284.46153846153845,1.6558333333333333,3.323321554770318,66.14487632508833,575,152,2.356284044694376,201,3.409893992932862,429
654,0.05,-276.0769230769231,1.7616666666666667,3.5189003436426116,66.24742268041237,571,164,1.563307292783108,201,3.6013745704467355,821
655,0.05,-303.83076923076925,1.7033333333333334,3.4253472222222223,68.34722222222223,579,157,1.1169712282213684,201,3.5243055555555554,639
656,0.05,-272.63076923076915,1.6825,3.2978003384094756,64.30456852791878,594,154,1.7074284952791858,201,3.3688663282571913,724
657,0.05,-341.78461538461534,2.035833333333333,3.720967741935484,67.60483870967742,619,154,1.3842317264096013,201,3.8419354838709676,179
658,0.05,-305.46153846153845,1.9066666666666667,3.7284991568296797,66.12310286677909,602,166,1.4796631915229719,201,3.8347386172006743,244
659,0.05,-281.36923076923074,1.6625,3.441016333938294,68.34301270417423,565,156,1.4467883772917152,201,3.526315789473684,277
660,0.05,-295.4153846153846,1.765,3.517948717948718,68.76923076923077,581,160,1.4856897331954093,201,3.6,550
661,0.05,-285.38461538461536,1.5433333333333332,3.279850746268657,66.19029850746269,537,151,1.3850220707733478,201,3.340782122905028,246
662,0.05,-374.9230769230769,2.085,4.026890756302521,68.62352941176471,604,149,1.509911296514865,201,4.117647058823529,542
663,0.05,-300.59999999999997,1.825,3.5016501650165015,65.003300330033,592,156,1.2132924491616341,201,3.5874587458745872,469
664,0.05,-313.44615384615383,1.9091666666666667,4.009057971014493,67.78623188405797,544,161,1.0571939702442534,201,4.106884057971015,191
665,0.05,-293.9384615384615,1.6225,3.185185185185185,66.77954144620811,581,161,0.8983643549527264,201,3.2786596119929454,198
666,0.05,-316.7692307692307,1.9125,3.7625649913344885,66.81455805892547,571,157,1.2642659910769292,201,3.8648180242634314,889
667,0.05,-317.61538461538464,1.7766666666666666,3.475382003395586,67.53310696095076,580,155,1.3426256683899507,201,3.5840407470288627,559
668,0.05,-284.9076923076923,1.6766666666666667,3.5547445255474455,66.39963503649635,541,155,1.2504168441120447,201,3.622262773722628,15
669,0.05,-321.96923076923076,1.8891666666666667,3.54,68.31333333333333,600,158,1.2277614129411358,201,3.6216666666666666,95
670,0.05,-310.7230769230769,1.8516666666666666,3.4628099173553717,65.38347107438017,601,158,1.3862652229813055,201,3.55702479338843,534
671,0.05,-296.3538461538462,1.85,3.7296819787985864,65.76678445229682,550,158,2.3644342488213215,202,3.8303886925795054,597
672,0.05,-270.1076923076923,1.645,3.3027681660899653,66.38581314878893,580,160,1.2978101637836756,202,3.3996539792387543,472
673,0.05,-300.18461538461537,1.7416666666666667,3.4562937062937062,66.69405594405595,580,159,1.4859592587650279,202,3.5489510489510487,731
674,0.05,-299.2307692307692,1.9358333333333333,4.155963302752293,69.19816513761468,546,161,1.5713134587628377,202,4.247706422018348,39
675,0.05,-282.41538461538465,1.6891666666666667,3.4192982456140353,67.0578947368421,565,155,1.3091492669917282,202,3.5,746
676,0.05,-286.4153846153846,1.7833333333333334,3.6067019400352733,68.95590828924162,569,161,1.1504354933105627,202,3.7195767195767195,511
677,0.05,-306.13846153846157,1.8058333333333334,3.4966666666666666,66.085,601,156,2.2628047466893406,202,3.6016666666666666,17
678,0.05,-284.69230769230774,1.7341666666666666,3.568421052631579,67.35263157894737,579,163,1.2491568527723982,202,3.66140350877193,784
679,0.05,-307.0153846153846,1.9458333333333333,3.866432337434095,67.30931458699473,572,160,1.2889651340288464,202,3.952548330404218,798
680,0.05,-300.24615384615385,1.8491666666666666,3.7855855855855856,67.26846846846847,563,160,1.0464988441720675,202,3.8774774774774774,480
681,0.05,-312.04615384615386,1.6733333333333333,3.4501779359430604,66.45017793594306,560,156,1.36296061434336,202,3.5338078291814945,875
682,0.05,-279.75384615384615,1.7025,3.4086799276672695,66.58951175406871,560,154,1.513430063038133,202,3.511754068716094,667
683,0.05,-278.6,1.7033333333333334,3.340677966101695,67.33898305084746,581,150,1.362815786222756,202,3.4237288135593222,489
684,0.05,-307.16923076923075,1.9666666666666666,3.8305369127516777,66.04026845637584,597,165,1.4239360542467032,202,3.9211409395973154,291
685,0.05,-272.4769230769231,1.6183333333333334,3.3886861313868613,66.81934306569343,542,161,1.2170082221427638,202,3.4562043795620436,435
686,0.05,-254.89230769230767,1.5975,3.48210922787194,67.58003766478343,535,154,1.1910881679954004,202,3.574387947269303,858
687,0.05,-295.66153846153844,1.805,3.7282415630550623,64.85079928952042,559,164,1.0136790554994668,202,3.802841918294849,844
688,0.05,-263.4307692307692,1.48,3.089090909090909,68.51818181818182,556,160,0.9962821920986012,202,3.172727272727273,567
689,0.05,-326.9076923076923,1.85,3.695804195804196,64.86713286713287,567,152,1.334697245324444,202,3.772727272727273,443
690,0.05,-286.61538461538464,1.7991666666666666,3.6321243523316062,67.53540587219344,590,160,1.3986847364134343,202,3.7132987910189983,110
691,0.05,-281.69230769230774,1.6375,3.2578397212543555,64.10801393728222,581,160,1.2321062147300024,202,3.3588850174216027,378
692,0.05,-298.5846153846154,1.7941666666666667,3.634446397188049,64.51318101933217,562,161,1.4626785536843587,202,3.7152899824253076,850
693,0.05,-261.3230769230769,1.5591666666666666,3.3214953271028036,67.75514018691588,532,154,1.1914401599613806,202,3.4205607476635516,173
694,0.05,-338.3384615384615,1.9066666666666667,3.76592082616179,68.33046471600689,582,145,1.3286899028535244,202,3.8932874354561102,116
695,0.05,-359.5230769230769,2.0408333333333335,4.131205673758865,69.95744680851064,586,143,1.6535480555575668,202,4.209219858156028,332
696,0.05,-332.4923076923077,1.8516666666666666,3.6915254237288138,68.36949152542373,591,149,1.3478053233142793,202,3.783050847457627,379
697,0.05,-315.7384615384616,1.9416666666666667,3.814236111111111,67.54861111111111,584,164,1.2218230056360424,202,3.9097222222222223,405
698,0.05,-276.4153846153846,1.6333333333333333,3.3257839721254356,65.68815331010452,571,162,1.524035723845795,202,3.4146341463414633,765
699,0.05,-289.0153846153846,1.6925,3.4639718804920916,67.67662565905097,569,152,1.6811085373796775,202,3.555360281195079,184
700,0.05,-287.9384615384615,1.8683333333333334,3.829136690647482,68.83093525179856,559,162,1.1542136559770497,202,3.902877697841727,520
701,0.05,-287.8615384615385,1.7866666666666666,3.5396551724137932,66.97068965517241,573,168,1.527153868241813,202,3.6293103448275863,710
702,0.05,-299.0923076923077,1.8033333333333332,3.492333901192504,68.56388415672913,591,170,1.206137353675241,202,3.5894378194207834,69
703,0.05,-251.43076923076924,1.5641666666666667,3.3823529411764706,66.93566176470588,548,157,1.2054198023103404,202,3.4613970588235294,707
704,0.05,-268.20000000000005,1.6775,3.31433506044905,65.59930915371329,586,169,0.9059108000796653,202,3.407599309153713,788
705,0.05,-313.90769230769234,1.8416666666666666,3.685964912280702,66.62631578947368,576,160,1.317407814967841,202,3.7754385964912283,830
706,0.05,-310.4923076923077,1.8775,3.7102473498233217,66.68197879858657,560,150,1.6549036316865902,202,3.795053003533569,434
707,0.05,-334.36923076923074,2.0841666666666665,3.9498381877022655,66.29773462783172,615,160,1.5861219032754361,202,4.063106796116505,100
708,0.05,-302.323076923077,1.72,3.4358523725834798,67.40949033391915,576,153,1.3380879863658748,202,3.5289982425307556,367
709,0.05,-303.8307692307692,1.7725,3.650909090909091,67.21090909090908,547,158,1.229830360847341,202,3.7236363636363636,658
710,0.05,-377.2769230769231,2.2408333333333332,4.372881355932203,69.1,594,155,1.310120315671613,202,4.4576271186440675,258
711,0.05,-310.2307692307692,1.9191666666666667,3.7858347386172007,66.40640809443508,583,164,1.1224184805056021,202,3.863406408094435,265
712,0.05,-322.4,1.7725,3.634920634920635,68.31922398589066,553,147,1.1357230306974433,202,3.7319223985890653,743
713,0.05,-302.4307692307692,1.8383333333333334,3.5548060708263067,67.3035413153457,608,152,1.0443975086949604,202,3.6256323777403034,283
714,0.05,-338.4153846153846,2.1141666666666667,4.006472491909385,69.06148867313915,616,155,1.2287357766678964,202,4.114886731391586,836
715,0.05,-274.61538461538464,1.6466666666666667,3.4242424242424243,66.0909090909091,560,162,1.255834996750385,202,3.5044563279857397,578
716,0.05,-279.7692307692307,1.565,3.1857142857142855,67.40714285714286,558,150,0.9694538941391799,202,3.273214285714286,849
717,0.05,-319.6461538461539,1.8958333333333333,3.755632582322357,68.61871750433275,574,154,1.2368673625238529,202,3.847487001733102,169
718,0.05,-338.6,2.0591666666666666,4.029159519725558,64.34305317324186,574,161,1.2327687819079634,202,4.0977701543739276,358
719,0.05,-408.0769230769231,2.379166666666667,4.8667850799289525,69.02664298401422,568,150,1.3482732109854427,202,4.948581560283688,655
720,0.05,-295.9076923076923,1.975,3.975567190226876,67.21116928446772,576,166,1.5645577495750471,202,4.076788830715532,260
721,0.05,-278.13846153846157,1.5808333333333333,3.2752293577981653,67.13761467889908,535,166,1.1086374746341663,202,3.363302752293578,526
722,0.05,-278.4923076923077,1.7433333333333334,3.4839285714285713,67.71964285714286,558,158,1.0516670296801023,202,3.5767857142857142,172
723,0.05,-265.7076923076923,1.7275,3.4027303754266214,64.30716723549489,586,164,1.3100420656795058,202,3.5034129692832763,644
724,0.05,-287.16923076923075,1.7666666666666666,3.7412844036697246,67.75412844036697,535,157,1.1857811162941094,202,3.8110091743119265,331
725,0.05,-316.44615384615383,1.8191666666666666,3.8256880733944953,70.45321100917431,561,153,1.331573303061558,202,3.911926605504587,34
726,0.05,-286.75384615384615,1.7708333333333333,3.6080843585237257,68.33919156414763,572,163,1.1561297373029602,202,3.70298769771529,632
727,0.05,-281.16923076923075,1.6758333333333333,3.493738819320215,68.14311270125224,568,160,1.193064810508365,202,3.5813953488372094,653
728,0.05,-301.12307692307695,1.9058333333333333,3.855379188712522,69.50440917107584,576,170,1.2213011160488656,202,3.943562610229277,464
729,0.05,-243.2923076923077,1.5216666666666667,3.177737881508079,67.26929982046678,569,165,0.985650811423583,202,3.2782764811490126,91
730,0.05,-339.3230769230769,2.1633333333333336,4.149405772495755,67.04753820033956,590,164,1.289309889101949,202,4.237691001697793,834
731,0.05,-272.16923076923075,1.5908333333333333,3.548076923076923,66.42884615384615,521,152,2.426326120694403,202,3.648076923076923,398
732,0.05,-310.18461538461537,1.8666666666666667,3.4974874371859297,67.00502512562814,605,159,1.4788848081798998,202,3.5812395309882747,828
733,0.05,-316.12307692307695,1.8875,3.88339222614841,67.64134275618375,566,156,1.2170047726265163,202,3.9858657243816253,16
734,0.05,-313.4153846153846,1.8591666666666666,3.5261382799325465,66.40472175379426,595,164,1.3207355206547309,202,3.6138279932546373,816
735,0.05,-273.3538461538462,1.6141666666666667,3.434137291280148,68.35250463821892,541,150,1.0556309589685768,202,3.5064935064935066,824
736,0.05,-312.04615384615386,1.8366666666666667,3.779334500875657,67.86514886164623,569,162,1.2887690277320263,202,3.8756567425569175,13
737,0.05,-333.03076923076924,2.0658333333333334,3.81629392971246,67.6150159744409,616,153,2.5601791421844533,202,3.912140575079872,94
738,0.05,-327.87692307692305,1.9091666666666667,3.8624338624338623,67.91181657848324,559,149,1.053445229408132,202,3.9559082892416226,381
739,0.05,-275.4769230769231,1.8866666666666667,3.556836902800659,64.93574958813839,596,165,1.0608528798948393,202,3.647446457990115,115
740,0.05,-292.89230769230767,1.8858333333333333,3.8894830659536543,65.58110516934046,551,165,0.9552036297800462,202,3.980392156862745,883
741,0.05,-295.7846153846154,1.8975,3.960573476702509,68.0089605734767,564,165,1.243481874490179,202,4.043010752688172,299
742,0.05,-338.0153846153846,1.9583333333333333,3.8635578583765113,67.77374784110535,591,157,2.2220026776659663,203,3.9740932642487046,223
743,0.05,-257.26153846153846,1.5225,3.2781954887218046,66.79511278195488,526,156,1.0794217904616554,203,3.3364661654135337,348
744,0.05,-316.7692307692308,1.8316666666666668,3.708994708994709,67.34038800705467,587,157,3.821220121472859,205,3.8095238095238093,307
745,0.05,-324.8307692307692,1.9541666666666666,4.074766355140187,66.92710280373832,540,154,1.4523506090017237,205,4.17196261682243,842
746,0.05,-309.0769230769231,1.8808333333333334,3.7708333333333335,67.56597222222223,573,154,1.322113673921747,205,3.8802083333333335,549
747,0.05,-347.6769230769231,2.135,4.356020942408377,67.50261780104712,574,154,1.6924783425231669,205,4.455497382198953,576
748,0.05,-293.09230769230766,1.8158333333333334,3.4735099337748343,67.30629139072848,595,148,1.5945001255582028,205,3.5728476821192054,83
749,0.05,-340.15384615384613,1.7916666666666667,3.687612208258528,66.30520646319569,551,149,1.2782838640096654,205,3.770197486535009,296
750,0.05,-298.0,1.8525,3.922661870503597,69.08093525179856,565,155,1.2814932738945424,205,4.0,60
751,0.05,-299.73846153846154,1.8925,3.7628865979381443,67.74398625429554,582,158,1.3870334606581656,205,3.850515463917526,607
752,0.05,-290.5230769230769,1.7691666666666668,3.7969924812030076,68.03947368421052,538,154,3.08943028533518,205,3.898496240601504,876
753,0.05,-318.2307692307692,1.875,3.782006920415225,66.16608996539793,573,160,1.309563043785128,205,3.8737024221453287,771
754,0.05,-299.4923076923077,1.8191666666666666,3.7379679144385025,68.47058823529412,559,163,1.8027522381431274,205,3.8146167557932262,748
755,0.05,-293.18461538461537,1.6108333333333333,3.303030303030303,67.16577540106952,553,157,1.5905319420016333,205,3.393939393939394,759
756,0.05,-318.3384615384615,1.8683333333333334,3.679509632224168,66.99124343257444,586,153,1.3504689329047133,205,3.772329246935201,608
757,0.05,-286.46153846153845,1.7041666666666666,3.6235955056179776,68.1310861423221,533,149,1.2294509332094674,205,3.7228464419475658,497
758,0.05,-304.5076923076923,1.8583333333333334,3.6379018612521152,66.49746192893402,592,158,1.303941423440797,205,3.72419627749577,742
759,0.05,-346.8307692307692,1.9316666666666666,3.857904085257549,68.68916518650089,570,148,1.2726965565619393,205,3.952042628774423,853
760,0.05,-343.4307692307692,2.0191666666666666,4.019366197183099,68.27816901408451,565,146,1.1834053455013134,205,4.10387323943662,513
761,0.05,-310.4153846153846,2.0141666666666667,3.942176870748299,67.18367346938776,579,155,1.2807355221020664,205,4.032312925170068,373
762,0.05,-320.7230769230769,1.9258333333333333,3.8502673796791442,67.8698752228164,566,155,1.8544927179742783,205,3.9251336898395723,629
763,0.05,-377.9384615384615,2.1166666666666667,4.343283582089552,67.6026119402985,535,149,2.858527141845638,205,4.419776119402985,1
764,0.05,-381.1538461538462,2.2116666666666664,4.282094594594595,69.52364864864865,588,150,1.3365523810008797,205,4.371621621621622,519
765,0.05,-293.6615384615385,1.7416666666666667,3.544973544973545,65.36331569664902,570,156,1.1295636535596236,205,3.6331569664903,787
766,0.05,-344.12307692307695,2.1233333333333335,4.112068965517241,69.27586206896552,570,151,1.3001132865575384,205,4.192771084337349,764
767,0.05,-309.6615384615385,1.7983333333333333,3.8253676470588234,68.34558823529412,552,139,1.2437413805090423,205,3.9393382352941178,131
768,0.05,-293.03076923076924,1.815,3.75177304964539,67.38120567375887,567,153,1.3990995037259322,205,3.8315602836879434,220
769,0.05,-313.2923076923077,1.7183333333333333,3.433628318584071,67.12743362831858,577,157,1.2907247389763805,205,3.511504424778761,596
770,0.05,-313.0769230769231,1.915,4.033457249070632,68.13011152416357,539,146,1.1066345217029092,205,4.111524163568773,225
771,0.05,-349.0769230769231,2.145,4.47377938517179,66.3996383363472,548,154,1.3650301896360595,205,4.5577617328519855,30
772,0.05,-290.89230769230767,1.6825,3.5517241379310347,68.23049001814881,548,153,1.1279861078231093,205,3.6370235934664246,284
773,0.05,-332.2923076923077,1.9341666666666666,3.785109983079526,66.33164128595601,595,154,1.352016338748503,205,3.8781725888324874,766
774,0.05,-347.1538461538461,2.0033333333333334,4.105357142857143,67.05892857142857,574,153,1.5653085249283307,205,4.189285714285714,867
775,0.05,-336.7846153846154,1.9566666666666668,4.0124777183600715,67.21033868092691,555,153,1.2747090346088248,205,4.073083778966132,321
776,0.05,-315.7692307692307,1.9241666666666666,3.9859154929577465,67.16549295774648,558,149,1.3062600705660603,205,4.056338028169014,838
777,0.05,-377.0,2.2025,4.3953900709219855,67.88297872340425,558,151,1.497754203648258,205,4.48758865248227,521
778,0.05,-350.03076923076924,2.0625,3.7879799666110183,67.25208681135226,606,152,1.158138660450002,205,3.8964941569282137,133
779,0.05,-388.86153846153843,2.1275,4.30155979202773,66.81629116117851,571,144,1.6041842003683144,205,4.3847487001733105,447
780,0.05,-308.4,1.8141666666666667,3.713274336283186,66.02300884955753,567,152,2.38461350546135,205,3.8353982300884955,99
781,0.05,-329.4923076923077,1.8825,3.8080279232111693,67.8411867364747,574,143,1.4902343295031835,205,3.900523560209424,761
782,0.05,-362.2153846153846,1.9725,3.910839160839161,68.9965034965035,568,146,1.5775967723369895,205,4.027972027972028,729
783,0.05,-311.89230769230767,1.7541666666666667,3.575221238938053,65.93805309734513,574,154,1.1268315090278143,205,3.6707964601769913,44
784,0.05,-344.0,1.9775,3.9310344827586206,66.99827586206897,576,151,1.0834160324172208,205,4.039655172413793,85
785,0.05,-280.0,1.7791666666666666,3.6067019400352733,64.53968253968254,561,165,1.93226491574904,205,3.687830687830688,531
786,0.05,-270.79999999999995,1.5975,3.5825242718446604,65.43883495145631,515,157,1.344724608259001,205,3.6601941747572817,495
787,0.05,-332.8615384615385,1.9358333333333333,3.996415770609319,67.17383512544802,553,151,1.2535341049535222,205,4.093189964157706,835
788,0.05,-326.0,1.9783333333333333,4.056637168141593,67.34867256637168,551,154,1.054821363944924,205,4.157522123893806,460
789,0.05,-310.0615384615385,1.7825,3.6720142602495542,67.90730837789661,558,151,1.0356174839865309,205,3.7789661319073082,510
790,0.05,-325.13846153846157,1.9633333333333334,3.840677966101695,68.92203389830509,597,152,1.0485766548475055,205,3.91864406779661,49
791,0.05,-352.4615384615385,2.0,4.217712177121771,67.17527675276753,544,152,1.3654828077790397,205,4.295202952029521,751
792,0.05,-336.67692307692306,2.005,4.051813471502591,67.69775474956822,574,147,1.5575572580632282,205,4.162348877374784,274
793,0.05,-361.03076923076924,2.0858333333333334,4.443037974683544,69.67992766726944,556,140,1.3105266582561854,205,4.549728752260398,445
794,0.05,-326.8461538461538,1.9166666666666667,3.9194395796847634,67.13485113835377,575,148,1.3480632711760903,205,4.045534150612959,878
795,0.05,-300.96923076923076,1.8016666666666667,3.7375,69.49821428571428,568,148,1.349391263315453,205,3.8232142857142857,809
796,0.05,-332.8,1.9241666666666666,3.7564322469982847,68.12178387650086,583,146,1.2125085607346588,205,3.8198970840480273,21
797,0.05,-313.16923076923075,1.8216666666666668,3.5728643216080402,65.64489112227805,592,156,1.5086117558061836,205,3.6683417085427137,156
798,0.05,-333.6461538461539,1.8333333333333333,3.6457960644007157,67.56708407871199,568,144,1.1635769659268624,205,3.738819320214669,804
799,0.05,-344.9384615384615,1.8975,3.7677642980935877,67.10225303292894,573,142,1.2519007618914253,205,3.882149046793761,357
800,0.05,-341.2461538461538,1.9541666666666666,3.9736379613356765,67.5518453427065,569,148,1.0804885671523567,205,4.063268892794376,319
801,0.05,-322.5692307692308,1.9666666666666666,3.9895287958115184,67.73472949389179,572,143,1.2916475881934375,205,4.092495636998255,882
802,0.05,-336.5076923076923,1.9633333333333334,4.158379373848987,67.79926335174954,553,149,1.3582132789721686,205,4.257826887661142,205
803,0.05,-320.70769230769235,1.8608333333333333,3.918669131238447,67.98890942698706,541,149,0.9216280068954364,205,3.985212569316081,62
804,0.05,-314.3384615384615,1.7725,3.7153419593345656,67.82809611829944,553,152,1.1260709883349522,205,3.809611829944547,252
805,0.05,-335.6307692307692,1.9675,4.25092936802974,68.32899628252788,538,146,1.2619427685811457,205,4.321561338289963,776
806,0.05,-330.87692307692305,1.9191666666666667,3.7550675675675675,65.04729729729729,577,157,1.2213768510675158,205,3.860033726812816,88
807,0.05,-284.18461538461537,1.7641666666666667,3.718283582089552,69.7481343283582,532,152,2.332299994131928,205,3.8227611940298507,864
808,0.05,-248.1384615384615,1.5391666666666666,3.2379182156133828,65.58736059479554,540,160,1.1646769164117816,205,3.299256505576208,575
809,0.05,-288.0,1.5733333333333333,3.4495238095238094,67.15619047619047,532,141,1.213114538298878,205,3.5542857142857143,262
810,0.05,-313.96923076923076,1.8933333333333333,3.7717206132879046,67.69335604770016,581,159,1.233619983914726,205,3.86541737649063,675
811,0.05,-294.66153846153844,1.8166666666666667,3.4038772213247173,66.07431340872375,608,160,1.2804409546025166,205,3.5008077544426492,546
812,0.05,-307.8,1.9175,3.8038194444444446,67.18923611111111,583,155,1.368457417106087,205,3.8628472222222223,797
813,0.05,-308.0923076923077,1.9091666666666667,3.972776769509982,66.38294010889292,554,155,1.1624967466009948,205,4.056261343012705,508
814,0.05,-366.8461538461538,2.0483333333333333,4.172173913043478,67.32,566,148,1.860641372854473,205,4.24695652173913,661
815,0.05,-380.44615384615383,2.1566666666666667,4.515097690941386,68.75666074600355,565,146,1.729764635647005,205,4.589698046181172,467
816,0.05,-325.2769230769231,1.8466666666666667,3.952651515151515,66.08712121212122,529,147,1.2946020380190266,205,4.022684310018904,255
817,0.05,-291.0615384615385,1.6116666666666666,3.369606003752345,66.74296435272045,539,152,1.0806116711860085,205,3.448405253283302,533
818,0.05,-366.0,2.1466666666666665,3.8876404494382024,67.87640449438203,622,145,1.3063283192050275,205,4.00801282051282,475
819,0.05,-345.3384615384615,1.8416666666666666,3.7309027777777777,68.25173611111111,572,142,1.1984698636628068,205,3.8125,649
820,0.05,-357.0,2.0216666666666665,4.172291296625222,68.3943161634103,563,145,1.5207884944042904,205,4.2575488454706925,679
821,0.05,-336.95384615384614,1.7083333333333333,3.6500920810313073,67.98895027624309,545,136,1.295236611264637,205,3.710865561694291,701
822,0.05,-339.86153846153843,2.049166666666667,4.150268336314848,69.99463327370304,557,141,1.2506689914710942,205,4.2236135957066185,347
823,0.05,-356.73846153846154,2.075,4.028523489932886,68.25167785234899,593,147,1.2866009145420014,205,4.140939597315437,871
824,0.05,-333.44615384615383,1.8583333333333334,3.6460481099656357,66.5721649484536,576,142,1.4591940870415856,205,3.725085910652921,102
825,0.05,-354.53846153846155,2.0225,3.9035532994923856,67.94416243654823,584,151,1.3815680136921917,205,3.9864636209813873,584
826,0.05,-337.9846153846154,1.8633333333333333,3.9813780260707636,69.487895716946,544,145,1.1937297738703025,205,4.068901303538175,313
827,0.05,-382.2615384615385,2.0458333333333334,4.1493848857644995,67.86818980667839,565,141,1.2096133005466116,205,4.249560632688928,515
828,0.05,-310.3538461538461,1.6566666666666667,3.363951473136915,66.5944540727903,574,145,1.4058165995289469,205,3.433275563258232,733
829,0.05,-405.36923076923074,2.1783333333333332,4.343696027633851,68.8307426597582,584,139,1.192711585138578,205,4.44559585492228,335
830,0.05,-381.7384615384615,2.1391666666666667,4.151360544217687,67.25850340136054,594,146,1.7623092035723718,205,4.2227891156462585,419
831,0.05,-410.2307692307692,2.2041666666666666,4.3760831889081455,67.45060658578856,565,129,1.4407717065899122,205,4.462738301559792,187
832,0.05,-336.5076923076923,1.99,3.9683098591549295,68.53169014084507,563,144,1.469844254393482,205,4.035211267605634,268
833,0.05,-336.20000000000005,2.0533333333333332,4.033101045296167,68.04006968641114,587,148,1.1293323598434486,205,4.116724738675958,672
834,0.05,-319.0769230769231,1.8116666666666668,3.8992537313432836,66.55410447761194,539,142,1.7495284860478624,205,3.96455223880597,289
835,0.05,-346.89230769230767,2.1891666666666665,3.97275641025641,67.32852564102564,632,154,1.141492355710864,205,4.078525641025641,532
836,0.05,-331.5846153846154,1.8616666666666666,3.853211009174312,65.73394495412845,559,147,1.473339093809398,205,3.926605504587156,73
837,0.05,-265.3230769230769,1.5425,3.4057142857142857,66.70095238095239,533,154,1.2640231665142159,205,3.525714285714286,346
838,0.05,-309.4153846153846,1.8683333333333334,3.5751633986928106,66.97058823529412,593,161,1.3705752498437824,205,3.6781045751633985,414
839,0.05,-292.7076923076923,1.7933333333333332,3.620274914089347,65.93470790378007,575,160,1.2424814715902874,205,3.702749140893471,68
840,0.05,-304.1692307692308,1.7633333333333334,3.591943957968476,66.8231173380035,569,149,1.2629559444855036,205,3.6573426573426575,636
841,0.05,-306.86153846153843,1.7941666666666667,3.423469387755102,67.74829931972789,587,151,0.9754900804941955,205,3.496598639455782,613
842,0.05,-332.0923076923077,1.8933333333333333,3.9280575539568345,68.44604316546763,560,152,1.1162724656248644,205,4.012589928057554,316
843,0.05,-319.44615384615383,1.8175,3.892988929889299,67.46309963099631,549,149,1.137617189501992,205,3.96309963099631,553
844,0.05,-295.50769230769237,1.8375,3.4983552631578947,66.70065789473684,603,157,1.2674351460312392,205,3.6036184210526314,887
845,0.05,-313.38461538461536,1.8333333333333333,3.711267605633803,67.09507042253522,576,154,1.2228738750802086,205,3.790492957746479,823
846,0.05,-325.3384615384615,2.005,4.036206896551724,68.39827586206897,577,156,1.2097311975216287,205,4.129310344827586,152
847,0.05,-299.2769230769231,1.7558333333333334,3.532286212914485,67.67888307155323,565,151,2.327820490162915,205,3.642233856893543,219
848,0.05,-308.6307692307692,1.8066666666666666,3.6869565217391305,68.72173913043478,575,153,1.2341725047268597,205,3.791304347826087,615
849,0.05,-312.9076923076923,1.9908333333333332,3.9895652173913043,67.41391304347826,563,157,1.4584691900381053,205,4.073043478260869,476
850,0.05,-283.4923076923077,1.7091666666666667,3.6740331491712706,68.13259668508287,547,148,1.3048730306947687,205,3.7569060773480665,43
851,0.05,-323.4153846153846,1.9258333333333333,3.741554054054054,66.41047297297297,591,156,1.259595676262296,205,3.8277027027027026,498
852,0.05,-298.8,1.6433333333333333,3.538175046554935,67.48975791433892,547,149,1.2041987839323274,205,3.62756052141527,221
853,0.05,-308.8,1.8558333333333332,3.5566666666666666,67.525,590,154,1.2525990047861797,205,3.655,239
854,0.05,-274.5846153846154,1.5033333333333334,3.4248496993987976,67.57314629258516,494,156,1.2120781564089151,205,3.49498997995992,640
855,0.05,-330.75384615384615,1.8866666666666667,3.9411764705882355,66.09742647058823,553,150,1.409973882756832,205,4.012867647058823,700
856,0.05,-326.0923076923077,1.9508333333333334,4.001769911504425,67.17522123893805,575,156,1.1530382581674654,205,4.084955752212389,572
857,0.05,-301.69230769230774,1.7466666666666666,3.6636029411764706,69.56433823529412,561,157,1.0648831249728636,205,3.775735294117647,428
858,0.05,-300.7538461538462,1.65,3.407942238267148,68.56137184115524,548,160,1.5043287618166132,205,3.4837545126353793,190
859,0.05,-314.4307692307692,1.94,3.9679715302491103,68.37366548042705,569,162,1.19003796032487,205,4.05338078291815,195
860,0.05,-311.8307692307692,1.7308333333333332,3.49645390070922,67.25354609929079,556,142,1.3814612821472954,205,3.5921985815602837,233
861,0.05,-309.8461538461538,1.8216666666666668,3.732851985559567,67.46570397111914,543,148,1.6859653779247177,205,3.8176895306859207,58
862,0.05,-311.4153846153846,1.7841666666666667,3.535008976660682,67.64093357271095,560,156,1.3063920007569119,205,3.619389587073609,714
863,0.05,-272.0153846153847,1.7066666666666668,3.5062388591800357,67.16221033868092,569,163,1.1056810610070984,205,3.591800356506239,208
864,0.05,-319.24615384615385,1.8933333333333333,3.765625,68.31597222222223,573,152,1.370417745529639,205,3.876736111111111,64
865,0.05,-308.13846153846157,1.7891666666666666,3.508591065292096,65.53436426116839,582,158,1.3366188656179798,205,3.6099656357388317,207
866,0.05,-307.2153846153846,1.7991666666666666,3.703971119133574,66.21660649819495,566,149,1.3808504078851025,205,3.783393501805054,420
867,0.05,-308.67692307692306,1.8658333333333332,3.772727272727273,68.9423076923077,580,160,1.3643648828820314,205,3.8566433566433567,618
868,0.05,-318.95384615384614,1.805,3.8917910447761193,64.93470149253731,545,146,1.226083951320895,205,3.966417910447761,46
869,0.05,-339.03076923076924,2.0075,4.051785714285714,67.14464285714286,558,147,1.567928782645776,205,4.1571428571428575,528
870,0.05,-367.80000000000007,2.0975,3.9353796445880453,65.39095315024232,619,150,1.481445080142969,205,4.054927302100162,862
871,0.05,-333.2769230769231,1.9458333333333333,3.7832764505119454,66.46416382252559,598,148,2.161606398804417,205,3.868600682593857,496
872,0.05,-343.6,1.7983333333333333,3.773308957952468,67.88482632541134,549,147,1.1152039069391948,205,3.881170018281536,24
873,0.05,-357.78461538461534,2.1325,4.28719723183391,69.68166089965398,566,148,1.1030842170397976,205,4.389273356401384,456
874,0.05,-283.0769230769231,1.7333333333333334,3.53914590747331,66.65302491103203,569,160,1.1836421356702713,205,3.610320284697509,589
875,0.05,-312.76923076923083,1.7683333333333333,3.3424190800681433,65.809199318569,592,154,1.1501809030851178,205,3.44633730834753,344
876,0.05,-286.1692307692308,1.7225,3.6268382352941178,65.62316176470588,547,161,1.0916699994220491,205,3.702205882352941,57
877,0.05,-295.7230769230769,1.7683333333333333,3.575916230366492,65.73647469458987,565,158,1.0834459492054318,205,3.682926829268293,278
878,0.05,-303.3846153846154,1.7591666666666668,3.3766666666666665,67.82,603,150,1.2635175707550028,205,3.475,769
879,0.05,-314.4,1.9416666666666667,3.5698051948051948,70.05357142857143,616,158,1.2743182823567507,205,3.6493506493506493,386
880,0.05,-322.53846153846155,1.7841666666666667,3.609841827768014,68.31985940246045,576,150,1.1892509242932467,205,3.6977152899824253,121
881,0.05,-326.03076923076924,1.9683333333333333,3.935763888888889,68.07465277777777,565,156,1.392969859768381,205,4.019097222222222,697
882,0.05,-308.18461538461537,1.9066666666666667,3.914132379248658,65.64758497316637,565,155,1.7273666312772988,205,4.007155635062611,459
883,0.05,-290.0769230769231,1.6833333333333333,3.368515205724508,68.2128801431127,564,153,1.1892722591241387,205,3.443649373881932,122
884,0.05,-309.70769230769235,1.8066666666666666,3.669626998223801,66.51332149200711,562,159,1.4124734817379465,205,3.7548845470692718,109
885,0.05,-313.8461538461538,1.8216666666666668,3.7129963898916967,67.17148014440433,559,155,1.036508418279783,205,3.7689530685920576,736
886,0.05,-321.95384615384614,1.8975,3.8257839721254356,67.20557491289199,582,158,1.3173537270887188,205,3.9059233449477353,671
887,0.05,-300.8153846153846,1.7725,3.695885509838998,64.99284436493738,547,156,1.420684137140436,205,3.774597495527728,228
888,0.05,-307.61538461538464,1.6791666666666667,3.546816479400749,69.39513108614233,525,156,1.2004901117075266,205,3.6647940074906367,785
889,0.05,-317.0769230769231,1.7658333333333334,3.590990990990991,66.4036036036036,555,160,1.497161890765612,205,3.6576576576576576,339
890,0.05,-304.44615384615383,1.8116666666666668,3.5426621160409555,67.74402730375427,590,157,1.2853964826496715,205,3.6245733788395906,105
891,0.05,-309.2153846153846,1.7916666666666667,3.643598615916955,66.89446366782006,573,154,1.2955071773142055,205,3.7145328719723185,37
892,0.05,-341.2,1.97,3.902061855670103,68.63230240549828,572,158,1.2176643663335,205,4.010309278350515,213
893,0.05,-276.84615384615387,1.6558333333333333,3.2126929674099487,66.78216123499142,586,161,1.232519732518952,205,3.295025728987993,413
894,0.05,-313.6769230769231,1.9175,3.7560137457044673,68.40034364261169,582,158,1.3472611783199402,205,3.821305841924399,287
895,0.05,-282.6615384615385,1.715,3.6715328467153285,67.08029197080292,537,156,1.103042863614262,205,3.7481751824817517,286
896,0.05,-346.10769230769233,2.058333333333333,4.064124783362218,67.1421143847487,576,155,1.294449642434328,205,4.141868512110727,611
897,0.05,-291.8461538461538,1.655,3.306338028169014,65.00176056338029,568,151,1.1232922694971685,205,3.380281690140845,356
898,0.05,-286.20000000000005,1.7808333333333333,3.619047619047619,67.27689594356261,572,156,1.2686289675337745,205,3.7142857142857144,840
899,0.05,-315.75384615384615,1.9141666666666666,3.873462214411248,65.80140597539543,560,154,1.1845416915358926,205,3.975438596491228,193
