episode,epsilon,total_reward,avg_queue,avg_wait_s,avg_travel_s,throughput,switches,td_loss,q_table_states,avg_delay_s
0,1.0,-1366.2615384615385,7.650833333333333,10.871733966745843,82.10570071258907,787,134,38.945917272028204,72,11.021377672209026
1,0.9945,-1181.5692307692307,6.684166666666667,9.892193308550185,78.67657992565056,759,133,26.28892438909496,92,10.032218091697645
2,0.989,-1408.5076923076924,7.963333333333333,11.339285714285714,81.91428571428571,785,134,45.184188238610744,101,11.516666666666667
3,0.9835,-971.4307692307692,5.719166666666666,8.297330097087379,74.55946601941747,770,130,13.53327948831232,115,8.419902912621358
4,0.9781,-1818.3230769230768,10.165,14.260257913247361,85.30011723329426,794,126,57.916986732426096,124,14.431418522860492
5,0.9726,-1431.1384615384613,7.910833333333334,12.175032175032175,80.78893178893179,719,128,21.060958700313435,130,12.297297297297296
6,0.9673,-1320.5076923076922,7.461666666666667,10.95945945945946,81.15110565110565,776,129,22.63427401663026,133,11.097051597051598
7,0.9619,-1246.0923076923075,7.315,10.26643192488263,80.35211267605634,788,135,20.03442073153564,135,10.40962441314554
8,0.9566,-1421.123076923077,8.0425,11.609167671893848,79.31121833534378,760,133,28.956712056033957,141,11.749095295536792
9,0.9513,-1007.2153846153847,6.034166666666667,8.39186046511628,75.98255813953489,809,140,16.186929274427456,146,8.527906976744186
10,0.946,-1058.2923076923075,6.306666666666667,8.724537037037036,76.76620370370371,810,137,21.16609364073601,148,8.8878612716763
11,0.9408,-909.0153846153845,5.5975,8.46894803548796,77.8403041825095,744,135,11.91627230591377,150,8.614702154626109
12,0.9356,-1154.0923076923077,6.821666666666666,9.725536992840096,77.972553699284,770,137,17.501277213367736,150,9.858164481525625
13,0.9304,-1052.4307692307693,6.2025,8.628205128205128,76.72494172494173,813,136,17.301206870716232,152,8.784382284382284
14,0.9253,-1135.7846153846153,6.48,9.52088452088452,78.51474201474201,773,129,14.285114443140058,152,9.641717791411043
15,0.9202,-1557.476923076923,9.135,12.855294117647059,84.44470588235293,791,135,25.499048331965696,154,12.98589894242068
16,0.9151,-1328.8307692307692,7.535833333333334,10.369815668202765,78.81797235023042,828,131,27.84378736922105,160,10.508064516129032
17,0.91,-1415.6615384615384,7.8075,10.802312138728324,78.05549132947976,794,129,18.293970005508363,161,10.931791907514452
18,0.905,-1275.876923076923,7.398333333333333,10.514863258026159,79.2627824019025,788,134,21.238620226937478,162,10.655172413793103
19,0.9,-1054.7230769230769,6.145,9.105328376703842,77.35439900867411,749,133,14.523017238357061,163,9.244114002478314
20,0.895,-1188.3538461538462,6.410833333333334,9.160287081339712,75.77153110047847,772,126,22.595276470859364,165,9.295454545454545
21,0.89,-997.6153846153846,6.0408333333333335,9.014981273408239,79.24843945068665,743,140,10.250879036429938,166,9.14481897627965
22,0.8851,-968.6000000000001,5.599166666666667,7.998803827751196,75.61842105263158,763,133,12.887596488274328,166,8.138755980861244
23,0.8802,-1124.8923076923074,6.7325,9.175398633257403,76.9498861047836,810,137,14.57915291987098,166,9.304100227790434
24,0.8753,-1307.8615384615384,7.2908333333333335,10.827329192546584,79.75652173913043,746,129,16.80691997772953,166,10.95409429280397
25,0.8705,-1005.0461538461539,5.859166666666667,8.495145631067961,76.82281553398059,751,137,15.224806254136768,166,8.648058252427184
26,0.8657,-910.7538461538462,5.435833333333333,7.727380952380952,74.50238095238095,761,139,12.060553821428888,166,7.879761904761905
27,0.8609,-884.5076923076922,5.125,7.497549019607843,74.50367647058823,768,138,13.50041694178744,166,7.6213235294117645
28,0.8561,-1087.2615384615385,6.508333333333334,9.504889975550123,77.67114914425427,768,141,16.194474712316552,167,9.64914425427873
29,0.8514,-918.8615384615384,5.1225,7.375150784077201,75.32086851628468,777,130,14.312119608482478,168,7.498190591073582
30,0.8467,-1096.8,6.166666666666667,8.772619047619047,75.61785714285715,786,126,17.871122165242618,169,8.913095238095238
31,0.842,-831.2461538461539,4.861666666666666,7.1353013530135305,73.31980319803198,773,136,11.962333816284547,171,7.260762607626076
32,0.8373,-770.5230769230768,4.704166666666667,6.838002436053594,74.41900121802679,759,135,9.148426546317125,172,6.992691839220463
33,0.8327,-1038.5538461538463,6.1691666666666665,9.12267657992565,76.35192069392812,758,139,19.381519205266788,172,9.267657992565056
34,0.8281,-976.1076923076923,5.595,8.104242424242424,76.77575757575758,767,130,11.800056048992452,173,8.242424242424242
35,0.8235,-1265.0,7.129166666666666,10.471744471744472,78.76658476658477,751,129,17.46054833027235,177,10.584766584766585
36,0.819,-1022.3692307692307,6.059166666666667,8.795868772782503,77.74848116646416,759,135,13.517993355719865,177,8.918590522478736
37,0.8144,-1076.0923076923077,6.1691666666666665,8.912938331318017,76.863361547763,773,134,17.493750711665985,178,9.039903264812576
38,0.8099,-1066.7846153846153,6.193333333333333,9.095940959409594,75.72324723247233,759,135,13.448374120873947,180,9.214022140221402
39,0.8054,-1016.7076923076924,5.730833333333333,8.724489795918368,76.52295918367346,733,127,14.151463331518446,180,8.872448979591837
40,0.801,-1108.1692307692308,6.2908333333333335,9.342039800995025,77.98258706467662,744,135,13.893353667477289,180,9.461442786069652
41,0.7966,-1086.8615384615384,6.424166666666666,9.172043010752688,77.91995221027479,777,133,15.134849878905314,180,9.308243727598565
42,0.7922,-966.5538461538462,5.678333333333334,8.071343638525565,75.07372175980976,786,137,14.054707658795571,180,8.190023752969122
43,0.7878,-833.6307692307693,4.984166666666667,7.2362971985383675,74.20828258221681,763,141,10.055068374360475,181,7.364190012180268
44,0.7834,-1068.4307692307693,6.17,8.740521327014218,75.80450236966824,782,132,13.754264722274106,181,8.89218009478673
45,0.7791,-1019.1076923076923,6.024166666666667,8.128813559322033,75.84858757062148,822,134,13.403847295744082,182,8.294915254237289
46,0.7748,-770.1846153846153,4.8225,6.886091127098322,73.19424460431655,781,142,9.238063992107074,182,7.019184652278177
47,0.7705,-961.1076923076923,5.745,8.76117496807152,78.79054916985952,726,134,13.59170360308937,182,8.89272030651341
48,0.7662,-1039.9692307692308,5.995833333333334,8.565269461077845,76.46946107784431,779,137,17.121715872752834,187,8.719760479041916
49,0.762,-857.6923076923076,5.054166666666666,6.8545454545454545,73.8340909090909,821,136,10.449800882506752,187,7.007954545454545
50,0.7578,-884.0307692307692,5.2058333333333335,7.729763387297634,76.23038605230386,753,136,11.479445885396347,187,7.885429638854297
51,0.7536,-1012.4307692307693,5.806666666666667,8.181603773584905,74.36556603773585,794,132,18.398580168762294,188,8.307783018867925
52,0.7494,-888.3692307692306,5.38,8.3515625,76.34375,725,134,13.104006338417848,189,8.485677083333334
53,0.7453,-901.3384615384616,5.2475,7.62043795620438,76.13868613138686,766,138,8.15335093698777,189,7.761557177615572
54,0.7411,-841.5384615384615,5.116666666666666,7.241092636579572,73.96080760095012,795,141,17.41217507929978,191,7.409738717339668
55,0.737,-841.8461538461538,5.010833333333333,7.310893512851897,75.64871481028152,763,140,10.703536319268245,191,7.451652386780906
56,0.733,-891.7846153846153,5.219166666666666,7.468824940047962,75.97721822541966,780,132,11.579258780243556,193,7.58273381294964
57,0.7289,-798.876923076923,4.971666666666667,7.318965517241379,73.88177339901478,752,142,8.892846100447503,193,7.448275862068965
58,0.7249,-905.8307692307692,5.265,7.879699248120301,75.96115288220551,744,135,14.163276122584106,193,8.021303258145364
59,0.7209,-738.276923076923,4.1975,6.221118012422361,72.57142857142857,758,132,11.230831132562036,195,6.344099378881988
60,0.7169,-866.2307692307692,5.1825,7.436823104693141,76.29723225030084,768,135,11.755224545973448,195,7.574007220216607
61,0.7129,-931.6153846153846,5.594166666666666,7.920521945432977,75.70106761565836,791,131,11.777356622583651,196,8.053380782918149
62,0.709,-879.8923076923077,5.229166666666667,7.580097087378641,76.57402912621359,774,138,9.951132283318481,196,7.722087378640777
63,0.705,-756.7076923076922,4.608333333333333,7.0473751600512164,72.67477592829705,725,136,8.670183934844024,196,7.169014084507042
64,0.7011,-855.6,5.1125,7.3189448441247,75.84292565947243,784,136,11.233729861296661,196,7.468824940047962
65,0.6973,-808.9076923076923,4.739166666666667,6.757467144563919,74.92114695340501,785,132,14.554534345140862,196,6.896057347670251
66,0.6934,-825.7076923076922,4.9525,6.9110070257611245,73.93325526932084,790,137,14.29568573244287,196,7.059649122807017
67,0.6896,-796.4769230769231,4.719166666666666,6.799516908212561,74.10628019323671,782,137,11.454163609215014,197,6.920289855072464
68,0.6858,-873.4769230769231,5.026666666666666,7.5119196988707655,75.30112923462987,749,132,11.496869412059835,197,7.636135508155584
69,0.682,-989.0153846153846,5.675,7.6324689966178125,76.33934611048478,827,130,11.958035062547166,197,7.795045045045045
70,0.6782,-744.2153846153847,4.5475,6.634474327628362,73.79217603911981,778,140,10.927044302419004,197,6.773838630806846
71,0.6744,-904.0615384615385,5.456666666666667,7.573255813953488,75.25581395348837,802,141,11.006123816669524,197,7.7
72,0.6707,-795.0307692307692,4.735,6.833939393939394,74.80242424242424,769,136,9.449618106147392,197,6.983030303030303
73,0.667,-732.0307692307692,4.326666666666667,6.273722627737226,71.80048661800487,762,133,9.609187026113744,197,6.422141119221411
74,0.6633,-803.5999999999999,4.9825,7.026004728132388,74.10283687943263,790,144,9.548775165990827,197,7.16903073286052
75,0.6596,-943.9230769230769,5.586666666666667,7.813817330210773,74.32552693208432,802,136,19.826889549529476,198,7.953161592505855
76,0.656,-855.7538461538461,4.984166666666667,6.673766816143497,73.9237668161435,837,133,12.026488745905537,198,6.831838565022421
77,0.6524,-736.7384615384615,4.730833333333333,6.430523917995444,74.42255125284738,834,143,12.409984556954704,198,6.588838268792711
78,0.6487,-722.3692307692307,4.551666666666667,6.46437054631829,74.8147268408551,778,146,9.716382235682376,198,6.61520190023753
79,0.6452,-835.9076923076923,5.1175,7.22603550295858,74.18224852071006,783,137,16.019763483096753,199,7.369976359338062
80,0.6416,-830.4153846153847,4.885,7.174661746617466,74.22017220172202,762,136,12.525323139213777,199,7.313653136531365
81,0.638,-1105.7692307692307,6.451666666666667,8.840596330275229,76.9908256880734,822,134,16.1588560817558,200,8.982798165137615
82,0.6345,-785.0307692307692,4.775,6.804062126642772,74.00238948626045,785,137,8.990776364526713,201,6.930704898446834
83,0.631,-751.5230769230768,4.5525,6.412042502951594,73.79929161747343,795,137,11.4465831066976,201,6.577830188679245
84,0.6275,-714.4615384615385,4.4191666666666665,6.281287246722289,73.24433849821216,789,142,11.472058500043827,201,6.413587604290822
85,0.624,-649.4923076923077,4.036666666666667,5.786314525810324,72.22689075630252,768,141,9.536545552047924,201,5.931572629051621
86,0.6206,-815.8923076923077,4.84,6.846975088967971,72.55753262158956,784,133,15.989602020038154,201,6.994068801897983
87,0.6171,-814.0923076923077,4.7475,6.764635603345281,74.25567502986858,779,136,11.399767766933254,201,6.899641577060932
88,0.6137,-712.1076923076923,4.41,6.202830188679245,72.39504716981132,803,144,13.019597568607354,201,6.334511189634864
89,0.6103,-823.1076923076922,5.141666666666667,7.300357568533969,74.9880810488677,785,145,15.97900781088935,201,7.426698450536353
90,0.607,-738.5384615384615,4.476666666666667,6.662921348314606,74.68164794007491,740,137,7.546556093005155,201,6.803995006242197
91,0.6036,-758.3538461538462,4.42,6.3065868263473055,73.07904191616767,780,130,13.104209295377226,202,6.469461077844311
92,0.6003,-593.9384615384615,3.785833333333333,5.578686493184635,72.2639405204461,751,141,7.2023777266355875,202,5.718711276332094
93,0.5969,-783.2923076923078,4.769166666666667,6.472727272727273,73.01022727272728,825,141,14.797861787955794,203,6.601136363636364
94,0.5936,-754.876923076923,4.6325,6.431395348837209,74.36511627906977,796,140,11.252973722525653,203,6.5813953488372094
95,0.5904,-748.4153846153846,4.534166666666667,6.697270471464019,74.08436724565757,751,131,13.653561844569262,203,6.843672456575683
96,0.5871,-694.0153846153846,4.264166666666667,6.324626865671642,73.12189054726367,764,134,8.933874591831284,204,6.463930348258707
97,0.5838,-738.7846153846153,4.454166666666667,6.883268482490273,74.37224383916991,724,137,10.295541651163765,204,6.98443579766537
98,0.5806,-676.6153846153845,4.385833333333333,6.404411764705882,71.7095588235294,757,148,6.581370915212319,204,6.522058823529412
99,0.5774,-666.323076923077,4.115833333333334,5.928743961352657,71.52657004830918,770,138,12.72554868246894,204,6.079710144927536
100,0.5742,-794.9846153846154,4.76,6.370786516853933,71.43146067415731,831,140,13.836398445280928,204,6.547191011235955
101,0.571,-635.7692307692307,3.8625,5.544578313253012,71.67710843373494,771,144,6.738389478657033,204,5.6734939759036145
102,0.5679,-735.0769230769231,4.364166666666667,6.2626506024096384,73.74216867469879,772,136,8.610817323911204,204,6.395180722891566
103,0.5647,-710.5999999999999,4.2908333333333335,6.1727053140096615,74.2584541062802,785,137,10.382883854137503,204,6.311594202898551
104,0.5616,-730.7384615384615,4.4558333333333335,6.1162255466052935,73.59493670886076,815,142,12.91196455658152,204,6.254315304948216
105,0.5585,-674.0153846153846,4.3775,6.334951456310679,73.14441747572816,768,149,10.069101630649671,204,6.459951456310679
106,0.5554,-584.1538461538462,3.685,5.316363636363636,71.43151515151516,770,144,6.499225261934946,204,5.4363636363636365
107,0.5523,-718.8461538461539,4.341666666666667,6.188769414575866,73.87216248506572,783,141,8.095858743231195,204,6.347670250896058
108,0.5493,-704.3846153846155,4.3116666666666665,6.282926829268293,74.64878048780488,760,140,7.011351081274605,204,6.418292682926829
109,0.5462,-633.2307692307693,3.870833333333333,5.6332518337408315,72.19804400977995,760,139,4.951865999347698,204,5.76161369193154
110,0.5432,-687.4615384615385,4.291666666666667,6.074733096085409,73.05100830367735,797,136,10.655356985421726,204,6.2004744958481615
111,0.5402,-586.7076923076922,3.635,5.444723618090452,74.34673366834171,755,138,8.819208152403736,205,5.556532663316583
112,0.5372,-789.446153846154,4.604166666666667,6.502958579881657,74.15502958579881,791,136,12.83509191479501,205,6.647337278106509
113,0.5343,-696.3846153846154,4.2325,6.121654501216545,72.31751824817518,765,138,10.163523392336606,205,6.254257907542579
114,0.5313,-836.3076923076924,5.0625,7.237410071942446,74.63669064748201,785,140,12.65583674234992,205,7.358513189448441
115,0.5284,-630.5999999999999,4.055,5.653395784543325,70.93325526932084,802,150,6.9444324096689245,205,5.790398126463701
116,0.5254,-815.4,4.859166666666667,7.037621359223301,76.94902912621359,756,131,14.776034887946825,206,7.20873786407767
117,0.5225,-677.6615384615384,4.1258333333333335,6.094175960346964,71.34944237918215,759,144,7.141005239327879,206,6.2242874845105325
118,0.5196,-643.8,4.115833333333334,5.880239520958084,71.23832335329341,782,141,11.857641068308713,207,6.015568862275449
119,0.5168,-772.8153846153846,4.684166666666667,6.589622641509434,74.77122641509433,807,140,12.964930054031832,207,6.714622641509434
120,0.5139,-520.3692307692309,3.28,4.7527405602923265,72.20219244823386,773,149,6.513733986568775,207,4.89768574908648
121,0.5111,-710.1076923076923,4.134166666666666,5.880810488676996,71.85935637663886,796,132,11.797579994304368,209,6.00357568533969
122,0.5082,-717.6153846153845,4.384166666666666,6.283313325330132,73.15966386554622,774,137,8.945140416740761,209,6.436974789915967
123,0.5054,-638.553846153846,3.9875,5.805860805860806,73.13553113553114,764,141,8.94704644170872,209,5.942612942612943
124,0.5026,-607.0769230769231,3.9825,5.730445246690734,72.71961492178099,788,145,6.1189134945772246,209,5.85439229843562
125,0.4998,-773.3538461538461,4.705,6.728691476590636,72.90996398559423,778,131,11.781111882794088,211,6.864345738295318
126,0.4971,-839.1846153846154,5.178333333333334,7.284198113207547,73.75825471698113,796,144,8.729619275829496,211,7.414605418138987
127,0.4943,-652.5692307692309,4.0441666666666665,5.500570125427594,72.9418472063854,832,143,6.967104830454398,211,5.6168757126567845
128,0.4916,-779.0461538461539,4.7,6.522093023255814,71.91279069767442,801,134,13.286640176483422,211,6.660465116279069
129,0.4889,-763.0769230769231,4.639166666666667,6.17706013363029,75.06792873051225,850,136,8.85356034485052,211,6.353006681514477
130,0.4862,-645.9538461538461,3.9516666666666667,5.5997624703087885,71.81353919239905,782,139,11.384973310070839,211,5.774346793349169
131,0.4835,-744.8153846153846,4.440833333333333,6.4301336573511545,74.01336573511543,780,135,10.014672681117935,211,6.575941676792223
132,0.4808,-598.8,3.8933333333333335,5.661782661782662,74.47619047619048,762,141,9.454832764238347,211,5.7997557997558
133,0.4781,-666.9230769230769,4.1466666666666665,5.6419612314709235,70.80501710376282,821,146,6.218747540288141,211,5.812072892938496
134,0.4755,-690.3538461538462,4.1433333333333335,5.895113230035757,73.28486293206198,789,142,7.49625743078074,211,6.014302741358761
135,0.4729,-586.4307692307692,3.7158333333333333,5.197414806110459,73.12690951821386,801,145,8.072645588249122,211,5.321974148061105
136,0.4703,-836.9692307692308,4.939166666666667,6.765786452353616,74.25487944890929,808,139,9.831523964294604,211,6.905855338691159
137,0.4677,-682.5692307692308,4.213333333333333,6.093446601941747,74.96844660194175,778,137,10.172008431569605,211,6.256067961165049
138,0.4651,-579.8615384615384,3.7408333333333332,5.55860349127182,72.15960099750623,757,147,8.551140389605465,211,5.659600997506234
139,0.4625,-632.0,3.8408333333333333,5.575425790754258,72.42700729927007,765,142,7.901922340016175,211,5.7168894289185905
140,0.4599,-731.8923076923077,4.423333333333333,6.504315659679408,74.77805178791616,761,134,11.703408024527068,211,6.662145499383477
141,0.4574,-661.9692307692308,3.9833333333333334,5.696642685851319,72.33213429256595,784,139,6.322731937194183,211,5.827338129496403
142,0.4549,-614.7076923076924,3.7083333333333335,5.397310513447433,69.66748166259168,781,139,11.170859047370973,211,5.5354523227383865
143,0.4523,-702.3846153846155,4.298333333333333,6.244525547445256,72.63746958637469,765,135,10.055308585461828,211,6.381995133819951
144,0.4498,-595.6153846153846,3.6566666666666667,5.12235294117647,72.15058823529412,803,140,13.092679861531378,211,5.258823529411765
145,0.4474,-679.1076923076923,4.3575,5.773081201334817,72.70967741935483,850,142,7.546998078235312,211,5.918798665183537
146,0.4449,-601.6,3.638333333333333,5.64453125,74.83723958333333,730,134,6.176562279505828,211,5.786458333333333
147,0.4424,-664.3076923076922,4.270833333333333,5.909407665505227,71.85714285714286,810,143,6.048378626566025,211,6.036004645760744
148,0.44,-691.1538461538462,4.230833333333333,6.228113440197287,73.55856966707768,756,138,8.466548433244682,211,6.36498150431566
149,0.4375,-622.676923076923,3.8425,5.923673997412678,73.66235446313065,718,138,9.676876491266164,211,6.059508408796895
150,0.4351,-694.1538461538461,4.214166666666666,5.889671361502347,74.34037558685446,798,134,7.5335736166928395,211,6.023474178403756
151,0.4327,-686.2461538461539,4.314166666666667,6.358560794044665,73.82382133995037,755,135,9.546108246435436,211,6.504962779156328
152,0.4303,-560.6153846153846,3.6425,5.0371660859465734,71.0952380952381,787,142,7.855819083487019,211,5.183507549361208
153,0.4279,-672.0615384615385,4.170833333333333,6.0535279805352795,72.44160583941606,775,141,8.703952877507474,211,6.160583941605839
154,0.4256,-652.2923076923078,3.9758333333333336,5.622775800711744,74.63226571767497,792,134,6.769026200358458,211,5.795966785290629
155,0.4232,-675.9538461538461,4.076666666666667,5.76603325415677,73.92517814726841,797,134,5.660504589297148,211,5.92874109263658
156,0.4209,-705.6307692307693,4.418333333333333,6.017123287671233,72.50913242009132,810,143,5.484501649226702,211,6.191780821917808
157,0.4185,-588.8307692307693,3.7525,5.377858002406739,70.8904933814681,770,147,7.645513863788041,212,5.547533092659447
158,0.4162,-602.1846153846154,3.9341666666666666,5.593078758949881,70.92840095465394,776,143,6.385041050680994,212,5.748210023866348
159,0.4139,-642.1846153846154,4.113333333333333,5.730994152046784,72.2374269005848,804,142,10.03652023690347,212,5.873684210526315
160,0.4116,-519.123076923077,3.3,4.8432098765432094,70.21604938271605,750,145,4.80226222094913,212,4.9679012345679014
161,0.4094,-538.7538461538461,3.319166666666667,4.800970873786408,71.05825242718447,776,143,6.815848947737686,212,4.91747572815534
162,0.4071,-604.3846153846154,3.8716666666666666,5.841972187104931,72.37926675094816,744,146,10.797855564878557,212,5.948166877370417
163,0.4048,-665.8153846153847,4.145833333333333,5.769859813084112,74.21144859813084,803,144,6.733001275259889,212,5.906542056074766
164,0.4026,-700.123076923077,4.505833333333333,6.183908045977011,72.71609195402299,815,143,9.370670935570017,212,6.348275862068966
165,0.4004,-681.3538461538461,4.203333333333333,5.892941176470588,73.18588235294118,805,144,12.14359958191926,212,6.076470588235294
166,0.3982,-576.446153846154,3.7375,5.354141656662665,72.05042016806723,782,146,5.7509219583965,212,5.472989195678271
167,0.396,-716.9538461538461,4.448333333333333,6.57196029776675,72.68982630272953,761,138,7.999284748117639,212,6.720843672456576
168,0.3938,-619.9384615384615,3.8941666666666666,5.8379396984924625,72.47613065326634,755,139,8.428210375853656,212,5.963613550815558
169,0.3916,-572.8307692307692,3.7133333333333334,5.295808383233533,73.05269461077845,788,146,5.790960137118852,212,5.459880239520958
170,0.3894,-625.6923076923076,3.9783333333333335,5.632580261593342,74.85493460166468,796,137,7.168389129741148,212,5.788347205707491
171,0.3873,-653.6153846153845,4.3116666666666665,5.887614678899083,72.74770642201835,817,150,8.276959922602558,212,6.02176403207331
172,0.3851,-647.3846153846154,4.1175,5.649021864211738,71.35097813578827,802,142,5.826803441059303,212,5.798619102416571
173,0.383,-527.6923076923077,3.5125,5.084951456310679,71.02184466019418,764,144,4.542693581501762,212,5.219660194174757
174,0.3809,-648.6769230769231,4.204166666666667,5.969084423305588,73.26159334126041,795,146,5.133137976228501,212,6.11652794292509
175,0.3788,-626.4153846153846,4.059166666666667,5.661988304093567,73.15555555555555,798,146,7.974201478251711,213,5.84561403508772
176,0.3767,-524.3692307692309,3.3541666666666665,4.867073170731707,69.16829268292683,751,143,8.471399028667898,213,4.990243902439024
177,0.3746,-681.0,4.051666666666667,5.686619718309859,74.11150234741784,796,138,10.664021073932277,213,5.828638497652582
178,0.3725,-545.723076923077,3.5483333333333333,5.15995115995116,69.98290598290598,773,147,5.578022469138514,213,5.2905982905982905
179,0.3705,-621.4307692307692,3.9691666666666667,5.4567474048442905,72.81084198385237,820,145,5.4742074094698765,213,5.606689734717416
180,0.3684,-658.4307692307692,4.0441666666666665,5.8295042321644495,74.31922611850061,777,137,4.864889400989059,213,5.954050785973398
181,0.3664,-676.3230769230769,4.4,6.366504854368932,73.79247572815534,772,145,7.6053682207653415,213,6.530339805825243
182,0.3643,-542.3076923076924,3.5,5.081607795371498,69.0353227771011,775,149,6.438046932255728,213,5.204379562043796
183,0.3623,-568.4,3.533333333333333,5.007142857142857,72.81190476190476,795,139,4.427588821837515,213,5.1535714285714285
184,0.3603,-695.5692307692307,4.320833333333334,6.218072289156627,75.52289156626506,784,142,9.011942338488977,213,6.333734939759037
185,0.3583,-582.5384615384615,3.6525,4.936435868331442,70.5527809307605,821,142,5.695863062695155,213,5.072644721906924
186,0.3563,-614.3538461538462,3.8575,5.291139240506329,72.04257767548907,820,138,13.845555004295786,213,5.444827586206896
187,0.3544,-498.9846153846154,3.33,4.688757396449704,71.17041420118343,785,156,4.331196850785444,213,4.8307692307692305
188,0.3524,-529.876923076923,3.2916666666666665,4.885143570536829,70.24968789013732,749,140,6.422655666830973,213,5.02621722846442
189,0.3505,-511.0307692307691,3.533333333333333,5.1030303030303035,71.08848484848485,765,149,5.245628380523484,213,5.25939393939394
190,0.3485,-706.5076923076922,4.246666666666667,5.9775413711583925,74.16430260047281,792,137,11.038986403403163,213,6.139479905437352
191,0.3466,-605.3538461538462,3.7158333333333333,5.187134502923977,72.47017543859648,793,140,8.440372840994167,213,5.3239766081871345
192,0.3447,-596.7076923076922,3.7516666666666665,5.311163895486936,71.50118764845605,782,138,6.812076620278823,213,5.454869358669834
193,0.3428,-485.9692307692308,3.18,4.604368932038835,71.31674757281553,771,149,6.169362650482474,213,4.74878640776699
194,0.3409,-592.2461538461538,3.7275,5.42002442002442,72.06471306471306,765,145,6.648658682828651,213,5.52991452991453
195,0.339,-544.2307692307693,3.445,4.88782816229117,71.16706443914082,791,138,5.370537342929503,213,5.015513126491647
196,0.3371,-487.6153846153846,3.388333333333333,4.979038224414303,71.21331689272503,756,154,3.750900220552387,213,5.1097410604192355
197,0.3352,-458.8,3.0708333333333333,4.432563791008506,70.45565006075334,769,147,4.620513164644203,213,4.5698663426488455
198,0.3334,-592.8615384615384,3.6783333333333332,5.057603686635945,71.80875576036867,815,145,7.483232742186353,213,5.215437788018433
199,0.3315,-574.876923076923,3.700833333333333,5.308894230769231,71.38100961538461,782,150,7.293036650129485,213,5.4483173076923075
200,0.3297,-575.9384615384615,3.714166666666667,5.453874538745388,71.5190651906519,776,152,6.096333220822707,213,5.592865928659287
201,0.3279,-511.3076923076924,3.296666666666667,4.9459798994974875,73.00879396984925,747,149,5.59254015713118,213,5.067839195979899
202,0.3261,-644.9384615384615,4.156666666666666,5.825882352941177,72.36588235294117,803,143,8.088242391595198,213,5.989411764705882
203,0.3243,-579.5384615384615,3.515833333333333,5.387387387387387,71.73101673101674,725,137,8.51841522824975,213,5.508365508365508
204,0.3225,-596.6461538461539,3.888333333333333,5.478672985781991,71.89336492890995,786,134,5.895977592843321,214,5.625592417061611
205,0.3207,-492.04615384615386,3.2025,4.7924528301886795,72.65408805031447,756,142,10.146013207297697,214,4.943396226415095
206,0.3189,-693.3076923076923,4.1525,5.9975786924939465,72.73365617433414,779,133,10.09255848644579,214,6.135593220338983
207,0.3172,-495.6769230769231,3.3808333333333334,4.848192771084338,71.63132530120482,780,147,4.681592227212949,214,4.975903614457831
208,0.3154,-594.1384615384616,3.7733333333333334,5.208333333333333,71.77662037037037,813,143,8.286671857102057,214,5.368055555555555
209,0.3137,-584.7692307692307,3.7291666666666665,5.370012091898428,71.23941958887545,775,139,7.187591014552896,214,5.495767835550182
210,0.3119,-564.9846153846154,3.655,5.082943925233645,71.96144859813084,807,144,7.724448851521846,214,5.204439252336448
211,0.3102,-539.7846153846154,3.529166666666667,5.1547911547911545,71.20270270270271,769,145,9.2167711309755,214,5.301840490797546
212,0.3085,-538.2307692307693,3.4858333333333333,5.089351285189719,71.74173806609546,761,148,7.553091697750877,214,5.246022031823745
213,0.3068,-505.43076923076916,3.4466666666666668,4.836277974087161,69.57479387514724,796,153,7.4412431836493,214,4.969375736160188
214,0.3051,-491.0,3.1675,4.498806682577565,71.86634844868735,791,144,6.124188802752768,214,4.631704410011919
215,0.3034,-574.2153846153847,3.8266666666666667,5.704630788485607,72.2215269086358,749,146,6.096372178294902,215,5.842302878598248
216,0.3017,-552.9384615384615,3.715,5.377885783718105,73.14702308626974,777,141,7.6425252428239565,215,5.499392466585662
217,0.3,-469.6153846153845,3.183333333333333,4.484633569739953,68.52127659574468,797,154,6.429562030093161,215,4.6052009456264775
218,0.2984,-592.9692307692308,3.9058333333333333,5.337543053960965,72.4385763490241,818,145,5.790071547851816,215,5.48105625717566
219,0.2967,-538.0615384615385,3.62,5.078823529411765,72.08823529411765,806,143,6.092157989228762,215,5.24235294117647
220,0.2951,-536.7076923076922,3.5125,5.18091697645601,70.51425030978935,759,145,8.3225348373106,215,5.318463444857497
221,0.2935,-483.8461538461538,3.256666666666667,4.84375,70.54,744,150,6.959978867460153,215,4.965
222,0.2918,-599.1846153846154,3.845833333333333,5.246857142857142,70.79542857142857,817,144,7.415052492131255,215,5.3748571428571426
223,0.2902,-546.1999999999999,3.735,5.356626506024097,72.47831325301205,776,149,9.78461600451713,215,5.509638554216868
224,0.2886,-552.123076923077,3.695,5.229857819905213,72.61611374407583,787,146,7.672728477832604,215,5.386255924170616
225,0.287,-504.83076923076925,3.3558333333333334,4.874390243902439,71.09878048780487,773,145,6.796542275578028,215,4.969512195121951
226,0.2854,-628.7538461538461,4.195,5.903301886792453,74.66627358490567,788,152,5.386658228811952,215,6.047169811320755
227,0.2838,-508.3538461538461,3.3408333333333333,4.776710684273709,71.67707082833134,783,149,4.501013053318181,215,4.930455635491607
228,0.2823,-467.276923076923,3.265833333333333,4.665066026410564,69.51500600240097,776,154,4.2621925552192,215,4.813925570228092
229,0.2807,-500.16923076923075,3.4483333333333333,4.845336481700118,71.1357733175915,793,152,6.270733342378689,215,4.998819362455726
230,0.2792,-446.30769230769226,3.0308333333333333,4.282325029655991,72.0344009489917,790,152,4.943828074780446,215,4.391459074733096
231,0.2776,-500.7230769230769,3.45,5.079207920792079,72.22029702970298,751,150,5.58383718306006,216,5.195544554455446
232,0.2761,-505.2,3.475,5.074846625766871,72.08588957055214,762,150,4.579703018671999,216,5.193865030674846
233,0.2746,-522.476923076923,3.46,5.197732997481109,72.68010075566751,742,149,5.564314231288261,216,5.328715365239295
234,0.273,-553.1538461538462,3.6983333333333333,5.27065868263473,72.5437125748503,786,141,5.412587878912244,216,5.380382775119617
235,0.2715,-565.4615384615383,3.444166666666667,4.951749095295537,71.90952955367914,778,137,4.840218036897606,218,5.101326899879373
236,0.27,-512.3846153846155,3.3716666666666666,4.6814469078179695,71.82263710618436,810,144,8.277877159215333,219,4.830805134189031
237,0.2685,-576.276923076923,3.6866666666666665,5.118881118881119,72.3065268065268,808,144,5.232553611858188,219,5.255244755244755
238,0.267,-526.4769230769231,3.5391666666666666,4.998816568047337,71.25798816568047,789,148,7.1670451536041515,219,5.158579881656805
239,0.2656,-543.7384615384615,3.6275,5.173444976076555,71.31937799043062,779,151,4.371632541058447,219,5.3086124401913874
240,0.2641,-617.7692307692307,4.001666666666667,5.643026004728132,72.11111111111111,797,137,8.619110765269223,219,5.776859504132231
241,0.2626,-579.8461538461538,3.9291666666666667,5.725153374233129,72.91411042944786,766,144,3.7251112856257205,219,5.873619631901841
242,0.2612,-508.47692307692313,3.3858333333333333,4.843561973525873,71.5294825511432,772,148,5.88598910902875,219,4.975932611311673
243,0.2597,-462.44615384615383,3.0383333333333336,4.419315403422983,71.92909535452323,765,148,4.294771005057068,219,4.56479217603912
244,0.2583,-582.2461538461538,4.024166666666667,5.311529933481153,71.53215077605321,847,144,6.225110256144629,219,5.501108647450111
245,0.2569,-573.9230769230769,3.6375,5.348522167487685,72.23275862068965,749,139,12.217015402300936,219,5.49384236453202
246,0.2555,-605.2923076923076,3.743333333333333,5.617906683480454,74.29255989911728,754,131,7.413212761712,219,5.736443883984868
247,0.254,-493.81538461538463,3.1783333333333332,4.638480392156863,70.1593137254902,770,147,5.290990565697696,219,4.761029411764706
248,0.2526,-445.3384615384615,2.9725,4.415519399249061,70.6846057571965,764,149,3.5029326279796784,219,4.524405506883604
249,0.2512,-491.10769230769233,3.1725,4.39464493597206,71.53667054714785,809,144,3.501452458121443,219,4.515715948777649
250,0.2498,-586.5076923076922,3.7225,5.177985948477752,72.77400468384074,809,147,4.284695969302979,219,5.338407494145199
251,0.2485,-538.6615384615384,3.4166666666666665,4.736596736596737,70.12937062937063,810,138,6.558559263817155,221,4.882284382284382
252,0.2471,-509.2769230769231,3.43,4.811542991755006,69.71260306242638,783,155,3.7927144595185127,221,4.978798586572438
253,0.2457,-495.12307692307695,3.3308333333333335,5.18872870249017,72.35255570117955,723,145,4.441334790822036,221,5.314547837483618
254,0.2444,-567.523076923077,3.7475,5.169177288528389,71.40440324449594,821,146,5.269675151232208,221,5.3117033603707995
255,0.243,-477.5692307692308,3.2283333333333335,4.854981084489281,71.98360655737704,740,139,11.329732245437002,221,4.989911727616645
256,0.2417,-606.4615384615385,3.986666666666667,5.57981220657277,70.95892018779342,804,145,4.131881134132431,221,5.721830985915493
257,0.2403,-550.0461538461539,3.658333333333333,5.108899297423887,70.92388758782201,797,146,5.2312083570924335,221,5.268149882903981
258,0.239,-500.0153846153846,3.3766666666666665,4.675203725261932,72.8905704307334,814,151,3.3984053044925417,221,4.806752037252619
259,0.2377,-547.3230769230769,3.7483333333333335,5.112,73.03657142857143,817,155,4.782133166072817,221,5.249142857142857
260,0.2364,-475.9384615384615,3.16,4.438679245283019,70.39740566037736,797,147,5.91719393764851,221,4.59316037735849
261,0.2351,-521.7846153846153,3.4875,5.01566265060241,73.1433734939759,775,147,7.221005248651473,221,5.130120481927711
262,0.2338,-506.2307692307692,3.3141666666666665,4.878862793572312,72.39060568603213,756,137,8.186085551372647,222,5.032138442521632
263,0.2325,-414.4923076923077,2.7808333333333333,4.073982737361282,68.41060419235512,756,149,8.832324533282785,222,4.198520345252774
264,0.2312,-481.3230769230769,3.1841666666666666,4.545018007202881,69.71548619447779,778,145,4.579723558397987,222,4.6818727490996395
265,0.2299,-566.1692307692308,3.7533333333333334,5.26,70.16235294117647,794,149,8.280392770685117,222,5.421176470588235
266,0.2286,-578.1538461538462,3.7975,5.4667472793228535,71.1124546553809,771,140,6.987763518655929,222,5.574365175332527
267,0.2274,-514.3076923076924,3.2708333333333335,4.933926302414231,71.0279542566709,745,138,6.563174511854742,222,5.0864040660736975
268,0.2261,-515.2153846153846,3.299166666666667,4.789281364190012,72.54202192448234,769,144,3.331246699882535,222,4.894031668696711
269,0.2249,-559.9538461538461,3.4616666666666664,4.975874547647768,71.0,770,142,6.815774733407477,222,5.071170084439083
270,0.2236,-523.1692307692308,3.450833333333333,4.709862385321101,69.88646788990826,810,148,6.21929202707166,222,4.848623853211009
271,0.2224,-551.4307692307692,3.465,5.124378109452737,72.14179104477611,761,137,4.942130377310576,222,5.258706467661692
272,0.2211,-518.8923076923077,3.245833333333333,4.805728518057285,69.44458281444582,755,138,4.1677283333127475,222,4.9389788293897885
273,0.2199,-579.8615384615384,3.7275,5.293906810035843,72.5005973715651,788,138,9.69062957534318,222,5.439665471923536
274,0.2187,-491.53846153846155,3.1625,4.634236453201971,72.31896551724138,777,139,7.4249957373636475,222,4.773399014778325
275,0.2175,-518.6461538461538,3.345,5.006297229219143,72.01007556675063,741,140,3.943005682620402,222,5.154911838790932
276,0.2163,-491.4307692307692,3.2283333333333335,4.638118214716526,71.18938480096502,774,146,3.2030266411105286,222,4.774427020506635
277,0.2151,-449.5230769230769,2.970833333333333,4.1248541423570595,68.65577596266044,801,148,4.546181285121885,222,4.248541423570595
278,0.2139,-559.9384615384615,3.7266666666666666,5.028280542986425,72.43212669683258,833,146,3.8116793322894544,222,5.1889140271493215
279,0.2127,-469.0615384615384,3.1625,4.965653896961691,70.7212681638045,706,142,9.808278511195464,222,5.112285336856011
280,0.2115,-546.7692307692307,3.6308333333333334,5.254257907542579,71.67153284671532,766,143,5.970242192529563,222,5.409975669099757
281,0.2104,-604.2923076923076,3.8158333333333334,5.070391061452514,71.38659217877095,854,140,12.767252025523236,222,5.203351955307262
282,0.2092,-499.4923076923077,3.4325,4.6169491525423725,69.31751412429378,826,148,4.924648865453075,222,4.761851015801354
283,0.208,-468.5538461538462,3.2075,4.451048951048951,72.73543123543124,797,147,5.389413677424788,222,4.617715617715618
284,0.2069,-622.0307692307692,3.9,5.832914572864322,73.22110552763819,742,134,9.745630072649298,222,5.958542713567839
285,0.2058,-516.676923076923,3.341666666666667,4.7685851318944845,72.15827338129496,784,137,6.012007614023047,222,4.894484412470024
286,0.2046,-488.9846153846154,3.1616666666666666,4.673291925465839,71.82857142857142,764,138,4.496845837849454,222,4.805210918114144
287,0.2035,-524.3230769230769,3.545,4.893518518518518,72.05787037037037,814,147,3.8734279059433656,222,5.045138888888889
288,0.2024,-420.69230769230774,2.8175,4.260204081632653,69.61479591836735,735,140,6.3313247343585894,222,4.389030612244898
289,0.2012,-478.6769230769231,3.1441666666666666,4.67375,68.94125,741,141,4.653181777707723,222,4.795
290,0.2001,-510.01538461538456,3.465,4.831184056271981,71.96131301289566,802,146,5.077956860030547,222,5.0
291,0.199,-465.58461538461535,2.9833333333333334,4.31265206812652,70.4963503649635,779,142,5.81200394784396,222,4.440389294403893
292,0.1979,-515.3230769230769,3.4291666666666667,4.818181818181818,71.57615112160566,806,143,4.3184460642083,222,4.932703659976387
293,0.1968,-585.4,3.9758333333333336,5.6263345195729535,74.32621589561091,784,149,3.995852170099153,222,5.763938315539739
294,0.1957,-496.44615384615383,3.275,4.539719626168225,70.18107476635514,794,148,6.34699173454371,222,4.697429906542056
295,0.1946,-441.20000000000005,3.0141666666666667,4.286570743405276,71.42446043165468,772,155,3.5036196847577887,222,4.404076738609112
296,0.1936,-603.7846153846154,3.9133333333333336,5.61566265060241,73.74939759036144,770,136,5.364698991533769,222,5.773493975903614
297,0.1925,-499.9384615384615,3.405,5.084170854271357,70.92587939698493,751,149,6.249808573705087,222,5.203517587939698
298,0.1914,-489.04615384615386,3.3341666666666665,4.70344009489917,70.52075919335705,785,148,4.14139118022732,222,4.854092526690391
299,0.1904,-516.9846153846154,3.3725,4.775800711743773,70.4638196915777,787,140,7.808921532145445,222,4.911032028469751
300,0.1893,-471.87692307692305,3.28,4.461714285714286,69.97485714285715,819,149,4.01537351977427,222,4.586285714285714
301,0.1883,-491.12307692307695,3.515833333333333,4.882284382284382,71.81118881118881,808,149,5.038567406115246,222,5.011641443538998
302,0.1872,-479.4153846153846,3.085,4.514145141451414,71.9409594095941,772,140,4.110450604121815,222,4.64987714987715
303,0.1862,-544.123076923077,3.7466666666666666,5.220536756126021,71.67211201866978,803,148,6.117453028943771,222,5.343057176196033
304,0.1852,-593.6,3.7291666666666665,5.240566037735849,72.94103773584905,800,140,6.420515750633924,222,5.392688679245283
305,0.1841,-431.89230769230767,3.0725,4.405078597339783,70.85973397823459,776,154,4.971640070608028,222,4.552599758162032
306,0.1831,-493.4923076923077,3.4158333333333335,4.795508274231678,71.68203309692672,793,147,7.304874799203157,222,4.946808510638298
307,0.1821,-522.7846153846153,3.5366666666666666,5.192118226600985,71.79310344827586,766,147,6.547725765172415,222,5.355911330049261
308,0.1811,-511.0615384615385,3.4716666666666667,4.901542111506524,71.23131672597864,796,147,7.8850825985108015,222,5.0355871886121
309,0.1801,-608.3846153846155,3.9091666666666667,5.595180722891566,72.12650602409639,777,138,8.754350492127216,222,5.716867469879518
310,0.1791,-483.83076923076925,3.1275,4.2781609195402295,71.72298850574713,811,141,7.98930599498574,222,4.408045977011494
311,0.1781,-512.0307692307692,3.236666666666667,4.616586538461538,71.54447115384616,772,137,8.51305408027953,222,4.759615384615385
312,0.1771,-635.3692307692307,4.065833333333333,5.232181425485961,71.30453563714903,867,140,4.043301846800011,222,5.40280777537797
313,0.1762,-539.7846153846153,3.465,5.070197044334975,72.1243842364532,760,154,9.93304543123546,222,5.243542435424354
314,0.1752,-467.0153846153846,2.9883333333333333,4.34841075794621,68.71393643031784,766,143,6.008915818209508,222,4.481662591687042
315,0.1742,-481.0153846153846,3.254166666666667,4.530444964871195,71.38524590163935,784,150,3.4482302189020526,222,4.642857142857143
316,0.1732,-579.9230769230769,3.6733333333333333,5.17612293144208,71.00709219858156,788,142,8.1386676153542,222,5.3108747044917255
317,0.1723,-446.84615384615387,3.0083333333333333,4.448447204968944,70.64472049689441,753,146,10.406591310447133,223,4.587577639751553
318,0.1713,-578.3076923076924,3.5608333333333335,5.055952380952381,71.50238095238095,788,133,6.040057575812351,223,5.222354340071344
319,0.1704,-554.5692307692307,3.566666666666667,5.027251184834123,71.31161137440758,800,143,6.918872371153605,223,5.186018957345971
320,0.1694,-552.3538461538462,3.723333333333333,5.12962962962963,72.04050925925925,810,150,4.938844776456869,223,5.263583815028902
321,0.1685,-517.9538461538461,3.255,4.687651331719128,71.8135593220339,784,138,5.132305749898716,223,4.803874092009686
322,0.1676,-529.6307692307693,3.5791666666666666,4.859749144811858,71.7400228050171,839,147,9.677630153241903,224,4.988597491448118
323,0.1666,-562.8153846153846,3.7708333333333335,5.43409915356711,74.50785973397824,778,142,8.775140575538193,224,5.590084643288996
324,0.1657,-507.00000000000006,3.235,4.606205250596659,70.76491646778042,784,145,4.860628582918688,224,4.725536992840095
325,0.1648,-457.6,3.1558333333333333,4.560679611650485,68.90898058252426,780,146,4.0654371062163595,224,4.716019417475728
326,0.1639,-537.1692307692308,3.385,4.919512195121952,72.78780487804877,772,137,4.572650115522956,224,5.047560975609756
327,0.163,-504.55384615384617,3.2016666666666667,4.550119331742243,71.18377088305489,793,138,4.24449480816598,224,4.693317422434368
328,0.1621,-501.79999999999995,3.26,4.829177057356609,70.2356608478803,749,142,6.813386413827363,224,4.983790523690773
329,0.1612,-561.2923076923078,3.53,5.185185185185185,70.01604938271605,753,133,5.552439842950125,224,5.2996300863131935
330,0.1603,-575.8461538461539,3.6908333333333334,5.21547619047619,72.92619047619047,788,142,3.1894198916657506,224,5.383333333333334
331,0.1594,-502.66153846153844,3.171666666666667,4.660493827160494,71.30987654320988,764,138,6.278206163081965,224,4.824691358024691
332,0.1585,-560.6461538461538,3.401666666666667,4.777385159010601,72.81861012956419,794,131,5.724177498067345,224,4.917550058892815
333,0.1577,-422.12307692307695,2.7666666666666666,4.090796019900497,69.74004975124379,740,147,3.6125710766200014,224,4.230099502487562
334,0.1568,-531.8923076923077,3.3875,4.828947368421052,71.1590909090909,781,138,5.191912669353029,224,4.973684210526316
335,0.1559,-409.72307692307686,2.7725,3.9674698795180725,70.6722891566265,783,150,5.819941548883693,224,4.102409638554217
336,0.155,-465.2307692307692,3.0725,4.436893203883495,70.1881067961165,777,136,3.988938201995903,224,4.571601941747573
337,0.1542,-476.5384615384616,3.0083333333333333,4.391891891891892,69.89557739557739,750,138,5.1677541145332615,224,4.523341523341523
338,0.1533,-446.59999999999997,2.995,4.520965692503177,70.47649301143584,745,148,4.118915978155693,224,4.614993646759848
339,0.1525,-488.50769230769225,3.191666666666667,4.55515587529976,70.56714628297362,789,143,4.512038308529457,224,4.690647482014389
340,0.1516,-455.5846153846154,2.9691666666666667,4.182464454976303,71.00118483412322,788,142,3.0816098245233596,224,4.3045023696682465
341,0.1508,-520.6615384615384,3.33,4.646370023419204,70.85480093676814,795,141,4.8907486174054355,224,4.821052631578947
342,0.15,-584.0307692307692,3.675,4.901234567901234,70.6408529741863,834,138,5.059270186932803,224,5.054994388327722
343,0.1491,-463.67692307692306,3.0341666666666667,4.341346153846154,69.96514423076923,786,146,2.8443949157132913,224,4.461538461538462
344,0.1483,-506.6769230769231,3.435,4.764294049008168,70.93932322053675,792,152,4.539302229828968,224,4.900932400932401
345,0.1475,-410.61538461538464,2.8733333333333335,3.9663182346109176,69.21254355400697,821,152,5.168109832053953,224,4.130081300813008
346,0.1467,-396.3538461538461,2.6333333333333333,4.07421875,68.58072916666667,721,144,5.088256022222178,224,4.196614583333333
347,0.1459,-466.21538461538455,3.0816666666666666,4.441212121212121,72.52,777,148,3.841403399185979,225,4.59030303030303
348,0.1451,-470.0153846153846,2.97,4.420525657071339,70.75969962453067,759,134,6.466208766999387,225,4.541927409261577
349,0.1443,-499.29230769230776,3.433333333333333,4.675428571428571,70.13142857142857,824,153,3.7890474267177465,225,4.822857142857143
350,0.1435,-484.2615384615385,3.135,4.57002457002457,71.74078624078624,765,136,4.165409771844833,225,4.694103194103194
351,0.1427,-501.86153846153843,3.1758333333333333,4.65190651906519,71.5879458794588,768,134,5.236522209796196,225,4.785977859778598
352,0.1419,-500.03076923076924,3.3275,4.657647058823529,72.16588235294118,804,146,3.8687180244151023,225,4.791764705882353
353,0.1411,-465.46153846153845,3.255,4.487238979118329,71.4199535962877,819,148,5.724578508844871,225,4.631090487238979
354,0.1403,-479.5692307692308,3.2216666666666667,4.494712103407756,69.97297297297297,792,144,4.5157403055693175,225,4.643948296122209
355,0.1395,-432.4923076923077,2.8775,4.124246079613993,70.50422195416164,780,147,3.7699892582744163,225,4.243373493975904
356,0.1388,-385.86153846153843,2.6625,3.789473684210526,68.48086124401914,777,154,5.761193236556299,225,3.915071770334928
357,0.138,-488.8461538461538,3.2291666666666665,4.682481751824818,71.77615571776155,776,144,3.2475970620950565,225,4.802919708029197
358,0.1372,-550.0307692307692,3.5825,4.954703832752613,68.9732868757259,802,139,8.536237386406961,225,5.1055684454756385
359,0.1365,-490.03076923076924,3.2191666666666667,4.768656716417911,69.91915422885572,752,142,3.429546163635382,225,4.896894409937889
360,0.1357,-480.87692307692305,3.234166666666667,4.480746791131855,70.34772462077012,808,144,9.65406359821504,225,4.61610268378063
361,0.135,-470.13846153846157,3.1466666666666665,4.453571428571428,71.91190476190476,787,145,4.886074007687794,225,4.585714285714285
362,0.1342,-460.29230769230765,3.2525,4.534583821805393,70.8229777256741,794,152,4.050114963651667,225,4.672919109026964
363,0.1335,-476.5692307692308,3.328333333333333,4.693950177935943,71.20996441281139,792,156,3.4488309393130603,225,4.846975088967971
364,0.1327,-515.9230769230769,3.345,4.524404086265608,70.92281498297389,826,136,4.9244481509112354,225,4.715096481271282
365,0.132,-495.5384615384615,3.23,4.693154034229829,69.7885085574572,777,144,3.417706023779551,225,4.82640586797066
366,0.1313,-449.8153846153846,2.9141666666666666,4.145584725536993,70.18019093078759,783,148,6.856205024348366,225,4.276849642004773
367,0.1306,-469.9076923076923,2.9558333333333335,4.16193853427896,71.27186761229315,793,138,4.986243264003935,225,4.314420803782506
368,0.1298,-436.6615384615384,2.9925,4.200945626477542,71.47399527186761,798,146,3.2145543325353714,225,4.347517730496454
369,0.1291,-480.723076923077,3.1241666666666665,4.454436450839329,70.7589928057554,789,141,3.507648216074093,225,4.592326139088729
370,0.1284,-424.2461538461539,2.816666666666667,4.058181818181819,71.31393939393939,778,148,3.221097050581126,225,4.216969696969697
371,0.1277,-482.9384615384615,3.0775,4.486519607843137,70.12622549019608,758,141,5.719580081956089,225,4.602941176470588
372,0.127,-464.80000000000007,3.2025,4.584134615384615,72.0673076923077,792,151,3.3825173320882707,225,4.721153846153846
373,0.1263,-460.18461538461537,3.118333333333333,4.187570621468926,69.61468926553673,827,144,4.789669761085467,225,4.31638418079096
374,0.1256,-460.1846153846154,3.0408333333333335,4.339328537170264,70.2589928057554,775,146,3.093793097204479,225,4.483213429256595
375,0.1249,-390.55384615384617,2.635,3.844362745098039,69.63970588235294,759,149,4.320771606788294,225,3.9791666666666665
376,0.1242,-454.8923076923077,3.129166666666667,4.47065868263473,71.58682634730539,773,144,7.6213122098952875,225,4.631137724550898
377,0.1235,-428.87692307692305,2.888333333333333,3.980278422273782,70.71113689095128,822,157,3.951342078835112,225,4.099767981438515
378,0.1228,-499.8923076923077,3.464166666666667,4.844888366627497,69.76733254994124,799,150,4.339934485756094,225,4.972972972972973
379,0.1221,-462.89230769230767,3.109166666666667,4.482424242424242,72.03272727272727,778,144,4.898041380329992,225,4.615757575757576
380,0.1215,-448.04615384615386,2.808333333333333,4.0870098039215685,68.31004901960785,760,135,4.900091470184226,225,4.207107843137255
381,0.1208,-476.70769230769235,3.138333333333333,4.414893617021277,71.06855791962175,791,145,3.623650581164917,225,4.5626477541371155
382,0.1201,-424.81538461538463,2.975,4.334152334152334,70.16584766584766,758,147,2.934479197171605,225,4.469287469287469
383,0.1195,-521.2307692307693,3.465,5.062653562653563,72.52948402948402,762,137,4.116160199695756,225,5.175675675675675
384,0.1188,-430.7846153846154,3.0525,4.427350427350428,69.67399267399267,756,150,2.3798958284948286,225,4.562881562881563
385,0.1181,-500.12307692307695,3.3533333333333335,4.677985948477752,69.91217798594847,804,141,4.293048131122953,225,4.793911007025761
386,0.1175,-556.9538461538461,3.671666666666667,5.120892018779343,73.16784037558685,800,133,5.329977202103533,225,5.258215962441315
387,0.1168,-523.2923076923078,3.2533333333333334,4.653061224489796,72.36734693877551,787,135,4.276316355942635,225,4.791116446578632
388,0.1162,-493.5230769230769,3.1366666666666667,4.5108958837772395,70.9225181598063,770,138,4.600042952132205,225,4.667472793228537
389,0.1156,-412.1230769230769,2.765,4.11375,70.35375,748,142,4.4410243538213505,225,4.2525
390,0.1149,-442.3076923076924,3.2225,4.736386138613861,70.0049504950495,765,160,3.621566462472457,225,4.873762376237623
391,0.1143,-484.8769230769231,3.18,4.345977011494253,71.35402298850575,810,148,3.059035373223346,225,4.491954022988506
392,0.1136,-481.6153846153846,3.355,4.667056074766355,70.54672897196262,797,156,2.6225787212994547,225,4.787383177570093
393,0.113,-419.9076923076923,2.9383333333333335,4.193045563549161,69.73501199040767,783,149,5.979237601978727,225,4.330935251798561
394,0.1124,-487.9076923076923,3.2533333333333334,4.5011600928074245,70.40487238979118,808,147,3.2975366961310497,225,4.6558516801854
395,0.1118,-528.4307692307692,3.3741666666666665,4.831325301204819,70.88795180722892,782,135,2.9845255597594136,225,4.9795180722891565
396,0.1112,-480.89230769230767,3.14,4.58159509202454,69.39263803680981,769,140,3.791760785338057,225,4.6920245398773
397,0.1105,-423.5076923076923,2.9691666666666667,4.120186697782964,67.91131855309219,814,153,3.2425796101822186,225,4.280046674445741
398,0.1099,-446.0615384615385,3.035,4.506866416978776,70.81523096129838,760,146,6.019639770824651,225,4.627965043695381
399,0.1093,-386.61538461538464,2.7066666666666666,3.977777777777778,69.01604938271605,763,149,3.12777691300545,225,4.112345679012345
400,0.1087,-364.3230769230769,2.4466666666666668,3.5867158671586714,70.79212792127922,766,146,3.451330436828949,225,3.6912669126691267
401,0.1081,-380.4923076923077,2.591666666666667,3.703125,68.55889423076923,780,150,2.920716390576395,225,3.8389423076923075
402,0.1075,-431.2461538461539,3.091666666666667,4.375,70.73928571428571,780,154,4.080940798077804,225,4.519047619047619
403,0.1069,-429.04615384615386,2.986666666666667,4.223543400713436,70.85612366230677,796,151,3.5660541242460453,225,4.381688466111772
404,0.1063,-472.03076923076924,3.2191666666666667,4.412240184757506,70.4919168591224,812,145,4.698911509213763,225,4.555427251732102
405,0.1057,-440.89230769230767,3.0025,4.2176470588235295,70.2129411764706,802,150,3.9445210497463177,225,4.355294117647059
406,0.1052,-400.1384615384615,2.825833333333333,3.931155192532089,69.63010501750291,798,153,2.6681273222004593,225,4.079346557759626
407,0.1046,-376.4153846153846,2.5683333333333334,3.6186540731995276,69.95749704840614,804,148,7.0054668571042225,225,3.768595041322314
408,0.104,-436.276923076923,3.058333333333333,4.43727161997564,70.4531059683313,766,154,2.839397286665838,225,4.5785627283800245
409,0.1034,-358.95384615384614,2.5716666666666668,3.7607361963190185,69.31411042944785,752,163,3.7911099372056034,225,3.892024539877301
410,0.1028,-435.5076923076923,3.0733333333333333,4.174458380843785,70.28164196123147,823,155,2.883188821413905,225,4.331812998859749
411,0.1023,-485.16923076923075,3.2608333333333333,4.424657534246576,70.49771689497717,828,141,3.035570369595477,225,4.558219178082192
412,0.1017,-395.75384615384615,2.7708333333333335,4.012135922330097,70.03155339805825,768,152,4.62986552584015,226,4.138014527845036
413,0.1011,-407.01538461538456,2.839166666666667,3.882758620689655,69.18505747126437,822,150,4.4775526871493865,226,4.010344827586207
414,0.1006,-436.23076923076917,3.09,4.365795724465558,71.1793349168646,779,151,2.9520020795797053,226,4.495249406175772
415,0.1,-456.79999999999995,3.2316666666666665,4.5,71.21261682242991,812,150,2.9031153841624358,226,4.639018691588785
416,0.0995,-422.87692307692305,2.8991666666666664,3.989607390300231,69.96651270207852,812,150,5.249303505528725,226,4.153402537485582
417,0.0989,-458.19999999999993,3.1325,4.553789731051345,70.42298288508557,754,144,5.355642366665161,226,4.734718826405868
418,0.0984,-443.1846153846154,3.0733333333333333,4.280701754385965,70.08771929824562,803,147,2.4221577690717044,226,4.39766081871345
419,0.0978,-413.1230769230769,2.93,4.139120095124851,70.3935790725327,792,152,4.812120209743241,226,4.2782401902497025
420,0.0973,-444.4307692307692,3.0016666666666665,4.2601431980906925,69.91527446300717,784,141,4.657194028773137,226,4.400954653937948
421,0.0968,-452.26153846153846,3.2258333333333336,4.384,69.69142857142857,822,153,4.179937279322951,226,4.515428571428571
422,0.0962,-410.0769230769231,2.8091666666666666,4.246505717916137,70.69250317662008,741,147,3.1275256726066294,226,4.388818297331639
423,0.0957,-500.18461538461537,3.316666666666667,4.868974042027194,69.80964153275649,759,142,3.045368101460931,226,4.985166872682324
424,0.0952,-485.89230769230767,3.265,4.639618138424821,71.42601431980907,796,139,3.7750390014364665,226,4.7673031026252985
425,0.0946,-418.0461538461539,3.02,4.337756332931242,69.59710494571773,784,153,3.368953002744962,226,4.464414957780458
426,0.0941,-434.0153846153846,3.0966666666666667,4.242528735632184,70.27471264367816,804,151,2.6182310386302032,226,4.367816091954023
427,0.0936,-506.00000000000006,3.4141666666666666,4.937956204379562,72.15085158150852,783,146,6.5972984886101225,226,5.097323600973236
428,0.0931,-480.0153846153846,3.0058333333333334,4.3108433734939755,71.26867469879518,788,140,4.01690043087964,226,4.445783132530121
429,0.0926,-451.89230769230767,2.875,4.130120481927711,70.02289156626506,783,142,6.7241730864126685,226,4.271084337349397
430,0.092,-501.9076923076923,3.2333333333333334,4.798004987531172,71.56109725685785,748,140,4.820548794056705,226,4.93640897755611
431,0.0915,-421.0153846153846,2.7291666666666665,4.264473684210526,71.53026315789474,723,137,5.025122460640632,226,4.382894736842105
432,0.091,-473.0,3.1175,4.553374233128834,71.4638036809816,760,144,4.278414938300566,226,4.721472392638037
433,0.0905,-483.70769230769235,3.24,4.498834498834499,71.44172494172494,803,141,3.2240235669423343,226,4.63986013986014
434,0.09,-488.4307692307692,3.29,4.523094688221709,70.3094688221709,804,147,3.85037214594465,226,4.690531177829099
435,0.0895,-500.1230769230769,3.2683333333333335,4.650717703349282,70.83492822966507,790,137,3.4495604274747786,226,4.80023923444976
436,0.089,-378.4,2.7,4.063371356147021,69.51077313054499,738,154,3.525489002660972,226,4.198986058301648
437,0.0885,-512.2307692307692,3.5925,4.9894982497082845,70.50525087514586,792,148,4.9641383289668415,226,5.129521586931155
438,0.088,-458.723076923077,3.2091666666666665,4.61864406779661,69.23849878934625,779,149,3.0603569377265303,226,4.749394673123486
439,0.0876,-412.13846153846157,2.8808333333333334,4.345569620253165,72.05443037974683,735,148,2.9153231827771107,226,4.468354430379747
440,0.0871,-441.2153846153846,3.135,4.446833930704899,71.00597371565114,783,152,6.583125186477275,226,4.583034647550776
441,0.0866,-503.2153846153846,3.2508333333333335,4.764778325123153,71.22906403940887,756,141,4.915550704902812,226,4.899014778325123
442,0.0861,-468.32307692307694,3.2191666666666667,4.562574493444576,71.61859356376638,788,138,4.5222713007126085,226,4.6901072705601905
443,0.0856,-499.7846153846154,3.2041666666666666,4.577430972388956,71.015606242497,788,136,4.197118926133699,226,4.720288115246098
444,0.0852,-465.0,3.1558333333333333,4.637824474660074,68.86773794808406,768,149,6.680342313658151,226,4.772558714462299
445,0.0847,-424.1538461538462,2.9358333333333335,4.232445520581114,71.94188861985472,778,144,2.7267962008732964,226,4.372430471584039
446,0.0842,-491.3230769230768,3.325833333333333,4.587485515643105,73.36732329084589,826,144,3.8791245493612623,226,4.718424101969872
447,0.0838,-441.03076923076924,3.180833333333333,4.584745762711864,70.79176755447942,771,156,3.4088462411534444,226,4.728813559322034
448,0.0833,-423.0153846153846,2.885,4.134057971014493,69.8768115942029,767,144,3.4720626006815407,226,4.27536231884058
449,0.0828,-427.0615384615385,3.0216666666666665,4.070135746606335,70.28167420814479,836,153,3.431127908038212,226,4.214932126696833
450,0.0824,-400.30769230769226,2.8275,4.093446601941747,70.99393203883496,785,152,2.4116897583872756,226,4.241504854368932
451,0.0819,-413.1692307692308,2.9275,4.24330900243309,68.92457420924575,764,147,3.9585830149558388,226,4.386861313868613
452,0.0815,-439.72307692307686,3.1775,4.335246842709529,69.31458094144661,828,152,2.922130590259297,226,4.477611940298507
453,0.081,-469.7384615384615,3.2,4.508875739644971,71.26153846153846,793,146,3.553467967231052,226,4.688757396449704
454,0.0806,-445.07692307692315,3.095833333333333,4.401433691756273,70.40501792114695,784,143,7.150131686464187,226,4.531660692951015
455,0.0801,-474.86153846153843,3.256666666666667,4.565371024734982,69.98233215547704,793,149,3.2664960101592166,226,4.695294117647059
456,0.0797,-466.4,3.1,4.5306372549019605,71.8578431372549,767,139,6.877472292534717,226,4.661764705882353
457,0.0792,-421.5846153846154,2.9341666666666666,4.288697788697789,70.14742014742015,760,147,3.2032434036922264,226,4.391891891891892
458,0.0788,-467.7076923076923,3.1375,4.431629013079667,70.94768133174792,791,144,5.7105916123171845,226,4.5505350772889415
459,0.0784,-394.2307692307692,2.783333333333333,4.07002457002457,69.36363636363636,760,150,4.125626325180044,226,4.2137592137592135
460,0.0779,-419.2,2.8841666666666668,4.181929181929182,69.40903540903541,755,147,3.2431973075274816,226,4.332112332112332
461,0.0775,-402.5076923076923,2.845833333333333,4.211706102117061,70.75965130759651,758,154,3.250512850391828,226,4.358208955223881
462,0.0771,-386.81538461538463,2.7866666666666666,4.231162196679438,68.49297573435504,738,154,5.310823770017331,227,4.346104725415071
463,0.0766,-402.1692307692308,2.925,4.286066584463625,70.38347718865597,757,154,2.64562953930142,227,4.418002466091245
464,0.0762,-448.26153846153846,3.1658333333333335,4.477380952380952,72.33571428571429,790,152,3.870113350904528,227,4.6380952380952385
465,0.0758,-382.16923076923075,2.7308333333333334,3.8923444976076556,70.01196172248804,791,152,3.21313353861665,227,4.043062200956938
466,0.0754,-448.26153846153846,3.3141666666666665,4.753012048192771,70.20361445783132,779,151,3.2363488677656553,227,4.890361445783133
467,0.075,-392.0923076923077,2.7283333333333335,3.995067817509248,70.24907521578298,750,151,3.405761272130846,227,4.1282367447595565
468,0.0745,-415.89230769230767,2.904166666666667,4.114285714285714,70.97857142857143,788,146,3.355835123125703,227,4.2630952380952385
469,0.0741,-437.1692307692308,3.078333333333333,4.244779582366589,70.65893271461717,815,146,2.5597274836738806,227,4.377752027809965
470,0.0737,-458.10769230769233,3.17,4.458087367178276,70.34946871310508,794,150,5.967983268804786,227,4.569067296340023
471,0.0733,-448.8615384615385,3.1066666666666665,4.4667472793228535,70.17170495767836,780,152,3.235538558829432,227,4.593712212817413
472,0.0729,-522.4153846153846,3.3333333333333335,4.706161137440758,70.13270142180095,785,135,3.039631561946165,227,4.842417061611374
473,0.0725,-519.4153846153846,3.4583333333333335,4.947115384615385,70.30528846153847,771,147,3.4337561625350213,227,5.116586538461538
474,0.0721,-444.2,3.025,4.505632040050062,70.25531914893617,746,152,5.864010888033386,227,4.639549436795995
475,0.0717,-380.2153846153846,2.654166666666667,3.7461447212336894,70.33926453143535,792,154,2.8095969947126687,227,3.889679715302491
476,0.0713,-426.4307692307692,3.0591666666666666,4.2459207459207455,70.25757575757575,808,154,6.175472449340339,227,4.424242424242424
477,0.0709,-455.36923076923074,3.1825,4.410672853828307,70.79234338747099,804,152,2.893169876624465,227,4.556844547563805
478,0.0705,-434.79999999999995,3.0525,4.1810841983852365,69.60207612456747,810,152,3.3611026812048146,228,4.343713956170704
479,0.0701,-475.0,3.158333333333333,4.466111771700357,68.84185493460167,787,139,3.3558271565239943,228,4.593341260404281
480,0.0697,-407.5692307692308,2.8075,4.038740920096853,69.75181598062954,785,145,3.354608021777473,228,4.168280871670702
481,0.0694,-391.86153846153843,2.7183333333333333,4.097839898348157,69.13468869123253,736,147,2.9957551219109413,228,4.245235069885641
482,0.069,-518.6153846153848,3.45,4.802107728337236,70.22482435597189,805,142,4.259645619118798,228,4.9496487119437935
483,0.0686,-499.7846153846154,3.3041666666666667,4.591598599766628,70.6534422403734,800,136,5.811454248087831,228,4.711785297549592
484,0.0682,-472.13846153846157,3.0375,4.606641123882503,70.87228607918263,740,131,3.3992766009614135,228,4.7203065134099615
485,0.0678,-496.86153846153843,3.3266666666666667,4.811435523114355,72.65085158150852,768,142,3.368008621413742,228,4.9416058394160585
486,0.0675,-533.5384615384615,3.5166666666666666,4.9964200477326965,72.78520286396181,788,138,3.2717112127489463,228,5.146778042959427
487,0.0671,-416.55384615384617,2.7883333333333336,3.9511323003575685,70.08224076281287,792,142,5.76740244198841,228,4.098927294398093
488,0.0667,-470.6153846153846,3.0575,4.462576687116565,70.49815950920245,759,136,5.430112289826339,228,4.580368098159509
489,0.0664,-412.6923076923076,2.7525,3.895113230035757,70.17520858164481,776,146,3.159545218158008,228,4.076190476190476
490,0.066,-461.84615384615387,3.1433333333333335,4.4606205250596656,70.95942720763723,786,142,3.394813834372351,228,4.564439140811456
491,0.0656,-447.07692307692315,3.095,4.420168067226891,69.50900360144058,786,143,3.306392811871438,228,4.555822328931573
492,0.0653,-422.01538461538456,2.6966666666666668,3.913308913308913,70.12087912087912,772,143,2.2891477771898767,228,4.058608058608058
493,0.0649,-489.1538461538462,3.1333333333333333,4.375586854460094,70.56455399061034,796,137,3.0722185531225206,228,4.541079812206573
494,0.0645,-500.9230769230769,3.1625,4.725786163522012,69.8188679245283,752,135,2.315300966101279,228,4.871698113207547
495,0.0642,-405.79999999999995,2.7575,4.158428390367554,69.87832699619771,736,142,3.5218621894349265,228,4.276299112801014
496,0.0638,-444.5846153846154,3.0658333333333334,4.374549819927971,70.09363745498199,777,150,3.1099065674549857,228,4.503001200480192
497,0.0635,-424.61538461538464,2.73,4.153846153846154,70.33333333333333,738,133,3.2763604614277635,228,4.279487179487179
498,0.0631,-451.5076923076923,3.005,4.177570093457944,68.58878504672897,807,145,3.302219960629205,228,4.299065420560748
499,0.0628,-439.8307692307692,2.8958333333333335,4.096199524940618,69.32779097387173,792,138,5.617769560655376,228,4.244655581947743
500,0.0624,-425.9230769230769,2.9266666666666667,4.048951048951049,69.92540792540792,797,143,3.009005602095117,228,4.18997668997669
501,0.0621,-472.07692307692315,3.1791666666666667,4.4774881516587675,71.3175355450237,790,138,3.0227304220732982,228,4.625592417061611
502,0.0617,-426.24615384615385,2.6908333333333334,3.917791411042945,70.3361963190184,767,133,3.154610462219451,228,4.038036809815951
503,0.0614,-461.6,3.0733333333333333,4.232638888888889,69.52662037037037,809,140,2.755297968541251,228,4.371527777777778
504,0.0611,-448.2615384615384,2.9691666666666667,4.421777221526908,70.79224030037547,752,138,3.7640162593608224,228,4.564455569461828
505,0.0607,-442.36923076923074,2.92,4.157074340527578,70.70503597122303,788,136,3.432626678573386,228,4.280575539568345
506,0.0604,-507.8153846153846,3.2825,4.559579439252336,71.97429906542057,808,143,3.812278729803656,228,4.718457943925234
507,0.06,-458.2307692307692,2.9066666666666667,4.088547815820543,69.66469893742621,793,136,2.9033026862989026,228,4.21133412042503
508,0.0597,-491.53846153846155,3.13,4.507878787878788,70.19393939393939,765,139,2.579392364173017,228,4.658181818181818
509,0.0594,-472.24615384615385,2.995,4.314769975786925,70.09685230024213,781,134,2.6934274215164917,228,4.440677966101695
510,0.0591,-508.6461538461538,3.1708333333333334,4.561743341404358,70.83777239709443,774,133,3.182231294978507,228,4.677966101694915
511,0.0587,-564.2153846153847,3.5991666666666666,4.869466515323496,72.40635641316686,823,133,3.2100834673340723,228,5.024971623155505
512,0.0584,-372.90769230769234,2.6241666666666665,3.7154761904761906,68.08928571428571,778,157,2.355509664206261,228,3.857142857142857
513,0.0581,-423.9230769230769,2.870833333333333,4.221534653465347,70.73638613861387,755,143,3.8652039218665157,228,4.353960396039604
514,0.0578,-462.1692307692308,2.9941666666666666,4.508860759493671,72.09873417721519,746,144,2.7849855858898005,228,4.643037974683544
515,0.0574,-408.2615384615385,2.7891666666666666,3.95,70.04047619047618,787,143,4.465784217302356,228,4.098809523809524
516,0.0571,-383.4923076923077,2.6233333333333335,3.929471032745592,68.46851385390428,738,142,3.8755781984429145,228,4.030226700251889
517,0.0568,-429.1076923076923,3.0025,4.344660194174757,69.81067961165049,775,150,3.2053556344802416,228,4.484223300970874
518,0.0565,-475.07692307692304,3.2675,4.3359375,71.28348214285714,835,148,3.4495119636506573,228,4.4765625
519,0.0562,-474.6615384615385,3.11,4.366863905325443,71.08994082840236,793,141,2.5593026663986254,228,4.498224852071006
520,0.0559,-426.9230769230769,2.8433333333333333,4.100728155339806,71.63470873786407,778,136,5.079226566974372,228,4.25121359223301
521,0.0556,-389.75384615384615,2.7083333333333335,3.8040141676505312,70.19716646989374,795,150,2.5279370219713972,228,3.9681227863046047
522,0.0553,-434.5692307692308,2.8983333333333334,4.144230769230769,72.2451923076923,790,145,3.6621676453942404,228,4.289663461538462
523,0.0549,-474.95384615384614,3.125,4.356389214536929,71.53575615474794,809,141,3.054965352023285,228,4.507620164126612
524,0.0546,-413.6461538461539,2.84,3.9695193434935523,68.57209847596718,798,150,3.2298062157964336,228,4.089097303634232
525,0.0543,-383.87692307692305,2.6241666666666665,3.6958579881656806,70.48639053254438,789,154,3.364812239484053,228,3.8094674556213017
526,0.054,-423.5230769230769,2.9191666666666665,4.3080745341614906,69.90062111801242,762,140,4.6481600983258895,228,4.460869565217391
527,0.0537,-405.0,2.816666666666667,4.002389486260454,71.08721624850656,792,150,2.3054536649952846,228,4.126642771804062
528,0.0534,-417.29230769230765,2.9225,4.355081555834379,70.47427854454203,747,148,4.559880353554879,228,4.486825595984944
529,0.0531,-386.83076923076925,2.64,3.761676646706587,69.23353293413173,779,148,4.402137617781371,228,3.910179640718563
530,0.0529,-438.29230769230765,2.8341666666666665,4.187344913151365,71.348635235732,753,137,5.144787405325822,228,4.305210918114144
531,0.0526,-365.83076923076925,2.680833333333333,4.017610062893082,67.89685534591194,746,148,6.704017742542024,228,4.163522012578617
532,0.0523,-458.9846153846154,3.235,4.455491329479769,70.36531791907514,817,156,3.369769818864417,228,4.604624277456647
533,0.052,-378.36923076923074,2.6591666666666667,3.943820224719101,69.02496878901373,750,148,3.2373971814210245,228,4.078651685393258
534,0.0517,-419.9076923076923,2.984166666666667,4.039863325740319,71.21412300683372,814,156,3.1679108851731232,228,4.182232346241458
535,0.0514,-385.3538461538461,2.743333333333333,3.847697756788666,69.543093270366,797,153,2.5879702631484287,228,3.9669421487603307
536,0.0511,-457.10769230769233,3.1475,4.481437125748503,72.28622754491018,788,146,2.625237958908765,228,4.611976047904192
537,0.0508,-366.24615384615385,2.513333333333333,3.7343358395989976,69.54761904761905,742,146,2.7889130047928887,228,3.851063829787234
538,0.0506,-403.63076923076926,2.736666666666667,3.9926470588235294,70.625,767,148,3.6718719202547376,228,4.131127450980392
539,0.0503,-362.5692307692308,2.4691666666666667,3.649689440993789,68.35900621118013,754,152,2.4583726976625044,228,3.7987577639751553
540,0.05,-365.6923076923076,2.6025,3.716686674669868,67.51500600240097,787,149,5.506400054897847,228,3.8247298919567827
541,0.05,-368.03076923076924,2.6133333333333333,3.7554479418886197,70.11259079903148,772,148,3.9738696558453337,228,3.8849878934624695
542,0.05,-422.53846153846155,2.9758333333333336,4.0376282782212085,70.10376282782212,811,147,3.159148354798766,228,4.172177879133409
543,0.05,-441.8307692307692,3.095,4.390941597139451,71.29797377830751,799,146,5.994914195777312,228,4.5482717520858165
544,0.05,-445.6461538461538,2.9716666666666667,4.174940898345153,72.47635933806147,798,146,3.6921447928056588,228,4.333333333333333
545,0.05,-359.1846153846154,2.4391666666666665,3.6217228464419478,69.19725343320849,754,145,4.156701714063857,228,3.781795511221945
546,0.05,-477.12307692307695,3.235,4.401142857142857,71.84685714285715,820,142,4.773801198475207,228,4.545142857142857
547,0.05,-419.7846153846154,2.756666666666667,3.991473812423873,69.5919610231425,776,142,2.6346013699809814,228,4.138855054811206
548,0.05,-406.6461538461539,2.7383333333333333,4.198709677419354,72.12645161290322,729,139,6.321975820680128,228,4.345806451612903
549,0.05,-415.6153846153846,2.9925,4.145180023228804,70.99883855981417,812,156,3.012025635359774,228,4.290360046457607
550,0.05,-478.4615384615385,3.216666666666667,4.419838523644752,72.18800461361015,814,148,3.9582424906247025,228,4.565167243367935
551,0.05,-419.1384615384615,3.06,4.375750300120048,69.14765906362545,768,152,3.4376857753763788,228,4.475390156062425
552,0.05,-374.04615384615386,2.5858333333333334,3.714975845410628,68.36111111111111,782,148,2.58468267917188,228,3.861111111111111
553,0.05,-361.13846153846157,2.4591666666666665,3.6856060606060606,69.75757575757575,742,144,1.993565642502978,228,3.832070707070707
554,0.05,-394.53846153846155,2.685,3.9627329192546585,70.59254658385093,755,151,2.5053543218627605,228,4.103105590062111
555,0.05,-423.0769230769231,2.9366666666666665,4.109154929577465,69.37910798122066,795,146,2.47553568195966,228,4.210093896713615
556,0.05,-413.4923076923077,2.75,3.926770708283313,72.38415366146458,781,142,3.36902297239692,228,4.054021608643457
557,0.05,-357.6461538461539,2.5933333333333333,3.9652956298200515,69.33804627249357,737,146,3.293635200014895,228,4.0681233933161955
558,0.05,-461.53846153846155,3.171666666666667,4.336781609195402,70.46436781609195,819,146,3.2481962825919384,228,4.468965517241379
559,0.05,-435.723076923077,3.0475,4.1381278538812785,70.9771689497717,826,147,3.2042930174742783,228,4.286529680365297
560,0.05,-402.3384615384615,2.8733333333333335,4.20935960591133,71.80665024630542,773,148,4.163914840959495,228,4.332512315270936
561,0.05,-395.38461538461536,2.7475,3.9890243902439027,70.98780487804878,774,147,2.7931074701085605,228,4.170731707317073
562,0.05,-429.24615384615385,3.0608333333333335,4.332142857142857,70.58214285714286,786,158,2.9470260362756937,228,4.458333333333333
563,0.05,-384.5230769230769,2.7441666666666666,4.180537772087068,71.08322663252241,740,151,2.8723157156327077,228,4.302176696542894
564,0.05,-373.3384615384615,2.6,3.7627737226277373,68.38807785888078,765,152,2.354760605737927,228,3.8880778588807785
565,0.05,-402.16923076923075,2.7591666666666668,3.995127892813642,70.42265529841657,764,145,2.6011867590849844,228,4.15347137637028
566,0.05,-458.1538461538461,3.1041666666666665,4.343529411764706,70.60235294117648,796,145,2.291884156896735,228,4.476470588235294
567,0.05,-403.5692307692308,2.8291666666666666,4.057901085645356,70.77804583835947,777,149,2.985346596432309,228,4.1978287092882995
568,0.05,-424.61538461538464,3.03,4.49501246882793,71.00249376558604,737,151,3.393417509987698,228,4.639650872817955
569,0.05,-423.0615384615385,2.965,4.0159271899886235,71.6052332195677,829,148,2.7097706376310686,228,4.146757679180888
570,0.05,-401.3384615384615,2.7608333333333333,3.9914634146341466,69.04146341463415,783,147,2.7560624538585894,228,4.113414634146341
571,0.05,-412.9384615384615,2.92,4.036046511627907,68.65813953488372,802,151,3.896294808306123,228,4.170930232558139
572,0.05,-455.6615384615385,3.2508333333333335,4.498834498834499,71.32400932400932,806,152,2.468597146834253,228,4.642191142191142
573,0.05,-445.72307692307686,3.0808333333333335,4.275498241500586,68.41969519343493,792,146,2.389665402916025,228,4.413833528722157
574,0.05,-451.476923076923,3.151666666666667,4.624384236453202,69.85714285714286,760,147,3.067551396986574,228,4.735221674876847
575,0.05,-415.38461538461536,2.6841666666666666,4.007537688442211,69.87311557788945,743,139,2.595267806805159,228,4.130653266331659
576,0.05,-410.59999999999997,2.9225,4.128571428571429,69.78690476190476,790,150,3.2931848200331415,228,4.260714285714286
577,0.05,-474.3384615384615,3.220833333333333,4.647630619684082,71.15795868772783,783,138,3.4378613490181853,228,4.788578371810449
578,0.05,-485.3538461538461,3.1,4.470303030303031,70.70181818181818,781,135,3.748816146739644,228,4.619393939393939
579,0.05,-453.3384615384615,3.1391666666666667,4.526060606060606,72.02060606060606,769,148,2.526632747455434,228,4.641212121212122
580,0.05,-513.7846153846153,3.3783333333333334,4.888077858880779,71.71411192214111,777,141,4.987036512493213,228,5.059610705596107
581,0.05,-425.4769230769231,2.859166666666667,4.185960591133005,70.67857142857143,757,137,3.4889297648963793,228,4.323891625615763
582,0.05,-405.63076923076926,2.775,3.844988344988345,70.62937062937063,814,148,2.7217420654415445,228,3.988344988344988
583,0.05,-425.87692307692305,2.9791666666666665,4.054982817869416,69.18671248568155,812,153,4.729018303092661,228,4.1924398625429555
584,0.05,-454.1538461538462,3.1058333333333334,4.2702078521939955,71.42609699769054,818,141,2.7805510116460788,228,4.399538106235566
585,0.05,-500.4,3.3441666666666667,4.825030376670717,71.92345078979343,777,139,3.810173685998023,228,4.959902794653706
586,0.05,-409.0923076923077,2.83,4.323907455012853,69.94473007712082,734,148,4.2204408178628094,228,4.4524421593830334
587,0.05,-468.276923076923,3.200833333333333,4.353142857142857,72.576,827,147,3.684501830220045,228,4.502857142857143
588,0.05,-479.9384615384615,3.265833333333333,4.622619047619048,71.62738095238095,781,140,3.689118181933726,228,4.758333333333334
589,0.05,-379.7846153846154,2.6508333333333334,3.7446555819477436,67.87767220902613,787,150,2.7081847897262024,228,3.8776722090261284
590,0.05,-406.5692307692308,2.79,4.081180811808118,70.06642066420665,761,145,2.7726219040478357,228,4.202952029520295
591,0.05,-389.33846153846156,2.6616666666666666,3.9861635220125784,70.23018867924529,748,140,4.217630407653945,228,4.109433962264151
592,0.05,-464.2,3.004166666666667,4.281774580335731,70.8369304556355,775,136,2.575399401151112,228,4.4124700239808154
593,0.05,-440.2769230769231,3.0508333333333333,4.414841849148418,70.66666666666667,785,147,4.82853213028305,228,4.563791008505468
594,0.05,-406.5230769230769,2.7733333333333334,4.192111959287532,71.19720101781171,746,138,3.2519068803240967,228,4.312977099236641
595,0.05,-473.73846153846154,3.348333333333333,4.752983293556086,70.29952267303102,791,144,3.0411263341327843,228,4.871121718377088
596,0.05,-483.0153846153846,3.2675,4.6774969915764135,72.16004813477738,789,144,2.5319065906399802,228,4.805054151624549
597,0.05,-382.63076923076926,2.6441666666666666,3.752688172043011,69.04062126642772,798,148,2.136273448965041,228,3.8757467144563917
598,0.05,-347.21538461538466,2.6216666666666666,3.9655612244897958,68.34183673469387,729,157,2.199722290870375,228,4.100765306122449
599,0.05,-418.1230769230769,2.9091666666666667,4.134844868735083,71.17661097852029,783,140,3.7704343716042747,228,4.31145584725537
600,0.05,-373.8461538461538,2.5708333333333333,3.5556844547563804,69.83294663573086,802,152,3.4431854175227037,228,3.6960556844547563
601,0.05,-432.6769230769231,3.0883333333333334,4.109375,68.85044642857143,831,154,3.4735406713780486,228,4.258639910813824
602,0.05,-487.1384615384615,3.3075,4.50057273768614,70.59564719358534,827,140,8.174983259545874,228,4.632302405498282
603,0.05,-407.19999999999993,2.8241666666666667,4.192740926157697,67.84355444305382,747,146,4.472543435676634,228,4.3041301627033794
604,0.05,-403.6923076923076,2.8533333333333335,4.090470446320868,70.26417370325693,787,148,3.241594215878356,228,4.208685162846804
605,0.05,-413.9230769230769,3.0316666666666667,4.252358490566038,70.96462264150944,811,158,2.6806192360445036,228,4.370283018867925
606,0.05,-369.55384615384617,2.6616666666666666,3.7312206572769955,69.51877934272301,788,157,2.3128437249429754,228,3.89906103286385
607,0.05,-420.6461538461539,3.005,4.302884615384615,71.22475961538461,786,156,3.621847233842722,228,4.4170673076923075
608,0.05,-378.1846153846154,2.7983333333333333,3.837557603686636,69.38479262672811,827,161,2.796253332551361,228,4.003456221198157
609,0.05,-413.8461538461538,3.1175,4.385159010600707,70.61366313309776,803,160,3.2799230926419494,228,4.51472320376914
610,0.05,-435.6,3.02,4.354292623941959,71.27690447400242,791,148,4.647850857198156,228,4.49093107617896
611,0.05,-405.8307692307692,3.03,4.058492688413948,70.77502812148481,840,159,3.6277599655444144,228,4.224971878515186
612,0.05,-447.6923076923077,3.13,4.432142857142857,69.675,779,145,2.646787263663486,228,4.59047619047619
613,0.05,-447.83076923076925,3.2408333333333332,4.57957244655582,70.10570071258907,793,147,4.497862860408914,228,4.716152019002375
614,0.05,-480.46153846153845,3.2425,4.590963139120095,70.6884661117717,781,144,2.8295648244907614,228,4.720570749108204
615,0.05,-424.6461538461539,2.8408333333333333,4.101941747572815,70.71480582524272,779,141,3.2484985080926725,228,4.223300970873787
616,0.05,-414.10769230769233,2.9775,4.306196840826246,70.75212636695018,775,148,2.897469687394418,228,4.448359659781288
617,0.05,-446.7538461538461,2.9975,4.218934911242603,70.64378698224851,790,143,4.887355073656924,228,4.371597633136095
618,0.05,-465.1846153846154,3.165,4.493444576877235,69.89749702026222,790,143,7.952125240649781,228,4.637663885578069
619,0.05,-394.7692307692308,2.8158333333333334,4.230379746835443,70.01392405063291,745,144,3.86264262960967,228,4.3632911392405065
620,0.05,-479.0923076923077,3.265,4.883165829145729,72.28643216080403,740,140,3.053385951612848,228,5.016331658291457
621,0.05,-481.8153846153847,3.1125,4.522643818849449,72.19339045287637,761,129,5.3188868081984335,228,4.646266829865361
622,0.05,-448.87692307692305,3.165,4.527710843373494,69.96987951807229,776,146,2.6433998542048034,228,4.678313253012048
623,0.05,-473.9846153846154,3.2608333333333333,4.54406580493537,70.5111633372503,793,142,3.077131275901321,228,4.674500587544066
624,0.05,-414.10769230769233,2.8508333333333336,4.079518072289156,70.16987951807229,784,150,2.742660042970652,228,4.213253012048193
625,0.05,-404.73846153846154,2.9141666666666666,3.9589509692132268,67.6145952109464,826,153,3.3018259116761635,228,4.109464082098062
626,0.05,-475.13846153846157,3.285,4.6007067137809186,71.47114252061249,805,147,2.748303067270681,228,4.744405182567727
627,0.05,-455.9076923076923,3.174166666666667,4.5107398568019095,70.32577565632458,784,142,3.737154384876694,228,4.658711217183771
628,0.05,-344.5230769230769,2.5383333333333336,3.56,69.00588235294117,803,161,2.5843549764673117,228,3.6894117647058824
629,0.05,-371.4769230769231,2.8366666666666664,3.98698224852071,69.5905325443787,794,159,3.655982347782915,228,4.164497041420119
630,0.05,-356.0461538461538,2.475,3.6382716049382715,69.45802469135802,755,154,2.1433953101379566,228,3.7925925925925927
631,0.05,-380.4153846153846,2.754166666666667,3.9817961165048543,70.14441747572816,769,153,2.408151550967613,228,4.110436893203883
632,0.05,-382.6615384615385,2.8183333333333334,4.070388349514563,69.99635922330097,782,157,2.714754010305213,228,4.213592233009709
633,0.05,-411.19999999999993,3.0083333333333333,4.218417945690673,70.42148760330579,800,156,2.7930510745549677,228,4.382526564344746
634,0.05,-410.3230769230769,2.8233333333333333,3.94021101992966,71.12895662368112,807,151,3.7384071502360934,228,4.0879249706916765
635,0.05,-382.2,2.9275,4.235722964763062,69.13608748481167,771,158,2.7379150170297604,228,4.358444714459295
636,0.05,-387.7692307692307,2.799166666666667,4.027777777777778,70.53623188405797,775,155,2.506136680243681,228,4.1727053140096615
637,0.05,-432.4153846153846,3.0241666666666664,4.37910085054678,72.0145808019441,773,152,3.5971591208863485,228,4.515188335358444
638,0.05,-416.5076923076923,2.79,4.183879093198993,69.68010075566751,743,139,3.1460497724885097,228,4.311083123425693
639,0.05,-444.0153846153846,3.0141666666666667,4.456467661691542,70.7723880597015,755,138,5.42639746909977,228,4.601990049751244
640,0.05,-425.69230769230774,2.8233333333333333,4.256020278833967,70.27503168567807,752,143,4.459807785532566,228,4.394169835234474
641,0.05,-475.75384615384615,3.2325,4.500584795321638,71.02573099415204,808,150,3.076712537065961,228,4.639766081871345
642,0.05,-435.9076923076923,2.9183333333333334,4.290482076637825,69.72558714462299,770,138,3.3802737192214067,228,4.444993819530285
643,0.05,-362.66153846153844,2.5083333333333333,3.782994923857868,69.31598984771574,755,153,3.4855586857772183,228,3.9137055837563453
644,0.05,-440.1076923076923,3.075833333333333,4.27751756440281,69.60304449648712,810,152,2.688858948990841,228,4.433255269320843
645,0.05,-412.53846153846155,2.89,4.155985489721886,69.86577992744861,774,152,2.531568699581941,228,4.295042321644498
646,0.05,-411.0,2.868333333333333,4.207407407407407,70.02962962962962,764,149,2.9631084113737614,228,4.350617283950617
647,0.05,-411.86153846153843,2.6975,4.028894472361809,69.71984924623115,737,138,3.5655984462844703,228,4.190954773869347
648,0.05,-423.86153846153843,2.921666666666667,4.239951278928136,70.09500609013398,779,144,2.6481598160481936,228,4.369062119366626
649,0.05,-510.9230769230769,3.3733333333333335,4.907090464547677,71.65281173594133,758,140,2.8711308125968955,228,5.036674816625917
650,0.05,-398.1692307692307,2.7741666666666664,3.9627403846153846,69.52283653846153,779,144,5.049525154147212,228,4.0829326923076925
651,0.05,-444.4,3.0441666666666665,4.215366705471478,69.81024447031432,805,142,3.8660051926012486,228,4.347674418604651
652,0.05,-409.4923076923077,2.8383333333333334,4.060024009603842,70.34693877551021,786,152,2.7442986254441126,228,4.183673469387755
653,0.05,-468.4,3.1633333333333336,4.3229885057471265,72.74252873563218,821,141,2.579512292501744,228,4.489655172413793
654,0.05,-443.2923076923077,3.0241666666666664,4.3607748184019375,70.67917675544794,783,141,2.52139857492313,228,4.4757869249394675
655,0.05,-430.61538461538464,3.033333333333333,4.291319857312723,72.66587395957194,791,150,2.264051095624842,228,4.426872770511296
656,0.05,-422.63076923076926,3.0833333333333335,4.373063170441001,71.2216924910608,787,153,3.3882695973545127,228,4.514898688915375
657,0.05,-454.4769230769231,3.0233333333333334,4.2821428571428575,71.18095238095238,789,145,3.306482581921642,229,4.4226190476190474
658,0.05,-416.2923076923077,2.935,4.219128329297821,69.32566585956417,774,156,2.4042465822668913,229,4.349878934624697
659,0.05,-443.55384615384617,3.091666666666667,4.264194669756662,71.98725376593279,822,150,2.93884874325153,229,4.388180764774044
660,0.05,-418.59999999999997,2.9358333333333335,4.018454440599769,71.18685121107266,823,146,3.054617465831699,229,4.193771626297578
661,0.05,-389.9846153846154,2.7158333333333333,3.9354445797807553,68.7454323995128,753,148,7.687392922614932,229,4.056029232643118
662,0.05,-433.8615384615385,3.0283333333333333,4.1545559400230685,69.76701268742791,812,147,2.5078626766553764,229,4.286043829296425
663,0.05,-400.73846153846154,2.775,3.990314769975787,68.95762711864407,767,148,2.1519060587790544,229,4.121065375302663
664,0.05,-464.46153846153845,3.0375,4.257950530035336,70.85983510011779,799,138,3.0773058898528807,229,4.39811542991755
665,0.05,-399.6769230769231,2.705,4.111253196930947,72.25703324808184,746,137,3.4100610355849446,229,4.250639386189258
666,0.05,-555.4307692307692,3.6258333333333335,5.066901408450704,72.67018779342723,799,139,3.3406029850114574,229,5.219483568075117
667,0.05,-405.18461538461537,2.7266666666666666,3.960880195599022,70.51955990220048,765,143,3.88059964618942,229,4.111246943765281
668,0.05,-411.8,2.993333333333333,4.2304038004750595,70.66152019002375,788,150,3.1133709900794115,229,4.342042755344418
669,0.05,-360.9230769230769,2.5883333333333334,3.768009768009768,69.47619047619048,777,153,2.4739439755553247,229,3.8913308913308913
670,0.05,-382.95384615384614,2.6908333333333334,3.8542168674698796,69.88795180722892,779,156,3.695198832112756,229,4.00722891566265
671,0.05,-375.276923076923,2.6958333333333333,3.8990267639902676,69.37956204379562,764,154,4.776023255724593,229,4.012150668286756
672,0.05,-400.7692307692307,2.8008333333333333,3.9017543859649124,71.35672514619883,798,147,3.1017681593669937,229,4.0549707602339184
673,0.05,-433.1692307692308,3.055,4.443223443223443,71.26862026862027,772,146,4.021712854079962,229,4.564634146341463
674,0.05,-395.78461538461534,2.6991666666666667,3.9051094890510947,69.34063260340632,771,150,2.640757540695939,229,4.045012165450122
675,0.05,-375.7846153846154,2.6533333333333333,3.7592371871275327,70.2419547079857,784,154,2.2332883424437076,229,3.9213349225268175
676,0.05,-375.6,2.6425,3.805084745762712,71.47699757869249,787,150,2.53940023733539,229,3.9891041162227605
677,0.05,-449.6461538461538,3.2291666666666665,4.454861111111111,69.82407407407408,808,149,3.101495051843145,229,4.591435185185185
678,0.05,-405.0,2.933333333333333,4.0879249706916765,70.0609613130129,812,154,2.775039644228479,229,4.226260257913247
679,0.05,-420.4307692307692,3.055833333333333,4.28066037735849,70.15094339622641,792,154,3.045844681218509,229,4.4157832744405185
680,0.05,-450.38461538461536,3.0341666666666667,4.3914634146341465,72.1329268292683,762,146,2.6221484133222743,229,4.553658536585366
681,0.05,-386.38461538461536,2.7408333333333332,3.8623962040332147,70.32740213523131,798,150,3.604265322680102,229,4.004744958481614
682,0.05,-426.9076923076923,2.8408333333333333,4.011904761904762,69.95,790,145,2.6664521340457217,229,4.135714285714286
683,0.05,-469.20000000000005,3.145,4.481437125748503,70.52095808383234,792,142,2.729992058386638,229,4.607185628742515
684,0.05,-404.2461538461539,2.8033333333333332,4.229987293519695,69.96696315120711,737,146,3.709443937113871,229,4.357052096569251
685,0.05,-430.33846153846156,2.9191666666666665,4.004597701149425,70.86436781609196,814,144,2.7975760299551515,229,4.154022988505747
686,0.05,-508.87692307692305,3.450833333333333,4.830588235294118,70.48470588235294,790,138,3.2818244908961876,229,4.956470588235294
687,0.05,-428.7230769230769,3.0216666666666665,4.405140758873929,69.203182374541,755,141,3.9481912135936827,229,4.543451652386781
688,0.05,-406.3384615384615,2.7108333333333334,3.993804213135068,69.8364312267658,771,145,2.734462060868055,229,4.11509900990099
689,0.05,-414.61538461538464,2.8433333333333333,4.328644501278772,70.3145780051151,737,143,5.026177122910353,229,4.424010217113666
690,0.05,-410.0153846153846,2.865,4.065554231227652,67.27532777115614,786,149,2.652214217883506,229,4.202622169249106
691,0.05,-513.7076923076922,3.3691666666666666,4.719670200235571,72.13309776207302,781,135,4.834882662275874,229,4.853945818610129
692,0.05,-455.9384615384615,3.0625,4.3920386007237635,70.60072376357057,776,141,2.881246119403501,229,4.552472858866103
693,0.05,-417.70769230769235,2.8358333333333334,4.0686746987951805,71.47831325301205,775,147,3.043112303208721,229,4.190361445783132
694,0.05,-488.4923076923077,3.3583333333333334,4.758333333333334,70.52142857142857,784,145,3.553005152161547,229,4.885714285714286
695,0.05,-416.2615384615384,2.74,4.022194821208385,70.90505548705302,764,137,4.082014184844477,229,4.160295930949445
696,0.05,-353.2615384615384,2.425,3.5238095238095237,69.62393162393163,773,150,2.3732930746098333,229,3.68009768009768
697,0.05,-396.30769230769226,2.7958333333333334,4.04390243902439,70.17317073170732,771,152,3.7947152068630965,229,4.168292682926829
698,0.05,-343.24615384615385,2.4525,3.4779499404052445,68.25625744934446,783,153,2.6739279232256243,229,3.6030989272943983
699,0.05,-380.0923076923077,2.5591666666666666,3.762962962962963,71.2,765,148,4.570325253430715,230,3.8914919852034524
700,0.05,-406.1384615384615,2.905,4.237745098039215,68.11887254901961,764,152,4.381528007580874,230,4.361519607843137
701,0.05,-385.81538461538463,2.675,3.9149198520345254,72.02712700369914,756,148,3.5964371631747443,230,4.044389642416769
702,0.05,-468.9230769230769,3.2441666666666666,4.433333333333334,71.04942528735633,822,148,2.7895696243596437,230,4.586206896551724
703,0.05,-378.79999999999995,2.7391666666666667,3.901796407185629,69.16646706586826,783,156,3.4293349651488114,230,4.022754491017964
704,0.05,-423.72307692307686,3.0725,4.387019230769231,70.18870192307692,782,148,3.0286303407557167,230,4.506009615384615
705,0.05,-381.9384615384615,2.7416666666666667,4.0333745364647715,70.46971569839307,774,149,3.672374470821906,230,4.15451174289246
706,0.05,-405.0615384615385,2.9575,4.0611303344867355,69.27450980392157,826,151,2.3511257989357612,230,4.205305651672433
707,0.05,-331.5692307692308,2.3941666666666666,3.5536159600997506,70.71695760598504,747,154,3.10499669952869,230,3.672478206724782
708,0.05,-405.2769230769231,2.890833333333333,4.0698224852071005,70.3775147928994,791,151,4.723988787488833,230,4.22603550295858
709,0.05,-480.4923076923077,3.158333333333333,4.511432009626955,70.24428399518652,784,142,3.040250339328617,230,4.643802647412755
710,0.05,-426.723076923077,2.8958333333333335,4.139590854392298,70.28038507821901,783,147,3.4967444552384936,230,4.273164861612515
711,0.05,-393.1846153846154,2.776666666666667,4.010935601458081,69.044957472661,768,150,3.216476311877028,230,4.171324422843257
712,0.05,-471.5230769230769,3.1283333333333334,4.356807511737089,71.14906103286386,789,146,3.1372813737012226,230,4.516431924882629
713,0.05,-438.6923076923077,2.9275,4.201934703748488,71.47158403869408,779,141,5.389594299473478,230,4.342200725513906
714,0.05,-395.2769230769231,2.71,3.9388004895960833,70.45532435740515,762,153,2.7079718874008734,230,4.064871481028152
715,0.05,-451.1076923076923,3.131666666666667,4.342258440046566,71.0663562281723,812,145,2.969009088916998,230,4.475581395348837
716,0.05,-429.8461538461538,3.0641666666666665,4.320284697508897,69.0344009489917,784,149,4.5496190213453005,230,4.474495848161329
717,0.05,-436.4769230769231,3.1358333333333333,4.415584415584416,69.58441558441558,800,153,2.920758484451735,230,4.534198113207547
718,0.05,-406.20000000000005,2.7975,4.202020202020202,72.07954545454545,749,151,2.595198600795613,230,4.332070707070707
719,0.05,-368.6461538461539,2.6591666666666667,3.9836065573770494,71.43883984867591,739,156,2.785675695537625,230,4.131147540983607
720,0.05,-379.4153846153846,2.7983333333333333,3.7797956867196367,68.2395005675369,827,158,4.4203377073957375,230,3.9205448354143018
721,0.05,-467.90769230769234,3.275,4.6810551558753,71.26618705035972,779,144,4.843259790971282,230,4.841726618705036
722,0.05,-481.67692307692306,3.341666666666667,4.6030092592592595,69.4675925925926,815,153,3.79558539355876,230,4.724537037037037
723,0.05,-478.9846153846154,3.26,4.737163814180929,70.02444987775061,768,140,5.1445114418036155,230,4.8667481662591685
724,0.05,-434.66153846153844,2.9858333333333333,4.428927680798005,68.79551122194513,756,145,6.8151997050954405,230,4.551681195516812
725,0.05,-459.53846153846166,3.26,4.804455445544554,71.08539603960396,770,147,2.6114302818858697,230,4.9504950495049505
726,0.05,-438.2307692307693,3.0941666666666667,4.470303030303031,70.29212121212122,770,148,3.612484920664271,230,4.6012121212121215
727,0.05,-501.84615384615387,3.279166666666667,4.648038049940547,72.75267538644471,807,139,3.4820100676621757,230,4.7788347205707495
728,0.05,-495.5692307692308,3.285833333333333,4.659117997616209,71.06793802145411,796,142,4.87450596127119,230,4.806912991656734
729,0.05,-502.3076923076923,3.3141666666666665,4.629847238542891,73.42655699177438,796,135,2.7232994299480144,230,4.774383078730905
730,0.05,-445.9846153846154,3.1825,4.3914053426248545,69.6260162601626,802,147,3.5253928056864323,230,4.518002322880371
731,0.05,-512.8615384615384,3.5075,4.963095238095238,70.63928571428572,781,144,4.410112526645763,230,5.1154761904761905
732,0.05,-451.23076923076917,3.0125,4.526515151515151,70.83712121212122,745,149,2.5564406379064524,230,4.6603535353535355
733,0.05,-417.9230769230769,2.8808333333333334,4.157766990291262,70.82402912621359,773,148,3.2575794942990446,230,4.293689320388349
734,0.05,-429.2,2.8408333333333333,3.9555555555555557,68.9859649122807,803,142,4.641023573960812,230,4.1016355140186915
735,0.05,-431.61538461538464,3.0166666666666666,4.26397146254459,72.28061831153389,799,148,3.0880775224859156,230,4.388822829964329
736,0.05,-452.4307692307692,3.0841666666666665,4.45752427184466,70.2864077669903,787,144,2.8830308753369063,230,4.577669902912621
737,0.05,-431.33846153846156,2.933333333333333,4.233292831105711,69.84811664641555,767,149,2.3807567596110513,230,4.392466585662212
738,0.05,-448.6461538461538,3.1991666666666667,4.668298653610771,70.29253365973072,768,151,3.132123909700931,230,4.7968176254589965
739,0.05,-455.5846153846154,3.2275,4.521176470588236,69.78117647058824,796,147,3.2026968626622714,230,4.655294117647059
740,0.05,-359.16923076923075,2.7441666666666666,4.114754098360656,69.45523329129887,744,162,3.049525293922012,230,4.238335435056746
741,0.05,-385.5692307692308,2.7708333333333335,4.08955223880597,69.77860696517413,757,149,2.680035975128008,230,4.242537313432836
742,0.05,-414.0769230769231,3.0716666666666668,4.225694444444445,70.9675925925926,810,158,2.994288910773431,230,4.354166666666667
743,0.05,-389.3538461538462,2.9,4.053990610328638,69.26291079812206,789,157,5.790192798876861,230,4.192488262910798
744,0.05,-461.44615384615383,3.14,4.679151061173533,72.48314606741573,753,143,7.530249405859399,230,4.801498127340824
745,0.05,-434.70769230769235,2.9258333333333333,4.312655086848635,70.72332506203475,763,141,3.1786774086458407,230,4.430521091811414
746,0.05,-400.3692307692308,2.9191666666666665,4.168674698795181,68.74939759036144,782,152,2.826378251302137,230,4.3
747,0.05,-411.0615384615385,2.9141666666666666,4.198787878787879,69.00969696969698,778,146,2.7332359260855976,230,4.370909090909091
748,0.05,-383.2307692307693,2.6725,3.8899755501222493,70.00733496332518,772,142,2.9472394002161515,230,4.008557457212714
749,0.05,-420.03076923076924,2.9091666666666667,4.0825471698113205,71.14858490566037,785,149,2.9945110931523726,230,4.215801886792453
750,0.05,-410.13846153846157,2.8141666666666665,3.9833134684147793,69.62574493444576,790,151,1.872379590129168,230,4.125148986889154
751,0.05,-404.8,2.7808333333333333,4.284605433376456,69.6895213454075,736,140,3.005583373452249,230,4.391979301423027
752,0.05,-409.78461538461534,2.855,4.276729559748428,70.50314465408805,757,143,3.2599304858832125,230,4.40377358490566
753,0.05,-456.9076923076923,3.2608333333333333,4.536842105263158,70.64912280701755,796,149,3.0038938360873617,230,4.651461988304094
754,0.05,-410.2923076923077,3.035833333333333,4.383030303030303,70.7369696969697,777,155,2.9387655409643294,230,4.5248484848484845
755,0.05,-456.64615384615377,3.1633333333333336,4.489868891537545,71.08104886769964,794,149,4.036509982177514,230,4.630952380952381
756,0.05,-407.33846153846156,2.84,4.285895806861499,71.35196950444727,745,152,3.212548137252872,230,4.4002541296060995
757,0.05,-366.61538461538464,2.585,3.7622549019607843,69.89950980392157,767,147,4.015968521716332,230,3.8909313725490198
758,0.05,-352.2307692307693,2.4883333333333333,3.7257861635220126,69.49182389937107,748,151,2.27001609712892,230,3.818867924528302
759,0.05,-422.53846153846155,2.901666666666667,4.275990099009901,71.68440594059406,753,145,2.3732891545365162,230,4.398514851485149
760,0.05,-469.83076923076925,3.2283333333333335,4.5146886016451235,71.76733254994124,794,143,5.7005376079287435,230,4.6521739130434785
761,0.05,-444.0461538461538,3.0166666666666666,4.311672683513839,70.66666666666667,771,148,2.6494527060894644,230,4.4548736462093865
762,0.05,-467.8461538461538,3.1191666666666666,4.47710843373494,70.09879518072289,780,139,3.3338118205411895,230,4.603614457831325
763,0.05,-417.89230769230767,2.881666666666667,4.2903629536921155,71.13767209011264,750,141,3.908251500456844,230,4.41927409261577
764,0.05,-476.5692307692308,3.1891666666666665,4.508313539192399,70.98693586698337,795,147,3.0936275819881893,230,4.648456057007126
765,0.05,-470.36923076923074,3.36,4.47986577181208,69.24384787472036,833,159,7.202933026356872,230,4.625279642058166
766,0.05,-445.04615384615386,3.095,4.184807256235827,71.28231292517007,834,150,5.725518620094782,230,4.320861678004535
767,0.05,-370.5692307692308,2.5966666666666667,3.843283582089552,70.26616915422886,755,151,3.737834643265565,230,3.9502487562189055
768,0.05,-468.96923076923076,3.1908333333333334,4.557553956834532,71.5431654676259,776,146,4.061500015114611,230,4.669064748201439
769,0.05,-393.9384615384615,2.865,4.059665871121719,70.26491646778042,792,156,3.1312018518305846,230,4.1610978520286395
770,0.05,-456.70769230769247,3.1733333333333333,4.4821852731591445,71.80166270783847,799,149,3.417883844473033,230,4.636579572446556
771,0.05,-374.3384615384615,2.7733333333333334,3.995163240628779,69.07496977025393,772,158,3.488217966262558,230,4.141475211608222
772,0.05,-396.9384615384615,2.7525,3.6614525139664806,69.19664804469274,844,158,2.7097567114861265,230,3.815642458100559
773,0.05,-334.84615384615387,2.4591666666666665,3.5658536585365854,69.22804878048781,771,154,3.52868788430477,230,3.7137637028014616
774,0.05,-438.5230769230769,3.191666666666667,4.4374269005847955,70.0,810,156,3.1333206661896034,230,4.574269005847953
775,0.05,-404.30769230769226,3.111666666666667,4.333333333333333,70.70058479532163,804,169,2.7841869522815186,230,4.4678362573099415
776,0.05,-388.5076923076923,2.8608333333333333,4.12621359223301,70.55946601941747,784,152,2.6673634244207562,230,4.279126213592233
777,0.05,-409.2769230769231,2.9783333333333335,4.308626974483596,68.9453219927096,759,157,3.176337054365765,230,4.41747572815534
778,0.05,-378.86153846153843,2.6558333333333333,3.9012345679012346,70.4,769,151,2.1862921822025885,230,4.041975308641975
779,0.05,-412.66153846153844,2.9383333333333335,3.997711670480549,70.15789473684211,816,151,4.703250992573796,230,4.1533180778032035
780,0.05,-436.87692307692305,2.9908333333333332,4.1891891891891895,71.09400705052879,798,151,4.069579680771618,230,4.320799059929494
781,0.05,-364.24615384615385,2.575833333333333,3.764127764127764,70.23587223587224,763,146,3.7255997854144023,230,3.901719901719902
782,0.05,-428.7692307692307,2.925,4.165666266506602,70.27851140456183,792,147,2.5525309738114528,230,4.294964028776978
783,0.05,-429.73846153846154,3.091666666666667,4.406962785114046,70.66026410564226,782,146,3.0010860205617322,230,4.579831932773109
784,0.05,-509.38461538461536,3.5191666666666666,4.656666666666666,71.11555555555556,851,151,3.1065941818843745,230,4.81
785,0.05,-445.53846153846155,3.0483333333333333,4.507462686567164,72.38805970149254,755,146,3.59078972250558,230,4.640547263681592
786,0.05,-387.63076923076926,2.763333333333333,3.993924665856622,68.95139732685298,758,147,5.098171785895332,230,4.1567436208991495
787,0.05,-447.19999999999993,3.0391666666666666,4.3651753325272065,69.45223700120918,781,144,3.5798804666586066,230,4.5175332527206775
788,0.05,-495.69230769230774,3.3225,4.7391826923076925,72.03245192307692,795,143,3.558728923391244,230,4.859375
789,0.05,-461.1538461538462,3.055833333333333,4.4228432563791005,70.2940461725395,776,137,3.17276257116729,230,4.562575941676792
790,0.05,-397.0923076923077,2.6791666666666667,4.00125786163522,68.88553459119497,739,138,2.5761219797555883,230,4.130817610062893
791,0.05,-437.20000000000005,2.9925,4.131090487238979,68.90719257540603,813,142,3.648696040340006,230,4.270301624129931
792,0.05,-453.30769230769226,3.1,4.500610500610501,71.3028083028083,769,149,2.7429907593668235,230,4.6239316239316235
793,0.05,-394.5076923076923,2.868333333333333,3.9988317757009346,69.91355140186916,811,162,2.6930415172838686,230,4.13785046728972
794,0.05,-383.8,2.7533333333333334,4.064516129032258,70.67493796526054,766,149,2.3148441740850623,230,4.193548387096774
795,0.05,-394.6153846153846,2.7475,4.110970996216897,70.86128625472888,744,149,2.2459154545340057,230,4.244640605296343
796,0.05,-386.1846153846153,2.8133333333333335,4.10171568627451,69.36397058823529,771,159,2.857432550618835,230,4.247549019607843
797,0.05,-426.0,2.9691666666666667,4.342751842751842,70.23464373464374,769,147,3.086094565500191,230,4.4705159705159705
798,0.05,-453.7692307692307,3.1891666666666665,4.417927823050058,71.22584400465658,809,148,4.20557525847887,230,4.582558139534884
799,0.05,-467.15384615384613,3.2358333333333333,4.602150537634409,71.40979689366786,798,147,4.0519043752232085,230,4.757467144563919
800,0.05,-474.3076923076923,3.2225,4.530177514792899,71.75739644970415,796,143,3.6828517266193086,230,4.65680473372781
801,0.05,-440.8307692307692,3.0425,4.309523809523809,69.3797619047619,782,145,3.548286361412572,230,4.420238095238095
802,0.05,-441.6769230769231,2.950833333333333,4.180406212664277,69.83034647550777,781,143,2.6267934228039813,230,4.3560334528076465
803,0.05,-443.95384615384614,2.9558333333333335,4.2155688622754495,69.22035928143713,772,146,2.4984986336108648,230,4.338112305854241
804,0.05,-450.7692307692308,3.0091666666666668,4.331318016928658,70.93470374848852,780,146,2.402691972806794,230,4.454106280193237
805,0.05,-443.96923076923076,3.03,4.336134453781512,68.11044417767107,781,148,2.589945995026065,230,4.496998799519808
806,0.05,-461.4769230769231,3.2516666666666665,4.535211267605634,69.73591549295774,802,149,3.293421625244587,230,4.687793427230047
807,0.05,-434.7230769230769,2.861666666666667,4.3631713554987215,70.58695652173913,730,139,2.826696055313182,230,4.493606138107417
808,0.05,-397.8153846153846,2.7258333333333336,3.7792056074766354,68.94742990654206,813,147,2.3655491247864187,230,3.913551401869159
809,0.05,-386.0,2.8375,4.161728395061728,70.77530864197531,763,160,2.3238925541120876,230,4.279012345679012
810,0.05,-416.9692307692308,3.0233333333333334,4.1294387170675835,70.34593356242841,813,157,4.78204607726137,230,4.263459335624284
811,0.05,-446.5230769230769,3.165,4.457988165680473,68.91242603550296,794,153,3.0675179942826802,230,4.6052009456264775
812,0.05,-393.5846153846153,2.819166666666667,4.2194199243379575,68.88398486759142,729,158,4.048074058870677,230,4.3379571248423705
813,0.05,-412.7692307692308,2.78,3.9855247285886612,69.52231604342582,776,146,3.0536941739590833,230,4.117008443908324
814,0.05,-407.10769230769233,2.8983333333333334,4.079289940828402,69.20710059171597,805,151,2.394163809347595,230,4.21301775147929
815,0.05,-316.0769230769231,2.3233333333333333,3.613874345549738,68.90706806282722,721,157,2.419190567290821,230,3.7094240837696337
816,0.05,-424.1538461538462,3.1033333333333335,4.291521486643438,70.52148664343787,803,153,3.92233856959358,230,4.440185830429733
817,0.05,-395.6461538461539,2.7841666666666667,3.996385542168675,69.85903614457831,773,151,2.432872496964263,230,4.111913357400722
818,0.05,-445.9230769230769,3.091666666666667,4.466504263093788,70.82947624847746,771,148,2.8624606482659636,230,4.624847746650427
819,0.05,-428.3384615384615,3.0416666666666665,4.120591581342435,71.84414106939704,836,153,2.726930695829143,230,4.282138794084187
820,0.05,-422.0,2.9716666666666667,4.362515413070284,69.89025893958076,753,146,4.961166349835807,230,4.4907521578298395
821,0.05,-376.86153846153843,2.64,3.7658303464755076,69.51373954599761,780,154,3.3729651353624472,230,3.882915173237754
822,0.05,-400.95384615384614,2.8758333333333335,4.052256532066508,68.1852731591449,781,153,2.906866844509613,230,4.178147268408551
823,0.05,-397.26153846153846,2.8275,4.07496977025393,70.48609431680774,769,147,2.7115477925101183,230,4.183796856106409
824,0.05,-431.90769230769234,3.095833333333333,4.512883435582822,71.48098159509202,763,147,4.566375340019615,230,4.646625766871166
825,0.05,-433.96923076923076,3.035,4.36231884057971,71.1413043478261,778,146,6.991509730257396,230,4.506038647342995
826,0.05,-430.30769230769226,2.8958333333333335,4.228782287822878,70.98031980319803,762,139,2.4686771657511937,230,4.364083640836409
827,0.05,-469.6615384615385,3.0408333333333335,4.2718676122931445,71.73404255319149,802,139,2.454612918382669,230,4.41086186540732
828,0.05,-463.59999999999997,3.275,4.497690531177829,70.540415704388,811,142,3.760009421197554,230,4.658198614318707
829,0.05,-422.44615384615383,3.058333333333333,4.241258741258742,69.35314685314685,795,152,3.03429169001311,230,4.356643356643357
830,0.05,-439.70769230769235,3.0383333333333336,4.212368728121354,70.536756126021,802,147,2.4142514431138054,230,4.343057176196033
831,0.05,-412.0923076923077,2.904166666666667,4.209756097560976,68.64146341463415,763,149,3.650680492554161,230,4.3463414634146345
832,0.05,-392.61538461538464,2.6633333333333336,4.095607235142118,70.96770025839793,728,139,2.6290611310295557,230,4.219638242894057
833,0.05,-394.1538461538462,2.66,3.955,71.9925,743,142,2.718296992325509,230,4.121098626716604
834,0.05,-429.96923076923076,3.0216666666666665,4.278042959427208,70.17183770883055,786,148,2.5966963273674484,230,4.441527446300716
835,0.05,-429.276923076923,2.9275,4.180288461538462,70.07451923076923,774,143,2.7891904951941524,230,4.341346153846154
836,0.05,-403.6461538461539,2.9591666666666665,4.077456647398844,70.48323699421965,811,158,5.485695946966499,230,4.230057803468208
837,0.05,-367.96923076923076,2.6683333333333334,3.9527363184079602,70.3457711442786,750,155,2.4748640253304104,230,4.087064676616915
838,0.05,-402.29230769230776,2.8625,4.080335731414868,69.10071942446044,784,149,3.062551579704068,230,4.218225419664269
839,0.05,-412.8307692307692,2.9025,4.0,69.55889145496536,817,154,3.222813943173726,230,4.169745958429561
840,0.05,-455.96923076923076,3.2058333333333335,4.337129840546697,69.49886104783599,830,155,2.7231399058754993,230,4.481776765375854
841,0.05,-396.73846153846154,2.87,4.134220072551391,68.50181378476421,774,151,3.421563211377576,230,4.270858524788392
842,0.05,-417.46153846153845,2.9066666666666667,4.372474747474747,70.15277777777777,746,147,2.7525019093666026,230,4.493064312736444
843,0.05,-400.21538461538455,2.9275,4.234223300970874,70.97208737864078,777,153,2.868451612898088,230,4.372121212121212
844,0.05,-409.9076923076923,2.8933333333333335,4.208078335373317,70.3782129742962,780,159,2.641290273507198,230,4.324357405140759
845,0.05,-406.4153846153846,2.908333333333333,4.243574051407589,69.0905752753978,767,156,4.478951424412873,230,4.356181150550795
846,0.05,-464.13846153846157,3.27,4.475315729047073,70.9873708381171,820,153,3.3250699806675534,230,4.619977037887486
847,0.05,-484.04615384615386,3.379166666666667,4.597714285714286,71.77942857142857,825,146,2.9839753176461086,230,4.740571428571428
848,0.05,-453.1846153846154,3.2016666666666667,4.424101969872537,70.92931633835458,804,148,2.755090783863823,230,4.54577056778679
849,0.05,-467.0,3.1766666666666667,4.469893742621015,72.04722550177095,796,143,3.195164513385178,230,4.6092089728453365
850,0.05,-385.2153846153846,2.6433333333333335,3.7222222222222223,68.96926713947991,803,146,3.650261786928899,230,3.8652482269503547
851,0.05,-459.03076923076924,3.0383333333333336,4.2403282532239155,72.36694021101992,798,141,3.6211566606439165,230,4.398593200468933
852,0.05,-429.8,2.8891666666666667,4.17861482381531,71.69501822600243,783,141,4.156808121860402,230,4.320777642770352
853,0.05,-479.3230769230769,3.3891666666666667,4.582766439909297,71.26077097505669,844,148,3.247526995354685,230,4.708616780045351
854,0.05,-439.276923076923,3.0925,4.519656019656019,69.05773955773955,757,147,3.161058813978587,230,4.639263803680982
855,0.05,-437.36923076923074,2.9916666666666667,4.222748815165877,70.33293838862559,788,144,2.658227779358311,230,4.360189573459715
856,0.05,-454.07692307692304,3.069166666666667,4.492004920049201,72.02337023370234,756,139,2.7075214279232482,230,4.624846248462485
857,0.05,-369.55384615384617,2.67,4.075641025641025,69.04358974358975,732,147,2.852417208783943,230,4.18974358974359
858,0.05,-373.2615384615384,2.6283333333333334,4.106719367588933,68.88142292490119,706,146,2.827096398096435,230,4.24505928853755
859,0.05,-403.16923076923075,2.905,4.0754716981132075,69.79127358490567,801,154,3.6321208192376515,230,4.209905660377358
860,0.05,-410.81538461538463,2.9291666666666667,4.18705035971223,69.42326139088729,771,157,2.7688246354677926,230,4.2973621103117505
861,0.05,-442.87692307692305,3.295,4.492537313432836,72.14925373134328,816,155,2.9368995640490976,230,4.640642939150402
862,0.05,-400.46153846153845,2.9475,3.915273132664437,68.68561872909699,825,164,3.116313122052626,230,4.051282051282051
863,0.05,-466.00000000000006,3.2775,4.677458033573141,72.03956834532374,773,146,3.8247082404058146,230,4.804556354916067
864,0.05,-425.36923076923074,2.8241666666666667,4.267515923566879,72.02165605095541,745,143,2.7339471345511335,230,4.397452229299363
865,0.05,-435.9846153846154,2.9616666666666664,4.388542963885429,69.44209215442092,751,144,1.9868969445066251,230,4.508094645080947
866,0.05,-397.87692307692305,2.8825,4.215252152521526,69.1709717097171,750,150,3.25416542095381,230,4.332103321033211
867,0.05,-424.46153846153845,3.0858333333333334,4.300584795321638,70.25730994152046,812,149,2.625310466713797,230,4.429906542056075
868,0.05,-407.6615384615385,2.8275,4.0359712230215825,70.61031175059952,786,150,3.989572133214718,230,4.190647482014389
869,0.05,-486.21538461538466,3.275,4.512166859791425,69.99073001158749,803,147,3.8468562291380946,230,4.654692931633836
870,0.05,-424.76923076923083,2.9258333333333333,4.389168765743073,69.86523929471032,750,144,3.839591488328858,230,4.5327455919395465
871,0.05,-483.4769230769231,3.3516666666666666,4.678780773739742,71.38804220398593,798,149,2.444687679457393,230,4.804449648711944
872,0.05,-493.0769230769231,3.3441666666666667,4.542237442922374,70.98630136986301,817,144,3.581366656519902,230,4.675799086757991
873,0.05,-425.03076923076924,2.9283333333333332,4.148809523809524,70.01309523809523,788,144,2.539433172628131,230,4.286904761904762
874,0.05,-439.4153846153847,3.1,4.566294919454771,70.80173482032218,752,143,3.2066455081489695,230,4.675340768277572
875,0.05,-396.67692307692306,2.7591666666666668,3.907142857142857,70.21904761904761,794,144,2.478648457858721,230,4.070238095238095
876,0.05,-343.4307692307692,2.5975,3.81134401972873,68.5980271270037,757,158,2.5023294795028406,230,3.940813810110974
877,0.05,-338.6769230769231,2.4408333333333334,3.5347137637028014,68.95980511571254,769,155,2.297356595700401,230,3.677222898903776
878,0.05,-358.9076923076923,2.466666666666667,3.556900726392252,70.00121065375302,784,152,2.781658867679515,230,3.698547215496368
879,0.05,-432.44615384615383,2.8425,4.126984126984127,71.66666666666667,765,141,2.535870190651471,230,4.2515262515262515
880,0.05,-396.8307692307692,2.6216666666666666,3.8115055079559363,69.81762545899633,766,145,2.506608928864283,230,3.96328029375765
881,0.05,-403.7076923076923,2.8333333333333335,3.9612220916568743,69.84136310223266,802,157,3.085857569138433,230,4.097532314923619
882,0.05,-398.73846153846154,2.8866666666666667,4.166060606060606,71.16727272727273,777,152,2.676992081231025,230,4.298181818181818
883,0.05,-395.7692307692308,2.9116666666666666,4.226829268292683,68.33658536585367,763,156,3.843755861336702,230,4.3951219512195125
884,0.05,-387.2307692307692,2.7666666666666666,3.796766743648961,69.83602771362587,811,152,2.6858819667977993,230,3.956120092378753
885,0.05,-385.8,2.720833333333333,4.075662042875158,70.26355611601514,745,144,2.9410485997113063,230,4.187657430730479
886,0.05,-385.8461538461538,2.745,3.997552019583843,70.00489596083231,765,150,3.370410248390183,230,4.129742962056303
887,0.05,-401.2,2.87,4.029550827423168,69.62647754137116,793,154,2.785169472680277,230,4.160756501182033
888,0.05,-422.1384615384615,2.9291666666666667,4.1624850657108725,73.29988052568697,802,147,3.564321506576023,230,4.311827956989247
889,0.05,-412.15384615384613,2.8833333333333333,4.13132530120482,70.62771084337349,780,146,3.5949940220635823,230,4.266265060240964
890,0.05,-373.01538461538456,2.6475,3.867158671586716,69.23493234932349,760,152,3.4838063841203546,230,3.980319803198032
891,0.05,-438.04615384615386,3.1133333333333333,4.464414957780458,70.93124246079614,780,149,2.724147366872733,230,4.606755126658625
892,0.05,-403.4769230769231,2.8608333333333333,4.142335766423358,69.80535279805353,759,146,2.883835515792619,230,4.263990267639903
893,0.05,-448.21538461538455,3.0858333333333334,4.456204379562044,71.37591240875912,771,148,3.4279994555620297,230,4.587591240875913
894,0.05,-450.5692307692308,3.145,4.451190476190476,71.78928571428571,786,139,2.535568459313642,230,4.602380952380952
895,0.05,-408.0615384615385,2.925,4.302843016069222,69.85414091470952,767,149,4.139761848092843,230,4.452410383189123
896,0.05,-408.7538461538461,2.81,4.0011990407673865,70.20143884892086,783,149,2.424355987155613,230,4.152278177458034
897,0.05,-417.3538461538461,2.9266666666666667,4.324223602484472,70.49565217391304,743,148,2.2037934325955897,230,4.445962732919255
898,0.05,-386.0,2.7083333333333335,3.880434782608696,68.84057971014492,787,150,2.624936091198977,230,3.995169082125604
899,0.05,-453.21538461538466,3.285833333333333,4.70517448856799,69.51865222623346,788,150,3.5365937279204314,230,4.834134615384615
