episode,epsilon,total_reward,avg_queue,avg_wait_s,avg_travel_s,throughput,switches,td_loss,q_table_states,avg_delay_s,traffic_seed
0,1.0,-1599.246153846154,7.654166666666667,10.876960193003619,80.9167671893848,841,135,35.187243097233086,74,11.019300361881784,577
1,0.9945,-1465.7076923076925,6.54,8.659976387249115,77.17945690672964,865,136,24.01447621796242,96,8.81227863046045,712
2,0.989,-1481.2769230769231,7.634166666666666,10.34803337306317,80.54707985697259,836,144,28.616199760915126,105,10.488095238095237,770
3,0.9835,-1715.0615384615385,8.475,11.517688679245284,81.30896226415095,855,129,31.45111632571703,119,11.663915094339623,798
4,0.9781,-2105.169230769231,8.846666666666666,12.76625,82.8275,831,133,48.544277308535634,131,12.89625,36
5,0.9726,-1514.0,7.060833333333333,9.674251497005988,77.87425149700599,816,130,15.211322552595357,134,9.82874251497006,460
6,0.9673,-1462.8153846153846,7.531666666666666,10.314185228604924,78.89331770222744,851,134,17.437650773588192,140,10.464243845252051,371
7,0.9619,-1545.723076923077,6.571666666666666,9.169471153846153,79.53125,838,135,20.741064644150175,143,9.306490384615385,833
8,0.9566,-1126.2615384615385,5.7475,8.395701643489254,75.8558786346397,791,141,10.515425395020344,143,8.528445006321112,557
9,0.9513,-1175.8615384615384,6.085833333333333,8.346698113207546,76.98938679245283,843,144,13.34422779906722,143,8.495283018867925,381
10,0.946,-1457.953846153846,6.6658333333333335,9.491421568627452,78.60661764705883,819,139,19.296809138850463,149,9.64093137254902,429
11,0.9408,-1292.430769230769,6.554166666666666,8.821640903686088,77.33293697978597,826,132,12.770049214492989,149,8.951248513674198,141
12,0.9356,-1448.3076923076924,7.413333333333333,10.338479809976247,78.8479809976247,817,134,15.67685556743044,149,10.486935866983373,223
13,0.9304,-1803.5076923076924,9.250833333333333,12.357714285714286,81.912,880,134,26.485010858857834,154,12.502283105022832,784
14,0.9253,-1512.8923076923077,7.109166666666667,9.848920863309353,78.41606714628297,847,128,16.523547680657742,157,9.996402877697841,762
15,0.9202,-1176.523076923077,5.8175,7.847045191193511,75.82734646581692,850,142,11.976905054325492,158,7.977983777520278,838
16,0.9151,-1341.6307692307691,6.296666666666667,8.527380952380952,76.95357142857142,837,138,12.785545073239199,160,8.66904761904762,450
17,0.91,-1552.723076923077,8.110833333333334,10.628146453089245,80.95652173913044,872,134,16.041049636027783,160,10.75858123569794,2
18,0.905,-1333.2307692307693,6.865833333333334,8.98150289017341,76.67514450867051,853,138,15.654510644938963,162,9.145664739884394,81
19,0.9,-1360.9076923076923,6.570833333333334,9.226086956521739,76.50434782608696,814,139,14.120749688338377,162,9.35031055900621,363
20,0.895,-1263.4461538461537,5.934166666666667,7.849526066350711,73.21208530805687,830,137,13.483006497552436,162,7.966824644549763,690
21,0.89,-1561.6307692307694,7.289166666666667,9.849704142011834,77.82130177514793,858,135,17.905863004047813,163,9.99526627218935,846
22,0.8851,-1396.8923076923077,6.969166666666666,9.436470588235293,77.55176470588235,846,139,15.766108027728347,164,9.58470588235294,728
23,0.8802,-1166.3076923076924,6.025833333333333,8.196009389671362,74.48591549295774,857,140,13.150373029265689,164,8.315727699530516,406
24,0.8753,-1520.3692307692309,6.588333333333333,8.778443113772456,76.10898203592815,844,131,13.374737037714253,165,8.91497005988024,636
25,0.8705,-1340.0769230769229,5.423333333333333,7.431818181818182,73.50631313131314,806,137,18.677294526481987,166,7.578282828282828,46
26,0.8657,-1217.6923076923076,5.894166666666667,8.353884093711468,75.09741060419236,816,130,15.907071641225004,171,8.479654747225647,899
27,0.8609,-1311.3384615384616,6.5575,8.433061699650757,76.42142025611176,873,134,15.263799217409545,172,8.564610011641443,659
28,0.8561,-1480.8,6.789166666666667,9.194029850746269,76.6337543053961,893,135,16.831478802272176,173,9.328358208955224,869
29,0.8514,-1140.1692307692306,5.826666666666667,8.030303030303031,76.11636363636363,808,137,11.888649466412023,173,8.146666666666667,144
30,0.8467,-1382.6153846153848,6.199166666666667,8.861182519280206,78.5758354755784,763,131,17.427978714250944,173,8.994858611825192,497
31,0.842,-985.523076923077,4.435833333333333,6.420253164556962,72.94430379746835,791,137,11.7922245468201,173,6.556962025316456,885
32,0.8373,-1290.4923076923078,5.724166666666667,7.587577639751553,74.53664596273292,810,136,13.111771844138644,173,7.701863354037267,553
33,0.8327,-1263.6615384615384,6.339166666666666,8.729191090269637,74.93200468933178,846,132,14.190138190265904,175,8.867526377491208,209
34,0.8281,-1424.3692307692306,7.3075,9.439772727272727,76.60568181818182,864,140,19.329148191147414,176,9.61590909090909,512
35,0.8235,-1590.6615384615384,7.8825,10.609411764705882,79.32470588235294,852,135,19.41158739705473,177,10.75764705882353,415
36,0.819,-1248.0,6.226666666666667,8.883636363636363,76.19272727272727,806,135,10.957984121132126,179,9.02909090909091,778
37,0.8144,-1268.3076923076924,6.375,9.075887392900857,77.25336597307222,814,130,12.961887365806968,180,9.236230110159118,366
38,0.8099,-1134.0923076923077,5.71,7.526995305164319,75.22065727699531,855,135,12.879335273094707,180,7.663145539906103,472
39,0.8054,-1155.8307692307692,5.824166666666667,7.69392523364486,74.71028037383178,842,138,10.621065765604243,181,7.813084112149533,84
40,0.801,-1016.6,5.333333333333333,7.005753739930955,75.52013808975835,855,138,9.615795259017805,182,7.161104718066744,609
41,0.7966,-1021.4307692307692,4.770833333333333,6.7024691358024695,73.55308641975309,805,133,12.898245990055702,185,6.838271604938272,895
42,0.7922,-1285.4307692307693,6.68,9.217073170731707,78.51829268292683,824,140,12.539159553607906,185,9.35609756097561,781
43,0.7878,-1283.5076923076924,6.153333333333333,8.217189314750291,75.70267131242741,835,141,17.86323791598722,186,8.358885017421603,529
44,0.7834,-955.3230769230769,4.699166666666667,6.755414012738854,74.64585987261147,797,143,10.526522635490764,188,6.92484076433121,688
45,0.7791,-1119.3076923076924,5.660833333333334,7.641025641025641,76.36630036630036,820,134,9.562439578173384,188,7.757020757020757,216
46,0.7748,-1282.4307692307693,6.490833333333334,9.44486215538847,77.65664160401002,811,139,13.494753881410341,189,9.573934837092732,502
47,0.7705,-1185.9692307692308,5.8533333333333335,8.104166666666666,74.94485294117646,807,133,15.348159128016116,190,8.270833333333334,531
48,0.7662,-1248.0923076923077,6.21,8.413427561837455,76.95995288574794,830,129,14.67351241046328,191,8.547058823529412,674
49,0.762,-1270.476923076923,6.0775,8.445544554455445,77.25866336633663,818,133,15.206605325239241,193,8.58539603960396,53
50,0.7578,-1207.7692307692307,5.720833333333333,7.944578313253012,74.89277108433735,835,131,14.70376500152806,193,8.097472924187725,515
51,0.7536,-1004.9230769230769,4.653333333333333,6.183082271147161,71.92699884125145,863,137,12.32562030373734,193,6.3128621089223635,147
52,0.7494,-1312.892307692308,6.468333333333334,8.122037914691942,76.62914691943128,847,134,11.86457573132097,193,8.236966824644549,587
53,0.7453,-1078.9076923076923,5.450833333333334,7.109699769053118,74.60508083140877,884,137,11.73866666468476,193,7.2517321016166285,164
54,0.7411,-1170.2923076923078,5.566666666666666,7.644628099173554,74.09917355371901,853,136,14.434950555371438,193,7.789846517119244,443
55,0.737,-1156.923076923077,5.715833333333333,8.05889423076923,75.90865384615384,842,140,14.612366152247716,193,8.18389423076923,74
56,0.733,-1104.6461538461538,5.724166666666667,8.235872235872236,76.87346437346437,808,139,13.709672895016817,193,8.373464373464374,245
57,0.7289,-1104.8615384615384,5.5183333333333335,7.709517923362175,75.663782447466,824,136,15.053953257539131,194,7.867737948084055,667
58,0.7249,-1122.753846153846,5.055,7.042959427207637,76.30310262529832,850,128,12.513258908346492,196,7.165871121718377,760
59,0.7209,-988.5999999999999,5.3325,7.125439624853458,75.30715123094959,850,141,10.514832367907923,197,7.260257913247362,627
60,0.7169,-1056.523076923077,5.136666666666667,7.228813559322034,73.09927360774819,842,139,13.061862814512489,197,7.338983050847458,589
61,0.7129,-1117.5846153846155,5.820833333333334,7.828671328671328,74.35198135198135,847,138,13.702273281265553,197,7.991841491841492,887
62,0.709,-1117.8,5.3325,7.591078066914498,74.59107806691449,808,131,11.763404530202898,197,7.717472118959108,646
63,0.705,-882.8307692307692,4.570833333333334,6.584170854271357,73.821608040201,811,141,10.115030388621662,197,6.714824120603015,314
64,0.7011,-1197.5692307692307,6.119166666666667,8.288574793875148,76.30624263839812,853,129,19.42149946041505,197,8.420494699646643,105
65,0.6973,-1246.3846153846152,5.648333333333333,7.6076099881093935,74.25445897740785,837,137,14.557336227771387,199,7.744351961950059,344
66,0.6934,-1043.6461538461538,4.895,6.789281364190012,73.57734470158343,837,136,17.163748582315797,200,6.9074299634591965,199
67,0.6896,-988.7384615384616,5.239166666666667,7.515762925598991,76.65069356872635,774,133,14.547955456276831,200,7.677175283732661,253
68,0.6858,-1122.6,5.474166666666667,7.031141868512111,76.10957324106113,879,133,13.744098358137164,200,7.160322952710496,49
69,0.682,-970.3846153846152,5.1825,6.703745743473326,74.8717366628831,886,140,8.762822600235664,200,6.8410896708286035,836
70,0.6782,-942.4307692307692,4.925,6.910194174757281,74.28519417475728,804,137,14.202531479174477,200,7.036407766990291,106
71,0.6744,-1124.8153846153846,5.65,8.014598540145986,75.0316301703163,819,140,13.072825639101673,200,8.12287104622871,329
72,0.6707,-1123.5846153846155,5.9025,8.393719806763285,77.03985507246377,843,145,13.236272893461228,200,8.547101449275363,417
73,0.667,-1115.8461538461538,5.4075,6.998780487804878,72.23536585365854,810,140,13.076943432696014,200,7.119366626065774,98
74,0.6633,-1012.0769230769231,5.428333333333334,7.108545034642033,72.540415704388,872,149,8.018736238788001,200,7.259815242494226,774
75,0.6596,-925.2615384615384,4.405,6.104551045510455,72.2939729397294,821,147,8.83931054469899,201,6.227552275522755,716
76,0.656,-1030.3692307692309,5.139166666666667,6.947429906542056,74.09579439252336,849,138,11.990452706828368,201,7.102803738317757,813
77,0.6524,-888.7538461538462,4.434166666666667,6.152843601895735,72.42417061611374,842,138,11.107406022207892,201,6.283175355450237,8
78,0.6487,-971.4923076923077,4.668333333333333,6.487893462469733,73.79055690072639,832,137,12.330751050797463,201,6.645278450363196,867
79,0.6452,-1104.4923076923078,5.765833333333333,7.735805330243338,76.18887601390499,865,136,10.606464920333568,202,7.871378910776362,354
80,0.6416,-1034.892307692308,5.135,6.9952153110047846,75.23564593301435,828,141,11.511654466072958,203,7.142344497607655,388
81,0.638,-898.3538461538461,4.62,6.050420168067227,73.65906362545017,853,142,11.423749705912462,203,6.1884753901560625,789
82,0.6345,-1000.4307692307691,4.775833333333333,6.528857479387515,73.75147232037692,847,142,8.336220564619042,203,6.683156654888104,708
83,0.631,-1009.2923076923076,5.410833333333334,7.18058690744921,74.57336343115124,886,141,11.757952089764816,203,7.312641083521445,601
84,0.6275,-878.7538461538462,4.2283333333333335,5.912048192771084,72.30602409638554,836,143,8.030285044615956,204,6.042168674698795,220
85,0.624,-1008.0153846153846,5.120833333333334,6.955952380952381,74.49642857142857,836,139,12.465156481878136,205,7.098809523809524,384
86,0.6206,-1017.2153846153844,5.510833333333333,7.644549763033176,74.13862559241706,843,149,7.2110307600710435,205,7.771327014218009,325
87,0.6171,-987.2461538461539,4.949166666666667,6.95970695970696,74.17094017094017,828,145,7.440099496814456,205,7.068292682926829,350
88,0.6137,-953.5846153846155,4.8825,6.734146341463415,74.1780487804878,824,142,9.15533824343855,205,6.823386114494519,604
89,0.6103,-916.8923076923078,4.850833333333333,6.620689655172414,74.35790725326991,842,141,9.698452591366381,205,6.74910820451843,206
90,0.607,-845.9384615384615,4.266666666666667,6.091139240506329,73.69620253164557,803,140,13.766787469200917,205,6.210126582278481,560
91,0.6036,-1041.6615384615384,5.568333333333333,7.593119810201661,74.76037959667853,845,145,12.457876747515705,205,7.706161137440758,270
92,0.6003,-922.2615384615385,4.71,6.45400238948626,72.65232974910394,854,141,9.643495098260724,205,6.604540023894862,251
93,0.5969,-1054.2769230769231,5.363333333333333,7.419354838709677,74.56391875746715,834,138,7.947656412459764,205,7.565113500597372,703
94,0.5936,-758.0615384615385,4.139166666666667,6.083959899749374,71.968671679198,785,153,8.521175308268072,205,6.225281602002503,603
95,0.5904,-954.2769230769231,4.589166666666666,6.594627594627594,73.77777777777777,825,139,9.65908125734612,206,6.73992673992674,395
96,0.5871,-895.5384615384615,4.321666666666666,5.929782082324455,72.0859564164649,829,149,6.9975035324597865,206,6.052058111380146,89
97,0.5838,-894.7076923076924,4.820833333333334,6.808353808353808,73.15356265356266,800,142,9.065383161140398,206,6.942260442260443,854
98,0.5806,-1055.8000000000002,5.464166666666666,7.019187358916478,75.6997742663657,874,139,13.375680054270255,207,7.155756207674943,94
99,0.5774,-914.5384615384615,4.776666666666666,6.239772727272728,71.5375,868,144,7.409075543920249,207,6.401136363636364,100
100,0.5742,-900.8,4.644166666666667,6.264260768335274,73.02677532013969,848,139,11.670748132726732,207,6.409778812572759,126
101,0.571,-926.0615384615384,4.604166666666667,6.078767123287672,74.6392694063927,893,144,7.331473746357315,207,6.2340182648401825,69
102,0.5679,-956.8307692307693,4.871666666666667,6.807646356033453,75.17323775388292,849,143,9.667212490119363,207,6.947431302270012,13
103,0.5647,-1005.0769230769231,5.296666666666667,7.19672131147541,76.36065573770492,865,139,9.578407710017371,207,7.337236533957846,623
104,0.5616,-904.0461538461537,4.713333333333333,6.351126927639383,73.51008303677342,850,142,8.262983665555252,207,6.487544483985765,853
105,0.5585,-926.7692307692308,5.109166666666667,6.994089834515367,74.54137115839244,824,149,9.60699899066898,207,7.15839243498818,26
106,0.5554,-812.5384615384615,4.305833333333333,6.067650676506765,72.7330873308733,811,143,10.625029889831021,207,6.207872078720787,792
107,0.5523,-912.0923076923077,4.469166666666666,6.525862068965517,74.23522167487685,813,142,9.168203076650599,207,6.66256157635468,19
108,0.5493,-820.1692307692308,3.8375,5.562577447335812,70.70631970260223,811,138,8.808132105692826,207,5.670792079207921,297
109,0.5462,-853.2615384615384,3.9916666666666667,5.856429463171036,72.44069912609238,791,141,6.583007161415547,207,5.971285892634207,70
110,0.5432,-1003.1692307692308,4.848333333333334,6.606242496998799,73.46698679471788,824,145,10.83470785010196,207,6.740696278511405,814
111,0.5402,-797.2,4.0008333333333335,5.663390663390663,73.53808353808354,818,137,9.850175034405279,209,5.802211302211302,25
112,0.5372,-874.0,4.65,6.242424242424242,73.5909090909091,850,149,10.147947712035108,209,6.358974358974359,595
113,0.5343,-764.7076923076922,3.8583333333333334,5.2727272727272725,70.48996458087368,835,152,6.720597033551227,209,5.412042502951594,291
114,0.5313,-981.0,5.22,7.380778588807786,76.25790754257908,809,141,9.118661066343844,209,7.520681265206813,718
115,0.5284,-929.5076923076923,5.036666666666667,6.730769230769231,75.01165501165501,861,146,10.533736944817848,209,6.878787878787879,376
116,0.5254,-975.9076923076923,5.2975,7.319174757281553,75.80582524271844,849,147,12.748121926517376,209,7.450242718446602,198
117,0.5225,-804.7230769230769,4.06,5.233644859813084,70.46378504672897,866,150,8.040991158826225,209,5.393691588785047,281
118,0.5196,-759.0769230769231,3.910833333333333,5.429433051869722,71.64053075995174,846,144,11.40816257806608,209,5.568154402895054,827
119,0.5168,-721.323076923077,3.8583333333333334,5.719186785260483,72.76493011435832,786,141,7.899056729815129,209,5.8475222363405335,201
120,0.5139,-760.3538461538461,4.129166666666666,5.988636363636363,72.5050505050505,789,149,7.6408024992073935,209,6.11489898989899,162
121,0.5111,-863.5846153846153,4.723333333333334,6.666666666666667,73.61473429951691,828,149,6.862212971839483,209,6.820048309178744,513
122,0.5082,-767.6769230769231,3.8141666666666665,5.471464019851116,72.12406947890818,818,144,8.494126537191681,210,5.6141439205955335,189
123,0.5054,-768.4153846153845,3.9691666666666667,5.627737226277373,71.87834549878346,808,143,8.59024016005031,210,5.7798053527980535,447
124,0.5026,-845.6615384615385,4.303333333333334,6.065296251511487,72.02902055622732,835,143,12.257194003572133,210,6.199516324062878,870
125,0.4998,-852.0461538461539,4.240833333333334,5.961165048543689,73.65169902912622,828,132,11.18532617080363,210,6.103155339805825,112
126,0.4971,-789.6615384615385,3.9975,5.560679611650485,73.0885922330097,827,146,5.9898344324353605,210,5.705097087378641,692
127,0.4943,-759.0615384615385,3.6883333333333335,5.138134592680047,70.81700118063755,828,155,6.387552047874253,210,5.299881936245573,54
128,0.4916,-876.2,4.64,6.148319814600232,72.32908458864426,857,146,7.799339652392578,210,6.275782155272306,605
129,0.4889,-679.6307692307691,3.805,5.2915173237753885,73.79330943847073,850,147,5.174618436300224,210,5.458781362007168,121
130,0.4862,-750.1846153846154,4.055,5.667068757539204,73.53799758745477,815,154,9.278003408859059,210,5.820265379975875,804
131,0.4835,-816.8923076923077,4.469166666666666,6.092198581560283,73.5579196217494,836,140,12.084354127667659,210,6.254137115839243,387
132,0.4808,-952.3692307692309,4.758333333333334,6.505250875145857,74.81213535589265,846,137,8.290904010441666,210,6.631271878646441,194
133,0.4781,-835.6461538461538,4.170833333333333,5.9374233128834355,73.00613496932516,810,138,8.642090434225397,210,6.033088235294118,56
134,0.4755,-790.5230769230768,4.3125,5.736781609195402,73.23448275862069,851,149,8.221812914004675,211,5.893103448275862,238
135,0.4729,-923.276923076923,4.755,6.4837209302325585,74.19534883720931,864,146,9.071383381503193,211,6.632558139534884,23
136,0.4703,-806.4769230769232,4.076666666666667,5.633663366336633,73.53589108910892,810,145,8.09046630688296,212,5.7549504950495045,680
137,0.4677,-823.4615384615385,3.8516666666666666,5.393827160493827,73.53086419753086,811,132,11.81401337791164,213,5.524044389642417,649
138,0.4651,-920.7846153846153,4.489166666666667,5.903448275862069,72.80919540229885,863,135,11.569854489728572,213,6.058620689655172,808
139,0.4625,-971.6153846153845,5.036666666666667,7.536213468869123,76.11308767471411,789,142,9.068063226054614,213,7.648030495552732,181
140,0.4599,-719.3692307692309,3.7058333333333335,4.966785290628707,70.82562277580071,843,150,6.9443220715098875,213,5.109134045077106,576
141,0.4574,-965.8153846153846,4.85,6.584994138335287,73.62250879249707,861,134,9.190699675986401,214,6.746776084407972,357
142,0.4549,-915.2461538461539,4.814166666666667,6.683192261185006,74.32769044740024,841,142,12.279524634708382,214,6.824667472793228,374
143,0.4523,-850.2307692307693,4.090833333333333,5.971867007672635,72.1611253196931,794,140,8.289227605723589,214,6.1061381074168795,495
144,0.4498,-806.0,3.9033333333333333,5.442401960784314,72.76102941176471,830,142,6.759240844821682,214,5.5588235294117645,486
145,0.4474,-852.5384615384614,3.9716666666666667,5.205949656750572,71.09610983981693,879,142,8.794706828148653,214,5.34324942791762,353
146,0.4449,-843.9076923076923,4.221666666666667,5.803827751196172,73.00956937799043,819,139,8.86986272148777,214,5.956937799043062,852
147,0.4424,-838.3538461538462,4.133333333333334,5.79081015719468,72.61789600967352,842,145,6.289383272579018,214,5.94316807738815,334
148,0.44,-853.4923076923077,4.365833333333334,5.813317479191439,73.51367419738406,832,136,12.112094964355867,215,5.941805225653207,657
149,0.4375,-918.3692307692307,4.754166666666666,6.448837209302326,74.25348837209302,849,132,8.463415236297854,215,6.566279069767442,234
150,0.4351,-807.2307692307693,3.9491666666666667,5.459657701711492,72.01955990220048,839,141,8.951252122006652,215,5.5880195599022,628
151,0.4327,-831.3846153846155,3.9141666666666666,5.3760479041916165,70.57005988023953,822,143,6.7075447485920305,215,5.520958083832335,142
152,0.4303,-693.3384615384615,3.5433333333333334,4.915254237288136,71.32445520581113,835,148,5.003009530634763,215,5.0907990314769975,731
153,0.4279,-768.9076923076924,4.204166666666667,6.1882202304737515,73.35211267605634,775,143,8.957088129550915,215,6.327784891165173,111
154,0.4256,-884.3384615384616,4.326666666666667,5.887981330221703,73.7899649941657,865,137,7.582043299625829,215,6.03267211201867,150
155,0.4232,-848.5538461538462,4.7625,6.492252681764005,73.58522050059595,843,144,8.06564946032448,215,6.637663885578069,103
156,0.4209,-714.8,3.743333333333333,5.456928838951311,71.73533083645444,788,142,6.239236846560088,215,5.598002496878902,886
157,0.4185,-793.276923076923,4.0075,5.660377358490566,72.57484276729559,816,146,6.2413190848047,216,5.8,382
158,0.4162,-925.0923076923077,4.23,5.672494172494172,71.68997668997669,838,141,8.45873153258689,216,5.811188811188811,93
159,0.4139,-820.7538461538461,4.324166666666667,6.22140221402214,75.33210332103322,825,142,4.837887035095891,216,6.360393603936039,138
160,0.4116,-791.9384615384615,4.031666666666666,5.380841121495327,71.57710280373831,861,141,4.407060274250109,216,5.502336448598131,77
161,0.4094,-770.0,3.8475,5.299876084262701,73.82280049566295,803,142,9.802976976001121,216,5.433168316831683,701
162,0.4071,-697.7384615384615,3.799166666666667,5.254589963280294,73.23500611995104,816,148,4.959270053632998,216,5.391676866585067,173
163,0.4048,-844.2923076923076,4.5616666666666665,5.835511982570806,72.15141612200436,926,146,8.22476717769114,216,6.008714596949891,45
164,0.4026,-703.8307692307692,3.5591666666666666,5.035891089108911,72.60272277227723,810,145,6.735751080904603,216,5.163366336633663,891
165,0.4004,-745.8461538461538,3.9491666666666667,5.358880778588808,71.39781021897811,818,140,6.085036502965868,216,5.517031630170316,738
166,0.3982,-675.0615384615385,3.4266666666666667,5.067861715749039,71.2573623559539,775,148,7.600642191246746,216,5.181818181818182,346
167,0.396,-712.0615384615385,3.7416666666666667,5.284493284493284,72.33699633699634,828,142,7.47546250820613,216,5.4322344322344325,212
168,0.3938,-799.2,3.795,5.300733496332518,72.5562347188264,821,137,5.89541699831369,216,5.420537897310513,292
169,0.3916,-703.1076923076923,3.76,5.160295930949445,71.15782983970406,811,141,3.70984169512285,216,5.282367447595561,153
170,0.3894,-627.3999999999999,3.2908333333333335,4.660975609756098,70.23536585365854,835,151,7.37294647068836,216,4.7890243902439025,264
171,0.3873,-775.1846153846154,4.131666666666667,5.7042755344418055,71.76603325415677,837,134,5.0107300275146045,216,5.832541567695962,590
172,0.3851,-845.8461538461539,4.4525,6.347931873479319,72.5,831,139,7.430550025070091,217,6.47323600973236,337
173,0.383,-835.8615384615384,4.1425,5.63625450180072,73.8451380552221,832,146,9.644151477284701,217,5.769507803121249,888
174,0.3809,-738.3076923076924,3.6525,5.1644336175395855,71.7661388550548,829,132,11.654359721811328,218,5.298416565164434,721
175,0.3788,-663.5384615384615,3.546666666666667,4.911942098914355,71.44028950542823,836,151,6.768237993061645,218,5.0398069963811825,389
176,0.3767,-707.5846153846153,3.7808333333333333,5.123515439429929,72.77672209026129,839,146,6.979765239273389,218,5.279097387173397,893
177,0.3746,-732.9692307692308,3.714166666666667,5.390334572490707,73.58859975216852,793,140,7.426425576718048,218,5.519206939281289,514
178,0.3725,-749.3999999999999,4.095833333333333,5.730445246690734,73.10589651022865,825,145,6.970275074339424,218,5.870036101083032,647
179,0.3705,-742.8,3.99,5.647699757869249,73.80387409200968,840,144,9.321152455878384,218,5.786924939467313,195
180,0.3684,-686.2153846153847,3.415,4.766626360338573,70.72793228536881,828,143,3.9988906702493248,218,4.92503022974607,28
181,0.3664,-719.7538461538461,3.5508333333333333,5.100125156445557,72.73216520650813,805,141,7.103141158367642,218,5.241551939924906,284
182,0.3643,-891.0153846153846,4.6625,6.321428571428571,72.35357142857143,832,136,10.268777600234465,220,6.488095238095238,783
183,0.3623,-647.1692307692308,3.3933333333333335,4.736650485436893,70.52791262135922,822,152,4.809136036795496,220,4.860436893203883,418
184,0.3603,-777.0,4.244166666666667,5.508474576271187,69.76610169491525,872,155,7.548495866388665,220,5.631638418079096,358
185,0.3583,-793.7538461538462,4.6883333333333335,6.1415313225058,74.19257540603249,857,150,6.388243454012976,220,6.305104408352668,583
186,0.3563,-621.7846153846153,3.2483333333333335,4.68277571251549,71.06195786864932,798,148,3.5371324408645908,220,4.798017348203222,857
187,0.3544,-709.1384615384616,3.7808333333333333,5.208530805687204,73.12322274881517,833,141,3.5832874778866977,220,5.344378698224852,445
188,0.3524,-779.3846153846155,4.129166666666666,5.540925266903915,73.12692763938315,851,151,11.78887530624216,221,5.69276393831554,208
189,0.3505,-666.6307692307693,3.4225,4.582649472450176,70.32004689331771,873,149,7.868963269380582,221,4.726846424384525,884
190,0.3485,-809.8615384615385,4.229166666666667,5.910950661853189,73.03971119133574,843,142,6.3370071018343825,221,6.063778580024067,521
191,0.3466,-685.4000000000001,3.55,5.053012048192771,71.76867469879518,827,149,7.149370789234542,221,5.196385542168675,296
192,0.3447,-701.4153846153847,3.879166666666667,5.223416965352449,70.72640382317802,825,152,7.5891999670953,221,5.348864994026284,303
193,0.3428,-756.7076923076924,4.105833333333333,5.539365452408931,72.44183313748532,834,142,8.854544865713276,221,5.723854289071681,12
194,0.3409,-727.9846153846154,3.9341666666666666,5.532121212121212,71.04848484848485,817,138,9.676793971695112,221,5.666666666666667,99
195,0.339,-857.6461538461539,4.424166666666666,5.943742824339839,74.0459242250287,861,144,6.391428314804553,221,6.067738231917336,550
196,0.3371,-853.9846153846154,4.371666666666667,5.669309173272933,72.87089467723669,897,141,7.770663747852455,221,5.839184597961495,518
197,0.3352,-730.7384615384616,3.6575,5.231055900621118,71.2472049689441,808,146,7.44718076146803,221,5.3602484472049685,438
198,0.3334,-762.3692307692307,3.8016666666666667,5.145518044237486,70.18393480791619,859,146,6.219344453866878,221,5.289871944121071,158
199,0.3315,-776.6615384615385,3.875,5.167239404352807,71.06071019473082,873,148,5.894270554283729,221,5.324169530355097,606
200,0.3297,-796.6000000000001,4.128333333333333,5.730769230769231,73.93870192307692,850,141,7.616002888565099,221,5.894230769230769,634
201,0.3279,-678.0461538461539,3.7191666666666667,5.44515306122449,71.89923469387755,776,147,5.082278060249662,221,5.595663265306122,63
202,0.3261,-719.0153846153846,3.8266666666666667,5.572335025380711,72.08502538071066,793,143,9.327719877725936,221,5.697969543147208,359
203,0.3243,-752.9846153846154,3.9408333333333334,5.612667478684531,72.47015834348356,817,139,5.140655827371263,221,5.7637028014616325,274
204,0.3225,-811.6461538461538,4.1825,5.749700598802395,72.33532934131736,824,149,4.426369473060488,221,5.891017964071856,817
205,0.3207,-674.2923076923078,3.8091666666666666,5.279097387173397,73.00237529691212,849,150,3.9788517973167097,221,5.400948991696323,662
206,0.3189,-819.9384615384615,4.235,5.789846517119244,75.27036599763872,841,144,10.484625525973561,221,5.958677685950414,729
207,0.3172,-762.0,3.6991666666666667,5.208955223880597,70.50746268656717,811,147,5.8755546569667985,221,5.349502487562189,669
208,0.3154,-731.5230769230769,3.6658333333333335,5.432020330368488,73.11562897077509,797,146,7.0891880237543505,221,5.546378653113088,221
209,0.3137,-796.6307692307693,4.348333333333334,5.981220657276995,71.75352112676056,853,154,14.611089333061853,224,6.127934272300469,724
210,0.3119,-799.8461538461538,4.461666666666667,5.694857142857143,72.02628571428572,882,148,5.528113106328211,224,5.844571428571428,566
211,0.3102,-710.1384615384616,3.665,5.098203592814372,72.07425149700599,832,147,4.943409267486543,224,5.253892215568862,140
212,0.3085,-652.2307692307693,3.5766666666666667,4.989285714285714,70.94404761904762,840,146,5.176184635666812,224,5.133333333333334,165
213,0.3068,-638.2153846153847,3.5391666666666666,5.030940594059406,70.89603960396039,810,151,4.106282757360667,224,5.167079207920792,117
214,0.3051,-563.3384615384615,3.3008333333333333,4.56043956043956,71.45054945054945,817,152,7.2662143326318045,224,4.690243902439025,594
215,0.3034,-659.9230769230769,3.6766666666666667,5.064782096584216,72.2226148409894,849,156,8.453540829859808,224,5.189634864546525,889
216,0.3017,-616.7230769230769,3.6758333333333333,5.129963898916968,71.09867629362215,819,155,6.398870967962077,224,5.269554753309266,422
217,0.3,-729.8153846153846,4.230833333333333,5.3776775648252535,71.90191657271703,876,154,7.68796839941591,224,5.550169109357385,222
218,0.2984,-657.5999999999999,3.345833333333333,4.751560549313358,71.29962546816479,808,148,4.969318267580077,224,4.8739076154806495,5
219,0.2967,-672.3846153846155,3.68,4.805399325084364,71.37795275590551,877,158,4.703889654767824,224,4.9550056242969625,136
220,0.2951,-719.0,3.9766666666666666,5.4898929845422115,72.20451843043995,841,148,5.816500884465817,224,5.6361474435196195,633
221,0.2935,-696.3692307692307,3.81,5.148760330578512,72.68240850059031,838,143,7.72211878693817,224,5.289256198347108,318
222,0.2918,-628.6461538461538,3.5383333333333336,4.9579326923076925,72.71754807692308,823,145,5.237746651183649,224,5.079326923076923,326
223,0.2902,-608.676923076923,3.1233333333333335,4.1990632318501175,70.35245901639344,829,153,6.754072999964303,224,4.338011695906433,786
224,0.2886,-767.3076923076923,3.845833333333333,5.323995127892814,72.83434835566382,819,147,6.665015334213415,224,5.46163215590743,290
225,0.287,-751.6615384615384,3.4133333333333336,4.728606356968215,70.9278728606357,830,145,10.02739452395759,225,4.86919315403423,734
226,0.2854,-729.0307692307692,4.049166666666666,5.405780346820809,72.65202312138729,853,149,5.30758722088448,225,5.5884393063583815,834
227,0.2838,-666.4769230769231,3.555,4.862676056338028,72.74295774647888,848,148,6.097832872584639,225,5.008215962441315,261
228,0.2823,-585.1538461538461,3.319166666666667,4.748762376237623,71.77846534653466,806,157,6.275410959157252,225,4.887376237623762,707
229,0.2807,-700.9230769230769,3.6575,5.253382533825338,71.88437884378844,824,141,5.443572070482646,225,5.380073800738008,484
230,0.2792,-736.2153846153847,3.8875,5.409681227863046,74.00236127508855,842,146,4.579126052981523,225,5.545454545454546,186
231,0.2776,-592.4153846153846,3.3091666666666666,4.575903614457832,69.56506024096386,845,156,6.586204722182432,225,4.715662650602409,356
232,0.2761,-575.4769230769231,3.1016666666666666,4.410958904109589,69.60896637608967,804,149,4.596394167302292,225,4.572851805728518,876
233,0.2746,-672.676923076923,3.6525,5.425531914893617,72.48936170212765,793,139,4.541351002695464,225,5.525657071339174,160
234,0.273,-641.2615384615385,3.430833333333333,4.779097387173397,69.44655581947744,847,148,5.606140625404184,225,4.910926365795724,269
235,0.2715,-738.8153846153847,3.8966666666666665,5.5532435740514074,72.51897184822522,810,138,5.256095566094201,225,5.6940024479804165,123
236,0.27,-789.9846153846154,4.205,5.345890410958904,71.96917808219177,864,142,9.271441502126377,226,5.482876712328767,454
237,0.2685,-703.5076923076924,3.7491666666666665,5.510828025477707,72.49808917197453,801,143,4.011008694868762,226,5.639490445859873,533
238,0.267,-660.4153846153846,3.7283333333333335,5.152095808383233,70.22754491017965,823,156,4.060061420437861,226,5.273053892215569,644
239,0.2656,-649.5076923076923,3.683333333333333,5.02502979737783,71.70679380214541,824,159,5.7379547309777115,226,5.183551847437426,538
240,0.2641,-678.1692307692307,3.845833333333333,5.203508771929824,72.04795321637427,861,153,4.594224887654256,226,5.348538011695906,754
241,0.2626,-563.9230769230769,3.0683333333333334,4.339024390243902,69.25,812,153,4.639341124334913,226,4.479268292682927,740
242,0.2612,-621.8923076923077,3.5975,4.818700114025085,71.1915621436716,859,157,4.782472549573514,226,4.9623717217787915,519
243,0.2597,-800.4307692307692,4.144166666666667,5.496613995485327,72.91873589164786,864,138,7.247983480307135,226,5.665163472378805,691
244,0.2583,-619.3846153846154,3.430833333333333,4.675263774912075,72.13833528722157,869,148,5.19745338955617,226,4.827667057444314,839
245,0.2569,-654.1999999999999,3.6425,5.003541912632822,72.20661157024793,846,152,4.585879148475032,227,5.132231404958677,654
246,0.2555,-653.1384615384616,3.4583333333333335,4.516206482593037,69.65426170468187,843,147,8.087326322112341,227,4.6882494004796165,401
247,0.254,-700.123076923077,3.525,5.064197530864197,70.96666666666667,790,141,5.536417572228704,227,5.160493827160494,68
248,0.2526,-642.3846153846155,3.295,4.749385749385749,70.87223587223588,801,152,5.0605961610672345,228,4.87960687960688,758
249,0.2512,-682.8307692307692,3.3675,4.61611374407583,70.59597156398104,879,149,9.352191179202515,228,4.744378698224852,602
250,0.2498,-710.3846153846152,3.6633333333333336,5.278668310727497,71.89395807644883,821,137,6.124110193342544,228,5.408138101109741,865
251,0.2485,-699.9538461538461,3.654166666666667,5.004756242568371,72.11296076099882,846,147,5.256286794797074,228,5.137931034482759,277
252,0.2471,-631.0307692307692,3.4716666666666667,4.756272401433692,71.7694145758662,845,154,4.625699059569481,228,4.881720430107527,321
253,0.2457,-787.2461538461538,4.0675,5.578638497652582,74.11971830985915,849,136,6.574247925275796,228,5.719483568075117,386
254,0.2444,-640.4769230769231,3.316666666666667,4.654034229828851,71.27383863080685,834,149,3.4221897953301594,228,4.775061124694377,273
255,0.243,-687.2,3.700833333333333,5.004683840749414,72.50117096018735,865,156,5.727411660947384,228,5.135831381733021,660
256,0.2417,-696.3384615384615,3.453333333333333,4.89390243902439,72.22682926829269,826,145,7.5714256669167534,228,5.037804878048781,522
257,0.2403,-605.7846153846153,2.9366666666666665,4.1730061349693255,70.03926380368098,821,146,4.630992271658251,228,4.296932515337423,161
258,0.239,-614.9692307692308,3.3425,4.801517067003792,73.070796460177,794,142,5.430305604114721,228,4.938053097345133,58
259,0.2377,-644.8307692307692,3.4191666666666665,4.644498186215236,72.90568319226118,829,153,4.086504594382491,228,4.760580411124547,579
260,0.2364,-687.7384615384615,3.6008333333333336,5.309160305343512,72.2150127226463,808,139,5.642396617494948,228,5.418575063613232,509
261,0.2351,-648.5999999999999,3.305833333333333,4.53309265944645,72.79181708784597,834,147,4.1543661923653845,229,4.6859205776173285,163
262,0.2338,-654.7230769230769,3.645,5.026570048309178,71.83937198067633,822,147,5.530732278988969,229,5.169082125603865,64
263,0.2325,-645.276923076923,3.4791666666666665,4.932349323493235,72.6150061500615,819,145,3.830161921810951,229,5.070110701107011,575
264,0.2312,-717.6461538461538,4.15,5.609411764705882,71.86,852,145,4.323767522962858,229,5.747058823529412,471
265,0.2299,-694.0153846153846,3.715,5.27239263803681,72.65398773006135,813,138,5.532527498951254,229,5.403680981595092,168
266,0.2286,-572.3692307692309,3.2441666666666666,4.631710362047441,70.97503121098627,796,150,7.427771512043467,229,4.781523096129837,807
267,0.2274,-603.6461538461538,3.3675,4.753086419753086,70.84444444444445,821,151,3.401786813514634,229,4.8617283950617285,109
268,0.2261,-640.5692307692307,3.505,4.871121718377088,70.60143198090692,841,152,3.7665859919198112,229,4.998806682577565,41
269,0.2249,-655.2307692307693,3.4775,4.8841309823677586,71.74055415617129,816,151,5.802174231256366,229,5.006297229219143,776
270,0.2236,-591.3076923076924,3.4758333333333336,4.59581881533101,71.8931475029036,868,153,4.046429087712322,229,4.760743321718931,416
271,0.2224,-606.9538461538461,3.2983333333333333,4.698159509202454,71.13128834355828,835,142,3.283257337772406,229,4.817177914110429,683
272,0.2211,-616.2307692307693,3.4233333333333333,4.704410011918951,70.9797377830751,843,154,4.388435102066817,229,4.845238095238095,101
273,0.2199,-659.7230769230769,3.475,4.867557715674362,70.70716889428918,816,150,4.765878242754927,229,5.019441069258809,508
274,0.2187,-632.6307692307693,3.464166666666667,4.7156286721504115,72.23619271445358,829,145,4.410845828212303,229,4.857814336075205,120
275,0.2175,-615.7538461538461,3.151666666666667,4.439803439803439,71.75429975429975,830,146,3.6653314843157334,229,4.592638036809816,892
276,0.2163,-579.8000000000001,3.1041666666666665,4.396296296296296,69.76049382716049,818,149,3.122540723155286,229,4.534567901234568,459
277,0.2151,-547.1538461538462,3.0075,4.194047619047619,71.1047619047619,839,157,3.2517168131193253,229,4.320238095238095,480
278,0.2139,-591.1076923076923,3.1708333333333334,4.122866894197952,70.79977246871445,871,149,3.553292695825421,229,4.286689419795222,475
279,0.2127,-684.4615384615385,3.5283333333333333,5.373525557011796,71.84010484927916,758,140,6.46624094214606,229,5.499344692005242,752
280,0.2115,-561.4615384615386,3.0841666666666665,4.232250300842359,71.30324909747293,836,157,3.8894628957571147,229,4.362214199759326,448
281,0.2104,-628.7230769230769,3.5183333333333335,4.806752037252619,70.35389988358557,851,153,4.043980343145636,229,4.9534342258440045,380
282,0.2092,-769.1384615384616,4.085,5.554753309265944,71.71841155234657,815,144,7.0571442466553025,229,5.697954271961492,304
283,0.208,-686.6615384615384,3.5875,4.767573696145124,70.12018140589569,864,151,7.856336532425976,229,4.906002265005663,477
284,0.2069,-541.7384615384615,2.8125,4.22568093385214,71.04409857328146,766,149,4.096535748009823,229,4.361867704280155,640
285,0.2058,-582.3846153846155,3.0316666666666667,4.247298919567827,70.80792316926771,828,153,4.032713016659159,229,4.372148859543818,821
286,0.2046,-632.0923076923077,3.3516666666666666,4.645985401459854,71.77372262773723,828,146,4.310082835665208,229,4.7895377128953776,227
287,0.2035,-635.4615384615385,3.1016666666666666,4.261020881670533,69.47563805104409,868,150,5.150540597750962,229,4.389791183294664,873
288,0.2024,-629.1384615384616,3.470833333333333,4.930434782608696,72.02608695652174,803,143,5.212868815723624,229,5.090683229813664,795
289,0.2012,-600.8153846153846,3.3308333333333335,4.632926829268293,71.33780487804879,821,147,5.052137823907092,229,4.779537149817296,745
290,0.2001,-610.1999999999998,3.2408333333333332,4.424280350438048,71.32165206508135,805,138,6.200733876320567,229,4.5732165206508135,439
291,0.199,-607.3538461538462,3.655,4.916568742655699,71.1539365452409,849,156,4.877175647460705,229,5.051643192488263,771
292,0.1979,-535.3384615384615,3.1233333333333335,4.447653429602888,70.33574007220217,821,154,5.017449046530429,229,4.593261131167268,597
293,0.1968,-621.7538461538462,3.3266666666666667,4.97724399494311,71.89001264222503,783,146,6.49915787369295,229,5.101137800252845,610
294,0.1957,-701.5846153846155,3.8041666666666667,5.090173410404624,71.58381502890174,856,150,7.820816644848289,229,5.254335260115607,119
295,0.1946,-634.6307692307691,3.285833333333333,4.478365384615385,69.00600961538461,839,145,4.157035377890636,229,4.622596153846154,859
296,0.1936,-664.6769230769231,3.4141666666666666,4.79683698296837,72.00243309002433,818,144,3.7196841470879205,229,4.928223844282239,24
297,0.1925,-795.676923076923,4.056666666666667,5.641666666666667,73.99166666666666,846,143,11.334034494425604,230,5.798809523809524,544
298,0.1914,-736.123076923077,3.5166666666666666,4.9793939393939395,72.80121212121212,821,136,5.198986803250739,230,5.135757575757576,170
299,0.1904,-715.1538461538462,3.6858333333333335,4.795221843003413,70.72810011376565,864,131,7.1046803026480845,230,4.969283276450512,278
300,0.1893,-609.4769230769232,3.1225,4.253968253968254,69.93772893772893,824,150,3.8167636098635103,230,4.401709401709402,420
301,0.1883,-738.123076923077,3.8241666666666667,5.26,73.31529411764706,845,142,4.801646744423805,230,5.381176470588235,15
302,0.1872,-491.90769230769234,2.6958333333333333,3.7252090800477897,69.07885304659499,846,158,4.548105289723755,230,3.8615751789976134,678
303,0.1862,-551.7230769230769,2.975,4.282716049382716,69.4,799,154,5.398282477208455,230,4.4185185185185185,517
304,0.1852,-529.2153846153847,3.0433333333333334,4.441509433962264,71.42515723270441,801,154,3.26838057634946,230,4.593710691823899,92
305,0.1841,-556.9384615384615,3.12,4.448828606658446,71.49938347718866,828,156,3.559762500590215,230,4.575123152709359,55
306,0.1831,-537.646153846154,2.8991666666666664,4.123623011015912,70.24235006119952,814,150,5.031659639285382,230,4.255813953488372,343
307,0.1821,-532.0461538461539,3.0416666666666665,4.224664224664225,68.81562881562881,839,157,3.721626920941283,230,4.356532356532356,118
308,0.1811,-670.0153846153846,3.7191666666666667,5.237125748502994,73.30059880239521,834,146,3.494383966600758,230,5.389221556886228,464
309,0.1801,-665.6461538461538,3.9791666666666665,5.520286396181384,72.15871121718376,839,157,5.220756222545719,230,5.664677804295943,629
310,0.1791,-718.1692307692308,3.8525,5.113378684807256,71.80952380952381,897,153,4.156011300745885,230,5.275510204081633,145
311,0.1781,-660.4615384615386,3.5016666666666665,4.676056338028169,71.96126760563381,859,147,3.0666179010005252,230,4.815727699530516,666
312,0.1771,-591.6461538461538,3.1491666666666664,4.598991172761664,70.40226986128626,786,140,6.747118288825712,230,4.742749054224464,398
313,0.1762,-692.6307692307693,3.4766666666666666,4.827956989247312,72.20549581839904,856,146,5.537074778037752,230,4.970131421744325,596
314,0.1752,-598.5846153846154,3.3325,4.5458823529411765,71.98705882352941,846,151,3.5692712690152195,230,4.70235294117647,449
315,0.1742,-640.4615384615386,3.236666666666667,4.728301886792453,70.93584905660377,788,145,2.7043603769758997,230,4.860552763819095,246
316,0.1732,-633.0461538461539,3.5825,5.0107784431137725,72.3437125748503,820,149,3.8936785915979977,230,5.142514970059881,759
317,0.1723,-578.9384615384615,2.9658333333333333,4.177914110429448,68.58159509202454,811,155,5.580661612825751,230,4.317791411042945,80
318,0.1713,-625.0461538461539,3.410833333333333,4.691476590636254,70.58823529411765,829,146,4.87809996942815,230,4.807923169267707,582
319,0.1704,-608.1384615384616,3.2725,4.703431372549019,70.76838235294117,815,145,7.0570150114862695,230,4.819852941176471,225
320,0.1694,-586.7846153846153,3.2258333333333336,4.356635071090047,69.24644549763033,855,145,3.645980810099381,230,4.463270142180095,551
321,0.1685,-685.123076923077,3.7191666666666667,4.887755102040816,71.63492063492063,861,149,3.602075027411221,230,5.030612244897959,391
322,0.1676,-600.0923076923077,3.395,4.6310223266745005,70.03290246768508,848,141,2.919511541651539,230,4.7685076380728555,20
323,0.1666,-562.2,3.223333333333333,4.528985507246377,70.85386473429952,826,146,3.6446591572075877,230,4.664251207729468,250
324,0.1657,-638.4769230769231,3.345833333333333,4.8004895960832314,71.35250917992656,808,138,4.041567856456628,230,4.909424724602204,35
325,0.1648,-589.0153846153846,3.3091666666666666,4.555956678700361,70.54632972322503,848,155,3.4192688394112043,230,4.681107099879663,18
326,0.1639,-565.5230769230768,3.203333333333333,4.3884297520661155,70.48288075560802,850,152,3.0956474362862414,230,4.541912632821724,670
327,0.163,-631.5384615384617,3.6533333333333333,4.70430733410943,72.0535506402794,867,153,4.022725743765244,230,4.834691501746216,500
328,0.1621,-606.1230769230768,3.4583333333333335,4.59106529209622,71.37686139747996,862,151,5.698159103189205,230,4.751431844215349,559
329,0.1612,-569.2153846153846,3.0016666666666665,4.413659793814433,71.68427835051547,791,155,3.670105664891188,230,4.586340206185567,205
330,0.1603,-585.123076923077,3.433333333333333,4.779761904761905,71.69642857142857,838,158,4.664772790305169,230,4.930952380952381,882
331,0.1594,-550.2153846153847,3.1633333333333336,4.5573366214549935,71.52034525277435,801,149,3.5324351929036313,230,4.706535141800247,485
332,0.1585,-723.4153846153846,4.005,5.277842907385698,70.14654161781947,864,148,3.8404339088728427,230,5.412661195779601,506
333,0.1577,-632.0923076923077,3.365,4.639088729016787,71.71822541966426,824,147,6.3497992775788985,230,4.761390887290168,400
334,0.1568,-626.1538461538462,3.655,4.84331797235023,72.39285714285714,869,149,2.820526521327305,230,5.002304147465438,735
335,0.1559,-583.6615384615384,3.3466666666666667,4.602625298329356,70.24940334128878,851,154,3.4014094701649946,230,4.761336515513126,799
336,0.155,-652.3538461538461,3.5725,5.015643802647412,70.55716004813478,826,146,7.455135468405145,230,5.152827918170878,479
337,0.1542,-571.4307692307693,3.205,4.389021479713604,70.90811455847255,832,147,4.298368608240017,230,4.52744630071599,403
338,0.1533,-624.9538461538461,3.464166666666667,4.744810744810745,71.01221001221002,833,143,4.244349753790407,231,4.891330891330892,863
339,0.1525,-583.0307692307692,3.2091666666666665,4.282583621683968,68.24913494809688,861,158,2.667251124223361,231,4.378316032295271,71
340,0.1516,-630.6153846153846,3.7091666666666665,4.913636363636364,72.50227272727273,882,153,4.316279556371514,231,5.038636363636364,310
341,0.1508,-590.123076923077,3.450833333333333,4.91921664626683,71.43206854345165,819,149,6.017229188498062,231,5.0758873929008566,548
342,0.15,-662.2153846153847,3.8291666666666666,5.2023809523809526,70.375,842,154,3.1657114819481995,231,5.358333333333333,578
343,0.1491,-643.1999999999999,3.645,5.2560975609756095,71.80975609756098,821,152,9.544841660256655,231,5.389024390243902,412
344,0.1483,-507.75384615384615,3.0883333333333334,4.194575471698113,69.91155660377359,850,164,3.640247647224595,231,4.321933962264151,840
345,0.1475,-594.6615384615385,3.145,4.397058823529412,69.77083333333333,837,150,4.679139392309918,231,4.544117647058823,79
346,0.1467,-551.276923076923,3.1133333333333333,4.277912621359223,69.02912621359224,818,162,4.287836379915639,231,4.429611650485437,365
347,0.1459,-720.446153846154,4.054166666666666,5.302752293577981,74.22591743119266,883,145,5.324744893183851,231,5.409403669724771,569
348,0.1451,-600.2461538461538,3.33,4.724477244772448,72.67527675276753,832,146,5.912445549277338,232,4.835178351783518,713
349,0.1443,-611.6923076923077,3.275,4.4588796185935635,69.24553039332538,851,147,4.609144224125891,232,4.599523241954708,85
350,0.1435,-656.476923076923,3.5258333333333334,4.482102908277405,69.75615212527964,893,148,3.584967152096858,232,4.623042505592841,534
351,0.1427,-620.5846153846153,3.5475,4.8213866039952995,71.08108108108108,860,157,4.692541925995946,232,4.971797884841363,626
352,0.1419,-595.7230769230769,3.3266666666666667,4.633016627078385,69.92161520190024,843,150,4.144718445740908,232,4.759478672985782,166
353,0.1411,-565.0769230769231,3.06,4.471626733921816,69.7326607818411,786,149,3.8499269073316364,232,4.644388398486759,494
354,0.1403,-562.2615384615385,3.235,4.4824667472793225,70.30592503022974,841,148,3.1804087553198936,232,4.610640870616687,482
355,0.1395,-629.4615384615386,3.365,4.6594724220623505,71.19424460431655,831,152,5.097716832891285,232,4.792565947242206,214
356,0.1388,-626.2,3.450833333333333,4.614268440145103,69.96977025392987,842,152,4.512382062503681,232,4.732769044740024,635
357,0.138,-679.3538461538461,3.6466666666666665,4.880614657210402,72.56619385342789,847,142,4.90619779901559,232,5.015366430260047,367
358,0.1372,-508.86153846153843,3.1016666666666666,4.492481203007519,70.36215538847118,796,157,4.228460509439461,232,4.619047619047619,812
359,0.1365,-644.5846153846155,3.388333333333333,4.791515151515152,72.28242424242424,834,150,3.767639810110405,232,4.945454545454545,122
360,0.1357,-557.1692307692308,3.0725,4.281061519903498,69.02412545235224,829,149,3.296244288054614,232,4.407720144752714,711
361,0.135,-606.0615384615385,3.2083333333333335,4.299086757990867,71.93721461187215,881,151,4.293438411820272,232,4.431506849315069,542
362,0.1342,-607.8615384615384,3.2591666666666668,4.5997581620314385,69.25755743651753,834,151,3.554703239229477,232,4.747279322853688,841
363,0.1335,-556.7692307692307,3.2133333333333334,4.58679706601467,70.80562347188264,821,143,3.393368244916391,232,4.729828850855745,545
364,0.1327,-695.7846153846153,3.76,5.369135802469136,74.49506172839506,812,139,8.209003153027393,232,5.5209876543209875,556
365,0.132,-641.6307692307691,3.58,5.070731707317073,71.44390243902438,814,142,3.955733675903975,232,5.221951219512195,866
366,0.1313,-603.8923076923077,3.4166666666666665,4.647127784290738,71.27080890973036,847,148,3.460201092100063,232,4.784290738569754,305
367,0.1306,-603.5692307692308,3.3466666666666667,4.548996458087367,71.32821723730815,844,153,3.216717133115696,232,4.678866587957497,871
368,0.1298,-673.9384615384615,3.5233333333333334,4.916666666666667,73.02415458937197,831,143,4.515919537314425,232,5.048309178743962,468
369,0.1291,-622.4307692307692,3.513333333333333,4.990086741016109,71.47831474597274,805,137,3.573559541627634,232,5.107806691449814,732
370,0.1284,-602.3692307692307,3.2533333333333334,4.39622641509434,69.64386792452831,854,147,4.681685576179013,232,4.508254716981132,671
371,0.1277,-588.323076923077,3.2416666666666667,4.3969732246798605,71.36554132712456,858,152,4.6918691132962715,232,4.516880093131548,720
372,0.127,-600.2307692307693,3.5308333333333333,4.7337209302325585,71.35232558139535,853,153,4.3387049681029675,232,4.8930232558139535,394
373,0.1263,-610.723076923077,3.1858333333333335,4.361826697892272,69.90866510538642,840,153,4.978415216136303,233,4.508196721311475,470
374,0.1256,-572.8,3.1158333333333332,4.360338573155985,71.97097944377268,828,147,2.2564602813619064,233,4.481257557436518,505
375,0.1249,-572.0769230769231,3.2741666666666664,4.484560570071259,70.69477434679335,839,150,4.255841395748446,233,4.6389548693586695,254
376,0.1242,-555.1846153846153,3.066666666666667,4.3682219419924335,70.00252206809584,811,149,3.6062814158047236,233,4.501891551071879,96
377,0.1235,-606.3538461538461,3.1933333333333334,4.4896719319562575,70.10328068043742,820,142,4.049306709635491,233,4.594167679222357,527
378,0.1228,-635.2307692307693,3.545,4.660508083140877,70.55080831408776,881,145,4.467955240643975,233,4.802540415704388,127
379,0.1221,-560.9230769230769,3.1683333333333334,4.463354037267081,71.95776397515527,803,149,7.217552419564503,233,4.592546583850932,432
380,0.1215,-519.276923076923,3.0366666666666666,4.274846625766871,69.76564417177914,808,150,3.4322358894858853,233,4.409815950920246,790
381,0.1208,-518.323076923077,3.0866666666666664,4.355582524271845,71.88228155339806,825,154,3.1852691742296098,233,4.490291262135922,696
382,0.1201,-565.1846153846154,3.1425,4.64404609475032,70.76696542893725,776,150,2.8050891238537465,233,4.787451984635084,481
383,0.1195,-560.5076923076923,3.5008333333333335,4.783372365339578,71.07728337236534,862,158,3.8719764880302567,233,4.9156908665105385,421
384,0.1188,-633.8,3.5225,4.722350230414746,71.62903225806451,868,145,4.238651751656938,233,4.903225806451613,848
385,0.1181,-624.276923076923,3.4116666666666666,4.67741935483871,69.00477897252091,825,146,3.9418223683236935,233,4.818399044205496,200
386,0.1175,-610.6769230769231,3.3766666666666665,4.902531645569621,71.73037974683544,785,144,6.716839539579169,233,5.026582278481013,348
387,0.1168,-599.3076923076923,3.3091666666666666,4.623501199040767,70.88609112709833,838,150,3.317460738022449,233,4.756594724220624,788
388,0.1162,-639.123076923077,3.5941666666666667,4.791375291375291,70.54778554778555,860,152,5.564614486595807,233,4.933566433566433,702
389,0.1156,-527.5384615384615,3.049166666666667,4.18957345971564,70.3388625592417,839,156,3.3960710106101875,233,4.312796208530806,802
390,0.1149,-619.8307692307692,3.6075,4.880371660859466,70.51103368176538,865,153,3.7821149841896666,233,5.006968641114983,717
391,0.1143,-610.1692307692308,3.315,4.596083231334149,70.35495716034272,820,144,3.719239718551264,233,4.74083129584352,877
392,0.1136,-539.1846153846154,3.1066666666666665,4.538558786346397,72.3944374209861,796,145,5.90078475965203,233,4.6611883691529705,665
393,0.113,-594.2615384615385,3.2216666666666667,4.4133016627078385,70.67577197149643,842,143,5.05191506647722,233,4.54750593824228,91
394,0.1124,-581.7692307692307,3.25,4.411971830985915,71.03051643192488,845,147,2.677539332209848,233,4.552816901408451,219
395,0.1118,-622.0923076923077,3.4741666666666666,4.758177570093458,72.81308411214954,856,148,4.842750041394902,233,4.906542056074766,177
396,0.1112,-514.0615384615385,2.8075,3.840144230769231,68.03245192307692,836,155,3.0740622736280327,233,3.972388955582233,27
397,0.1105,-562.6153846153846,3.0591666666666666,4.454770755885997,72.41511771995043,803,148,4.02740899418472,233,4.607187112763321,90
398,0.1099,-583.876923076923,3.4633333333333334,4.727590221187428,70.33527357392316,847,150,4.363314622248581,233,4.877764842840512,768
399,0.1093,-575.876923076923,3.295,4.7450248756218905,71.5410447761194,797,158,3.621725179212072,233,4.884328358208955,451
400,0.1087,-573.8153846153846,3.2216666666666667,4.396204033214709,71.07591933570582,850,155,3.485241237100977,233,4.5338078291814945,679
401,0.1081,-682.4153846153847,3.7675,4.997663551401869,72.3644859813084,860,148,3.3791514142924703,233,5.135514018691588,861
402,0.1075,-618.1846153846154,3.216666666666667,4.6367041198501875,70.2047440699126,800,145,3.324337704287777,233,4.776529338327091,619
403,0.1069,-549.8307692307692,3.1266666666666665,4.324940047961631,70.01438848920863,809,153,4.045287708342684,233,4.459232613908873,327
404,0.1063,-530.9384615384615,2.8225,3.8863636363636362,69.98803827751196,842,156,3.263062499431943,233,4.014354066985646,355
405,0.1057,-588.9692307692308,3.2916666666666665,4.545130641330166,71.40498812351544,846,149,3.729235117614787,233,4.672209026128266,433
406,0.1052,-607.9230769230769,3.24,4.463414634146342,71.53414634146341,819,148,3.178935427959513,233,4.61219512195122,737
407,0.1046,-589.4923076923077,3.1525,4.504294478527608,71.50429447852761,808,139,5.519392220349056,233,4.6282208588957054,621
408,0.104,-617.8,3.609166666666667,4.572234762979684,70.2392776523702,890,149,3.576925879280979,233,4.725733634311513,128
409,0.1034,-648.1538461538462,3.504166666666667,4.742924528301887,73.17688679245283,861,139,4.643157939854612,233,4.897405660377358,446
410,0.1028,-538.4615384615385,3.1883333333333335,4.384707287933094,69.31780167264039,833,154,4.3920388095429805,233,4.524492234169654,42
411,0.1023,-531.1846153846154,3.0633333333333335,4.279322853688029,68.546553808948,822,155,5.721063712727732,233,4.4461910519951635,831
412,0.1017,-646.3230769230768,3.7133333333333334,5.351485148514851,72.29950495049505,808,147,4.960289206701836,233,5.496287128712871,878
413,0.1011,-566.2615384615384,3.1275,4.477356181150551,71.17870257037944,827,150,3.2136014685279974,233,4.586291309669523,467
414,0.1006,-549.4769230769231,3.24,4.323831242873432,70.8654503990878,864,149,6.469286232975999,233,4.45381984036488,437
415,0.1,-560.7384615384615,2.9891666666666667,4.400250941028858,70.86951066499373,801,148,2.6986967617525117,233,4.531994981179423,231
416,0.0995,-559.1076923076923,3.2333333333333334,4.389929742388759,69.01873536299766,850,153,3.9851834088089793,233,4.521077283372366,498
417,0.0989,-543.276923076923,2.9766666666666666,4.257985257985258,68.70270270270271,812,149,5.413344719597954,234,4.386977886977887,462
418,0.0984,-510.32307692307694,2.8383333333333334,3.957420924574209,68.4963503649635,807,148,5.257609478690604,234,4.115571776155718,263
419,0.0978,-563.4153846153846,3.0258333333333334,4.337453646477132,71.62422744128554,811,135,3.1768416642146096,234,4.4598269468479605,39
420,0.0973,-595.4615384615385,3.194166666666667,4.258741258741258,70.91258741258741,864,149,3.7151929412407254,234,4.4044289044289044,611
421,0.0968,-626.2307692307693,3.430833333333333,4.801703163017032,72.92335766423358,811,140,4.156581011475157,234,4.94775212636695,785
422,0.0962,-596.7538461538461,3.35,4.633093525179856,71.1199040767386,835,147,3.211614319680547,234,4.779376498800959,107
423,0.0957,-686.5538461538462,3.7775,4.928652321630804,72.05889014722537,874,146,4.107631851442279,234,5.074745186862967,766
424,0.0952,-561.0,3.1983333333333333,4.553374233128834,71.9361963190184,811,147,3.561056693131775,234,4.712883435582822,331
425,0.0946,-614.8307692307692,3.2641666666666667,4.373549883990719,70.74941995359629,870,157,5.947518155350849,234,4.5324825986078885,17
426,0.0941,-586.2153846153847,3.1966666666666668,4.367924528301887,70.78891509433963,858,140,4.414478194515134,234,4.515330188679245,152
427,0.0936,-519.8153846153846,2.875,3.867383512544803,70.86140979689367,847,159,3.050737965096644,234,4.016726403823178,299
428,0.0931,-553.8461538461538,3.138333333333333,4.535087719298246,71.72556390977444,795,154,6.465095604117,234,4.674185463659148,744
429,0.0926,-500.79999999999995,2.941666666666667,4.210327455919395,70.32997481108312,783,156,4.0931290855896245,234,4.340050377833753,52
430,0.092,-548.0615384615385,3.1658333333333335,4.659354838709677,70.94064516129032,798,157,3.094610662891778,234,4.771612903225806,338
431,0.0915,-474.0615384615385,2.8408333333333333,4.0,67.66624843161857,805,163,4.645653848831341,234,4.122961104140527,167
432,0.091,-537.6615384615385,2.8958333333333335,4.0510948905109485,70.27128953771289,832,157,4.156285279407221,234,4.170316301703163,207
433,0.0905,-567.2153846153847,3.175,4.465538089480049,72.6590084643289,839,155,3.244372562342846,234,4.598548972188634,748
434,0.09,-478.1692307692308,2.8541666666666665,3.9951573849878934,69.00484261501211,840,158,4.409774004812678,234,4.123337363966143,452
435,0.0895,-620.5846153846154,3.5241666666666664,4.933008526187576,70.99634591961023,818,147,5.8925558592492635,234,5.047503045066992,335
436,0.089,-602.4615384615385,3.453333333333333,4.79739336492891,69.29620853080569,840,152,2.9699893550497363,234,4.941943127962086,725
437,0.0885,-612.3538461538461,3.5225,4.891304347826087,71.2451690821256,831,152,3.542985373134284,234,5.018115942028985,435
438,0.088,-532.9230769230769,3.1066666666666665,4.16747572815534,70.91383495145631,834,162,3.0218250031023013,234,4.303398058252427,773
439,0.0876,-571.0769230769231,3.3366666666666664,4.674475955610357,70.69790382244143,815,154,3.6266647446294993,234,4.813810110974106,474
440,0.0871,-604.1846153846154,3.4541666666666666,4.756788665879575,72.6965761511216,847,142,3.2580443990505508,234,4.892561983471074,411
441,0.0866,-603.1692307692308,3.296666666666667,4.599511599511599,71.25274725274726,819,148,4.818406207997912,234,4.752136752136752,530
442,0.0861,-584.1846153846154,3.256666666666667,4.4952153110047846,70.30502392344498,832,149,5.103888077405886,234,4.628434886499402,697
443,0.0856,-612.6307692307691,3.4916666666666667,4.8545887961859355,70.52205005959476,830,149,3.6313459296957937,234,4.99761620977354,777
444,0.0852,-584.9230769230769,3.2875,4.449880668257757,70.19212410501193,835,144,3.1089255248185013,234,4.591885441527446,37
445,0.0847,-643.3384615384615,3.5733333333333333,4.929678188319428,71.97258641239571,817,142,6.599849217997974,234,5.0631704410011915,323
446,0.0842,-610.5230769230769,3.6,4.905548996458087,71.7556080283353,858,155,2.9771259541911967,234,5.04250295159386,148
447,0.0838,-514.0923076923077,2.8808333333333334,3.9829268292682927,70.8829268292683,810,158,5.664556430026833,234,4.139024390243902,440
448,0.0833,-566.2153846153847,3.223333333333333,4.441527446300716,69.91408114558473,825,154,5.3025909414017045,234,4.5894988066825775,375
449,0.0828,-492.92307692307696,2.9758333333333336,3.98018648018648,70.27505827505827,863,162,2.934202732103829,234,4.115384615384615,405
450,0.0824,-480.7230769230769,2.67,3.8516209476309227,69.56109725685785,818,161,2.917958193566004,234,3.9775840597758405,714
451,0.0819,-599.3384615384616,3.3741666666666665,4.584028605482717,70.8331346841478,840,151,5.8753638500569565,234,4.7270560190703215,311
452,0.0815,-571.9384615384615,3.07,4.312117503059976,72.04895960832313,822,156,2.9862288988926617,234,4.449204406364749,330
453,0.081,-557.8615384615384,3.0741666666666667,4.392156862745098,72.77573529411765,827,150,3.8748921092605126,234,4.53921568627451,116
454,0.0806,-580.1692307692308,3.2983333333333333,4.45993031358885,73.30081300813008,873,152,3.891624112729266,234,4.613240418118467,653
455,0.0801,-561.7846153846153,3.466666666666667,4.676814988290398,70.97892271662764,842,156,4.646858081549849,234,4.836065573770492,360
456,0.0797,-551.5384615384617,3.2558333333333334,4.285390713476784,69.63533408833523,883,159,3.619471210585404,234,4.424688561721404,75
457,0.0792,-550.9692307692308,3.0425,3.9360730593607305,69.32648401826484,889,153,3.1207134586185283,234,4.090182648401827,133
458,0.0788,-574.0461538461539,3.185,4.441527446300716,72.65513126491646,840,145,3.3399077948887688,234,4.5823389021479715,511
459,0.0784,-574.5999999999999,3.3566666666666665,4.617298578199052,71.73696682464455,834,164,4.671337536328414,234,4.741706161137441,294
460,0.0779,-632.0153846153846,3.625,4.784403669724771,72.12155963302752,885,162,3.7884502373518987,234,4.911697247706422,244
461,0.0775,-515.7076923076922,2.9525,4.053571428571429,69.97619047619048,844,153,4.110684503324552,234,4.188095238095238,320
462,0.0771,-542.323076923077,3.0208333333333335,4.1881656804733725,70.6792899408284,841,160,2.7312200195994025,234,4.312426035502958,493
463,0.0766,-537.9230769230769,3.0341666666666667,4.15130023640662,71.37706855791963,859,156,2.9656920551527164,234,4.2695035460992905,685
464,0.0762,-533.3846153846154,2.9808333333333334,4.2309582309582305,70.9054054054054,823,152,3.398820497533544,234,4.356265356265356,151
465,0.0758,-478.5846153846154,2.865,4.1405269761606025,70.58971141781682,797,153,3.2653626232192763,234,4.267252195734002,837
466,0.0754,-497.24615384615385,2.9316666666666666,4.168498168498169,70.57387057387058,813,151,2.761503670260488,234,4.293040293040293,47
467,0.075,-578.8923076923077,3.3,4.651477832512315,72.58620689655173,822,157,2.6723647930768015,234,4.779556650246305,295
468,0.0745,-550.3538461538461,3.2808333333333333,4.381714285714286,71.58285714285714,871,144,4.935390525280695,234,4.542857142857143,600
469,0.0741,-577.1538461538462,3.180833333333333,4.435096153846154,70.74879807692308,829,143,6.7820580127405385,234,4.574519230769231,769
470,0.0737,-600.0769230769231,3.295,4.6201923076923075,69.91225961538461,825,156,3.8376717351216274,234,4.762019230769231,86
471,0.0733,-571.6615384615385,3.2933333333333334,4.565323565323565,71.98168498168498,814,146,2.9869648795120565,234,4.717948717948718,313
472,0.0729,-578.5538461538462,3.37,4.661137440758294,69.77251184834124,837,151,4.705118460930368,234,4.815165876777251,182
473,0.0725,-596.4923076923077,3.1908333333333334,4.348502994011976,69.89700598802395,831,152,3.0537404169868108,234,4.498203592814371,805
474,0.0721,-547.5692307692308,3.27,4.353146853146853,69.94055944055944,863,154,2.9708222632692896,234,4.484848484848484,419
475,0.0717,-571.5230769230769,3.3091666666666666,4.440092165898617,71.91013824884793,867,153,3.554349062275709,234,4.627880184331797,83
476,0.0713,-584.323076923077,3.2333333333333334,4.246857142857142,70.10057142857143,866,149,5.007623122920476,234,4.413714285714286,765
477,0.0709,-543.0923076923077,3.11,4.494310998735777,70.22503160556258,780,148,2.900079849355537,234,4.643489254108723,266
478,0.0705,-513.7076923076922,3.058333333333333,4.296341463414634,68.96829268292683,800,159,3.057262463370821,234,4.440243902439025,539
479,0.0701,-544.3538461538462,2.9166666666666665,3.995243757431629,68.32461355529132,843,155,4.237687837324305,234,4.1319857312722945,524
480,0.0697,-509.16923076923075,2.9025,4.12875,69.59375,794,146,2.9035213296039517,234,4.26375,642
481,0.0694,-583.6,3.555,5.108935128518972,72.88984088127295,818,149,8.641852234205775,234,5.269277845777234,580
482,0.069,-570.1692307692308,3.0283333333333333,4.243080625752106,70.85800240673886,825,157,2.2268704791964624,234,4.397111913357401,229
483,0.0686,-567.4923076923078,3.2,4.306264501160093,70.32714617169374,863,152,4.47190567787224,234,4.423433874709977,185
484,0.0682,-499.8307692307692,2.9183333333333334,3.984146341463415,70.50853658536586,829,158,2.5530985332562337,234,4.124390243902439,567
485,0.0678,-577.4307692307692,3.5366666666666666,4.602663706992231,71.01886792452831,910,166,2.954558267182536,234,4.735849056603773,426
486,0.0675,-450.0,2.535,3.5529841656516443,69.3483556638246,816,162,2.3636245814480095,234,3.673568818514007,124
487,0.0671,-505.12307692307695,3.0608333333333335,4.140845070422535,69.11150234741784,849,158,3.1641438279050793,234,4.268779342723005,33
488,0.0667,-487.0307692307691,2.885,3.928738317757009,69.6214953271028,850,157,3.6369270326641407,234,4.0735981308411215,694
489,0.0664,-522.9538461538461,3.2125,4.503001200480192,71.32533013205283,829,148,2.3431926110753705,234,4.65546218487395,455
490,0.066,-506.86153846153843,3.0808333333333335,4.257683215130023,70.1418439716312,845,156,3.21225584724818,234,4.391252955082742,44
491,0.0656,-624.6,3.404166666666667,4.773881499395405,71.13180169286578,821,159,2.9513848469653103,234,4.905683192261185,709
492,0.0653,-534.2153846153847,3.1108333333333333,4.4103535353535355,70.96464646464646,803,151,2.824819308337291,234,4.539141414141414,262
493,0.0649,-557.5846153846154,3.215,4.517575757575758,70.70787878787878,839,146,2.4423861863188856,234,4.658181818181818,615
494,0.0645,-522.4769230769231,2.8516666666666666,4.033898305084746,70.01210653753027,835,156,3.019269700645391,234,4.148730350665055,457
495,0.0642,-549.2,3.1883333333333335,4.135287485907553,67.74182638105975,880,157,3.50372906209682,234,4.316798196166855,397
496,0.0638,-553.8,3.265833333333333,4.6313823163138235,69.0983810709838,800,155,5.072260047052821,234,4.755915317559153,31
497,0.0635,-548.1692307692308,3.055833333333333,4.125748502994012,71.02395209580838,838,148,5.333887744068957,234,4.293062200956938,137
498,0.0631,-587.5384615384615,3.4066666666666667,4.5873959571938165,72.95243757431629,842,145,6.220997769998209,234,4.741973840665874,599
499,0.0628,-530.0307692307692,3.005,4.099282296650718,69.50956937799043,840,147,3.0927547361352863,234,4.2452153110047846,648
500,0.0624,-547.7692307692307,3.2241666666666666,4.545787545787546,70.37973137973138,822,150,2.8521262513906755,234,4.665445665445666,436
501,0.0621,-636.9230769230769,3.655,5.387096774193548,72.76645161290323,771,144,4.845219884345661,234,5.506443298969073,864
502,0.0617,-546.2615384615384,3.1558333333333333,4.313748531139836,70.75793184488836,846,150,2.6193447022788927,234,4.468860164512338,755
503,0.0614,-533.123076923077,2.964166666666667,4.064439140811456,70.82816229116945,842,149,2.3553572592057535,234,4.216924910607866,407
504,0.0611,-617.3538461538462,3.4025,4.562355658198614,70.48845265588915,873,147,3.3013707151474008,234,4.720554272517321,155
505,0.0607,-636.0461538461539,3.3741666666666665,4.693236714975845,71.72705314009661,841,141,4.473468074121324,234,4.841787439613527,175
506,0.0604,-637.5384615384614,3.4883333333333333,4.659327925840093,72.045191193511,877,143,5.13365333750704,234,4.800695249130938,402
507,0.06,-555.4,3.12,4.313253012048193,70.39638554216867,837,155,2.840291621295368,234,4.440963855421686,618
508,0.0597,-590.5384615384615,3.2708333333333335,4.687192118226601,72.26231527093596,828,146,5.161271063556647,234,4.812807881773399,340
509,0.0594,-557.1076923076923,3.1733333333333333,4.475845410628019,71.41183574879227,828,145,3.9005717361182364,234,4.5978260869565215,232
510,0.0591,-558.123076923077,3.3158333333333334,4.599759615384615,70.19110576923077,834,152,3.067613199929112,234,4.7235576923076925,423
511,0.0587,-625.1846153846154,3.44,4.890909090909091,73.61090909090909,818,130,6.085329851293737,234,5.047272727272727,851
512,0.0584,-534.4923076923077,3.0791666666666666,4.217496962332929,70.33535844471446,812,147,3.0736133088233912,234,4.347509113001215,38
513,0.0581,-600.6923076923076,3.359166666666667,4.831417624521073,73.18773946360153,807,141,4.622085656208474,234,4.961685823754789,767
514,0.0578,-557.6615384615384,3.2358333333333333,4.438908659549229,70.5338078291815,849,144,2.710592314318517,234,4.5587188612099645,491
515,0.0574,-602.6,3.2333333333333334,4.3712296983758705,70.67401392111368,863,145,3.08127593120349,234,4.496519721577727,572
516,0.0571,-530.5999999999999,2.97,4.169249106078665,68.35637663885578,830,151,3.0504866403305027,234,4.297973778307509,88
517,0.0568,-545.7230769230769,2.925,4.306045340050378,71.34886649874055,784,142,3.5652704104874173,234,4.45088161209068,756
518,0.0565,-544.5230769230769,2.9258333333333333,3.8833718244803697,69.39953810623557,859,151,3.420680298692292,234,4.017321016166282,742
519,0.0562,-568.2923076923078,3.025,4.120567375886525,69.16193853427896,849,143,2.646977532178938,234,4.260920897284533,564
520,0.0559,-592.8923076923077,3.2125,4.4106280193236715,69.69323671497584,835,145,3.3084017997882365,234,4.544685990338165,339
521,0.0556,-576.2307692307693,3.0825,4.2737094837935174,69.91116446578631,835,147,5.346293513725202,234,4.4033613445378155,733
522,0.0553,-551.3076923076924,3.0383333333333336,4.417098445595855,70.48575129533678,793,149,2.696537094133517,234,4.55440414507772,794
523,0.0549,-621.7846153846153,3.4175,4.704761904761905,71.53809523809524,855,150,2.6099818853685752,234,4.845238095238095,806
524,0.0546,-628.8,3.3491666666666666,4.532088681446908,70.41423570595099,856,152,3.045339287942657,234,4.653442240373396,555
525,0.0543,-631.2769230769231,3.421666666666667,4.622554660529344,71.07825086306099,865,149,5.324675177466385,234,4.812428078250863,478
526,0.054,-557.5692307692308,3.2175,4.557055214723927,71.16564417177914,807,148,2.611696845422234,234,4.688343558282209,622
527,0.0537,-588.5076923076922,3.075833333333333,4.1633605600933485,69.95682613768962,853,149,3.0421128081244526,234,4.313885647607934,59
528,0.0534,-562.2615384615385,3.1766666666666667,4.322195704057279,70.58472553699283,850,147,3.684815039781156,234,4.4677804295942725,761
529,0.0531,-472.26153846153846,2.6141666666666667,3.9040920716112533,68.58951406649616,771,151,3.3783956666729944,234,4.024296675191816,815
530,0.0529,-588.3230769230768,3.5225,4.747368421052632,70.4374269005848,856,151,2.835180579920639,234,4.887719298245614,61
531,0.0526,-686.8461538461538,3.3841666666666668,4.700721153846154,72.03485576923077,853,147,2.937395300805604,234,4.835336538461538,293
532,0.0523,-516.2461538461538,3.095,4.335380835380835,71.33292383292384,825,148,3.0904173529537546,234,4.475429975429975,453
533,0.052,-662.1692307692308,3.763333333333333,4.897206703910615,72.48938547486034,914,154,3.3153674042978927,234,5.077094972067039,312
534,0.0517,-546.9846153846154,3.035833333333333,4.092436974789916,70.91356542617046,849,151,5.4240700297846045,234,4.208883553421368,651
535,0.0514,-548.9384615384615,2.8583333333333334,4.102977667493796,69.75806451612904,803,146,2.4523211065818313,234,4.2431761786600495,726
536,0.0511,-554.1076923076923,3.025,4.233939393939394,70.04,815,145,3.131051050541612,234,4.413333333333333,676
537,0.0508,-611.5999999999999,3.4091666666666667,4.53810623556582,70.20438799076213,874,148,3.0172226902243815,234,4.66512702078522,404
538,0.0506,-672.7846153846154,3.5808333333333335,4.943661971830986,72.16197183098592,860,139,3.5551325140745096,234,5.068075117370892,558
539,0.0503,-640.3846153846154,3.3475,4.528857479387515,71.50883392226149,855,139,3.6323953544272567,234,4.7008244994110715,0
540,0.05,-595.9538461538461,3.2866666666666666,4.3883040935672515,71.40584795321638,858,147,3.424705275390085,234,4.541520467836257,584
541,0.05,-642.4615384615385,3.4775,4.832740213523132,71.12574139976275,855,138,3.507730944193957,234,4.977461447212337,791
542,0.05,-544.0,3.1058333333333334,4.343373493975903,70.76506024096386,834,158,3.7374442152113976,234,4.463855421686747,349
543,0.05,-578.1076923076923,3.3233333333333333,4.608643457382954,69.81512605042016,851,147,3.8150863213532316,234,4.729891956782713,473
544,0.05,-583.6461538461538,3.5408333333333335,4.7609699769053115,70.58198614318707,861,153,2.466885767461258,234,4.936489607390301,239
545,0.05,-505.46153846153845,3.0075,4.14268727705113,69.04161712247324,848,161,2.5815020050627635,234,4.264845605700713,652
546,0.05,-558.8923076923077,2.941666666666667,4.259165613147914,69.49431099873578,811,142,4.193596410718389,234,4.400758533501897,643
547,0.05,-605.5076923076923,3.234166666666667,4.555417185554172,71.23038605230386,806,141,3.0088444100024416,234,4.701120797011208,741
548,0.05,-572.2461538461538,3.0766666666666667,4.469182389937107,70.4817610062893,798,139,2.9414662487431507,234,4.590452261306533,255
549,0.05,-537.2307692307693,2.7816666666666667,3.99125,70.305,792,144,3.618616189777698,234,4.13375,858
550,0.05,-536.4615384615385,3.220833333333333,4.381235154394299,70.38479809976248,845,153,3.3343571905132596,234,4.510688836104513,235
551,0.05,-493.5076923076923,3.0175,4.081585081585081,71.01515151515152,864,162,3.50559097790055,234,4.20979020979021,300
552,0.05,-547.4307692307692,3.2866666666666666,4.4367015098722415,70.17073170731707,845,153,3.026496511493575,234,4.590011614401858,242
553,0.05,-500.4153846153846,2.7683333333333335,3.9114077669902914,69.54611650485437,829,162,2.403285332431768,234,4.049757281553398,183
554,0.05,-587.1846153846153,3.473333333333333,4.532203389830508,69.09378531073446,878,150,3.1051928114206353,234,4.684745762711865,469
555,0.05,-617.5384615384614,3.424166666666667,4.759903961584634,72.39015606242496,834,146,3.7000075519670883,234,4.921968787515006,543
556,0.05,-545.8615384615384,3.1283333333333334,4.3971291866028706,71.04904306220095,839,156,3.7427440072240463,234,4.529904306220096,32
557,0.05,-508.13846153846157,2.9283333333333332,4.167679222357229,69.53341433778859,822,162,3.2212768449366505,234,4.298906439854192,860
558,0.05,-507.95384615384614,2.7741666666666664,3.84916864608076,70.34916864608076,847,147,3.9820669174436527,234,3.972684085510689,361
559,0.05,-478.4923076923077,2.890833333333333,4.023002421307506,70.73849878934625,842,162,4.382414032654451,234,4.154963680387409,747
560,0.05,-479.03076923076924,2.785,3.9501216545012166,69.12530413625304,817,156,5.486864921052675,234,4.060753341433779,336
561,0.05,-532.4307692307691,3.1683333333333334,4.314923619271445,70.9529964747356,843,154,2.7231882363433813,234,4.492957746478873,489
562,0.05,-519.3076923076924,3.0275,4.332515337423313,71.65644171779141,814,150,2.457035931416778,234,4.469938650306749,809
563,0.05,-558.8,3.0183333333333335,4.035671819262783,70.82401902497027,854,146,4.796217748466177,234,4.18192627824019,825
564,0.05,-462.96923076923076,2.595833333333333,3.6012658227848102,70.6860759493671,794,153,4.215080208046421,234,3.7531645569620253,638
565,0.05,-471.46153846153845,2.785,3.7473928157589804,70.57010428736965,853,153,2.92456156572799,234,3.8864426419466978,202
566,0.05,-514.1076923076923,2.8325,3.965043695380774,71.48439450686642,805,150,2.3432309403698772,234,4.086142322097379,620
567,0.05,-469.7692307692308,2.7425,3.7655502392344498,69.70574162679426,841,155,2.775338749995162,234,3.9198564593301435,187
568,0.05,-545.7692307692307,3.129166666666667,4.28169014084507,71.38732394366197,841,164,2.5367480394256696,234,4.419014084507042,298
569,0.05,-516.8153846153846,3.0191666666666666,4.164285714285715,69.04642857142858,850,155,3.810954188017219,234,4.3,157
570,0.05,-527.6923076923077,2.825833333333333,4.0331288343558285,71.21226993865031,810,147,4.576716630712458,234,4.185276073619632,456
571,0.05,-494.90769230769234,2.925,3.9381563593932323,68.73862310385064,848,154,2.4676060518120058,234,4.088681446907818,256
572,0.05,-516.4923076923078,2.9091666666666667,4.096852300242131,71.05084745762711,822,152,2.8099461616306707,234,4.254237288135593,316
573,0.05,-506.6615384615385,2.8491666666666666,4.03030303030303,70.22181818181818,834,145,2.6862037152338387,234,4.176969696969697,43
574,0.05,-509.83076923076925,2.964166666666667,4.022093023255814,70.36046511627907,853,153,2.771742241928573,234,4.144186046511628,252
575,0.05,-540.3076923076924,3.1825,4.20852534562212,69.70046082949308,873,158,3.6696761581624076,234,4.336018411967779,385
576,0.05,-559.5846153846154,3.4,4.593119810201661,70.86832740213524,845,155,2.7520768043723622,234,4.736654804270462,192
577,0.05,-607.1846153846154,3.3141666666666665,4.401836969001148,70.43053960964409,863,142,5.364800441840333,234,4.539609644087256,159
578,0.05,-569.0461538461539,3.2491666666666665,4.479857819905213,72.19075829383887,858,149,3.9951503294008934,234,4.632701421800948,236
579,0.05,-441.75384615384615,2.355,3.3296969696969696,69.06787878787878,823,160,2.2587894129047137,234,3.475151515151515,196
580,0.05,-497.5692307692307,2.905,3.9545454545454546,69.49162679425838,837,155,2.4996143668846167,234,4.096774193548387,309
581,0.05,-501.41538461538465,2.975,4.091981132075472,69.73584905660377,838,151,4.235111600249597,234,4.2629716981132075,476
582,0.05,-521.2153846153847,2.9625,4.24537607891492,69.94697903822441,802,148,3.1366129945756787,234,4.392108508014797,842
583,0.05,-503.2615384615384,2.7175,4.025740025740026,69.5997425997426,786,143,2.926330959025016,234,4.158301158301159,203
584,0.05,-544.123076923077,3.0391666666666666,4.068208092485549,70.32832369942197,860,151,5.394855166235982,234,4.226589595375723,10
585,0.05,-571.646153846154,3.1033333333333335,4.42962962962963,72.06543209876543,810,144,3.0686306551916416,234,4.562962962962963,34
586,0.05,-613.5230769230768,3.4008333333333334,4.723833543505675,72.0453972257251,813,149,3.543111777705744,234,4.860025220680958,14
587,0.05,-618.0615384615385,3.0341666666666667,4.154946364719905,72.17163289630513,851,145,4.335350722812878,234,4.283671036948748,342
588,0.05,-587.8307692307692,3.3216666666666668,4.645238095238096,71.03571428571429,837,153,2.599646588259688,234,4.786904761904762,656
589,0.05,-492.53846153846155,2.8341666666666665,3.993954050785973,70.31922611850061,822,148,2.7951560945265848,234,4.118500604594922,894
590,0.05,-448.23076923076917,2.8425,3.8368794326241136,68.83096926713948,853,166,2.1994040157476324,234,3.9527186761229314,793
591,0.05,-536.4923076923077,3.0441666666666665,4.244338498212158,72.86412395709178,835,149,3.779222510632066,234,4.394517282479142,190
592,0.05,-527.1846153846153,2.8558333333333334,4.04920049200492,69.619926199262,822,149,5.624094749512524,234,4.169741697416974,705
593,0.05,-599.5692307692308,3.3583333333333334,4.631641086186541,71.26918536009445,853,148,4.743761339980042,234,4.752358490566038,306
594,0.05,-660.0307692307692,3.5275,4.913772455089821,73.15209580838324,854,144,4.449110645531871,234,5.055089820359282,332
595,0.05,-501.73846153846154,2.8641666666666667,4.018359853121175,69.86168910648715,823,154,3.1975330335391043,234,4.164014687882497,631
596,0.05,-509.20000000000005,2.995,4.070828331332533,70.71068427370949,820,152,3.539811019431787,234,4.207434052757794,764
597,0.05,-506.0923076923077,2.8375,4.009744214372716,71.42387332521315,826,156,2.625365132234097,234,4.177831912302071,370
598,0.05,-516.4,2.888333333333333,3.970414201183432,71.38579881656804,846,155,3.064412468777367,234,4.118343195266272,224
599,0.05,-530.323076923077,3.1166666666666667,3.9618834080717487,69.74103139013452,890,158,3.1594637102064906,234,4.0874439461883405,779
600,0.05,-530.1076923076923,3.0766666666666667,4.2283372365339575,71.72716627634661,842,149,2.8724453822171947,234,4.370023419203747,169
601,0.05,-565.9230769230769,3.1891666666666665,4.3926453143535,69.65954922894424,843,145,4.065466577091924,234,4.525504151838671,746
602,0.05,-495.3230769230769,2.865,3.9176610978520285,69.75298329355608,843,156,2.8767946260001063,234,4.051312649164678,114
603,0.05,-506.3384615384615,2.735,3.827503015681544,70.79372738238843,817,154,2.4351874535935,234,3.95416164053076,379
604,0.05,-513.323076923077,2.776666666666667,3.8607442977190876,69.66386554621849,827,147,3.010399828246084,234,3.991596638655462,488
605,0.05,-548.0461538461539,3.216666666666667,4.569696969696969,72.39393939393939,832,150,2.736352450157073,234,4.709090909090909,226
606,0.05,-458.21538461538455,2.4966666666666666,3.6403508771929824,68.33458646616542,796,154,6.509160587719738,234,3.763157894736842,289
607,0.05,-564.1999999999999,3.0875,4.185360094451004,72.2172373081464,853,152,2.972380106666984,234,4.324675324675325,672
608,0.05,-578.3692307692307,3.075833333333333,4.235860409145608,70.73285198555956,835,150,2.8535860594063793,234,4.376654632972323,739
609,0.05,-564.7692307692307,3.3858333333333333,4.6224611708482675,70.48506571087216,823,154,4.559082080799353,234,4.753882915173238,843
610,0.05,-549.0923076923077,2.9591666666666665,4.020166073546856,70.61209964412811,843,146,2.6310329158664465,234,4.180308422301305,410
611,0.05,-547.3846153846155,3.035,4.220095693779904,70.50478468899522,819,150,2.2688983636452886,234,4.333333333333333,463
612,0.05,-562.4307692307693,3.1433333333333335,4.406134969325153,70.5840490797546,811,154,2.2950228537049777,234,4.521472392638037,396
613,0.05,-544.9076923076923,3.0016666666666665,4.232098765432099,70.24444444444444,814,144,2.369123833026907,234,4.383950617283951,372
614,0.05,-539.3384615384615,3.125,4.282296650717703,71.16267942583733,846,156,2.7521271937438883,234,4.40311004784689,698
615,0.05,-517.0307692307692,2.9925,4.1807372175980975,69.56480380499406,852,162,2.2652744693686038,234,4.319857312722949,625
616,0.05,-512.7692307692307,2.8825,3.8189066059225514,70.37927107061503,887,147,3.1524867212899963,234,3.9521640091116175,373
617,0.05,-509.8923076923077,2.964166666666667,4.155555555555556,71.2320987654321,806,149,4.190432650452888,234,4.293827160493827,585
618,0.05,-546.3384615384615,3.0658333333333334,4.126909518213866,69.51586368977674,850,152,3.5501573159437703,234,4.27967097532315,710
619,0.05,-510.6923076923077,2.941666666666667,4.029515938606847,71.17001180637544,844,149,3.62468262705217,234,4.147579693034238,362
620,0.05,-479.0307692307692,2.9091666666666667,3.921387283236994,70.42196531791907,854,160,2.4438583388590254,234,4.0658959537572255,260
621,0.05,-535.3846153846154,2.995,4.16144578313253,69.44939759036144,840,154,2.4449400892181226,234,4.265060240963855,723
622,0.05,-533.2615384615385,2.935,4.07361963190184,70.76196319018405,820,149,1.9696868551292135,234,4.202205882352941,554
623,0.05,-501.0615384615385,2.6641666666666666,3.876865671641791,70.65174129353234,804,154,3.293776867171006,234,4.013681592039801,210
624,0.05,-504.03076923076924,2.9433333333333334,3.9784172661870505,69.61750599520384,836,157,2.1929787696394314,234,4.116306954436451,822
625,0.05,-589.9076923076923,3.26,4.5059241706161135,70.86137440758294,844,149,2.4084077034331934,234,4.674556213017752,641
626,0.05,-528.6307692307693,2.7475,3.8166259168704157,71.04523227383864,816,139,2.8973055544132933,234,3.986552567237164,72
627,0.05,-506.33846153846156,2.9166666666666665,4.2275,68.65375,794,152,3.26229383227759,234,4.3475,586
628,0.05,-556.0307692307692,2.9908333333333332,4.1354292623941955,70.94437726723096,832,148,3.835043034060459,234,4.261185006045949,268
629,0.05,-612.4,3.3033333333333332,4.534911242603551,72.17988165680474,848,144,3.6136767027071435,234,4.697041420118343,218
630,0.05,-622.9846153846154,3.275,4.693528693528694,72.45665445665446,824,140,2.958736422536989,234,4.832722832722832,823
631,0.05,-579.0,3.316666666666667,4.51187648456057,69.20783847980998,830,155,2.630341173005114,234,4.648456057007126,796
632,0.05,-597.7538461538461,2.9916666666666667,4.125456760048721,71.04506699147382,822,144,2.226512587669894,234,4.254567600487211,442
633,0.05,-495.2,2.7108333333333334,3.8345588235294117,71.5220588235294,821,146,3.830150507333883,234,3.965686274509804,693
634,0.05,-521.0,3.0025,4.130695443645084,70.31294964028777,824,149,3.6166159554712434,234,4.266187050359712,565
635,0.05,-536.6461538461539,3.1233333333333335,4.3691194209891435,70.5729794933655,835,152,5.616818264535094,234,4.512665862484922,204
636,0.05,-525.2615384615384,3.0108333333333333,4.212792127921279,70.38868388683886,816,149,3.000197187531881,234,4.31980319803198,537
637,0.05,-536.1538461538462,3.0841666666666665,4.369512195121951,72.81219512195122,825,143,3.926811307630371,234,4.532926829268293,520
638,0.05,-534.6153846153845,2.9183333333333334,4.13919413919414,68.75457875457876,824,152,2.3653531651132162,234,4.2686202686202686,890
639,0.05,-555.6923076923077,3.2691666666666666,4.58542413381123,70.77777777777777,837,152,2.873060160229367,234,4.709677419354839,324
640,0.05,-518.0923076923077,2.9558333333333335,3.9760765550239237,69.73803827751196,843,154,2.7651170240922487,234,4.114832535885167,818
641,0.05,-573.3692307692307,3.214166666666667,4.339556592765461,70.29988331388564,859,156,3.1494589944994167,234,4.498249708284714,811
642,0.05,-537.5692307692308,3.075,4.203125,69.80048076923077,831,155,2.794445146031297,234,4.320913461538462,645
643,0.05,-494.7692307692307,2.83,3.8851269649334945,67.74123337363966,824,154,3.1651876995997386,234,4.024183796856106,272
644,0.05,-481.9384615384615,2.86,3.958594730238394,68.73400250941029,793,155,3.6938143981655718,234,4.070263488080301,528
645,0.05,-505.8923076923077,2.88,4.011961722488039,70.58851674641149,830,153,3.0986402101089126,234,4.15311004784689,65
646,0.05,-520.6153846153846,3.0025,4.268142681426815,71.54366543665436,810,148,2.858418269275694,234,4.392373923739237,824
647,0.05,-537.123076923077,2.8841666666666668,4.044902912621359,70.02427184466019,828,151,2.8918877835259136,234,4.154126213592233,285
648,0.05,-549.2153846153847,3.1283333333333334,4.235087719298246,70.56491228070175,849,151,2.8869605277946326,234,4.396491228070175,102
649,0.05,-513.2923076923078,3.0441666666666665,4.12914691943128,68.79620853080569,842,154,2.515969162246892,234,4.231042654028436,399
650,0.05,-566.123076923077,3.305,4.462600690448792,71.27963176064442,856,149,2.8444133827765237,234,4.612197928653625,715
651,0.05,-514.8461538461538,2.975,4.196538936959209,72.30655129789864,821,152,2.9997661498934387,234,4.3238566131025955,6
652,0.05,-543.1538461538462,3.0433333333333334,4.235860409145608,71.16967509025271,828,152,3.069946831955077,234,4.375451263537906,286
653,0.05,-476.4923076923077,2.725,3.6865497076023392,69.94385964912281,860,162,3.347076528316049,234,3.8350877192982455,573
654,0.05,-575.7230769230769,3.1891666666666665,4.2877030162412995,69.28538283062645,852,150,2.5127840767097145,234,4.439675174013921,722
655,0.05,-545.0,2.9908333333333332,4.227832512315271,69.64655172413794,816,153,2.7369968362983985,234,4.364532019704433,178
656,0.05,-466.46153846153845,2.7266666666666666,3.8058252427184467,70.81067961165049,814,160,5.811984960761068,234,3.9320388349514563,897
657,0.05,-613.0615384615385,3.5166666666666666,4.740914419695193,71.65416178194607,851,146,3.6430464886268314,234,4.871043376318875,686
658,0.05,-467.38461538461536,2.795,3.9853479853479854,69.16483516483517,821,161,4.035026947190719,234,4.12942612942613,247
659,0.05,-543.6153846153846,3.015833333333333,4.038823529411765,70.45647058823529,848,158,3.3521146227053413,234,4.184705882352941,523
660,0.05,-534.7846153846153,3.2608333333333333,4.26643598615917,71.0080738177624,856,153,2.830252554797268,234,4.400230680507497,855
661,0.05,-571.5538461538462,3.3666666666666667,4.4614499424626,71.81703107019563,876,158,3.8402247250213075,234,4.5972382048331415,828
662,0.05,-605.553846153846,3.3858333333333333,4.611045828437133,70.96239717978848,862,143,3.413331132499666,234,4.749706227967097,525
663,0.05,-558.4769230769231,3.0316666666666667,4.5256410256410255,70.71538461538462,783,145,3.3723947560708294,234,4.662820512820513,97
664,0.05,-510.29230769230776,2.944166666666667,4.0831353919239906,69.17339667458432,828,160,3.6261253937432794,234,4.24228028503563,661
665,0.05,-477.26153846153846,2.7291666666666665,3.975796178343949,70.2203821656051,789,151,3.2795473685637027,234,4.104458598726115,248
666,0.05,-566.7384615384615,3.0275,4.370098039215686,71.50735294117646,806,145,4.0923163856572415,234,4.493872549019608,673
667,0.05,-563.123076923077,3.4791666666666665,4.674712643678161,70.17471264367816,854,154,2.983044192853067,234,4.827586206896552,213
668,0.05,-564.5692307692308,3.0275,4.480867346938775,72.08163265306122,798,145,4.385022893719016,234,4.651785714285714,132
669,0.05,-534.8000000000001,3.0791666666666666,4.154577883472057,70.36860879904876,844,146,4.1413312605601265,234,4.315101070154578,507
670,0.05,-524.9076923076923,2.915,4.106842737094838,70.06602641056422,830,150,2.035279331279059,234,4.235294117647059,241
671,0.05,-544.3230769230769,3.0275,4.168689320388349,71.46116504854369,835,145,3.3367862712534,234,4.29247572815534,408
672,0.05,-522.0,2.695,3.826946847960445,69.33992583436341,819,146,2.553357705462321,234,3.9851668726823237,630
673,0.05,-519.7384615384615,2.8841666666666668,4.001209189842806,68.71463119709794,834,154,2.548606733903467,234,4.118357487922705,197
674,0.05,-575.3384615384615,2.9758333333333336,4.230483271375465,70.58488228004957,805,145,2.585332005246998,234,4.40272614622057,130
675,0.05,-479.1076923076923,2.7691666666666666,3.763723150357995,68.18973747016706,837,157,2.4708812295687768,234,3.912887828162291,850
676,0.05,-531.0923076923077,2.9125,4.092457420924574,68.51338199513383,813,144,2.4015596189689923,234,4.25669099756691,328
677,0.05,-530.6923076923077,3.066666666666667,4.221271393643032,70.00366748166259,825,148,3.7744695366572385,234,4.363080684596577,820
678,0.05,-574.1692307692308,3.25,4.479761904761904,71.025,835,154,2.3756573107911083,234,4.5928571428571425,588
679,0.05,-564.7384615384615,3.2175,4.268965517241379,70.34022988505747,880,149,2.941454342975097,234,4.414942528735632,259
680,0.05,-624.9230769230769,3.2316666666666665,4.402644230769231,71.09975961538461,838,147,3.0794670568225784,234,4.540865384615385,549
681,0.05,-523.2615384615385,3.129166666666667,4.373508353221957,69.71718377088305,828,156,2.83346336684826,234,4.504773269689737,540
682,0.05,-504.09230769230766,2.9566666666666666,4.235732009925559,70.68734491315136,803,151,4.092191708981779,234,4.366790582403965,684
683,0.05,-546.3692307692309,2.8841666666666668,4.297509829619921,71.78374836173002,768,132,4.0279532011639505,234,4.448230668414155,149
684,0.05,-575.0,3.0,4.263092269326683,71.51745635910224,817,149,2.4478114010027348,234,4.3915211970074814,461
685,0.05,-568.5846153846154,3.3225,4.558083832335329,70.68502994011976,830,152,2.6245074331167833,234,4.695808383233533,9
686,0.05,-569.523076923077,3.34,4.701219512195122,71.60975609756098,841,148,3.3577906623300753,234,4.836784409257004,810
687,0.05,-453.86153846153843,2.7533333333333334,3.9924146649810366,69.03034134007585,785,156,2.9604905389939153,234,4.092288242730721,516
688,0.05,-555.1384615384616,3.2083333333333335,4.289988492520138,72.14729574223244,871,149,3.1989401597022185,234,4.453394706559264,4
689,0.05,-492.32307692307694,2.8425,3.927120669056153,70.25686977299881,829,160,2.880162400437652,234,4.031063321385902,308
690,0.05,-479.36923076923074,2.875,3.7958236658932716,69.58120649651973,866,157,2.391394941153192,234,3.9361948955916475,368
691,0.05,-506.0923076923077,2.95,4.060024009603842,69.41296518607443,832,156,3.442210039588413,234,4.183673469387755,48
692,0.05,-549.7538461538461,3.1433333333333335,4.257913247362251,72.3622508792497,843,156,2.6304203694622057,234,4.38569753810082,230
693,0.05,-524.3230769230769,3.07,4.223684210526316,71.33014354066985,830,156,3.3184304001230975,234,4.364832535885167,347
694,0.05,-627.1230769230768,3.546666666666667,4.833926453143535,71.78054567022538,827,147,3.1511789621615813,234,4.960854092526691,424
695,0.05,-582.0923076923077,3.3575,4.697336561743342,70.30750605326877,831,145,2.6884204136888847,234,4.819612590799031,383
696,0.05,-579.2,3.1308333333333334,4.368231046931408,71.90613718411552,835,142,2.332284013553788,234,4.507821901323706,60
697,0.05,-582.2461538461539,3.0675,4.382899628252788,71.64684014869889,820,149,2.8368115451170217,234,4.511771995043371,727
698,0.05,-568.7384615384615,3.1933333333333334,4.367469879518072,70.73975903614458,831,154,2.8893733673809603,234,4.4963855421686745,663
699,0.05,-560.6307692307693,3.0791666666666666,4.470959595959596,70.82070707070707,803,144,3.03191396068848,234,4.585858585858586,50
700,0.05,-599.8,3.2283333333333335,4.5733496332518335,71.05867970660147,816,150,3.5348617899074277,234,4.702933985330073,62
701,0.05,-504.8461538461538,3.0058333333333334,4.023474178403756,70.65727699530517,851,159,2.257943331328665,234,4.163145539906103,237
702,0.05,-503.8461538461538,2.94,4.132850241545894,70.72101449275362,825,158,3.9585382005268754,234,4.280193236714976,67
703,0.05,-465.7230769230769,2.7558333333333334,3.7567567567567566,69.5358401880141,839,157,2.569422502943345,234,3.90951821386604,174
704,0.05,-518.4000000000001,3.1891666666666665,4.4299287410926365,70.54869358669833,832,165,2.607135458395265,234,4.561091340450771,614
705,0.05,-534.3230769230768,3.1216666666666666,4.30704898446834,70.2389486260454,838,162,4.124930133055275,234,4.436081242532856,883
706,0.05,-556.3846153846155,3.254166666666667,4.302709069493522,69.07067137809187,856,160,2.74934444448271,234,4.439340400471142,816
707,0.05,-540.0769230769231,2.888333333333333,4.16542288557214,70.3955223880597,817,153,3.337607171981058,234,4.287313432835821,82
708,0.05,-530.5230769230768,2.845833333333333,3.7744630071599046,70.09069212410502,849,153,3.353382026897309,234,3.909307875894988,369
709,0.05,-510.5384615384615,3.138333333333333,4.193548387096774,70.2700119474313,849,170,2.8893115839949757,234,4.326164874551972,562
710,0.05,-518.6307692307691,3.1825,4.323529411764706,70.58235294117647,831,156,4.117522552432493,234,4.5,650
711,0.05,-528.676923076923,3.0925,3.9441964285714284,69.41741071428571,892,171,2.650009900889868,234,4.118303571428571,862
712,0.05,-486.0769230769231,2.7483333333333335,4.001282051282051,69.33333333333333,786,150,2.808442768016045,234,4.119230769230769,333
713,0.05,-578.7076923076924,3.505,4.39261744966443,69.54697986577182,880,156,3.468941649908347,234,4.551454138702461,179
714,0.05,-502.6615384615385,3.0016666666666665,4.193003618817853,69.35946924004826,821,158,2.394356808059213,234,4.329312424607961,547
715,0.05,-544.7692307692307,3.1866666666666665,4.470517448856799,70.22984356197352,835,153,2.7284199186587044,234,4.607701564380265,378
716,0.05,-561.1846153846154,3.2116666666666664,4.241618497109827,73.09248554913295,874,156,3.65159632113567,234,4.40877598152425,283
717,0.05,-525.5846153846154,2.9916666666666667,3.914772727272727,69.27045454545454,872,152,3.141926665559084,234,4.056818181818182,664
718,0.05,-585.8307692307692,3.2883333333333336,4.3538461538461535,70.78579881656805,853,153,5.66806777645988,234,4.495857988165681,171
719,0.05,-527.2461538461539,2.9791666666666665,4.278401997503121,69.8776529338327,794,151,3.525889876633765,234,4.426966292134831,526
720,0.05,-539.8461538461538,3.3158333333333334,4.382785956964892,70.79048697621744,872,160,2.5227603226670166,234,4.511891279728199,535
721,0.05,-468.5538461538461,2.7191666666666667,3.823815309842041,71.06318347509114,823,148,2.6245809575493215,234,3.972053462940462,243
722,0.05,-394.8153846153846,2.3291666666666666,3.431322207958922,69.90885750962772,770,162,2.061514697125411,234,3.5545571245186136,832
723,0.05,-539.2153846153847,2.8158333333333334,3.8728606356968216,69.18704156479218,809,153,3.3003562944481213,234,4.006112469437653,875
724,0.05,-496.8923076923077,3.033333333333333,3.9261744966442955,71.03691275167785,876,155,3.3412448373908954,234,4.090604026845638,501
725,0.05,-510.0,3.220833333333333,4.405917159763313,70.68402366863906,840,156,2.873189315479052,234,4.558579881656804,139
726,0.05,-569.1846153846154,3.2933333333333334,4.386336866902238,72.59717314487632,835,157,2.564656632353788,234,4.507656065959953,510
727,0.05,-462.36923076923074,2.7041666666666666,3.7689486552567235,70.03056234718827,830,163,2.298237732659771,234,3.8765281173594133,271
728,0.05,-502.89230769230767,2.9791666666666665,3.9450934579439254,68.46845794392523,861,165,2.908604700136141,234,4.093457943925234,345
729,0.05,-514.1076923076922,3.18,4.258700696055684,70.78074245939675,874,157,4.275967315073893,234,4.354988399071925,249
730,0.05,-448.7692307692307,2.658333333333333,3.9,70.76329113924051,787,151,2.372777038330456,234,4.0430379746835445,233
731,0.05,-544.0923076923077,3.194166666666667,4.4561824729891955,71.70348139255702,830,151,4.328331194111328,234,4.593525179856115,592
732,0.05,-555.2,3.140833333333333,4.406553398058253,70.24757281553399,812,146,2.912506993932952,234,4.516990291262136,682
733,0.05,-517.7384615384615,3.0483333333333333,4.351851851851852,69.98641975308642,810,145,2.982419833535416,234,4.506172839506172,275
734,0.05,-539.476923076923,3.0708333333333333,4.447204968944099,69.94285714285714,800,148,2.411805158192553,234,4.580645161290323,267
735,0.05,-528.2,3.1025,4.3240628778718255,70.96251511487303,835,158,2.7553004478203373,234,4.4667472793228535,612
736,0.05,-504.12307692307695,3.118333333333333,4.29093050647821,70.46289752650176,859,156,2.782091842340492,234,4.4075382803298,608
737,0.05,-515.7538461538461,3.0541666666666667,4.18698224852071,70.11952662721893,838,164,3.2231920910962417,234,4.346335697399527,503
738,0.05,-504.47692307692313,3.194166666666667,4.390419161676647,71.06586826347305,833,158,3.1887111928222165,234,4.525748502994012,95
739,0.05,-546.5692307692308,3.078333333333333,4.376703841387856,73.14126394052045,821,150,2.428016673598136,234,4.503097893432466,879
740,0.05,-509.04615384615386,2.78,4.145618556701031,69.21520618556701,783,156,2.421404976220372,234,4.279639175257732,288
741,0.05,-553.3538461538461,3.1666666666666665,4.276940903823871,69.8505214368482,851,147,3.603318779776068,234,4.415990730011588,265
742,0.05,-535.4769230769231,3.0708333333333333,4.26890756302521,71.1860744297719,849,142,2.7420957021206056,234,4.3925570228091235,87
743,0.05,-586.0,3.2641666666666667,4.520195838433293,70.28641370869033,835,148,3.048175869073801,234,4.653610771113831,668
744,0.05,-542.8,3.091666666666667,4.176678445229682,70.40047114252062,856,159,2.6816811191665932,234,4.308598351001178,730
745,0.05,-535.6615384615386,3.0658333333333334,4.0137931034482754,68.98045977011495,859,160,2.822258509278024,234,4.12183908045977,483
746,0.05,-474.46153846153845,2.7925,3.895757575757576,70.41575757575758,820,155,2.3348372539962075,234,4.025454545454545,763
747,0.05,-505.2769230769231,2.805833333333333,4.10718789407314,69.13493064312736,801,147,2.6748109753091103,234,4.2471626733921815,215
748,0.05,-588.7846153846153,3.6458333333333335,4.85377358490566,71.04245283018868,848,152,3.960169790926244,234,4.985849056603773,803
749,0.05,-532.7692307692308,2.984166666666667,4.177045177045177,70.94871794871794,816,145,4.7817091991393434,234,4.317460317460317,131
750,0.05,-585.7846153846154,3.2408333333333332,4.411834319526627,70.51360946745562,845,147,2.7331692597929025,234,4.56094674556213,413
751,0.05,-632.1076923076923,3.5008333333333335,4.650531286894923,70.728453364817,851,150,5.028735297175598,234,4.78866587957497,16
752,0.05,-515.6461538461539,2.881666666666667,4.05224787363305,68.86998784933171,834,146,3.243030362535498,234,4.171324422843257,898
753,0.05,-497.6615384615385,2.901666666666667,3.927485380116959,69.4140350877193,856,158,2.4964920879118098,234,4.083040935672515,617
754,0.05,-576.4153846153846,3.0366666666666666,4.350567465321563,71.12105926860025,794,146,4.724376215282413,234,4.472887767969735,427
755,0.05,-564.5692307692308,3.174166666666667,4.492004920049201,71.85116851168512,814,147,3.4980557506832213,234,4.60639606396064,428
756,0.05,-514.3076923076923,3.0341666666666667,4.200477326968974,70.03699284009546,826,155,3.102757465740201,234,4.371121718377088,797
757,0.05,-573.7076923076924,3.2925,4.360981308411215,70.58644859813084,877,143,4.16838682028333,234,4.517523364485982,819
758,0.05,-517.123076923077,2.9525,4.086746987951807,70.31927710843374,845,148,2.661970385746005,234,4.239759036144578,704
759,0.05,-624.3846153846155,3.24,4.28187134502924,70.96023391812865,861,144,3.536864260980199,234,4.414035087719299,110
760,0.05,-527.4,2.9875,4.202409638554217,70.18313253012049,811,140,4.7134475967202025,234,4.330120481927711,113
761,0.05,-522.8615384615384,2.8133333333333335,4.047559449311639,67.73466833541927,810,150,3.058686470784781,234,4.173967459324155,30
762,0.05,-511.0153846153846,2.9141666666666666,4.30690537084399,70.32736572890026,784,140,2.483247882571957,234,4.432225063938619,1
763,0.05,-513.5692307692307,3.0575,4.148018648018648,69.3997668997669,855,159,3.0339116011947254,234,4.278230500582072,706
764,0.05,-592.0923076923077,3.263333333333333,4.360849056603773,72.48349056603773,866,146,3.5065790740827145,234,4.507075471698113,129
765,0.05,-461.0,2.67,3.761557177615572,70.07907542579075,834,157,4.050054131271993,234,3.891727493917275,541
766,0.05,-583.6,3.145,4.382640586797066,72.04645476772616,834,140,3.300395036272208,234,4.531135531135531,172
767,0.05,-550.9230769230769,3.160833333333333,4.532919254658385,71.26832298136647,809,144,3.4356639818766106,234,4.648883374689826,880
768,0.05,-546.5692307692308,3.0433333333333334,4.185141509433962,70.76650943396227,838,162,5.044651659315421,234,4.34316037735849,257
769,0.05,-594.0461538461539,3.4516666666666667,4.673031026252984,71.69928400954655,853,153,2.595514331123343,234,4.799522673031026,258
770,0.05,-541.123076923077,2.953333333333333,4.363405336721728,70.1448538754765,799,136,2.7799320813927757,234,4.518424396442185,689
771,0.05,-573.3538461538461,3.1483333333333334,4.567901234567901,71.10617283950617,810,143,3.747793578075896,234,4.730864197530864,125
772,0.05,-536.1076923076923,3.0508333333333333,4.266908212560386,70.06642512077295,828,152,3.037696375421308,234,4.35024154589372,624
773,0.05,-504.16923076923075,2.6166666666666667,3.914322250639386,71.67902813299233,785,146,2.406955817947979,234,4.052429667519181,11
774,0.05,-522.7538461538461,2.859166666666667,4.197218710493047,71.15297092288243,781,146,2.725162361296226,234,4.337547408343869,563
775,0.05,-572.6923076923077,3.200833333333333,4.238150289017341,70.44046242774566,842,147,4.33395267222141,234,4.3861271676300575,743
776,0.05,-618.7384615384615,3.3016666666666667,4.41849710982659,70.47052023121387,880,145,3.8486988733706653,234,4.564161849710983,677
777,0.05,-597.4461538461538,3.328333333333333,4.624235006119951,71.90820073439413,816,140,2.9522401115473564,234,4.769889840881273,180
778,0.05,-526.5384615384615,3.0991666666666666,4.282172373081464,68.66824085005904,859,159,2.7179409155811904,234,4.3943329397874855,51
779,0.05,-559.9230769230769,3.140833333333333,4.255065554231227,70.4719904648391,851,144,2.758582830572543,234,4.377380952380952,655
780,0.05,-547.276923076923,3.36,4.555040556199304,71.3314020857474,876,154,2.8211123189852927,234,4.6882966396292005,135
781,0.05,-458.0923076923077,2.6325,3.9427083333333335,67.375,770,151,2.819275427409474,234,4.063802083333333,279
782,0.05,-501.95384615384614,2.9616666666666664,4.196859903381642,69.18719806763285,827,155,2.704150266017607,234,4.322074788902292,492
783,0.05,-539.5846153846154,3.105,4.561643835616438,71.33001245330013,803,150,2.572443004368276,234,4.693648816936488,40
784,0.05,-554.2461538461539,3.091666666666667,4.025200458190149,69.53264604810997,877,157,3.05689686877885,234,4.189003436426117,532
785,0.05,-504.50769230769225,2.9916666666666667,4.132858837485172,69.6073546856465,827,153,5.283248918190374,234,4.2870699881376035,228
786,0.05,-533.1384615384616,3.0675,4.113689095127611,69.28190255220417,856,153,2.9940663873049163,234,4.262180974477959,434
787,0.05,-595.8307692307692,3.220833333333333,4.436754176610979,70.25775656324582,841,146,6.331114901090525,234,4.568533969010727,750
788,0.05,-588.3692307692307,3.216666666666667,4.574908647990256,70.61997563946407,817,148,2.902028636762206,234,4.724725943970768,276
789,0.05,-567.0,3.296666666666667,4.616766467065868,69.50538922155688,820,164,2.33632732664119,234,4.755688622754491,393
790,0.05,-593.6153846153846,3.5425,4.672036823935558,70.95166858457998,874,162,2.8202350369378886,234,4.8135788262370545,546
791,0.05,-574.8461538461538,3.174166666666667,4.457729468599034,71.31763285024155,843,152,3.633917048720564,234,4.584541062801932,458
792,0.05,-500.53846153846155,2.9683333333333333,4.152897657213317,69.42786683107275,808,154,2.7707319338807443,234,4.293464858199753,736
793,0.05,-504.0153846153846,2.7733333333333334,4.04875,68.46625,822,155,3.3341095887755845,234,4.1725,57
794,0.05,-621.1692307692307,3.5,4.7170900692840645,72.63741339491916,854,142,2.8185032341786,234,4.840646651270208,849
795,0.05,-622.0769230769231,3.4575,4.949004975124378,71.386815920398,801,146,2.7316832295938576,234,5.068407960199005,409
796,0.05,-566.123076923077,3.0658333333333334,4.343941248470013,72.04895960832313,820,147,2.8227869148485762,234,4.496332518337408,154
797,0.05,-612.0769230769231,3.655,4.915017462165308,70.87660069848661,861,145,2.385118244177512,234,5.038416763678696,392
798,0.05,-608.7846153846154,3.4466666666666668,4.838748495788207,70.1107099879663,822,145,2.4340966142536056,234,4.98676293622142,552
799,0.05,-587.5538461538462,3.3466666666666667,4.441277080957811,71.0763968072976,880,147,3.1927812676980314,234,4.606613454960091,364
800,0.05,-531.2307692307693,2.9575,4.297092288242731,70.62705436156763,786,148,2.99774449204808,234,4.442477876106195,874
801,0.05,-635.7538461538461,3.4325,4.8321167883211675,71.82116788321167,820,141,2.969206369180844,234,4.954987834549878,687
802,0.05,-571.6153846153845,3.3975,4.666270783847981,70.95249406175772,837,147,2.4622463753677435,234,4.824228028503563,211
803,0.05,-647.5692307692309,3.515,4.650462962962963,71.04398148148148,847,144,2.6650614206973295,234,4.770833333333333,22
804,0.05,-531.2769230769231,2.944166666666667,4.208333333333333,68.5404411764706,823,150,3.5438770445356447,234,4.332107843137255,787
805,0.05,-583.8461538461538,3.02,4.224938875305623,69.48655256723717,815,149,2.488037322633525,234,4.393643031784841,896
806,0.05,-570.6153846153845,3.111666666666667,4.3549571603427175,71.11383108935128,845,149,2.0368099719498196,234,4.481028151774786,134
807,0.05,-584.2923076923076,3.216666666666667,4.481617647058823,71.20833333333333,819,144,2.880921577314977,234,4.612745098039215,430
808,0.05,-546.6307692307691,3.0108333333333333,4.306615776081425,72.79389312977099,796,146,2.1805904947491275,234,4.455470737913486,146
809,0.05,-579.4923076923078,3.160833333333333,4.466257668711656,72.38895705521472,810,148,2.0633251159462356,234,4.6,108
810,0.05,-574.2153846153847,3.235,4.444444444444445,71.24444444444444,849,154,3.3155309065157312,234,4.552570093457944,322
811,0.05,-552.8307692307692,3.183333333333333,4.247695852534562,69.85599078341014,868,157,3.176739015313714,234,4.3963133640553,772
812,0.05,-558.3230769230769,3.16,4.239104829210836,68.53239104829211,852,152,2.930967163409561,234,4.383981154299176,217
813,0.05,-480.2153846153846,2.6875,3.677570093457944,69.63200934579439,850,158,3.021177511139144,234,3.8049065420560746,352
814,0.05,-556.7846153846153,3.275,4.469606674612634,70.33134684147795,825,152,3.2295079941623115,234,4.613825983313468,593
815,0.05,-569.476923076923,3.2258333333333336,4.605230386052304,71.78331257783313,814,150,2.817824639348145,234,4.712328767123288,591
816,0.05,-593.5692307692307,3.2291666666666665,4.6177215189873415,72.33291139240507,796,134,3.400614632924665,234,4.749367088607595,695
817,0.05,-553.4153846153846,3.1958333333333333,4.481212121212121,69.23878787878787,817,153,2.845994681709774,234,4.621818181818182,188
818,0.05,-549.7230769230769,3.06,4.505821474773609,69.16817593790427,765,138,3.337053754093768,234,4.622250970245796,751
819,0.05,-580.7538461538462,3.3116666666666665,4.393939393939394,71.32634032634033,854,157,2.5564218054138896,234,4.559440559440559,341
820,0.05,-597.8307692307693,3.4741666666666666,4.556792873051225,70.07349665924276,895,156,2.961229780986422,234,4.712694877505568,872
821,0.05,-548.8615384615384,3.1475,4.41978287092883,69.12786489746682,830,152,4.366547759067883,234,4.528915662650602,3
822,0.05,-553.7076923076922,3.1158333333333332,4.057831325301205,70.16626506024096,842,151,2.9411107949795254,234,4.175903614457831,829
823,0.05,-609.3076923076924,3.4408333333333334,4.572429906542056,71.6214953271028,858,147,2.955995927081846,234,4.692757009345795,856
824,0.05,-555.123076923077,3.2491666666666665,4.407628128724673,70.07032181168057,841,150,2.6652595195191897,234,4.555952380952381,490
825,0.05,-504.7846153846154,2.805,3.9734620024125453,68.48854041013269,819,150,2.744617444964414,234,4.144752714113389,143
826,0.05,-596.0769230769231,3.3583333333333334,4.401142857142857,70.64457142857142,871,150,2.4792658278785322,234,4.511415525114155,847
827,0.05,-634.6923076923077,3.6558333333333333,4.94361334867664,71.71001150747986,852,145,3.623031389038939,234,5.0873563218390805,414
828,0.05,-593.3076923076924,3.4608333333333334,4.638273045507584,71.75379229871645,856,156,4.308228860120057,234,4.768961493582264,66
829,0.05,-509.20000000000005,3.0083333333333333,4.060254924681344,70.7404403244496,854,159,2.795031761826268,234,4.254924681344148,675
830,0.05,-597.676923076923,3.5725,4.707013574660634,71.3789592760181,884,146,3.1359124181684432,234,4.857466063348416,76
831,0.05,-582.8307692307692,3.1875,4.356801909307876,72.38782816229117,840,145,2.836328914945813,234,4.515513126491647,749
832,0.05,-610.0769230769231,3.254166666666667,4.63768115942029,72.22101449275362,823,151,3.8703319393500086,234,4.809178743961352,465
833,0.05,-523.0769230769231,2.9391666666666665,3.9733178654292343,69.60440835266822,863,162,3.164021185938039,234,4.106728538283063,156
834,0.05,-572.1692307692308,3.3375,4.5796407185628745,70.30179640718563,838,146,3.68980516593432,234,4.712574850299402,466
835,0.05,-528.6461538461538,3.0866666666666664,4.371531966224366,70.74547647768395,832,159,3.256791335284614,234,4.5162846803377565,658
836,0.05,-473.89230769230767,2.7683333333333335,3.97375,69.425,793,164,2.727581284359356,234,4.09125,390
837,0.05,-509.59999999999997,2.795,3.81437125748503,69.4311377245509,836,162,2.560182875897177,234,3.9580838323353293,835
838,0.05,-523.4615384615385,3.2058333333333335,4.36773428232503,69.72123368920522,841,157,3.3364081982896447,234,4.529062870699882,193
839,0.05,-515.6769230769231,3.0166666666666666,4.230024213075061,70.2457627118644,834,159,2.5610027058764953,234,4.368038740920097,280
840,0.05,-523.9384615384615,3.1325,4.3736526946107785,71.04790419161677,842,157,3.1444099013496865,234,4.509569377990431,757
841,0.05,-552.1846153846154,3.455,4.751179245283019,71.96580188679245,851,162,2.717906110409687,234,4.871462264150943,536
842,0.05,-598.3692307692307,3.404166666666667,4.653983353151011,69.8038049940547,853,150,5.760167642365116,234,4.807372175980975,868
843,0.05,-563.6307692307693,3.095,4.194082840236686,69.00591715976331,852,154,3.5143625218854444,234,4.323076923076923,571
844,0.05,-488.96923076923076,2.796666666666667,3.977777777777778,70.47901234567901,831,154,3.322803671905867,234,4.120987654320988,441
845,0.05,-485.46153846153845,2.97,4.150121065375303,70.67917675544794,825,156,2.949203576224466,234,4.303874092009686,21
846,0.05,-535.2307692307692,3.1558333333333333,4.2668213457076565,69.91879350348027,860,160,2.9825003118704236,234,4.396751740139211,830
847,0.05,-491.9538461538462,2.9908333333333332,4.0360576923076925,69.17427884615384,836,157,3.0632668095101296,234,4.168269230769231,700
848,0.05,-474.9846153846154,2.6016666666666666,3.87146529562982,71.49357326478149,774,144,3.7935375758810252,234,3.9897172236503855,431
849,0.05,-471.36923076923074,2.8183333333333334,3.790499390986602,68.4531059683313,837,168,3.069371415829784,234,3.913520097442144,444
850,0.05,-457.86153846153843,2.7558333333333334,3.8818514007308162,69.33373934226553,821,158,2.145515297674508,234,4.002436053593179,574
851,0.05,-529.1692307692308,3.0741666666666667,4.119103773584905,68.85141509433963,850,156,3.781175504012116,234,4.258254716981132,499
852,0.05,-650.2615384615384,3.485,4.686114352392066,71.76662777129522,854,141,2.5214893640844807,234,4.828471411901984,301
853,0.05,-545.7230769230769,3.0675,4.456384323640961,70.16182048040456,790,143,2.286754959065954,234,4.6030341340075855,598
854,0.05,-534.5076923076923,2.944166666666667,3.9680094786729856,70.72748815165876,846,150,2.8641708394549847,234,4.12085308056872,319
855,0.05,-555.1076923076923,3.3958333333333335,4.51285046728972,70.00584112149532,856,154,2.4367451488493863,234,4.646441073512252,637
856,0.05,-632.7230769230769,3.4858333333333333,4.434195725534308,68.21259842519684,904,156,5.3152695686888825,234,4.571428571428571,282
857,0.05,-547.4923076923077,3.2583333333333333,4.467065868263473,70.15808383233534,834,147,3.4560192184091685,234,4.590419161676647,307
858,0.05,-588.1999999999999,3.2775,4.450887573964497,69.88639053254438,846,142,3.143197690066108,234,4.59338061465721,613
859,0.05,-574.9230769230769,3.2558333333333334,4.401658767772512,70.63388625592417,832,152,3.2289049619041963,234,4.5343601895734595,240
860,0.05,-588.476923076923,3.2116666666666664,4.268691588785047,70.42640186915888,874,146,2.9653929841850486,234,4.405373831775701,561
861,0.05,-596.8615384615384,3.2675,4.66832298136646,68.90062111801242,806,146,3.4946390875216666,234,4.8,570
862,0.05,-560.123076923077,3.0408333333333335,4.325153374233129,71.37423312883436,810,141,3.525513058379702,234,4.5177914110429445,699
863,0.05,-605.0153846153846,3.4258333333333333,4.660399529964748,70.98942420681551,861,148,4.272691871062106,234,4.81551116333725,681
864,0.05,-615.8923076923077,3.2616666666666667,4.661349693251534,71.9398773006135,819,141,2.7195493711383625,234,4.78921568627451,616
865,0.05,-550.4769230769231,3.0225,4.233375156838143,70.47427854454203,792,145,4.6124814332641195,234,4.358845671267252,317
866,0.05,-544.5692307692307,3.0166666666666666,4.094626168224299,69.8516355140187,846,153,3.0609457637139577,234,4.235981308411215,780
867,0.05,-483.9384615384615,2.7708333333333335,4.202099737532809,71.43963254593176,773,158,2.823094863378295,234,4.294888597640891,719
868,0.05,-552.6461538461539,3.1866666666666665,4.4461910519951635,71.73155985489721,837,154,1.9281833620743498,234,4.57487922705314,753
869,0.05,-519.9230769230769,3.12,4.275,71.53809523809524,843,158,5.133369283204844,234,4.392857142857143,800
870,0.05,-514.8307692307692,3.12,4.53416149068323,70.0807453416149,800,156,2.124487767817847,234,4.6596273291925465,568
871,0.05,-523.3538461538462,2.9208333333333334,4.225352112676056,72.29065300896286,789,158,2.6807952134401547,234,4.358514724711908,302
872,0.05,-548.5076923076923,3.1758333333333333,4.342960288808665,71.22623345367028,825,151,2.6408007553852744,234,4.486161251504212,826
873,0.05,-501.81538461538463,3.1066666666666665,4.409429280397022,69.7258064516129,826,159,3.7897365528379927,234,4.524813895781637,782
874,0.05,-515.8615384615384,3.1033333333333335,4.310173697270471,68.55955334987593,809,157,3.104461307696984,234,4.425558312655087,73
875,0.05,-461.32307692307694,2.5308333333333333,3.5121065375302662,68.67796610169492,831,162,2.345575923567073,234,3.641646489104116,775
876,0.05,-511.0615384615384,2.984166666666667,3.9299655568312284,67.79678530424799,862,161,3.1351426374870046,234,4.055109070034443,115
877,0.05,-538.8923076923077,3.2725,4.3526011560693645,71.59768786127168,863,159,2.3320427199063545,234,4.482080924855492,287
878,0.05,-482.32307692307694,2.8025,3.829940119760479,71.57964071856287,843,162,2.4355623616009714,234,3.946107784431138,191
879,0.05,-518.6615384615385,3.205,4.273262661955242,69.17196702002356,867,158,2.072441591487582,234,4.406360424028269,496
880,0.05,-535.5230769230769,3.1191666666666666,4.1807780320366135,69.88901601830663,853,159,2.4618871952663506,234,4.355835240274599,104
881,0.05,-439.87692307692305,2.5383333333333336,3.640547263681592,68.89800995024876,817,165,3.236336970277696,234,3.7300995024875623,176
882,0.05,-489.0615384615385,2.941666666666667,4.043580683156655,68.15429917550058,827,163,2.813487178188334,234,4.16489988221437,845
883,0.05,-485.7230769230769,2.8216666666666668,3.9635479951397325,69.86877278250304,834,160,2.957140957275669,234,4.081409477521263,844
884,0.05,-506.0461538461538,2.8783333333333334,3.868483412322275,71.27251184834124,859,156,2.597339816601592,234,3.995260663507109,7
885,0.05,-484.36923076923074,2.7941666666666665,3.7430639324487336,69.79613992762364,831,160,2.437173707030072,234,3.858866103739445,487
886,0.05,-499.96923076923076,2.7816666666666667,3.9325,69.4925,813,148,2.941646677648678,234,4.06,351
887,0.05,-538.8,3.0866666666666664,4.2451923076923075,70.76923076923077,824,151,2.9843616890530265,234,4.430288461538462,581
888,0.05,-473.723076923077,2.88,3.990532544378698,71.02958579881657,845,160,2.593837396974109,234,4.113609467455621,881
889,0.05,-560.6307692307691,3.1591666666666667,4.376969696969697,70.93454545454546,830,143,4.648301280322853,234,4.518787878787879,639
890,0.05,-493.7384615384616,2.841666666666667,3.8917345750873107,70.0430733410943,851,158,2.365891830617187,234,4.058207217694994,377
891,0.05,-547.8153846153846,3.131666666666667,4.099660249150623,71.51868629671574,871,147,3.8798360661171056,234,4.268403171007927,78
892,0.05,-528.3846153846152,3.0125,4.220888355342137,70.53421368547419,828,156,3.0371033988102565,234,4.361344537815126,632
893,0.05,-564.6307692307693,3.1875,4.224561403508772,69.72397660818713,881,158,3.5267537018582065,234,4.36140350877193,315
894,0.05,-576.2153846153847,3.5033333333333334,4.733096085409253,70.83274021352314,842,146,2.686900385654139,234,4.887307236061685,29
895,0.05,-539.0,3.23,4.456264775413712,69.06501182033097,831,154,2.5169893246027373,234,4.599290780141844,425
896,0.05,-592.8,3.21,4.483556638246041,72.4652862362972,826,140,2.937659586820339,234,4.6199756394640685,184
897,0.05,-446.4153846153846,2.861666666666667,4.021739130434782,70.32971014492753,820,167,1.711803705596683,234,4.155797101449275,504
898,0.05,-520.9230769230769,3.035833333333333,4.141176470588236,69.59647058823529,852,159,2.166352919814566,234,4.285882352941177,801
899,0.05,-464.8307692307692,2.558333333333333,3.608958837772397,69.39104116222761,812,156,2.68569033231656,234,3.725181598062954,607
