episode,epsilon,total_reward,avg_queue,avg_wait_s,avg_travel_s,throughput,switches,td_loss,q_table_states,avg_delay_s,traffic_seed
0,1.0,-2815.369230769231,9.645833333333334,12.55048076923077,81.6201923076923,819,126,89.28785774660972,224,12.667067307692308,769
1,0.9945,-2420.6461538461535,7.74,10.822195704057279,79.85322195704057,819,131,65.0367859994329,360,10.964200477326969,403
2,0.989,-1816.730769230769,6.451666666666667,8.898181818181818,77.14545454545454,838,138,43.666001649917284,458,9.033898305084746,747
3,0.9835,-2513.338461538461,7.974166666666667,10.9642431466031,79.39213349225268,835,131,67.17627570534727,550,11.096543504171633,103
4,0.9781,-2785.9076923076923,7.444166666666667,9.598863636363637,75.78863636363636,876,138,92.74253718011857,599,9.722727272727273,100
5,0.9726,-2664.8076923076924,8.581666666666667,11.473130841121495,80.00584112149532,880,137,77.38669801656359,651,11.601635514018692,281
6,0.9673,-2168.4384615384615,6.535833333333334,8.662817551963048,75.45150115473442,861,132,52.85530656054709,713,8.821016166281755,155
7,0.9619,-1794.9153846153847,5.889166666666667,8.0,75.57125890736341,845,138,41.82730241784292,752,8.131828978622329,235
8,0.9566,-2054.123076923077,6.645,8.763349514563107,76.60922330097087,813,132,43.981110764644384,783,8.894417475728156,682
9,0.9513,-1989.6153846153848,6.339166666666666,9.042079207920793,77.90470297029702,813,135,39.899043981277366,809,9.175742574257425,891
10,0.946,-2553.0307692307692,7.684166666666667,10.635549872122763,81.64194373401534,799,133,64.70047636528847,845,10.753196930946292,11
11,0.9408,-2346.853846153846,7.723333333333334,10.890377588306944,77.56760048721073,836,129,50.7480926878263,874,11.006090133982948,444
12,0.9356,-2859.1461538461535,9.314166666666667,12.538908246225319,83.97909407665506,845,126,77.02257333078832,893,12.694541231126596,653
13,0.9304,-2063.130769230769,7.03,9.473130841121495,79.34579439252336,843,135,39.810042350757136,919,9.608644859813085,856
14,0.9253,-2394.9461538461537,7.8758333333333335,10.79225352112676,79.34154929577464,845,129,65.40109149643244,946,10.9518779342723,237
15,0.9202,-1666.4076923076923,5.350833333333333,7.818987341772152,75.8493670886076,783,134,29.839517970979223,976,7.968354430379747,233
16,0.9151,-2266.123076923077,7.61,10.667065868263473,77.57125748502995,822,135,54.90551627226195,1008,10.815568862275448,142
17,0.91,-2239.584615384615,7.3475,9.582716049382716,78.73456790123457,795,131,48.35152141412188,1031,9.725030826140568,485
18,0.905,-2143.607692307692,6.0225,8.690387016229712,76.65543071161049,778,131,48.545885070696066,1052,8.811485642946318,886
19,0.9,-2044.2692307692305,6.984166666666667,9.721813725490197,76.35171568627452,793,132,44.478259680627204,1070,9.888480392156863,531
20,0.895,-2235.3153846153846,7.309166666666667,9.985663082437275,77.56869772998806,847,130,47.17083430357029,1095,10.138590203106332,251
21,0.89,-2384.9692307692308,7.87,10.40983606557377,80.34426229508196,845,131,48.94506608755908,1102,10.56791569086651,623
22,0.8851,-1951.223076923077,6.923333333333333,9.745410036719706,78.49571603427172,814,137,41.864406206536344,1106,9.893512851897185,173
23,0.8802,-2152.6461538461535,6.635,8.554421768707483,77.05328798185941,876,134,41.70772477883569,1119,8.679138321995465,391
24,0.8753,-1854.0307692307692,6.466666666666667,8.63133097762073,76.81036513545348,838,138,36.78234742823912,1136,8.773851590106007,105
25,0.8705,-2072.3076923076924,6.791666666666667,9.388489208633093,76.55515587529976,842,126,41.99157888381656,1159,9.52757793764988,822
26,0.8657,-1906.4692307692308,6.29,8.647412755716005,76.98074608904933,814,132,33.18746135206808,1175,8.765342960288809,286
27,0.8609,-2259.0153846153844,7.3133333333333335,9.741973840665874,76.70035671819262,847,130,46.958443151625644,1195,9.84898929845422,524
28,0.8561,-1656.2076923076925,5.7491666666666665,8.529860228716645,76.71029224904701,796,138,37.107689150468616,1207,8.662007623888183,201
29,0.8514,-1920.2999999999997,6.160833333333334,8.241007194244604,75.24220623501199,831,134,38.66094353266518,1220,8.370503597122303,401
30,0.8467,-2076.153846153846,7.261666666666667,9.818075117370892,77.80516431924883,854,131,44.08027714154708,1239,9.948356807511738,472
31,0.842,-2162.915384615385,6.394166666666667,9.091612903225807,76.3741935483871,806,127,40.771005343763974,1262,9.223225806451612,338
32,0.8373,-1638.3000000000002,5.1675,6.866510538641686,73.83372365339578,836,139,30.5477460755742,1269,7.029274004683841,360
33,0.8327,-1648.376923076923,5.649166666666667,8.387341772151899,76.56075949367089,784,139,34.710054127661046,1281,8.515189873417722,348
34,0.8281,-1453.146153846154,5.0216666666666665,7.332075471698113,74.57232704402516,814,148,25.725334462898815,1291,7.470440251572327,382
35,0.8235,-1866.3846153846152,6.121666666666667,8.311990686845169,76.07450523864959,862,137,38.047389675049,1301,8.452852153667054,377
36,0.819,-2033.6307692307691,6.655833333333334,8.663056558363417,75.94825511432009,834,136,41.16381309228415,1310,8.776173285198556,378
37,0.8144,-1888.6,5.9558333333333335,7.88774341351661,75.20962199312714,879,136,37.35333050182587,1316,8.035509736540664,532
38,0.8099,-2157.7,7.016666666666667,9.097902097902098,77.07575757575758,858,130,43.59714886275225,1322,9.242424242424242,611
39,0.8054,-2181.630769230769,7.151666666666666,9.773159144893112,78.56650831353919,840,128,42.87115258084019,1332,9.897862232779097,433
40,0.801,-1822.0769230769229,6.308333333333334,8.778563015312132,78.64310954063605,849,134,40.3687146568719,1341,8.905771495877502,510
41,0.7966,-2034.3692307692309,6.4991666666666665,8.673515981735159,78.08219178082192,899,132,42.61622459704975,1347,8.80593607305936,69
42,0.7922,-2187.2076923076925,6.47,8.403981264637002,77.50585480093677,881,139,53.970626229434764,1352,8.523419203747073,660
43,0.7878,-1594.6307692307691,5.545833333333333,7.705463182897862,76.97862232779097,846,140,27.661212915546223,1356,7.83729216152019,361
44,0.7834,-1540.6307692307691,5.5325,7.801517067003792,75.73577749683945,783,143,27.744822607412008,1364,7.9254108723135275,874
45,0.7791,-1519.376923076923,5.253333333333333,7.365792759051186,74.57178526841449,791,134,28.513993279726833,1374,7.495630461922596,5
46,0.7748,-1938.7,6.1241666666666665,8.452466907340554,76.58002406738869,833,137,38.27956424464085,1379,8.590854392298436,229
47,0.7705,-1804.3615384615387,5.975833333333333,8.00932400932401,75.01864801864802,862,129,33.95436141062057,1386,8.148018648018647,702
48,0.7662,-1667.4923076923078,5.506666666666667,7.5046728971962615,74.54906542056075,863,142,36.75595500608198,1392,7.667056074766355,694
49,0.762,-1785.730769230769,5.11,7.715596330275229,74.84272608125819,777,137,36.98833538968388,1399,7.845347313237221,752
50,0.7578,-1501.6846153846154,4.928333333333334,7.046228710462287,75.09367396593674,830,130,25.768678766030707,1408,7.184914841849149,24
51,0.7536,-1614.546153846154,5.0525,6.956161137440758,75.04383886255924,869,139,36.798670919154574,1414,7.085308056872038,319
52,0.7494,-1551.6076923076923,5.230833333333333,7.173396674584323,75.49762470308788,830,136,29.539518322068947,1420,7.326603325415677,893
53,0.7453,-1851.6076923076926,5.829166666666667,7.879330943847073,75.89725209080048,832,137,35.905233235746735,1424,7.991636798088411,321
54,0.7411,-1802.246153846154,5.9975,8.55030303030303,75.83030303030303,815,135,35.19209300141881,1434,8.73939393939394,676
55,0.737,-1800.6923076923076,6.081666666666667,8.129672897196262,75.35747663551402,861,130,39.927118314215384,1441,8.294392523364486,813
56,0.733,-1733.423076923077,5.684166666666667,7.980319803198032,77.0159901599016,808,131,30.836607582326923,1444,8.115621156211562,824
57,0.7289,-2060.2384615384617,6.7625,9.204009433962264,76.50943396226415,842,129,42.70432014334704,1452,9.326650943396226,803
58,0.7249,-1868.3153846153846,6.155833333333334,8.816301703163017,75.67518248175182,837,136,44.83901336158626,1461,8.956204379562044,337
59,0.7209,-1794.5692307692307,5.815833333333333,8.158653846153847,73.54086538461539,812,125,40.48332782407105,1470,8.294117647058824,27
60,0.7169,-1507.2846153846153,5.4783333333333335,7.4743130227001195,75.24372759856631,844,146,33.33504553232714,1475,7.608124253285544,324
61,0.7129,-1671.3307692307692,5.569166666666667,8.055555555555555,76.0320987654321,801,132,30.804246551662146,1481,8.193827160493827,372
62,0.709,-1664.853846153846,5.6075,8.381510416666666,73.69921875,770,139,33.20097709079099,1493,8.522135416666666,279
63,0.705,-1894.5153846153846,6.473333333333334,8.945157526254375,76.67911318553092,857,135,39.18922777563198,1501,9.074679113185532,555
64,0.7011,-1662.7615384615385,5.380833333333333,7.5209876543209875,75.86913580246913,807,138,32.08567557732035,1505,7.68641975308642,125
65,0.6973,-1769.976923076923,5.878333333333333,7.707058823529412,75.82,848,133,38.77660991677605,1509,7.852941176470588,523
66,0.6934,-1717.892307692308,5.7875,7.836385836385836,73.57387057387058,837,136,36.260649624388826,1513,7.94993894993895,118
67,0.6896,-1444.7230769230769,4.471666666666667,6.470290771175727,72.92414664981037,788,143,28.980251302442248,1515,6.594184576485461,266
68,0.6858,-1680.9692307692308,5.195833333333334,7.645489199491741,75.42312579415501,787,137,35.68005440251836,1522,7.773824650571791,689
69,0.682,-1600.9538461538461,5.26,7.624235006119951,75.24479804161567,807,141,33.601241530084266,1526,7.755201958384333,343
70,0.6782,-1509.6384615384613,5.0625,6.754156769596199,73.66627078384798,826,136,29.763140346351033,1531,6.887307236061685,614
71,0.6744,-1781.1538461538462,5.9275,8.29683698296837,75.24574209245742,816,124,38.29193509580826,1534,8.439172749391728,207
72,0.6707,-1518.9692307692308,4.9925,6.915173237753883,72.11230585424134,832,135,30.164022914626088,1539,7.07168458781362,200
73,0.667,-1637.0692307692307,5.2875,7.376344086021505,73.44444444444444,828,135,33.16952298110356,1548,7.49820788530466,883
74,0.6633,-1544.3615384615382,5.183333333333334,7.227848101265823,74.4253164556962,788,132,33.81972978417563,1549,7.358227848101266,885
75,0.6596,-1565.7923076923075,5.515,7.204976303317536,73.55805687203791,846,138,31.398542407333732,1551,7.328199052132701,399
76,0.656,-1726.876923076923,5.826666666666667,8.205314009661835,76.29710144927536,831,133,34.71242401096541,1554,8.328502415458937,232
77,0.6524,-1959.2769230769231,6.486666666666666,9.25,78.40196078431373,811,129,47.03689287105733,1558,9.394607843137255,554
78,0.6487,-1517.6538461538462,5.3,7.028636884306987,74.91408934707904,869,139,32.96482887302769,1562,7.161512027491409,559
79,0.6452,-1591.3153846153846,5.361666666666666,7.609696969696969,75.50424242424242,836,137,37.6836858136542,1566,7.747878787878788,615
80,0.6416,-1899.6384615384616,6.5075,9.004739336492891,78.69549763033176,858,132,38.90853188450123,1567,9.135071090047393,587
81,0.638,-1803.1923076923076,5.713333333333333,7.956085319949811,75.46925972396487,792,130,43.59830812518043,1576,8.079046424090338,231
82,0.6345,-1778.8384615384616,5.535,7.725536992840095,76.40692124105011,847,132,45.94046086258173,1584,7.876042908224076,407
83,0.631,-1603.923076923077,5.305,7.422434367541766,75.71360381861575,852,135,29.160264538909352,1589,7.571599045346062,258
84,0.6275,-1686.3230769230768,5.7175,7.516919486581097,76.03850641773629,864,136,34.900135176788844,1590,7.668611435239207,150
85,0.624,-1582.753846153846,5.189166666666667,7.23792270531401,74.3768115942029,829,133,32.956874249080485,1591,7.3731884057971016,435
86,0.6206,-1477.9153846153845,5.316666666666666,7.29665071770335,74.92822966507177,839,142,34.3386535981999,1593,7.41457586618877,309
87,0.6171,-1572.9307692307693,5.351666666666667,7.130434782608695,73.72463768115942,840,140,36.28458727004668,1606,7.26207729468599,339
88,0.6137,-1818.253846153846,6.200833333333334,8.455696202531646,76.72497123130034,859,129,34.799596003111766,1615,8.570114942528736,414
89,0.6103,-1666.3153846153846,5.583333333333333,7.165727170236753,72.04847801578354,869,135,33.19621383252034,1617,7.3472378804960545,397
90,0.607,-1655.1538461538462,5.620833333333334,7.3959810874704495,74.01063829787235,849,134,40.99688375928772,1619,7.546099290780142,793
91,0.6036,-1654.5384615384614,5.7375,7.80166270783848,73.07957244655582,838,135,42.624109928867625,1622,7.932304038004751,796
92,0.6003,-1795.146153846154,6.096666666666667,8.451003541912632,76.07556080283354,836,142,39.99685579287917,1625,8.613931523022432,670
93,0.5969,-1581.253846153846,5.203333333333333,7.267813267813268,75.07248157248158,818,134,36.159869060530816,1626,7.4115479115479115,151
94,0.5936,-1758.0615384615385,5.52,7.311438278595697,75.37259343148358,880,137,39.33155564240791,1629,7.4813137032842585,766
95,0.5904,-1794.623076923077,6.030833333333334,8.098341232227488,74.93483412322274,844,134,39.59171807815303,1637,8.211334120425029,564
96,0.5871,-1565.6153846153845,5.364166666666667,7.302958579881657,74.20591715976332,845,131,35.86655124812738,1640,7.453900709219858,503
97,0.5838,-1707.1384615384613,5.666666666666667,7.574766355140187,75.89252336448598,846,140,44.14803142977029,1650,7.718457943925234,780
98,0.5806,-1755.5307692307692,6.0025,8.512696493349456,76.05199516324063,837,133,39.17084762793049,1652,8.655380894800484,334
99,0.5774,-1608.5153846153848,5.129166666666666,7.276236429433052,73.29553679131483,840,131,36.351141494505455,1660,7.405307599517491,492
100,0.5742,-1639.7076923076925,5.3625,7.620563035495716,75.51897184822522,822,133,42.84691891264821,1666,7.752753977968176,366
101,0.571,-1625.8000000000002,5.554166666666666,7.345238095238095,74.53928571428571,844,135,39.562588717279084,1672,7.4869047619047615,783
102,0.5679,-1716.876923076923,5.725833333333333,7.602579132473623,77.29191090269637,858,136,38.61413256051465,1674,7.753810082063306,230
103,0.5647,-1364.0615384615385,4.4925,6.571428571428571,75.19848293299621,787,129,31.343125580266577,1679,6.701643489254109,58
104,0.5616,-1834.6923076923078,6.140833333333333,8.801234567901234,78.15185185185184,806,135,46.758013186266176,1684,8.927250308261407,649
105,0.5585,-1907.0384615384614,6.034166666666667,8.351418002466092,75.3501849568434,812,124,42.15302060182791,1687,8.480887792848335,736
106,0.5554,-1733.0615384615385,5.676666666666667,8.061124694376527,75.98044009779952,823,129,38.590439013650915,1695,8.19804400977995,271
107,0.5523,-1802.5846153846153,6.0425,8.26051401869159,75.58644859813084,855,127,42.023653800831084,1701,8.386682242990654,352
108,0.5493,-1574.2307692307693,5.076666666666667,6.958536585365854,75.2609756097561,819,129,32.40275409985369,1707,7.119512195121951,522
109,0.5462,-1407.430769230769,4.765833333333333,7.057618437900128,73.62227912932138,787,132,30.69379075689005,1710,7.162612035851472,346
110,0.5432,-1443.3384615384616,5.099166666666667,6.867052023121388,73.69479768786127,867,137,33.44681632422184,1710,7.048554913294797,834
111,0.5402,-1690.9923076923078,5.41,7.384431137724551,75.10179640718563,832,125,42.076930522835326,1711,7.528708133971292,137
112,0.5372,-1430.246153846154,4.98,6.883495145631068,72.37621359223301,815,138,27.80073930545654,1712,7.033980582524272,365
113,0.5343,-1574.5076923076922,5.29,7.4033412887828165,76.95704057279237,827,140,38.45083347378132,1715,7.545346062052506,749
114,0.5313,-1445.4307692307693,4.8341666666666665,6.578125,72.64903846153847,838,136,33.64985108016751,1724,6.693509615384615,700
115,0.5284,-1347.0307692307692,4.25,5.8303677342823255,72.9276393831554,849,136,33.09763596614834,1726,5.973902728351127,791
116,0.5254,-1512.3384615384616,5.1241666666666665,6.722415795586527,72.59581881533101,870,133,32.89654158248379,1727,6.832752613240418,717
117,0.5225,-1596.676923076923,5.099166666666667,6.712630359212051,72.55272305909618,854,132,36.4019623742394,1729,6.837775202780996,605
118,0.5196,-1560.1307692307691,5.183333333333334,7.3582629674306395,74.0832328106152,823,131,35.78302192716375,1730,7.515078407720145,547
119,0.5168,-1438.0,5.0441666666666665,6.9518779342723,73.21126760563381,852,136,32.338502811950136,1733,7.102112676056338,724
120,0.5139,-1456.9692307692308,4.875,6.755716004813478,74.2418772563177,828,139,32.26633368774753,1734,6.890493381468111,448
121,0.5111,-1524.1615384615384,5.175833333333333,7.048780487804878,73.4390243902439,850,130,34.53097632879013,1740,7.203252032520325,529
122,0.5082,-1691.1999999999998,5.5808333333333335,7.781512605042017,76.5390156062425,845,133,38.79409048933172,1742,7.911164465786315,651
123,0.5054,-1413.1076923076923,4.881666666666667,6.580459770114943,74.02068965517242,860,133,35.4496895840909,1748,6.7459770114942526,808
124,0.5026,-1625.2,5.325833333333334,7.507299270072993,75.4051094890511,839,130,32.83756477067588,1749,7.64720194647202,227
125,0.4998,-1553.5461538461539,5.508333333333334,7.5197215777262185,73.88399071925754,863,141,40.01783006746214,1751,7.694895591647332,434
126,0.4971,-1371.3615384615384,4.5325,6.129411764705883,73.07764705882353,858,132,26.548338781268786,1751,6.25764705882353,471
127,0.4943,-1640.0846153846155,5.6066666666666665,7.2616926503340755,74.3195991091314,895,138,40.31539906912011,1754,7.3841870824053455,872
128,0.4916,-1511.623076923077,4.613333333333333,6.414752116082225,74.48851269649334,832,131,32.92551348490769,1758,6.5332527206771465,505
129,0.4889,-1697.5076923076922,5.2275,6.9905325443786985,74.0923076923077,855,128,38.20087052798559,1764,7.139644970414201,413
130,0.4862,-1509.4615384615386,4.5975,6.3462002412545235,73.01930036188179,824,136,34.56351051878615,1768,6.512665862484922,658
131,0.4835,-1572.2846153846153,4.96,6.671607753705815,74.23831242873432,890,126,33.50391455019517,1774,6.844925883694413,364
132,0.4808,-1375.2846153846156,4.835,7.19647355163728,75.34005037783375,785,133,31.762869173124283,1776,7.321158690176323,756
133,0.4781,-1362.7307692307693,4.683333333333334,6.4721233689205215,73.95373665480427,830,142,31.14575178863373,1777,6.621589561091341,29
134,0.4755,-1381.6538461538462,4.476666666666667,6.3099630996309966,73.09840098400984,816,134,33.89290203769268,1783,6.450184501845018,537
135,0.4729,-1357.8153846153846,4.5575,6.293491124260355,73.6792899408284,827,139,32.37031799570103,1788,6.415384615384616,493
136,0.4703,-1416.9307692307693,4.915,6.860436893203883,74.35922330097087,814,136,30.994549936484965,1794,6.997572815533981,897
137,0.4677,-1475.4923076923078,4.950833333333334,7.467889908256881,75.4259501965924,771,128,36.740467128566834,1796,7.592398427260813,719
138,0.4651,-1433.3384615384616,4.7525,6.9361702127659575,75.7822277847309,790,138,32.96220642299964,1797,7.083854818523154,284
139,0.4625,-1550.2384615384617,5.075833333333334,7.286773794808405,75.97280593325092,823,137,40.6287855138298,1800,7.42398022249691,6
140,0.4599,-1469.1076923076923,4.7075,6.579136690647482,74.57194244604317,846,147,32.57696614331184,1806,6.699040767386091,214
141,0.4574,-1479.5153846153846,4.925,6.855072463768116,74.50603864734299,831,135,33.57378952713272,1807,6.968599033816425,753
142,0.4549,-1294.8076923076922,4.424166666666666,6.258895705521472,73.19754601226994,802,140,31.561155704887035,1811,6.413496932515337,622
143,0.4523,-1475.623076923077,4.670833333333333,6.275294117647059,73.63411764705883,866,134,35.415305314342284,1812,6.411764705882353,449
144,0.4498,-1264.0384615384614,4.410833333333334,5.9601930036188175,73.7092882991556,846,139,36.0728333546539,1812,6.088057901085645,577
145,0.4474,-1412.5769230769229,4.693333333333333,6.738329238329238,72.53071253071253,796,133,35.62155214801226,1818,6.8734643734643734,854
146,0.4449,-1501.6769230769232,4.820833333333334,6.577698695136418,72.29774614472123,835,131,32.57912499339756,1819,6.722748815165877,166
147,0.4424,-1447.5153846153846,4.891666666666667,6.44,74.93142857142857,868,134,38.408966718055275,1824,6.595428571428571,600
148,0.44,-1329.8307692307694,4.608333333333333,6.782553729456384,75.62705436156763,788,128,32.89676156896649,1831,6.948166877370417,665
149,0.4375,-1445.3230769230768,4.784166666666667,6.6068476977567885,73.84887839433294,845,129,29.340947245932416,1833,6.741440377804014,654
150,0.4351,-1179.4153846153847,3.7883333333333336,5.081560283687943,69.8451536643026,850,143,25.57890790272541,1834,5.245862884160757,425
151,0.4327,-1473.3461538461538,4.845833333333333,6.370503597122302,71.94484412470024,825,139,35.98200205760224,1836,6.475449101796407,393
152,0.4303,-1333.0,4.52,6.109411764705882,72.86941176470589,823,134,31.845075172269414,1841,6.262352941176471,650
153,0.4279,-1281.876923076923,4.551666666666667,6.235941320293398,71.73716381418093,814,136,31.61783737558138,1842,6.3528693528693525,890
154,0.4256,-1475.6307692307691,4.86,6.677267373380448,73.23085983510012,839,139,33.569360661529664,1844,6.8174322732626615,708
155,0.4232,-1218.946153846154,3.845833333333333,5.660714285714286,71.60714285714286,776,133,35.58524344581897,1847,5.807397959183674,63
156,0.4209,-1489.4923076923076,4.835,6.765644171779141,71.95214723926381,817,139,35.3688141785217,1851,6.9006134969325155,80
157,0.4185,-1486.7769230769231,5.198333333333333,7.176836861768368,75.36363636363636,800,140,33.69218114992198,1851,7.301369863013699,40
158,0.4162,-1502.123076923077,4.725,6.923175416133162,75.0179257362356,789,134,36.20244016500296,1854,7.074263764404609,111
159,0.4139,-1260.746153846154,4.173333333333333,5.787730061349693,73.67239263803681,809,136,28.25520470863106,1854,5.914110429447852,168
160,0.4116,-1391.9076923076923,4.5633333333333335,6.074340527577938,73.20023980815348,830,133,32.86046066683028,1855,6.211031175059952,788
161,0.4094,-1284.9615384615386,4.254166666666666,5.909855769230769,72.11658653846153,833,135,25.360523841299603,1857,6.018028846153846,423
162,0.4071,-1543.0538461538463,5.210833333333333,7.3474576271186445,76.23728813559322,824,134,36.46862146316828,1860,7.533898305084746,316
163,0.4048,-1265.8307692307692,4.145,5.569767441860465,72.96860465116279,860,137,27.24584238697395,1867,5.731395348837209,252
164,0.4026,-1389.676923076923,4.9783333333333335,6.629069767441861,74.16511627906976,849,135,32.75716690031402,1869,6.752325581395349,234
165,0.4004,-1182.5769230769229,4.085,5.62227602905569,71.73123486682809,834,142,28.971369912395037,1870,5.743651753325272,452
166,0.3982,-1249.5769230769229,4.088333333333333,5.4898929845422115,71.62663495838288,828,133,26.838960916260543,1874,5.619500594530321,633
167,0.396,-1195.4692307692308,4.24,5.762304921968788,72.6422569027611,817,141,27.220520031803268,1876,5.8979591836734695,488
168,0.3938,-1338.5230769230768,4.6375,6.520334928229665,73.83014354066985,828,138,37.71872019720059,1877,6.673444976076555,355
169,0.3916,-1165.7846153846153,4.3,5.937576499388005,72.85067319461444,814,137,31.662929394232872,1881,6.0832313341493265,548
170,0.3894,-1458.2769230769231,5.236666666666666,7.188524590163935,75.35480093676814,845,134,39.16532194956212,1883,7.353629976580796,169
171,0.3873,-1388.2538461538463,4.605,5.897206703910615,73.39776536312849,896,129,33.81656837990378,1885,6.077094972067039,312
172,0.3851,-1461.2,4.714166666666666,6.3736654804270465,72.51008303677342,848,135,32.59015604450763,1886,6.5338078291814945,193
173,0.383,-1249.5307692307692,4.475833333333333,6.045130641330166,73.43705463182899,836,143,29.78774788106834,1888,6.207838479809976,211
174,0.3809,-1348.7923076923078,4.858333333333333,7.042236024844721,75.4832298136646,800,141,24.656326761887613,1889,7.188585607940446,880
175,0.3788,-1248.5384615384614,4.493333333333333,6.105450236966824,72.03436018957346,849,139,22.607381997350195,1891,6.23696682464455,551
176,0.3767,-1316.9923076923076,4.360833333333333,6.109090909090909,71.7830303030303,813,131,29.04698506406688,1892,6.236363636363636,778
177,0.3746,-1270.6846153846152,4.175833333333333,5.709563164108618,72.24321133412043,852,137,32.43800406513215,1896,5.8441558441558445,712
178,0.3725,-1420.4461538461537,4.778333333333333,6.471264367816092,73.98620689655172,863,140,34.97944513084472,1896,6.624137931034483,238
179,0.3705,-1494.1769230769232,5.145,7.3080745341614906,74.14037267080745,797,139,34.273989932792766,1898,7.44223602484472,553
180,0.3684,-1530.2846153846153,5.3475,7.0830489192263935,73.46643913538111,874,132,34.143895737844865,1901,7.2375,512
181,0.3664,-1397.3923076923074,4.9625,6.924821002386635,73.28520286396181,829,140,35.40022178649989,1910,7.088305489260144,540
182,0.3643,-1421.4461538461537,4.72,6.352128883774453,73.38204833141542,875,135,25.658864219539304,1910,6.512082853855006,546
183,0.3623,-1457.1692307692306,4.673333333333333,6.33096926713948,73.39007092198581,844,129,35.00195188612312,1912,6.4787234042553195,387
184,0.3603,-1130.5153846153846,4.094166666666666,5.81625,70.43625,794,141,28.410174526703805,1913,5.94875,586
185,0.3583,-1233.5923076923077,4.03,5.987389659520807,72.50693568726355,783,145,35.29106985489049,1914,6.139974779319042,398
186,0.3563,-1480.0615384615385,5.01,6.859138533178114,72.9639115250291,853,131,33.45610954535257,1914,6.9953434225844005,380
187,0.3544,-1369.8230769230768,4.225,6.006329113924051,74.34303797468354,798,127,35.46123277481773,1918,6.140506329113924,695
188,0.3524,-1276.3384615384616,4.23,5.998773006134969,73.98282208588957,820,138,27.504454777247194,1919,6.130061349693252,699
189,0.3505,-1388.5153846153848,4.865833333333334,6.430394431554524,73.14269141531322,863,143,30.624888274197403,1921,6.5707656612529,185
190,0.3485,-1263.1538461538462,4.2716666666666665,5.895933014354067,72.98684210526316,822,136,30.749868360108326,1927,6.032296650717703,757
191,0.3466,-1277.4769230769232,4.3725,5.900473933649289,71.18957345971565,840,146,29.404785706422864,1929,6.040284360189573,690
192,0.3447,-1216.6923076923076,4.180833333333333,5.692126909518214,72.84018801410106,855,148,25.947588340793818,1931,5.826086956521739,681
193,0.3428,-1491.5615384615385,4.910833333333334,6.88861985472155,72.43946731234867,838,133,37.877045158715234,1939,7.0242130750605325,89
194,0.3409,-1327.4,4.238333333333333,5.604838709677419,73.09792626728111,877,134,30.885080009903273,1940,5.744239631336406,735
195,0.339,-1789.2923076923075,5.3275,7.428400954653938,72.57875894988067,833,116,41.78894030159042,1942,7.563245823389021,850
196,0.3371,-1179.3076923076924,3.985,5.294797687861272,71.01387283236994,868,139,24.691654659994523,1943,5.424277456647399,81
197,0.3352,-1372.8230769230768,4.2908333333333335,5.7337209302325585,73.16162790697675,858,143,27.00894043928466,1943,5.873255813953488,23
198,0.3334,-1306.6538461538462,4.341666666666667,6.348484848484849,73.77020202020202,803,136,34.94139839289116,1946,6.518939393939394,262
199,0.3315,-1520.5384615384614,5.1241666666666665,7.067137809187279,74.16725559481743,855,137,41.814869476163345,1953,7.204946996466431,730
200,0.3297,-1279.7384615384615,4.113333333333333,5.835766423357664,73.54257907542579,810,139,35.241776687413775,1956,5.968369829683699,718
201,0.3279,-1084.246153846154,3.9208333333333334,5.544135429262394,70.91535671100362,835,148,22.54114312045329,1961,5.689238210399033,841
202,0.3261,-1478.0153846153846,5.135,7.136363636363637,74.89712918660287,831,136,36.406231010617375,1964,7.2727272727272725,65
203,0.3243,-1278.3461538461538,4.1225,5.973111395646607,72.54289372599231,779,128,35.134796562054476,1967,6.1101152368758,481
204,0.3225,-1066.8384615384614,3.925,5.321345707656612,71.915313225058,855,147,24.329009738641385,1968,5.454756380510441,368
205,0.3207,-1226.3846153846155,4.096666666666667,5.613526570048309,73.512077294686,831,137,31.52143011622328,1971,5.776570048309178,465
206,0.3189,-1248.923076923077,4.281666666666666,5.7718676122931445,74.20449172576832,849,138,30.30493114543194,1973,5.905437352245863,367
207,0.3172,-1362.1461538461535,4.569166666666667,5.934931506849315,73.49771689497717,874,140,29.070048121632205,1973,6.077625570776256,542
208,0.3154,-1381.1,4.4325,6.565605095541401,73.96815286624204,796,134,34.05023162952421,1975,6.7146496815286625,533
209,0.3137,-1423.2153846153847,4.46,6.349206349206349,73.48840048840049,832,124,38.04272625241546,1980,6.473748473748474,530
210,0.3119,-1727.523076923077,6.026666666666666,7.969732246798603,75.94295692665891,873,129,46.2733095204555,1982,8.090803259604192,500
211,0.3102,-1319.4538461538461,4.596666666666667,6.152873563218391,72.84252873563219,872,136,34.89008955556372,1983,6.309195402298851,213
212,0.3085,-1336.0153846153846,4.670833333333333,6.442583732057416,74.73564593301435,824,134,28.920807584333723,1984,6.568181818181818,388
213,0.3068,-1442.4230769230767,4.751666666666667,6.486935866983373,72.89311163895486,833,131,36.421355543640885,1986,6.656769596199525,223
214,0.3051,-1095.9153846153845,3.9008333333333334,5.1806674338319905,73.00920598388953,866,145,30.2344711550813,1986,5.31530494821634,715
215,0.3034,-1361.476923076923,4.4575,6.4267834793491865,71.62202753441802,786,127,36.28163720589464,1988,6.588235294117647,603
216,0.3017,-1442.6769230769232,4.935833333333333,6.7760663507109005,75.03909952606635,864,129,31.45043131638084,1990,6.911137440758294,7
217,0.3,-1246.7153846153847,4.245833333333334,5.806752037252619,71.0768335273574,859,143,32.874387279206886,1991,5.949941792782305,158
218,0.2984,-1629.6692307692306,5.1325,7.139590854392298,75.7352587244284,841,131,38.90529484679377,1993,7.271961492178098,60
219,0.2967,-1448.9153846153847,4.855833333333333,6.605988023952095,72.9880239520958,843,134,34.55312551725663,1999,6.710179640718563,466
220,0.2951,-1203.5615384615385,3.9558333333333335,5.570566948130278,71.07478890229191,822,142,32.685224960301035,2000,5.712907117008444,143
221,0.2935,-1416.1000000000001,5.0475,6.537180910099889,72.69589345172031,911,136,29.336688501980987,2000,6.657047724750277,426
222,0.2918,-1451.6846153846154,4.8308333333333335,6.796092796092796,73.2063492063492,825,130,36.68726242649733,2001,6.937728937728938,420
223,0.2902,-1300.2769230769231,4.208333333333333,5.947368421052632,72.93145654834761,821,138,39.21189110594881,2003,6.080684596577017,877
224,0.2886,-1374.753846153846,4.3475,6.3354591836734695,74.80102040816327,800,129,35.896142174524975,2004,6.491071428571429,132
225,0.287,-1282.4846153846154,4.434166666666667,6.163614163614164,72.19047619047619,811,135,36.26393827973552,2004,6.297924297924298,436
226,0.2854,-1227.1769230769232,4.039166666666667,5.655380894800484,71.48246674727932,847,139,26.978275711162762,2004,5.773881499395405,635
227,0.2838,-1136.4923076923078,4.0025,5.774074074074074,71.87407407407407,805,135,26.9971391248709,2005,5.907407407407407,895
228,0.2823,-1429.253846153846,4.8,6.62514827995255,73.11150652431792,827,135,40.24566467345705,2011,6.760379596678529,228
229,0.2807,-1218.5384615384617,4.136666666666667,5.905405405405405,74.11302211302211,823,141,35.346722709863926,2014,6.038036809815951,892
230,0.2792,-1340.0076923076922,4.289166666666667,5.915375446960668,74.52920143027414,856,137,31.349164254360307,2016,6.070321811680572,342
231,0.2776,-1252.1,4.331666666666667,6.215782983970407,72.96547472256474,828,137,31.676796894896434,2019,6.344019728729963,474
232,0.2761,-1250.8076923076924,4.175,5.8731884057971016,71.16666666666667,823,138,23.84908313763328,2019,5.981884057971015,197
233,0.2746,-1166.1538461538462,4.1775,5.527397260273973,71.69977168949772,889,142,34.846243098536135,2023,5.674657534246576,133
234,0.273,-1279.5538461538463,4.484166666666667,6.405269761606022,70.95232120451693,801,139,33.05973246208828,2025,6.533249686323714,167
235,0.2715,-1438.4,5.151666666666666,6.8553092182030335,75.03967327887982,851,140,28.54237947001625,2025,7.012835472578763,301
236,0.27,-1283.9692307692308,4.468333333333334,6.126328217237308,72.97048406139315,859,141,31.260439342854234,2026,6.257378984651712,16
237,0.2685,-1054.6153846153848,3.8066666666666666,5.211515863689777,72.78025851938895,829,139,22.58864538024794,2028,5.353701527614571,120
238,0.267,-1126.5076923076922,3.9975,5.380722891566265,70.26024096385542,830,144,22.385891001010854,2028,5.519277108433735,3
239,0.2656,-1257.8076923076924,4.5633333333333335,6.255594817432273,71.67255594817432,854,143,28.48206454432132,2030,6.4075382803298,217
240,0.2641,-1176.6692307692308,4.141666666666667,5.838396111786148,71.67436208991495,823,141,29.77887422833435,2031,5.9902794653705955,508
241,0.2626,-1312.4538461538461,4.5675,6.381468110709988,72.35860409145607,832,135,43.24260559107352,2035,6.547533092659447,479
242,0.2612,-1251.1923076923076,4.474166666666667,6.031952662721894,74.35857988165681,846,142,36.50338233617967,2035,6.191715976331361,224
243,0.2597,-1086.9615384615383,3.8725,5.547560975609756,70.0548780487805,807,143,34.347642899717584,2035,5.671951219512195,740
244,0.2583,-1304.9153846153847,4.4191666666666665,6.023781212841855,71.88941736028538,854,135,33.108924672220304,2036,6.170035671819263,868
245,0.2569,-1089.646153846154,3.8133333333333335,5.07361268403171,70.38958097395243,858,149,28.97744742444547,2037,5.2253680634201585,477
246,0.2555,-1259.8461538461538,3.7975,5.208333333333333,71.03095238095239,854,140,36.1214797361117,2039,5.366666666666666,320
247,0.254,-1032.769230769231,3.495,4.838748495788207,70.59205776173285,835,144,22.22371548034698,2041,4.97352587244284,597
248,0.2526,-1191.9,3.9675,5.555555555555555,70.57753357753357,807,135,37.3976460524269,2043,5.708536585365854,539
249,0.2512,-1041.6923076923076,3.484166666666667,4.695754716981132,73.09198113207547,866,143,21.50202206661526,2043,4.847877358490566,129
250,0.2498,-1080.076923076923,3.97,5.238207547169812,69.66745283018868,838,147,28.674318042164604,2045,5.365135453474676,845
251,0.2485,-1180.5,4.1066666666666665,6.026381909547739,72.62939698492463,807,142,34.41044431037698,2046,6.175879396984925,314
252,0.2471,-1218.0846153846155,3.8116666666666665,5.322777101096224,73.01705237515225,827,136,34.85245999211753,2049,5.472594397076736,721
253,0.2457,-1227.9461538461537,4.316666666666666,5.8098510882016035,71.97709049255441,863,142,29.075141399411507,2049,5.949599083619702,606
254,0.2444,-1318.5461538461536,4.344166666666666,5.769325153374234,73.56687116564417,824,136,38.83434981213187,2051,5.9006134969325155,809
255,0.243,-1210.2846153846153,4.285833333333334,5.906362545018007,73.39015606242496,843,131,34.8995178996581,2052,6.024009603841536,87
256,0.2417,-1265.7384615384615,4.445833333333334,6.083535108958838,71.67312348668281,837,140,27.853868354015503,2053,6.210653753026635,589
257,0.2403,-1336.8846153846152,4.735,6.450653983353151,75.115338882283,835,134,31.80235674775896,2058,6.637336504161712,599
258,0.239,-1179.3923076923077,4.27,5.90689238210399,73.89238210399033,829,147,27.08760543648708,2058,6.025392986698912,268
259,0.2377,-1386.123076923077,4.7625,6.75916870415648,72.69804400977995,808,131,33.16739121804172,2058,6.930317848410758,896
260,0.2364,-1409.376923076923,4.609166666666667,6.231934731934732,71.71678321678321,853,131,34.30352776650503,2060,6.382284382284382,887
261,0.2351,-1349.376923076923,4.241666666666666,6.092909535452323,73.64425427872861,827,133,29.98216382767164,2062,6.26039119804401,62
262,0.2338,-1311.8307692307692,4.236666666666666,6.321112515802781,72.45891276864728,789,134,30.726522885655115,2064,6.447534766118837,557
263,0.2325,-1303.6538461538462,4.4558333333333335,6.141162514827995,72.23368920521945,827,129,31.768384331642867,2067,6.295373665480427,746
264,0.2312,-1358.8230769230768,4.631666666666667,6.3031026252983295,74.20644391408115,837,132,35.29814838975031,2067,6.431466030989273,323
265,0.2299,-1325.6615384615386,4.429166666666666,6.068100358422939,73.46833930704898,852,130,36.06957090483496,2070,6.213859020310633,596
266,0.2286,-1506.7846153846153,5.019166666666667,6.940667490729296,74.10877626699629,823,130,42.94607220802941,2076,7.082818294190359,667
267,0.2274,-1350.5615384615385,4.291666666666667,6.381795195954488,72.23640960809102,798,133,32.56302671979509,2079,6.525916561314792,643
268,0.2261,-1246.7923076923075,4.423333333333333,6.380050505050505,73.17676767676768,783,136,36.041988220392945,2080,6.497474747474747,162
269,0.2249,-1316.7307692307693,4.4275,6.37625,73.17,810,127,33.727043115482914,2081,6.49625,351
270,0.2236,-1311.4692307692308,4.3525,6.0394736842105265,73.81698564593302,827,132,35.20786469802739,2085,6.181818181818182,347
271,0.2224,-1327.5153846153848,4.430833333333333,5.9283236994219655,72.83121387283236,861,138,33.09247321243121,2088,6.083236994219654,119
272,0.2211,-1316.8153846153846,4.44,6.669665809768637,74.72879177377892,772,133,34.80625451294756,2090,6.804627249357327,497
273,0.2199,-1412.1692307692306,4.765,6.475352112676056,72.79460093896714,846,132,36.85377551145364,2090,6.634976525821596,298
274,0.2187,-1380.8384615384616,4.8741666666666665,6.661233993015134,72.22584400465658,856,140,34.45948347748642,2092,6.821885913853317,706
275,0.2175,-1303.1384615384613,4.171666666666667,5.925153374233129,73.75950920245398,834,136,29.85689146982486,2093,6.053921568627451,616
276,0.2163,-1185.2615384615385,4.0633333333333335,5.952618453865337,71.72568578553616,821,138,27.40999565953427,2094,6.070983810709838,714
277,0.2151,-1491.4692307692308,4.679166666666666,6.5579450418160095,74.39187574671446,834,135,39.30134144948325,2095,6.702508960573477,13
278,0.2139,-1506.7076923076922,5.053333333333334,7.028708133971292,73.38636363636364,829,129,36.71695987784247,2097,7.146953405017921,843
279,0.2127,-1219.0153846153846,4.128333333333333,6.011450381679389,74.42239185750635,805,128,28.19230390444267,2099,6.151399491094147,146
280,0.2115,-1353.2384615384613,4.53,6.519018404907976,72.77055214723926,804,128,34.787773736851804,2104,6.6282208588957054,161
281,0.2104,-1387.1615384615384,4.560833333333333,5.835787089467724,71.75537938844847,874,135,33.48852576198315,2107,5.983012457531144,75
282,0.2092,-1526.6,5.225833333333333,7.208972845336482,74.65289256198348,849,128,35.770934337884114,2110,7.358913813459268,871
283,0.208,-1240.4076923076923,4.273333333333333,5.967469879518072,72.96987951807229,808,133,30.175924483757782,2111,6.112048192771084,113
284,0.2069,-1263.746153846154,4.33,6.15468940316687,72.51644336175396,809,133,28.428882731078936,2114,6.28258221680877,124
285,0.2058,-1351.3230769230768,4.7716666666666665,6.533969010727056,72.21692491060787,833,132,24.812877781333064,2114,6.67103694874851,777
286,0.2046,-1157.7153846153847,3.8408333333333333,5.476073619631902,72.96441717791411,814,126,40.05918091963304,2114,5.611042944785276,108
287,0.2035,-1365.6769230769228,4.9875,7.1181592039801,74.16791044776119,787,141,40.88491116661277,2115,7.2549751243781095,451
288,0.2024,-1212.1538461538462,4.1525,5.926060606060606,71.84727272727272,820,141,28.66484070803504,2117,6.064242424242424,196
289,0.2012,-1211.3461538461538,3.9941666666666666,5.646135265700483,72.35628019323671,814,127,28.229792122210824,2118,5.8019323671497585,64
290,0.2001,-1242.8923076923077,4.076666666666667,5.582142857142857,71.71904761904761,842,134,40.94937231203302,2120,5.7178571428571425,165
291,0.199,-1184.5384615384614,3.7683333333333335,5.367073170731707,71.79878048780488,827,135,34.50757742674134,2123,5.495121951219512,412
292,0.1979,-1229.6692307692308,3.9925,5.610975609756098,72.59634146341463,824,142,28.14253814602558,2124,5.734470158343483,335
293,0.1968,-1347.9384615384615,4.663333333333333,6.3578947368421055,72.76491228070175,844,133,43.78335022998272,2126,6.519298245614035,617
294,0.1957,-1206.6999999999998,4.2491666666666665,5.64218009478673,70.9111374407583,842,138,26.691301783774847,2128,5.7843601895734595,325
295,0.1946,-1148.4923076923078,4.203333333333333,5.678486997635934,72.52718676122932,832,140,28.401523817360307,2130,5.815602836879433,26
296,0.1936,-1301.053846153846,4.4158333333333335,5.968122786304605,71.10743801652893,860,141,32.417809238079386,2133,6.110979929161747,51
297,0.1925,-1230.8076923076924,4.171666666666667,6.210796915167095,74.84447300771208,759,132,36.647787808689735,2136,6.349614395886889,431
298,0.1914,-1238.0153846153844,4.154166666666667,5.91055900621118,71.12422360248448,811,140,24.082678785902623,2139,6.04472049689441,570
299,0.1904,-1316.246153846154,3.9775,5.730769230769231,70.01612903225806,822,142,37.43875482228384,2140,5.859801488833747,73
300,0.1893,-1538.7692307692307,5.069166666666667,6.791469194312796,73.12559241706161,875,130,40.29607661922828,2142,6.923076923076923,602
301,0.1883,-1254.423076923077,4.278333333333333,6.037667071688943,72.1944106925881,815,138,24.94834904103376,2145,6.162818955042527,527
302,0.1872,-1290.6153846153845,4.300833333333333,6.127139364303178,74.14547677261614,818,132,37.32551293553488,2146,6.276283618581907,72
303,0.1862,-1478.2076923076925,5.1275,6.7862857142857145,72.94857142857143,886,130,41.004561519318116,2148,6.912,566
304,0.1852,-1514.176923076923,4.805833333333333,6.328125,74.99759615384616,838,127,35.172945864747476,2152,6.486778846153846,634
305,0.1841,-1453.1384615384613,5.145,7.144057623049219,75.01440576230492,826,131,35.68576523737537,2155,7.261390887290168,400
306,0.1831,-1259.0076923076922,4.4625,6.229268292682927,75.64878048780488,835,136,32.41717983355416,2156,6.389024390243902,520
307,0.1821,-1465.9153846153845,4.6575,6.606356968215159,72.77872860635696,805,126,39.08620925406317,2157,6.787286063569682,875
308,0.1811,-1218.1153846153848,3.8866666666666667,5.645363408521304,72.81829573934837,791,132,39.242756564015906,2159,5.791979949874687,744
309,0.1801,-1224.6692307692308,3.986666666666667,5.475507765830346,72.00716845878136,839,135,33.28691278904105,2162,5.623655913978495,299
310,0.1791,-1310.8461538461538,4.179166666666666,5.6627497062279675,72.69682726204465,838,126,34.33629333912247,2165,5.816901408450704,489
311,0.1781,-1536.0076923076922,5.008333333333334,6.736478711162255,75.25546605293441,863,122,45.65622471745776,2169,6.89873417721519,4
312,0.1771,-1384.8,4.524166666666667,6.422195416164053,73.66344993968637,825,129,38.83839812220024,2170,6.576598311218335,379
313,0.1762,-1361.7307692307693,4.361666666666666,6.102564102564102,72.97191697191697,814,124,23.84334359815715,2170,6.2515262515262515,212
314,0.1752,-1293.6923076923076,4.319166666666667,6.096202531645569,73.08227848101266,803,130,38.618641384826184,2175,6.235443037974684,560
315,0.1742,-1189.8384615384616,3.87,5.175707547169812,72.06603773584905,843,144,31.19405246142414,2175,5.3254716981132075,798
316,0.1732,-1487.6538461538464,4.4675,6.626459143968872,73.93644617380026,770,124,45.167137690902436,2176,6.7717250324254215,640
317,0.1723,-1341.753846153846,4.47,6.007100591715976,72.71597633136095,844,133,37.80286520860941,2178,6.14319526627219,171
318,0.1713,-1488.3692307692309,5.055,7.165441176470588,74.2720588235294,812,129,38.648284459324366,2184,7.286764705882353,225
319,0.1704,-1523.0846153846153,5.066666666666666,6.706697459584295,75.34757505773672,881,130,37.838589407687195,2188,6.878752886836028,283
320,0.1694,-1649.0307692307692,5.7025,7.821261682242991,75.73598130841121,872,130,51.04161553663308,2192,7.962616822429907,561
321,0.1685,-1291.023076923077,4.3175,6.126070991432068,74.22766217870257,809,128,28.02037013331069,2192,6.268053855569155,180
322,0.1676,-1569.476923076923,5.2908333333333335,7.187721369539552,76.30696576151122,835,122,42.33494412970098,2194,7.351829988193624,729
323,0.1666,-1358.8692307692309,4.430833333333333,6.34469696969697,74.35606060606061,799,129,36.46139556833892,2194,6.470365699873897,427
324,0.1657,-1423.3000000000002,4.679166666666666,6.377224199288256,73.51601423487544,846,129,35.592943947625535,2199,6.512455516014235,679
325,0.1648,-1268.3846153846152,4.349166666666667,6.3919089759797725,74.25410872313527,785,138,34.22537823437462,2199,6.515802781289507,563
326,0.1639,-1371.3,4.4825,6.292917166866746,73.47298919567827,826,134,35.476021404171966,2199,6.4357743097238895,632
327,0.163,-1415.0923076923077,4.626666666666667,6.052391799544419,72.41799544419135,890,132,36.127902358196685,2199,6.203872437357631,373
328,0.1621,-1257.7923076923075,4.211666666666667,5.48187134502924,73.1438596491228,867,140,28.591548476056794,2199,5.632748538011696,584
329,0.1612,-1306.4923076923078,4.508333333333334,6.0411280846063455,73.64747356051704,863,138,20.08453154734492,2199,6.190364277320799,525
330,0.1603,-1300.8076923076924,4.323333333333333,5.863095238095238,72.39047619047619,841,133,34.10518734879684,2202,6.019047619047619,656
331,0.1594,-1169.076923076923,4.129166666666666,5.60233918128655,72.36140350877193,858,145,25.86110630779017,2203,5.749707602339181,61
332,0.1585,-1158.8384615384614,3.5433333333333334,4.764982373678026,70.94242068155111,834,135,28.095977798058186,2206,4.921269095182138,12
333,0.1577,-1317.7615384615383,4.409166666666667,6.030624263839812,71.66431095406361,866,134,31.614670645054627,2207,6.153121319199058,496
334,0.1568,-1285.876923076923,4.226666666666667,5.700591715976332,72.13491124260355,848,139,26.347809000697865,2209,5.8437869822485204,641
335,0.1559,-1470.4538461538461,4.9075,6.451793721973094,72.402466367713,887,129,46.61519678867444,2210,6.606502242152466,779
336,0.155,-1341.0384615384614,4.491666666666666,6.474278544542033,74.37892095357591,793,130,36.552806811365876,2211,6.5959849435382685,837
337,0.1542,-1289.2230769230769,4.030833333333334,5.718518518518518,73.83333333333333,816,132,33.43899359790693,2216,5.864197530864198,34
338,0.1533,-1472.5307692307692,4.935,6.621718377088306,75.45226730310263,847,132,36.10930984517838,2216,6.787589498806683,511
339,0.1525,-1326.1384615384616,4.235833333333333,5.955097087378641,74.10072815533981,830,128,35.68681797607379,2217,6.093446601941747,408
340,0.1516,-1308.9461538461537,4.465,5.601307189542483,72.35838779956427,930,145,31.662389589241684,2218,5.76797385620915,45
341,0.1508,-1186.9076923076923,4.3175,6.4189873417721515,74.24683544303798,798,138,33.20638429888899,2222,6.558227848101266,638
342,0.15,-1256.3846153846152,4.013333333333334,5.873591989987484,72.9224030037547,801,129,25.49801741617876,2222,5.969962453066333,160
343,0.1491,-1551.146153846154,5.115,7.026097271648873,73.92526690391459,848,128,39.209126310390424,2226,7.1886120996441285,410
344,0.1483,-1502.7846153846153,4.928333333333334,6.856972586412396,72.75089392133492,847,129,39.22600945533293,2230,7.002380952380952,490
345,0.1475,-1292.3076923076924,3.8441666666666667,5.482164821648216,73.26322263222632,819,132,32.906858409648244,2234,5.607626076260763,575
346,0.1467,-1347.1846153846154,4.3525,6.159509202453988,73.2638036809816,832,134,30.715407124534124,2235,6.279754601226994,683
347,0.1459,-1544.9615384615386,5.234166666666667,6.846867749419953,74.15661252900232,865,130,34.6680848980028,2235,6.976798143851508,249
348,0.1451,-1234.646153846154,3.808333333333333,5.57449494949495,70.75,796,133,30.635024797205165,2238,5.724747474747475,46
349,0.1443,-1467.6999999999998,4.808333333333334,6.6819830713422,74.39661426844015,828,131,47.27564805886162,2239,6.810157194679564,894
350,0.1435,-1279.1846153846152,4.2325,5.732860520094563,73.19739952718676,866,131,31.802855834487175,2241,5.8534278959810875,685
351,0.1427,-1319.746153846154,4.411666666666667,6.005760368663594,73.45391705069125,864,133,35.284686685444065,2241,6.172612197928654,478
352,0.1419,-1445.923076923077,4.798333333333333,6.577331759149941,72.22786304604486,835,136,44.231268479415164,2242,6.743801652892562,291
353,0.1411,-1425.376923076923,4.4975,6.122327790973872,73.55225653206651,845,132,32.732325296642514,2243,6.263657957244655,657
354,0.1403,-1275.6384615384616,4.0525,5.767527675276753,73.77613776137761,816,138,30.07747036846668,2244,5.894218942189422,428
355,0.1395,-1230.223076923077,3.8133333333333335,5.234093637454982,71.75270108043217,823,138,33.78403163060767,2244,5.3709483793517405,814
356,0.1388,-1288.4461538461537,4.333333333333333,5.7894736842105265,73.93801169590644,857,140,29.305182234507438,2244,5.932163742690059,102
357,0.138,-1235.246153846154,4.331666666666667,5.886946386946387,74.1025641025641,866,135,31.77846897753165,2244,6.057109557109557,376
358,0.1372,-985.9461538461537,3.5391666666666666,5.003667481662592,73.38997555012224,820,146,35.014363155946384,2244,5.158730158730159,172
359,0.1365,-1184.5076923076922,3.970833333333333,5.876262626262626,72.69823232323232,799,142,29.52018532907244,2244,6.0063131313131315,50
360,0.1357,-1108.9307692307693,3.6225,5.358974358974359,71.85897435897436,780,134,32.80425187332233,2246,5.4974358974358974,333
361,0.135,-1335.9769230769232,4.774166666666667,6.497062279670975,73.02232667450059,866,135,31.270319710862257,2246,6.658049353701528,626
362,0.1342,-1150.0307692307692,4.075833333333334,5.678355501813785,71.51753325272068,833,140,26.987161578728617,2247,5.823458282950424,28
363,0.1335,-1023.5461538461539,3.674166666666667,5.2276621787025706,72.32068543451652,822,143,20.58462465105637,2247,5.356181150550795,467
364,0.1327,-1082.3461538461538,3.705,5.306930693069307,72.0990099009901,806,136,24.684542021041057,2247,5.445544554455446,53
365,0.132,-1225.1384615384616,4.179166666666666,5.760663507109005,72.59241706161137,839,139,23.390204971296228,2248,5.8850710900473935,294
366,0.1313,-1427.3923076923077,4.5675,6.162064825930372,73.08523409363745,856,128,39.53107212312516,2248,6.300120048019208,789
367,0.1306,-1163.5923076923077,4.153333333333333,5.5606936416184976,72.0693641618497,851,142,23.508842968114415,2248,5.714450867052023,260
368,0.1298,-1111.223076923077,3.4133333333333336,4.814676616915423,71.65547263681592,812,135,29.122108301087913,2249,4.942786069651741,210
369,0.1291,-1314.5846153846155,4.215833333333333,6.030864197530864,71.90987654320988,801,125,31.11741090526927,2250,6.158024691358024,68
370,0.1284,-1259.1,4.108333333333333,5.6417370325693605,72.02412545235224,844,134,28.83463936224744,2253,5.782870928829915,204
371,0.1277,-1065.5615384615385,3.69,5.185851318944844,70.8537170263789,826,140,31.06356004177367,2254,5.311377245508982,636
372,0.127,-1422.5692307692307,4.9675,6.6327944572748265,74.26789838337183,884,135,31.42206277040696,2255,6.774826789838337,164
373,0.1263,-1229.8923076923074,4.1725,5.826876513317191,72.79418886198548,828,140,27.417690965258576,2255,5.961259079903147,280
374,0.1256,-1139.6692307692308,4.108333333333333,5.6758045292014305,72.50893921334922,833,143,21.64190989342563,2255,5.814064362336114,750
375,0.1249,-1091.8923076923077,3.9116666666666666,5.627306273062731,72.72570725707257,811,144,26.171000150149023,2259,5.762607626076261,792
376,0.1242,-1216.2692307692307,4.3175,6.025454545454545,74.0739393939394,819,141,23.671857549459055,2259,6.196363636363636,170
377,0.1235,-1174.4076923076923,3.9908333333333332,5.341549295774648,72.63262910798122,874,148,24.74594497206423,2259,5.496478873239437,558
378,0.1228,-1103.1692307692306,3.8516666666666666,5.715923566878981,73.13885350318472,795,133,28.065589157740312,2260,5.86624203821656,688
379,0.1221,-1376.2846153846153,4.206666666666667,5.828915662650602,72.46867469879518,833,140,43.995979214194996,2263,5.962650602409639,618
380,0.1215,-1062.5076923076922,3.6675,5.201017811704834,72.6323155216285,807,139,24.048836551063058,2263,5.3320610687022905,509
381,0.1208,-1021.6230769230771,3.7283333333333335,5.11660777385159,71.56065959952886,831,140,24.353174852304996,2263,5.264705882352941,674
382,0.1201,-1052.046153846154,3.464166666666667,4.664259927797834,72.53068592057761,828,149,19.639544880080464,2263,4.780986762936221,826
383,0.1195,-1040.0461538461539,3.7083333333333335,5.22490931076179,71.82950423216445,837,140,21.353705632709246,2264,5.371221281741233,612
384,0.1188,-1156.1153846153848,4.265,5.762124711316397,72.30254041570439,848,148,25.217147018248593,2264,5.914549653579677,239
385,0.1181,-1014.8999999999999,3.558333333333333,5.177199504337051,73.8636926889715,815,140,21.239319875526103,2264,5.320941759603469,879
386,0.1175,-1160.4153846153847,4.088333333333333,5.684596577017115,72.12713936430318,818,138,28.988412853908464,2265,5.801955990220049,734
387,0.1168,-1059.3615384615384,3.7683333333333335,5.385922330097087,72.85315533980582,831,152,22.55605285643226,2268,5.538834951456311,112
388,0.1162,-1044.4384615384615,4.003333333333333,5.565113500597372,72.46714456391875,847,149,25.47571773151137,2268,5.698090692124105,369
389,0.1156,-1107.9076923076923,3.734166666666667,5.2286401925391095,71.18050541516246,853,146,25.760862876868224,2268,5.353790613718411,18
390,0.1149,-1401.5461538461539,4.323333333333333,5.832142857142857,72.8702380952381,844,130,30.322031129208035,2268,5.982142857142857,806
391,0.1143,-1220.8,4.215833333333333,5.679245283018868,72.31485849056604,858,140,20.27418411596998,2268,5.807783018867925,536
392,0.1136,-1177.1538461538462,3.8741666666666665,5.495747266099635,71.38882138517619,842,147,27.45482779553857,2269,5.619684082624544,860
393,0.113,-1245.6615384615384,3.7741666666666664,5.115654205607477,71.51518691588785,864,137,32.773239367944555,2270,5.253504672897196,77
394,0.1124,-1125.0846153846153,4.076666666666667,5.705741626794258,71.58373205741627,821,143,22.402955844242705,2270,5.848086124401914,648
395,0.1118,-1312.8230769230768,4.2025,5.830917874396135,72.79227053140097,841,143,32.85019850143384,2270,5.975845410628019,250
396,0.1112,-1179.3153846153846,3.953333333333333,5.508495145631068,72.47694174757281,830,144,24.151279598985393,2270,5.664242424242424,43
397,0.1105,-1201.253846153846,3.8825,5.211136890951276,71.29698375870069,859,141,23.34508611321243,2270,5.379350348027843,156
398,0.1099,-1145.2384615384617,3.9925,5.389655172413793,71.02643678160919,861,143,25.040598125562084,2270,5.505747126436781,483
399,0.1093,-1065.6384615384616,3.620833333333333,4.96415770609319,70.19832735961768,837,146,30.316575904523987,2271,5.118279569892473,42
400,0.1087,-1015.9230769230769,3.5591666666666666,5.104808877928483,70.63131935881627,812,146,31.097550722491313,2271,5.24537607891492,153
401,0.1081,-1306.976923076923,4.070833333333334,5.639902676399027,71.92092457420925,824,144,43.25958716765567,2273,5.766423357664234,329
402,0.1075,-1103.1692307692308,3.8066666666666666,5.319174757281553,71.94781553398059,812,146,27.568672811361143,2273,5.434466019417476,106
403,0.1069,-1516.2076923076925,5.073333333333333,6.975961538461538,72.8641826923077,829,125,38.84919684781709,2280,7.092548076923077,645
404,0.1063,-1195.7692307692307,4.170833333333333,5.599078341013825,72.11175115207374,874,132,27.83712941007804,2280,5.76036866359447,83
405,0.1057,-1362.6461538461538,4.189166666666667,6.056441717791411,70.9680981595092,798,132,35.806097817540895,2280,6.182598039215686,787
406,0.1052,-1083.1615384615384,3.3975,4.736778846153846,69.46995192307692,843,142,29.955961447799805,2280,4.877403846153846,859
407,0.1046,-1073.7153846153847,3.7316666666666665,4.965675057208238,72.89473684210526,876,148,24.776064087778007,2281,5.090389016018307,2
408,0.104,-1203.9153846153847,4.149166666666667,5.609101516919487,71.74445740956826,854,142,31.761755301521365,2281,5.7409568261376895,811
409,0.1034,-1154.5384615384614,3.5791666666666666,5.119106699751861,70.28411910669975,799,132,27.872187832721384,2282,5.248138957816377,726
410,0.1028,-1231.2153846153847,4.245,5.775700934579439,70.8644859813084,857,137,28.37345109416528,2282,5.918224299065421,345
411,0.1023,-1053.023076923077,3.7225,5.016260162601626,71.45993031358886,841,145,16.46376817343523,2282,5.147502903600465,242
412,0.1017,-1263.8538461538462,4.2716666666666665,6.073260073260073,73.71428571428571,828,136,22.45522135586437,2284,6.197802197802198,216
413,0.1011,-1151.1999999999998,3.955,5.390532544378698,72.84852071005918,840,134,27.798389905816624,2286,5.531360946745562,881
414,0.1006,-1188.1923076923076,4.238333333333333,5.87085308056872,72.51303317535545,822,141,28.246841111197348,2289,6.037914691943128,240
415,0.1,-1185.876923076923,4.339166666666666,5.807954545454545,71.31931818181818,868,138,29.29855883411711,2290,5.959090909090909,664
416,0.0995,-1232.3,4.131666666666667,5.968553459119497,72.91698113207548,794,135,23.817890612037658,2291,6.09937106918239,92
417,0.0989,-1234.0923076923077,4.341666666666667,5.976387249114522,74.06375442739079,841,140,30.316313977953232,2294,6.122786304604486,186
418,0.0984,-1085.7153846153847,3.6041666666666665,5.038130381303813,71.30012300123,814,145,26.347541570744415,2297,5.167281672816729,716
419,0.0978,-1152.876923076923,3.6683333333333334,4.828235294117647,70.26117647058824,851,138,20.98833138453783,2297,4.961176470588235,801
420,0.0973,-1134.176923076923,4.06,5.633569739952718,71.78368794326241,842,139,23.217660987947287,2298,5.784869976359338,44
421,0.0968,-1331.2384615384617,4.25,5.570776255707763,71.77054794520548,902,138,30.81312228465954,2298,5.713470319634703,784
422,0.0962,-1194.9846153846154,4.095,5.494239631336406,71.1278801843318,872,135,27.286681882502883,2300,5.653225806451613,772
423,0.0957,-912.7230769230769,3.171666666666667,4.711340206185567,70.17396907216495,778,146,24.240770072126672,2300,4.831185567010309,288
424,0.0952,-1075.7615384615383,3.796666666666667,5.329312424607961,72.20506634499397,835,145,23.083863569965025,2300,5.4595898673100125,389
425,0.0946,-1065.123076923077,3.473333333333333,4.8851269649334945,70.98911729141476,839,134,27.984364987330807,2302,5.007246376811594,67
426,0.0941,-1076.0923076923077,3.5116666666666667,4.89768574908648,72.1510353227771,833,138,25.92259753735886,2304,5.057247259439707,370
427,0.0936,-1200.5384615384617,4.341666666666667,6.119221411192214,71.38929440389295,826,139,28.666505661777148,2304,6.28345498783455,328
428,0.0931,-1179.2615384615383,3.970833333333333,5.361702127659575,70.63356973995272,844,140,32.944183273163645,2304,5.5017709563164106,443
429,0.0926,-1069.3846153846152,3.6458333333333335,5.358942065491184,71.37405541561712,780,134,31.020666425649992,2305,5.526448362720403,52
430,0.092,-1193.2307692307693,4.484166666666667,6.1890606420927465,73.89655172413794,838,136,38.047114698917454,2306,6.322235434007134,206
431,0.0915,-1195.6153846153848,4.174166666666666,5.5842167255594815,71.85159010600707,852,137,22.45182186858329,2306,5.719670200235571,608
432,0.091,-1251.9461538461537,4.508333333333334,6.110328638497653,73.78169014084507,858,146,33.46051359742977,2307,6.257042253521127,219
433,0.0905,-1267.0846153846155,4.078333333333333,5.734793187347932,71.16423357664233,809,133,28.585145820108185,2307,5.881995133819951,447
434,0.09,-1214.676923076923,4.301666666666667,5.8173076923076925,71.18870192307692,813,143,37.452941224359016,2311,5.939903846153846,86
435,0.0895,-1105.3,3.8333333333333335,5.474201474201474,70.14864864864865,814,137,25.937124358755895,2312,5.574938574938575,462
436,0.089,-1247.730769230769,4.04,5.522673031026253,70.83770883054892,850,143,32.05271227992835,2313,5.651551312649165,799
437,0.0885,-943.9615384615385,3.3466666666666667,4.856079404466501,70.8225806451613,808,142,24.437836368793356,2313,5.0,646
438,0.088,-1108.4153846153845,3.736666666666667,5.338650306748466,71.55705521472393,819,142,29.886796095263975,2315,5.476073619631902,790
439,0.0876,-949.1615384615385,3.5241666666666664,4.935444579780755,70.88794153471376,829,145,27.906206197115406,2315,5.049939098660171,574
440,0.0871,-1192.6615384615384,3.9775,5.318757192174914,72.18066743383199,883,134,26.779807805440434,2316,5.443037974683544,828
441,0.0866,-1132.8615384615384,3.9325,5.446833930704899,71.19115890083631,827,141,31.855451960267,2317,5.5794504181600955,308
442,0.0861,-1024.8153846153846,3.7125,5.248792270531401,70.8913043478261,830,143,27.657227971990775,2318,5.413043478260869,513
443,0.0856,-1205.0153846153846,4.378333333333333,5.8436781609195405,72.3183908045977,866,145,39.141388016720434,2318,5.983908045977011,259
444,0.0852,-1072.7076923076922,3.359166666666667,4.8,69.82909090909091,810,140,24.697637277013648,2319,4.95030303030303,188
445,0.0847,-1264.2153846153847,4.710833333333333,6.10178970917226,74.06375838926175,867,143,37.92306815797286,2319,6.24496644295302,501
446,0.0842,-1066.1153846153845,3.453333333333333,4.944099378881988,70.23975155279503,790,136,23.272067503441686,2319,5.075776397515528,568
447,0.0838,-1209.7384615384617,4.030833333333334,5.139884393063584,71.91676300578035,878,149,25.04322671849398,2319,5.291329479768786,677
448,0.0833,-1205.1615384615384,3.9516666666666667,5.637028014616321,72.06211936662606,822,133,28.461620236528272,2319,5.7831912302070645,276
449,0.0828,-1269.7384615384617,4.320833333333334,5.712155963302752,72.59288990825688,897,141,32.943658496683916,2320,5.847477064220183,244
450,0.0824,-976.923076923077,3.6175,4.794582392776523,72.07336343115124,873,145,14.17249537031923,2321,4.931151241534988,94
451,0.0819,-1231.8923076923077,4.333333333333333,5.806264501160093,71.84454756380511,864,135,21.92418798967916,2321,5.943155452436195,830
452,0.0815,-1277.623076923077,4.398333333333333,5.925609756097561,71.76829268292683,831,139,28.08257898016127,2323,6.046341463414634,264
453,0.081,-1252.5461538461539,4.3075,6.303370786516854,72.36079900124844,799,130,33.153528412038725,2324,6.431960049937578,526
454,0.0806,-1114.4076923076923,3.779166666666667,5.441140024783148,73.61214374225527,818,137,21.896552982011944,2324,5.578686493184635,727
455,0.0801,-1192.4692307692308,4.05,5.344586728754366,71.30966239813736,846,143,29.125397157258885,2325,5.49825378346915,126
456,0.0797,-1047.876923076923,3.63,5.1,71.39259259259259,809,137,24.064110612131053,2325,5.24537607891492,842
457,0.0792,-1022.9769230769231,3.4466666666666668,4.85997521685254,72.84014869888476,820,141,24.666149912710004,2325,4.993811881188119,701
458,0.0788,-1093.5538461538463,3.5275,5.032886723507917,73.02801461632156,833,135,18.09158718640108,2326,5.177831912302071,184
459,0.0784,-1093.2846153846153,4.1033333333333335,5.6761904761904765,72.61904761904762,830,139,30.927475954593874,2326,5.835714285714285,882
460,0.0779,-1096.8076923076924,3.7808333333333333,5.144037780401416,72.12042502951594,846,139,36.69929797759457,2326,5.294811320754717,306
461,0.0775,-1025.5615384615385,3.430833333333333,4.87409200968523,71.17675544794189,835,143,15.901534095094712,2327,4.995163240628779,457
462,0.0771,-977.5923076923078,3.3783333333333334,4.662591687041565,70.48288508557457,842,145,18.945614974868185,2327,4.797066014669927,628
463,0.0766,-1024.430769230769,3.4525,4.713095238095238,72.26190476190476,858,142,20.919311657825425,2327,4.864285714285714,544
464,0.0762,-1059.5615384615385,3.558333333333333,4.966830466830467,70.79238329238329,801,140,19.511962583012384,2327,5.114250614250614,758
465,0.0758,-1245.1,4.29,5.870175438596491,71.6421052631579,848,139,24.296622903854573,2327,6.002336448598131,84
466,0.0754,-1232.253846153846,4.220833333333333,5.773207990599295,72.16921269095182,838,136,30.7366952159111,2327,5.925969447708578,174
467,0.075,-1254.7923076923075,4.075,5.589090909090909,72.77333333333333,824,128,24.271933154263586,2329,5.72,763
468,0.0745,-1171.8846153846152,3.76,5.392592592592592,71.57037037037037,805,137,21.516584678877017,2329,5.495061728395061,109
469,0.0741,-1258.8153846153846,4.015833333333333,5.6004901960784315,72.35539215686275,821,137,29.45948498457873,2330,5.748774509803922,429
470,0.0737,-1213.4692307692308,4.25,5.6328671328671325,73.00699300699301,855,135,28.652097785650522,2330,5.768065268065268,300
471,0.0733,-1145.3615384615384,3.94,5.188967136150235,70.55516431924883,845,150,30.923721155870215,2331,5.30868544600939,33
472,0.0729,-1027.9,3.6066666666666665,5.2770012706480305,72.67598475222363,787,145,22.260798377947552,2331,5.4091486658195675,221
473,0.0725,-1178.1846153846154,3.93,5.4681372549019605,73.73651960784314,833,134,34.2456133846374,2333,5.6004901960784315,693
474,0.0721,-1100.6461538461538,3.8291666666666666,5.4507389162561575,73.66995073891626,823,140,22.056112512587273,2333,5.58128078817734,340
475,0.0717,-1251.8384615384616,4.341666666666667,5.962397179788484,71.5252643948296,847,129,27.85074485472994,2333,6.096357226792009,20
476,0.0713,-1176.7615384615383,4.095833333333333,5.781553398058253,71.66990291262135,831,142,28.405879696093425,2334,5.913834951456311,418
477,0.0709,-1041.8384615384616,3.779166666666667,5.291566265060241,71.83855421686746,824,143,26.69010080920852,2334,5.4397590361445785,296
478,0.0705,-1109.5538461538463,3.8975,5.4702308626974485,70.72417982989064,815,139,26.57812743109751,2335,5.595382746051032,336
479,0.0701,-1094.8846153846155,3.9408333333333334,5.389548693586699,71.60688836104514,830,142,30.755619221215078,2335,5.521377672209026,590
480,0.0697,-1073.6692307692308,3.654166666666667,5.085918854415274,71.1563245823389,836,141,21.349996240974388,2335,5.211217183770883,37
481,0.0694,-1180.123076923077,3.9675,5.74468085106383,72.77596996245306,792,129,28.253067053899578,2336,5.892365456821026,439
482,0.069,-1102.0923076923075,3.6233333333333335,5.188369152970923,70.8811630847029,786,142,27.743161356992847,2336,5.316055625790139,598
483,0.0686,-1304.2538461538463,4.3025,5.635831381733021,71.26463700234191,847,140,27.54635150430982,2336,5.7810304449648715,498
484,0.0682,-1216.6076923076923,4.145,5.651913875598086,72.47727272727273,839,138,26.10539965451303,2336,5.7990430622009566,32
485,0.0678,-1303.876923076923,4.526666666666666,6.0657439446366785,74.61937716262976,867,142,27.769287334321792,2336,6.204152249134948,49
486,0.0675,-1163.1384615384616,4.14,5.720379146919432,72.4218009478673,834,144,27.314062569988245,2338,5.88388625592417,802
487,0.0671,-1217.1846153846154,4.0725,5.667064439140812,71.71002386634845,824,140,24.919042409031583,2338,5.794749403341289,375
488,0.0667,-1387.1538461538462,4.355833333333333,6.169267707082833,74.23049219687876,844,133,30.967188517699057,2338,6.324129651860744,543
489,0.0664,-1091.7076923076925,3.635,5.022194821208385,70.4537607891492,814,138,26.584529297602213,2339,5.140567200986436,899
490,0.066,-1229.623076923077,4.030833333333334,5.965340179717587,73.12580231065469,750,132,22.648629628635014,2341,6.100128369704749,832
491,0.0656,-1442.8230769230768,4.685833333333333,6.299533799533799,73.24475524475524,859,124,33.529605499515945,2342,6.414918414918415,595
492,0.0653,-1339.5769230769229,4.104166666666667,5.849502487562189,71.01990049751244,819,128,32.9235764224649,2342,5.9788557213930345,176
493,0.0649,-1257.9384615384615,4.2491666666666665,5.984431137724551,74.16766467065868,835,133,26.045194300685534,2343,6.123353293413174,464
494,0.0645,-1555.4384615384615,4.729166666666667,6.524669073405535,72.33574007220217,821,121,40.220703487654156,2343,6.65222623345367,304
495,0.0642,-1233.7230769230769,4.203333333333333,6.0211442786069655,72.86691542288557,803,127,25.99351979621656,2343,6.146766169154229,82
496,0.0638,-1228.7230769230769,3.973333333333333,5.527912621359223,71.62864077669903,823,136,23.239425252370747,2343,5.665048543689321,183
497,0.0635,-1300.1615384615384,4.608333333333333,6.211136890951276,73.76334106728538,858,135,23.988980712631186,2343,6.361948955916473,583
498,0.0631,-1250.2,4.588333333333333,6.247058823529412,73.19882352941177,847,139,30.541190164850192,2343,6.3882352941176475,728
499,0.0628,-1442.6384615384616,5.246666666666667,7.209715639810427,72.93720379146919,827,133,39.293577070082435,2345,7.376777251184834,182
500,0.0624,-1117.746153846154,3.8141666666666665,5.213523131672598,71.9288256227758,855,136,26.829435397416344,2345,5.361803084223013,208
501,0.0621,-1253.146153846154,4.105833333333333,5.491309385863268,72.54924681344148,873,139,26.138886709278253,2345,5.653534183082271,354
502,0.0617,-1452.6846153846154,4.685833333333333,6.435446009389671,75.73239436619718,863,129,32.96700256204299,2345,6.559859154929577,386
503,0.0614,-1250.4846153846154,4.055,5.983375959079284,72.2762148337596,783,133,27.025370581549247,2345,6.130434782608695,1
504,0.0611,-1304.123076923077,4.198333333333333,5.737514518002323,72.46109175377468,866,125,34.54203511045634,2347,5.904761904761905,416
505,0.0607,-1208.0076923076922,3.9358333333333335,5.507710557532621,71.72597864768683,849,135,22.010665722300356,2347,5.648873072360617,192
506,0.0604,-1392.023076923077,4.284166666666667,6.069767441860465,71.55446756425948,804,130,32.14469869475566,2347,6.233782129742962,631
507,0.06,-1117.5153846153848,3.799166666666667,5.247924080664294,71.52669039145907,854,144,24.17313097064351,2348,5.368920521945433,491
508,0.0597,-1192.9538461538464,3.8508333333333336,5.42625,71.2625,797,136,31.00238455005265,2348,5.565,642
509,0.0594,-1301.7846153846153,4.211666666666667,5.795238095238095,72.62619047619047,831,141,25.601433703050926,2350,5.9071428571428575,588
510,0.0591,-1266.2153846153847,4.461666666666667,6.085580304806565,73.3704572098476,868,134,36.244574216820794,2350,6.24736225087925,839
511,0.0587,-1258.8461538461538,4.34,5.408833522083805,72.15855039637599,890,135,30.65474953711334,2352,5.559456398640997,518
512,0.0584,-1240.9846153846156,4.09,5.565483476132191,72.33414932680539,847,140,25.983256601425104,2352,5.6940024479804165,134
513,0.0581,-1211.3230769230768,3.935,5.543689320388349,73.0133495145631,848,142,28.818390639122565,2352,5.697815533980583,198
514,0.0578,-1195.8615384615384,4.098333333333334,5.586776859504132,72.58087367178277,854,137,30.50102233092012,2353,5.745283018867925,152
515,0.0574,-1394.1461538461538,4.833333333333333,6.528389339513326,73.51448435689456,853,129,38.76816909374901,2354,6.65162037037037,22
516,0.0571,-1196.3,3.9058333333333333,5.385441527446301,70.76491646778042,851,134,29.96152162860133,2354,5.519666269368296,85
517,0.0568,-1101.376923076923,4.003333333333333,5.470725995316159,71.32435597189695,863,142,20.56194127297059,2354,5.601873536299766,421
518,0.0565,-1189.4692307692308,3.8491666666666666,5.446229913473424,71.68232385661311,821,134,28.819595432777614,2355,5.593325092707046,630
519,0.0562,-1107.7230769230769,3.984166666666667,5.696629213483146,73.4769038701623,796,133,25.214225603104722,2355,5.792759051186017,620
520,0.0559,-1193.4615384615386,4.015,5.443008225616921,72.13748531139835,846,134,21.918008887387746,2355,5.616921269095182,755
521,0.0556,-1253.1846153846154,4.2975,5.861664712778429,71.989449003517,857,134,31.99782354804343,2357,5.996483001172333,357
522,0.0553,-1174.646153846154,3.895,5.448192771084337,71.38192771084337,844,137,30.375771031281538,2358,5.5771084337349395,349
523,0.0549,-1123.3230769230768,3.8225,5.539702233250621,71.96650124069478,815,133,23.663276213377326,2358,5.699751861042183,189
524,0.0546,-1169.4307692307693,3.7558333333333334,5.195121951219512,69.46707317073171,803,147,26.072260044624358,2358,5.323995127892814,98
525,0.0543,-1188.3230769230768,4.261666666666667,5.572098475967175,70.44900351699883,861,146,30.566132671559135,2360,5.723329425556858,506
526,0.054,-1150.4153846153847,3.9783333333333335,5.566221142162819,71.76184690157959,818,139,21.50485245293591,2361,5.680437424058323,844
527,0.0537,-1251.1692307692306,4.068333333333333,5.819322459222083,70.97490589711418,795,130,25.380935418910546,2362,5.949811794228356,528
528,0.0534,-1182.0923076923077,3.930833333333333,5.2827102803738315,72.40186915887851,859,139,20.244721199277986,2362,5.427570093457944,861
529,0.0531,-1394.0307692307692,4.2375,5.601390498261877,72.96292004634994,864,136,30.41715690427012,2362,5.761297798377752,675
530,0.0529,-1281.1,4.3525,6.18780487804878,72.66585365853659,812,132,31.60092373185015,2362,6.326829268292683,866
531,0.0526,-1333.0615384615385,4.546666666666667,5.961761297798378,73.7983777520278,861,140,31.1264996212578,2362,6.1042873696407876,402
532,0.0523,-1200.430769230769,4.015,5.697044334975369,72.63177339901478,817,133,26.80378501590433,2362,5.8277982779827795,484
533,0.052,-1124.0153846153846,3.8275,5.183815028901734,72.49595375722544,870,143,20.972088247636464,2362,5.312138728323699,287
534,0.0517,-1318.1384615384613,4.33,5.661345496009122,72.58152793614595,874,136,28.879862645259255,2362,5.798175598631699,519
535,0.0514,-1043.0307692307692,3.680833333333333,5.3080745341614906,71.86086956521739,801,139,22.443829746709923,2362,5.444168734491315,267
536,0.0511,-1104.4846153846154,3.86,5.185530921820304,70.40140023337223,844,144,33.0215924580138,2362,5.3173862310385065,256
537,0.0508,-1033.3307692307694,3.8016666666666667,4.900669642857143,69.82477678571429,892,151,18.348170074256224,2363,5.035714285714286,862
538,0.0506,-964.6923076923076,3.35,4.622950819672131,70.75644028103045,842,144,28.808206700576818,2363,4.767251461988304,786
539,0.0503,-1120.7846153846153,3.779166666666667,5.18096357226792,70.91421856639248,840,145,30.48768908889309,2363,5.345475910693302,710
540,0.05,-1004.6384615384616,3.4616666666666664,4.818401937046005,70.84745762711864,852,151,20.29734960878911,2364,4.960048426150121,731
541,0.05,-1207.730769230769,4.086666666666667,5.39607390300231,72.12240184757506,870,136,24.839053848956667,2364,5.543879907621247,127
542,0.05,-1260.5923076923077,4.240833333333334,5.771156138259833,74.26698450536352,847,130,24.632012557093216,2368,5.920143027413587,190
543,0.05,-1238.3692307692309,4.328333333333333,6.097944377267231,73.8428053204353,833,135,26.971445449782436,2368,6.2478839177750904,374
544,0.05,-1137.1615384615384,3.6858333333333335,5.181929181929182,71.43711843711844,826,140,25.978810780794895,2368,5.308913308913309,863
545,0.05,-1091.3692307692306,3.9575,5.361207897793264,70.84785133565622,851,151,18.118476420736652,2368,5.487238979118329,722
546,0.05,-1022.3846153846155,3.4775,4.797118847539015,71.79111644657863,833,139,28.267933982407794,2369,4.931654676258993,107
547,0.05,-1258.2384615384615,4.350833333333333,5.837714285714286,73.088,875,133,27.043161741642173,2370,5.965753424657534,847
548,0.05,-953.6769230769231,3.2491666666666665,4.643031784841075,71.16503667481662,812,141,25.109990338285122,2373,4.794621026894865,545
549,0.05,-1238.3461538461538,4.189166666666667,5.302721088435374,71.91836734693878,895,144,30.516904609372308,2375,5.442176870748299,145
550,0.05,-1257.9923076923078,4.4725,6.070011668611436,73.20303383897316,852,138,23.35727398230992,2375,6.20536756126021,194
551,0.05,-1068.9538461538461,3.7816666666666667,5.241254523522316,71.38238841978287,839,148,20.713418171958477,2376,5.36144578313253,829
552,0.05,-981.9230769230769,3.3208333333333333,4.481132075471698,70.60731132075472,844,151,20.163444670025847,2376,4.628537735849057,257
553,0.05,-999.7461538461539,3.3408333333333333,4.759556103575832,71.82860665844636,816,144,16.221993277917658,2376,4.884236453201971,55
554,0.05,-1028.9153846153847,3.5633333333333335,4.890625,72.6514423076923,841,149,20.09525019086192,2376,5.032451923076923,293
555,0.05,-961.6615384615384,3.3291666666666666,4.693902439024391,71.91341463414633,808,146,24.53455355717763,2377,4.845121951219512,737
556,0.05,-975.3230769230769,3.3525,4.918238993710692,71.12830188679246,776,138,21.407627125062355,2378,5.048994974874372,246
557,0.05,-1003.8538461538462,3.618333333333333,5.268600252206809,74.0907944514502,787,142,25.17585230835241,2378,5.432534678436318,253
558,0.05,-1052.4,3.7408333333333332,5.3443627450980395,72.01102941176471,834,147,22.607889558654676,2380,5.449204406364749,668
559,0.05,-1150.7461538461537,3.660833333333333,5.128019323671498,71.43478260869566,834,144,22.608337715514388,2380,5.254830917874396,624
560,0.05,-1147.1999999999998,3.8991666666666664,5.543345543345543,73.17338217338218,828,133,24.203328511749433,2381,5.673992673992674,823
561,0.05,-1085.4615384615386,3.651666666666667,5.138014527845036,70.53753026634382,823,136,29.64042584991827,2381,5.266343825665859,775
562,0.05,-1198.676923076923,3.9916666666666667,5.482921083627797,70.41931684334511,856,145,27.843743186451587,2381,5.654888103651355,816
563,0.05,-1187.4,4.196666666666666,5.93020457280385,72.54753309265945,814,133,28.66175717371388,2381,6.0878459687123945,647
564,0.05,-1132.9153846153845,3.9883333333333333,5.456264775413712,73.66903073286052,841,141,29.080511632872003,2381,5.597402597402597,318
565,0.05,-1112.4538461538461,3.7775,5.288598574821853,70.40142517814726,839,145,25.931731494570275,2383,5.415676959619953,661
566,0.05,-1252.2230769230769,4.215833333333333,5.8951219512195125,72.69268292682926,812,140,35.917568138648484,2383,6.021951219512195,781
567,0.05,-1022.6230769230768,3.6133333333333333,4.881642512077295,71.14492753623189,825,154,27.127900696777356,2384,5.028985507246377,504
568,0.05,-1016.8692307692309,3.569166666666667,4.949579831932773,72.1344537815126,832,146,19.294815715989152,2385,5.08273381294964,592
569,0.05,-1008.0307692307692,3.7825,5.078947368421052,71.65217391304348,856,149,27.83597471823996,2386,5.240274599542334,104
570,0.05,-1127.476923076923,4.0875,5.648584905660377,74.72759433962264,859,148,33.83720451766048,2386,5.811320754716981,446
571,0.05,-1061.8000000000002,3.4991666666666665,4.893157262905162,72.36134453781513,826,149,20.550341839132575,2386,5.043217286914766,888
572,0.05,-1071.423076923077,4.046666666666667,5.1297539149888145,71.02348993288591,891,153,16.504692727672676,2386,5.281879194630872,179
573,0.05,-991.7538461538462,3.620833333333333,5.149567367119901,72.44375772558715,817,137,22.137383232633685,2387,5.26699629171817,39
574,0.05,-1057.0384615384614,3.825833333333333,5.413919413919414,72.94749694749694,815,145,28.4529637704355,2388,5.554334554334554,131
575,0.05,-1101.4846153846154,3.83,5.390334572490707,72.25278810408922,810,131,20.56302082335004,2388,5.52540272614622,732
576,0.05,-1235.9615384615383,4.109166666666667,5.337807606263982,70.58836689038031,876,133,29.622070781184394,2388,5.487695749440716,534
577,0.05,-1218.7846153846153,4.3975,6.468671679197995,72.78571428571429,793,137,23.921646808534415,2388,6.606516290726817,812
578,0.05,-1090.8846153846155,3.7216666666666667,5.196009389671362,70.1255868544601,844,143,27.69545457541813,2388,5.315727699530516,406
579,0.05,-1216.8923076923077,3.9258333333333333,5.430604982206406,71.8564650059312,851,133,30.700901249310306,2389,5.567022538552788,853
580,0.05,-1029.853846153846,3.4458333333333333,4.9700374531835205,70.53183520599251,797,138,27.842437813322853,2389,5.108614232209738,619
581,0.05,-1323.823076923077,4.344166666666666,5.978494623655914,74.04062126642772,842,133,39.81038431552272,2394,6.120669056152927,121
582,0.05,-1107.4076923076923,4.0441666666666665,5.46860465116279,71.95697674418605,868,142,19.580647201996047,2395,5.625581395348838,394
583,0.05,-1083.746153846154,4.019166666666667,5.483293556085919,71.73031026252983,840,144,25.698915228985697,2395,5.639618138424821,629
584,0.05,-1066.1692307692308,3.7575,5.162514827995255,72.72241992882562,851,145,22.557659732142987,2395,5.2870699881376035,662
585,0.05,-1036.5230769230768,3.7958333333333334,5.010169491525423,69.95254237288135,874,143,20.60771263584269,2395,5.138983050847457,469
586,0.05,-957.4923076923077,3.5283333333333333,4.882352941176471,71.96278511404562,840,146,17.04990275231427,2395,5.004801920768307,455
587,0.05,-1050.8000000000002,3.42,4.577017114914425,70.8997555012225,825,143,22.212203646732867,2395,4.691931540342298,273
588,0.05,-1133.1076923076923,4.034166666666667,5.642168674698795,71.85903614457831,832,134,27.549770079984306,2397,5.767469879518072,663
589,0.05,-1169.6923076923076,4.150833333333333,5.279728199320498,71.69535673839185,875,147,23.10109426909071,2398,5.42242355605889,535
590,0.05,-1081.0923076923077,3.7291666666666665,5.18705035971223,71.97601918465227,836,139,20.28975173821077,2399,5.335731414868105,764
591,0.05,-913.2923076923078,3.171666666666667,4.661125319693094,70.48337595907928,784,146,18.824364379306502,2399,4.767263427109975,495
592,0.05,-1097.0076923076922,3.83,5.349700598802396,71.91017964071857,829,134,31.321205995693024,2399,5.507784431137725,460
593,0.05,-1150.6538461538462,3.92,5.515151515151516,74.75515151515151,810,135,34.385340267293195,2400,5.67030303030303,851
594,0.05,-962.4307692307692,3.3158333333333334,4.7992610837438425,71.76847290640394,814,144,15.249248649440732,2400,4.91256157635468,295
595,0.05,-986.8846153846154,3.2666666666666666,4.5799256505576205,71.33457249070632,802,142,19.067840272128045,2400,4.728624535315985,130
596,0.05,-1005.5384615384615,3.455,4.9753390875462395,71.16399506781751,812,140,25.22482602201867,2400,5.103575832305795,865
597,0.05,-997.0,3.66,5.0889423076923075,72.16826923076923,828,139,23.622408452697492,2400,5.212740384615385,326
598,0.05,-925.1076923076923,3.2533333333333334,4.636033857315598,72.08585247883917,835,154,10.83862470617516,2400,4.743651753325272,748
599,0.05,-1135.476923076923,3.4791666666666665,4.808769792935444,70.97442143727162,823,146,31.913073662867692,2400,4.945188794153472,290
600,0.05,-1032.4076923076923,3.8633333333333333,5.324675324675325,72.73553719008264,843,148,22.023948392791684,2403,5.443919716646989,362
601,0.05,-1041.1307692307691,3.629166666666667,5.113801452784504,71.81476997578693,832,136,16.416538594735833,2403,5.263922518159807,21
602,0.05,-1012.6076923076923,3.5825,4.67379077615298,68.86839145106862,902,152,21.529140305478812,2404,4.834645669291339,282
603,0.05,-1088.2769230769231,3.3625,4.498224852071006,72.15502958579881,843,143,20.36372214869723,2404,4.650887573964497,218
604,0.05,-1251.3230769230768,4.405833333333334,5.9412470023980815,72.59112709832134,818,140,27.74450572299841,2405,6.075539568345324,565
605,0.05,-1158.8230769230768,4.051666666666667,5.721271393643032,72.98166259168704,813,138,30.754356848832888,2408,5.842298288508557,292
606,0.05,-1006.8692307692309,3.6083333333333334,5.126708074534162,72.47826086956522,796,144,32.748988177259704,2409,5.281987577639751,432
607,0.05,-1053.3,3.7466666666666666,5.02076124567474,69.69204152249135,871,151,17.078884661020414,2410,5.125720876585929,71
608,0.05,-1159.5076923076924,4.134166666666666,5.45911214953271,71.9088785046729,875,134,30.175778275008376,2410,5.603971962616822,819
609,0.05,-975.8538461538462,3.2583333333333333,4.732660781841109,70.49180327868852,818,142,27.861904596864434,2412,4.866330390920555,96
610,0.05,-1045.3846153846155,3.4066666666666667,4.7216867469879515,70.30722891566265,831,149,14.268145211928367,2412,4.869879518072289,220
611,0.05,-1185.1307692307691,4.154166666666667,5.6388557806913,72.96066746126341,836,138,22.860383245459005,2412,5.795238095238095,450
612,0.05,-1322.6538461538462,4.729166666666667,6.373831775700935,74.98714953271028,865,134,35.15285934609297,2412,6.509345794392523,177
613,0.05,-1073.253846153846,4.005,5.5505350772889415,72.49464922711059,852,146,20.729569626457828,2412,5.695600475624257,277
614,0.05,-1074.7923076923078,3.618333333333333,4.951650943396227,69.74410377358491,858,149,28.22613168035775,2413,5.0790094339622645,499
615,0.05,-1046.7153846153844,3.8091666666666666,5.284862932061978,71.59356376638856,845,146,18.894734545534668,2413,5.430274135876043,538
616,0.05,-1146.2,3.8891666666666667,5.640605296343002,71.4047919293821,796,141,37.16123900042334,2415,5.798234552332913,215
617,0.05,-951.5461538461537,3.3041666666666667,4.621193666260658,70.96589524969549,814,142,17.68346946495918,2416,4.755176613885506,745
618,0.05,-1164.876923076923,3.9008333333333334,5.654911838790932,72.51133501259446,818,143,24.238044129521583,2417,5.795969773299748,776
619,0.05,-1298.253846153846,4.506666666666667,5.915349887133183,72.21331828442437,873,133,29.36135017959345,2419,6.047350620067644,222
620,0.05,-1270.1923076923076,4.221666666666667,5.774498229043684,74.1948051948052,846,138,31.193169887408047,2420,5.936245572609209,411
621,0.05,-1037.0076923076922,3.2483333333333335,4.585870889159562,70.31912302070646,838,144,22.660172261782236,2420,4.701583434835566,199
622,0.05,-1087.2076923076925,3.5966666666666667,4.841176470588235,70.97176470588235,864,144,24.24295060810854,2421,4.984705882352941,415
623,0.05,-992.723076923077,3.3208333333333333,4.5065710872162486,70.50776583034647,838,152,14.81221389698973,2421,4.627240143369176,562
624,0.05,-1198.1846153846154,4.1625,5.785969084423305,72.78359096313912,844,127,20.721059553565283,2421,5.940546967895362,825
625,0.05,-1131.8692307692309,4.035833333333334,5.464585834333733,71.6374549819928,844,144,15.196154074857784,2421,5.591836734693878,733
626,0.05,-1089.0846153846155,3.776666666666667,5.186682520808561,71.50059453032105,845,134,16.069689864255736,2422,5.336504161712248,141
627,0.05,-1084.0923076923077,3.635,5.013064133016627,70.73040380047506,843,145,20.02551080199162,2422,5.153024911032029,576
628,0.05,-1134.5307692307692,3.64,5.11219512195122,72.17317073170732,822,141,32.11341137538401,2424,5.2682926829268295,440
629,0.05,-909.5923076923077,3.3041666666666667,4.568922305764411,70.33458646616542,803,144,8.456821979941664,2424,4.706766917293233,502
630,0.05,-1065.246153846154,3.546666666666667,5.076238881829733,72.51715374841169,794,138,31.52682820960071,2424,5.202033036848793,181
631,0.05,-1069.3,3.61,4.78546307151231,69.60492379835874,842,150,26.75649529175618,2425,4.9355216881594375,209
632,0.05,-1113.9307692307693,3.783333333333333,5.014457831325301,72.40481927710843,837,139,26.711162947795124,2427,5.133734939759036,704
633,0.05,-1117.0384615384614,3.796666666666667,5.400984009840099,71.85854858548585,811,135,30.537620814059995,2427,5.555282555282555,245
634,0.05,-1054.123076923077,3.879166666666667,5.259604190919674,71.26309662398137,850,145,17.63209398784669,2428,5.383003492433062,392
635,0.05,-1313.4538461538461,4.168333333333333,5.63980463980464,73.14285714285714,824,129,27.732399290166736,2430,5.778998778998779,313
636,0.05,-1405.3538461538462,4.755833333333333,6.2629161882893225,71.93226176808267,874,136,38.49530644022825,2430,6.407577497129736,869
637,0.05,-1231.246153846154,3.8891666666666667,5.364608076009501,71.71496437054631,845,134,26.12455206359339,2430,5.52375296912114,91
638,0.05,-1002.5923076923077,3.3725,4.622169249106078,68.98450536352802,824,152,20.45217749926024,2430,4.798569725864124,88
639,0.05,-1132.9153846153845,4.150833333333333,5.540603248259861,72.4431554524362,868,143,20.204501968706175,2431,5.655452436194896,572
640,0.05,-1099.6692307692308,3.8341666666666665,5.303721488595438,71.81152460984394,823,142,30.556498387418788,2433,5.448979591836735,821
641,0.05,-1046.1307692307691,3.4175,4.794902912621359,71.66747572815534,824,135,20.61146654866987,2433,4.961165048543689,692
642,0.05,-1257.9615384615386,4.2675,5.903186274509804,72.47426470588235,831,137,26.43468272130651,2435,6.050245098039215,486
643,0.05,-1216.1615384615384,4.29,5.877479579929989,73.3512252042007,849,143,17.534351332689944,2435,6.02100350058343,66
644,0.05,-1172.9461538461537,4.315,5.5420454545454545,73.35568181818182,890,147,24.42707412660586,2436,5.673863636363636,310
645,0.05,-1128.4615384615386,3.9833333333333334,5.661691542288557,72.32711442786069,809,140,21.631955342809636,2436,5.781094527363184,409
646,0.05,-1017.3153846153847,3.2558333333333334,4.5224242424242425,72.49575757575758,835,142,14.26434379585317,2436,4.637575757575758,226
647,0.05,-1188.4923076923076,3.9983333333333335,5.763092269326683,73.48379052369077,811,135,21.39058691444701,2436,5.901496259351621,461
648,0.05,-1255.6384615384616,4.264166666666667,6.008383233532935,71.77844311377245,823,132,23.24428604325646,2436,6.158083832335329,835
649,0.05,-979.8923076923077,3.4233333333333333,4.912345679012346,72.03456790123457,820,144,19.250365633426597,2437,5.059259259259259,441
650,0.05,-1168.1923076923076,3.735,5.489171974522293,72.37070063694267,791,139,26.405464438409947,2437,5.625477707006369,248
651,0.05,-1145.7384615384615,3.9125,5.344497607655502,71.76794258373205,832,141,20.305235429223142,2438,5.5047846889952154,187
652,0.05,-1151.3923076923077,4.064166666666667,5.459584295612009,73.95150115473442,856,140,26.506578618245985,2438,5.586605080831409,849
653,0.05,-1337.1153846153848,4.489166666666667,6.117033603707996,72.9026651216686,866,135,28.16331136767452,2438,6.261877172653534,135
654,0.05,-1128.8461538461538,3.841666666666667,5.501237623762377,71.375,811,138,20.490956473834423,2438,5.628712871287129,117
655,0.05,-1266.0076923076922,4.195,5.8405275779376495,72.44724220623502,817,137,33.66840159076028,2438,5.979616306954436,327
656,0.05,-1119.8615384615384,3.7891666666666666,5.0697940503432495,71.22196796338673,869,144,18.756515838402244,2438,5.203661327231122,353
657,0.05,-1199.7615384615385,4.201666666666667,5.803550295857988,71.75266272189349,839,136,27.087089087438954,2441,5.9361702127659575,613
658,0.05,-1325.1,4.315,5.769975786924939,73.27118644067797,832,128,29.468450978686135,2443,5.921307506053269,867
659,0.05,-1132.146153846154,3.888333333333333,5.354216867469879,71.07831325301204,831,135,22.4259179769429,2443,5.466265060240964,723
660,0.05,-1134.2230769230769,3.465,4.9588014981273405,70.71660424469414,806,127,17.305121050216968,2443,5.099875156054932,70
661,0.05,-1227.9538461538461,4.489166666666667,6.1704957678355505,71.98911729141476,831,137,33.815734191480175,2443,6.314389359129383,870
662,0.05,-1125.9692307692308,4.28,6.0246913580246915,72.6395061728395,791,138,19.709186309647905,2443,6.167901234567902,275
663,0.05,-1276.1,4.201666666666667,5.779640718562875,70.9880239520958,842,137,26.859461706998918,2443,5.91497005988024,805
664,0.05,-1016.8615384615384,3.66,5.035714285714286,71.58095238095238,836,142,24.23493147580734,2443,5.173809523809524,384
665,0.05,-1081.769230769231,3.4675,4.987684729064039,72.23768472906404,808,139,30.602429179027688,2444,5.1169950738916254,19
666,0.05,-1082.7230769230769,3.5208333333333335,4.834498834498834,70.502331002331,863,144,27.023282766050595,2444,4.966200466200466,419
667,0.05,-1151.1692307692306,3.8225,5.335351089588378,71.62953995157385,824,134,21.655245717896126,2444,5.463680387409201,383
668,0.05,-1183.6153846153845,3.930833333333333,5.543239951278928,71.44701583434835,830,135,32.12069657700375,2446,5.66626065773447,604
669,0.05,-1157.476923076923,4.07,5.471610660486674,71.76477404403245,837,140,22.721308595926338,2446,5.601390498261877,838
670,0.05,-1223.0923076923077,4.321666666666666,5.910179640718563,73.07544910179641,817,130,33.92461502131293,2446,6.077844311377246,759
671,0.05,-1289.1076923076923,4.343333333333334,6.061904761904762,73.03333333333333,847,129,31.056516748134932,2447,6.188095238095238,800
672,0.05,-1281.0307692307692,4.184166666666667,5.836915297092288,72.80783817951959,793,135,36.955137371219024,2449,5.972187104930468,610
673,0.05,-1216.5615384615385,4.205,5.778307508939213,73.05959475566151,844,142,21.689082149207007,2449,5.9261904761904765,770
674,0.05,-1415.8692307692306,4.7875,6.5200471698113205,74.12146226415095,833,135,31.5463871183332,2450,6.668632075471698,381
675,0.05,-1044.7769230769231,3.629166666666667,4.933727810650888,70.85207100591715,857,147,30.29687702664444,2451,5.059171597633136,846
676,0.05,-1384.023076923077,4.61,5.578341013824885,71.20967741935483,878,135,28.417600143574475,2452,5.706559263521289,385
677,0.05,-1093.253846153846,3.925,5.320422535211268,73.13967136150235,860,142,15.06218615058773,2452,5.460093896713615,666
678,0.05,-1258.7769230769231,4.123333333333333,5.520785219399538,71.69399538106235,865,132,19.24992459868031,2452,5.644341801385681,742
679,0.05,-1150.9769230769232,3.9675,5.545346062052506,70.64677804295943,851,137,32.86768643294771,2453,5.693317422434368,678
680,0.05,-1218.876923076923,3.79,5.023391812865497,71.01988304093567,846,139,28.48809132875328,2454,5.135514018691588,322
681,0.05,-1110.576923076923,4.004166666666666,5.352657004830918,72.79468599033817,835,142,26.61906161441156,2455,5.479468599033816,175
682,0.05,-1072.3076923076924,3.6791666666666667,5.502557544757034,70.30562659846548,771,135,31.63233150095305,2456,5.624040920716112,815
683,0.05,-1080.5307692307692,3.7408333333333332,5.429813664596273,70.79627329192546,821,141,23.812595585202754,2457,5.554037267080745,363
684,0.05,-1079.8307692307692,3.5525,4.839611178614824,71.33900364520049,818,141,32.06214955879456,2458,4.968408262454435,38
685,0.05,-1188.676923076923,4.1866666666666665,5.644935972060535,73.18277066356228,854,138,28.65773560233621,2459,5.809080325960419,720
686,0.05,-1186.376923076923,4.079166666666667,5.701190476190476,72.80357142857143,838,139,24.947847322780625,2459,5.853571428571429,480
687,0.05,-1097.3,3.9541666666666666,5.6129426129426125,72.17094017094017,815,141,27.30075086907133,2461,5.7765567765567765,395
688,0.05,-1184.676923076923,4.22,5.369515011547344,70.57621247113164,886,146,27.981339749136033,2461,5.515011547344111,774
689,0.05,-1286.6000000000001,4.096666666666667,5.758830694275274,72.76370280146163,834,138,32.5025028594268,2463,5.884287454323995,810
690,0.05,-1149.0307692307692,4.001666666666667,5.542124542124542,70.94261294261294,821,141,29.810364302610644,2463,5.653235653235654,247
691,0.05,-1259.9,4.3025,6.179926560587515,73.81884944920441,808,142,42.65453988990987,2465,6.321909424724602,123
692,0.05,-1017.2307692307693,3.7608333333333333,5.63974358974359,71.83589743589744,779,135,20.389695350874753,2465,5.744871794871795,97
693,0.05,-1074.123076923077,3.7116666666666664,5.076023391812866,71.56374269005848,859,144,20.44534572522775,2465,5.211695906432748,573
694,0.05,-1105.1,3.68,5.1732851985559565,70.84717208182911,829,134,18.249139277570173,2465,5.317689530685921,739
695,0.05,-1162.5923076923077,4.1658333333333335,5.846706586826348,71.85269461077844,834,142,30.28867834555127,2465,5.976047904191617,817
696,0.05,-1062.0076923076922,3.6766666666666667,5.164014687882497,72.10281517747858,806,141,14.751236363879894,2467,5.310893512851897,35
697,0.05,-1119.4076923076923,4.051666666666667,5.5,73.05244755244755,856,148,17.374641273184633,2467,5.658508158508159,341
698,0.05,-1079.7692307692307,3.6558333333333333,5.112883435582822,71.58527607361964,807,144,19.547730171989222,2468,5.242944785276074,396
699,0.05,-1585.4615384615383,5.139166666666667,6.126410835214447,72.25056433408578,903,125,45.75048469947583,2470,6.286681715575621,128
700,0.05,-989.0692307692309,3.5408333333333335,4.876923076923077,72.10650887573965,842,133,20.716569825055167,2470,5.014201183431953,445
701,0.05,-1030.5846153846153,3.5858333333333334,5.0625,71.86125,805,141,22.63322858942281,2470,5.16125,36
702,0.05,-1244.9846153846154,4.305,5.912991656734207,73.23718712753278,851,130,21.1330954621097,2470,6.04047619047619,655
703,0.05,-1257.4538461538461,4.255833333333333,5.713603818615752,71.69570405727923,832,134,34.02904986587549,2471,5.866348448687351,797
704,0.05,-1033.2846153846153,3.529166666666667,5.069306930693069,72.14727722772277,816,143,18.74026893582466,2471,5.205445544554456,878
705,0.05,-1345.930769230769,4.0841666666666665,5.817617866004963,72.46153846153847,797,127,34.541187336641585,2471,5.940520446096654,684
706,0.05,-1146.0307692307692,4.125,5.516801853997682,73.03360370799537,851,141,22.055712309281507,2471,5.659327925840093,202
707,0.05,-872.6461538461538,3.0683333333333334,4.2226277372262775,72.64355231143553,806,153,22.010728480927053,2471,4.345078979343864,785
708,0.05,-1053.0153846153846,3.9341666666666666,5.271561771561772,70.8065268065268,848,147,23.155462166757843,2471,5.398601398601398,93
709,0.05,-903.0461538461539,3.245,4.586666666666667,69.7139393939394,824,147,16.3721998409612,2471,4.724848484848485,99
710,0.05,-1144.6,4.153333333333333,5.737338044758539,74.00117785630152,868,143,31.98716268189277,2471,5.88339222614841,0
711,0.05,-993.2,3.3541666666666665,4.660996354799514,72.39368165249088,828,143,28.20898141270834,2472,4.812879708383961,243
712,0.05,-1114.0,3.6733333333333333,5.066105769230769,71.93870192307692,837,143,26.881906554884576,2474,5.206730769230769,549
713,0.05,-1090.3153846153846,3.5191666666666666,5.062653562653563,72.47297297297297,823,142,23.757494362816423,2474,5.211302211302211,25
714,0.05,-1170.9307692307693,3.77,5.366459627329193,71.27080745341615,817,143,32.64758073845121,2475,5.508074534161491,438
715,0.05,-1142.4615384615386,4.029166666666667,5.5966587112171835,71.75298329355608,843,144,31.790004811587888,2475,5.738663484486874,114
716,0.05,-1205.0153846153846,4.116666666666666,5.6602641056422565,71.2124849939976,842,139,23.018437211104256,2476,5.80672268907563,473
717,0.05,-951.0307692307692,3.45,4.977695167286245,70.55266418835193,792,145,34.62719163727084,2477,5.11276332094176,857
718,0.05,-1065.8153846153846,3.890833333333333,5.278169014084507,72.40727699530517,857,143,24.558131603395683,2477,5.4196951934349356,627
719,0.05,-896.9461538461538,3.328333333333333,4.975515463917525,72.19587628865979,770,147,22.36823018347304,2478,5.094072164948454,864
720,0.05,-985.2538461538461,3.4608333333333334,4.706508875739645,69.41301775147929,856,147,15.396965547998292,2478,4.862721893491124,571
721,0.05,-1141.4692307692308,3.625,4.990255785627284,71.22655298416565,813,133,32.39279924216314,2478,5.137637028014616,274
722,0.05,-1046.3692307692306,3.620833333333333,4.989117291414752,69.30471584038695,828,145,30.094974806008704,2479,5.130592503022974,831
723,0.05,-939.2,3.6216666666666666,4.870283018867925,70.26179245283019,838,146,20.525477459728567,2479,5.040094339622642,476
724,0.05,-1046.9076923076923,3.5933333333333333,5.046568627450981,72.69975490196079,819,146,25.227143089699172,2480,5.1838235294117645,673
725,0.05,-1154.0307692307692,3.779166666666667,4.796571428571428,70.70057142857142,872,152,25.615788925677855,2480,4.945142857142857,765
726,0.05,-1165.4692307692308,4.145,5.438556933483652,72.36076662908681,870,142,23.13688553590035,2480,5.590755355129651,691
727,0.05,-1033.8153846153846,3.51,4.947696139476961,71.68119551681195,806,137,19.361047469670446,2480,5.084682440846825,741
728,0.05,-980.8153846153846,3.305,4.62962962962963,70.41358024691358,804,154,26.350808427551886,2481,4.7407407407407405,517
729,0.05,-1033.3461538461538,3.7441666666666666,5.148502994011976,69.6754491017964,829,139,31.85193522935011,2482,5.3077844311377245,644
730,0.05,-1007.8615384615384,3.783333333333333,5.232057416267943,72.43062200956938,843,143,21.603338377588337,2482,5.332535885167464,698
731,0.05,-1027.0615384615385,3.7825,5.319951338199513,72.19464720194647,820,147,25.05071183389776,2483,5.457420924574209,738
732,0.05,-1132.9153846153847,4.079166666666667,5.627710843373494,70.27349397590362,837,142,20.543274200483616,2483,5.7698795180722895,356
733,0.05,-1159.8,4.060833333333333,5.654456654456655,73.1978021978022,821,139,33.12803604796892,2483,5.798780487804878,594
734,0.05,-1242.8999999999999,4.543333333333333,6.001154734411085,72.07505773672055,874,146,31.16187877324304,2483,6.135103926096997,404
735,0.05,-1142.6461538461538,4.109166666666667,5.301478953356087,71.96814562002275,882,146,21.019715834355974,2483,5.4755403868031856,475
736,0.05,-927.7846153846153,3.4875,4.484198645598194,69.941309255079,889,149,9.564946659866365,2483,4.612866817155756,601
737,0.05,-953.3615384615385,3.401666666666667,4.589622641509434,69.86910377358491,870,143,23.287465741325267,2483,4.701650943396227,671
738,0.05,-1036.9846153846154,3.52,4.939950980392157,72.70588235294117,833,135,18.66498534378084,2483,5.083333333333333,116
739,0.05,-1058.1307692307691,3.8858333333333333,5.264947245017585,71.83704572098476,839,142,19.618575317083916,2483,5.382180539273153,686
740,0.05,-1211.423076923077,4.008333333333334,5.492753623188406,72.45531400966183,834,127,29.05779536899759,2484,5.607487922705314,458
741,0.05,-1028.4461538461537,3.4158333333333335,4.824667472793228,72.60459492140266,828,135,18.55817593040632,2484,4.9818621523579205,579
742,0.05,-1019.5230769230769,3.6041666666666665,5.01920768307323,71.43817527010805,823,140,17.147801669250466,2485,5.158463385354142,241
743,0.05,-968.1307692307691,3.445,4.540284360189573,72.31516587677726,843,149,22.079316751798427,2486,4.677725118483412,236
744,0.05,-1180.9769230769232,3.8891666666666667,5.262019230769231,72.0,828,130,28.032323830149775,2487,5.3954326923076925,74
745,0.05,-1065.6153846153845,3.5366666666666666,4.923900118906064,69.97265160523186,851,148,22.951388617941937,2487,5.065398335315101,625
746,0.05,-1010.6538461538462,3.700833333333333,5.150717703349282,71.42105263157895,811,146,17.570738042637593,2487,5.2915173237753885,463
747,0.05,-1370.9846153846154,4.740833333333334,6.634057971014493,75.01328502415458,835,137,26.92391550626075,2487,6.766908212560386,468
748,0.05,-1047.6153846153848,3.6858333333333335,5.021301775147929,71.37041420118344,845,141,18.170381364917223,2487,5.177514792899408,139
749,0.05,-1195.7230769230769,4.1825,5.932098765432099,71.3,809,132,30.898841376471744,2488,6.064197530864197,459
750,0.05,-1076.0076923076922,3.546666666666667,4.7831912302070645,71.9183922046285,824,145,20.759191942211903,2489,4.902557856272838,442
751,0.05,-1125.9846153846154,3.6283333333333334,5.068509615384615,72.35576923076923,813,131,28.365294127318986,2489,5.215144230769231,833
752,0.05,-1004.4846153846155,3.4741666666666666,4.725864123957092,70.79976162097735,826,147,15.94440717224073,2489,4.856972586412396,593
753,0.05,-1023.2384615384615,3.6266666666666665,4.659167604049494,71.07536557930258,872,152,14.985448879865139,2489,4.816647919010124,136
754,0.05,-1000.3,3.6491666666666664,4.861650485436893,70.78398058252426,826,145,18.96086896316873,2489,5.016990291262136,773
755,0.05,-1182.9076923076923,3.8866666666666667,5.464242424242424,72.79151515151516,840,139,23.690434116358215,2489,5.579393939393939,122
756,0.05,-1120.2230769230769,3.8775,5.162684869169511,72.26621160409556,870,145,14.030479493115706,2489,5.302616609783845,278
757,0.05,-1081.4923076923078,3.754166666666667,5.040183696900115,68.89896670493685,857,153,27.645613175913212,2489,5.1940298507462686,115
758,0.05,-994.723076923077,3.4716666666666667,4.808383233532934,71.79760479041916,827,147,18.905595750457227,2489,4.935329341317365,95
759,0.05,-1066.2615384615383,4.0633333333333335,5.441277080957811,72.18814139110604,866,138,34.38976470275658,2489,5.604332953249715,437
760,0.05,-1304.6,4.036666666666667,5.634844868735083,71.44272076372314,842,139,33.30578952705548,2490,5.768496420047732,41
761,0.05,-1067.7769230769231,3.8658333333333332,5.333733493397359,70.58223289315727,838,138,19.975928061930137,2490,5.48859543817527,48
762,0.05,-1090.2846153846153,3.7916666666666665,5.1817087845968715,73.29723225030084,825,139,24.964319837380728,2490,5.323706377858002,163
763,0.05,-1079.9615384615386,3.5025,4.835178351783518,72.18327183271833,825,136,25.95065734185424,2490,4.942189421894219,138
764,0.05,-965.8384615384616,3.598333333333333,4.757990867579909,70.6689497716895,855,145,25.847158623685957,2491,4.915525114155251,454
765,0.05,-1090.3230769230768,3.81,5.257211538461538,72.13822115384616,830,139,21.660618854621127,2491,5.441105769230769,581
766,0.05,-1058.9615384615383,3.7358333333333333,5.099401197604791,71.79161676646707,828,151,19.718184993938095,2491,5.22874251497006,9
767,0.05,-1068.2615384615385,3.75,5.25875,71.0175,798,147,20.299871781016268,2492,5.36125,57
768,0.05,-1308.0615384615385,4.275833333333333,6.177835051546392,73.05798969072166,780,126,41.02189702442476,2493,6.31701030927835,205
769,0.05,-1055.3153846153846,3.5016666666666665,4.953259532595326,72.17466174661746,822,139,20.85743513571581,2493,5.0873308733087335,713
770,0.05,-1049.930769230769,3.8475,5.429447852760736,72.81717791411043,808,143,26.989390455588453,2494,5.563725490196078,56
771,0.05,-1429.5615384615385,4.496666666666667,6.50832266325224,74.90012804097312,783,129,30.768800750373682,2494,6.6427656850192065,302
772,0.05,-1035.076923076923,3.7883333333333336,5.167664670658683,71.45748502994012,843,142,37.83221680544203,2497,5.301796407185629,307
773,0.05,-1156.423076923077,3.38,4.814126394052044,69.14126394052045,801,140,23.223281254807205,2499,4.936881188118812,297
774,0.05,-1091.9153846153847,3.9091666666666667,5.404790419161676,72.73413173652695,826,142,23.543681172756663,2499,5.555688622754491,140
775,0.05,-1295.0923076923077,4.175,5.9590062111801245,73.15900621118013,798,128,29.583351253038256,2499,6.106832298136646,795
776,0.05,-1116.3076923076922,3.9383333333333335,5.495788206979543,72.15884476534296,842,139,22.575203413966616,2499,5.635379061371841,521
777,0.05,-1089.623076923077,3.735,4.878190255220417,70.95011600928075,865,137,15.993968349489956,2499,5.003480278422273,17
778,0.05,-1054.1000000000001,3.5008333333333335,5.087011349306431,70.43505674653215,793,136,29.357827013686798,2500,5.245901639344262,494
779,0.05,-927.7769230769231,3.1858333333333335,4.510585305105853,68.9041095890411,805,151,24.334819620359866,2500,4.632627646326276,31
780,0.05,-898.9384615384615,3.285,4.434530706836616,69.33487833140208,850,157,12.23726642002503,2500,4.58053302433372,147
781,0.05,-1176.9923076923076,3.5458333333333334,4.964108910891089,72.34034653465346,814,137,30.658839076536356,2500,5.089108910891089,680
782,0.05,-1124.1,3.7591666666666668,5.339173967459324,69.53441802252816,802,132,21.041858135153706,2500,5.478097622027534,30
783,0.05,-1101.9153846153845,3.595,4.908536585365853,71.55853658536586,831,137,12.062763670123301,2500,5.041463414634146,567
784,0.05,-995.2461538461537,3.365,4.578454332552694,69.58430913348946,835,143,21.831019983493444,2501,4.721311475409836,470
785,0.05,-1099.3461538461538,4.1375,5.852540272614622,73.62825278810409,790,140,19.17239439803304,2501,5.980173482032218,514
786,0.05,-1254.6384615384613,4.219166666666666,5.847619047619047,71.39642857142857,860,134,27.56414514006421,2501,5.976190476190476,101
787,0.05,-1302.5846153846155,4.45,5.814723926380368,73.57546012269938,813,129,35.55174573226068,2503,5.96319018404908,331
788,0.05,-1026.3,3.578333333333333,4.794117647058823,72.85764705882353,848,141,17.545416251087318,2503,4.921176470588235,15
789,0.05,-968.823076923077,3.388333333333333,4.8269938650306745,72.69815950920245,802,141,22.412178305319102,2503,4.976687116564417,456
790,0.05,-932.176923076923,3.3241666666666667,4.562945368171022,69.8147268408551,847,148,16.584789580067728,2503,4.693586698337292,652
791,0.05,-1006.2230769230769,3.6566666666666667,4.831228473019518,71.42939150401837,868,147,21.75275507991288,2503,4.960964408725602,159
792,0.05,-871.9076923076923,3.2958333333333334,4.49940119760479,72.83952095808384,840,151,15.140428668785797,2504,4.641916167664671,191
793,0.05,-939.8615384615384,3.33,4.548538011695906,72.01520467836258,848,153,13.119190667770246,2504,4.685380116959064,110
794,0.05,-891.0076923076922,3.390833333333333,4.718192627824019,71.63376932223544,845,150,21.66428255680626,2504,4.88347205707491,507
795,0.05,-972.2615384615385,3.2533333333333334,4.641625615763547,69.66256157635468,808,139,25.27925998541714,2504,4.7844827586206895,178
796,0.05,-848.5153846153846,3.1025,4.3638613861386135,71.56930693069307,803,147,14.22047609832324,2504,4.483910891089109,707
797,0.05,-1030.3846153846155,3.506666666666667,5.001223990208079,72.59730722154222,828,140,16.477033809635238,2506,5.134638922888617,580
798,0.05,-956.9461538461538,3.2291666666666665,4.555018137847642,70.19588875453447,807,143,22.00325766297094,2506,4.677146311970979,709
799,0.05,-954.1999999999999,3.235,4.383610451306414,71.10570071258907,842,146,10.713469292992587,2506,4.526128266033254,254
800,0.05,-1066.0846153846155,3.683333333333333,5.075812274368231,70.97352587244283,819,134,28.21153903380122,2509,5.240673886883273,515
801,0.05,-1113.9,3.81,5.13986013986014,71.68881118881119,855,143,22.742996604092223,2510,5.283216783216783,405
802,0.05,-1107.1384615384613,4.0975,5.566392479435958,71.8813160987074,852,141,19.73905748920087,2510,5.697183098591549,771
803,0.05,-1023.2307692307692,3.5941666666666667,4.767857142857143,69.55595238095238,858,155,15.905757055089666,2511,4.905952380952381,578
804,0.05,-896.0615384615384,3.3091666666666666,4.79565772669221,72.77266922094508,799,148,11.773974437953582,2511,4.920817369093231,767
805,0.05,-959.4076923076923,3.14,4.60772104607721,71.28767123287672,818,144,23.95387382553308,2511,4.72851805728518,591
806,0.05,-951.4153846153846,3.2808333333333333,4.971539456662354,69.91203104786545,765,140,22.394106937733113,2511,5.06856403622251,751
807,0.05,-921.6307692307691,3.3741666666666665,4.637992831541219,70.74671445639187,835,154,12.119256992657437,2511,4.778972520908005,703
808,0.05,-826.2615384615385,3.1625,4.163915094339623,69.74528301886792,855,155,11.119120330750006,2511,4.304245283018868,840
809,0.05,-941.7461538461538,3.4033333333333333,4.579743888242142,70.28521536670547,855,150,26.95433787844999,2512,4.711292200232829,768
810,0.05,-974.8000000000001,3.34,4.52046783625731,69.81520467836258,865,149,11.054153472851036,2512,4.659649122807018,315
811,0.05,-959.3769230769232,3.465,4.916666666666667,71.56495098039215,828,137,17.18076626395034,2512,5.061274509803922,430
812,0.05,-948.7461538461538,3.5033333333333334,4.907784431137724,71.47904191616766,810,139,23.890584150072193,2513,5.0394736842105265,852
813,0.05,-1021.9538461538463,3.5933333333333333,4.687429218573047,72.9524348810872,868,142,20.93391341475312,2513,4.850509626274066,78
814,0.05,-1076.5153846153846,3.7716666666666665,4.817253121452895,71.54824063564132,885,145,15.560348549355705,2513,4.98410896708286,836
815,0.05,-904.6,3.5008333333333335,4.884476534296029,70.14320096269554,819,144,23.304613597889016,2513,5.014440433212997,422
816,0.05,-962.0153846153846,3.3666666666666667,4.682481751824818,71.7323600973236,828,139,22.26508857210875,2513,4.809002433090025,687
817,0.05,-798.0923076923077,2.9425,4.307593307593308,70.06692406692407,785,144,17.217021772021496,2513,4.444015444015444,203
818,0.05,-909.5692307692308,3.0641666666666665,4.302615193026152,68.93773349937733,804,149,13.691722874505922,2513,4.457036114570361,876
819,0.05,-1111.5769230769229,3.6825,5.306071871127633,73.38909541511772,803,144,25.948669175933716,2513,5.473358116480793,90
820,0.05,-1026.6692307692308,3.6791666666666667,4.923976608187134,71.15672514619882,853,142,18.633917326938192,2513,5.063157894736842,754
821,0.05,-1214.0538461538463,4.2325,6.122222222222222,74.77283950617284,818,129,21.954191269266538,2513,6.233333333333333,556
822,0.05,-920.0230769230769,3.4433333333333334,4.822738386308068,72.47066014669926,815,141,22.22094638247832,2515,4.968215158924205,154
823,0.05,-1351.3692307692309,4.7125,5.944632768361582,69.69378531073447,880,145,38.04260237943929,2519,6.088135593220339,358
824,0.05,-994.7538461538462,3.4358333333333335,4.991150442477876,69.84702907711757,785,135,16.92006163646168,2519,5.099873577749684,516
825,0.05,-977.4307692307692,3.7225,5.261294261294261,71.99023199023199,805,139,24.065926492863863,2520,5.396825396825397,47
826,0.05,-1018.3076923076924,3.5575,4.882991556091676,70.71652593486128,848,146,19.11433742338496,2520,5.019300361881785,487
827,0.05,-1049.1461538461538,3.7133333333333334,5.235436893203883,71.55339805825243,828,142,29.356385808692313,2521,5.345873786407767,285
828,0.05,-985.0076923076924,3.4916666666666667,4.8607748184019375,72.11138014527845,832,140,21.025807448380576,2523,5.0,195
829,0.05,-1028.6,3.6866666666666665,4.947429906542056,70.51518691588785,854,143,19.179745002929298,2523,5.116686114352392,637
830,0.05,-989.5769230769231,3.4783333333333335,4.681125439624854,71.58616647127785,842,142,17.409733221972623,2523,4.839390386869871,305
831,0.05,-1181.3692307692306,3.7983333333333333,5.175500588928151,71.3663133097762,838,140,31.263361631792066,2525,5.326266195524146,889
832,0.05,-1334.7076923076925,4.815833333333333,6.663484486873508,73.38305489260144,840,136,32.04331280133124,2528,6.815035799522673,761
833,0.05,-1057.6769230769232,3.8958333333333335,5.4891041162227605,71.73970944309927,819,140,22.039932980340073,2529,5.600484261501211,607
834,0.05,-1030.6,3.7475,5.069444444444445,71.81597222222223,858,142,23.18681000151911,2529,5.21849710982659,10
835,0.05,-1035.0615384615385,3.526666666666667,4.88456865127582,70.61482381530985,820,132,21.52777699220332,2529,5.02187120291616,898
836,0.05,-1025.7769230769231,3.7216666666666667,5.153754469606675,71.18951132300357,843,146,21.659158077482292,2529,5.279761904761905,157
837,0.05,-1095.8461538461538,4.02,5.555687203791469,69.99881516587678,833,148,22.084130338615147,2529,5.720379146919432,725
838,0.05,-1125.7769230769231,3.5716666666666668,5.225,72.03875,804,136,29.59239605816696,2529,5.35,858
839,0.05,-1239.5692307692307,3.7675,5.032146957520092,72.49138920780712,857,139,22.27682759368648,2529,5.171067738231917,550
840,0.05,-937.5846153846154,3.450833333333333,4.513921113689095,69.47563805104409,855,147,15.686934949793532,2529,4.635730858468677,873
841,0.05,-960.9538461538461,3.4875,4.955097087378641,72.7864077669903,823,145,17.871409853047368,2529,5.103155339805825,696
842,0.05,-1048.376923076923,3.7691666666666666,4.9355203619909505,72.22737556561086,877,149,21.67404814104149,2529,5.089366515837104,76
843,0.05,-1149.6384615384613,3.8633333333333333,5.33611442193087,72.119189511323,839,138,26.645800513915088,2529,5.480333730631704,311
844,0.05,-1023.7615384615384,3.6841666666666666,5.296341463414634,71.80731707317074,833,143,14.895201794600485,2529,5.435365853658537,350
845,0.05,-979.0692307692309,3.3025,4.61231884057971,71.68115942028986,822,150,18.378674948007838,2530,4.758454106280193,417
846,0.05,-1035.9615384615386,3.9191666666666665,5.749063670411985,72.45942571785268,782,142,29.412954989947558,2532,5.8751560549313355,807
847,0.05,-1180.4846153846154,4.485833333333333,6.053056516724337,73.34140715109574,859,142,24.02261393655487,2532,6.192618223760093,855
848,0.05,-959.4076923076923,3.379166666666667,4.574545454545454,71.92242424242424,833,146,22.013190141211663,2532,4.7272727272727275,639
849,0.05,-1047.9384615384615,3.6825,5.13375,70.18375,789,145,20.19614154080613,2532,5.25125,390
850,0.05,-1070.1615384615384,3.7308333333333334,5.201711491442543,71.29706601466992,820,137,29.860273331380053,2532,5.312958435207824,820
851,0.05,-1092.9384615384615,3.9675,5.4196951934349356,72.0,852,137,22.01992805347012,2532,5.577960140679953,371
852,0.05,-991.3230769230769,3.3666666666666667,4.896595208070618,72.15258511979823,805,144,13.533354693386963,2532,5.032786885245901,14
853,0.05,-1335.9846153846154,4.361666666666666,5.904046242774567,73.16994219653179,851,130,25.58104011898058,2532,6.04971098265896,743
854,0.05,-1020.1769230769231,3.5833333333333335,4.813441483198146,70.63035921205099,851,148,19.67967839071893,2534,4.984936268829664,265
855,0.05,-951.4769230769231,3.2866666666666666,4.5669099756691,71.47445255474453,832,149,27.7551379198296,2536,4.731143552311435,541
856,0.05,-887.476923076923,3.095833333333333,4.5119196988707655,70.74027603513174,801,142,25.734624013879962,2536,4.658720200752823,317
857,0.05,-962.7538461538461,3.3641666666666667,4.870558375634518,70.76649746192894,799,137,25.194787235233306,2537,4.99492385786802,359
858,0.05,-1000.2615384615384,3.4825,4.900479616306955,70.81294964028777,843,148,25.04972808138006,2538,5.051558752997602,762
859,0.05,-984.4384615384614,3.57,4.644783118405627,70.03634232121922,868,149,21.402015245572944,2538,4.792497069167643,884
860,0.05,-1041.2000000000003,3.6475,5.271498771498772,72.53316953316953,829,139,24.67276195320912,2538,5.431203931203931,453
861,0.05,-951.2076923076922,3.2783333333333333,4.688343558282209,71.41472392638036,812,134,23.94533321423054,2538,4.815950920245399,621
862,0.05,-1049.3307692307694,3.410833333333333,4.74251497005988,72.99161676646706,849,143,28.13191833382442,2538,4.874251497005988,332
863,0.05,-967.0384615384615,3.433333333333333,4.745519713261649,70.42293906810036,824,131,18.62301941617201,2539,4.873357228195938,697
864,0.05,-1055.7615384615385,3.5825,5.1562115621156215,71.30381303813039,808,139,23.132070559022555,2540,5.268142681426815,705
865,0.05,-1023.0769230769231,3.3508333333333336,4.588661037394451,69.9481302774427,833,136,29.19557677579037,2540,4.729794933655006,827
866,0.05,-1049.6461538461538,3.4725,4.671021377672209,68.87054631828978,850,138,15.908651712786465,2540,4.789786223277909,269
867,0.05,-921.2384615384616,3.0966666666666667,4.194945848375451,69.1985559566787,831,143,16.99049329983283,2541,4.342960288808665,552
868,0.05,-997.5,3.29,4.785058977719528,72.67103538663171,776,136,19.56773110319111,2541,4.926605504587156,149
869,0.05,-1163.6384615384616,4.076666666666667,5.374262101534828,72.06257378984651,859,135,21.597926583162128,2542,5.526564344746163,148
870,0.05,-1009.4153846153846,3.3366666666666664,4.570749108204518,69.83234244946492,846,143,13.263354087421343,2542,4.715814506539833,344
871,0.05,-932.7307692307693,3.1816666666666666,4.379901960784314,69.8970588235294,843,140,19.51347511346172,2542,4.511029411764706,79
872,0.05,-913.7846153846153,3.3466666666666667,4.485242030696576,71.62927981109799,855,143,15.168342920747023,2543,4.636363636363637,672
873,0.05,-921.1384615384616,2.9975,4.201234567901235,71.35308641975308,827,150,19.575085669509537,2543,4.344444444444444,585
874,0.05,-810.9538461538461,3.13,4.308056872037914,71.02014218009478,862,151,22.467992361568037,2543,4.45260663507109,270
875,0.05,-899.9769230769232,3.296666666666667,4.638922888616891,71.87637698898409,815,147,15.543624719011934,2543,4.777233782129743,330
876,0.05,-1010.7153846153844,3.7783333333333333,5.097813578826237,72.50747986191024,859,146,28.027546547855273,2543,5.245109321058688,609
877,0.05,-959.7769230769231,3.2025,4.4420549581839905,69.66547192353644,834,146,18.57157902558426,2543,4.5794504181600955,303
878,0.05,-1196.8,4.343333333333334,5.808755760368664,73.12327188940093,870,136,19.560110473811527,2543,5.945852534562212,848
879,0.05,-973.8153846153846,3.4,4.804111245465538,68.94316807738815,827,148,19.945431928515685,2543,4.948004836759371,272
880,0.05,-1222.1307692307694,4.071666666666666,5.68920521945433,72.74614472123369,839,138,20.686657077049524,2543,5.829181494661921,424
881,0.05,-851.176923076923,2.9433333333333334,4.149253731343284,69.61567164179104,813,152,20.475479413143056,2543,4.284825870646766,669
882,0.05,-1067.569230769231,3.8675,5.245260663507109,70.9004739336493,846,136,21.758298455913287,2544,5.393364928909953,8
883,0.05,-947.7538461538462,3.3025,4.891823899371069,70.84905660377359,805,143,13.721537593131456,2544,4.993718592964824,255
884,0.05,-972.5846153846154,3.473333333333333,4.606459330143541,71.15430622009569,843,142,17.864023469509743,2544,4.758373205741627,818
885,0.05,-948.3692307692307,3.4466666666666668,4.741896758703481,70.85354141656663,835,147,18.19434133564472,2544,4.877551020408164,582
886,0.05,-935.4615384615386,3.2408333333333332,4.647869674185464,69.26315789473684,790,138,20.065997423083626,2546,4.7631578947368425,289
887,0.05,-1059.2307692307693,3.74,5.591968911917099,71.75388601036269,786,139,25.721949933676417,2547,5.7189119170984455,794
888,0.05,-960.3,3.3491666666666666,4.611850060459492,70.57315598548972,844,155,14.63560418376827,2547,4.724304715840387,482
889,0.05,-983.8076923076924,3.235,4.3943990665110855,70.60793465577596,858,148,20.061178136828058,2547,4.532088681446908,59
890,0.05,-1019.3692307692309,3.4266666666666667,4.821167883211679,69.71532846715328,816,139,20.271277373019334,2547,4.967153284671533,263
891,0.05,-1139.3615384615384,3.7266666666666666,5.244848484848485,71.83030303030303,808,138,27.598868700681635,2547,5.407272727272727,144
892,0.05,-1058.607692307692,3.7775,5.3399503722084365,70.8560794044665,819,151,28.21389985858117,2549,5.465260545905707,782
893,0.05,-972.7923076923076,3.6883333333333335,4.817660550458716,73.33944954128441,890,159,17.58195981220685,2549,4.932339449541284,569
894,0.05,-1068.392307692308,3.3566666666666665,4.708082026537998,72.06996381182147,831,145,24.87632050362375,2549,4.856453558504222,804
895,0.05,-1067.2846153846153,3.7441666666666666,5.182147165259349,70.2291917973462,823,143,29.257950496385185,2549,5.318455971049457,711
896,0.05,-960.3,3.3566666666666665,4.577331759149941,69.81109799291617,830,144,16.82870234192105,2549,4.7237308146399055,54
897,0.05,-1106.1076923076923,3.8075,5.194835680751174,73.04929577464789,849,131,12.803897642775807,2549,5.354460093896714,261
898,0.05,-957.1307692307693,3.325833333333333,4.371794871794871,70.16317016317016,862,145,14.96002414174995,2549,4.49708963911525,659
899,0.05,-1064.7769230769231,3.5975,4.991646778042959,73.83532219570405,837,136,14.164280862850825,2550,5.113365155131265,760
