episode,epsilon,total_reward,avg_queue,avg_wait_s,avg_travel_s,throughput,switches,td_loss,q_table_states,avg_delay_s,traffic_seed
0,1.0,-1022.3692307692307,5.3125,8.790462427745664,46.4349710982659,691,70,nan,,8.963872832369942,349
1,0.9945,-778.3230769230768,3.904166666666667,6.843517138599106,43.82414307004471,666,71,nan,,6.970193740685544,690
2,0.989,-864.3076923076924,4.0675,6.897101449275362,43.643478260869564,702,63,nan,,7.034732272069465,413
3,0.9835,-642.1076923076922,2.95,5.454828660436137,40.89408099688473,639,68,0.016703013017659002,,5.58411214953271,889
4,0.9781,-631.6461538461538,2.9766666666666666,5.5,41.4734375,638,69,0.015358205148091083,,5.6296875,348
5,0.9726,-745.0461538461539,3.243333333333333,5.793528505392912,42.04006163328197,657,66,0.004512229325692103,,5.9306625577812015,776
6,0.9673,-722.2923076923078,3.115,5.4526315789473685,41.98045112781955,676,72,0.004284965208246313,,5.622556390977444,104
7,0.9619,-925.5076923076922,3.5608333333333335,6.382352941176471,42.61300309597523,647,63,0.003889419979195567,,6.497681607418857,488
8,0.9566,-683.7076923076924,3.4766666666666666,5.862464183381089,42.087392550143264,698,66,0.003542117500028065,,5.9742489270386265,278
9,0.9513,-751.6461538461539,3.63,6.366564417177914,43.25,657,70,0.003477335402457464,,6.544478527607362,180
10,0.946,-826.3538461538461,4.070833333333334,7.070484581497797,43.390602055800294,677,66,0.0034147141872710287,,7.2272727272727275,851
11,0.9408,-644.8923076923077,3.026666666666667,5.31892697466468,41.14008941877794,665,67,0.00338364474863678,,5.481371087928465,726
12,0.9356,-652.8461538461538,3.1575,5.417040358744394,41.68609865470852,668,70,0.0034898212166591795,,5.573991031390134,687
13,0.9304,-618.7692307692308,3.0641666666666665,5.497716894977169,41.67579908675799,654,70,0.003226743206320524,,5.622526636225266,778
14,0.9253,-680.4461538461538,3.1141666666666667,5.354790419161676,41.83832335329341,669,69,0.0032503527498866152,,5.4880239520958085,319
15,0.9202,-739.4307692307693,3.6625,5.928779069767442,42.00581395348837,690,67,0.003302164881294438,,6.053779069767442,571
16,0.9151,-740.5692307692307,3.4766666666666666,5.91800878477306,42.16251830161054,681,66,0.003248113818677675,,6.061493411420205,639
17,0.91,-753.4923076923077,3.6141666666666667,6.044159544159545,43.09116809116809,698,68,0.0032752972717768154,,6.210826210826211,78
18,0.905,-990.1692307692308,4.913333333333333,8.314655172413794,45.1882183908046,681,64,0.003329395564338244,,8.487068965517242,83
19,0.9,-603.2461538461539,3.0658333333333334,5.65251572327044,41.924528301886795,635,67,0.0033860413425127692,,5.786163522012578,875
20,0.895,-1085.7384615384615,5.1425,8.81454005934718,46.06231454005935,671,63,0.003024536548360763,,8.998516320474778,299
21,0.89,-648.9846153846154,2.993333333333333,5.348159509202454,41.05521472392638,661,68,0.0033452771177068614,,5.4815950920245395,417
22,0.8851,-738.9076923076923,3.5608333333333335,6.27710843373494,42.549698795180724,661,66,0.003322700859915025,,6.434586466165413,479
23,0.8802,-512.7076923076924,2.7391666666666667,4.937212863705972,41.12251148545176,651,70,0.0032557983667887663,,5.143950995405819,533
24,0.8753,-687.6461538461539,3.4433333333333334,6.023703703703704,41.84888888888889,656,68,0.0033066564053838383,,6.173333333333333,464
25,0.8705,-771.4923076923077,4.160833333333334,7.0488505747126435,43.80172413793103,691,68,0.003194749302033487,,7.168103448275862,136
26,0.8657,-759.5846153846153,3.589166666666667,6.085043988269795,42.719941348973606,685,64,0.003062780447306504,,6.211143695014663,849
27,0.8609,-680.3846153846154,3.3183333333333334,5.927580893682588,42.21571648690293,656,70,0.0032240596090753887,,6.103076923076923,503
28,0.8561,-707.5384615384614,3.254166666666667,5.453703703703703,41.99074074074074,655,70,0.0032518486146750265,,5.570987654320987,442
29,0.8514,-701.5846153846153,3.566666666666667,5.992764109985528,42.46888567293777,702,68,0.0033159211261570565,,6.12301013024602,219
30,0.8467,-608.9076923076924,3.085,5.048780487804878,41.179340028694405,696,69,0.0032943602880357906,,5.203730272596844,601
31,0.842,-710.8307692307693,2.9616666666666664,5.225757575757576,40.61666666666667,656,69,0.003402630889718255,,5.35,518
32,0.8373,-668.3538461538462,3.3941666666666666,6.1321044546851,42.15821812596006,650,65,0.0031687366166504765,,6.269938650306749,716
33,0.8327,-853.8923076923077,4.170833333333333,7.527522935779817,44.637614678899084,650,72,0.0032796202854264425,,7.6681957186544345,85
34,0.8281,-685.6000000000001,2.78,4.856278366111952,40.93192133131619,661,76,0.00324399852174652,,4.986384266263237,570
35,0.8235,-659.2615384615384,3.47,6.134932533733133,42.758620689655174,670,72,0.003208468685244658,,6.284857571214393,377
36,0.819,-787.9230769230769,4.054166666666666,6.840746054519369,43.35294117647059,684,68,0.0031898881888179223,,7.0157819225251075,615
37,0.8144,-643.2,3.04,5.224035608308605,41.774480712166174,689,67,0.003176362222447123,,5.396142433234421,273
38,0.8099,-559.0,2.776666666666667,4.850837138508371,40.96803652968037,664,70,0.0031916729789208324,,4.998480243161095,471
39,0.8054,-717.1230769230768,3.38,5.705710102489019,41.56076134699853,678,69,0.0031774914264696276,,5.868228404099561,213
40,0.801,-790.1538461538461,3.8358333333333334,6.73953488372093,43.55503875968992,648,72,0.0030650430416811975,,6.88062015503876,70
41,0.7966,-513.2461538461539,2.7416666666666667,4.833585476550681,40.47806354009077,651,71,0.003081634927579912,,4.981845688350983,774
42,0.7922,-659.5538461538462,3.1658333333333335,5.238636363636363,41.15625,707,70,0.0030347330984739286,,5.403409090909091,271
43,0.7878,-702.3538461538461,3.591666666666667,6.268656716417911,42.66417910447761,675,66,0.003132591019966369,,6.391044776119403,34
44,0.7834,-524.323076923077,2.7908333333333335,4.842962962962963,41.31407407407407,675,77,0.00303887554676089,,4.964444444444444,433
45,0.7791,-487.9384615384615,2.5433333333333334,4.40695915279879,40.33585476550681,674,71,0.0029896949312337028,,4.579425113464448,328
46,0.7748,-687.5076923076924,3.2875,5.530701754385965,41.90350877192982,685,73,0.002909236306178443,,5.678362573099415,769
47,0.7705,-497.78461538461545,2.558333333333333,4.960199004975125,40.6832504145937,607,72,0.003078947461028113,,5.076158940397351,842
48,0.7662,-603.9846153846154,2.8033333333333332,4.8698224852071,40.92751479289941,686,72,0.0030439585265108426,,5.02810650887574,826
49,0.762,-656.7692307692308,3.2325,5.248603351955308,41.34497206703911,705,69,0.003070345338471078,,5.384078212290503,403
50,0.7578,-620.4307692307692,3.3233333333333333,6.079563182527301,42.43369734789392,638,71,0.0030885750356219378,,6.198127925117005,295
51,0.7536,-625.5999999999999,2.944166666666667,4.965665236051502,41.276108726752504,696,73,0.0031608914946341755,,5.125894134477825,895
52,0.7494,-641.1692307692308,3.1175,5.431221020092735,41.61360123647604,644,66,0.0031949401609543825,,5.564142194744977,645
53,0.7453,-613.6923076923076,3.1133333333333333,5.8496,41.6896,604,70,0.0032597238063583056,,5.9952,751
54,0.7411,-645.0,2.9341666666666666,4.9777448071216615,41.23887240356083,686,70,0.0035046619139777265,,5.12759643916914,617
55,0.737,-667.6769230769231,3.4541666666666666,6.002936857562408,42.41116005873715,681,67,0.003524951025095527,,6.143906020558003,261
56,0.733,-561.0,2.620833333333333,4.679447852760736,40.56748466257669,660,69,0.0032349230406765487,,4.828220858895706,46
57,0.7289,-528.0769230769231,2.8991666666666664,4.747517730496454,41.01276595744681,693,74,0.003450022934186413,,4.902266288951841,775
58,0.7249,-509.61538461538464,2.6558333333333333,4.461760461760462,40.57142857142857,697,74,0.0033347241921716374,,4.616161616161616,208
59,0.7209,-543.876923076923,2.6783333333333332,4.510668563300142,40.16358463726885,693,73,0.0033456175795077412,,4.658605974395448,694
60,0.7169,-517.3538461538462,2.6675,4.735562310030395,40.75835866261398,657,73,0.003375189489983718,,4.90273556231003,253
61,0.7129,-516.7384615384615,2.6033333333333335,4.367496339677892,39.85358711566618,684,67,0.0030876893697352006,,4.534407027818448,806
62,0.709,-639.9384615384615,3.2958333333333334,5.335268505079826,41.937590711175616,693,71,0.0031348849080989087,,5.467343976777939,837
63,0.705,-514.4769230769231,2.7558333333333334,4.687953555878084,40.808417997097244,692,73,0.0033747755966982876,,4.876632801161103,896
64,0.7011,-559.8615384615384,2.7933333333333334,4.796159527326441,40.68833087149188,677,71,0.003357367726380157,,4.937961595273264,558
65,0.6973,-460.10769230769233,2.4916666666666667,4.45398773006135,40.25613496932515,657,71,0.003455768842376701,,4.568147013782542,670
66,0.6934,-507.41538461538454,2.62,4.54424778761062,40.485250737463126,677,73,0.0033783659770250194,,4.724188790560472,318
67,0.6896,-589.8153846153846,2.8333333333333335,4.966257668711656,40.9340490797546,655,72,0.0033389033211097185,,5.053680981595092,728
68,0.6858,-496.0923076923077,2.7133333333333334,4.837138508371385,40.538812785388124,649,77,0.003370369187896916,,5.004566210045662,552
69,0.682,-550.4153846153847,2.7325,4.593073593073593,40.46320346320346,691,73,0.00364569295643943,,4.744588744588745,452
70,0.6782,-463.2307692307693,2.3858333333333333,4.326120556414219,39.67542503863988,642,66,0.0036257144885008755,,4.443585780525503,668
71,0.6744,-619.8461538461538,2.8641666666666667,5.062404870624048,40.87062404870624,655,69,0.0035709025465788264,,5.205479452054795,89
72,0.6707,-609.0615384615385,2.8975,5.042105263157895,41.23609022556391,667,71,0.0037064029652196656,,5.1759398496240605,581
73,0.667,-451.0,2.4516666666666667,4.5363924050632916,40.2626582278481,628,70,0.003637947360638774,,4.700949367088608,557
74,0.6633,-536.5384615384614,2.62,4.432276657060519,40.586455331412104,699,78,0.0036158862294458447,,4.593659942363113,93
75,0.6596,-465.3384615384615,2.341666666666667,4.119083969465649,39.9236641221374,644,77,0.0035895985508350675,,4.259146341463414,3
76,0.656,-541.2,2.7941666666666665,4.780058651026393,40.860703812316714,680,72,0.003508385470466919,,4.935483870967742,217
77,0.6524,-492.5538461538461,2.5116666666666667,4.618524332810047,40.38147566718995,638,68,0.0035528526951614132,,4.736263736263736,149
78,0.6487,-489.36923076923074,2.5108333333333333,4.543913713405239,40.485362095531585,648,68,0.0036902772452844057,,4.702619414483821,447
79,0.6452,-588.2307692307693,2.6991666666666667,4.608047690014903,40.95827123695976,682,75,0.0036672905564955113,,4.760059612518629,811
80,0.6416,-631.3384615384616,3.1958333333333333,5.672754946727549,41.756468797564686,649,73,0.0036825746237364957,,5.831050228310502,327
81,0.638,-601.1692307692308,2.7625,4.8,40.877037037037034,691,69,0.003532562902915262,,4.954074074074074,152
82,0.6345,-559.0615384615385,2.6641666666666666,4.939490445859873,40.64808917197452,615,71,0.003526677576644309,,5.06687898089172,231
83,0.631,-521.6923076923076,2.671666666666667,4.733433734939759,40.63403614457831,667,72,0.0035938711714900064,,4.879518072289157,757
84,0.6275,-498.1846153846154,2.5708333333333333,4.387096774193548,40.15542521994135,685,73,0.003527703739827146,,4.511730205278592,270
85,0.624,-551.9230769230769,2.9883333333333333,5.064421669106881,41.83162518301611,684,73,0.003396580438353013,,5.224011713030746,260
86,0.6206,-573.323076923077,2.4158333333333335,4.0964912280701755,39.9078947368421,692,74,0.003379859575168762,,4.255474452554744,511
87,0.6171,-497.33846153846156,2.6566666666666667,4.375358166189112,40.080229226361034,706,73,0.0034536896110952814,,4.541547277936963,706
88,0.6137,-570.2,2.9875,5.282051282051282,41.34238310708899,660,72,0.003387662561450814,,5.44947209653092,614
89,0.6103,-549.0615384615385,2.8408333333333333,4.664212076583211,40.69955817378498,678,71,0.0033739310907024795,,4.796759941089838,710
90,0.607,-572.4153846153846,2.9358333333333335,4.975468975468975,41.46897546897547,692,75,0.00348104597691782,,5.121037463976945,861
91,0.6036,-413.21538461538466,2.255,3.9535928143712575,39.56437125748503,665,78,0.0035884369935920745,,4.1017964071856285,596
92,0.6003,-532.2923076923076,2.9275,5.377567140600316,40.93838862559242,624,74,0.00362547236601788,,5.4913112164296995,684
93,0.5969,-636.8307692307692,3.09,5.125915080527086,41.265007320644216,684,69,0.003702444885005183,,5.273792093704246,259
94,0.5936,-409.81538461538463,2.395,4.257530120481928,40.022590361445786,654,76,0.00364181744686158,,4.416541353383459,767
95,0.5904,-577.9538461538461,2.8466666666666667,4.920471281296024,41.22533136966127,679,70,0.003819433563032818,,5.06480117820324,860
96,0.5871,-463.0615384615385,2.4408333333333334,4.209677419354839,39.76099706744868,672,69,0.0037348029955856137,,4.375366568914956,747
97,0.5838,-497.38461538461536,2.5141666666666667,4.408536585365853,39.90091463414634,661,69,0.0037331167759066253,,4.573170731707317,340
98,0.5806,-539.7692307692307,3.0083333333333333,5.065997130559541,41.06599713055954,699,71,0.003706896236329983,,5.21090387374462,873
99,0.5774,-543.4615384615385,2.7116666666666664,4.620029455081001,40.2459499263623,675,70,0.00374743330876764,,4.790868924889543,772
100,0.5742,-518.6769230769231,2.6691666666666665,4.686478454680535,40.88410104011887,672,74,0.0037079011594383267,,4.824665676077266,744
101,0.571,-567.3230769230769,2.995,5.254464285714286,41.67261904761905,678,72,0.003871056795915785,,5.382440476190476,559
102,0.5679,-496.16923076923075,2.700833333333333,4.58600583090379,40.5131195335277,684,70,0.003743518035530826,,4.717201166180758,20
103,0.5647,-414.7538461538462,2.185,3.8744326777609683,39.69440242057489,649,71,0.003737547513418494,,4.034795763993949,17
104,0.5616,-468.9076923076923,2.381666666666667,4.226244343891403,39.85369532428356,662,73,0.003637686511321421,,4.368024132730015,654
105,0.5585,-437.4307692307692,2.2325,3.8977443609022555,39.54135338345865,661,70,0.0036470103063343095,,4.048120300751879,675
106,0.5554,-487.53846153846155,2.4691666666666667,4.520504731861199,40.62776025236593,643,74,0.0036119358909554745,,4.676656151419558,516
107,0.5523,-455.276923076923,2.49,4.479876160990712,40.39164086687307,653,75,0.0035611148733866306,,4.623839009287925,642
108,0.5493,-510.3384615384616,2.7975,4.883058470764618,40.844077961019494,666,74,0.0035091919179266566,,4.995502248875562,465
109,0.5462,-462.0153846153846,2.55,4.5098934550989345,40.61948249619483,663,74,0.003608585531575826,,4.687975646879757,665
110,0.5432,-486.2769230769231,2.4316666666666666,4.0852941176470585,40.194117647058825,689,72,0.0036463372692510415,,4.264705882352941,414
111,0.5402,-481.5846153846154,2.6391666666666667,4.505139500734215,40.60058737151248,671,76,0.0035711627524152106,,4.659324522760646,653
112,0.5372,-453.0153846153846,2.3891666666666667,4.275229357798165,40.206422018348626,655,74,0.0036112238043171565,,4.409785932721713,803
113,0.5343,-411.04615384615386,2.2125,3.933641975308642,39.43518518518518,645,75,0.0036970680551103212,,4.080246913580247,98
114,0.5313,-442.9692307692308,2.305,4.0920245398773005,39.668711656441715,644,70,0.00360842821390243,,4.271472392638037,268
115,0.5284,-500.04615384615386,2.545,4.417664670658683,40.68562874251497,679,75,0.0035045599334889523,,4.582335329341317,10
116,0.5254,-444.8615384615385,2.2891666666666666,3.9469026548672566,39.63126843657817,674,76,0.0034422700537813833,,4.115044247787611,577
117,0.5225,-535.2307692307693,2.756666666666667,4.631805157593123,40.722063037249285,699,74,0.0033461837830497053,,4.777936962750716,293
118,0.5196,-509.86153846153843,2.7975,4.930930930930931,40.8963963963964,664,76,0.003242352681761598,,5.073573573573573,787
119,0.5168,-464.4153846153846,2.48,3.9655172413793105,39.87106446776612,671,73,0.003281841207376726,,4.079460269865067,386
120,0.5139,-511.7692307692307,2.7516666666666665,4.713450292397661,40.60233918128655,678,71,0.0033086625646265777,,4.87280701754386,592
121,0.5111,-486.20000000000005,2.5966666666666667,4.447717231222386,40.15905743740795,665,78,0.0035002602257428015,,4.594992636229749,704
122,0.5082,-473.1692307692307,2.7425,4.679411764705883,40.76029411764706,680,77,0.0033865488087240323,,4.847283406754772,459
123,0.5054,-450.8,2.2133333333333334,3.873134328358209,39.28208955223881,674,72,0.003471145285213758,,3.9865671641791045,543
124,0.5026,-438.73846153846154,2.36,4.361331220285262,40.23771790808241,625,75,0.0033926440031381644,,4.497622820919176,366
125,0.4998,-386.0615384615385,2.1616666666666666,3.876543209876543,39.239197530864196,645,75,0.0034784142340186512,,4.026234567901234,112
126,0.4971,-435.70769230769235,2.46,4.269117647058824,40.11911764705882,675,73,0.0034287559070438475,,4.413235294117647,496
127,0.4943,-428.3230769230769,2.3366666666666664,3.986899563318777,39.73216885007278,687,76,0.0034795580480788935,,4.132267441860465,250
128,0.4916,-414.0769230769231,2.4175,4.054441260744985,39.892550143266476,703,75,0.0033557464193319634,,4.207736389684814,341
129,0.4889,-439.2769230769231,2.44,4.143484626647145,39.8199121522694,680,74,0.0035713658190011707,,4.300146412884334,365
130,0.4862,-496.4769230769231,2.685,4.511461318051576,40.59025787965616,694,73,0.003417976728256033,,4.660458452722063,840
131,0.4835,-457.0615384615384,2.51,4.401812688821752,40.338368580060425,676,74,0.003405829233833284,,4.533232628398792,696
132,0.4808,-407.8615384615385,2.305833333333333,4.135176651305684,39.953917050691246,651,79,0.0033688218503200923,,4.285714285714286,398
133,0.4781,-499.5692307692308,2.7516666666666665,4.809880239520958,40.75299401197605,654,74,0.003401760881550147,,4.9880239520958085,737
134,0.4755,-515.6923076923076,2.7416666666666667,4.682352941176471,40.76323529411765,675,72,0.003338543752694073,,4.854411764705882,831
135,0.4729,-410.79999999999995,2.2175,4.0883280757097795,39.94479495268139,638,76,0.0032197391023924154,,4.203470031545741,748
136,0.4703,-418.5692307692307,2.2816666666666667,4.0254872563718145,39.70164917541229,665,76,0.003242166027848599,,4.190404797601199,698
137,0.4677,-394.83076923076925,2.1191666666666666,3.7220543806646527,39.00151057401813,662,74,0.003478488259110611,,3.8504531722054383,249
138,0.4651,-411.1846153846154,2.2666666666666666,4.28130081300813,40.18048780487805,622,79,0.0035682980043917362,,4.4227642276422765,263
139,0.4625,-407.9384615384615,2.2325,3.8070692194403533,39.64359351988218,682,74,0.0034221437689288233,,3.9397058823529414,899
140,0.4599,-474.3384615384615,2.5475,4.602803738317757,40.269470404984425,643,73,0.0033850470779528347,,4.757009345794392,850
141,0.4574,-424.83076923076925,2.2016666666666667,4.023255813953488,39.606201550387595,641,77,0.003195567681501571,,4.148837209302326,64
142,0.4549,-469.69230769230774,2.2666666666666666,3.9651515151515153,39.7060606060606,666,78,0.003170108989173287,,4.084720121028744,84
143,0.4523,-427.78461538461545,2.1908333333333334,3.8213213213213213,39.33483483483484,668,76,0.0032166146782724673,,3.957957957957958,285
144,0.4498,-385.26153846153846,2.1141666666666667,3.462304409672831,38.961593172119485,702,74,0.003260348989740211,,3.6102418207681364,561
145,0.4474,-474.79999999999995,2.4825,4.081690140845071,39.92112676056338,711,75,0.0032533935280498662,,4.197183098591549,391
146,0.4449,-383.67692307692306,2.0008333333333335,3.5709876543209877,38.842592592592595,647,75,0.0032041518069028433,,3.7098765432098766,686
147,0.4424,-441.61538461538464,2.2183333333333333,3.906766917293233,39.418045112781954,666,77,0.003201893758940409,,4.061654135338346,74
148,0.44,-383.2615384615384,2.216666666666667,3.786135693215339,39.405604719764014,675,76,0.0032423543128665576,,3.9188790560471976,350
149,0.4375,-487.24615384615385,2.5441666666666665,4.678071539657854,40.67651632970451,640,74,0.0032681853907529004,,4.805598755832038,738
150,0.4351,-398.66153846153844,2.1683333333333334,3.8892307692307693,39.612307692307695,656,77,0.003144710870824074,,4.038461538461538,30
151,0.4327,-448.7076923076923,2.3833333333333333,4.329721362229102,40.09907120743034,647,74,0.003215440109556493,,4.489953632148377,80
152,0.4303,-502.8,2.6891666666666665,4.57536231884058,40.1463768115942,674,67,0.00320021737410784,,4.73768115942029,128
153,0.4279,-451.3230769230769,2.4791666666666665,4.394618834080718,40.30792227204783,664,71,0.003130546943594594,,4.526158445440957,848
154,0.4256,-421.3384615384615,2.2133333333333334,3.8506787330316743,39.66817496229261,666,79,0.002931045590007461,,4.010558069381599,791
155,0.4232,-394.53846153846155,2.2708333333333335,3.9533132530120483,39.65963855421687,673,75,0.0030001446600766988,,4.078313253012048,783
156,0.4209,-466.0,2.5408333333333335,4.331386861313868,40.286131386861314,683,75,0.00302816264884863,,4.48029197080292,800
157,0.4185,-433.83076923076925,2.4691666666666667,4.21044992743106,40.087082728592165,691,71,0.0027304429331381675,,4.377358490566038,594
158,0.4162,-395.03076923076924,2.1641666666666666,3.9750390015600625,39.92355694227769,645,73,0.0028109033785368915,,4.087363494539781,431
159,0.4139,-431.90769230769234,2.365,4.204580152671756,39.6,651,71,0.0029266825560529943,,4.345038167938931,27
160,0.4116,-452.89230769230767,2.4683333333333333,4.266272189349112,40.3594674556213,679,77,0.0031545289925969684,,4.433431952662722,478
161,0.4094,-490.44615384615383,2.5591666666666666,4.247467438494935,40.58176555716353,707,73,0.0030607855714024257,,4.419681620839364,77
162,0.4071,-465.3692307692306,2.555833333333333,4.340675477239354,39.98237885462555,678,72,0.0029941030022280738,,4.4566813509544785,189
163,0.4048,-381.5230769230769,2.08,3.6306027820710973,39.074188562596596,664,79,0.002898853397734403,,3.794435857805255,37
164,0.4026,-472.36923076923074,2.6966666666666668,4.362339514978602,39.97004279600571,701,73,0.0030062477186128173,,4.499286733238231,438
165,0.4004,-378.16923076923075,2.0741666666666667,3.582089552238806,39.55820895522388,672,80,0.0028747067133790753,,3.735820895522388,825
166,0.3982,-420.7692307692308,2.2116666666666664,3.711988304093567,39.22076023391813,691,76,0.003017965917845971,,3.83187134502924,522
167,0.396,-387.6923076923077,2.21,3.860606060606061,39.32575757575758,653,75,0.003071948209833258,,4.031818181818182,313
168,0.3938,-412.4307692307692,2.2783333333333333,3.8577777777777778,39.55111111111111,671,76,0.0029843849694337317,,4.025185185185185,515
169,0.3916,-400.29230769230765,2.2758333333333334,4.016616314199395,39.601208459214504,663,78,0.002990130049394403,,4.149546827794562,330
170,0.3894,-392.75384615384615,2.1891666666666665,3.7373887240356085,39.175074183976264,661,74,0.0030109672700141853,,3.870919881305638,469
171,0.3873,-359.09230769230766,2.078333333333333,3.611111111111111,39.111111111111114,668,77,0.0030179292991645863,,3.7537537537537538,780
172,0.3851,-384.8769230769231,2.1991666666666667,3.8278443113772456,39.43562874251497,661,79,0.0029445824376197493,,3.9865269461077846,679
173,0.383,-364.0,2.111666666666667,3.50641940085592,39.1925820256776,706,77,0.0028599497830461115,,3.69472182596291,76
174,0.3809,-392.69230769230774,2.1675,3.5951008645533142,38.85878962536023,690,75,0.002956594759502912,,3.760806916426513,443
175,0.3788,-421.10769230769233,2.3066666666666666,4.022556390977444,39.70225563909774,672,76,0.0029256906806889244,,4.1458646616541355,44
176,0.3767,-401.46153846153845,2.151666666666667,3.7410714285714284,39.169642857142854,670,73,0.002958987461011816,,3.8735119047619047,131
177,0.3746,-402.46153846153845,2.1158333333333332,3.6457399103139014,39.08370702541106,676,74,0.002853891470124439,,3.765321375186846,657
178,0.3725,-363.9076923076923,1.9325,3.413109756097561,38.86280487804878,653,69,0.0029555663249303775,,3.5365853658536586,321
179,0.3705,-386.5692307692308,2.0966666666666667,3.8753943217665614,39.17350157728707,627,76,0.0029460168261921083,,3.996845425867508,162
180,0.3684,-419.9230769230769,2.215,3.6212765957446806,39.136170212765954,701,74,0.002987385213908836,,3.746099290780142,322
181,0.3664,-425.0923076923076,2.2825,3.876093294460641,39.403790087463555,683,76,0.002968647267542521,,4.02332361516035,294
182,0.3643,-491.5538461538462,2.6491666666666664,4.413235294117647,40.425,676,75,0.0028492666981290615,,4.552941176470588,367
183,0.3623,-383.2769230769231,1.9541666666666666,3.5046728971962615,39.06230529595015,656,73,0.0028440321497823213,,3.674454828660436,338
184,0.3603,-443.5230769230769,2.3,3.8181818181818183,39.506493506493506,700,74,0.0029220413813407712,,3.984126984126984,145
185,0.3583,-451.0153846153846,2.49,4.324283559577677,40.2262443438914,664,73,0.002799307505189194,,4.464555052790347,538
186,0.3563,-335.6461538461539,1.9025,3.473015873015873,38.73015873015873,626,78,0.00265111567143988,,3.626984126984127,422
187,0.3544,-372.53846153846155,2.0241666666666664,3.5911179173047474,39.05053598774885,650,77,0.0027390779467983207,,3.7335375191424194,795
188,0.3524,-457.0615384615385,2.3516666666666666,4.109467455621302,39.76183431952663,674,75,0.0027244826921501166,,4.241124260355029,523
189,0.3505,-440.03076923076924,2.31,4.1720930232558135,40.246511627906976,653,79,0.0028123309319603353,,4.304953560371517,892
190,0.3485,-465.90769230769234,2.3466666666666667,3.978102189781022,39.78686131386861,690,78,0.0027969238282569936,,4.105109489051095,872
191,0.3466,-409.0769230769231,2.3241666666666667,4.008955223880597,39.86268656716418,670,75,0.0027940659564265097,,4.149253731343284,242
192,0.3447,-407.30769230769226,2.1108333333333333,3.6470588235294117,38.88676470588236,671,65,0.0028265438308317146,,3.7852941176470587,445
193,0.3428,-459.6461538461539,2.3983333333333334,3.9842857142857144,39.85285714285714,697,72,0.002848841211184483,,4.152857142857143,202
194,0.3409,-397.32307692307694,2.2416666666666667,4.093023255813954,39.73953488372093,645,78,0.00275467288676483,,4.263565891472868,97
195,0.339,-423.8307692307692,2.285,4.001492537313433,39.3910447761194,669,72,0.002729337387647262,,4.143283582089552,121
196,0.3371,-335.5230769230769,1.9616666666666667,3.5091463414634148,39.08841463414634,661,81,0.0027679495634521712,,3.669207317073171,227
197,0.3352,-380.8153846153846,2.1625,3.72106824925816,39.41246290801187,678,76,0.00284945266143382,,3.863501483679525,169
198,0.3334,-458.03076923076924,2.495833333333333,4.369597615499255,39.89716840536513,663,71,0.002899349128199781,,4.525297619047619,153
199,0.3315,-422.8461538461538,2.243333333333333,3.843609022556391,39.21804511278196,661,74,0.002950743724537522,,3.9759398496240603,730
200,0.3297,-422.32307692307694,2.3383333333333334,3.864406779661017,39.940677966101696,705,81,0.0028962794559076865,,4.007062146892656,486
201,0.3279,-356.03076923076924,2.125,3.6834319526627217,39.32248520710059,661,80,0.0028689231083733674,,3.8180473372781063,119
202,0.3261,-323.7230769230769,1.8391666666666666,3.1689497716894977,38.58295281582953,663,76,0.0030031849942806347,,3.2831050228310503,161
203,0.3243,-370.18461538461537,2.1166666666666667,3.395573997233748,38.6210235131397,717,80,0.002890490884288783,,3.5394190871369293,100
204,0.3225,-384.69230769230774,2.075833333333333,3.7949921752738653,39.71830985915493,643,79,0.00279533971246471,,3.946875,709
205,0.3207,-371.84615384615387,1.8616666666666666,3.40282131661442,38.68652037617555,642,74,0.0028800297757100566,,3.544600938967136,429
206,0.3189,-355.0769230769231,2.0833333333333335,3.720183486238532,39.40214067278288,656,75,0.002791661395793874,,3.863914373088685,588
207,0.3172,-365.2307692307692,2.0316666666666667,3.489675516224189,39.36430678466077,692,78,0.002838391922635994,,3.5988200589970503,859
208,0.3154,-399.12307692307695,2.1966666666666668,3.9670846394984327,39.38087774294671,632,70,0.0028339472779363778,,4.101880877742946,245
209,0.3137,-373.3384615384615,2.3025,4.126717557251909,40.01679389312977,647,76,0.0028075717024822026,,4.265243902439025,347
210,0.3119,-389.20000000000005,2.325833333333333,3.8771428571428572,39.777142857142856,697,79,0.0028913954341768205,,4.017142857142857,172
211,0.3102,-393.2615384615384,2.160833333333333,3.7240356083086055,39.317507418397625,671,73,0.0028836683309750393,,3.8857566765578637,877
212,0.3085,-416.5692307692308,2.3216666666666668,4.005988023952096,40.127245508982035,671,78,0.0027164716230270837,,4.190119760479042,140
213,0.3068,-408.89230769230767,2.1791666666666667,3.8199697428139183,39.258698940998485,671,73,0.002662669646529436,,3.9712556732223905,60
214,0.3051,-353.8153846153846,2.0633333333333335,3.5242290748898677,39.31864904552129,685,80,0.002688056713110818,,3.6519823788546257,662
215,0.3034,-404.26153846153846,2.2283333333333335,3.7190201729106627,39.39913544668588,701,77,0.002731381214938674,,3.863112391930836,224
216,0.3017,-377.10769230769233,2.11,3.774193548387097,39.23195084485407,650,73,0.0025838366632376774,,3.900153609831029,764
217,0.3,-369.04615384615386,2.0191666666666666,3.524812030075188,38.72781954887218,656,74,0.002663440719859251,,3.649624060150376,505
218,0.2984,-406.8461538461538,2.3275,3.9421128798842258,39.421128798842254,688,75,0.0025881783322981916,,4.111432706222866,305
219,0.2967,-464.73846153846154,2.5258333333333334,4.314949201741655,40.1044992743106,678,73,0.0027330629308377264,,4.451378809869376,758
220,0.2951,-368.04615384615386,2.0866666666666664,3.5780089153046064,39.16344725111441,685,77,0.002636735851267701,,3.723625557206538,38
221,0.2935,-407.0615384615385,2.2116666666666664,3.875,39.605421686746986,662,74,0.0025495413647901835,,4.02710843373494,881
222,0.2918,-374.96923076923076,2.1775,3.8961832061068704,39.70381679389313,658,79,0.002698609351768164,,4.024427480916031,827
223,0.2902,-370.3538461538462,1.9558333333333333,3.3716814159292037,38.43657817109145,675,75,0.0027310728525059644,,3.505899705014749,632
224,0.2886,-422.1538461538462,2.3125,4.083713850837139,39.55098934550989,657,75,0.002871119167241283,,4.211567732115677,126
225,0.287,-365.9076923076923,1.9825,3.390922401171303,39.17130307467057,675,77,0.0028204288709588023,,3.5183016105417275,753
226,0.2854,-352.46153846153845,1.9208333333333334,3.4033485540334856,38.76712328767123,660,74,0.002859783540258158,,3.5783866057838662,267
227,0.2838,-375.4,2.013333333333333,3.6801242236024843,38.83229813664596,636,72,0.0028897752836164947,,3.843167701863354,351
228,0.2823,-383.70769230769235,2.1483333333333334,3.7586726998491704,39.51885369532428,665,75,0.002894220201111952,,3.885369532428356,36
229,0.2807,-413.87692307692305,2.2116666666666664,4.160771704180064,39.5016077170418,619,77,0.0026619300093192605,,4.290996784565916,297
230,0.2792,-383.79999999999995,2.31,4.022288261515602,39.71768202080238,670,77,0.002532079498385457,,4.200594353640416,822
231,0.2776,-353.10769230769233,2.0933333333333333,3.6222222222222222,39.15555555555556,670,73,0.002596752235494976,,3.7674074074074073,731
232,0.2761,-355.72307692307686,2.05,3.616793893129771,39.34961832061069,662,71,0.002677697210299304,,3.769465648854962,603
233,0.2746,-340.0923076923077,1.95,3.375,38.72470238095238,663,76,0.0027141239383809803,,3.5163690476190474,234
234,0.273,-321.9076923076923,1.9166666666666667,3.371385083713851,38.89193302891933,655,76,0.002750108469477955,,3.5098934550989345,838
235,0.2715,-407.15384615384613,2.316666666666667,3.8587896253602305,39.485590778097986,691,77,0.0027713392029692203,,4.03021582733813,611
236,0.27,-359.4153846153846,2.1775,3.7979041916167664,39.44760479041916,661,78,0.002726810394320744,,3.940119760479042,95
237,0.2685,-375.9692307692307,1.9033333333333333,3.3703703703703702,38.776234567901234,662,74,0.002834647191552815,,3.509259259259259,527
238,0.267,-336.75384615384615,1.9141666666666666,3.586038961038961,38.80357142857143,627,73,0.0027827607540757233,,3.7240259740259742,151
239,0.2656,-423.29230769230765,2.4775,4.059914407988588,39.60057061340942,693,76,0.002769999112997318,,4.20827389443652,576
240,0.2641,-416.4769230769231,2.4183333333333334,3.9901408450704223,39.89577464788732,711,75,0.0027797176694765754,,4.145070422535211,477
241,0.2626,-386.38461538461536,2.0191666666666666,3.5375375375375375,38.87987987987988,666,75,0.002658946429280992,,3.690690690690691,692
242,0.2612,-338.3384615384615,1.9875,3.578052550231839,38.90726429675425,645,77,0.0027005404076093607,,3.7187017001545595,761
243,0.2597,-428.36923076923074,2.154166666666667,3.7679640718562872,39.1751497005988,666,67,0.002786663203450854,,3.92814371257485,122
244,0.2583,-357.83076923076925,2.098333333333333,3.6316590563165905,38.884322678843226,654,78,0.003043722045175086,,3.7625570776255706,661
245,0.2569,-392.73846153846154,2.0991666666666666,3.7906976744186047,39.243410852713176,649,69,0.003016635031652199,,3.9131782945736435,682
246,0.2555,-344.24615384615385,2.025,3.7181102362204723,39.14488188976378,636,73,0.00322990841021859,,3.867716535433071,575
247,0.254,-350.6923076923077,2.1708333333333334,3.5807365439093486,39.61473087818697,702,81,0.0029452728313570887,,3.73371104815864,287
248,0.2526,-411.6615384615385,2.2533333333333334,3.7991202346041058,39.75366568914956,687,75,0.0027577716384434535,,3.934017595307918,269
249,0.2512,-361.24615384615385,1.995,3.3582966226138034,38.6431718061674,689,72,0.002585605063581487,,3.5359765051395007,51
250,0.2498,-386.6,2.0475,3.678018575851393,39.078947368421055,643,75,0.002602164957222896,,3.8421052631578947,160
251,0.2485,-344.1692307692308,1.9175,3.4937694704049846,38.809968847352025,635,73,0.0026475344581470607,,3.641744548286604,695
252,0.2471,-380.8307692307692,2.035833333333333,3.656739811912226,39.13009404388715,638,76,0.00267074686285496,,3.80564263322884,680
253,0.2457,-372.5230769230769,2.0641666666666665,3.5330396475770924,38.91483113069016,681,72,0.00263872560002158,,3.66079295154185,230
254,0.2444,-357.75384615384615,1.97,3.3416058394160584,38.737226277372265,682,70,0.0026575702802303747,,3.5211678832116786,688
255,0.243,-424.276923076923,2.2466666666666666,3.850148367952522,39.611275964391695,669,75,0.002693484001287477,,3.99406528189911,456
256,0.2417,-402.78461538461534,2.1433333333333335,3.7322239031770046,39.03025718608169,666,70,0.0027266230879366333,,3.8925869894099847,15
257,0.2403,-314.0,1.8441666666666667,3.360374414976599,38.96567862714509,642,81,0.0028408827250466593,,3.5288611544461777,188
258,0.239,-333.276923076923,1.8175,3.201201201201201,38.490990990990994,668,73,0.0027760802425617877,,3.3753753753753752,218
259,0.2377,-399.723076923077,2.1325,3.816923076923077,39.45538461538462,647,73,0.00277040303196743,,3.9292307692307693,835
260,0.2364,-343.3076923076923,2.0191666666666666,3.5261584454409567,38.84454409566517,669,72,0.002848946568777488,,3.656203288490284,199
261,0.2351,-363.6769230769231,2.1483333333333334,3.729230769230769,39.13230769230769,655,76,0.0028896675325613633,,3.875384615384615,647
262,0.2338,-398.26153846153846,2.2641666666666667,4.030581039755352,39.518348623853214,650,74,0.0028133153326282798,,4.1692073170731705,168
263,0.2325,-392.26153846153846,2.2708333333333335,3.8022922636103154,39.67908309455587,698,78,0.0027755897731647898,,3.9412607449856734,589
264,0.2312,-327.0153846153846,1.7041666666666666,3.0122699386503067,38.1319018404908,663,72,0.0028355826325987188,,3.1196319018404908,316
265,0.2299,-332.2,1.9525,3.592767295597484,39.105345911949684,636,80,0.0027861547440885493,,3.709119496855346,409
266,0.2286,-375.5846153846154,2.135,3.6372980910425845,38.859030837004404,680,76,0.0027832852971209745,,3.774193548387097,110
267,0.2274,-373.89230769230767,2.2333333333333334,3.8147612156295225,39.578871201157746,683,81,0.0027266654426309823,,3.9421128798842258,276
268,0.2261,-370.1692307692308,2.1133333333333333,3.7882534775888717,39.595054095826896,647,78,0.002762537888555686,,3.932098765432099,622
269,0.2249,-361.1692307692307,2.0366666666666666,3.691943127962085,38.981042654028435,633,76,0.0025753446493602936,,3.816745655608215,865
270,0.2236,-371.89230769230767,2.0175,3.392386530014641,38.55344070278184,686,73,0.00246312930789906,,3.5446559297218156,357
271,0.2224,-360.2923076923077,2.0341666666666667,3.602719033232628,39.18429003021148,670,76,0.0024568188356827105,,3.7326283987915407,461
272,0.2211,-408.70769230769235,2.3333333333333335,4.036764705882353,39.741176470588236,668,73,0.0025945282514461226,,4.176211453744493,186
273,0.2199,-347.7076923076923,2.1058333333333334,3.752307692307692,39.49384615384616,655,80,0.0026723198339834156,,3.9046153846153846,233
274,0.2187,-357.89230769230767,2.1625,3.7602427921092563,39.59332321699545,665,80,0.0027057845219004453,,3.898330804248862,423
275,0.2175,-362.3384615384615,2.0641666666666665,3.63855421686747,38.94879518072289,663,74,0.002798782470086556,,3.7710843373493974,107
276,0.2163,-340.03076923076924,1.98,3.3588235294117648,38.72205882352941,685,73,0.00269886119294714,,3.513235294117647,323
277,0.2151,-378.03076923076924,2.14,3.5691868758915835,39.186875891583455,702,78,0.0026753557539991963,,3.72753209700428,446
278,0.2139,-360.70769230769235,1.86,3.3559322033898304,39.06625577812019,653,79,0.0027847660288049386,,3.4884437596302003,756
279,0.2127,-362.81538461538463,1.9716666666666667,3.376281112737921,38.635431918008784,678,76,0.0027754720757137935,,3.494875549048316,867
280,0.2115,-318.84615384615387,1.8866666666666667,3.458135860979463,38.90205371248025,641,77,0.0028509253531718492,,3.5876777251184833,719
281,0.2104,-351.16923076923075,2.0325,3.6539050535987747,39.289433384379784,652,77,0.0028636185390362137,,3.771822358346095,387
282,0.2092,-389.20000000000005,2.2183333333333333,3.768451519536903,39.18958031837916,697,75,0.0028544814417701173,,3.9117221418234442,664
283,0.208,-343.8461538461538,1.86,3.2741194486983156,38.839203675344564,669,77,0.0027465171874444445,,3.413476263399694,254
284,0.2069,-364.5076923076923,2.015833333333333,3.3897810218978104,38.6963503649635,679,73,0.002748429203503962,,3.5284671532846716,491
285,0.2058,-378.44615384615383,2.0483333333333333,3.5398230088495577,38.8952802359882,668,72,0.0028433506289234573,,3.7315634218289087,308
286,0.2046,-357.12307692307695,2.0383333333333336,3.6823161189358373,38.97496087636933,636,74,0.00286134880848644,,3.8296875,92
287,0.2035,-364.4923076923077,2.0625,3.6137724550898205,39.381736526946106,668,77,0.002744351179453809,,3.802395209580838,770
288,0.2024,-322.44615384615383,1.8775,3.3694656488549617,38.95725190839695,649,79,0.0027234189628331028,,3.49618320610687,897
289,0.2012,-390.4923076923077,2.1483333333333334,3.69079939668175,38.93815987933635,668,75,0.002643829029218734,,3.8461538461538463,624
290,0.2001,-351.61538461538464,1.9283333333333332,3.4042879019908114,38.60949464012251,649,71,0.002720004915624269,,3.5267993874425727,540
291,0.199,-378.0,2.1966666666666668,3.8521341463414633,39.385670731707314,646,78,0.0026600596888098063,,4.001524390243903,302
292,0.1979,-328.0,1.8566666666666667,3.2123493975903616,38.480421686746986,662,76,0.002882737266903501,,3.3493975903614457,156
293,0.1968,-331.75384615384615,1.9083333333333334,3.3951367781155017,38.80395136778115,659,76,0.002811676385698664,,3.5364741641337387,376
294,0.1957,-329.4923076923076,1.9283333333333332,3.3200589970501473,38.78023598820059,685,76,0.0028754663893150565,,3.4690265486725664,566
295,0.1946,-329.59999999999997,1.955,3.516279069767442,39.263565891472865,642,74,0.0027896736902070047,,3.6511627906976742,598
296,0.1936,-385.67692307692306,2.1483333333333334,3.8725038402457757,39.566820276497694,650,70,0.0028386617472276675,,4.030721966205837,885
297,0.1925,-348.26153846153846,1.93,3.352238805970149,38.70746268656716,674,77,0.002635843759173196,,3.4955223880597015,468
298,0.1914,-377.44615384615383,2.033333333333333,3.5149700598802394,38.83682634730539,669,73,0.0026928967499139592,,3.6751497005988023,712
299,0.1904,-371.86153846153843,2.0166666666666666,3.4546805349182765,38.919762258543834,674,74,0.0026927331390319375,,3.635958395245171,799
300,0.1893,-335.4769230769231,1.9408333333333334,3.439509954058193,38.52373660030628,648,75,0.0027451382449172846,,3.552833078101072,6
301,0.1883,-342.20000000000005,2.0275,3.3662374821173104,38.67668097281831,694,82,0.002720441051380673,,3.520743919885551,133
302,0.1872,-333.03076923076924,1.9191666666666667,3.4836702954898913,39.08398133748056,653,76,0.002698728515864973,,3.6547433903576985,466
303,0.1862,-351.76923076923083,2.0708333333333333,3.6566265060240966,39.0105421686747,653,77,0.0027614508978106318,,3.8207831325301207,425
304,0.1852,-375.7230769230769,2.2533333333333334,3.689015691868759,39.44079885877318,704,80,0.0028598471207991116,,3.8088445078459343,378
305,0.1841,-373.26153846153846,2.12,3.6043795620437957,39.17956204379562,692,73,0.0028700999754774944,,3.7445255474452557,727
306,0.1831,-325.61538461538464,1.7741666666666667,3.2365930599369084,38.37223974763407,630,72,0.0030573145738933107,,3.3864353312302837,640
307,0.1821,-328.4923076923077,1.8158333333333334,3.2319277108433737,38.730421686746986,661,69,0.0028001970980065793,,3.3870481927710845,487
308,0.1811,-378.8153846153846,2.006666666666667,3.555045871559633,39.12385321100918,659,74,0.002749329327633922,,3.680428134556575,792
309,0.1801,-345.0153846153846,1.8491666666666666,3.2484375,38.5203125,652,72,0.0026783411811847737,,3.3921875,90
310,0.1791,-345.2769230769231,2.0458333333333334,3.5720789074355084,39.13050075872534,660,77,0.002660863675451331,,3.7192716236722307,521
311,0.1781,-420.1846153846154,2.2675,3.918181818181818,39.71060606060606,672,70,0.0028689769037987863,,4.056060606060606,214
312,0.1771,-363.5076923076923,2.1,3.777952755905512,39.262992125984255,645,76,0.002758554582793652,,3.9070866141732283,24
313,0.1762,-379.10769230769233,2.2683333333333335,3.9984871406959153,39.79576399394856,651,76,0.002692548416096101,,4.131618759455371,390
314,0.1752,-370.10769230769233,2.2525,3.8430232558139537,39.611918604651166,687,78,0.002731150547219951,,4.002906976744186,71
315,0.1742,-373.03076923076924,2.2075,3.726878612716763,39.59104046242775,695,79,0.0027476503665263014,,3.8742774566473988,209
316,0.1732,-363.0769230769231,1.9483333333333333,3.3881278538812785,38.77473363774734,655,75,0.002652592165916883,,3.5357686453576864,462
317,0.1723,-372.7692307692308,2.2083333333333335,3.7248908296943233,39.624454148471614,694,77,0.0027161243172899915,,3.8500727802037846,320
318,0.1713,-371.75384615384615,2.2416666666666667,3.643854748603352,39.62150837988827,717,77,0.002710248291854115,,3.8128491620111733,16
319,0.1704,-346.5076923076923,2.0425,3.536842105263158,39.12481203007519,662,73,0.002706039911009783,,3.6681681681681684,388
320,0.1694,-344.3230769230769,1.8875,3.2717717717717716,38.647147147147145,672,73,0.002679434169661704,,3.4182908545727138,346
321,0.1685,-367.2615384615384,2.0808333333333335,3.604197901049475,39.35382308845577,666,77,0.002692956307778171,,3.7230538922155687,605
322,0.1676,-356.53846153846155,2.2175,3.707492795389049,39.54034582132565,691,80,0.002904786374211098,,3.825648414985591,69
323,0.1666,-313.0153846153846,1.7233333333333334,3.087557603686636,38.23195084485407,643,74,0.0027974753706395197,,3.216589861751152,178
324,0.1657,-354.4153846153846,1.9458333333333333,3.450980392156863,38.76772247360483,658,76,0.00261316167603847,,3.565610859728507,117
325,0.1648,-350.4769230769231,2.2375,3.772661870503597,39.444604316546766,694,79,0.0026194273954841724,,3.9294964028776977,272
326,0.1639,-355.0,1.9375,3.322962962962963,38.51555555555556,681,73,0.0025952233698540174,,3.477037037037037,618
327,0.163,-354.87692307692305,1.8983333333333334,3.395348837209302,38.49767441860465,647,72,0.0027000769009217916,,3.5751937984496123,480
328,0.1621,-370.3384615384615,2.3491666666666666,3.721311475409836,39.84289617486339,723,82,0.0028270372187512694,,3.900273224043716,609
329,0.1612,-373.4307692307692,2.1233333333333335,3.4964438122332857,38.998577524893314,708,76,0.0025872765253769966,,3.675675675675676,641
330,0.1603,-339.0307692307692,1.9033333333333333,3.353211009174312,38.78440366972477,666,73,0.00256240794380035,,3.502290076335878,5
331,0.1594,-406.0153846153846,2.2725,3.8544117647058824,39.65588235294118,693,75,0.002665966060032494,,4.055882352941176,61
332,0.1585,-338.78461538461545,1.8675,3.336906584992343,38.89127105666156,652,73,0.0026978604637306063,,3.470137825421133,567
333,0.1577,-386.63076923076926,2.0075,3.4155653450807635,39.10425844346549,683,76,0.002686635590746806,,3.555066079295154,434
334,0.1568,-358.0153846153846,2.0125,3.445925925925926,39.16444444444444,679,77,0.0029401968777397524,,3.6148148148148147,677
335,0.1559,-341.4307692307692,2.0591666666666666,3.7371695178849142,39.317262830482115,639,80,0.0029215766455172555,,3.855365474339036,510
336,0.155,-320.5846153846154,1.8433333333333333,3.285060975609756,38.385670731707314,649,76,0.0029490690087146795,,3.3841463414634148,113
337,0.1542,-337.7538461538461,1.8633333333333333,3.1721556886227544,38.782934131736525,673,77,0.002906834524910073,,3.336826347305389,42
338,0.1533,-392.04615384615386,2.2775,3.806312769010043,39.61119081779053,698,74,0.0029105307737001215,,3.9440459110473456,784
339,0.1525,-341.8153846153846,2.035833333333333,3.6030534351145036,39.5206106870229,659,79,0.002822445793064005,,3.731297709923664,26
340,0.1516,-361.24615384615385,1.9883333333333333,3.350073855243722,38.536189069423926,678,71,0.002658782275493771,,3.521418020679468,335
341,0.1508,-369.23076923076917,2.1733333333333333,3.5763688760806915,38.95244956772334,699,76,0.0027798139740760875,,3.7521613832853027,625
342,0.15,-346.9076923076923,1.8808333333333334,3.5126582278481013,38.78639240506329,628,72,0.002908436287409201,,3.6582278481012658,384
343,0.1491,-367.4307692307692,2.120833333333333,3.668174962292609,39.16892911010558,661,78,0.0030473225563465733,,3.852187028657617,863
344,0.1483,-312.03076923076924,1.8266666666666667,3.2496147919876734,38.61787365177196,645,75,0.0029740879446838063,,3.3805855161787366,101
345,0.1475,-330.70769230769235,1.8675,3.358662613981763,38.39209726443769,648,73,0.002938332658876582,,3.498480243161094,329
346,0.1467,-345.7846153846154,1.915,3.328849028400598,38.49925261584455,672,69,0.002816216904908848,,3.4887892376681613,691
347,0.1459,-324.03076923076924,1.8891666666666667,3.4535603715170278,38.969040247678016,646,69,0.002873525542577982,,3.6191950464396285,146
348,0.1451,-313.55384615384617,1.9216666666666666,3.360182370820669,38.746200607902736,659,79,0.0028574674094262453,,3.512158054711246,238
349,0.1443,-351.6461538461538,2.006666666666667,3.5235204855842186,39.33990895295903,664,77,0.002640903627875169,,3.669195751138088,173
350,0.1435,-356.55384615384617,2.0091666666666668,3.452135493372607,38.79823269513991,680,77,0.002519720622420128,,3.6008836524300443,315
351,0.1427,-338.55384615384617,1.9208333333333334,3.529968454258675,38.965299684542586,647,71,0.0024690490675215314,,3.665615141955836,544
352,0.1419,-383.55384615384617,2.23,3.7027417027417027,39.089466089466086,696,75,0.0024073123900599878,,3.8282828282828283,240
353,0.1411,-353.7846153846154,1.9508333333333334,3.3683431952662723,38.396449704142015,671,75,0.0024557001774119665,,3.5088757396449703,274
354,0.1403,-317.0769230769231,1.8483333333333334,3.2363636363636363,38.78939393939394,659,75,0.002482665726818444,,3.374242424242424,333
355,0.1395,-313.4923076923077,1.7733333333333334,3.2528363047001623,38.03403565640195,614,71,0.002447176092008414,,3.408427876823339,279
356,0.1388,-362.723076923077,2.0966666666666667,3.7036474164133737,39.31003039513678,661,77,0.002463933701495963,,3.872340425531915,72
357,0.138,-293.2153846153846,1.8158333333333334,3.1379821958456975,38.30118694362018,676,79,0.0025478789157727163,,3.264094955489614,57
358,0.1372,-395.8461538461538,2.34,3.849217638691323,39.852062588904694,713,77,0.002568305369774658,,4.012802275960171,427
359,0.1365,-323.9846153846154,1.7791666666666666,3.0136570561456755,38.02124430955994,671,76,0.0025580583193980833,,3.141122913505311,749
360,0.1357,-342.04615384615386,1.9766666666666666,3.415545590433483,38.86846038863976,666,76,0.002525837054998097,,3.576980568011958,513
361,0.135,-339.8461538461538,1.9375,3.5317829457364343,39.17829457364341,648,76,0.002584760037681612,,3.675968992248062,871
362,0.1342,-329.61538461538464,1.6891666666666667,2.9603658536585367,37.833841463414636,652,72,0.0027959814001330425,,3.1097560975609757,435
363,0.1335,-336.0923076923077,1.9366666666666668,3.4675925925925926,39.035493827160494,655,78,0.0029319489909742443,,3.6141975308641974,821
364,0.1327,-318.9846153846154,1.9225,3.5793650793650795,39.18571428571428,627,79,0.0027342624226273115,,3.6941362916006337,105
365,0.132,-316.36923076923074,1.6983333333333333,3.0952380952380953,38.165079365079364,632,76,0.002675919142261566,,3.2503961965134707,11
366,0.1313,-358.3846153846154,1.9733333333333334,3.467766116941529,38.88755622188906,655,75,0.002557110416766248,,3.6251874062968517,874
367,0.1306,-314.61538461538464,1.9333333333333333,3.40990990990991,38.9009009009009,666,81,0.002622412921214646,,3.5165165165165164,182
368,0.1298,-372.24615384615385,1.99,3.531297709923664,39.070229007633586,652,73,0.002646857696831154,,3.7083969465648856,650
369,0.1291,-331.9076923076923,2.0508333333333333,3.577639751552795,39.03260869565217,641,77,0.0027122070019603268,,3.717391304347826,858
370,0.1284,-336.29230769230765,1.8941666666666668,3.4904458598726116,39.1687898089172,627,79,0.0026551529188102115,,3.6305732484076434,781
371,0.1277,-341.6,1.8208333333333333,3.2132132132132134,38.629129129129126,668,72,0.002619573863788123,,3.377245508982036,768
372,0.127,-362.96923076923076,2.105,3.6786786786786787,39.35735735735736,661,73,0.002574493051419611,,3.825825825825826,211
373,0.1263,-362.03076923076924,1.955,3.37444279346211,39.028231797919766,680,76,0.0025751891620071545,,3.5037147102526003,802
374,0.1256,-371.24615384615385,2.1816666666666666,3.705539358600583,39.052478134110785,684,76,0.0025344200343087966,,3.807580174927114,332
375,0.1249,-341.5692307692308,1.8958333333333333,3.364760432766615,38.486862442040184,646,73,0.002502393798595339,,3.516228748068006,43
376,0.1242,-363.2307692307692,2.12,3.5136690647482016,39.30359712230216,695,76,0.0026033465396377046,,3.6364942528735633,500
377,0.1235,-371.2923076923077,2.0975,3.331444759206799,38.743626062322946,709,69,0.0025903638029903643,,3.5311614730878187,493
378,0.1228,-314.61538461538464,1.88,3.4578696343402227,38.79968203497615,637,76,0.0025222652882415783,,3.602543720190779,154
379,0.1221,-325.20000000000005,1.8991666666666667,3.409582689335394,38.52704791344668,647,80,0.0024257448278063704,,3.530139103554869,215
380,0.1215,-341.30769230769226,1.9725,3.481203007518797,39.01954887218045,664,76,0.0024396297555692556,,3.607518796992481,317
381,0.1208,-329.4769230769231,1.9016666666666666,3.2611275964391693,38.468842729970326,674,76,0.0024050712173934075,,3.4183976261127595,397
382,0.1201,-318.9076923076923,1.8783333333333334,3.126099706744868,38.56598240469208,695,78,0.0025907076253209125,,3.2639296187683287,394
383,0.1195,-419.9846153846154,2.2908333333333335,3.7405857740585775,39.73919107391911,718,77,0.002702522478127208,,3.905160390516039,45
384,0.1188,-356.6,2.0941666666666667,3.6011904761904763,38.75892857142857,678,75,0.002506479679586314,,3.74888558692422,334
385,0.1181,-345.7692307692308,2.08,3.524087591240876,38.93868613138686,680,76,0.0025594407538883034,,3.6773722627737224,724
386,0.1175,-354.76923076923083,1.9658333333333333,3.451274362818591,38.929535232383806,667,75,0.0025055878182504957,,3.605697151424288,890
387,0.1168,-329.26153846153846,1.9516666666666667,3.435703479576399,38.99697428139183,660,75,0.002605429275328819,,3.562783661119516,509
388,0.1162,-311.32307692307694,1.655,2.911042944785276,37.91104294478528,654,74,0.0027220737940807536,,3.0751533742331287,430
389,0.1156,-378.2923076923077,2.2733333333333334,3.8011444921316166,39.73962804005723,695,77,0.0027625994910264774,,3.948497854077253,0
390,0.1149,-336.7538461538461,1.8875,3.3685015290519877,38.58562691131498,658,71,0.0027332543963528157,,3.5305810397553516,553
391,0.1143,-338.61538461538464,1.915,3.3419062027231465,39.08320726172466,666,77,0.0026445675015314527,,3.4508320726172466,53
392,0.1136,-338.5076923076923,2.0075,3.5541984732824425,39.001526717557255,660,74,0.0025352751179254437,,3.6931297709923663,440
393,0.113,-388.80000000000007,2.0875,3.462857142857143,38.96857142857143,705,72,0.002586084409674894,,3.625714285714286,345
394,0.1124,-343.66153846153844,1.8608333333333333,3.148588410104012,38.295690936106986,689,73,0.002692539802051618,,3.3179791976225856,175
395,0.1118,-339.96923076923076,1.945,3.3985185185185185,38.87851851851852,678,74,0.0026206045232721894,,3.528888888888889,307
396,0.1112,-338.16923076923075,2.0458333333333334,3.6482334869431643,38.87250384024578,652,76,0.002576215245666191,,3.780337941628264,467
397,0.1105,-345.0769230769231,1.9533333333333334,3.4268476621417796,38.502262443438916,662,70,0.0026467545610618544,,3.5671191553544497,556
398,0.1099,-367.4769230769231,1.9925,3.505311077389985,38.82701062215478,658,75,0.0026290582630713074,,3.6327769347496206,817
399,0.1093,-307.3538461538462,1.7191666666666667,3.0727554179566563,38.626934984520126,653,73,0.0026353531761107605,,3.2260061919504643,194
400,0.1087,-353.4769230769231,2.0216666666666665,3.4970238095238093,38.625,670,76,0.0027240550736885127,,3.6577380952380953,722
401,0.1081,-326.09230769230766,1.9575,3.366568914956012,38.80351906158358,686,78,0.0027533778575469397,,3.5117302052785924,765
402,0.1075,-309.44615384615383,1.8683333333333334,3.2846153846153845,38.673846153846156,654,79,0.0027021012983057947,,3.413846153846154,579
403,0.1069,-346.53846153846155,1.9141666666666666,3.493044822256569,38.799072642967545,640,77,0.0026162752194483284,,3.650695517774343,646
404,0.1063,-332.7692307692307,1.8491666666666666,3.2824074074074074,38.20679012345679,644,75,0.0025102706410380445,,3.419753086419753,371
405,0.1057,-301.69230769230774,1.8808333333333334,3.315315315315315,38.825825825825824,667,76,0.0025459896060275418,,3.4594594594594597,102
406,0.1052,-300.2461538461538,1.6558333333333333,3.0953895071542132,37.732909379968206,615,75,0.0027552211553914445,,3.262321144674086,212
407,0.1046,-352.70769230769235,1.8933333333333333,3.3117469879518073,38.34186746987952,658,70,0.0024989909154866105,,3.463855421686747,195
408,0.104,-361.2923076923077,2.191666666666667,3.718248175182482,39.18540145985401,685,77,0.0024871964793641266,,3.858394160583942,711
409,0.1034,-351.3538461538461,1.9466666666666668,3.4768518518518516,38.9320987654321,648,75,0.002585616717343374,,3.621913580246914,815
410,0.1028,-323.7538461538461,1.93,3.3918305597579423,38.92435703479576,658,78,0.002762924705945642,,3.523449319213313,127
411,0.1023,-323.41538461538465,1.8916666666666666,3.41640866873065,38.795665634674926,648,77,0.0027763478165694798,,3.5773993808049536,864
412,0.1017,-402.6769230769231,2.295,3.8040638606676342,39.89695210449928,705,75,0.0026983638591160652,,3.949201741654572,685
413,0.1011,-328.5846153846154,1.9516666666666667,3.3707025411061284,38.62780269058296,665,77,0.002758946457937174,,3.5127055306427506,483
414,0.1006,-294.6461538461539,1.6791666666666667,3.206270627062706,38.42904290429043,603,73,0.0026219320004453824,,3.3184818481848186,563
415,0.1,-349.3846153846154,1.9408333333333334,3.295420974889217,38.64254062038405,690,73,0.002555514962805294,,3.4534711964549483,419
416,0.0995,-369.9230769230769,2.1575,3.58200290275762,39.2133526850508,692,76,0.0025041941348708436,,3.7431059506531206,626
417,0.0989,-339.95384615384614,2.026666666666667,3.4415204678362574,38.46345029239766,673,72,0.0025684322298101265,,3.6125730994152048,239
418,0.0984,-299.10769230769233,1.8491666666666666,3.257918552036199,38.88989441930618,666,80,0.0025684087650772883,,3.401206636500754,170
419,0.0978,-327.96923076923076,1.8966666666666667,3.35202492211838,38.26168224299065,639,77,0.002451332405127214,,3.501557632398754,804
420,0.0973,-310.0,1.82,3.218266253869969,38.526315789473685,645,78,0.00250253945804012,,3.346749226006192,539
421,0.0968,-315.96923076923076,1.8608333333333333,3.330757341576507,38.8129829984544,648,76,0.002561397598141941,,3.435857805255023,591
422,0.0962,-334.0153846153846,1.8441666666666667,3.2008995502248876,38.29085457271364,670,72,0.0026209944058456455,,3.3583208395802098,116
423,0.0957,-329.83076923076925,1.9775,3.437313432835821,38.73731343283582,676,76,0.002600890314656604,,3.5776119402985076,355
424,0.0952,-306.4923076923077,1.855,3.377329192546584,38.95031055900621,645,76,0.002355357350511218,,3.5232919254658386,517
425,0.0946,-354.10769230769233,1.9958333333333333,3.3851851851851853,38.75703703703704,686,72,0.0024058580366253784,,3.557037037037037,82
426,0.0941,-361.61538461538464,2.105,3.5121255349500715,39.01426533523538,693,79,0.0023831107416074798,,3.6562054208273893,492
427,0.0936,-351.4307692307692,2.015,3.517910447761194,39.05074626865672,674,70,0.002561927148120798,,3.6791044776119404,535
428,0.0931,-336.4307692307692,1.8808333333333334,3.242152466367713,38.60986547085202,668,72,0.0026334401524472605,,3.415545590433483,667
429,0.0926,-369.46153846153845,2.2316666666666665,3.7379912663755457,39.33042212518195,686,79,0.002602787751256912,,3.883720930232558,839
430,0.092,-350.4307692307692,2.0966666666666667,3.429184549356223,38.896995708154506,702,75,0.0026490479695312806,,3.592274678111588,352
431,0.0915,-369.10769230769233,2.0966666666666667,3.6065573770491803,39.22652757078986,669,75,0.0027679023497270768,,3.7540983606557377,18
432,0.091,-330.9384615384615,1.9775,3.3970588235294117,38.825,673,77,0.0026159602964558708,,3.5352941176470587,41
433,0.0905,-318.9230769230769,1.745,3.0949464012251147,38.330781010719754,648,74,0.0026458717460074808,,3.229709035222052,196
434,0.09,-357.81538461538463,2.0283333333333333,3.5208333333333335,39.08779761904762,669,75,0.0027049568731756296,,3.6666666666666665,304
435,0.0895,-335.16923076923075,1.9733333333333334,3.2753623188405796,38.96666666666667,684,79,0.002692908203627823,,3.3884057971014494,94
436,0.089,-327.4769230769231,1.9075,3.2844175491679275,38.612708018154315,665,72,0.0028943420055486213,,3.4311649016641455,528
437,0.0885,-316.5538461538461,1.8058333333333334,3.2854889589905363,38.42586750788644,621,74,0.002564823382582343,,3.4384858044164037,699
438,0.088,-343.4,1.9,3.339339339339339,38.51951951951952,662,74,0.002558852845276292,,3.4804804804804803,226
439,0.0876,-323.46153846153845,1.8691666666666666,3.2361733931240657,38.77727952167414,674,74,0.002565659256105672,,3.38863976083707,35
440,0.0871,-377.07692307692304,2.111666666666667,3.5492753623188404,39.0,681,73,0.0026184640953714066,,3.6888567293777133,549
441,0.0866,-347.3538461538462,2.0841666666666665,3.498567335243553,39.19627507163324,702,79,0.0025797215013776925,,3.651862464183381,501
442,0.0861,-359.4923076923077,2.0141666666666667,3.6003086419753085,38.93518518518518,645,76,0.002599398374432037,,3.714946070878274,374
443,0.0856,-313.0615384615385,1.7783333333333333,3.0663650075414783,38.06485671191554,666,77,0.0026925332075154644,,3.2006033182503772,550
444,0.0852,-353.61538461538464,2.035833333333333,3.332859174964438,38.54338549075391,697,74,0.002522809375725793,,3.5106685633001424,158
445,0.0847,-348.6307692307692,1.8808333333333334,3.366412213740458,38.842748091603056,659,69,0.0026223916282549008,,3.520610687022901,886
446,0.0842,-322.2153846153846,1.9375,3.3707533234859675,38.64844903988183,677,75,0.002521740290615477,,3.487444608567208,421
447,0.0838,-327.5076923076923,1.9458333333333333,3.4129129129129128,38.672672672672675,665,75,0.0024559386661831954,,3.551051051051051,541
448,0.0833,-320.61538461538464,1.8833333333333333,3.2723214285714284,38.54613095238095,672,75,0.0025207974067061505,,3.4300595238095237,876
449,0.0828,-361.4307692307692,1.8908333333333334,3.3734756097560976,38.59451219512195,658,77,0.0025729395340038505,,3.518292682926829,773
450,0.0824,-369.4923076923077,2.0625,3.5491923641703376,38.8575624082232,683,68,0.002628427292297144,,3.7033773861967694,118
451,0.0819,-340.41538461538465,1.9733333333333334,3.388059701492537,38.517910447761196,669,76,0.0025146431828877284,,3.52089552238806,241
452,0.0815,-337.10769230769233,1.88,3.393700787401575,38.76377952755905,640,73,0.002706896610020173,,3.5370078740157482,620
453,0.081,-382.03076923076924,2.140833333333333,3.5070224719101124,38.91151685393258,709,74,0.0025685696212013292,,3.662921348314607,836
454,0.0806,-315.16923076923075,1.9325,3.1888111888111887,38.485314685314684,704,75,0.0024717541888234214,,3.3426573426573425,300
455,0.0801,-313.69230769230774,1.8583333333333334,3.361934477379095,38.702028081123245,634,74,0.0025284397325548943,,3.4922118380062304,504
456,0.0797,-361.4153846153846,2.0083333333333333,3.538109756097561,38.9405487804878,660,75,0.0025197925169136944,,3.663109756097561,697
457,0.0792,-350.3538461538461,2.098333333333333,3.546376811594203,39.06376811594203,682,78,0.002651858860619728,,3.6623188405797102,56
458,0.0788,-344.70769230769235,1.9925,3.3790560471976403,38.92920353982301,692,79,0.002571152049824164,,3.517699115044248,342
459,0.0784,-342.0769230769231,1.8783333333333334,3.298136645962733,38.608695652173914,645,73,0.0025006839860068912,,3.437888198757764,829
460,0.0779,-325.95384615384614,1.8183333333333334,3.1434977578475336,38.46337817638266,670,79,0.0025365512115862387,,3.2855007473841553,210
461,0.0775,-343.03076923076924,1.9041666666666666,3.467289719626168,38.5,650,73,0.002635015494883082,,3.6121495327102804,106
462,0.0771,-340.7230769230769,2.0475,3.5256024096385543,38.93072289156626,661,76,0.0026674914568233406,,3.658132530120482,732
463,0.0766,-353.26153846153846,2.0541666666666667,3.5449101796407185,39.06736526946108,666,80,0.002608618444416058,,3.6736526946107784,634
464,0.0762,-370.66153846153844,2.0108333333333333,3.3357041251778092,38.88335704125178,695,72,0.00253091017615146,,3.4992887624466573,824
465,0.0758,-333.9384615384615,1.9375,3.2882096069868996,39.0160116448326,684,77,0.0025130142131585096,,3.435225618631732,766
466,0.0754,-329.1538461538462,1.885,3.4611727416798734,38.83201267828843,627,77,0.002394912542046665,,3.6339144215530905,288
467,0.075,-356.23076923076917,2.098333333333333,3.5295815295815296,39.316017316017316,698,77,0.0024659101800215927,,3.7103746397694524,301
468,0.0745,-348.12307692307695,2.015833333333333,3.4270986745213547,38.66863033873343,675,73,0.0023837274295906512,,3.581737849779087,499
469,0.0741,-326.81538461538463,1.8125,3.240740740740741,38.49382716049383,648,74,0.002348378421946339,,3.376543209876543,597
470,0.0737,-351.1692307692308,2.049166666666667,3.5281899109792283,39.02225519287834,669,75,0.002371288651604436,,3.692878338278932,229
471,0.0733,-356.276923076923,2.1216666666666666,3.390646492434663,39.037138927097665,718,78,0.002494235904511052,,3.537087912087912,244
472,0.0729,-333.9384615384615,1.82,3.25,38.34782608695652,637,75,0.00253730282673137,,3.374223602484472,63
473,0.0725,-309.0615384615385,1.9983333333333333,3.366568914956012,38.617302052785924,677,77,0.002543315896429579,,3.527859237536657,475
474,0.0721,-316.44615384615383,1.8725,3.248868778280543,38.48265460030166,660,78,0.002478743640615974,,3.3981900452488687,658
475,0.0717,-316.78461538461534,1.845,3.2442748091603053,38.31908396946565,656,76,0.002518638013709019,,3.3740458015267176,79
476,0.0713,-330.2615384615384,1.9458333333333333,3.4581430745814306,38.61339421613394,658,72,0.0023713302125804654,,3.606382978723404,200
477,0.0709,-288.2307692307692,1.6158333333333332,2.8864696734059097,37.687402799377914,650,76,0.0025827011587640273,,3.001555209953344,343
478,0.0705,-324.7692307692308,1.735,3.0210843373493974,38.53463855421687,670,77,0.002559425834538596,,3.1671686746987953,373
479,0.0701,-340.0615384615384,1.8408333333333333,3.0869565217391304,38.51304347826087,685,77,0.002555395482033978,,3.2376811594202897,344
480,0.0697,-329.9230769230769,1.9266666666666667,3.3805855161787366,38.87211093990755,650,73,0.0024681411751295086,,3.526964560862866,714
481,0.0694,-341.20000000000005,1.9533333333333334,3.337295690936107,38.90936106983655,682,76,0.002368271054762371,,3.4985163204747773,13
482,0.069,-344.0153846153846,2.0383333333333336,3.495664739884393,39.0650289017341,690,79,0.0025129104915780067,,3.6604046242774566,405
483,0.0686,-350.78461538461534,1.8575,3.268996960486322,38.77051671732523,646,67,0.0024605549098469497,,3.4133738601823707,474
484,0.0682,-322.7692307692307,1.7958333333333334,3.2048192771084336,38.84939759036145,668,74,0.0022827829771336354,,3.371987951807229,820
485,0.0678,-306.0153846153846,1.805,3.2627511591962906,38.52550231839258,643,75,0.0023102426515088166,,3.417310664605873,812
486,0.0675,-303.2153846153846,1.8791666666666667,3.1112696148359484,38.613409415121254,702,75,0.002426235570471874,,3.2368045649072754,91
487,0.0671,-338.2307692307692,2.0591666666666666,3.3314917127071824,38.89364640883978,731,79,0.0023688540247306543,,3.484806629834254,862
488,0.0667,-305.2461538461538,1.8033333333333332,3.0335766423357664,38.51386861313868,682,75,0.002320257854269234,,3.1664233576642338,222
489,0.0664,-368.67692307692306,2.1733333333333333,3.7454545454545456,39.128787878787875,660,74,0.002211577122412197,,3.868181818181818,507
490,0.066,-302.04615384615386,1.72,3.1328125,38.35625,648,76,0.0022481360574174007,,3.2546875,857
491,0.0656,-357.0769230769231,1.9358333333333333,3.665032679738562,38.740196078431374,610,68,0.002334246282173214,,3.7908496732026142,203
492,0.0653,-305.4769230769231,1.86,3.239031770045386,38.5446293494705,665,76,0.0023403173885452114,,3.3827534039334344,280
493,0.0649,-346.61538461538464,2.180833333333333,3.4600550964187327,39.578512396694215,722,79,0.0024545178490883455,,3.5991735537190084,715
494,0.0645,-332.44615384615383,1.9225,3.3323353293413174,38.66916167664671,675,75,0.002466762299940275,,3.4865269461077846,451
495,0.0642,-355.5692307692308,1.955,3.4072398190045248,39.009049773755656,670,76,0.0025838078392321825,,3.516566265060241,144
496,0.0638,-364.9846153846154,2.0308333333333333,3.500736377025037,38.69955817378498,677,71,0.0025723502974735763,,3.633284241531664,760
497,0.0635,-345.8153846153847,1.9641666666666666,3.330893118594436,38.69106881405564,675,73,0.002534900461374934,,3.4670571010248903,788
498,0.0631,-330.9846153846154,1.9083333333333334,3.3129657228017884,38.63338301043219,664,74,0.0026299515260637925,,3.4634873323397914,148
499,0.0628,-320.9230769230769,1.8816666666666666,3.2683658170914542,38.71064467766117,663,79,0.0025948268783571957,,3.386806596701649,135
500,0.0624,-294.07692307692304,1.815,3.379032258064516,38.45967741935484,620,73,0.0024531661330738476,,3.526570048309179,52
501,0.0621,-336.2153846153846,1.9883333333333333,3.427934621099554,38.77860326894502,673,77,0.002435174911153291,,3.585438335809807,455
502,0.0617,-331.53846153846155,1.8433333333333333,3.134020618556701,38.649484536082475,688,75,0.002529646859317141,,3.29160530191458,383
503,0.0614,-332.0769230769231,1.94,3.3128654970760234,38.57748538011696,678,77,0.0024370360776857255,,3.435672514619883,610
504,0.0611,-271.32307692307694,1.6433333333333333,2.818577648766328,38.00725689404935,682,79,0.002391358556405777,,2.9550072568940493,114
505,0.0607,-325.6,1.8408333333333333,3.3125,38.8953125,633,79,0.002563400970146021,,3.45625,14
506,0.0604,-347.6461538461538,1.9975,3.4191176470588234,39.14558823529412,682,78,0.002529546280710858,,3.5573529411764704,671
507,0.06,-381.4923076923077,2.2716666666666665,3.7433751743375177,39.793584379358435,716,79,0.0025624822640033075,,3.8758716875871686,546
508,0.0597,-309.81538461538463,1.7875,3.207221350078493,38.529042386185246,640,78,0.002597053544216114,,3.3594976452119307,40
509,0.0594,-359.5076923076923,2.045,3.388888888888889,39.13817663817664,708,80,0.0025454313056053677,,3.5042735042735043,258
510,0.0591,-337.69230769230774,1.9025,3.355725190839695,38.616793893129774,653,69,0.0025416948525285475,,3.4900763358778626,759
511,0.0587,-332.6923076923076,1.9641666666666666,3.3828828828828827,38.765765765765764,669,75,0.002459022797538227,,3.5645645645645647,545
512,0.0584,-324.10769230769233,1.895,3.2217391304347824,38.51449275362319,679,80,0.002429409835583917,,3.373913043478261,420
513,0.0581,-336.10769230769233,1.9308333333333334,3.3683431952662723,39.46597633136095,675,77,0.002500744108713327,,3.507396449704142,520
514,0.0578,-306.2153846153846,1.7508333333333332,3.1666666666666665,38.579510703363916,657,79,0.0023194914236429544,,3.2844036697247705,635
515,0.0574,-295.4153846153846,1.7,3.1640127388535033,37.9171974522293,618,75,0.0023641982658682203,,3.2977707006369426,109
516,0.0571,-320.7692307692307,1.8191666666666666,3.1002906976744184,38.252906976744185,677,76,0.0024738417997346713,,3.2311046511627906,713
517,0.0568,-328.6153846153846,1.8058333333333334,3.163109756097561,38.416158536585364,663,72,0.0024758266794036115,,3.3094512195121952,286
518,0.0565,-337.2923076923077,1.8516666666666666,3.348297213622291,38.60371517027864,651,75,0.002550408295813837,,3.484520123839009,362
519,0.0562,-334.9846153846154,1.8433333333333333,3.3286604361370715,38.67601246105919,638,78,0.0024776340822689506,,3.456386292834891,741
520,0.0559,-306.5846153846154,1.7625,3.1483771251931993,37.87017001545595,649,75,0.0025191792026413866,,3.2797527047913446,524
521,0.0556,-330.16923076923075,1.8825,3.3097744360902257,38.285714285714285,668,74,0.002660381377016873,,3.4225563909774435,705
522,0.0553,-315.04615384615386,1.835,3.2663622526636225,38.45509893455099,661,72,0.0026546934002335985,,3.43531202435312,28
523,0.0549,-359.3384615384615,2.0741666666666667,3.491279069767442,38.88953488372093,696,75,0.00259962101227319,,3.6482558139534884,159
524,0.0546,-320.476923076923,1.8708333333333333,3.206231454005935,38.52818991097923,670,77,0.0027426294233664286,,3.3813056379821957,855
525,0.0543,-333.8769230769231,1.8641666666666667,3.3272450532724505,38.70015220700152,656,75,0.002662036625266421,,3.467275494672755,130
526,0.054,-354.38461538461536,2.013333333333333,3.3607503607503606,38.82106782106782,693,74,0.002528738835428922,,3.5238095238095237,613
527,0.0537,-314.33846153846156,1.8266666666666667,3.290372670807453,38.48913043478261,649,76,0.002598637472032192,,3.420807453416149,176
528,0.0534,-305.15384615384613,1.7558333333333334,3.1184615384615384,37.972307692307695,637,74,0.002530553982066886,,3.263076923076923,311
529,0.0531,-323.3538461538461,1.875,3.45933014354067,38.577352472089316,625,79,0.0025281512910024623,,3.61244019138756,568
530,0.0529,-335.7692307692307,1.9541666666666666,3.3518248175182483,38.96058394160584,688,77,0.0024261272105484508,,3.500729927007299,372
531,0.0526,-355.2,2.1,3.6397608370702543,39.26905829596413,668,78,0.002435630098292385,,3.790732436472347,470
532,0.0523,-322.29230769230765,2.029166666666667,3.4063400576368874,38.92219020172911,689,81,0.0024006901833708997,,3.5697841726618704,185
533,0.052,-344.4769230769231,2.14,3.526241134751773,39.34893617021277,710,79,0.0022878760915902388,,3.6836879432624112,534
534,0.0517,-325.5230769230769,1.8541666666666667,3.1706231454005933,38.45103857566765,675,76,0.0023271838000311026,,3.311572700296736,621
535,0.0514,-336.21538461538466,1.9316666666666666,3.516535433070866,38.89763779527559,632,79,0.002489840436511525,,3.651968503937008,264
536,0.0511,-327.5846153846154,1.8283333333333334,3.2921174652241114,38.70942812982999,646,74,0.0025162593758490193,,3.44822256568779,485
537,0.0508,-323.7538461538462,1.8975,3.287202380952381,38.36904761904762,666,78,0.002407694725476572,,3.4226190476190474,356
538,0.0506,-346.79999999999995,2.0633333333333335,3.481375358166189,38.693409742120345,700,77,0.0023408882140750664,,3.64756446991404,7
539,0.0503,-307.38461538461536,1.7766666666666666,3.1490015360983103,38.54838709677419,654,78,0.0024393929563574206,,3.2749615975422426,651
540,0.05,-325.04615384615386,1.9458333333333333,3.369532428355958,38.95022624434389,670,77,0.00254129982748536,,3.506787330316742,554
541,0.05,-347.4923076923077,2.049166666666667,3.4745269286754,39.291120815138285,686,76,0.0026069292843257266,,3.668122270742358,66
542,0.05,-338.2307692307692,1.8966666666666667,3.4236760124610592,38.9190031152648,644,77,0.0024356836865943184,,3.5389408099688473,370
543,0.05,-312.81538461538463,1.9725,3.3549337260677468,38.70103092783505,672,76,0.002442173568409881,,3.5095729013254786,564
544,0.05,-358.4923076923077,2.0375,3.517699115044248,39.11356932153392,668,75,0.0024565392820867786,,3.662241887905605,583
545,0.05,-326.46153846153845,1.9608333333333334,3.406855439642325,38.91803278688525,672,79,0.002470539342787146,,3.53204172876304,220
546,0.05,-337.12307692307684,1.8216666666666668,3.1486486486486487,38.166666666666664,664,72,0.0026437303851142044,,3.285285285285285,393
547,0.05,-308.4923076923077,1.975,3.4557721139430284,38.67916041979011,662,78,0.0026338169415030532,,3.6116941529235382,649
548,0.05,-355.01538461538456,1.8791666666666667,3.214080459770115,38.66235632183908,692,75,0.002583553969533252,,3.3261494252873565,660
549,0.05,-351.4307692307693,2.0016666666666665,3.4296296296296296,38.571851851851854,669,75,0.002575824808125903,,3.602962962962963,482
550,0.05,-276.7846153846154,1.6291666666666667,2.783625730994152,37.90204678362573,681,74,0.0026422613266181964,,2.9327485380116958,512
551,0.05,-338.3538461538462,1.845,3.3236196319018405,38.11963190184049,646,69,0.002706112758450909,,3.4977029096477796,548
552,0.05,-330.6461538461538,1.7908333333333333,3.2170542635658914,38.16124031007752,645,75,0.0027000482737796114,,3.3142414860681115,562
553,0.05,-365.9384615384616,2.1125,3.5589970501474926,38.87758112094395,673,74,0.0026466739301229487,,3.7212389380530975,138
554,0.05,-308.44615384615383,1.8025,3.144360902255639,38.31278195488722,669,78,0.002559885710707533,,3.2481203007518795,39
555,0.05,-313.0615384615385,1.8241666666666667,3.3892405063291138,38.56012658227848,629,77,0.0024905762113827403,,3.5395569620253164,124
556,0.05,-305.9384615384615,1.7416666666666667,3.1875968992248063,38.52868217054264,648,77,0.0024493833437092788,,3.3348837209302324,88
557,0.05,-347.276923076923,1.9491666666666667,3.294289897510981,38.70424597364568,691,73,0.0023647502017763054,,3.4187408491947293,326
558,0.05,-355.9846153846154,2.0225,3.4208998548621192,39.055152394775035,698,71,0.002453929313065544,,3.576197387518142,536
559,0.05,-311.3384615384615,1.7516666666666667,3.143525741029641,37.97503900156006,635,73,0.002439043935388815,,3.2605304212168487,457
560,0.05,-329.6769230769231,1.9766666666666666,3.3386627906976742,38.74563953488372,684,77,0.002371556992363421,,3.501453488372093,648
561,0.05,-342.86153846153843,2.1141666666666667,3.494285714285714,39.27571428571429,705,77,0.002371051326008766,,3.664285714285714,177
562,0.05,-326.8615384615385,1.9216666666666666,3.26431718061674,38.440528634361236,667,77,0.0022711799138568577,,3.4405286343612334,655
563,0.05,-305.6769230769231,1.7225,3.123456790123457,38.47222222222222,648,76,0.0024251730044022365,,3.2896764252696458,432
564,0.05,-346.6461538461538,2.025,3.4489795918367347,39.16472303206997,676,78,0.002272087471512074,,3.6128093158660843,369
565,0.05,-317.18461538461537,1.9875,3.4323922734026744,38.96731054977712,668,77,0.0023807647245096602,,3.5780089153046064,251
566,0.05,-336.2769230769231,1.8991666666666667,3.4064914992272026,38.72642967542504,641,75,0.002369070186529688,,3.562596599690881,183
567,0.05,-321.4307692307692,1.8475,3.1739130434782608,38.44977511244378,673,74,0.002496519989693219,,3.3238380809595203,843
568,0.05,-297.53846153846155,1.6183333333333334,2.7432432432432434,37.411411411411414,660,72,0.002537223038924988,,2.888888888888889,174
569,0.05,-317.6615384615385,1.8783333333333334,3.3199381761978364,38.4435857805255,652,78,0.0026335666193747394,,3.4513137557959817,68
570,0.05,-337.4769230769231,1.9433333333333334,3.435508345978756,38.76024279210926,663,73,0.0026723227416342444,,3.584848484848485,243
571,0.05,-296.95384615384614,1.74,3.1502347417840375,38.599374021909235,635,75,0.0026282220970776995,,3.272300469483568,255
572,0.05,-314.32307692307694,1.7683333333333333,3.125188536953243,38.26093514328809,665,71,0.002695119404929243,,3.2484939759036147,593
573,0.05,-308.5230769230769,1.8133333333333332,3.1209439528023597,38.82448377581121,673,78,0.0027610369939715497,,3.299410029498525,656
574,0.05,-304.1076923076923,1.855,3.3046153846153845,38.721538461538465,648,77,0.0026227202196785915,,3.4923076923076923,463
575,0.05,-330.9846153846154,1.9758333333333333,3.2696148359486448,38.84736091298146,698,80,0.002802624785240221,,3.4450784593437946,363
576,0.05,-344.6923076923077,2.0791666666666666,3.5937961595273262,39.20531757754801,684,71,0.0026782521139411433,,3.740029542097489,898
577,0.05,-334.18461538461537,2.0341666666666667,3.4823529411764707,39.32205882352941,685,79,0.002538815986208814,,3.610294117647059,187
578,0.05,-324.44615384615383,1.9816666666666667,3.4285714285714284,38.785714285714285,666,74,0.002485136337932154,,3.581845238095238,108
579,0.05,-315.79999999999995,1.8158333333333334,3.2764976958525347,38.65745007680491,650,77,0.0025079238787678896,,3.4608294930875574,142
580,0.05,-295.44615384615383,1.7675,3.115740740740741,38.20679012345679,641,74,0.0024171352942385393,,3.2669753086419755,785
581,0.05,-333.0307692307692,1.7133333333333334,3.079563182527301,38.176287051482056,646,72,0.002481745001944949,,3.202808112324493,448
582,0.05,-340.61538461538464,2.033333333333333,3.4839650145772594,38.99271137026239,686,77,0.002501364931712918,,3.641399416909621,735
583,0.05,-337.1692307692308,2.0058333333333334,3.364688856729378,38.89290882778582,697,78,0.002467226875669704,,3.507959479015919,411
584,0.05,-343.7692307692308,2.0183333333333335,3.5089285714285716,39.13095238095238,672,80,0.0023228763201067378,,3.668154761904762,798
585,0.05,-303.27692307692314,1.8108333333333333,3.3109375,38.18125,627,75,0.002481057733996517,,3.4734375,786
586,0.05,-304.3538461538462,1.7125,3.1051805337519625,38.513343799058084,646,75,0.0024517751793207247,,3.231974921630094,19
587,0.05,-341.8461538461538,1.9933333333333334,3.448948948948949,39.108108108108105,660,75,0.0024139462771694577,,3.6276276276276276,29
588,0.05,-344.6923076923077,1.965,3.423780487804878,38.798780487804876,662,77,0.0024388408446507567,,3.5685975609756095,190
589,0.05,-333.5230769230769,2.0525,3.5686274509803924,39.48717948717949,667,80,0.002471926592084802,,3.7104072398190047,771
590,0.05,-332.8461538461538,1.8308333333333333,3.362916006339144,38.335974643423135,631,66,0.0025624979505032034,,3.489698890649762,494
591,0.05,-288.4307692307692,1.665,3.079491255961844,38.20508744038156,632,75,0.0025795356662145696,,3.206677265500795,497
592,0.05,-341.4923076923077,1.8508333333333333,3.314728682170543,38.3984496124031,649,75,0.0025632958783869757,,3.454263565891473,171
593,0.05,-290.1230769230769,1.6141666666666667,3.11892797319933,38.246231155778894,599,77,0.002547312321323362,,3.2160804020100504,619
594,0.05,-315.9384615384615,1.795,3.1299093655589125,38.35045317220544,660,75,0.002565260723309932,,3.2462235649546827,805
595,0.05,-324.46153846153845,1.8291666666666666,3.159824046920821,38.31524926686217,676,75,0.0024151682918314666,,3.3299120234604107,381
596,0.05,-345.83076923076925,2.0441666666666665,3.5491679273827534,39.183055975794254,663,78,0.002474610979865424,,3.6717095310136156,163
597,0.05,-293.6461538461539,1.8083333333333333,3.1944444444444446,38.660493827160494,661,79,0.0025500809411026504,,3.3410493827160495,736
598,0.05,-300.12307692307695,1.8583333333333334,3.165446559297218,38.35871156661786,686,80,0.002603147378129715,,3.282576866764275,746
599,0.05,-293.30769230769226,1.6875,2.9484848484848483,38.00151515151515,656,73,0.0026158028064572395,,3.0953101361573374,484
600,0.05,-320.4307692307692,1.9358333333333333,3.3065693430656933,38.589781021897814,682,78,0.0026031054841582565,,3.47007299270073,608
601,0.05,-353.09230769230766,2.138333333333333,3.7696969696969695,39.60151515151515,655,76,0.00265504287399563,,3.9166666666666665,718
602,0.05,-313.6153846153846,1.7175,2.9656203288490284,38.32286995515695,675,72,0.002709377589482986,,3.1552238805970148,638
603,0.05,-334.0923076923077,2.135,3.5028011204481793,38.64565826330532,706,81,0.002610497437697477,,3.6988795518207285,281
604,0.05,-292.9230769230769,1.7475,3.1736434108527134,38.565891472868216,644,75,0.0026112651893350526,,3.3209302325581396,184
605,0.05,-335.2461538461538,1.9666666666666666,3.373546511627907,38.64825581395349,684,75,0.002555009540473446,,3.5130813953488373,666
606,0.05,-313.66153846153844,1.7533333333333334,3.2022116903633493,38.29383886255924,627,71,0.0024741742874715986,,3.344391785150079,460
607,0.05,-349.1692307692308,1.9941666666666666,3.485627836611195,38.90620272314675,665,76,0.002378809654435549,,3.615733736762481,103
608,0.05,-358.9846153846154,1.9333333333333333,3.376681614349776,38.64275037369208,663,77,0.0024849027550523416,,3.521674140508221,893
609,0.05,-292.7384615384616,1.73,3.0868217054263565,38.646511627906975,648,75,0.0025437504747951364,,3.2325581395348837,793
610,0.05,-368.4153846153846,2.058333333333333,3.311018131101813,38.6792189679219,717,75,0.002518553373179516,,3.493723849372385,847
611,0.05,-349.9230769230769,1.8058333333333334,3.111607142857143,37.83779761904762,670,66,0.0025165229999852814,,3.261904761904762,888
612,0.05,-310.4307692307693,1.73,3.103343465045593,38.26747720364742,656,77,0.002411348387839247,,3.231003039513678,165
613,0.05,-308.2,1.8658333333333332,3.2946564885496183,38.57557251908397,655,79,0.0025716619353965495,,3.4229007633587787,424
614,0.05,-332.6615384615385,1.9891666666666667,3.478581979320532,38.72082717872969,674,75,0.002528297041534639,,3.5908419497784343,283
615,0.05,-329.63076923076926,1.795,3.1394302848575713,38.30884557721139,667,74,0.0025174804551879645,,3.295352323838081,73
616,0.05,-330.63076923076926,1.8133333333333332,3.184568835098336,38.22692889561271,667,72,0.0025233986912961844,,3.3444108761329305,689
617,0.05,-347.70769230769224,1.8625,3.376766091051805,38.334379905808476,632,72,0.0024661552077704326,,3.513343799058085,637
618,0.05,-339.4923076923077,1.8708333333333333,3.2109144542772863,38.985250737463126,681,82,0.0024483840563106632,,3.3480825958702063,147
619,0.05,-317.89230769230767,1.85,3.22972972972973,38.43693693693694,664,77,0.0024605226066769193,,3.3723723723723724,755
620,0.05,-344.6769230769231,1.8491666666666666,3.26027397260274,38.89954337899543,670,77,0.002636204443922526,,3.3835616438356166,65
621,0.05,-321.9846153846154,1.915,3.330827067669173,38.77293233082707,674,77,0.0026599730077129973,,3.4556390977443607,845
622,0.05,-359.1692307692308,2.2241666666666666,3.6473906911142455,39.489421720733425,712,78,0.002573204259882982,,3.8053596614950633,720
623,0.05,-337.9846153846154,2.006666666666667,3.5541984732824425,38.95267175572519,660,74,0.0025567381617723735,,3.717557251908397,453
624,0.05,-365.2461538461538,2.0366666666666666,3.4583941605839414,38.72700729927007,675,76,0.002295491234420385,,3.602919708029197,198
625,0.05,-337.9230769230769,1.8775,3.2474074074074073,38.54518518518518,668,76,0.0023566914897459367,,3.4014814814814813,498
626,0.05,-333.4307692307692,1.91,3.293768545994065,38.63056379821958,667,75,0.0023274536590635166,,3.440652818991098,358
627,0.05,-317.9846153846154,1.9675,3.5546995377503854,39.04930662557781,652,78,0.002372965050756852,,3.6964560862865947,99
628,0.05,-325.12307692307695,1.8775,3.344563552833078,38.503828483920365,649,76,0.002291611302636262,,3.451761102603369,228
629,0.05,-316.89230769230767,1.895,3.2365269461077846,38.66766467065868,666,78,0.0023246439455419736,,3.4266467065868262,395
630,0.05,-340.3538461538461,2.01,3.4574780058651027,38.89149560117302,681,75,0.0023506604391672057,,3.599706744868035,794
631,0.05,-303.83076923076925,1.8191666666666666,3.1332357247437774,38.48462664714495,681,78,0.002398030871176001,,3.2748538011695905,525
632,0.05,-307.63076923076926,1.7866666666666666,3.3488745980707395,38.79581993569132,629,77,0.0025489878333752824,,3.4935691318327975,537
633,0.05,-396.55384615384617,2.1708333333333334,3.714714714714715,38.950450450450454,675,73,0.0026629582975040535,,3.8273273273273274,292
634,0.05,-317.36923076923074,1.7933333333333332,3.1706948640483383,38.37462235649547,655,77,0.0027171842699242887,,3.306646525679758,742
635,0.05,-352.26153846153846,1.99,3.4258160237388724,38.967359050445104,677,75,0.002620493635025396,,3.5845697329376853,179
636,0.05,-355.12307692307695,2.089166666666667,3.56891495601173,39.06011730205279,686,77,0.00255022993557509,,3.7067448680351904,644
637,0.05,-346.4769230769231,2.049166666666667,3.466187050359712,38.997122302158274,695,77,0.002683675157002769,,3.6374100719424463,410
638,0.05,-305.6923076923077,1.7233333333333334,3.031296572280179,38.011922503725785,661,73,0.002679336317701823,,3.1773472429210132,67
639,0.05,-316.4307692307692,1.85,3.1770833333333335,38.48065476190476,673,79,0.00260874043500825,,3.3169642857142856,584
640,0.05,-297.0153846153846,1.7291666666666667,3.0475460122699385,38.17791411042945,657,78,0.0026022562882244134,,3.1978527607361964,454
641,0.05,-322.24615384615385,1.765,3.0548780487804876,37.951219512195124,656,70,0.0025936117441546233,,3.201219512195122,275
642,0.05,-357.87692307692305,1.9591666666666667,3.255289139633286,38.69534555712271,710,73,0.0026671626842451803,,3.4076163610719323,23
643,0.05,-331.26153846153846,1.9108333333333334,3.295964125560538,38.95964125560538,676,79,0.0026239626976361924,,3.4514200298953663,306
644,0.05,-324.10769230769233,2.006666666666667,3.3994169096209914,39.13848396501458,693,80,0.0024734073305331616,,3.545189504373178,883
645,0.05,-319.6461538461538,1.6308333333333334,2.839820359281437,37.455089820359284,655,73,0.0024531052110554944,,2.9790419161676644,33
646,0.05,-332.8307692307692,1.9341666666666666,3.403400309119011,38.854714064914994,654,71,0.0023268180273441894,,3.573415765069552,436
647,0.05,-338.0153846153846,1.9183333333333332,3.263157894736842,38.744152046783626,686,76,0.0024071719734963105,,3.4298245614035086,868
648,0.05,-336.26153846153846,1.8975,3.4858934169278997,38.81191222570533,634,75,0.002351752812655538,,3.6003134796238245,291
649,0.05,-332.36923076923074,1.8591666666666666,3.421461897356143,38.67185069984448,636,73,0.00242633754680985,,3.597200622083981,58
650,0.05,-324.8307692307692,1.8275,3.126315789473684,38.28270676691729,664,74,0.0022649416441336977,,3.2842105263157895,777
651,0.05,-329.8923076923077,1.9233333333333333,3.426403641881639,38.63884673748103,657,74,0.002352984043115847,,3.566009104704097,21
652,0.05,-322.63076923076926,1.785,3.2128637059724348,38.48698315467075,655,74,0.002337572305739228,,3.353211009174312,303
653,0.05,-333.7846153846154,1.9616666666666667,3.405325443786982,38.72781065088758,674,80,0.0024578771160523047,,3.539940828402367,750
654,0.05,-327.5230769230769,1.8375,3.0289017341040463,38.335260115606935,695,75,0.0024997937897619175,,3.179190751445087,816
655,0.05,-320.5230769230769,1.9125,3.316265060240964,38.38704819277108,652,77,0.0025252570951348682,,3.4894578313253013,125
656,0.05,-337.0,2.1641666666666666,3.5875706214689265,39.34604519774011,706,80,0.0025314357431864306,,3.730225988700565,560
657,0.05,-357.61538461538464,2.0425,3.590288315629742,38.99089529590288,658,73,0.002480830745901871,,3.725341426403642,663
658,0.05,-315.0,1.7433333333333334,3.084355828220859,38.34049079754601,661,73,0.002482404183566811,,3.228527607361963,633
659,0.05,-335.1230769230769,2.0175,3.5653495440729484,39.27811550151976,650,79,0.0024931525468593705,,3.689969604863222,441
660,0.05,-324.04615384615386,1.9183333333333332,3.3534743202416917,38.75377643504532,662,78,0.002591053251768581,,3.4939577039274923,573
661,0.05,-317.4923076923077,1.7983333333333333,3.172043010752688,38.321044546851,651,76,0.0025482460226660827,,3.3579109062980033,844
662,0.05,-316.03076923076924,1.875,3.2972560975609757,38.7515243902439,660,77,0.002480163167747424,,3.4298780487804876,137
663,0.05,-341.95384615384614,1.9616666666666667,3.346879535558781,38.29753265602322,685,71,0.0025679191280066063,,3.5312046444121914,428
664,0.05,-331.63076923076926,1.9983333333333333,3.5167682926829267,38.86585365853659,649,75,0.002837227950868635,,3.6646341463414633,631
665,0.05,-335.5230769230769,1.8408333333333333,3.2050520059435366,38.28231797919762,659,73,0.0027548280151036457,,3.349182763744428,193
666,0.05,-305.5076923076923,1.7525,3.0555555555555554,38.01951951951952,668,76,0.002586298022398017,,3.2027027027027026,754
667,0.05,-315.70769230769224,1.8758333333333332,3.1669128508124076,38.651403249630725,685,79,0.0026331931809723563,,3.332348596750369,298
668,0.05,-304.1230769230769,1.6816666666666666,2.9832317073170733,38.54420731707317,657,75,0.002578575923383004,,3.1326219512195124,743
669,0.05,-331.10769230769233,2.0316666666666667,3.4808823529411765,38.667647058823526,673,74,0.0023091860255505755,,3.6573529411764705,506
670,0.05,-316.4153846153846,1.875,3.3318112633181127,38.63013698630137,656,77,0.002368318147797365,,3.4733637747336377,337
671,0.05,-376.2923076923077,2.2183333333333333,3.623413258110014,39.09026798307475,708,78,0.002433804124704184,,3.763046544428773,853
672,0.05,-365.0,2.013333333333333,3.2084468664850134,38.76839237057221,730,71,0.0024509631140906896,,3.3923705722070845,587
673,0.05,-315.95384615384614,1.9683333333333333,3.36094674556213,38.83136094674556,669,78,0.0024241157448318396,,3.510355029585799,164
674,0.05,-330.8461538461538,2.035,3.4894578313253013,38.83283132530121,673,78,0.002506971516209923,,3.661144578313253,578
675,0.05,-305.9076923076923,1.7191666666666667,3.007598784194529,38.004559270516715,663,75,0.0024442917126507265,,3.196048632218845,547
676,0.05,-318.4923076923077,1.8375,3.1654135338345863,38.427067669172935,669,74,0.0024091740683569473,,3.3142857142857145,444
677,0.05,-351.18461538461537,2.055833333333333,3.459970887918486,39.17612809315866,692,79,0.002610798230112708,,3.6098981077147014,31
678,0.05,-333.95384615384614,1.9025,3.1810344827586206,38.168103448275865,696,70,0.0025111690974547168,,3.339080459770115,810
679,0.05,-336.89230769230767,2.0833333333333335,3.504335260115607,39.209537572254334,692,77,0.0025581926866432713,,3.6604046242774566,426
680,0.05,-349.8153846153846,1.9625,3.449624060150376,39.097744360902254,671,72,0.0024268071190582077,,3.618045112781955,643
681,0.05,-342.26153846153846,1.9441666666666666,3.3626865671641792,38.62835820895523,668,78,0.0023610395625184018,,3.5417910447761196,192
682,0.05,-328.5076923076923,1.8891666666666667,3.335866261398176,38.77355623100304,662,78,0.0025308759628176244,,3.4620060790273555,673
683,0.05,-320.8,1.8383333333333334,3.1543026706231454,38.4213649851632,671,75,0.002621386604801869,,3.2933333333333334,894
684,0.05,-321.32307692307694,1.7766666666666666,3.0763473053892216,38.63622754491018,676,78,0.00266348151698424,,3.194610778443114,32
685,0.05,-335.2307692307692,2.0191666666666666,3.4147398843930636,38.64306358381503,695,81,0.002535130702462019,,3.5838150289017343,519
686,0.05,-324.0923076923077,1.7683333333333333,2.9955555555555557,38.223703703703706,675,75,0.00258473308500629,,3.1244444444444444,828
687,0.05,-316.29230769230765,1.905,3.455259026687598,38.3469387755102,635,74,0.0024406501510372365,,3.6028257456828885,246
688,0.05,-360.3538461538461,2.1083333333333334,3.477077363896848,39.097421203438394,705,76,0.0024337150712001637,,3.5959885386819486,717
689,0.05,-334.21538461538466,1.9075,3.2353801169590644,38.6359649122807,692,73,0.0027380213291241327,,3.396198830409357,134
690,0.05,-368.0615384615385,1.9941666666666666,3.224089635854342,38.55882352941177,727,72,0.0027776916360601335,,3.3683473389355743,569
691,0.05,-311.32307692307694,1.75,3.0896656534954405,37.98176291793313,649,72,0.0027638587468372827,,3.2401215805471124,590
692,0.05,-345.2615384615384,2.03,3.598159509202454,38.9079754601227,645,73,0.002536600640006158,,3.733128834355828,674
693,0.05,-341.61538461538464,1.9583333333333333,3.403874813710879,39.089418777943365,682,75,0.0025752526179489404,,3.580357142857143,290
694,0.05,-330.55384615384617,1.9275,3.5135566188197767,38.87400318979267,631,75,0.002563288726373075,,3.66347687400319,25
695,0.05,-365.5846153846154,2.12,3.564774381368268,39.069868995633186,687,74,0.0025234781280254063,,3.7205240174672487,207
696,0.05,-309.9076923076923,1.8016666666666667,3.095665171898356,38.35874439461883,668,76,0.00256490804523389,,3.210762331838565,284
697,0.05,-304.90769230769234,1.9675,3.440422322775264,38.85218702865762,661,77,0.002592249203728572,,3.6199095022624435,412
698,0.05,-350.5846153846154,2.0125,3.546969696969697,38.724242424242426,660,74,0.0025604923816872362,,3.6954545454545453,630
699,0.05,-333.6461538461539,1.7608333333333333,3.112676056338028,38.2112676056338,639,72,0.0025887564324540346,,3.2863849765258215,526
700,0.05,-317.6,1.9583333333333333,3.3245997088791848,38.72052401746725,683,75,0.0026901178601923194,,3.481804949053857,8
701,0.05,-323.0615384615384,2.015833333333333,3.390922401171303,39.18740849194729,684,78,0.0027331824010849775,,3.562225475841874,2
702,0.05,-326.10769230769233,1.9058333333333333,3.193409742120344,38.89971346704871,700,76,0.0028785244656069366,,3.319027181688126,310
703,0.05,-335.5230769230769,1.8983333333333334,3.2433234421364987,38.08456973293769,666,73,0.0028252697252524606,,3.413946587537092,606
704,0.05,-351.53846153846155,1.9666666666666666,3.546995377503852,39.134052388289675,653,70,0.002625805786173051,,3.6687211093990757,866
705,0.05,-344.3846153846154,1.9733333333333334,3.3686502177068216,38.78519593613933,678,74,0.002611391186154054,,3.51088534107402,779
706,0.05,-317.6769230769231,1.6558333333333333,3.144026186579378,38.15875613747954,617,75,0.002534354193834509,,3.299019607843137,12
707,0.05,-366.26153846153846,2.035833333333333,3.5482912332838037,38.722139673105495,669,74,0.002393900362292211,,3.6939078751857357,832
708,0.05,-347.80000000000007,1.9125,3.3079222720478327,38.31988041853513,665,68,0.002571386672263538,,3.445440956651719,879
709,0.05,-367.2153846153846,2.2275,3.703125,39.38494318181818,696,74,0.002566116596105907,,3.8480113636363638,404
710,0.05,-327.5692307692308,1.8933333333333333,3.2850746268656716,38.63134328358209,672,82,0.0027010262686835537,,3.428358208955224,681
711,0.05,-323.66153846153844,1.84,3.1761194029850746,38.659701492537316,667,76,0.0026900170493294687,,3.3268656716417913,813
712,0.05,-329.1538461538462,1.8133333333333332,3.2457757296466974,38.27342549923195,652,73,0.002614015092366133,,3.3819018404907975,225
713,0.05,-298.81538461538463,1.7575,3.2097791798107256,38.61514195583596,628,81,0.0024844862604069796,,3.3470031545741326,252
714,0.05,-297.8,1.8408333333333333,3.2100456621004567,38.36681887366819,657,77,0.002512651631109674,,3.3515981735159817,700
715,0.05,-313.4307692307692,1.6558333333333333,2.9824,38.0016,628,74,0.0024957152779310956,,3.1312,132
716,0.05,-314.89230769230767,1.9458333333333333,3.2936046511627906,38.82848837209303,687,80,0.0024762914619217385,,3.4302325581395348,572
717,0.05,-335.63076923076915,1.9741666666666666,3.3540090771558244,38.69742813918305,660,75,0.002535620639479492,,3.4947049924357034,223
718,0.05,-334.1230769230769,1.8316666666666668,3.1602941176470587,38.375,673,73,0.002499484933189056,,3.3411764705882354,652
719,0.05,-340.50769230769225,1.8833333333333333,3.222882615156018,38.083209509658246,668,70,0.0025241373285464098,,3.4071322436849925,884
720,0.05,-347.40000000000003,2.129166666666667,3.705621301775148,39.2707100591716,675,79,0.00257122369802838,,3.8698224852071004,809
721,0.05,-333.9846153846154,1.9216666666666666,3.3502235469448585,38.77645305514158,664,76,0.0026745516638474144,,3.520119225037258,150
722,0.05,-346.1384615384615,1.9166666666666667,3.3825301204819276,38.38403614457831,659,69,0.0026281596766466503,,3.5481927710843375,623
723,0.05,-323.9384615384615,1.8366666666666667,3.1994091580502215,38.83751846381093,673,79,0.002673993231150387,,3.326440177252585,75
724,0.05,-315.3538461538461,1.8275,3.235562310030395,38.609422492401215,656,80,0.002806618430346451,,3.378419452887538,206
725,0.05,-309.9846153846154,1.8008333333333333,3.2346625766871164,38.714723926380366,643,74,0.0027007768285342163,,3.3650306748466257,508
726,0.05,-321.6461538461539,1.9691666666666667,3.383480825958702,39.01622418879056,679,78,0.002676749817200901,,3.517699115044248,392
727,0.05,-305.2,1.7583333333333333,3.068862275449102,38.191616766467064,669,75,0.0025140262562259657,,3.2212257100149477,236
728,0.05,-339.5076923076923,1.9633333333333334,3.2085106382978723,38.6709219858156,718,76,0.0027324250467200364,,3.3787234042553194,702
729,0.05,-287.2923076923077,1.8925,3.323170731707317,38.44664634146341,648,78,0.002622947766200018,,3.4527439024390243,551
730,0.05,-310.2,1.7775,3.134762633996937,38.5895865237366,659,76,0.002581410591524883,,3.2710566615620214,708
731,0.05,-301.79999999999995,1.7391666666666667,3.0542168674698793,38.1144578313253,662,77,0.002734345068207403,,3.213855421686747,476
732,0.05,-334.9846153846154,1.9916666666666667,3.324167872648336,38.464544138929085,686,74,0.002677840857129753,,3.479768786127168,47
733,0.05,-330.7076923076923,1.99,3.4017467248908297,38.585152838427945,692,72,0.0026515881342512376,,3.5560407569141192,739
734,0.05,-309.96923076923076,1.8616666666666666,3.269746646795827,38.49478390461997,663,80,0.002703847438826619,,3.4411326378539493,360
735,0.05,-323.23076923076917,1.9425,3.464939024390244,39.1234756097561,662,79,0.0026311481223525693,,3.590563165905632,834
736,0.05,-318.8307692307693,1.7866666666666666,3.251968503937008,38.16377952755906,635,73,0.002408266094605815,,3.4031496062992126,833
737,0.05,-279.8153846153846,1.7025,3.152037617554859,38.34796238244514,647,75,0.0023685984552078393,,3.2962382445141065,201
738,0.05,-320.4,1.7808333333333333,3.0879284649776455,38.49478390461997,676,75,0.0025849670839914896,,3.2309985096870344,375
739,0.05,-307.9384615384615,1.8658333333333332,3.3322981366459627,38.787267080745345,653,76,0.0025903292706027587,,3.4767080745341614,296
740,0.05,-325.87692307692305,1.9616666666666667,3.397913561847988,38.763040238450074,666,79,0.0026517330971269873,,3.5380029806259317,887
741,0.05,-316.2,1.9141666666666666,3.2658788774002954,38.567208271787294,679,74,0.0026064006563868277,,3.4194977843426884,353
742,0.05,-354.6461538461539,2.0325,3.537878787878788,39.051515151515154,661,72,0.00259233447401367,,3.65,582
743,0.05,-368.0769230769231,2.0091666666666668,3.4560357675111772,38.624441132637855,667,70,0.002544531079669256,,3.61698956780924,472
744,0.05,-316.0,1.9075,3.3903177004538576,38.594553706505295,661,74,0.0026939220018442874,,3.5219364599092287,870
745,0.05,-317.8461538461538,1.6758333333333333,3.031104199066874,38.20684292379471,648,70,0.002638751233270811,,3.141524105754277,400
746,0.05,-342.3846153846154,1.8691666666666666,3.4065934065934065,38.78806907378336,626,75,0.002592785419268996,,3.5682888540031397,721
747,0.05,-307.6461538461538,1.8291666666666666,3.2079510703363914,38.108562691131496,650,75,0.0026161223506115656,,3.334862385321101,473
748,0.05,-352.0923076923077,2.0116666666666667,3.398268398268398,39.21789321789322,699,75,0.0024986563916912885,,3.5815295815295816,600
749,0.05,-343.70769230769235,1.8516666666666666,3.275808936825886,38.59938366718028,651,75,0.002615705991367815,,3.4391371340523884,314
750,0.05,-337.5076923076923,1.8775,3.330275229357798,38.60703363914373,651,75,0.002545127372819944,,3.4602446483180427,882
751,0.05,-351.8,2.0483333333333333,3.435672514619883,39.14327485380117,679,79,0.002529544935614718,,3.58187134502924,599
752,0.05,-370.10769230769233,2.0083333333333333,3.3625899280575537,38.87769784172662,694,77,0.0027339473919719766,,3.5107913669064748,819
753,0.05,-314.18461538461537,1.8983333333333334,3.3267776096822996,39.02723146747353,658,76,0.0025907797179977885,,3.4614220877458397,449
754,0.05,-296.4461538461539,1.7733333333333334,3.1731669266770672,38.592823712948515,645,77,0.0025456923094389155,,3.310452418096724,235
755,0.05,-341.4769230769231,1.9383333333333332,3.253900709219858,38.804255319148936,696,73,0.0025035905658051527,,3.424113475177305,115
756,0.05,-348.5692307692308,2.0733333333333333,3.483357452966715,39.15629522431259,690,77,0.0024281100152990093,,3.629522431259045,629
757,0.05,-309.4923076923077,1.8075,3.1674140508221225,38.408071748878925,672,77,0.002398483379169904,,3.31390134529148,669
758,0.05,-324.9846153846154,1.8616666666666666,3.217910447761194,38.44776119402985,669,76,0.002529498624222452,,3.3477611940298506,604
759,0.05,-326.59999999999997,1.8483333333333334,3.1683899556868536,38.330871491875925,667,76,0.0025535665320387804,,3.2895125553914326,368
760,0.05,-336.36923076923074,1.9625,3.2826398852223817,38.146341463414636,696,74,0.002548853253058405,,3.430416068866571,282
761,0.05,-351.9846153846154,2.1191666666666666,3.5120567375886527,39.168794326241134,695,77,0.0025964651733898273,,3.6893617021276595,415
762,0.05,-337.723076923077,1.9716666666666667,3.328011611030479,39.06676342525399,691,78,0.0025703953782369522,,3.483309143686502,237
763,0.05,-316.6615384615385,1.9141666666666666,3.4089506172839505,38.63117283950617,641,75,0.0024718487325580065,,3.558641975308642,389
764,0.05,-353.32307692307694,2.0116666666666667,3.3589001447178,38.852387843704776,697,73,0.0025154953296969793,,3.489146164978292,157
765,0.05,-309.53846153846155,1.7875,3.2957074721780604,38.793322734499206,632,78,0.002574553303938336,,3.4737678855325913,331
766,0.05,-322.3538461538461,1.9933333333333334,3.4781954887218047,38.95789473684211,662,79,0.00246532410382316,,3.6285714285714286,364
767,0.05,-318.16923076923075,1.7975,3.2750397456279807,38.491255961844196,628,71,0.0024970090466442255,,3.4006359300476947,856
768,0.05,-360.6615384615385,2.0641666666666665,3.4825581395348837,39.16424418604651,693,77,0.0026509713511145296,,3.6322674418604652,703
769,0.05,-336.81538461538463,2.0708333333333333,3.576296296296296,39.367407407407406,674,79,0.0025229187207081918,,3.765925925925926,385
770,0.05,-350.5692307692308,2.1983333333333333,3.605890603085554,39.420757363253855,708,81,0.0023768864859113055,,3.740532959326788,49
771,0.05,-333.03076923076924,1.8766666666666667,3.15,38.61714285714286,697,71,0.0023713664735979336,,3.3042857142857143,762
772,0.05,-330.04615384615386,1.8283333333333334,3.1979010494752624,38.54272863568216,666,75,0.002358530732621023,,3.3263473053892216,752
773,0.05,-341.12307692307695,1.92,3.390282131661442,38.55172413793103,646,73,0.0024415889424179086,,3.510971786833856,502
774,0.05,-357.58461538461535,2.015,3.328102710413695,38.83309557774608,696,76,0.0024656078877673708,,3.5106990014265333,416
775,0.05,-344.4307692307692,2.0375,3.448326055312955,38.55312954876273,685,79,0.0023444080905892393,,3.563953488372093,216
776,0.05,-287.10769230769233,1.6608333333333334,2.9907120743034055,37.975232198142415,653,71,0.0023779837474908615,,3.151702786377709,232
777,0.05,-306.1692307692308,1.805,3.153013910355487,38.24884080370943,647,75,0.002505734448670213,,3.2689335394126737,612
778,0.05,-336.7692307692308,1.9125,3.2633136094674557,38.56508875739645,678,75,0.0024593826302395402,,3.4038461538461537,490
779,0.05,-368.9846153846154,1.9491666666666667,3.3982035928143715,38.68562874251497,660,71,0.0025003782588903763,,3.5404191616766467,247
780,0.05,-323.8461538461538,1.8041666666666667,3.19629057187017,38.56723338485317,641,75,0.0026487790810675294,,3.338485316846986,693
781,0.05,-330.6461538461538,1.9333333333333333,3.420401854714065,38.7403400309119,660,77,0.0025966137921948846,,3.553323029366306,458
782,0.05,-321.24615384615385,1.8266666666666667,3.198170731707317,38.27896341463415,655,75,0.0025826839830460284,,3.347560975609756,257
783,0.05,-347.9384615384615,1.9791666666666667,3.47910447761194,39.0,670,76,0.0025934998265396765,,3.6223880597014926,555
784,0.05,-339.8153846153846,1.8291666666666666,3.365930599369085,38.19716088328076,626,72,0.002602606553890663,,3.4913385826771655,807
785,0.05,-331.0769230769231,1.9675,3.327893175074184,38.45548961424333,670,76,0.0027264885740663713,,3.456973293768546,87
786,0.05,-296.8153846153846,1.6766666666666667,2.944186046511628,38.048062015503874,648,76,0.002600525537206589,,3.096124031007752,531
787,0.05,-321.5076923076923,1.9683333333333333,3.487915407854985,39.02416918429003,671,78,0.0025306819805444416,,3.6148036253776437,814
788,0.05,-300.30769230769226,1.775,3.164869029275809,38.36979969183359,653,78,0.0024066343577165287,,3.295839753466872,396
789,0.05,-340.96923076923076,1.935,3.30466472303207,38.42274052478134,678,71,0.0023970234796950145,,3.4591836734693877,627
790,0.05,-330.6307692307692,2.004166666666667,3.388969521044993,38.56313497822932,680,78,0.0024071725135626043,,3.5195936139332367,565
791,0.05,-312.70769230769235,1.8625,3.1564327485380117,38.404970760233915,685,76,0.0023743128171702685,,3.314327485380117,683
792,0.05,-318.8,1.8666666666666667,3.335866261398176,38.38145896656535,655,76,0.0023714863606069544,,3.466565349544073,167
793,0.05,-332.83076923076925,2.125,3.558651026392962,38.888563049853374,675,76,0.00251017839177691,,3.724340175953079,59
794,0.05,-335.2,1.9241666666666666,3.3132352941176473,38.879411764705885,681,79,0.0025540564759423553,,3.4705882352941178,256
795,0.05,-312.03076923076924,1.8758333333333332,3.0989956958393114,38.55667144906743,691,80,0.0026161731043748606,,3.2492836676217767,678
796,0.05,-334.4923076923077,1.855,3.2139673105497772,38.451708766716195,671,72,0.0024332560241783177,,3.361069836552749,266
797,0.05,-327.0769230769231,1.8166666666666667,3.171385991058122,38.20715350223547,670,73,0.00250802136339891,,3.314456035767511,514
798,0.05,-313.53846153846155,1.9491666666666667,3.2275280898876404,38.640449438202246,708,75,0.0025305757796275966,,3.377808988764045,312
799,0.05,-286.4153846153846,1.7483333333333333,3.1477449455676516,38.461897356143076,643,79,0.002474586731702799,,3.264385692068429,763
800,0.05,-363.3076923076923,2.0433333333333334,3.412095639943741,39.08438818565401,706,78,0.0024098162510645463,,3.561181434599156,602
801,0.05,-376.4153846153846,2.105,3.5283842794759823,38.767103347889375,693,74,0.0024402740873740356,,3.6739446870451236,406
802,0.05,-343.63076923076926,1.9975,3.5353383458646617,38.90075187969925,664,74,0.0025006921594311156,,3.700751879699248,166
803,0.05,-333.6,1.9883333333333333,3.407624633431085,39.089442815249264,687,75,0.0024077521982661734,,3.5410557184750733,50
804,0.05,-341.0,1.955,3.3664688427299705,38.93620178041543,679,76,0.0024653437109028358,,3.522255192878338,628
805,0.05,-334.04615384615386,1.8166666666666667,3.1473684210526316,38.142857142857146,655,72,0.0023597172273077897,,3.293233082706767,120
806,0.05,-348.8,1.9825,3.501519756838906,39.03951367781155,671,77,0.002356600141678914,,3.639817629179331,418
807,0.05,-333.4307692307692,1.96,3.2019635343618513,38.80084151472651,708,76,0.002501030402628975,,3.347826086956522,542
808,0.05,-335.7384615384615,2.01,3.354609929078014,38.86241134751773,707,75,0.002484612327491141,,3.4893617021276597,407
809,0.05,-361.4,1.9066666666666667,3.1553672316384183,38.51129943502825,707,74,0.002411912376434355,,3.3446327683615817,129
810,0.05,-343.1230769230769,1.9858333333333333,3.4005891016200294,39.0559646539028,681,80,0.002368384981662548,,3.547864506627393,81
811,0.05,-328.276923076923,2.0475,3.460294117647059,39.47352941176471,686,80,0.002484981837175274,,3.598529411764706,808
812,0.05,-343.95384615384614,1.9891666666666667,3.373134328358209,38.53731343283582,678,75,0.002444301294660068,,3.532835820895522,854
813,0.05,-317.1846153846154,1.8258333333333334,3.1936936936936937,38.825825825825824,670,77,0.0022972420714749186,,3.3378378378378377,380
814,0.05,-307.13846153846157,1.8441666666666667,3.1474926253687316,38.51622418879056,671,75,0.002306757622487013,,3.2709867452135493,595
815,0.05,-300.33846153846156,1.7375,3.0029498525073746,37.91445427728613,666,75,0.002396459300385645,,3.1371681415929205,725
816,0.05,-327.8461538461538,2.006666666666667,3.4308823529411763,38.858823529411765,674,72,0.0023770839255566048,,3.6,139
817,0.05,-345.24615384615385,1.89,3.3863987635239567,38.744976816074185,650,74,0.00237171194976794,,3.530139103554869,289
818,0.05,-296.8,1.74,3.1752738654147104,38.62128325508607,638,79,0.0024729930084286754,,3.31924882629108,701
819,0.05,-348.6615384615385,1.9083333333333334,3.3076923076923075,38.514792899408285,673,72,0.002583826892549144,,3.4393491124260356,801
820,0.05,-303.9384615384615,1.895,3.20203488372093,38.65843023255814,686,78,0.002675456515912083,,3.372093023255814,155
821,0.05,-317.8461538461538,1.8616666666666666,3.1315789473684212,38.748538011695906,688,78,0.002556399490894269,,3.267543859649123,782
822,0.05,-326.9846153846154,1.7866666666666666,3.116591928251121,38.097159940209266,661,71,0.00245357902165932,,3.282511210762332,402
823,0.05,-371.2307692307693,2.0325,3.5254491017964074,38.865269461077844,675,73,0.0025005712900819372,,3.660179640718563,361
824,0.05,-338.53846153846155,1.9266666666666667,3.2408223201174744,38.54625550660793,694,72,0.002461580644165731,,3.3773861967694567,797
825,0.05,-329.1692307692308,1.8433333333333333,3.271472392638037,38.74539877300614,650,75,0.0025026934599903573,,3.423312883435583,585
826,0.05,-333.9076923076923,1.9758333333333333,3.321688500727802,38.65938864628821,680,74,0.0025398982764235304,,3.462882096069869,841
827,0.05,-313.4,1.9091666666666667,3.3297872340425534,38.90881458966565,663,79,0.002571776505373418,,3.4832826747720365,111
828,0.05,-318.8153846153846,1.83,3.3832807570977916,38.67350157728707,631,75,0.0024768535579356194,,3.5377358490566038,530
829,0.05,-313.55384615384617,1.7808333333333333,2.961206896551724,38.16954022988506,692,75,0.0025550641120749068,,3.1048850574712645,339
830,0.05,-319.7384615384616,2.01,3.5105421686746987,39.20180722891566,669,81,0.002693316284733934,,3.658132530120482,830
831,0.05,-304.1538461538461,1.5883333333333334,2.860215053763441,37.6221198156682,644,73,0.0025282018825050863,,3.0076804915514592,672
832,0.05,-333.86153846153843,1.8666666666666667,3.2292899408284024,38.260355029585796,671,75,0.002460110625609873,,3.3624260355029585,197
833,0.05,-337.2615384615384,1.9383333333333332,3.470125786163522,39.08490566037736,635,78,0.002311980853970684,,3.599056603773585,1
834,0.05,-350.4,2.0708333333333333,3.7087827426810476,39.07241910631741,644,75,0.002336605151678922,,3.822804314329738,818
835,0.05,-326.19999999999993,1.7833333333333334,3.150521609538003,38.43666169895678,661,75,0.0022767088220629872,,3.272727272727273,277
836,0.05,-324.1230769230769,1.7608333333333333,3.19751166407465,38.22239502332815,645,71,0.0023058709191294733,,3.3265940902021773,336
837,0.05,-317.72307692307686,1.8158333333333334,3.3230293663060277,38.332302936630605,642,73,0.002291133066249152,,3.479134466769706,55
838,0.05,-309.12307692307684,1.7483333333333333,3.028657616892911,37.59125188536953,647,71,0.002169310626288957,,3.1644042232277525,869
839,0.05,-337.55384615384617,1.9208333333333334,3.2448979591836733,38.619533527696795,689,77,0.002195769327004778,,3.4212827988338192,729
840,0.05,-322.61538461538464,1.9875,3.4234769687964337,39.13670133729569,676,79,0.002398059034150937,,3.5519287833827895,676
841,0.05,-349.55384615384617,2.0475,3.4665697674418605,39.3968023255814,698,78,0.002421495671338403,,3.613372093023256,86
842,0.05,-321.6461538461539,1.8483333333333334,3.3559055118110237,38.37322834645669,632,76,0.0024503627768815836,,3.4881889763779528,205
843,0.05,-320.96923076923076,1.8433333333333333,3.164688427299703,38.35459940652819,660,76,0.0023234539486802533,,3.293768545994065,123
844,0.05,-320.6,1.92,3.510971786833856,38.90282131661442,638,74,0.0023902684684156024,,3.6410658307210033,481
845,0.05,-331.2307692307693,1.9733333333333334,3.4848024316109423,38.734042553191486,651,75,0.0023253405496275253,,3.653495440729483,789
846,0.05,-326.8,1.7758333333333334,3.0220264317180616,38.117474302496326,687,71,0.002343132570283404,,3.2041116005873715,141
847,0.05,-325.3230769230769,1.92,3.316417910447761,38.732835820895524,670,75,0.002325859693209594,,3.4597014925373135,616
848,0.05,-357.53846153846155,2.029166666666667,3.5950920245398774,38.897239263803684,654,69,0.0023871555769978932,,3.723926380368098,439
849,0.05,-321.3538461538462,1.7458333333333333,3.2766295707472177,38.069952305246424,633,70,0.002400378647250852,,3.4038155802861687,221
850,0.05,-304.2307692307692,1.7975,3.0676691729323307,38.10977443609023,669,73,0.0023848875123575765,,3.2330827067669174,495
851,0.05,-329.2461538461538,1.8716666666666666,3.306525037936267,38.34597875569044,649,73,0.0023595834122722855,,3.4871016691957513,48
852,0.05,-327.38461538461536,1.8333333333333333,3.198813056379822,38.37685459940653,667,73,0.002413807057568198,,3.3293768545994067,529
853,0.05,-345.1076923076923,1.9758333333333333,3.359011627906977,38.77906976744186,687,73,0.002508363208754522,,3.5,354
854,0.05,-307.4923076923077,1.7491666666666668,3.1940532081377153,38.341158059467915,646,74,0.0025042788160888952,,3.3145539906103285,723
855,0.05,-337.4,1.9316666666666666,3.3505311077389983,38.66616084977238,655,74,0.0024760305089808264,,3.488619119878604,408
856,0.05,-335.55384615384617,1.9208333333333334,3.3090638930163445,38.56909361069837,676,75,0.002574150665398658,,3.473997028231798,659
857,0.05,-313.0615384615385,1.8475,3.282874617737003,38.22782874617737,656,72,0.0025299886376198098,,3.448012232415902,62
858,0.05,-364.6769230769231,2.1366666666666667,3.5573294629898404,38.99419448476052,695,73,0.002385183133495842,,3.7460087082728593,636
859,0.05,-306.0,1.8366666666666667,3.280916030534351,38.383206106870226,654,76,0.0025193508777649138,,3.4366412213740456,359
860,0.05,-328.3538461538461,1.8375,3.2817764165390506,38.520673813169985,660,75,0.002446180637266665,,3.4073506891271057,399
861,0.05,-330.2,1.865,3.162280701754386,38.39181286549707,688,73,0.0023058132527547337,,3.3157894736842106,580
862,0.05,-280.0153846153846,1.5825,2.9455128205128207,37.97596153846154,638,68,0.0022785145789577486,,3.0849358974358974,586
863,0.05,-375.86153846153843,2.2383333333333333,3.7151079136690646,39.725179856115105,704,77,0.0024266962476187934,,3.8460431654676257,248
864,0.05,-353.0615384615384,2.035833333333333,3.536189069423929,38.9231905465288,678,75,0.002344050439593059,,3.675036927621861,852
865,0.05,-366.0615384615384,2.0258333333333334,3.642967542503864,39.162287480680064,647,73,0.0023813020322882407,,3.8284389489953634,880
866,0.05,-328.95384615384614,1.9708333333333334,3.340086830680174,38.97973950795948,691,84,0.0024414464224449682,,3.483357452966715,823
867,0.05,-307.21538461538466,1.76,3.179968701095462,38.31142410015649,638,75,0.0024614697393546938,,3.3348982785602503,790
868,0.05,-330.04615384615386,1.8633333333333333,3.3291338582677166,38.428346456692914,635,77,0.002340546496119799,,3.4645669291338583,309
869,0.05,-303.2461538461539,1.6758333333333333,3.044891640866873,37.92879256965944,639,75,0.0025076355795599324,,3.170278637770898,740
870,0.05,-345.1846153846154,1.9933333333333334,3.6194144838212634,39.14637904468413,652,76,0.002505412352331767,,3.7334360554699537,796
871,0.05,-323.8461538461538,1.8033333333333332,3.2542635658914727,38.6124031007752,647,79,0.002592306325230094,,3.387596899224806,96
872,0.05,-309.0769230769231,1.8541666666666667,3.237518910741301,38.37670196671709,663,77,0.002565922316110977,,3.401812688821752,745
873,0.05,-333.9384615384615,1.9066666666666667,3.305514157973174,38.62891207153502,669,77,0.0024429244081712103,,3.449404761904762,9
874,0.05,-340.95384615384614,1.9775,3.382137628111274,38.841874084919475,676,75,0.0025177125680423754,,3.5461200585651538,489
875,0.05,-293.0461538461538,1.7583333333333333,3.1625766871165646,38.53680981595092,653,77,0.0024216972283876447,,3.2960122699386503,891
876,0.05,-304.4153846153846,1.78,3.0707831325301207,38.149096385542165,659,78,0.002315615011819769,,3.2078313253012047,733
877,0.05,-300.0153846153846,1.625,2.9841521394611727,37.670364500792395,636,73,0.0022827219329973536,,3.1061806656101427,382
878,0.05,-295.3384615384615,1.7908333333333333,3.217257318952234,38.85516178736518,658,82,0.0021963230661368677,,3.3636363636363638,143
879,0.05,-323.7230769230769,2.0075,3.4754098360655736,38.868852459016395,677,81,0.0022682153687873614,,3.5907738095238093,265
880,0.05,-291.2307692307692,1.6975,3.081123244929797,37.80499219968799,631,74,0.0021676225052272833,,3.230889235569423,22
881,0.05,-342.9230769230769,1.83,3.2027231467473527,38.29349470499243,654,73,0.002238633876808516,,3.3267776096822996,181
882,0.05,-332.1384615384615,1.8708333333333333,3.488853503184713,38.67356687898089,630,72,0.0023519067637615527,,3.656050955414013,325
883,0.05,-321.7692307692307,1.9733333333333334,3.442942942942943,39.066066066066064,669,78,0.00241881431895021,,3.5765765765765765,574
884,0.05,-360.8461538461538,2.0975,3.7290715372907153,39.656012176560125,665,75,0.0024105843823649465,,3.867579908675799,607
885,0.05,-345.5846153846154,1.9841666666666666,3.3521739130434782,38.802898550724635,695,79,0.0024664028977778602,,3.4985507246376812,532
886,0.05,-365.55384615384617,1.9383333333333332,3.4560862865947612,38.591679506933744,646,72,0.0023372435198424565,,3.6070878274268106,324
887,0.05,-351.5230769230769,2.0108333333333333,3.4038461538461537,38.664201183431956,673,73,0.0023863388420904664,,3.5606508875739644,401
888,0.05,-311.89230769230767,1.7675,3.108761329305136,38.086102719033235,664,74,0.0024303183248774204,,3.273413897280967,734
889,0.05,-316.0615384615384,1.89,3.3287878787878786,38.621212121212125,656,80,0.0023869134073698697,,3.4757575757575756,4
890,0.05,-324.96923076923076,1.895,3.2582089552238807,38.47611940298508,667,75,0.002449728946791174,,3.3940298507462687,450
891,0.05,-338.8461538461538,1.9508333333333334,3.3645833333333335,38.89732142857143,663,79,0.0025007439541333202,,3.49777117384844,379
892,0.05,-336.8153846153846,1.9066666666666667,3.3278443113772456,38.64221556886228,661,71,0.0025228615767658364,,3.4790419161676644,191
893,0.05,-296.7538461538461,1.5991666666666666,2.912363067292645,37.93427230046948,634,69,0.0026404020818443113,,3.0625978090766823,262
894,0.05,-328.30769230769226,1.7383333333333333,3.097372488408037,38.360123647604325,656,72,0.002471615854904594,,3.2612055641421946,878
895,0.05,-341.5230769230769,1.9991666666666668,3.330893118594436,38.99414348462665,700,77,0.002426182532037507,,3.4641288433382136,54
896,0.05,-299.7230769230769,1.7191666666666667,3.100156494522692,38.19718309859155,646,71,0.0024377659373046277,,3.2316118935837244,707
897,0.05,-340.75384615384615,1.9908333333333332,3.3529411764705883,38.71764705882353,676,74,0.0024576966492190285,,3.4911764705882353,204
898,0.05,-336.3692307692308,1.945,3.245639534883721,38.42151162790697,686,77,0.0024412160211408325,,3.3997093023255816,437
899,0.05,-313.95384615384614,1.8741666666666668,3.1671641791044776,38.75373134328358,670,79,0.0023142897947911706,,3.292537313432836,846
