episode,epsilon,total_reward,avg_queue,avg_wait_s,avg_travel_s,throughput,switches,td_loss,q_table_states,avg_delay_s,traffic_seed
0,1.0,-13732.923076923078,79.70833333333333,117.28130081300813,229.95447154471546,660,76,nan,,346.1168353265869,577
1,0.9945,-12520.876923076923,74.9425,108.1567489114659,220.74746008708271,688,79,nan,,286.0764925373134,712
2,0.989,-11765.738461538462,67.51666666666667,91.19143576826197,192.52015113350126,742,75,nan,,253.5314748201439,770
3,0.9835,-13044.938461538462,78.94333333333333,119.37057991513437,220.05657708628004,687,74,0.08938659980875509,,281.31433823529414,798
4,0.9781,-12506.66153846154,72.07083333333334,106.75292397660819,223.01023391812865,684,79,0.00788469203734097,,284.6698292220114,36
5,0.9726,-12577.507692307692,76.65916666666666,114.5497311827957,212.86559139784947,717,74,0.05020419766364669,,227.12873980054397,460
6,0.9673,-11652.753846153846,72.03416666666666,106.8234501347709,209.48382749326146,729,78,0.055708132719370376,,265.2105742935278,371
7,0.9619,-12166.538461538463,75.4125,114.7550471063257,218.6742934051144,681,75,0.006229843453425489,,246.66727107887579,833
8,0.9566,-9380.415384615384,53.255,69.26993166287016,157.1902050113895,799,75,0.01015026412893155,,166.52169981916816,557
9,0.9513,-10359.646153846155,60.276666666666664,90.56368563685636,191.64769647696477,696,78,0.00570841711807287,,245.68849391955098,381
10,0.946,-12531.2,74.09,101.93467336683418,208.60175879396985,751,75,0.009048723264887568,,248.7403414195867,429
11,0.9408,-12147.138461538463,71.14,105.68658698539177,216.91633466135457,700,75,0.005770424799056017,,218.6171003717472,141
12,0.9356,-12715.015384615384,75.35833333333333,94.23221476510066,206.83892617449663,744,79,0.008488432771077458,,285.7076382791923,223
13,0.9304,-12559.907692307694,71.49583333333334,106.47543352601156,222.0635838150289,671,76,0.008265990492658531,,293.07046070460706,784
14,0.9253,-12666.461538461539,82.04,122.40106241699867,234.75697211155378,704,79,0.007546791588539222,,264.44665461121156,762
15,0.9202,-11719.030769230769,59.80166666666667,70.48982188295166,185.73282442748092,796,77,0.00933107057446662,,230.3155929038282,838
16,0.9151,-11138.276923076925,64.18333333333334,94.2059585492228,204.35492227979276,750,80,0.009040041819280753,,204.8847549909256,450
17,0.91,-11231.523076923077,60.42916666666667,75.82810539523211,193.5470514429109,823,80,0.010766794181764579,,250.66870095902354,2
18,0.905,-11063.353846153846,66.1575,92.54278728606357,203.11491442542788,773,78,0.010137527502190094,,201.43128390596746,81
19,0.9,-9773.784615384615,51.105,67.22474747474747,156.86363636363637,758,74,0.012087843140673725,,206.78564683663834,363
20,0.895,-9994.169230769232,58.219166666666666,79.41285537700865,184.0407911001236,733,80,0.011781001749231974,,206.25638766519825,690
21,0.89,-12231.415384615384,59.8225,76.12688442211055,193.65954773869348,836,79,0.012114997208118393,,233.43629697525205,846
22,0.8851,-10591.015384615384,56.72833333333333,75.50776583034647,175.90800477897253,797,76,0.012521960736912629,,208.18085106382978,728
23,0.8802,-10859.676923076922,65.29,89.23507917174177,198.54080389768575,758,79,0.01305117750682066,,204.59538598047914,406
24,0.8753,-11271.615384615387,72.41583333333334,107.05645161290323,222.06586021505376,689,81,0.0144322605208548,,266.93260473588344,636
25,0.8705,-10928.753846153846,57.23833333333334,75.63614744351962,164.46254458977407,780,70,0.014603474291397113,,196.71686203787195,46
26,0.8657,-9766.23076923077,61.19,87.68974042027195,191.29171817058096,728,81,0.015381932683683675,,203.5974729241877,899
27,0.8609,-11798.861538461537,73.13416666666667,108.37015781922526,221.99569583931134,707,79,0.016042184604554987,,292.0100640439158,659
28,0.8561,-12368.846153846152,72.6225,90.5294825511432,199.02406738868834,815,78,0.017097953301178036,,239.61267605633802,869
29,0.8514,-10550.76923076923,58.89666666666667,77.23493975903614,179.51927710843373,786,78,0.017787319915685967,,204.79204339963835,144
30,0.8467,-10659.8,61.375,88.2579415501906,201.25285895806863,731,78,0.017888532412508176,,220.78080985915494,497
31,0.842,-10703.523076923077,71.33,112.49132947976878,222.67485549132948,631,85,0.019298385623084453,,247.64380952380952,885
32,0.8373,-10771.615384615387,64.90833333333333,83.19226393629124,194.80204778156997,824,79,0.018903295361286994,,196.8135593220339,553
33,0.8327,-11052.646153846154,53.310833333333335,63.37057522123894,172.26769911504425,916,76,0.01844088702749085,,148.37805983680872,209
34,0.8281,-10894.723076923077,58.81583333333333,75.6100558659218,182.06033519553074,841,73,0.019247020971282947,,169.19074598677997,512
35,0.8235,-10211.63076923077,55.0525,75.27216748768473,175.00615763546799,789,75,0.01962341442740426,,188.86832061068702,415
36,0.819,-10217.83076923077,58.600833333333334,79.61854460093896,184.69483568075117,788,77,0.02001467630664497,,167.01090909090908,778
37,0.8144,-12922.384615384613,74.28833333333333,103.04947916666667,205.17838541666666,743,74,0.020088726469141397,,249.36111111111111,366
38,0.8099,-11895.353846153845,72.93083333333334,91.90270935960591,208.21182266009853,768,79,0.019934685997785306,,249.7173144876325,472
39,0.8054,-9600.599999999999,43.5925,54.796440489432705,150.18576195773082,879,72,0.020627652740989693,,172.45421903052065,84
40,0.801,-10465.400000000001,53.80583333333333,65.09495896834702,171.5533411488863,829,80,0.020779705572712408,,197.34629294755877,609
41,0.7966,-11222.553846153845,68.33083333333333,99.77791878172589,211.3223350253807,727,79,0.020680937688844436,,216.87767857142856,895
42,0.7922,-9322.615384615385,53.76916666666666,65.79034028540066,155.20636663007684,878,74,0.02035909663022639,,172.3354260089686,781
43,0.7878,-8501.800000000001,44.66916666666667,58.05842696629213,154.17415730337078,849,79,0.021040377959823324,,144.5668498168498,529
44,0.7834,-9389.553846153845,53.3025,66.87727272727273,171.1727272727273,831,80,0.021209950674718564,,170.54918032786884,688
45,0.7791,-10098.861538461537,50.725,65.65196662693683,173.34803337306317,844,78,0.020905550412480194,,166.08809746954077,216
46,0.7748,-9579.076923076924,65.95916666666666,83.64646464646465,176.7171717171717,812,78,0.02122800890847144,,174.28251121076232,502
47,0.7705,-9817.846153846152,47.63666666666666,59.39521640091116,155.57744874715263,875,71,0.021930230493271998,,162.8812615955473,531
48,0.7662,-9525.76923076923,55.53916666666667,75.74309723889556,157.12244897959184,766,73,0.024301490189408314,,174.3186504217432,674
49,0.762,-11853.138461538463,70.54083333333334,95.86649874055415,211.6536523929471,741,81,0.024731804241343677,,251.5053003533569,53
50,0.7578,-8796.292307692309,49.155833333333334,62.57783018867924,158.48820754716982,811,81,0.022987759551223882,,181.05045871559633,515
51,0.7536,-11504.2,61.24,76.32121212121213,199.57818181818183,778,80,0.024307770887251823,,222.78107606679035,147
52,0.7494,-9417.015384615384,53.95583333333333,73.0,174.52224824355972,803,82,0.02270356624774761,,186.55135135135134,587
53,0.7453,-12917.938461538462,67.62916666666666,90.70769230769231,210.82820512820513,778,75,0.023113519372323806,,247.94400699912512,164
54,0.7411,-9420.923076923076,41.5275,48.30022075055188,152.7792494481236,915,78,0.02237915205081585,,168.7862190812721,443
55,0.737,-8870.461538461539,43.84,51.962542565266745,151.09761634506242,888,81,0.02258541919979208,,167.6543438077634,74
56,0.733,-8398.276923076923,39.54083333333333,47.33629300776914,134.8756936736959,898,76,0.022386813498888977,,131.44981751824818,245
57,0.7289,-9438.599999999999,55.94416666666667,69.36754176610978,165.17183770883054,793,78,0.02260611138712866,,210.4662408759124,667
58,0.7249,-9284.23076923077,50.755833333333335,66.9539393939394,166.5539393939394,784,80,0.02191557410767769,,201.6997219647822,760
59,0.7209,-8650.661538461538,44.79833333333333,56.867695700110254,153.6725468577729,858,78,0.021892731298714965,,147.7297794117647,627
60,0.7169,-7997.092307692307,41.92666666666667,55.578828828828826,143.19707207207207,857,72,0.02197306525450712,,132.27820267686425,589
61,0.7129,-8232.261538461538,48.63666666666666,59.19151376146789,144.5940366972477,866,76,0.02118647280819715,,180.35654596100278,887
62,0.709,-9534.446153846155,50.845,60.027542372881356,161.24364406779662,888,77,0.021974183035084374,,122.83348837209303,646
63,0.705,-7674.476923076923,42.69166666666667,54.79037800687285,144.0962199312715,861,78,0.02053617160332916,,153.43449575871819,314
64,0.7011,-8662.8,50.69416666666667,62.08901734104046,158.7549132947977,848,79,0.02124692820784264,,178.91751621872103,105
65,0.6973,-10890.36923076923,54.53333333333333,66.5989010989011,184.5,865,75,0.02138036160082235,,180.84177777777776,344
66,0.6934,-9345.415384615386,53.5325,66.01976744186047,162.5732558139535,847,75,0.022514252015651503,,174.6497227356747,199
67,0.6896,-9144.63076923077,46.98083333333334,63.88652482269504,165.84869976359337,822,77,0.02450696132668541,,180.81376146788992,253
68,0.6858,-7246.307692307692,34.24916666666667,41.93831553973903,122.72597864768683,875,78,0.026060288633037287,,195.15384615384616,49
69,0.682,-11087.784615384615,66.13916666666667,78.35455543358947,190.97914379802415,856,76,0.024305207672894173,,169.064369900272,836
70,0.6782,-8715.076923076924,41.9975,50.57395143487859,149.71081677704194,865,78,0.02400599741733335,,150.84954954954955,106
71,0.6744,-8038.276923076923,42.98833333333334,50.65072765072765,137.96257796257797,920,75,0.02228854693540966,,129.1161116111611,329
72,0.6707,-9061.476923076923,50.446666666666665,64.09529147982063,160.10650224215246,842,76,0.02169822203767268,,150.631483166515,417
73,0.667,-6948.292307692307,34.57,43.63525498891352,129.03658536585365,884,75,0.02258485202329187,,144.5539033457249,98
74,0.6633,-7098.461538461539,36.218333333333334,45.180131004366814,133.58842794759826,888,79,0.021495200816284032,,138.97713280562886,774
75,0.6596,-8952.830769230768,49.29416666666667,61.38156484458735,153.94962486602358,857,76,0.021894131124569713,,142.75089605734766,716
76,0.656,-8133.6,45.80833333333333,54.40237324703344,144.05177993527508,890,77,0.02231075919520183,,134.39577594123048,813
77,0.6524,-6483.307692307692,31.715,37.102296450939455,124.6910229645094,949,80,0.022414706775579895,,144.88070175438597,8
78,0.6487,-7685.66153846154,34.5375,41.69526952695269,129.5115511551155,922,75,0.021673541174938263,,138.23236889692586,867
79,0.6452,-9534.400000000001,51.4025,67.24915062287656,175.70781426953567,819,80,0.02106339879986605,,158.86491228070176,354
80,0.6416,-7627.446153846154,37.840833333333336,43.40495867768595,130.10640495867767,959,73,0.020710239600099108,,103.84725965858041,388
81,0.638,-7501.969230769231,35.5675,44.66586538461539,127.67788461538461,866,74,0.020493541654445894,,167.96989651928504,789
82,0.6345,-7178.307692307692,35.46,43.30148619957537,126.23991507430998,899,73,0.01978724562684906,,126.07642725598527,708
83,0.631,-7377.307692307693,37.020833333333336,44.43777292576419,130.8471615720524,903,77,0.020662685703183453,,129.20299345182414,601
84,0.6275,-7004.876923076922,36.8175,45.31419624217119,130.28601252609604,915,76,0.020546109239761582,,86.96018518518518,220
85,0.624,-9198.23076923077,47.74166666666667,58.16522678185745,162.33693304535637,863,77,0.022642129404627804,,144.68602540834846,384
86,0.6206,-6536.307692307692,32.089166666666664,39.446994535519124,129.2382513661202,873,80,0.019987455501624722,,103.88097469540769,325
87,0.6171,-9232.93846153846,50.388333333333335,60.09197860962567,159.98716577540108,836,79,0.017510980409394965,,156.74273127753304,350
88,0.6137,-8568.584615384616,40.8275,50.90308839190628,148.65708200212993,892,75,0.018689994007113676,,124.71829710144928,604
89,0.6103,-9177.553846153845,59.729166666666664,71.98435754189944,170.21340782122905,828,77,0.019151159372074227,,188.24846356453028,206
90,0.607,-8515.153846153846,45.458333333333336,56.164293537787515,151.44906900328587,871,80,0.01899179335786096,,135.54981549815497,560
91,0.6036,-8088.2307692307695,41.42,53.20962199312715,153.82245131729667,820,80,0.01878449293071911,,128.22940074906367,270
92,0.6003,-8340.338461538464,46.85583333333334,59.00755124056095,160.18446601941747,883,81,0.017851500527149806,,114.18317757009346,251
93,0.5969,-8461.8,40.73916666666667,51.31158605174353,141.67604049493812,899,71,0.01761392842506975,,160.21990950226245,703
94,0.5936,-10121.0,48.515,60.23872387238724,160.34983498349834,845,71,0.017973066648921236,,133.98704902867715,603
95,0.5904,-6476.723076923077,27.838333333333335,32.82702702702703,122.63567567567567,901,76,0.019131337979833053,,97.04507042253522,395
96,0.5871,-7480.092307692307,40.11833333333333,48.698429319371726,143.86596858638742,936,78,0.018582231156149268,,116.17323556370303,89
97,0.5838,-7903.046153846153,38.475833333333334,48.077007700770075,136.1870187018702,898,75,0.01966388342190372,,134.66697502312672,854
98,0.5806,-6912.476923076923,37.486666666666665,45.28055260361318,130.9001062699256,900,76,0.019141821563640322,,121.31830726770929,94
99,0.5774,-10641.415384615384,52.8525,65.04070407040705,183.72167216721672,849,78,0.018891312854594694,,180.7355901189387,100
100,0.5742,-8123.384615384615,48.955,65.82413793103449,168.99540229885056,833,84,0.017761754874195557,,160.66227657572907,126
101,0.571,-6915.215384615385,33.55083333333334,40.37267080745342,127.13146997929607,938,73,0.017966090386655847,,99.30190389845875,69
102,0.5679,-6744.876923076923,36.94416666666667,45.37787056367432,126.84655532359082,879,76,0.017774699352920788,,93.19849482596425,13
103,0.5647,-7769.5999999999985,40.21666666666667,49.434224598930484,145.67165775401068,947,77,0.01838244320936277,,117.32011070110701,623
104,0.5616,-8649.492307692308,40.21333333333333,48.31822971548999,144.6649104320337,929,78,0.01677621473630686,,102.38898916967509,853
105,0.5585,-8014.861538461539,34.266666666666666,42.01012373453318,130.5466816647919,865,72,0.01802542879521784,,150.98657117278424,26
106,0.5554,-7635.461538461538,36.94,43.63086548488008,131.18561001042752,897,76,0.017836933377966747,,125.05008944543829,792
107,0.5523,-7369.938461538462,39.244166666666665,47.7774358974359,131.90358974358975,887,78,0.018873868352335184,,107.92079207920793,19
108,0.5493,-6287.553846153845,35.579166666666666,43.523124357656734,121.38848920863309,892,76,0.017441165343970094,,75.27423822714681,297
109,0.5462,-8146.830769230768,43.0225,53.10835214446953,141.88939051918737,860,77,0.019308314612958587,,163.9065335753176,70
110,0.5432,-8963.0,39.37083333333333,45.24126984126984,136.61481481481482,977,72,0.018508492682622304,,134.36255707762558,814
111,0.5402,-7307.799999999999,35.05833333333333,38.131147540983605,121.45081967213115,933,73,0.01882916961302906,,100.39551569506726,25
112,0.5372,-6363.815384615385,26.309166666666666,30.214435146443513,111.65062761506276,982,74,0.017821770890986032,,121.20402561756633,595
113,0.5343,-8895.96923076923,43.541666666666664,50.79852320675106,152.77848101265823,909,77,0.017231312264360678,,125.94792586054722,291
114,0.5313,-6105.076923076923,31.82,40.107538802660756,126.42350332594235,863,79,0.017642040933975978,,140.44204851752022,718
115,0.5284,-6618.076923076924,35.6725,42.21263157894737,124.95263157894736,938,77,0.016651492701864935,,123.96435100548446,376
116,0.5254,-7628.046153846155,43.138333333333335,49.88786952089704,135.4841997961264,951,72,0.01661581927624847,,82.60757156048015,198
117,0.5225,-6858.707692307692,30.249166666666667,36.145788336933045,118.76565874730022,926,75,0.016172591767861594,,123.00934579439253,281
118,0.5196,-7568.076923076922,39.55583333333333,50.807560137457045,137.5017182130584,852,76,0.016382136437218642,,163.71572212065814,827
119,0.5168,-8799.630769230767,44.156666666666666,52.33197556008147,153.5641547861507,946,76,0.016868665477628803,,110.77838328792008,201
120,0.5139,-6937.923076923076,35.534166666666664,44.604324324324324,126.00108108108108,861,74,0.01733589888575976,,95.40598690364827,162
121,0.5111,-6234.384615384615,26.080833333333334,31.376705141657922,114.19622245540398,947,73,0.01755707618468204,,104.76115241635688,513
122,0.5082,-6211.307692307693,24.749166666666667,29.648509763617678,108.50256937307297,947,69,0.016857989714870184,,70.14697674418605,189
123,0.5054,-8450.061538461538,46.61666666666667,60.49888888888889,161.35,847,80,0.017045298529684286,,137.17527675276753,447
124,0.5026,-6585.138461538461,33.1,38.994758909853246,122.55241090146751,916,76,0.0166971076377001,,122.02765388046387,870
125,0.4998,-7815.861538461538,39.785,48.55209452201933,140.6766917293233,897,80,0.016736606347337965,,90.63680623174294,112
126,0.4971,-6972.984615384616,32.3275,38.63453389830509,131.74576271186442,938,79,0.017654339329653768,,133.5678793256433,692
127,0.4943,-6223.615384615385,25.6575,31.85373781148429,115.6522210184182,914,73,0.017423378941802962,,86.84921369102683,54
128,0.4916,-7744.446153846154,42.25666666666667,50.87552742616034,139.80379746835442,911,76,0.017394707155418018,,108.63172288058341,605
129,0.4889,-6384.630769230769,27.019166666666667,32.61781285231116,121.2108229988726,902,78,0.0182988516421201,,136.25953488372093,121
130,0.4862,-6428.692307692308,29.144166666666667,33.00992063492063,114.49603174603175,988,73,0.017834004484876265,,55.681091251175914,804
131,0.4835,-6660.999999999999,32.43416666666667,39.45876288659794,122.50309278350515,902,74,0.017425530500716623,,95.9860853432282,387
132,0.4808,-6815.984615384616,36.35,43.46735751295337,131.50673575129534,938,77,0.018112979336065076,,99.11369740376007,194
133,0.4781,-7776.569230769232,43.233333333333334,53.03270042194093,142.89345991561183,874,77,0.01856851405900111,,113.65688888888889,56
134,0.4755,-9616.923076923076,46.70916666666667,55.1898597626753,155.14886731391584,962,75,0.01747525364640779,,153.34080717488789,238
135,0.4729,-5707.892307692308,25.254166666666666,30.130480167014614,115.580375782881,953,78,0.017238242816411356,,89.35871559633027,23
136,0.4703,-7202.630769230769,31.596666666666668,37.44174265450861,128.24721377912869,935,75,0.01710483932779676,,85.13375224416517,680
137,0.4677,-6934.184615384616,45.07833333333333,57.94150731158605,146.7795275590551,854,78,0.01673850418324014,,143.54595588235293,649
138,0.4651,-8553.953846153847,47.41,54.898477157360404,152.40304568527918,926,78,0.01568186201588,,116.45985401459853,808
139,0.4625,-5932.8,27.328333333333333,32.43092783505155,112.74226804123711,955,73,0.015412197955986862,,73.3854748603352,181
140,0.4599,-5447.892307692307,27.305,32.6503006012024,111.92284569138276,944,75,0.016205855714888702,,50.67910447761194,576
141,0.4574,-5965.6461538461535,28.731666666666666,34.36605316973415,114.84151329243353,934,75,0.016664007673894334,,76.83017163504968,357
142,0.4549,-6179.6461538461535,28.695,34.5740932642487,120.18549222797928,953,76,0.015905270318693335,,82.76994434137292,374
143,0.4523,-5952.276923076924,33.405833333333334,39.285288270377734,120.07554671968191,951,79,0.014933637772604588,,60.93665158371041,495
144,0.4498,-6699.876923076923,31.684166666666666,38.10366492146597,121.31204188481675,933,75,0.01630266683200135,,102.53193430656934,486
145,0.4474,-8469.96923076923,41.93833333333333,47.973223480947475,141.55097837281153,960,72,0.016075488188616094,,134.08362989323842,353
146,0.4449,-6062.96923076923,29.7425,34.06666666666667,111.33737373737374,944,73,0.01705540801722628,,86.48243992606285,852
147,0.4424,-6338.476923076923,25.670833333333334,28.998043052837573,110.5068493150685,1002,71,0.016743232789356282,,58.25815217391305,334
148,0.44,-7840.276923076924,34.06666666666667,38.722278738555445,126.90030518819938,971,72,0.01587978783001203,,90.02370100273473,657
149,0.4375,-6512.184615384615,34.67166666666667,39.798597194388776,126.20541082164328,979,73,0.016019390380749482,,66.85476410730804,234
150,0.4351,-6240.630769230769,29.3075,34.65725806451613,116.6350806451613,948,72,0.016748134113253498,,67.97332106715731,628
151,0.4327,-7110.476923076923,33.59916666666667,41.984815618221255,133.8698481561822,898,77,0.017152389333545334,,133.39048473967685,142
152,0.4303,-7103.0615384615385,31.644166666666667,38.01348547717842,136.38796680497924,945,80,0.016559842840520398,,107.35156950672646,731
153,0.4279,-6528.0,31.131666666666668,36.98744769874477,119.5020920502092,929,76,0.017070966934950246,,92.9508348794063,111
154,0.4256,-9707.723076923077,47.604166666666664,55.37145855194124,155.62014690451207,938,76,0.016281470187814066,,133.79963570127504,150
155,0.4232,-6798.615384615385,30.36,35.38022426095821,116.83995922528032,967,69,0.01652909652593589,,71.20735155513667,103
156,0.4209,-7117.000000000002,36.235,41.90253807106599,130.8761421319797,944,76,0.015970560910384738,,119.49508489722967,886
157,0.4185,-6007.261538461538,27.9175,32.018090452261305,112.8462311557789,967,73,0.01580020549322046,,75.62813620071685,382
158,0.4162,-6653.461538461537,30.49416666666667,34.36128364389234,118.9472049689441,956,75,0.016018043869407257,,106.32003626473255,93
159,0.4139,-7369.676923076924,37.14333333333333,48.79842342342342,135.95945945945945,850,74,0.016659270960054907,,133.42711234911792,138
160,0.4116,-6882.230769230769,35.87166666666667,40.72575905974535,119.62487757100881,977,73,0.016396761594306152,,70.46457399103139,77
161,0.4094,-6319.723076923076,28.84,33.87291666666667,116.12916666666666,932,74,0.01587569927762903,,127.94333042720139,701
162,0.4071,-6557.923076923077,37.3775,47.07219827586207,136.05711206896552,871,80,0.016588834550777507,,102.49586016559337,173
163,0.4048,-6418.015384615385,28.8225,33.59893617021277,124.69787234042553,919,80,0.017071764139720374,,115.21087160262418,45
164,0.4026,-6336.246153846155,29.9525,34.583093179634965,115.29298751200768,975,75,0.01625660466085626,,59.21672661870504,891
165,0.4004,-6512.769230769231,28.629166666666666,32.306,113.19,990,73,0.01576930201434091,,78.76470588235294,738
166,0.3982,-5665.707692307693,26.653333333333332,33.51162790697674,118.46088794926004,893,77,0.015889172852992784,,97.45545454545454,346
167,0.396,-5866.430769230768,22.915,27.04820512820513,107.18153846153847,961,73,0.01551220833710082,,48.11787072243346,212
168,0.3938,-8217.36923076923,41.51083333333333,48.40628166160081,136.43161094224925,930,73,0.01481088304940914,,95.50663129973475,292
169,0.3916,-6688.630769230769,29.573333333333334,33.82082082082082,115.45245245245245,959,70,0.015803157808370213,,91.18974820143885,153
170,0.3894,-6801.953846153847,32.035,37.94659685863874,127.88795811518325,939,76,0.015508598574963832,,105.01545454545455,264
171,0.3873,-5504.107692307693,23.724166666666665,27.917171717171716,112.78383838383839,955,75,0.014387508516828795,,83.3501838235294,590
172,0.3851,-6630.123076923077,31.370833333333334,34.98640776699029,114.86699029126214,1006,68,0.01438930292508277,,64.13741134751773,337
173,0.383,-6349.538461538461,32.61,40.4468313641246,126.76799140708916,895,82,0.014566078561585495,,112.19781221513217,888
174,0.3809,-6409.6461538461535,30.426666666666666,37.09443861490031,119.09024134312696,919,74,0.014073717225825374,,83.08371665133394,721
175,0.3788,-5841.892307692307,24.826666666666668,29.608870967741936,102.92842741935483,975,69,0.013914932655304245,,54.96047794117647,389
176,0.3767,-5654.307692307692,22.458333333333332,26.93340163934426,108.71209016393442,938,70,0.014283741680082717,,62.465028355387524,893
177,0.3746,-5127.969230769231,20.2125,24.65605749486653,103.05338809034907,935,75,0.014053218577661652,,67.63568075117371,514
178,0.3725,-5408.799999999999,21.886666666666667,24.692836113837096,102.2963689892051,1006,74,0.013559279345333214,,44.201451905626136,647
179,0.3705,-6905.169230769231,27.9625,32.468842729970326,115.51730959446093,998,70,0.013416755526816749,,66.38392050587173,195
180,0.3684,-7058.353846153846,32.33833333333333,37.781151832460736,126.86910994764398,930,76,0.013233246576335797,,136.38066202090593,28
181,0.3664,-7261.323076923075,37.70916666666667,44.15094339622642,135.46276067527307,969,72,0.01301974088271386,,88.85340314136126,284
182,0.3643,-5937.630769230769,27.03,33.89673340358272,114.47418335089569,915,73,0.013471495665087856,,76.02690166975881,783
183,0.3623,-5445.815384615385,23.679166666666667,27.867,107.087,960,75,0.013627617324009423,,57.61917808219178,418
184,0.3603,-6151.815384615384,35.031666666666666,40.46730769230769,121.46634615384616,973,70,0.013486308169380313,,59.97,358
185,0.3583,-5208.553846153846,22.7025,25.935114503816795,101.67270992366412,998,70,0.013187190671092478,,31.265193370165747,583
186,0.3563,-8022.846153846152,35.4525,43.28898128898129,138.66008316008316,914,72,0.012890985551497043,,105.9608378870674,857
187,0.3544,-6923.092307692307,31.836666666666666,37.91752577319588,124.72886597938144,943,74,0.013310936901287955,,102.26396396396396,445
188,0.3524,-5509.307692307692,21.884166666666665,24.35734331150608,101.64639850327409,1025,69,0.013699153283504717,,47.27894257064722,208
189,0.3505,-7321.03076923077,32.024166666666666,37.71603677221655,126.36670071501533,946,74,0.013060301419013737,,96.58159722222223,884
190,0.3485,-6926.738461538462,32.1625,36.526785714285715,121.92261904761905,1012,73,0.013063947431403933,,78.10427807486631,521
191,0.3466,-6308.523076923077,24.74,28.125379170879675,111.98887765419616,978,72,0.012859110364768599,,99.7408424908425,296
192,0.3447,-6450.16923076923,30.208333333333332,34.088469184890656,118.0506958250497,974,74,0.012580038934915012,,77.77232142857143,303
193,0.3428,-6584.276923076923,26.366666666666667,29.259881422924902,114.01086956521739,982,68,0.013029309021693606,,64.43497757847534,12
194,0.3409,-6758.5230769230775,31.174166666666668,35.05223171889838,115.44824311490979,1013,72,0.012733972442526628,,63.68738898756661,99
195,0.339,-5936.4,25.649166666666666,29.223953261927946,110.83933787731256,992,73,0.01344153943979707,,56.53712190650779,550
196,0.3371,-5603.692307692307,21.94,24.17596153846154,104.99326923076923,1016,75,0.013382010925827106,,60.217194570135746,518
197,0.3352,-7469.076923076923,40.6375,45.4180569185476,132.18351324828262,948,73,0.012944761085863107,,100.71553228621292,438
198,0.3334,-6858.4,28.1,31.83960396039604,114.52970297029702,973,69,0.013282007182026294,,80.83791208791209,158
199,0.3315,-5896.153846153846,26.921666666666667,29.527985074626866,103.40764925373135,1062,72,0.01303698964790373,,54.336796536796534,606
200,0.3297,-5754.723076923077,23.24,24.87232059645853,99.43802423112768,1048,69,0.013196820955802092,,34.830615942028984,634
201,0.3279,-5611.338461538461,25.8675,28.947318007662837,105.66187739463602,975,71,0.013173602333747985,,46.474499089253186,63
202,0.3261,-5914.4,24.439166666666665,28.724798387096776,108.61391129032258,960,70,0.013163111531633756,,62.7740164684355,359
203,0.3243,-5420.292307692308,22.0875,25.15566502463054,107.30541871921183,981,72,0.014738225742310523,,79.55147717099373,274
204,0.3225,-6122.2,26.018333333333334,31.98103266596417,120.78714436248683,918,79,0.014348532665464726,,91.20821661998133,817
205,0.3207,-5935.507692307692,25.545833333333334,29.82520325203252,118.15345528455285,975,78,0.012708208280775927,,87.33635539437897,662
206,0.3189,-7933.107692307692,38.89,43.387573964497044,137.07692307692307,990,75,0.0126357690790253,,101.54334226988382,729
207,0.3172,-7426.7692307692305,31.839166666666667,37.2249742002064,134.26934984520125,938,77,0.012658238140133919,,123.8585496866607,669
208,0.3154,-5896.323076923076,27.455,31.403864734299518,116.44734299516908,974,76,0.013760147067360723,,77.79789103690685,221
209,0.3137,-6019.66153846154,26.549166666666668,29.738326848249027,110.16245136186771,990,73,0.013169312226169936,,57.54882459312839,724
210,0.3119,-7675.6923076923085,34.24,38.916666666666664,130.1529535864979,961,73,0.013438375289300255,,126.8869644484959,566
211,0.3102,-5692.2307692307695,23.054166666666667,26.088178294573645,104.25678294573643,1005,69,0.013326128548734942,,79.0,140
212,0.3085,-6330.969230769231,28.5075,31.647058823529413,111.44551591128254,1007,72,0.012998174888054043,,68.03859964093357,165
213,0.3068,-5375.092307692308,22.344166666666666,26.49209694415174,113.74920969441517,948,77,0.014000354373003529,,67.55958055290753,117
214,0.3051,-5617.984615384616,23.850833333333334,27.604123711340208,110.69587628865979,961,73,0.013137487264836696,,83.27605118829982,594
215,0.3034,-6445.569230769231,37.16416666666667,41.8664047151277,134.73084479371317,981,76,0.013044707678952255,,80.76051188299817,889
216,0.3017,-5386.2,20.99,25.366906474820144,109.44604316546763,965,73,0.012893409923055496,,57.21092278719397,422
217,0.3,-6150.630769230769,24.1775,29.470404984423677,115.84527518172378,938,73,0.013065613971094863,,77.95496323529412,222
218,0.2984,-5178.615384615385,19.824166666666667,22.49122807017544,103.25633528265107,990,74,0.013107702440358629,,59.16368767638758,5
219,0.2967,-6307.276923076923,25.3,29.429158110882955,118.21971252566735,967,76,0.012642213409984554,,95.61455525606469,136
220,0.2951,-5743.892307692307,22.095833333333335,25.24974093264249,110.00621761658032,935,75,0.01311138134268437,,96.44136657433056,633
221,0.2935,-5792.430769230769,21.623333333333335,23.640975609756097,103.65951219512195,996,72,0.013390807570820649,,77.33938294010889,318
222,0.2918,-7516.1846153846145,32.535833333333336,38.171457905544145,133.77926078028747,960,74,0.012687704855888297,,89.14611005692599,326
223,0.2902,-5702.569230769231,23.501666666666665,26.073863636363637,106.09564393939394,1031,69,0.012364837061826735,,44.532010820559066,786
224,0.2886,-6598.676923076923,28.541666666666668,30.739170506912444,110.70783410138249,1057,69,0.012084973818426131,,63.42532751091703,290
225,0.287,-5043.369230769231,27.175,27.332434860736747,87.14914645103325,1043,62,0.011894074235156558,,33.02502234137623,734
226,0.2854,-6330.907692307692,32.21,35.2678916827853,118.1605415860735,1027,72,0.01118524097914105,,44.280783582089555,834
227,0.2838,-7085.676923076922,34.68,41.747433264887064,135.81622176591375,923,80,0.011790320949994082,,111.28834355828221,261
228,0.2823,-5624.2307692307695,21.310833333333335,24.294117647058822,112.1683569979716,976,78,0.012096878284443545,,72.41843971631205,707
229,0.2807,-6447.861538461539,27.010833333333334,31.49462365591398,118.03440860215053,908,77,0.011041798392562738,,106.15068493150685,484
230,0.2792,-6370.56923076923,25.039166666666667,29.682622268470343,117.65660770031218,940,76,0.01186636040756099,,71.97779833487512,186
231,0.2776,-5666.815384615385,22.87,26.142857142857142,110.1320197044335,993,75,0.011475470559771392,,68.60908281389136,356
232,0.2761,-4996.369230769231,21.886666666666667,25.27386692381871,95.23625843780135,993,68,0.011722272326199101,,28.31244064577398,876
233,0.2746,-5164.153846153846,20.555,23.65872259294566,98.91897044804576,976,68,0.011962688453180926,,29.09,160
234,0.273,-6971.861538461539,31.6775,37.071280991735534,131.43285123966942,933,80,0.012502333626201264,,118.29541446208113,269
235,0.2715,-4959.292307692307,18.58,21.609218436873746,102.39879759519039,981,72,0.012056418814652378,,53.77953488372093,123
236,0.27,-5366.953846153847,24.04083333333333,26.710982658959537,95.55298651252409,1032,65,0.011857001274975314,,29.230250481695567,454
237,0.2685,-5772.738461538462,24.953333333333333,28.091439688715955,103.91828793774319,1014,68,0.01321774217391641,,37.610074626865675,533
238,0.267,-6259.723076923077,28.683333333333334,32.025390625,112.29296875,1016,69,0.012437021316848724,,75.37625570776255,644
239,0.2656,-5502.415384615384,21.919166666666666,24.725868725868725,106.0550193050193,1002,73,0.011688475408111808,,45.06472196900638,538
240,0.2641,-5902.138461538461,24.274166666666666,26.949948927477017,106.37180796731359,952,72,0.011130871630413269,,80.8744053282588,754
241,0.2626,-4612.753846153846,17.12,19.554133858267715,96.44783464566929,982,72,0.011313862500826007,,44.44117647058823,740
242,0.2612,-4785.323076923078,19.159166666666668,21.8568665377176,97.9100580270793,998,72,0.011082096936495504,,51.92760180995475,519
243,0.2597,-5683.107692307693,27.3825,32.84969325153374,113.60838445807771,947,76,0.01166433210174319,,60.78537956888472,691
244,0.2583,-5613.83076923077,19.7525,22.34323770491803,106.10758196721312,964,73,0.011447667599460538,,59.45283018867924,839
245,0.2569,-5666.7692307692305,24.226666666666667,27.30350194552529,110.51264591439688,980,77,0.012103041935580912,,60.99644128113879,654
246,0.2555,-6405.676923076923,28.800833333333333,32.335650446871895,121.10923535253228,1000,77,0.011835330773081446,,85.46236559139786,401
247,0.254,-6261.923076923076,32.53333333333333,34.87191216834401,118.16925892040256,1035,70,0.011359907381297192,,59.630755864465684,68
248,0.2526,-5047.400000000001,19.548333333333332,22.15591915303176,100.4735322425409,1000,70,0.012153260227228001,,38.226450999048524,758
249,0.2512,-5594.953846153847,22.5975,26.048632218844986,109.39614994934144,974,72,0.011860075541050867,,95.4885004599816,602
250,0.2498,-4923.953846153847,20.164166666666667,23.484158415841584,101.94356435643564,978,75,0.011527905746758972,,44.507407407407406,865
251,0.2485,-5837.0,23.831666666666667,29.410094637223974,117.51945320715036,943,76,0.0118814290088878,,102.34657039711192,277
252,0.2471,-5839.0,25.69,29.43713163064833,115.0746561886051,1002,76,0.012037952012791167,,78.46888694127958,321
253,0.2457,-5031.2307692307695,19.283333333333335,22.377560975609757,105.74341463414635,989,74,0.011697895707177585,,59.70214669051878,386
254,0.2444,-6216.030769230769,24.739166666666666,27.508133971291866,107.33971291866028,1005,68,0.011631756839477016,,47.25089928057554,273
255,0.243,-6021.63076923077,23.493333333333332,26.263,113.142,995,78,0.01192050980492262,,89.48141592920354,660
256,0.2417,-5812.430769230768,24.201666666666668,29.43723849372385,117.21443514644352,941,77,0.011612529417052795,,100.11270125223614,522
257,0.2403,-5556.384615384614,20.924166666666668,23.582135523613964,110.35420944558521,966,78,0.01125711313661429,,73.88786764705883,161
258,0.239,-6051.092307692308,28.02,31.765346534653464,118.1920792079208,990,75,0.011693529819367462,,76.78445883441258,58
259,0.2377,-4612.030769230769,19.414166666666667,24.582291666666666,101.75416666666666,929,71,0.01177679532060593,,38.5968534906588,579
260,0.2364,-5225.969230769231,18.743333333333332,21.42814667988107,102.39841427155599,1011,72,0.011520851838039955,,47.422779922779924,509
261,0.2351,-5319.615384615385,30.045,32.40306582506763,94.4517583408476,1026,67,0.011711011755882742,,33.67377777777778,163
262,0.2338,-5580.153846153847,23.3875,28.444557477110884,113.75076297049847,913,78,0.011596233647436425,,88.85879218472469,64
263,0.2325,-5969.123076923077,23.099166666666665,26.078354554358473,116.25563173359451,994,77,0.011360724866340623,,69.58760107816711,575
264,0.2312,-5343.2307692307695,20.8825,25.225352112676056,114.82448537378114,912,78,0.01098343958058502,,120.92399267399267,471
265,0.2299,-4612.276923076923,20.6325,24.08587786259542,91.46278625954199,968,67,0.010917388083270488,,32.446906740535546,168
266,0.2286,-5893.0,21.749166666666667,23.928571428571427,108.6969111969112,1018,72,0.011612829489949447,,81.55614973262033,807
267,0.2274,-5438.430769230768,19.655,22.683119447186574,102.8400789733465,999,71,0.01154038153243301,,54.968372093023255,109
268,0.2261,-5411.569230769231,17.9175,21.393908629441626,105.73807106598984,989,74,0.010932693679704439,,58.69166666666667,41
269,0.2249,-6546.169230769231,32.9225,35.553949903660886,118.77167630057804,1012,73,0.010894637929639739,,84.0595026642984,776
270,0.2236,-6039.3538461538465,20.675833333333333,22.976673427991887,106.48377281947262,1003,69,0.011177886423849573,,78.52051048313582,416
271,0.2224,-5921.153846153847,20.879166666666666,23.674111675126902,109.65685279187818,965,76,0.011665110992385307,,91.58087578194817,683
272,0.2211,-5717.2307692307695,20.956666666666667,22.65196548418025,105.09300095877278,1008,74,0.011683866198960694,,48.61594202898551,101
273,0.2199,-6002.584615384615,25.270833333333332,30.221202854230377,113.85219164118247,970,74,0.011685037963832997,,65.09041591320073,508
274,0.2187,-5798.523076923077,21.9975,25.671219512195123,111.29073170731708,973,76,0.012327809354805935,,55.70753860127157,120
275,0.2175,-6173.0615384615385,22.258333333333333,26.170212765957448,114.66489361702128,955,76,0.012427663201302326,,98.03271028037383,892
276,0.2163,-5427.707692307692,18.591666666666665,21.333679833679835,107.42203742203742,964,76,0.012387863183963772,,90.85516605166052,459
277,0.2151,-5308.6,22.535833333333333,25.206364513018322,104.1427193828351,982,72,0.0119807318795903,,64.03666361136573,480
278,0.2139,-5585.3538461538465,17.4275,20.714139344262296,105.9764344262295,966,70,0.011671598663581374,,82.78225068618481,475
279,0.2127,-3836.3230769230777,15.483333333333333,18.089407191448007,79.01943634596695,993,69,0.011907454600962937,,22.91643192488263,752
280,0.2115,-5963.015384615384,22.955,25.15015321756895,112.1164453524004,1006,77,0.012121271870771985,,84.51009174311926,448
281,0.2104,-4044.246153846154,16.985,18.224247948951685,78.18869644484958,1064,65,0.011825705795179069,,18.782331511839708,380
282,0.2092,-4647.215384615384,18.534166666666668,20.67200754005655,85.61828463713478,1033,64,0.012156905778230915,,26.75712971481141,304
283,0.208,-5698.338461538462,21.985833333333332,24.778719397363464,97.99905838041431,1016,66,0.012124473669912247,,34.61700182815356,477
284,0.2069,-5204.446153846154,21.188333333333333,24.38645038167939,104.83396946564885,1012,74,0.012170703236740549,,46.347396768402156,640
285,0.2058,-6210.953846153847,32.538333333333334,34.80703422053232,118.56083650190114,1017,72,0.012037260076097204,,55.61145926589078,821
286,0.2046,-5916.661538461539,23.946666666666665,29.28646934460888,115.73044397463002,939,79,0.012491275176151853,,111.3095667870036,227
287,0.2035,-5975.153846153846,24.520833333333332,27.546950629235237,113.01161665053243,1008,75,0.011548639821765619,,70.6061135371179,873
288,0.2024,-7024.630769230768,34.01083333333333,39.19398642095053,128.2521823472357,927,77,0.01133037049766689,,101.74845542806707,795
289,0.2012,-4370.86153846154,16.938333333333333,18.943977591036415,86.90943043884221,1050,62,0.010980736230100763,,20.967562557924005,745
290,0.2001,-4765.492307692308,20.649166666666666,23.275348837209304,85.92186046511628,1045,60,0.010923769282670142,,23.79813953488372,439
291,0.199,-5436.0615384615385,20.61,21.85860465116279,98.7506976744186,1058,67,0.011896455140236323,,28.91789667896679,771
292,0.1979,-4204.6461538461535,18.001666666666665,20.65300285986654,83.90467111534795,1003,66,0.012750764390469278,,24.861495844875346,597
293,0.1968,-6098.092307692308,25.983333333333334,29.541095890410958,107.70743639921722,1012,65,0.012018775953724418,,43.648148148148145,610
294,0.1957,-4942.169230769231,22.8925,26.1906577693041,91.7721639656816,1018,62,0.012361572155330262,,27.834285714285713,119
295,0.1946,-5331.538461538462,23.129166666666666,26.335892514395393,101.23032629558541,996,70,0.012300630892159159,,41.04296160877514,859
296,0.1936,-6092.707692307692,24.658333333333335,29.1988011988012,116.01198801198801,961,73,0.011697526199498993,,68.91493212669683,24
297,0.1925,-5704.523076923077,23.716666666666665,26.928639391056137,104.24452901998097,975,70,0.011930444701347276,,49.80977312390925,544
298,0.1914,-7925.861538461539,32.18666666666667,36.00840336134454,121.34360410830999,1024,67,0.012266254957398075,,73.25912733748886,170
299,0.1904,-5692.953846153847,31.520833333333332,36.66699314397649,118.46327130264447,966,75,0.012194359145579382,,58.17480035492458,278
300,0.1893,-4230.215384615385,17.154166666666665,18.451553930530164,79.75228519195612,1066,65,0.01236178844084802,,18.505434782608695,420
301,0.1883,-4855.846153846154,22.925833333333333,25.27094972067039,94.9608938547486,1040,69,0.012209733070492288,,28.528767123287672,15
302,0.1872,-5730.830769230769,22.7575,26.058823529411764,107.8313725490196,992,72,0.011491260664353386,,45.614525139664806,678
303,0.1862,-4074.9230769230767,18.5825,21.848927875243664,91.8869395711501,973,73,0.01149060738065144,,28.62476370510397,517
304,0.1852,-5776.2307692307695,23.99416666666667,26.953326713008938,108.82720953326714,990,73,0.011413690860830161,,49.65855940130964,92
305,0.1841,-5944.215384615384,25.2,29.276830491474424,115.81243731193581,962,75,0.011237875013934109,,59.7545955882353,55
306,0.1831,-4912.246153846154,19.77166666666667,21.354656632173096,89.70460959548448,1017,68,0.01152415130839611,,27.46702800361337,343
307,0.1821,-4971.907692307692,16.63083333333333,19.07043650793651,94.46230158730158,995,70,0.012414165919913739,,38.864104967197754,118
308,0.1811,-5443.523076923077,22.38083333333333,26.684771033013845,115.70820021299255,895,79,0.012100212709545543,,92.53086419753086,464
309,0.1801,-5571.1846153846145,26.22833333333333,29.50892018779343,101.52769953051643,1019,66,0.011581944295254828,,32.29139685476411,629
310,0.1791,-5798.184615384616,22.8475,25.258225324027915,107.26221335992024,984,72,0.011977697419050295,,77.01014760147602,145
311,0.1781,-3825.0461538461536,16.360833333333332,18.52251407129456,78.96435272045028,1030,66,0.011426769091789418,,19.76040703052729,666
312,0.1771,-3179.923076923077,14.110833333333334,16.600574712643677,77.90708812260536,982,69,0.011865838878270496,,19.9289055191768,398
313,0.1762,-5571.030769230769,22.809166666666666,26.42926356589147,106.45445736434108,984,70,0.012323509413532406,,73.46853146853147,596
314,0.1752,-4863.461538461539,17.661666666666665,19.8875,90.29615384615384,1016,63,0.01221493569846235,,24.284755512943434,449
315,0.1742,-5101.4,21.835833333333333,25.083333333333332,104.68869731800767,1004,74,0.012874449076135344,,53.147644927536234,246
316,0.1732,-4613.892307692308,18.734166666666667,22.065656565656564,104.8050505050505,957,77,0.012225028461358745,,55.13202247191011,759
317,0.1723,-5066.107692307693,20.746666666666666,24.188790560471976,108.023598820059,982,77,0.011960494163517204,,81.6351590106007,80
318,0.1713,-5327.092307692307,19.435833333333335,22.48807157057654,105.57952286282305,981,75,0.012105877023153399,,59.44179651695692,582
319,0.1704,-6080.246153846154,24.319166666666668,26.66733067729084,113.82669322709164,1002,76,0.01152347710242322,,95.21295474711624,225
320,0.1694,-5735.0615384615385,20.7025,23.565573770491802,110.31454918032787,976,75,0.011560062291080473,,82.79278445883442,551
321,0.1685,-5799.123076923077,24.000833333333333,26.52123552123552,102.8445945945946,1010,71,0.01162925105434584,,34.239852398523986,391
322,0.1676,-3054.4,13.7925,15.86266924564797,71.58607350096712,1022,68,0.012030611420265054,,15.995164410058027,20
323,0.1666,-6084.492307692308,25.1275,29.418652849740933,119.84145077720207,957,79,0.0122182792056597,,72.4459706959707,250
324,0.1657,-5595.83076923077,22.83416666666667,26.765243902439025,112.1941056910569,965,77,0.011298963369113743,,89.07053571428571,35
325,0.1648,-5659.123076923077,21.384166666666665,25.25894736842105,112.49368421052631,926,79,0.011114346925204455,,116.09270927092709,18
326,0.1639,-5013.538461538461,19.319166666666668,22.923976608187136,106.15497076023392,958,76,0.011342059066744513,,64.00268576544315,670
327,0.163,-4552.892307692307,19.0025,21.540826128722383,96.45629202689722,1006,74,0.011461340338103634,,47.56490599820949,500
328,0.1621,-6245.107692307693,31.3075,32.25139146567718,110.34879406307978,1046,64,0.011212045527315077,,43.7338782924614,559
329,0.1612,-4469.723076923076,21.145,23.59043062200957,89.29569377990431,1004,71,0.011930401714645829,,26.95947219604147,205
330,0.1603,-4954.430769230769,19.845,20.25069380203515,94.45698427382054,1058,71,0.01198589613496739,,35.25788999098287,882
331,0.1594,-4346.0,17.175833333333333,19.05560704355885,84.76830398517146,1038,67,0.011756220662904984,,25.045412418906395,485
332,0.1585,-5336.307692307692,23.893333333333334,26.11376146788991,100.55688073394495,1031,68,0.011421602180936737,,50.284710017574696,506
333,0.1577,-5023.538461538462,21.729166666666668,24.05724838411819,97.4478301015697,1021,70,0.011400113088478122,,37.3702726473175,400
334,0.1568,-5671.476923076923,23.150833333333335,25.97938144329897,105.97000937207123,1018,71,0.011974568564547943,,45.67665198237886,735
335,0.1559,-5031.569230769231,17.015,18.528884462151396,102.61254980079681,1000,74,0.011597813688035813,,80.7195340501792,799
336,0.155,-4565.0,16.4625,18.92741165234002,90.00573065902579,1007,68,0.010995504468181927,,34.78590544157003,479
337,0.1542,-2797.046153846154,13.130833333333333,15.310344827586206,66.53927203065135,1008,63,0.011577036010162961,,15.925442684063373,403
338,0.1533,-5468.476923076923,24.191666666666666,25.25958965209634,96.90008920606601,1051,64,0.011714283077181637,,30.198398576512457,863
339,0.1525,-5654.076923076923,23.430833333333332,25.81740775780511,105.07568590350047,1032,70,0.011944686420150228,,43.3731884057971,71
340,0.1516,-6646.261538461538,30.951666666666668,35.424211597151576,133.82197355035606,985,78,0.012658923209910205,,85.70582959641256,310
341,0.1508,-5352.338461538461,24.805833333333332,28.655072463768114,102.44057971014493,983,73,0.012345722893458427,,35.946046511627905,548
342,0.15,-5284.046153846153,20.076666666666668,22.486564299424185,100.65930902111324,1009,69,0.012202940684220018,,49.42524619516562,578
343,0.1491,-6445.16923076923,24.5125,27.483253588516746,115.63923444976076,1029,73,0.011890622733574585,,55.96964285714286,412
344,0.1483,-5615.446153846155,24.461666666666666,29.668756530825497,114.80564263322884,940,75,0.012266001925373686,,64.46011131725417,840
345,0.1475,-5988.2307692307695,23.451666666666668,25.72533849129594,104.93423597678917,1021,72,0.011496279578248184,,52.07559198542805,79
346,0.1467,-4345.015384615384,16.823333333333334,20.27072927072927,97.63036963036963,978,74,0.012173523146669613,,53.43410138248848,365
347,0.1459,-5161.707692307692,20.3975,23.121673003802282,102.55988593155894,990,72,0.011501845575929214,,39.72801450589302,569
348,0.1451,-5380.138461538461,22.589166666666667,26.155972359328725,109.59921026653504,992,75,0.012679722704198423,,69.9269366197183,713
349,0.1443,-4204.107692307693,15.360833333333334,18.374628344895935,94.49058473736373,981,72,0.012232582733212602,,56.345521023766,85
350,0.1435,-5587.984615384615,20.615833333333335,23.52621359223301,107.47572815533981,1032,76,0.0120900045133562,,55.28949691085614,534
351,0.1427,-5295.461538461539,18.234166666666667,21.393393393393392,101.31331331331332,977,72,0.012225675554873165,,55.07136322049405,626
352,0.1419,-6638.6923076923085,23.291666666666668,26.183070866141733,112.61023622047244,994,72,0.012201605504363089,,83.63851044504996,166
353,0.1411,-5639.6923076923085,20.688333333333333,22.323529411764707,103.40796963946869,1030,73,0.011905470169645592,,43.01437556154537,494
354,0.1403,-5047.723076923077,20.629166666666666,23.146435452793835,95.878612716763,1020,71,0.012046224320061154,,46.79057591623037,482
355,0.1395,-5362.430769230769,21.065,24.352713178294575,103.77228682170542,985,72,0.012167689523383679,,40.79612546125461,214
356,0.1388,-3737.138461538462,19.67,22.165242165242166,79.66286799620133,1020,66,0.01196844638385091,,22.314339981006647,635
357,0.138,-5257.9384615384615,17.779166666666665,19.517441860465116,99.84689922480621,1020,69,0.01185350752581934,,50.68173598553346,367
358,0.1372,-4555.061538461539,17.171666666666667,19.526416906820366,89.14313160422671,1007,65,0.011970249476276982,,21.16745061147695,812
359,0.1365,-5222.553846153845,16.88,18.721407624633432,100.06842619745845,1012,71,0.012696006703989739,,51.395306859205775,122
360,0.1357,-5442.661538461539,22.979166666666668,26.857707509881422,109.33498023715416,966,75,0.012083406060860783,,57.21847246891652,711
361,0.135,-6381.446153846155,24.081666666666667,29.13065843621399,118.06687242798354,964,74,0.012013471121177724,,69.16697416974169,542
362,0.1342,-5628.815384615385,21.698333333333334,26.314558979808716,115.64824654622741,933,79,0.012245708551962156,,99.9376130198915,841
363,0.1335,-4072.753846153846,20.8725,23.646780303030305,88.19981060606061,1009,72,0.012598149771385535,,24.871627906976745,545
364,0.1327,-5909.661538461538,22.166666666666668,25.374880153403645,107.67497603068072,992,69,0.01345993983917737,,36.24860335195531,556
365,0.132,-5622.076923076924,21.31833333333333,24.245714285714286,105.44190476190477,1003,72,0.013149653843759816,,30.621572212065814,866
366,0.1313,-5188.184615384616,21.00583333333333,24.68056968463886,112.78433367243133,950,80,0.012906948414185538,,76.27504553734062,305
367,0.1306,-5746.076923076923,22.756666666666668,26.096192384769537,114.4879759519038,979,76,0.012003845272076085,,72.79285059578369,871
368,0.1298,-4260.369230769231,17.01,19.00561797752809,85.83520599250936,1035,69,0.011925663002348508,,30.949775784753363,468
369,0.1291,-4715.199999999999,19.04,21.42642924086223,99.19681349578256,1035,73,0.012098784728531419,,44.28111011638317,732
370,0.1284,-4471.092307692307,17.420833333333334,21.2280163599182,98.08486707566462,939,74,0.01236057621957219,,44.50852272727273,671
371,0.1277,-4362.015384615384,17.115833333333335,18.21389891696751,77.91696750902527,1095,63,0.012100026805894348,,19.292418772563177,720
372,0.127,-6004.8,20.916666666666668,22.921475875118258,106.15137180700094,1049,67,0.01183257722654272,,53.14660633484163,394
373,0.1263,-4984.507692307692,18.558333333333334,21.3715953307393,101.91342412451363,989,73,0.012953445920330268,,37.840823970037455,470
374,0.1256,-5069.384615384615,20.159166666666668,23.38235294117647,102.51960784313725,980,74,0.012772034139204488,,49.07692307692308,505
375,0.1249,-5703.03076923077,20.875,23.881709741550697,109.1958250497018,975,76,0.011596766636709548,,71.21933751119069,254
376,0.1242,-5107.799999999999,19.18,21.55243445692884,98.062734082397,1011,68,0.011905713070022169,,50.41317898486198,96
377,0.1235,-5181.092307692307,18.1225,21.285714285714285,108.29591836734694,974,77,0.011905742332276785,,70.125,527
378,0.1228,-5552.984615384616,22.488333333333333,26.000996015936256,114.28585657370517,986,81,0.011616101560968902,,75.25286343612335,127
379,0.1221,-5140.507692307692,22.176666666666666,26.16521739130435,106.18647342995169,996,68,0.011996188974331527,,62.194371152154794,432
380,0.1215,-5054.476923076923,20.32,22.926029962546817,99.81179775280899,1024,70,0.01259388189543877,,39.63475177304964,790
381,0.1208,-4566.723076923077,19.525,22.649756097560974,97.57463414634147,982,75,0.011983104841414223,,38.841915085817526,696
382,0.1201,-4267.107692307693,17.710833333333333,19.81495327102804,88.9214953271028,1033,70,0.012327606765070165,,35.29576194770063,481
383,0.1195,-5266.0,19.791666666666668,22.057971014492754,103.4183574879227,1028,74,0.012209075798035957,,41.08485401459854,421
384,0.1188,-5011.076923076923,19.0575,21.522837706511176,99.14965986394557,1008,70,0.01196243179021022,,47.00905797101449,848
385,0.1181,-6801.015384615384,30.324166666666667,32.799429657794676,121.30608365019012,984,71,0.011408007631310543,,60.941964285714285,200
386,0.1175,-5533.861538461539,20.988333333333333,24.18713450292398,106.01559454191033,984,69,0.011319148189889036,,59.53950953678474,348
387,0.1168,-5594.723076923077,20.326666666666668,23.000987166831194,109.02566633761106,974,76,0.011473677059075751,,78.47757255936675,788
388,0.1162,-4154.907692307693,15.638333333333334,18.317738791423,86.01461988304094,991,65,0.012348218860899507,,24.938388625592417,702
389,0.1156,-5536.292307692307,20.1175,22.31704885343968,105.53439680957129,1006,71,0.011873018225374201,,55.107879924953096,802
390,0.1149,-4760.430769230768,19.476666666666667,22.629990262901654,98.43816942551119,982,72,0.012010999060130373,,31.43679245283019,717
391,0.1143,-5539.430769230769,20.800833333333333,23.211253701875616,109.4294175715696,991,78,0.01215625590080087,,71.55446428571429,877
392,0.1136,-4922.323076923078,21.435833333333335,24.29087452471483,106.3051330798479,1013,75,0.011807709840922118,,41.85234305923961,665
393,0.113,-3945.8000000000006,14.815,16.758784425451093,79.77682811016145,1024,67,0.011737584778784187,,17.119092627599244,91
394,0.1124,-5896.553846153846,24.914166666666667,26.39107142857143,94.53839285714285,1074,60,0.011207937770046254,,28.145405887600358,219
395,0.1118,-4304.615384615385,15.543333333333333,18.181110029211293,87.21713729308667,993,68,0.012353126233042487,,24.080416272469254,177
396,0.1112,-4272.6461538461535,16.2875,18.691542288557216,90.96517412935323,973,72,0.012512336017348307,,38.86511627906977,27
397,0.1105,-4734.446153846155,21.03,22.6937618147448,93.56616257088847,1051,70,0.012031945753831668,,38.50819672131148,90
398,0.1099,-5067.215384615384,18.929166666666667,22.253507014028056,105.26553106212425,977,73,0.011423226663574646,,53.350419384902146,768
399,0.1093,-5371.892307692307,28.83416666666667,30.553171641791046,99.47574626865672,1034,65,0.01214674181613019,,31.931255728689276,451
400,0.1087,-2574.953846153846,11.261666666666667,12.391992551210429,65.07448789571694,1033,69,0.013266949842985515,,12.904981549815497,679
401,0.1081,-5401.169230769231,19.819166666666668,23.293293293293292,104.64964964964965,983,72,0.012397536407954978,,61.25238095238095,861
402,0.1075,-4974.246153846154,19.591666666666665,21.43813953488372,95.6493023255814,1044,67,0.011774680986119949,,40.75947136563877,619
403,0.1069,-4935.446153846154,19.3025,21.385998107852412,97.32544938505204,1009,72,0.012349428134921753,,56.803603603603605,327
404,0.1063,-5250.492307692308,17.96,19.532304725168757,102.02603664416586,999,72,0.012090294890851576,,64.49429323968393,355
405,0.1057,-6625.215384615385,32.483333333333334,34.26606334841629,109.1945701357466,1067,64,0.011960844407802594,,42.87653239929948,433
406,0.1052,-5035.092307692308,18.981666666666666,21.164237123420797,95.64431486880467,985,68,0.012167513746085665,,41.58096980786825,737
407,0.1046,-3625.230769230769,15.3775,18.114230396902226,78.51597289448209,997,64,0.011845236157222699,,20.706831119544592,621
408,0.104,-6163.6461538461535,22.8575,25.145299145299145,105.48622981956315,1061,68,0.012070105315631172,,68.9780316344464,128
409,0.1034,-4207.369230769231,16.5775,20.864921465968585,97.35392670157069,930,74,0.012126760644192089,,39.08787010506208,446
410,0.1028,-5214.076923076924,17.7075,20.77880658436214,107.29115226337449,958,74,0.011498347385839533,,66.00761179828734,42
411,0.1023,-4866.138461538461,23.31833333333333,25.975678203928904,98.06267539756782,1028,67,0.011378259506497606,,32.4721723518851,831
412,0.1017,-5322.6923076923085,18.0275,19.47091932457786,99.95403377110694,1044,73,0.011298292628115592,,39.65829596412556,878
413,0.1011,-4877.4,19.149166666666666,23.11871227364185,103.31790744466801,959,72,0.01135831857464133,,61.819762122598355,467
414,0.1006,-5469.6,22.075833333333332,25.002904162633108,108.69506292352372,998,77,0.011044910369913221,,53.326259946949605,437
415,0.1,-2953.046153846154,13.124166666666667,14.704857928505957,66.37855178735106,1065,60,0.010739601784362346,,14.847846012832264,231
416,0.0995,-4835.046153846154,18.845833333333335,20.700831024930746,92.34164358264081,1040,65,0.010789514353404443,,27.40339892665474,498
417,0.0989,-5103.692307692308,20.719166666666666,22.13799283154122,84.82078853046595,1101,58,0.01089146411146938,,25.82437275985663,462
418,0.0984,-5140.3076923076915,22.06,24.985521235521237,105.58783783783784,992,74,0.010365302331606466,,70.20454545454545,263
419,0.0978,-3757.5538461538467,15.545833333333333,17.52029520295203,77.2629151291513,1034,63,0.011235399796394189,,20.480542986425338,39
420,0.0973,-6508.784615384616,25.449166666666667,28.37142857142857,117.09950738916257,987,76,0.012018792412221561,,91.50709219858156,611
421,0.0968,-4978.692307692308,21.784166666666668,25.025862068965516,98.55076628352491,1001,72,0.012220782626522745,,53.41063644289451,785
422,0.0962,-3207.799999999999,14.6975,17.346456692913385,73.41929133858268,978,68,0.01205593798765616,,17.6337890625,107
423,0.0957,-5523.2,19.941666666666666,22.11495327102804,98.35607476635514,1040,68,0.011499435569915199,,39.24730215827338,766
424,0.0952,-5250.276923076924,30.56833333333333,33.68902991840435,99.82683590208522,1021,61,0.011656867462923635,,37.61443661971831,331
425,0.0946,-5293.815384615384,19.8525,21.455331412103746,102.09990393852065,1010,73,0.012037701159767914,,47.648,17
426,0.0941,-4891.015384615384,23.204166666666666,24.794358507734305,87.67879890809827,1057,62,0.011790749354461307,,26.502274795268427,152
427,0.0936,-4000.4615384615386,15.5625,17.320147194112234,81.81508739650414,1065,63,0.011350299771322913,,20.90064397424103,299
428,0.0931,-7510.13846153846,28.763333333333332,32.438383838383835,117.68686868686869,950,67,0.011027839075090883,,102.19964664310955,744
429,0.0926,-5033.846153846154,18.2475,22.212278876170657,107.19354838709677,935,76,0.011234239379919074,,84.55727272727273,52
430,0.092,-4890.6461538461535,16.561666666666667,19.76004016064257,104.38152610441767,955,76,0.01132477577836082,,70.84981684981685,338
431,0.0915,-5150.661538461539,21.425,25.9375,113.67943548387096,945,82,0.010974443576030776,,64.68928571428572,167
432,0.091,-3463.4,15.200833333333334,17.021495327102805,69.21775700934579,1048,58,0.011015299812594718,,17.218691588785045,207
433,0.0905,-4389.03076923077,22.749166666666667,24.946877912395152,88.54613233923578,1029,66,0.010774059910437676,,26.761861313868614,748
434,0.09,-7843.430769230769,29.554166666666667,34.72132796780684,124.1066398390342,994,68,0.011320651166773636,,73.6149012567325,452
435,0.0895,-5811.400000000001,21.701666666666668,25.413622902270482,109.88055281342547,980,72,0.011484322323058514,,51.8752276867031,335
436,0.089,-4649.7692307692305,17.14666666666667,18.740284360189573,94.67772511848341,1019,67,0.010831421933311639,,49.72400756143667,725
437,0.0885,-4772.784615384616,17.5475,20.997989949748742,104.66733668341709,970,74,0.010568008300310378,,62.60110294117647,435
438,0.088,-4729.553846153845,19.349166666666665,22.83083083083083,100.25225225225225,963,73,0.011404457577636563,,49.33787465940055,773
439,0.0876,-4101.2307692307695,17.458333333333332,20.22952380952381,88.64952380952381,1020,70,0.011793029830696612,,24.827522935779818,474
440,0.0871,-5700.046153846153,22.606666666666666,26.911458333333332,113.39583333333333,925,77,0.011511397775137164,,83.29636533084809,411
441,0.0866,-4614.907692307693,18.256666666666668,20.962441314553992,89.9530516431925,983,65,0.010830671149685105,,26.04343891402715,530
442,0.0861,-4940.553846153846,16.576666666666668,17.77148253068933,96.84135977337111,1032,68,0.010808533711679507,,42.346296296296295,697
443,0.0856,-2515.5692307692307,11.46,12.728093947606142,62.7226738934056,1070,65,0.011442435575095899,,12.831978319783198,777
444,0.0852,-3488.169230769231,13.689166666666667,15.262126865671641,70.58582089552239,1032,63,0.011541603320515608,,15.841417910447761,37
445,0.0847,-5914.384615384615,23.784166666666668,28.95916230366492,117.72251308900523,924,77,0.011229083712672804,,80.304114490161,323
446,0.0842,-4541.323076923078,24.094166666666666,26.520510483135826,84.84776663628077,1045,60,0.010802475178976227,,26.700091157702825,148
447,0.0838,-3410.661538461539,14.839166666666667,16.56180811808118,72.46678966789668,1053,64,0.011511497391611421,,16.696774193548386,440
448,0.0833,-4921.307692307693,18.421666666666667,22.00900900900901,107.58758758758759,957,77,0.011048742513333508,,87.81550802139037,375
449,0.0828,-5220.707692307693,19.611666666666668,22.786786786786788,108.17717717717717,969,78,0.010750996950399952,,60.251145737855175,405
450,0.0824,-5262.507692307692,20.86,24.006750241080038,108.50819672131148,997,76,0.010576505620205187,,45.82201834862385,714
451,0.0819,-4180.107692307693,18.641666666666666,20.919354838709676,82.81499051233396,1019,64,0.010481366021038737,,21.086337760910816,311
452,0.0815,-5093.707692307692,21.445833333333333,22.952079566003615,97.23236889692586,1051,71,0.01114166012048371,,33.88612099644128,330
453,0.081,-5086.661538461538,17.014166666666668,19.209369024856596,99.52007648183556,1011,72,0.010684907377221435,,52.44313011828935,116
454,0.0806,-4623.415384615384,16.9825,20.106573705179283,97.2878486055777,974,70,0.010985558070472051,,58.559276018099546,653
455,0.0801,-4764.584615384615,19.048333333333332,21.66275659824047,97.66862170087977,999,73,0.011889926497722638,,39.25,360
456,0.0797,-5575.153846153846,21.753333333333334,24.688262910798123,109.4225352112676,1024,71,0.011195870338356376,,47.80735551663748,75
457,0.0792,-5716.907692307692,18.204166666666666,19.010566762728146,95.77329490874159,1043,65,0.011208249964157837,,26.837008628954937,133
458,0.0788,-5035.799999999999,17.616666666666667,20.01453488372093,95.54069767441861,1039,70,0.011728333387142314,,45.75658492279746,511
459,0.0784,-5030.738461538462,18.503333333333334,21.42157842157842,104.16483516483517,971,72,0.010740875391604298,,52.39385474860335,294
460,0.0779,-5680.461538461539,19.97,23.193037974683545,110.32700421940929,928,76,0.01085516645323789,,82.4322033898305,244
461,0.0775,-5966.369230769231,20.129166666666666,22.417238001958864,99.4975514201763,1020,65,0.011135005596371155,,41.592007434944236,320
462,0.0771,-6078.846153846153,23.189166666666665,25.071033210332104,102.69557195571956,1050,64,0.011822049083339089,,45.269094138543515,493
463,0.0766,-4880.907692307692,15.7775,17.615458015267176,93.39885496183206,1006,66,0.011543151172530913,,38.652093023255816,685
464,0.0762,-4674.738461538462,18.82,21.08712121212121,100.0653409090909,1004,74,0.012383839745639868,,36.75319926873858,151
465,0.0758,-4927.030769230769,19.555,24.038657171922686,107.48423194303153,940,77,0.011946177812428007,,54.482824427480914,837
466,0.0754,-6198.184615384616,26.625,30.251423149905122,112.78462998102466,1014,68,0.011263527580598832,,63.31000885739593,47
467,0.075,-4308.092307692308,16.9575,20.069268292682928,96.00878048780488,980,72,0.011946075318463834,,43.84072398190045,295
468,0.0745,-4623.953846153847,16.995833333333334,17.76591928251121,84.62959641255605,1083,63,0.012074710006017236,,19.77309417040359,600
469,0.0741,-5418.461538461539,20.4375,22.444547996272135,98.7856477166822,1058,68,0.011385860080077163,,48.4580812445981,769
470,0.0737,-5418.815384615385,19.224166666666665,21.224254090471607,101.61886429258902,1012,73,0.011482571923113732,,58.38640429338104,86
471,0.0733,-4728.0615384615385,17.640833333333333,20.54404646660213,102.74733785091965,983,74,0.011313184651982685,,69.66253321523472,313
472,0.0729,-6071.876923076923,22.99,24.91058394160584,101.19981751824818,1050,64,0.01080816358639632,,28.805983680870355,182
473,0.0725,-5715.446153846154,20.260833333333334,22.404595404595405,110.44555444555445,991,79,0.011342891283723323,,79.39572192513369,805
474,0.0721,-5053.707692307692,15.871666666666666,17.26479146459748,99.99321047526674,1019,73,0.011434553559874973,,41.72348141432457,419
475,0.0717,-6108.6461538461535,25.231666666666666,28.733926805143422,111.72205736894165,991,73,0.011112633138956357,,58.980162308385935,83
476,0.0713,-4374.276923076923,20.7225,22.68014705882353,80.6498161764706,1064,60,0.011069971413178514,,22.831801470588236,765
477,0.0709,-4286.200000000001,15.91,17.85687382297552,77.09133709981168,1045,60,0.01115540565300055,,18.016949152542374,266
478,0.0705,-5810.892307692307,21.400833333333335,24.796610169491526,112.67996011964108,982,72,0.011741399559062286,,83.76831501831502,539
479,0.0701,-4899.907692307692,22.999166666666667,24.805077062556663,86.17225747960109,1063,61,0.011714838060686072,,25.375565610859727,524
480,0.0697,-5071.292307692308,19.856666666666666,23.256889763779526,106.5994094488189,971,77,0.012132437388222166,,71.39095744680851,642
481,0.0694,-4666.507692307692,15.345,17.7982017982018,94.89310689310689,982,69,0.01182730666519734,,33.61819887429643,580
482,0.069,-5105.907692307692,18.401666666666667,20.29288321167883,86.94160583941606,1071,65,0.012141899200411267,,27.245844269466318,229
483,0.0686,-5615.184615384616,21.408333333333335,25.402251791197543,112.68577277379734,961,75,0.012334483840898823,,82.3391384051329,185
484,0.0682,-5143.138461538461,19.176666666666666,22.600196463654225,96.27603143418467,982,66,0.011754094863237037,,31.86529466791394,567
485,0.0678,-4587.553846153846,17.5325,19.7177734375,86.134765625,1001,66,0.01280354817034963,,27.29062209842154,426
486,0.0675,-5933.476923076923,20.6975,22.275,106.19038461538462,1018,73,0.013046996953234679,,69.06124314442413,124
487,0.0671,-4569.092307692308,16.579166666666666,17.59452296819788,86.32508833922262,1081,63,0.012585957560955444,,18.228596646072376,33
488,0.0667,-4750.9384615384615,19.501666666666665,22.112391930835734,96.63112391930835,1018,69,0.012288982054185332,,37.353479853479854,694
489,0.0664,-4604.676923076923,15.845833333333333,17.92717086834734,93.10830999066293,1046,68,0.01186330336674674,,26.34647112740605,455
490,0.066,-3320.5076923076917,13.945833333333333,15.094897045658012,72.72605192479857,1068,64,0.013077741998668057,,15.514771709937332,44
491,0.0656,-5150.6461538461535,18.574166666666667,21.471734892787524,103.94931773879142,979,74,0.012625514735606788,,55.486510791366904,709
492,0.0653,-4924.953846153846,24.3325,26.622201492537314,93.6455223880597,1019,64,0.011772848447584158,,29.495479204339965,262
493,0.0649,-4435.876923076924,17.16583333333333,20.421875,94.486328125,972,69,0.012263357891880785,,54.65570776255708,615
494,0.0645,-4320.384615384615,19.531666666666666,21.24374420759963,77.69786839666358,1075,55,0.011937632122286058,,21.814986123959297,457
495,0.0642,-4933.8,16.640833333333333,18.60348162475822,100.41586073500967,1006,70,0.011914655186393201,,55.06388888888889,397
496,0.0638,-4730.076923076924,18.305833333333332,20.655042412818098,88.5636192271442,1015,64,0.01251118125500232,,23.426592797783933,31
497,0.0635,-5159.107692307693,18.1175,21.238045738045738,105.6881496881497,922,73,0.012433034647737472,,48.84666039510819,137
498,0.0631,-4132.276923076923,15.465833333333334,17.33955223880597,84.71921641791045,1047,66,0.011798309473379653,,23.102115915363385,599
499,0.0628,-5270.092307692308,19.789166666666667,20.932656826568266,92.78413284132841,1064,69,0.012373648715010531,,21.169741697416974,648
500,0.0624,-4617.553846153846,20.3125,24.081474296799225,91.4161008729389,966,65,0.011884439878900838,,30.180633147113593,436
501,0.0621,-4795.6923076923085,21.079166666666666,23.555966697502313,89.0767807585569,1029,63,0.01205847732150513,,26.098198198198197,864
502,0.0617,-5426.553846153845,18.665,20.786064769381746,102.28263002944063,1025,69,0.012014178879436633,,56.52197802197802,755
503,0.0614,-3634.4000000000005,14.97,17.677511961722487,84.89282296650718,991,71,0.011514735362681995,,35.72367236723672,407
504,0.0611,-5327.830769230768,18.47833333333333,19.93664717348928,98.55750487329435,1022,70,0.011905458532056129,,35.01841620626151,155
505,0.0607,-5369.446153846155,19.10333333333333,20.57909604519774,99.08380414312617,1055,71,0.01135754960480034,,49.35357142857143,175
506,0.0604,-5133.523076923077,18.741666666666667,21.725742574257424,101.98217821782178,988,70,0.011674096685981739,,47.80386740331492,402
507,0.06,-5365.107692307693,20.83,22.425942962281507,89.00643974241031,1075,61,0.011985247674167272,,26.080882352941178,618
508,0.0597,-5080.83076923077,20.726666666666667,22.647593097184377,85.18619436875568,1041,61,0.013499408359326736,,22.93006357856494,340
509,0.0594,-3785.492307692308,14.365,16.38197026022305,79.47583643122677,1046,66,0.013004472701215906,,21.28481012658228,232
510,0.0591,-5278.553846153846,19.330833333333334,22.51837140019861,104.78947368421052,963,74,0.012372738752119064,,59.64630811303555,423
511,0.0587,-3737.8615384615387,15.02,17.49759846301633,82.29298751200768,1001,66,0.01338703214703338,,19.4976167778837,851
512,0.0584,-5793.046153846153,18.539166666666667,21.028735632183906,99.51819923371647,1012,69,0.012802863854564866,,36.47940074906367,38
513,0.0581,-4826.092307692308,18.539166666666667,20.442518248175183,93.76186131386861,1041,68,0.012756153803091305,,28.87900355871886,767
514,0.0578,-5015.676923076923,18.476666666666667,19.965391621129324,93.66939890710383,1042,65,0.012400017972503483,,34.5140350877193,491
515,0.0574,-4092.123076923077,15.754166666666666,15.952727272727273,69.0709090909091,1111,52,0.012159107963020757,,16.091818181818184,572
516,0.0571,-5331.738461538461,18.98,22.27008032128514,109.20582329317268,966,77,0.012259625295649284,,76.64109589041095,88
517,0.0568,-5273.861538461539,17.514166666666668,19.259052924791085,91.59888579387187,1043,62,0.011741905053447148,,25.381340579710145,756
518,0.0565,-5105.2307692307695,19.246666666666666,22.852307692307694,110.44923076923077,966,78,0.012345198606167705,,73.31558935361217,742
519,0.0562,-4994.369230769231,17.1575,18.41003787878788,97.66856060606061,1028,72,0.012237559906607097,,61.867383512544805,564
520,0.0559,-2446.892307692308,9.7875,10.833944954128441,58.14954128440367,1087,61,0.01179943989119992,,11.07967032967033,339
521,0.0556,-4392.092307692308,16.868333333333332,19.06063522617902,88.89605389797883,1040,63,0.012575211483247629,,25.683301343570058,733
522,0.0553,-4415.323076923078,16.06833333333333,17.805755395683452,84.68075539568345,1060,64,0.013005329885398329,,29.912775330396475,794
523,0.0549,-6433.723076923076,24.414166666666667,28.393410852713178,105.78197674418605,997,63,0.01263163125116441,,37.342776203966004,806
524,0.0546,-5014.2,19.204166666666666,21.715759849906192,98.00187617260788,1011,69,0.012476541491391461,,46.549500454132605,555
525,0.0543,-4433.076923076923,15.994166666666667,17.982954545454547,91.2159090909091,1005,68,0.012253536074539929,,28.339366515837103,478
526,0.054,-5170.369230769231,20.381666666666668,23.645410628019324,108.64444444444445,992,74,0.012433920584277855,,69.45627705627706,622
527,0.0537,-5709.199999999999,21.085833333333333,23.415399239543728,109.07889733840304,1017,74,0.012922447435388701,,53.30865298840321,59
528,0.0534,-3998.1538461538457,15.713333333333333,18.259505703422054,81.05608365019012,1004,66,0.01311960089311581,,27.268050541516246,761
529,0.0531,-3687.369230769231,19.6,21.66544454628781,76.99541704857928,1081,56,0.012600145555438695,,22.336669699727025,815
530,0.0529,-5946.938461538462,24.2225,25.01150442477876,97.65309734513275,1113,60,0.012393244246961971,,43.64857881136951,61
531,0.0526,-6501.492307692308,23.350833333333334,26.848151848151847,110.42057942057941,985,70,0.01308231628481646,,76.40106477373558,293
532,0.0523,-4167.246153846154,15.4425,17.682451253481894,81.37233054781801,1038,60,0.013660554633759358,,18.042711234911792,453
533,0.052,-5144.092307692308,16.485,17.703125,100.3642578125,999,71,0.012817094391996482,,36.78151260504202,312
534,0.0517,-3740.6,14.9425,16.533882783882785,69.42857142857143,1108,56,0.0123144308955266,,16.658737419945105,651
535,0.0514,-5399.538461538461,21.333333333333332,23.680517082179133,91.64727608494921,1018,56,0.012019633811998012,,24.28714676390155,726
536,0.0511,-3807.0615384615385,15.3375,18.245098039215687,80.91960784313726,985,66,0.01214454227356095,,21.10940499040307,676
537,0.0508,-5835.046153846153,19.194166666666668,21.357862903225808,105.59677419354838,986,70,0.01168222158900612,,99.37030411449017,404
538,0.0506,-4530.169230769231,17.179166666666667,21.019095477386934,101.34070351758794,945,77,0.011758165814919149,,45.268807339449545,558
539,0.0503,-5364.56923076923,16.249166666666667,16.610377358490567,97.4066037735849,1059,70,0.012444441757938645,,39.18198037466548,0
540,0.05,-4339.676923076923,17.3875,19.612395929694728,80.60037002775208,1033,58,0.012340442359592568,,23.23792160437557,584
541,0.05,-5383.4,19.7975,20.949494949494948,102.5169880624426,1073,70,0.012335200859374805,,52.03808680248007,791
542,0.05,-4591.553846153846,15.935833333333333,18.998992950654582,96.69184290030212,983,70,0.01145842192971687,,36.274269557021675,349
543,0.05,-4430.384615384615,15.411666666666667,18.06758080313418,97.93241919686582,967,72,0.012123662654107768,,55.325581395348834,473
544,0.05,-6564.1076923076935,28.489166666666666,31.593364928909953,119.8824644549763,1015,70,0.011820954807017529,,65.87730061349693,239
545,0.05,-4279.9384615384615,18.4775,21.55608820709492,91.1006711409396,975,68,0.011784662049645732,,29.725703905540417,652
546,0.05,-4883.753846153846,17.808333333333334,20.401140684410645,99.02091254752851,996,73,0.012099704836657451,,44.98047914818101,643
547,0.05,-4936.03076923077,18.1675,20.27922077922078,97.87198515769944,1026,71,0.012207748870753897,,46.70774647887324,741
548,0.05,-4795.984615384616,18.6675,21.65047619047619,86.35904761904762,1019,59,0.011807035919271583,,23.569431500465985,255
549,0.05,-4671.553846153845,18.43166666666667,20.119133574007222,91.2283393501805,1059,65,0.0123189739538845,,31.434325744308232,858
550,0.05,-5320.215384615384,19.379166666666666,21.07136150234742,101.67793427230048,1025,71,0.012224248675589007,,61.03921568627451,235
551,0.05,-4780.015384615384,16.814166666666665,19.485294117647058,91.53823529411764,1019,65,0.011252447577821744,,37.57433056325023,300
552,0.05,-6035.153846153846,23.236666666666668,26.095328884652048,106.35462345090562,1012,65,0.011684266571475118,,60.35640138408304,242
553,0.05,-5526.907692307692,20.356666666666666,23.618253189401376,98.01275760549558,992,64,0.011823044134941015,,44.85808893093661,183
554,0.05,-5579.430769230768,21.138333333333332,23.632038834951455,103.01747572815535,1002,67,0.01169563966773258,,43.93925657298277,469
555,0.05,-5229.123076923077,18.091666666666665,20.259086672879775,93.43056849953402,1059,64,0.012306903370025662,,23.164958061509786,543
556,0.05,-4782.16923076923,16.2875,17.996179560649473,97.0792741165234,1028,73,0.012587053253129319,,28.85410895660203,32
557,0.05,-5601.046153846154,22.134166666666665,25.221052631578946,101.82966507177034,1021,68,0.011949761627956221,,40.95181818181818,860
558,0.05,-4079.338461538462,18.680833333333332,20.725398313027178,81.05529522024368,1027,64,0.01173947138286046,,23.32851985559567,361
559,0.05,-5471.430769230768,20.855,22.78826764436297,97.6865261228231,1055,68,0.01205814648660003,,44.066724436741765,747
560,0.05,-5695.015384615384,20.82,21.977798334875114,103.22941720629048,1062,72,0.011957525624599952,,35.22638146167558,336
561,0.05,-4113.046153846153,16.395833333333332,17.952983725135624,82.52802893309223,1057,65,0.011679930562412297,,20.922043010752688,489
562,0.05,-4585.507692307691,16.5825,19.486301369863014,92.84735812133073,998,69,0.012039051517012667,,32.510299625468164,809
563,0.05,-4696.938461538461,16.390833333333333,18.95532319391635,94.68250950570342,1015,68,0.01211300645858655,,31.49407474931632,825
564,0.05,-4652.723076923077,17.3825,19.108356290174473,86.5068870523416,1054,63,0.011501044495926942,,21.28405017921147,638
565,0.05,-6414.184615384615,21.234166666666667,22.0631479736098,107.07257304429783,1056,71,0.012163261499439129,,26.92497712717292,202
566,0.05,-5151.092307692308,17.328333333333333,19.575408261287222,95.54851104707012,1013,67,0.01194140858068266,,35.35422602089269,620
567,0.05,-3590.630769230769,16.668333333333333,19.104323308270676,71.5,1045,54,0.01200280333920647,,19.23308270676692,187
568,0.05,-5541.523076923077,19.31,20.587102983638115,103.45813282001924,1010,72,0.012047693014725242,,68.85370205173952,298
569,0.05,-5473.876923076923,20.106666666666666,22.622309197651663,103.65557729941291,1007,71,0.011552662963060041,,62.37158469945355,157
570,0.05,-4315.799999999999,15.811666666666667,18.68731563421829,96.04326450344149,985,72,0.012578121909887196,,38.185528756957325,456
571,0.05,-4972.476923076923,17.631666666666668,19.48640776699029,99.58932038834952,1015,71,0.012039571530665346,,39.16168224299066,256
572,0.05,-4883.553846153846,20.208333333333332,24.723535457348408,110.43679342240493,933,78,0.01178920016362749,,62.38648648648649,316
573,0.05,-5285.723076923077,19.225,21.880079286422202,103.60555004955401,977,72,0.010907698400708973,,52.89236430542778,43
574,0.05,-4999.338461538462,17.319166666666668,19.312439729990356,101.6162005785921,1011,72,0.011032022550456613,,73.01295097132285,252
575,0.05,-6447.615384615385,26.529166666666665,28.169476486246673,92.8890860692103,1105,53,0.011169175069299651,,28.407275953859806,385
576,0.05,-6938.96923076923,27.218333333333334,29.834661354581673,122.43326693227091,978,73,0.011164055781467386,,74.31935771632472,192
577,0.05,-5151.199999999999,28.615833333333335,31.016453382084094,91.79433272394881,1022,56,0.01165203525255009,,31.27504553734062,159
578,0.05,-5246.3538461538465,18.929166666666667,21.497441146366427,110.9007164790174,956,78,0.01218417308279462,,88.608,236
579,0.05,-4690.569230769231,15.621666666666666,17.356398104265402,97.1914691943128,1032,71,0.013230084416762882,,39.068654019873534,196
580,0.05,-4651.738461538462,16.5925,19.128598848368522,95.96641074856046,1020,68,0.013341275168001066,,58.57142857142857,309
581,0.05,-5709.5230769230775,19.5025,20.823529411764707,92.06925996204933,1053,62,0.012191290337018828,,25.417979610750695,476
582,0.05,-5423.43076923077,17.594166666666666,20.417536534446764,110.44780793319416,945,81,0.01238971818248323,,101.95294117647059,842
583,0.05,-3989.63076923077,17.845,19.728093947606144,78.34417344173441,1065,63,0.012829080194987153,,19.875338753387535,203
584,0.05,-5515.861538461539,18.555833333333332,22.053797468354432,110.26582278481013,932,77,0.012425472332855866,,91.53561767357981,10
585,0.05,-4215.338461538461,15.449166666666667,17.046728971962615,72.39252336448598,1040,57,0.011788657447977594,,17.23556797020484,34
586,0.05,-5002.553846153845,18.384166666666665,21.20805369127517,98.65196548418025,1012,68,0.01173589663820256,,36.23952641165756,14
587,0.05,-3768.1384615384613,12.571666666666667,13.520754716981132,68.60377358490567,1082,55,0.011283258118252431,,13.74622641509434,342
588,0.05,-3801.7384615384613,16.249166666666667,17.919675090252706,72.14440433212997,1072,55,0.011467423441825681,,18.417870036101082,656
589,0.05,-4791.907692307692,21.846666666666668,23.63211009174312,84.99174311926606,1046,60,0.011702543046458659,,25.03052064631957,894
590,0.05,-5708.569230769232,22.695833333333333,24.600921658986174,100.23041474654377,1096,64,0.011136488357811449,,27.901563937442504,793
591,0.05,-4485.907692307692,20.849166666666665,23.292051756007393,79.77726432532347,1026,58,0.01077814723755637,,23.600921658986174,190
592,0.05,-4250.507692307692,15.418333333333333,17.429650613786592,90.92256846081209,1020,70,0.010735320259167827,,22.4533702677747,705
593,0.05,-4701.630769230769,16.4225,18.617702448210924,89.95668549905838,1098,62,0.01121225781601873,,23.639359698681734,306
594,0.05,-5618.0,21.105,24.444102564102565,111.75179487179487,961,77,0.011131406061876209,,88.43248175182482,332
595,0.05,-5588.738461538462,18.911666666666665,20.220767072029936,101.19925163704397,1021,69,0.011135098969889177,,37.09065934065934,631
596,0.05,-5106.015384615384,17.5525,19.290448343079923,102.0925925925926,1005,74,0.011516100458103345,,54.03535811423391,764
597,0.05,-2810.538461538462,12.158333333333333,13.982259570494865,62.74883286647992,1035,55,0.011560128485714343,,14.070028011204482,370
598,0.05,-4970.923076923077,19.045,21.809204218600193,101.82837967401726,1015,73,0.011650800434603448,,45.789103690685415,224
599,0.05,-4941.707692307692,17.480833333333333,20.482,100.365,1008,71,0.011098174443947076,,65.83379758588673,779
600,0.05,-5966.476923076923,20.015833333333333,21.10958904109589,101.84383561643835,1079,66,0.010875569983674338,,45.86367713004484,169
601,0.05,-5078.7692307692305,19.599166666666665,22.34443387250238,101.89343482397716,1000,72,0.011150336790636657,,47.58575197889182,746
602,0.05,-5288.36923076923,18.59,20.147906976744185,97.26790697674419,1054,64,0.011218343016693024,,29.88594890510949,114
603,0.05,-6227.492307692308,25.859166666666667,27.17287488061127,105.62464183381088,1039,70,0.01088955222326086,,54.69353410097431,379
604,0.05,-3174.7076923076925,15.9225,18.087535680304473,68.36726926736442,998,60,0.010805176472531628,,18.21313035204567,488
605,0.05,-5472.6923076923085,19.185833333333335,21.092365692742696,97.95758718190386,1037,65,0.011095933792991218,,29.851083883129125,226
606,0.05,-3386.6,16.98,18.88322520852641,69.88693234476366,1064,57,0.011033619552258551,,19.009267840593143,289
607,0.05,-3952.4000000000005,15.1825,15.869402985074627,79.58208955223881,1085,68,0.01147169925544737,,17.52891791044776,672
608,0.05,-4429.96923076923,16.87,19.026266416510317,89.88086303939963,1041,66,0.011543515752420809,,25.05130513051305,739
609,0.05,-3373.9846153846156,14.450833333333334,16.398095238095237,77.3647619047619,1001,67,0.011168379814061947,,23.102752293577982,843
610,0.05,-5024.3076923076915,16.861666666666668,19.853387259858444,97.84934277047523,960,66,0.011397918388372083,,52.73025048169557,410
611,0.05,-5621.984615384616,22.816666666666666,25.730143540669857,107.11483253588517,1003,68,0.010882445686434298,,72.78776978417267,463
612,0.05,-6000.953846153846,22.354166666666668,25.032038834951457,106.97961165048544,993,73,0.011106392538242417,,54.74614687216682,396
613,0.05,-3319.56923076923,13.954166666666667,16.875728155339807,69.68640776699029,951,55,0.01105090586224043,,17.025242718446602,372
614,0.05,-4263.3076923076915,16.815,19.401725790987538,80.15627996164909,1010,60,0.01156937842866939,,21.583333333333332,698
615,0.05,-5185.692307692308,31.354166666666668,33.824134705332085,96.03461178671655,1057,54,0.011262297850446981,,38.3348623853211,625
616,0.05,-5170.430769230769,33.083333333333336,36.70793036750484,93.62088974854932,1014,48,0.011651066193192172,,45.49664429530201,373
617,0.05,-4026.3846153846157,15.1375,16.931647940074907,85.87640449438203,1016,69,0.012208929677279098,,28.84351851851852,585
618,0.05,-4852.476923076923,20.41583333333333,24.26086956521739,105.43774703557312,954,77,0.011377896355978636,,61.35557506584723,710
619,0.05,-4857.338461538462,17.3725,19.40922190201729,97.05859750240154,1037,72,0.011178078825510699,,45.43794964028777,362
620,0.05,-5480.7692307692305,18.5825,19.98605577689243,103.5378486055777,985,75,0.011183663157699279,,61.544536271809,260
621,0.05,-4715.3538461538465,16.373333333333335,17.778393351800553,83.9482917820868,1047,59,0.011061446631500575,,20.142595978062158,723
622,0.05,-4943.723076923077,21.748333333333335,24.942234848484848,91.76231060606061,1008,60,0.011028136700349052,,27.796484736355225,554
623,0.05,-4178.569230769232,16.2425,18.95307917888563,84.86608015640273,1014,66,0.011586189172039274,,23.5937794533459,210
624,0.05,-5715.876923076923,19.378333333333334,21.091522157996145,98.80346820809248,1021,65,0.011067188585905339,,24.82662835249042,822
625,0.05,-5205.615384615385,22.763333333333332,26.738235294117647,103.57843137254902,975,70,0.011376925115859787,,53.95336322869955,641
626,0.05,-4656.461538461539,23.865,26.377079482439925,80.27911275415896,1039,50,0.011032444803355319,,26.56985294117647,72
627,0.05,-5391.846153846154,21.623333333333335,24.89962121212121,99.06060606060606,994,64,0.010724608919434456,,35.28388278388278,586
628,0.05,-5264.138461538461,24.655833333333334,28.345900094250705,100.36098020735156,1005,64,0.01079873935953347,,37.54326494201606,268
629,0.05,-6254.461538461538,25.2025,29.84990059642147,119.6013916500994,950,75,0.011209429765728455,,77.14235190097259,218
630,0.05,-5400.4,22.960833333333333,27.160860655737704,107.1936475409836,955,69,0.011464153752825923,,56.93721144967682,823
631,0.05,-5770.030769230769,25.015833333333333,26.57740993184031,109.9113924050633,1013,72,0.010825603478532867,,49.564651162790696,796
632,0.05,-5262.723076923077,17.539166666666667,19.662900188323917,96.76930320150659,1054,67,0.010766499773641516,,38.89305301645338,442
633,0.05,-5564.969230769229,23.108333333333334,26.678977272727273,104.1846590909091,1019,67,0.011351786993185233,,34.18544809228039,693
634,0.05,-4576.476923076923,17.176666666666666,19.7703488372093,91.375,1004,70,0.011184753052750874,,35.677330895795244,565
635,0.05,-3307.1538461538466,13.855,15.979323308270677,75.72744360902256,1013,64,0.010921576715958089,,17.64135407136322,204
636,0.05,-5771.2,35.08166666666666,36.2972972972973,115.35135135135135,1009,67,0.010969732775106563,,49.31278748850046,537
637,0.05,-4762.015384615384,17.385,20.031589338598224,102.52714708785784,972,74,0.010627953376745321,,49.198723792160436,520
638,0.05,-5284.907692307692,19.519166666666667,23.376387487386477,103.7204843592331,941,69,0.0108355828267796,,42.71643192488263,890
639,0.05,-5236.492307692308,17.829166666666666,19.440677966101696,104.21635094715853,978,76,0.010740144462779553,,83.01779359430606,324
640,0.05,-5344.123076923077,20.6075,24.256206554121153,104.88381330685203,991,68,0.010867781046422623,,54.141294439380125,818
641,0.05,-5328.738461538462,19.7825,20.10054347826087,98.16757246376811,1070,71,0.010866998882922353,,29.74404236540159,811
642,0.05,-4984.276923076923,18.168333333333333,21.502558853633573,106.56806550665301,946,76,0.011038488660337178,,84.3217550274223,645
643,0.05,-3825.984615384615,15.458333333333334,18.07795957651588,87.64196342637152,977,71,0.010440534622757975,,32.36189608021878,272
644,0.05,-5090.4,18.9,22.129593810444874,98.9651837524178,1003,65,0.010248310315200317,,50.53581395348837,528
645,0.05,-5326.307692307692,19.255,22.862035225048924,101.75342465753425,992,68,0.010430123680640776,,63.75573192239859,65
646,0.05,-3481.015384615385,15.398333333333333,17.91658767772512,69.46729857819905,1019,56,0.010904920606539496,,18.099526066350712,824
647,0.05,-5112.784615384615,20.7575,23.02029520295203,82.4760147601476,1065,55,0.011693022760641306,,23.28782287822878,285
648,0.05,-5052.169230769232,17.9975,20.175855513307983,98.83840304182509,1004,68,0.010637292230436295,,49.12522851919561,102
649,0.05,-5897.369230769231,22.819166666666668,25.111636707663198,102.50141911069063,1005,64,0.0107610454089775,,59.10488245931284,399
650,0.05,-6602.184615384615,24.393333333333334,27.350202429149796,114.65384615384616,969,73,0.011177129668887682,,106.16400709219859,715
651,0.05,-4944.523076923077,18.81833333333333,21.58874878758487,91.81183317167799,991,65,0.011404381997644094,,34.32664233576642,6
652,0.05,-2521.246153846154,10.614166666666666,11.536516853932584,60.70411985018727,1050,56,0.011581288598848471,,11.679775280898877,286
653,0.05,-6600.969230769231,33.27333333333333,35.60765550239235,109.41244019138756,1024,59,0.011401729213932156,,43.120768526989934,573
654,0.05,-5592.661538461538,20.453333333333333,23.90752032520325,101.45020325203252,971,70,0.010969803714037477,,55.550045913682276,722
655,0.05,-4684.461538461538,16.835,20.187,102.12,966,78,0.011383104561316602,,52.8552036199095,178
656,0.05,-5030.784615384615,18.2325,21.900801603206414,98.84168336673346,960,67,0.01075608141786031,,61.63084112149533,897
657,0.05,-5467.169230769231,20.088333333333335,20.585635359116022,99.0147329650092,1055,70,0.010955593583287107,,89.80706287683032,686
658,0.05,-4618.569230769232,18.92,22.180487804878048,100.63512195121952,957,73,0.011342234424571097,,83.11441048034935,247
659,0.05,-5797.107692307692,22.060833333333335,23.804490177736202,107.65855940130963,1050,73,0.011434524625044198,,44.01242236024845,523
660,0.05,-5194.861538461539,18.16583333333333,19.591627906976743,99.61395348837209,1062,72,0.012373272709132735,,40.76559714795009,855
661,0.05,-5460.846153846154,16.583333333333332,19.207715133531156,103.3402571711177,999,70,0.011338341983625709,,73.22323049001815,828
662,0.05,-6046.461538461539,35.479166666666664,39.96542056074767,101.85140186915888,1035,48,0.011093317315900991,,44.17314814814815,525
663,0.05,-4820.630769230769,18.094166666666666,20.282588011417698,98.62892483349191,1019,71,0.010926195618818043,,44.0035682426405,97
664,0.05,-5024.0,19.419166666666666,21.13075506445672,102.15101289134438,1054,73,0.011558311391933359,,55.57167832167832,661
665,0.05,-4485.892307692307,18.470833333333335,20.40518038852914,85.53006475485661,1030,68,0.011545004262280832,,32.527145359019265,248
666,0.05,-4538.292307692308,15.010833333333334,17.063891577928363,92.81026137463698,995,67,0.0116472668299462,,41.26301369863014,673
667,0.05,-6100.169230769231,26.88083333333333,30.661611374407585,109.33744075829384,1033,64,0.010858111333937001,,51.65083553210202,213
668,0.05,-4914.876923076923,29.3,33.57102539981185,87.87488240827845,1006,49,0.010716849886507751,,33.844569288389515,132
669,0.05,-6045.661538461538,24.3975,27.176413255360625,110.69493177387915,1007,71,0.01078208345537846,,63.67235188509874,507
670,0.05,-4806.2,27.008333333333333,30.405027932960895,91.6852886405959,1015,57,0.010257575414271908,,32.96783088235294,241
671,0.05,-6000.276923076924,20.395833333333332,21.556891766882515,96.47641073080482,1072,64,0.010192759668607153,,24.51084990958409,408
672,0.05,-5637.184615384615,22.734166666666667,27.637021716649432,113.28748707342295,952,74,0.010280209791187284,,87.80679785330948,630
673,0.05,-5561.846153846154,23.984166666666667,26.90188679245283,94.80188679245283,1028,62,0.010328253034108495,,36.545129579982124,197
674,0.05,-5969.0,25.2375,28.195283018867926,95.64150943396227,1016,55,0.010390876894413306,,33.988679245283016,130
675,0.05,-7418.584615384616,41.725833333333334,43.76487252124646,106.32766761095372,1006,43,0.010441415874943166,,66.21220400728598,850
676,0.05,-6242.707692307693,25.455,29.837512537612838,119.42627883650952,951,76,0.010607996404761037,,90.79301310043668,328
677,0.05,-5432.923076923076,22.368333333333332,22.767034990791895,102.78360957642725,1069,69,0.010881591324919669,,39.63851044504995,820
678,0.05,-5290.015384615384,19.279166666666665,20.538671519563238,96.8862602365787,1066,65,0.010593623953191012,,36.6388140161725,588
679,0.05,-5726.892307692307,24.7075,27.214285714285715,104.37218045112782,1013,65,0.011133738567858646,,46.39259927797834,259
680,0.05,-5606.292307692308,18.416666666666668,20.297830374753453,103.54733727810651,1023,73,0.011193747482574238,,60.22351885098743,549
681,0.05,-4999.415384615385,16.79,19.260479041916167,104.3502994011976,964,76,0.010800434761933857,,57.694367497691594,540
682,0.05,-4116.292307692307,15.215,16.544235924932977,82.54066130473637,1073,60,0.01068932747892645,,20.082601054481547,684
683,0.05,-4772.492307692308,20.044166666666666,22.46929422548121,91.04949587534372,1052,64,0.010760181868237115,,30.17180616740088,149
684,0.05,-5621.692307692308,31.993333333333332,36.390977443609025,98.18327067669173,1003,47,0.010707727526719673,,37.60724233983287,461
685,0.05,-6496.892307692307,31.233333333333334,35.55958055290753,106.09246901811248,993,54,0.010524667529998533,,39.73829201101928,9
686,0.05,-6434.169230769232,32.723333333333336,36.75514201762977,118.43290891283056,998,63,0.010675495768924886,,60.90859728506787,810
687,0.05,-4466.446153846154,15.940833333333334,18.775269872423944,95.22669283611384,989,69,0.010333879051627677,,42.58070333633904,516
688,0.05,-5492.492307692308,19.644166666666667,21.874517374517374,103.36776061776062,1018,71,0.010175685299096507,,67.94283201407212,4
689,0.05,-5238.707692307693,17.164166666666667,19.05771144278607,99.91741293532338,986,72,0.010114195861516687,,60.53591160220994,308
690,0.05,-5635.692307692308,26.39,30.162393162393162,100.48148148148148,991,60,0.010377110691285283,,38.77597109304426,368
691,0.05,-5084.492307692308,24.145833333333332,25.75294117647059,96.72398190045249,1039,64,0.010305072037666915,,33.425155004428696,48
692,0.05,-5294.630769230769,17.9875,20.55489021956088,98.60878243512974,961,67,0.010207630548848342,,44.14339981006648,230
693,0.05,-4801.430769230768,22.68,25.03873873873874,85.95135135135135,1027,55,0.010421992593562558,,30.81578947368421,347
694,0.05,-6413.446153846153,36.236666666666665,40.56872037914692,111.17156398104265,1000,54,0.010576032985474852,,53.50933333333333,424
695,0.05,-5848.938461538462,28.191666666666666,31.197265625,107.884765625,982,65,0.010534559116906213,,46.08125577100646,383
696,0.05,-4405.7692307692305,15.625,17.97200772200772,92.83590733590734,993,69,0.010858334269787658,,32.586815227483754,60
697,0.05,-3576.030769230769,13.59,15.029411764705882,67.44497153700189,1032,64,0.011085236231374942,,15.1707779886148,727
698,0.05,-4874.400000000001,24.835,26.46696035242291,84.1603524229075,1086,55,0.010818147623293615,,26.74956369982548,663
699,0.05,-7085.261538461538,32.60666666666667,36.76547842401501,99.14821763602251,999,50,0.010719494106734697,,38.92626728110599,50
700,0.05,-6474.123076923078,38.501666666666665,42.12085769980507,120.20370370370371,964,60,0.010872133173717272,,59.706630336058126,62
701,0.05,-6207.338461538462,19.216666666666665,22.814315352697097,109.95954356846472,987,72,0.010626370780979666,,52.2791586998088,237
702,0.05,-4628.661538461538,18.464166666666667,21.597712106768352,90.54814108674928,987,62,0.010388165298441988,,39.39138576779026,67
703,0.05,-5607.830769230769,19.163333333333334,20.93295019157088,103.1015325670498,1039,68,0.010312472967744584,,58.728813559322035,174
704,0.05,-6086.030769230769,31.570833333333333,35.217514124293785,100.06497175141243,1025,50,0.01042110186372153,,36.156308851224104,614
705,0.05,-6066.584615384616,26.173333333333332,29.051740357478835,111.50893697083725,1011,68,0.011380297074885882,,51.31310466138962,883
706,0.05,-5080.861538461539,27.671666666666667,31.766472868217054,89.23546511627907,1014,48,0.011364769824705532,,32.93014354066985,816
707,0.05,-6306.384615384615,29.475,32.95532319391635,104.23288973384031,1005,58,0.011538236127101342,,43.95255147717099,82
708,0.05,-5325.984615384616,20.075833333333332,22.78627450980392,106.19411764705882,982,73,0.011902815392317053,,68.72007200720073,369
709,0.05,-5625.661538461539,21.4525,24.313346228239844,101.08317214700193,1002,65,0.01128576212446454,,70.9590909090909,562
710,0.05,-6099.861538461539,29.028333333333332,33.1210676835081,109.95996186844614,1007,64,0.010954985405832845,,46.81508739650414,650
711,0.05,-5496.892307692307,21.865,25.81451612903226,108.19153225806451,948,73,0.011134279193958254,,66.50554528650648,862
712,0.05,-3826.753846153846,14.0525,16.277,85.345,982,66,0.011125724120649978,,36.70876531573987,333
713,0.05,-5496.784615384616,21.118333333333332,24.130841121495326,112.40706126687435,953,81,0.010868983353212057,,80.77570093457943,179
714,0.05,-3364.7538461538466,21.2125,22.044847328244273,71.85591603053435,1021,56,0.010009001693843342,,22.140133460438513,547
715,0.05,-7084.384615384615,31.781666666666666,36.731876861966235,122.18172790466733,965,72,0.010209459397940934,,90.3318544809228,378
716,0.05,-5287.461538461539,17.3925,19.543500511770727,108.29477993858751,989,79,0.009895815476279185,,84.0237659963437,283
717,0.05,-6722.830769230769,37.475833333333334,39.757009345794394,122.27289719626168,987,66,0.010054097891009967,,66.54505686789152,664
718,0.05,-6419.953846153847,35.16166666666667,32.70028818443804,110.5196926032661,1040,62,0.01075918026013907,,63.36248872858431,171
719,0.05,-6117.876923076923,34.75416666666667,37.142726440988106,97.97346752058554,1057,48,0.010778355400921374,,44.067324955116696,526
720,0.05,-5010.738461538461,34.464166666666664,37.80434782608695,94.29962192816635,1007,47,0.010487269189142697,,45.142463235294116,535
721,0.05,-5751.015384615384,30.50583333333333,34.17658168083097,111.1728045325779,984,64,0.010322505431669382,,56.40372670807454,243
722,0.05,-5200.599999999999,20.0025,23.163442940038685,105.0541586073501,986,68,0.010358072789494622,,75.01574803149606,832
723,0.05,-5258.9384615384615,24.069166666666668,26.39239332096475,83.58070500927644,1034,48,0.010582150152116896,,26.480257116620752,875
724,0.05,-4465.876923076923,27.10333333333333,30.93168880455408,96.77893738140418,994,60,0.010731435988085217,,32.92883895131086,501
725,0.05,-4218.123076923077,18.19,20.154332129963898,77.04783393501805,1083,57,0.010917587580944268,,20.278629395852118,139
726,0.05,-5807.876923076923,24.486666666666668,28.11111111111111,94.6328502415459,1024,58,0.010458315589818102,,38.212093862815884,510
727,0.05,-4910.7692307692305,17.3225,20.787487586891757,104.28699106256207,957,75,0.010213193907102259,,69.50987432675045,271
728,0.05,-4904.953846153847,18.698333333333334,21.284369114877588,99.48681732580037,1004,69,0.010861374131141572,,37.65221238938053,345
729,0.05,-7497.846153846154,33.903333333333336,34.461105904404874,119.12746016869728,1029,63,0.010370216084543006,,67.0715532286213,249
730,0.05,-4790.215384615385,17.805833333333332,20.42230695900858,93.3727359389895,1013,65,0.010843275841178194,,35.83701657458563,233
731,0.05,-6263.323076923078,28.096666666666668,30.60073597056118,99.99540018399264,1043,58,0.010382989392347688,,35.82511210762332,592
732,0.05,-4248.630769230769,16.279166666666665,19.18042226487524,85.93953934740883,986,65,0.010356498412256013,,20.961612284069098,682
733,0.05,-6670.076923076922,41.545,46.462857142857146,106.45904761904762,1004,44,0.010117240630846094,,58.785191956124315,275
734,0.05,-4824.692307692307,17.885833333333334,19.66414380321665,92.46263008514664,1020,64,0.010421557307370339,,38.5956678700361,267
735,0.05,-6039.553846153847,24.625833333333333,26.9089219330855,106.51208178438662,1043,69,0.010864793553600939,,57.11269974768713,612
736,0.05,-6897.769230769231,25.70916666666667,27.552486187845304,115.99815837937385,1063,72,0.010187037197021015,,54.25420726306466,608
737,0.05,-7442.523076923077,38.431666666666665,40.91254752851711,121.79562737642586,986,60,0.009906685378306548,,65.27182718271827,503
738,0.05,-5972.876923076923,26.759166666666665,30.140449438202246,102.04775280898876,1030,64,0.009969078390040494,,46.48217317487266,95
739,0.05,-4720.738461538462,18.261666666666667,20.954242135367018,88.52716873212583,1016,61,0.010710380706870802,,28.109375,879
740,0.05,-4984.538461538461,23.458333333333332,26.85375118708452,100.46723646723646,1002,66,0.01030681328992717,,53.717879604672056,288
741,0.05,-5826.153846153846,21.323333333333334,23.810576923076923,100.88365384615385,1008,66,0.010539507688151898,,33.77230483271376,265
742,0.05,-4688.923076923077,16.28,17.930297397769518,90.57156133828997,1032,64,0.01025811078588511,,43.88493150684931,87
743,0.05,-5716.6,35.32333333333333,38.758252427184466,99.29223300970874,987,44,0.010229540637462278,,48.71227741330834,668
744,0.05,-6498.661538461538,36.83833333333333,41.31041069723018,113.70773638968481,984,54,0.01074957782675978,,52.96694214876033,730
745,0.05,-5736.107692307693,25.3175,27.962246777163905,91.25598526703499,1046,53,0.010345100509721667,,29.056007226738934,483
746,0.05,-5494.276923076923,35.14666666666667,39.35272391505079,99.12834718374884,1041,50,0.01083780775387374,,48.78918918918919,763
747,0.05,-5381.307692307693,25.828333333333333,29.213483146067414,93.33988764044943,1006,55,0.010961789288389479,,33.70673952641166,215
748,0.05,-6207.815384615386,24.665,28.305475504322768,96.85494716618636,998,57,0.01043760122647358,,38.34005499541705,803
749,0.05,-5655.153846153846,20.895833333333332,22.97590361445783,96.25579240037071,1032,63,0.010434977008124229,,51.62554300608167,131
750,0.05,-6017.6461538461535,26.725,28.8048128342246,95.43850267379679,1070,55,0.01031650501447834,,33.58318584070796,413
751,0.05,-6824.7230769230755,34.08833333333333,38.49283667621776,101.65616045845272,965,50,0.010421078611581548,,40.74713740458015,16
752,0.05,-6015.461538461539,24.759166666666665,26.925189393939394,89.68844696969697,1025,50,0.010466211402238145,,29.487758945386066,898
753,0.05,-5312.092307692307,35.86333333333334,35.96036866359447,90.32442396313364,1063,44,0.010508258201391583,,46.56046931407942,617
754,0.05,-5418.969230769231,20.216666666666665,23.919617224880383,92.95215311004785,980,57,0.010796385543533701,,38.64963503649635,427
755,0.05,-6381.3076923076915,27.7125,30.833644859813084,93.33457943925234,1053,50,0.010459633330302516,,31.857142857142858,428
756,0.05,-6284.492307692307,27.528333333333332,31.145640074211503,100.66326530612245,999,57,0.010856912937581354,,40.885996409335725,797
757,0.05,-5710.015384615384,21.485833333333332,24.392680514342235,106.03758654797231,993,72,0.011498382628619033,,53.913761467889906,819
758,0.05,-6020.015384615385,28.679166666666667,31.054493307839387,106.73040152963671,988,65,0.011242161363470664,,69.03139013452915,704
759,0.05,-5565.369230769231,23.5,27.53540252182347,93.18137730358875,1005,54,0.011236591300842246,,37.65490943755958,110
760,0.05,-5782.707692307692,35.70916666666667,41.22222222222222,94.92911877394636,989,43,0.010742962916407767,,50.79048490393413,113
761,0.05,-5624.292307692307,27.230833333333333,30.306083650190114,96.39353612167301,999,60,0.010487784866183602,,39.02445652173913,30
762,0.05,-5897.769230769231,39.475,48.08483033932136,101.5059880239521,968,40,0.010396938220704489,,72.0677808727948,1
763,0.05,-7861.076923076922,44.7375,32.7312030075188,102.87875939849624,1023,50,0.010383429498470447,,73.19432120674357,706
764,0.05,-7217.4,44.63333333333333,50.12218963831867,103.50439882697947,984,35,0.010714827684980194,,78.48773841961852,129
765,0.05,-4984.584615384616,31.5175,36.61333333333334,91.29904761904761,988,52,0.01071660389686931,,38.55534709193246,541
766,0.05,-8368.076923076922,35.985,39.498525073746315,124.65978367748279,1029,61,0.010815487740860292,,61.79764065335753,172
767,0.05,-5941.338461538462,32.15833333333333,36.285714285714285,102.4906015037594,1016,51,0.011049568871762465,,40.32803738317757,880
768,0.05,-7451.261538461538,36.26916666666666,39.69578313253012,124.01907630522088,988,58,0.010728243184934743,,80.43179765130985,257
769,0.05,-5185.323076923078,33.7875,39.39821251241311,93.31082423038728,998,44,0.010318111824906223,,53.04770992366412,258
770,0.05,-5763.123076923077,34.92333333333333,42.073339940535185,93.90089197224975,969,40,0.010776694103133661,,60.79071883530482,689
771,0.05,-5489.646153846154,33.884166666666665,38.731100478468896,94.50143540669856,1008,44,0.010440978097784149,,47.02889095992544,125
772,0.05,-7813.353846153845,41.7325,44.488563586459286,119.20860018298262,1025,53,0.010584314073165922,,71.29920564872022,624
773,0.05,-5370.123076923077,31.993333333333332,35.74814814814815,97.4175925925926,1015,51,0.010205909871094083,,38.81187214611872,11
774,0.05,-6910.507692307692,35.03,38.85014137606032,114.92931196983977,990,58,0.010235574568940947,,64.6784140969163,563
775,0.05,-5167.415384615384,18.874166666666667,21.505440158259148,104.58061325420375,979,68,0.0107006136999649,,59.452117863720076,743
776,0.05,-7110.784615384615,34.03916666666667,36.340309372156504,103.81437670609645,1036,56,0.010918187511054686,,49.36814159292035,677
777,0.05,-5531.707692307691,23.243333333333332,25.19871794871795,90.6382783882784,1071,53,0.011053135905212107,,39.25858951175407,180
778,0.05,-6485.461538461539,42.090833333333336,39.68220742150333,96.40627973358706,988,47,0.010428673168847833,,71.07664233576642,51
779,0.05,-4941.876923076922,21.355,25.583826429980277,104.67357001972387,963,72,0.011226101472202033,,60.25202520252025,655
780,0.05,-6251.615384615385,23.911666666666665,25.508181818181818,95.15636363636364,1047,54,0.011257016043459201,,36.504888888888885,135
781,0.05,-5808.615384615385,36.70666666666666,41.199630314232905,103.67190388170056,981,52,0.010836212002312688,,49.1339928057554,279
782,0.05,-6127.276923076923,36.46666666666667,42.52697495183045,96.19845857418112,992,43,0.010652868973169539,,56.831655992680695,492
783,0.05,-5691.2307692307695,38.276666666666664,43.67674858223062,98.36862003780719,1018,46,0.010299758240762093,,56.62901744719927,40
784,0.05,-6290.846153846154,25.535,27.887410440122824,116.67860798362334,952,74,0.010822305853505895,,85.64132379248659,532
785,0.05,-5075.2,16.481666666666666,17.486203615604186,97.51760228353949,1058,70,0.01007324155451168,,33.080555555555556,228
786,0.05,-4600.784615384615,27.796666666666667,31.14404432132964,80.82548476454294,1044,44,0.009926840961791897,,36.527877697841724,434
787,0.05,-5744.430769230769,35.4975,37.80136319376826,94.61635832521908,1006,43,0.010174683082637428,,42.873795761078995,750
788,0.05,-5809.876923076923,37.665,41.24493731918997,96.28447444551591,1013,43,0.009710830136666017,,70.64135407136322,276
789,0.05,-5407.861538461538,29.395,33.68372093023256,86.53209302325581,1034,45,0.009718923433988351,,36.72536496350365,393
790,0.05,-4907.984615384616,30.633333333333333,32.55839057899902,85.62021589793916,1012,51,0.009708363123746969,,46.75142857142857,546
791,0.05,-5500.215384615385,35.659166666666664,40.6918547595682,93.44749754661433,995,42,0.0103598378861952,,56.35087719298246,458
792,0.05,-5225.892307692307,25.64,28.35864592863678,94.27813357731016,1030,63,0.01108284946152713,,30.745222929936304,736
793,0.05,-4765.246153846154,34.4775,39.95781399808246,94.08149568552253,1023,48,0.011007475474492464,,49.87867647058823,57
794,0.05,-8103.092307692307,50.28333333333333,51.379210779595766,116.38787295476419,995,43,0.010057415227829212,,85.47207678883072,849
795,0.05,-6593.338461538462,38.79833333333333,38.56232427366448,100.12089971883786,1031,48,0.009601256383952584,,68.88677536231884,409
796,0.05,-6564.476923076923,29.014166666666668,31.548780487804876,108.89118198874296,1020,63,0.009748717347538105,,76.5169946332737,154
797,0.05,-5898.369230769231,39.635,43.67145593869732,97.98563218390805,1000,44,0.009489582437296884,,60.50958904109589,392
798,0.05,-5145.723076923077,18.898333333333333,20.642661804922515,96.9425706472197,1050,69,0.01011888206224051,,40.39609236234458,552
799,0.05,-6672.4769230769225,33.986666666666665,37.87234042553192,106.42738205365403,1008,53,0.009878171232343148,,41.50045745654163,364
800,0.05,-3570.2615384615383,17.955833333333334,20.34754402224282,70.99165894346618,1036,51,0.009640531138366416,,20.475440222428173,874
801,0.05,-5287.261538461538,37.94083333333333,43.346456692913385,95.66633858267717,975,43,0.009982554574138184,,76.12844036697248,687
802,0.05,-6998.369230769233,47.60166666666667,46.499498495486456,101.89568706118355,983,42,0.010303643757475051,,96.88979223125564,211
803,0.05,-5758.738461538461,33.766666666666666,36.06511627906977,97.2846511627907,1010,51,0.009776248711235641,,44.44644464446445,22
804,0.05,-5721.907692307692,34.225,37.34705332086062,93.04490177736201,1022,48,0.009746757621257505,,45.140625,787
805,0.05,-5001.707692307693,19.52166666666667,23.403,102.155,958,69,0.009856483865022811,,63.87373271889401,896
806,0.05,-4511.276923076924,26.781666666666666,31.218446601941746,80.94271844660194,1015,46,0.009711049696868672,,37.5080875356803,134
807,0.05,-6285.461538461537,25.726666666666667,27.847286108555657,103.23183072677092,1013,61,0.009963553231167313,,44.971585701191565,430
808,0.05,-4289.4,25.073333333333334,29.148430066603236,79.9058039961941,1026,44,0.00991683690836801,,33.56666666666667,146
809,0.05,-6859.7692307692305,43.031666666666666,47.20447906523856,102.79552093476144,1000,38,0.009771798210373245,,70.90358126721763,108
810,0.05,-7212.676923076922,44.1325,52.45762711864407,119.42372881355932,980,46,0.009793318390502233,,69.82209737827715,322
811,0.05,-6992.199999999999,46.38666666666666,38.147239263803684,89.88854805725971,973,37,0.00960645865519883,,103.16361974405851,772
812,0.05,-6812.692307692307,45.33583333333333,44.45945945945946,99.14214214214215,984,40,0.009939773247170424,,91.87257617728532,217
813,0.05,-7092.153846153846,42.035833333333336,48.214355948869226,110.78367748279253,1004,45,0.009893918390574666,,66.36074766355141,352
814,0.05,-6205.138461538461,40.265,44.57240704500978,99.45303326810176,1009,46,0.010112865842688617,,69.08190819081908,593
815,0.05,-4481.538461538462,27.645,32.201904761904764,81.98476190476191,1004,45,0.009866722783089144,,37.53860294117647,591
816,0.05,-5377.461538461539,35.585,38.78982725527831,91.26871401151631,1027,43,0.010052933346307183,,67.74365942028986,695
817,0.05,-6899.907692307692,45.1375,52.68612440191387,107.33397129186604,977,36,0.009927914365191384,,87.02370500438981,188
818,0.05,-6762.723076923077,41.215833333333336,46.096317280453256,101.40321057601511,1033,41,0.009711543302846225,,61.6702800361337,751
819,0.05,-6858.415384615385,49.46,36.80648535564853,88.33786610878661,964,36,0.009690995286726217,,100.16818181818182,341
820,0.05,-6309.984615384616,44.10583333333334,37.67669902912621,90.80970873786407,1013,40,0.009249819698506297,,78.71607142857142,872
821,0.05,-5132.476923076923,34.45,40.88813229571984,92.41245136186771,992,38,0.009379497676800743,,54.876486733760295,3
822,0.05,-5973.923076923078,38.3875,40.74007936507937,94.01488095238095,999,45,0.009400943761047978,,53.983700862895496,829
823,0.05,-6151.446153846153,43.776666666666664,52.668377823408626,106.58829568788501,957,44,0.009399383887978641,,88.68849391955098,856
824,0.05,-3482.9076923076923,13.4525,14.604026845637584,67.77564717162032,1052,57,0.009373270547374768,,14.745925215723874,490
825,0.05,-5285.138461538461,31.045833333333334,36.21353670162059,90.92659675881792,978,45,0.009124594947584152,,47.16833484986351,143
826,0.05,-7897.3076923076915,48.526666666666664,50.22333000997009,109.58923230309072,980,37,0.00886536608197575,,89.91143911439114,847
827,0.05,-6812.261538461538,41.68416666666667,48.81963927855711,123.96993987975952,950,61,0.009067193163153247,,68.359477124183,414
828,0.05,-6026.923076923077,40.02916666666667,39.98313492063492,97.16071428571429,1003,48,0.009003512343891625,,76.18043684710351,66
829,0.05,-5561.353846153847,41.674166666666665,41.98362235067437,92.25915221579962,1019,40,0.008791829576815785,,78.98211091234347,675
830,0.05,-5777.584615384616,32.9975,38.2781007751938,92.03875968992249,998,42,0.008365089931833599,,45.41214953271028,76
831,0.05,-6131.923076923078,38.4075,44.843992248062015,99.30232558139535,1001,38,0.008697691311575195,,71.93490054249548,749
832,0.05,-6103.323076923078,29.889166666666668,32.19114877589454,103.17796610169492,1032,58,0.008791732910593462,,55.51244239631336,465
833,0.05,-6031.184615384616,32.785,36.80599812558575,90.04592314901593,1049,41,0.008378843820155132,,49.33126110124334,156
834,0.05,-5834.2307692307695,39.7,39.08118433619866,92.87679083094555,1042,47,0.008483661481896982,,60.61177552897884,466
835,0.05,-4538.815384615384,30.6375,35.17557251908397,84.78721374045801,1019,45,0.008665468312453396,,38.26729857819905,658
836,0.05,-5636.876923076923,42.1225,37.231155778894475,88.25728643216081,968,44,0.00841060613078969,,85.29553903345725,390
837,0.05,-6535.584615384616,43.3075,48.69309701492537,111.9151119402985,978,50,0.008389649343114966,,71.50658472344162,835
838,0.05,-5694.492307692308,39.094166666666666,40.781488549618324,93.86832061068702,1027,46,0.008248982920869534,,62.66027397260274,193
839,0.05,-5710.246153846154,41.82083333333333,44.501463414634145,97.44292682926829,1017,40,0.008062472458099336,,90.98926654740609,280
840,0.05,-5294.476923076923,39.0975,44.283889980353635,96.82514734774067,989,43,0.008075385041477093,,72.6510989010989,757
841,0.05,-5881.738461538462,42.1425,50.09424603174603,101.35019841269842,978,39,0.007849818076838848,,78.94641235240691,536
842,0.05,-6466.292307692307,41.763333333333335,47.093511450381676,99.95706106870229,1017,38,0.00783650945124575,,67.65498652291105,868
843,0.05,-7590.738461538462,41.73166666666667,46.84225900681597,128.4888023369036,963,62,0.00793104984799098,,92.17232142857142,571
844,0.05,-4599.369230769231,26.275833333333335,29.963242224316684,82.29406220546655,1030,49,0.008063770230990735,,35.71324200913242,441
845,0.05,-5662.2,36.439166666666665,42.29035339063992,94.4756446991404,1003,41,0.007897342569370091,,61.2007233273056,21
846,0.05,-6091.584615384615,41.4125,48.0279114533205,102.90664100096247,1002,42,0.008007849968189231,,72.19543378995434,830
847,0.05,-5582.6,39.58416666666667,44.347783251231526,94.83842364532019,988,43,0.00810439817394732,,80.28233151183971,700
848,0.05,-5249.184615384615,18.6275,20.252895752895753,106.35135135135135,1005,78,0.007931030632326093,,74.90509059534081,431
849,0.05,-5659.446153846154,37.80916666666667,44.08252427184466,97.45339805825243,991,43,0.007665043690437175,,66.0497737556561,444
850,0.05,-7153.123076923077,43.850833333333334,47.443496801705756,131.13006396588486,904,67,0.007908679805339495,,97.72744539411207,574
851,0.05,-6487.923076923076,41.348333333333336,47.712437810945275,102.23681592039802,985,35,0.0076714543788762475,,66.8196261682243,499
852,0.05,-7760.784615384616,51.02916666666667,50.59004975124378,130.07562189054727,948,60,0.007980529809770012,,91.63279857397504,301
853,0.05,-6576.353846153846,36.678333333333335,35.78713339640492,118.0879848628193,1001,62,0.00797829443821909,,70.52617568766637,598
854,0.05,-5107.769230769231,34.916666666666664,42.09448818897638,93.11318897637796,971,42,0.007830687847677006,,61.80651162790698,319
855,0.05,-4539.615384615385,21.083333333333332,23.889622641509433,73.37264150943396,1036,46,0.007689456256981041,,26.464920486435922,637
856,0.05,-6509.6923076923085,43.125,51.5,106.35108481262327,981,42,0.007736826816419881,,83.8386219401632,282
857,0.05,-5609.246153846154,38.223333333333336,43.90087463556851,96.51603498542273,986,44,0.007868774936838135,,63.51923076923077,307
858,0.05,-6272.461538461539,35.346666666666664,41.021256038647344,98.02222222222223,1013,42,0.007830436017097686,,53.79250457038391,613
859,0.05,-6133.107692307692,44.62416666666667,38.951146560319046,86.08075772681954,981,39,0.0075134216715748384,,94.20959147424512,240
860,0.05,-5483.246153846154,39.73583333333333,43.60841121495327,94.95514018691588,1003,45,0.007671070671086609,,69.99736611062336,561
861,0.05,-5536.615384615385,37.45916666666667,41.66471163245357,97.6930596285435,989,46,0.007655502629023934,,62.19772942289499,570
862,0.05,-6264.784615384615,39.030833333333334,45.68330134357006,103.93761996161228,972,43,0.008297994456454625,,78.33670653173873,699
863,0.05,-6639.261538461539,35.82833333333333,42.35470941883767,116.89879759519039,929,59,0.007810827342679694,,57.19519230769231,681
864,0.05,-5554.784615384615,18.633333333333333,19.969724770642202,94.76605504587155,1061,67,0.008162457407831974,,28.461061946902653,616
865,0.05,-5875.338461538462,42.99,45.88514851485149,98.95940594059405,989,47,0.008369884682662051,,78.78860294117646,317
866,0.05,-4099.984615384616,25.69,27.5542600896861,79.83677130044843,1103,52,0.008329280745379603,,28.918149466192173,780
867,0.05,-4487.107692307693,19.133333333333333,22.358748778103617,87.3128054740958,1006,61,0.007893592011544649,,28.216446124763706,719
868,0.05,-5348.430769230768,16.5175,17.381474103585656,100.20019920318725,995,75,0.008234526029386376,,88.29333333333334,753
869,0.05,-5806.2307692307695,20.650833333333335,22.534381139489195,112.79371316306484,1028,75,0.0083065811217699,,93.2544014084507,800
870,0.05,-5166.430769230769,35.47416666666667,37.817598533455545,90.057745187901,1060,42,0.008036083113533748,,53.549158547387066,568
871,0.05,-4965.753846153846,18.05,20.52169525731584,107.34611503531787,969,78,0.008033021051599596,,61.83876811594203,302
872,0.05,-6763.723076923076,28.685833333333335,30.73037857802401,111.21052631578948,1068,60,0.008466801356331457,,54.865209471766846,826
873,0.05,-6234.784615384615,38.9925,40.25393883225208,97.27803521779425,1050,40,0.008288873101777483,,54.9136690647482,782
874,0.05,-6184.984615384615,36.69833333333333,42.438544739429695,98.19075712881023,998,40,0.008278349042991451,,55.260828625235405,73
875,0.05,-5526.138461538461,31.393333333333334,36.25142857142857,89.65047619047618,1004,43,0.007945827475869385,,41.044036697247705,775
876,0.05,-5189.030769230769,36.16583333333333,40.243761996161226,91.80614203454894,993,42,0.007830353778596939,,59.18082191780822,115
877,0.05,-5627.753846153846,20.904166666666665,23.068837209302327,102.08093023255815,1022,67,0.007940469860765942,,38.96816976127321,287
878,0.05,-5348.36923076923,28.2625,32.46509433962264,87.86603773584906,998,47,0.007948603848987115,,34.65317387304508,191
879,0.05,-5782.969230769231,20.636666666666667,24.424815983175606,115.44900105152472,919,78,0.008330890538131686,,92.66975023126734,496
880,0.05,-5846.815384615385,39.16833333333334,43.093093093093096,93.46346346346347,974,40,0.008418931757775432,,76.14689265536722,104
881,0.05,-5939.815384615385,42.0175,42.7374749498998,94.96693386773548,973,42,0.007879991772515601,,85.73217550274224,176
882,0.05,-4224.923076923078,30.723333333333333,35.39147286821706,82.1686046511628,989,50,0.007708917573073224,,57.20749542961609,845
883,0.05,-5660.215384615385,39.70666666666666,47.761341222879686,99.45463510848126,984,39,0.007593327243441985,,79.6976320582878,844
884,0.05,-7223.584615384616,48.483333333333334,44.72640509013786,96.46023329798516,926,36,0.007769184765926852,,95.9607476635514,7
885,0.05,-6001.5999999999985,31.995833333333334,36.52227488151659,108.69004739336494,995,60,0.00798052531173871,,56.81614349775785,487
886,0.05,-4579.984615384616,17.991666666666667,20.48975791433892,93.28026070763501,1008,65,0.007664812508313007,,43.989159891598916,351
887,0.05,-4893.123076923077,28.799166666666668,32.6437969924812,85.98026315789474,1032,44,0.007743499490987385,,39.78874538745387,581
888,0.05,-5075.492307692308,33.28666666666667,40.04970178926441,92.91252485089463,965,46,0.007748252670877172,,56.06990291262136,881
889,0.05,-6647.276923076924,43.7075,49.482824427480914,112.05152671755725,991,54,0.00793678018828102,,76.90336496980156,639
890,0.05,-6129.107692307693,35.37416666666667,40.34691943127962,98.57914691943128,1032,42,0.007928743183939126,,50.64466546112116,377
891,0.05,-5649.415384615384,19.05666666666667,21.704071499503474,106.13207547169812,994,75,0.00803182057565271,,80.02890695573622,78
892,0.05,-6078.907692307693,40.315,48.53292181069959,99.61625514403292,964,41,0.007958138631762958,,70.34711538461538,632
893,0.05,-5917.661538461538,36.126666666666665,40.61393596986817,94.01318267419963,1028,46,0.007889786460206624,,45.92660550458716,315
894,0.05,-6191.984615384616,42.39083333333333,44.853610286844706,100.57764589515331,990,42,0.00761007451761988,,68.70460959548448,29
895,0.05,-5652.830769230769,40.38666666666666,32.94471865745311,84.27541954590326,1024,42,0.007539856844294476,,74.92343173431735,425
896,0.05,-4844.16923076923,35.321666666666665,42.061630218687874,89.46918489065607,983,42,0.00763186400669665,,64.57929104477611,184
897,0.05,-6840.323076923077,44.086666666666666,49.583333333333336,114.6344696969697,1001,45,0.007778044147857551,,88.65448215839861,504
898,0.05,-7042.2,33.736666666666665,36.35989010989011,116.84981684981685,1032,64,0.0076132218985649446,,76.57491582491582,801
899,0.05,-6362.9384615384615,41.72416666666667,49.341723136495645,101.10648596321394,985,34,0.007650905075253406,,77.66100178890876,607
