episode,epsilon,total_reward,avg_queue,avg_wait_s,avg_travel_s,throughput,switches,td_loss,q_table_states,avg_delay_s,traffic_seed
0,1.0,-1019.0307692307692,3.2508333333333335,6.621863799283154,70.01971326164875,555,141,13.466874267677461,206,6.725806451612903,349
1,0.9945,-1173.053846153846,3.785833333333333,7.546689303904923,71.6893039049236,583,136,17.486256893457096,337,7.629881154499151,690
2,0.989,-1347.3153846153846,4.355,8.308747855917668,73.27615780445969,581,132,22.045776314371434,444,8.409948542024013,413
3,0.9835,-1258.8846153846152,3.885,7.767764298093588,72.75563258232236,569,132,18.70005184667856,515,7.856152512998267,889
4,0.9781,-1070.423076923077,3.5016666666666665,7.618421052631579,72.86842105263158,531,138,14.109964698221765,574,7.69172932330827,348
5,0.9726,-1356.0846153846155,4.33,9.41263940520446,74.67843866171003,537,124,20.66465516764164,649,9.477695167286246,776
6,0.9673,-1412.8615384615384,4.744166666666667,9.436426116838488,75.03436426116839,571,131,26.93365094135317,692,9.525773195876289,104
7,0.9619,-1119.1384615384616,3.694166666666667,7.314236111111111,71.80381944444444,582,139,16.329083416477154,720,7.393414211438475,488
8,0.9566,-1215.876923076923,3.6891666666666665,7.493891797556719,71.27748691099477,562,132,17.979658256240885,769,7.587108013937282,278
9,0.9513,-1316.9615384615383,4.225833333333333,8.66365280289331,75.18987341772151,564,133,19.83790432648176,805,8.763110307414104,180
10,0.946,-1191.3,3.4283333333333332,6.984154929577465,74.3855633802817,573,132,18.09628813909272,843,7.089788732394366,851
11,0.9408,-1086.5692307692307,3.3475,7.1313320825515945,70.91181988742964,540,140,14.35812618076927,867,7.230769230769231,726
12,0.9356,-1320.853846153846,4.314166666666667,8.866197183098592,74.0580985915493,557,126,20.271961047651136,900,8.950704225352112,687
13,0.9304,-954.9846153846154,3.265,6.855871886120997,70.75978647686833,556,143,11.681267543530922,910,6.94316163410302,778
14,0.9253,-1195.5307692307692,4.005,7.831282952548331,72.31107205623901,567,135,16.647055669418418,932,7.919156414762742,319
15,0.9202,-1333.6692307692308,4.26,8.110561056105611,71.03960396039604,604,131,17.381955036054183,953,8.214521452145215,571
16,0.9151,-1304.5615384615385,4.4825,8.956597222222221,74.92534722222223,555,135,23.797016521171862,978,9.055555555555555,639
17,0.91,-1255.4538461538461,4.553333333333334,8.829752066115702,77.03305785123968,590,131,22.409715361708457,1003,8.948760330578512,78
18,0.905,-1199.276923076923,3.99,7.756622516556291,73.86920529801324,601,145,21.157763882932237,1021,7.849337748344371,83
19,0.9,-1117.2384615384617,3.6591666666666667,7.569395017793594,72.15124555160142,559,133,14.093594335841145,1043,7.660142348754448,875
20,0.895,-1158.9615384615383,3.805,7.738351254480286,72.81182795698925,568,129,15.04345999028613,1059,7.806451612903226,299
21,0.89,-999.7384615384617,3.3658333333333332,7.001808318264015,72.35081374321881,561,138,12.484758518385954,1070,7.119349005424954,417
22,0.8851,-1173.9307692307693,4.0008333333333335,8.501824817518248,73.13321167883211,554,133,14.817998841393042,1086,8.614963503649635,479
23,0.8802,-1107.2846153846153,3.4291666666666667,7.51031894934334,72.3076923076923,544,134,13.638401425272882,1095,7.5966228893058165,533
24,0.8753,-1054.0923076923077,3.5366666666666666,7.202821869488536,74.0299823633157,577,137,11.773350415992162,1099,7.291005291005291,464
25,0.8705,-1226.646153846154,4.1825,7.908045977011494,71.92775041050903,602,136,16.79952255613395,1119,7.990147783251231,136
26,0.8657,-1088.8000000000002,3.694166666666667,7.5125,73.29464285714286,556,134,13.232106707937975,1129,7.614285714285714,849
27,0.8609,-957.6153846153848,3.3433333333333333,6.803921568627451,70.61497326203208,561,143,11.202310343344134,1141,6.884135472370766,503
28,0.8561,-960.976923076923,2.91,6.159633027522935,71.45688073394496,535,140,13.088109207764244,1153,6.242201834862385,442
29,0.8514,-1218.6,4.088333333333333,8.322862129144852,73.5043630017452,566,125,14.027182121292565,1166,8.425828970331589,219
30,0.8467,-1171.0153846153846,3.9033333333333333,7.659898477157361,72.85786802030456,596,136,15.601547832295607,1181,7.751269035532995,601
31,0.842,-1225.6,4.071666666666666,7.624579124579125,71.54040404040404,601,135,16.625268185392912,1188,7.712121212121212,518
32,0.8373,-1201.6692307692308,3.6016666666666666,7.446069469835466,70.03473491773309,554,130,16.414217575980075,1206,7.521023765996343,716
33,0.8327,-1061.1846153846154,3.7216666666666667,7.456896551724138,71.71379310344828,574,135,14.474546610344678,1217,7.5793103448275865,85
34,0.8281,-1067.4692307692308,3.325,7.067289719626168,70.54579439252336,536,141,12.685828513570538,1228,7.149532710280374,570
35,0.8235,-1145.4230769230771,3.595833333333333,7.253859348198971,72.61406518010291,583,139,17.05023269374887,1234,7.324185248713551,377
36,0.819,-1080.8153846153846,3.5866666666666664,7.147826086956521,73.19652173913043,579,131,14.288137454638086,1245,7.262608695652174,615
37,0.8144,-1119.0307692307692,3.675,7.694183864915572,73.29643527204503,544,130,14.602354873927151,1256,7.786116322701688,273
38,0.8099,-909.7769230769231,3.1441666666666666,6.129533678756476,70.45077720207254,587,142,10.585490619356753,1258,6.200345423143351,471
39,0.8054,-1054.6,3.5008333333333335,6.805841924398625,72.34707903780068,582,138,13.044695369513086,1268,6.922680412371134,213
40,0.801,-952.3230769230769,3.125,6.5647482014388485,70.9226618705036,543,131,12.017739980979266,1285,6.64748201438849,70
41,0.7966,-1065.746153846154,3.6666666666666665,7.211965811965812,69.14188034188034,594,135,13.942590062652327,1299,7.312820512820513,774
42,0.7922,-1033.6923076923078,3.6566666666666667,7.340314136125654,73.1326352530541,577,133,15.171790044169276,1306,7.4223385689354275,271
43,0.7878,-1042.9923076923078,3.5033333333333334,7.30091743119266,74.87339449541284,550,132,14.627454040736431,1310,7.398165137614679,34
44,0.7834,-1163.7307692307693,4.215,8.301724137931034,73.52413793103449,586,137,19.040216405060935,1314,8.393103448275863,433
45,0.7791,-1117.2384615384617,3.3933333333333335,6.878947368421053,69.1561403508772,549,137,14.982636693833381,1331,6.97719298245614,328
46,0.7748,-1215.3846153846152,3.665,7.14,73.43,599,138,20.447830565842597,1341,7.2316666666666665,769
47,0.7705,-926.9923076923078,3.225,6.829906542056075,70.89906542056075,543,132,11.752019982672863,1346,6.914018691588785,842
48,0.7662,-892.9769230769231,2.9025,5.786941580756014,72.4639175257732,593,143,10.711111316961308,1349,5.869415807560137,826
49,0.762,-1100.8076923076924,3.6333333333333333,7.368327402135232,72.17259786476869,561,136,12.942257058344394,1359,7.43950177935943,403
50,0.7578,-1007.7461538461537,3.3658333333333332,7.416044776119403,73.25,527,141,12.432726753268144,1366,7.486940298507463,295
51,0.7536,-889.1461538461539,2.953333333333333,6.371794871794871,71.75274725274726,540,144,10.329937639835906,1372,6.437728937728938,895
52,0.7494,-944.7538461538462,3.3641666666666667,6.849090909090909,69.10727272727273,542,138,12.950476029334533,1378,6.934545454545455,645
53,0.7453,-1076.5,3.5875,7.402214022140221,71.51476014760148,548,133,12.979421699996143,1387,7.490774907749078,751
54,0.7411,-1107.176923076923,3.9316666666666666,7.911304347826087,72.83130434782609,578,137,16.66465199779952,1395,8.001739130434782,617
55,0.737,-1160.5230769230768,3.885,7.4278606965174125,73.03150912106136,592,134,19.212820129505584,1406,7.51077943615257,261
56,0.733,-941.9307692307692,3.118333333333333,6.419776119402985,68.16417910447761,538,137,11.672734768258637,1410,6.490671641791045,46
57,0.7289,-1039.6923076923076,3.17,6.268551236749117,71.13250883392226,569,140,14.464956923156063,1419,6.351590106007067,775
58,0.7249,-936.9384615384615,3.1141666666666667,6.374331550802139,71.16934046345811,561,134,12.012120155817698,1436,6.458110516934046,208
59,0.7209,-1007.7538461538462,3.5208333333333335,6.91554054054054,70.30405405405405,584,136,11.663492128988457,1443,7.006756756756757,694
60,0.7169,-1044.430769230769,3.404166666666667,7.404624277456647,75.30828516377649,531,131,12.714405073349626,1449,7.500963391136802,253
61,0.7129,-978.1384615384615,3.1008333333333336,6.329067641681902,69.58135283363802,549,132,11.470538987176251,1457,6.4387568555758685,806
62,0.709,-864.0692307692308,2.8366666666666664,5.956521739130435,70.9945652173913,572,141,11.708625205840232,1461,6.010869565217392,837
63,0.705,-986.446153846154,3.3033333333333332,6.677304964539007,70.76950354609929,555,133,13.067563757700064,1465,6.796099290780142,896
64,0.7011,-938.0615384615385,3.0725,5.875213675213676,70.56410256410257,595,133,13.94078355915644,1470,5.97948717948718,558
65,0.6973,-751.9384615384615,2.6525,5.390763765541741,68.29484902309059,563,142,9.4584202980051,1476,5.460035523978686,670
66,0.6934,-970.4923076923076,3.361666666666667,6.437819420783645,73.28449744463373,589,142,13.455441125029832,1484,6.5561224489795915,318
67,0.6896,-891.9307692307693,3.1025,6.111492281303602,69.72555746140652,587,142,10.114449870559442,1486,6.193825042881647,728
68,0.6858,-1004.9769230769231,3.4025,7.041591320072333,69.26763110307414,553,131,14.319073613248277,1497,7.1338155515370705,552
69,0.682,-1013.3153846153847,3.359166666666667,6.479020979020979,70.88986013986013,574,141,12.808096786337238,1501,6.564685314685315,452
70,0.6782,-884.5923076923077,2.9166666666666665,5.994690265486725,70.22477876106194,572,142,10.688688051795943,1510,6.069026548672566,668
71,0.6744,-1114.0384615384617,3.5,7.016042780748663,72.34937611408199,562,134,15.047008296185375,1513,7.098039215686274,89
72,0.6707,-895.0846153846154,3.0658333333333334,6.336283185840708,71.43185840707964,569,138,11.627866804406297,1514,6.408849557522124,581
73,0.667,-947.7538461538461,3.4266666666666667,7.134649910233393,70.16517055655297,551,140,12.780196001236517,1521,7.231597845601437,557
74,0.6633,-866.1076923076923,3.1633333333333336,6.467713787085515,71.86038394415358,571,145,10.456264854773968,1522,6.544502617801047,93
75,0.6596,-858.9461538461538,2.8975,6.324577861163227,69.53470919324577,538,142,10.615286594441569,1525,6.399624765478424,3
76,0.656,-892.5769230769231,3.0575,6.12,67.98608695652175,580,136,10.29917123078053,1527,6.208695652173913,217
77,0.6524,-854.7846153846153,2.6775,6.031620553359684,72.33201581027669,523,136,10.23417521440637,1531,6.128458498023716,149
78,0.6487,-972.4307692307692,2.8933333333333335,5.896013864818024,69.30849220103985,571,137,13.753352014146333,1536,5.977469670710572,447
79,0.6452,-851.6384615384616,2.835,5.72790294627383,69.26689774696708,575,134,10.965846209645168,1542,5.823223570190641,811
80,0.6416,-939.1230769230768,3.2316666666666665,6.728937728937729,71.15201465201466,533,140,12.13988905570874,1548,6.809523809523809,327
81,0.638,-923.8692307692307,3.129166666666667,6.2,70.86551724137931,583,138,13.118615433784909,1557,6.301724137931035,152
82,0.6345,-885.5000000000001,2.984166666666667,6.43389199255121,71.34264432029795,540,132,11.898067000830805,1563,6.4916201117318435,231
83,0.631,-1021.5230769230768,3.589166666666667,7.260034904013962,72.1326352530541,554,134,12.460742336534356,1566,7.335078534031414,757
84,0.6275,-1041.9846153846154,3.5141666666666667,6.794782608695652,70.97391304347826,591,130,14.655624012030271,1568,6.902608695652174,270
85,0.624,-824.7692307692307,3.0016666666666665,6.153577661431065,70.05584642233858,579,138,10.498267804166623,1572,6.260034904013962,260
86,0.6206,-975.0615384615385,3.0408333333333335,6.291005291005291,72.93121693121694,570,129,12.911974735642593,1577,6.396825396825397,511
87,0.6171,-1157.7307692307693,3.6875,7.131979695431472,69.78003384094755,585,137,19.035177782254944,1584,7.233502538071066,706
88,0.6137,-908.4307692307693,3.1991666666666667,6.479166666666667,69.08333333333333,569,134,12.211414178260673,1589,6.588541666666667,614
89,0.6103,-907.0153846153846,3.1483333333333334,6.177586206896552,70.32758620689656,577,140,11.287747944860632,1591,6.268965517241379,710
90,0.607,-948.9769230769231,3.2608333333333333,6.39695945945946,72.00506756756756,601,136,14.28730848326163,1594,6.506756756756757,861
91,0.6036,-894.876923076923,2.9791666666666665,5.953982300884956,70.78230088495575,575,133,10.835185592584056,1600,6.031858407079646,596
92,0.6003,-933.8076923076922,3.3325,6.748251748251748,71.86888111888112,569,139,14.365440692814886,1604,6.835664335664336,684
93,0.5969,-895.4384615384615,3.2416666666666667,5.973727422003284,70.44006568144499,616,148,10.952380652977771,1605,6.073891625615763,259
94,0.5936,-1061.3923076923077,3.5933333333333333,7.023897058823529,74.45588235294117,560,136,16.338610286190647,1612,7.147058823529412,767
95,0.5904,-975.5384615384617,3.245,6.549122807017544,70.58245614035087,572,140,13.245468888354129,1617,6.617543859649123,860
96,0.5871,-891.1384615384616,3.1275,6.247292418772563,70.62274368231047,566,139,14.16111785759518,1618,6.323104693140794,747
97,0.5838,-923.2307692307692,2.7316666666666665,5.8190298507462686,70.94776119402985,541,136,13.116803352707116,1624,5.901119402985074,340
98,0.5806,-948.4692307692308,3.3516666666666666,6.466329966329966,70.43602693602693,603,145,12.598165909322477,1625,6.545454545454546,873
99,0.5774,-936.4615384615385,3.1875,6.249152542372881,70.79322033898305,587,138,15.64784675153594,1632,6.3559322033898304,772
100,0.5742,-1046.4,3.6008333333333336,7.1978798586572434,72.74734982332156,563,132,14.657210735171027,1633,7.287985865724382,744
101,0.571,-956.7769230769231,3.335,6.434634974533107,72.33446519524618,576,136,13.678314427529228,1634,6.538200339558574,559
102,0.5679,-837.3000000000001,2.97,5.973913043478261,67.89391304347826,580,134,11.939067777315,1636,6.046956521739131,20
103,0.5647,-800.6153846153846,2.5408333333333335,4.825,68.13166666666666,601,148,10.744112716034682,1639,4.928333333333334,17
104,0.5616,-921.4076923076924,3.2108333333333334,6.488734835355286,72.81282495667244,575,134,13.777096462579932,1641,6.599653379549394,654
105,0.5585,-958.2923076923078,3.3716666666666666,6.701873935264055,71.95229982964224,579,135,16.026075600995124,1643,6.785349233390119,675
106,0.5554,-911.3692307692309,3.0933333333333333,6.590316573556797,70.18621973929237,527,133,10.382192718224628,1645,6.672253258845438,516
107,0.5523,-1002.6846153846154,3.3241666666666667,7.057245080500895,71.17352415026834,548,137,16.850604060963974,1649,7.143112701252236,642
108,0.5493,-942.0769230769231,3.0675,6.3929203539823005,72.69557522123894,573,135,14.295808623678331,1653,6.504424778761062,465
109,0.5462,-825.2769230769231,2.8866666666666667,6.502,72.556,499,126,11.11708614409102,1655,6.582,665
110,0.5432,-872.3,3.1483333333333334,5.777777777777778,70.109477124183,596,143,12.940203800946367,1661,5.882352941176471,414
111,0.5402,-870.1076923076923,3.025,6.3023255813953485,71.60286225402504,572,139,11.834551005379083,1661,6.411449016100179,653
112,0.5372,-918.623076923077,3.033333333333333,6.1063829787234045,69.44148936170212,565,140,13.418496557719186,1664,6.212765957446808,803
113,0.5343,-899.2307692307692,2.9233333333333333,6.213503649635037,67.55474452554745,538,134,11.690542615029111,1669,6.317518248175182,98
114,0.5313,-816.0,2.9583333333333335,6.052816901408451,71.92781690140845,574,138,10.533478406977876,1673,6.121478873239437,268
115,0.5284,-995.3,3.36,6.710843373493976,71.46127366609295,576,134,13.434748872413724,1675,6.788296041308089,10
116,0.5254,-841.6153846153848,2.8725,5.4974093264248705,72.04490500863558,588,143,10.87902791771402,1677,5.57167530224525,577
117,0.5225,-1153.1923076923076,4.029166666666667,7.644628099173554,73.23801652892563,614,137,19.672791891674905,1686,7.742148760330578,293
118,0.5196,-966.9538461538463,3.194166666666667,6.430335097001763,69.2257495590829,563,127,13.824184963198398,1691,6.5132275132275135,787
119,0.5168,-812.3461538461538,3.0175,5.711038961038961,72.73051948051948,610,141,11.377072936518212,1693,5.824675324675325,386
120,0.5139,-865.4,3.0008333333333335,6.323049001814882,71.96370235934664,547,133,12.105461440599958,1695,6.41016333938294,592
121,0.5111,-867.6461538461538,2.9116666666666666,5.840480274442538,70.65866209262435,582,147,14.56962826911715,1699,5.919382504288165,704
122,0.5082,-897.6923076923076,2.8441666666666667,5.769230769230769,67.74776386404294,561,127,11.860764207938091,1701,5.862254025044723,459
123,0.5054,-846.1692307692308,2.855,5.9274336283185844,70.78761061946902,562,137,11.987560550341163,1701,6.035398230088496,543
124,0.5026,-891.4615384615383,2.8933333333333335,6.150735294117647,70.26470588235294,535,132,12.629300723921283,1707,6.231617647058823,366
125,0.4998,-804.8384615384616,2.776666666666667,5.690140845070423,70.64260563380282,567,137,10.36503538326433,1709,5.767605633802817,112
126,0.4971,-796.4615384615385,2.7383333333333333,5.349829351535837,68.91638225255973,596,143,12.367786290179453,1714,5.428327645051194,496
127,0.4943,-803.876923076923,2.6216666666666666,5.271304347826087,68.63826086956522,576,138,10.599855159884248,1715,5.358260869565218,250
128,0.4916,-964.5769230769231,3.1308333333333334,5.968421052631579,69.6,566,138,15.817986120163923,1717,6.082456140350877,341
129,0.4889,-767.9538461538461,2.6325,5.624319419237749,69.54083484573503,549,136,9.912821966873421,1718,5.711433756805808,365
130,0.4862,-832.7076923076922,2.8941666666666666,5.862433862433862,69.63139329805996,570,141,10.910374886841229,1719,5.970017636684303,840
131,0.4835,-792.0,2.6891666666666665,5.093145869947276,71.54481546572934,585,141,10.918388273096289,1721,5.166959578207381,696
132,0.4808,-710.4076923076923,2.464166666666667,5.4788461538461535,69.88269230769231,518,139,11.36917993663729,1725,5.561538461538461,398
133,0.4781,-770.023076923077,2.74,5.84,71.15636363636364,541,138,9.26879334878213,1727,5.929090909090909,737
134,0.4755,-821.1615384615386,2.89,6.071556350626118,68.6726296958855,564,137,14.310970660707953,1728,6.153846153846154,831
135,0.4729,-809.5846153846154,2.705,5.468805704099822,70.94652406417113,567,135,11.813442998680829,1728,5.5597147950089125,748
136,0.4703,-840.1461538461539,2.7683333333333335,5.4035087719298245,68.92631578947369,582,140,11.142777656379932,1729,5.491228070175438,698
137,0.4677,-924.876923076923,3.256666666666667,6.290378006872852,70.45704467353951,575,133,13.259495735042924,1732,6.369415807560137,249
138,0.4651,-745.4230769230769,2.5725,5.341637010676156,67.20640569395017,561,136,9.940883215278442,1732,5.411032028469751,263
139,0.4625,-724.9461538461538,2.325833333333333,4.872759856630824,67.89784946236558,562,138,11.59549397200611,1733,4.948028673835125,899
140,0.4599,-901.4846153846154,2.93,5.694200351493849,67.98945518453426,558,135,13.581427524182095,1736,5.768014059753955,850
141,0.4574,-715.5307692307692,2.6758333333333333,5.387152777777778,70.796875,568,150,10.259186575082209,1738,5.503472222222222,64
142,0.4549,-756.7846153846153,2.645,5.1844331641285955,67.4906937394247,586,141,10.063092859973736,1739,5.272419627749577,84
143,0.4523,-902.7076923076924,3.1491666666666664,6.427046263345196,70.66192170818505,565,136,12.519228739336329,1740,6.540925266903915,285
144,0.4498,-834.7230769230769,2.901666666666667,5.741176470588235,70.24705882352941,595,143,11.547564996948495,1742,5.852100840336134,561
145,0.4474,-804.2692307692307,2.79,5.196774193548387,70.04516129032258,604,137,15.834034535793997,1743,5.288709677419355,391
146,0.4449,-1066.576923076923,3.6416666666666666,7.163543441226576,72.81431005110733,585,127,19.74760275977913,1751,7.264054514480409,686
147,0.4424,-832.6461538461538,2.7666666666666666,5.6512455516014235,70.08896797153025,564,135,12.013635072622424,1754,5.7313167259786475,74
148,0.44,-802.2615384615385,2.6558333333333333,5.811111111111111,71.0425925925926,548,131,12.0913910107956,1758,5.874074074074074,350
149,0.4375,-766.3692307692307,2.6908333333333334,5.525939177101968,69.71377459749553,567,133,10.667177882293451,1761,5.620751341681574,738
150,0.4351,-786.876923076923,2.7666666666666666,5.799638989169675,67.99458483754513,552,132,9.184007990855497,1761,5.882671480144404,30
151,0.4327,-755.5076923076922,2.5116666666666667,5.148479427549195,65.92486583184258,554,145,11.32485891158092,1766,5.230769230769231,80
152,0.4303,-900.376923076923,3.0966666666666667,5.936134453781513,69.73613445378152,598,136,13.722690879592204,1767,6.043624161073826,128
153,0.4279,-786.0846153846154,2.828333333333333,5.592783505154639,71.1786941580756,580,137,10.04066903055162,1770,5.671821305841925,848
154,0.4256,-790.6615384615384,2.5883333333333334,4.871134020618556,68.59621993127148,596,140,10.333608408640284,1774,4.957044673539519,791
155,0.4232,-812.2538461538462,2.5741666666666667,5.154782608695652,68.09565217391304,583,138,11.354796488937517,1775,5.245217391304347,783
156,0.4209,-906.6307692307691,3.255,6.2542662116040955,71.55119453924915,592,137,12.608672508226462,1777,6.3310580204778155,800
157,0.4185,-760.5076923076923,2.609166666666667,5.608534322820037,69.89795918367346,533,139,11.258929214132866,1781,5.703153988868275,594
158,0.4162,-903.1538461538462,3.0641666666666665,6.426470588235294,73.55514705882354,544,139,16.23158409782909,1781,6.512867647058823,431
159,0.4139,-771.4538461538461,2.7575,5.783393501805054,68.55776173285199,557,142,9.065473396470606,1783,5.850450450450451,27
160,0.4116,-858.3923076923077,2.6508333333333334,5.113333333333333,68.32,599,137,10.216962830289114,1785,5.205,478
161,0.4094,-845.7076923076924,2.870833333333333,5.608177172061329,69.3015332197615,581,135,11.32673388041046,1786,5.712095400340716,77
162,0.4071,-805.5846153846153,2.6508333333333334,5.688888888888889,71.19074074074074,547,136,10.941206862473129,1791,5.792592592592593,189
163,0.4048,-827.9153846153845,2.7133333333333334,5.422145328719723,69.40311418685121,578,136,11.455879323357358,1793,5.506920415224913,37
164,0.4026,-693.7307692307693,2.3508333333333336,4.797773654916512,68.49350649350649,535,137,12.021046694305909,1793,4.907235621521336,438
165,0.4004,-849.446153846154,3.0325,5.962457337883959,70.67576791808874,583,142,14.22898936464957,1794,6.049488054607509,825
166,0.3982,-785.1153846153845,2.8125,5.475524475524476,69.73251748251748,571,138,11.063667382261954,1795,5.545454545454546,522
167,0.396,-791.5461538461539,2.7866666666666666,6.009310986964619,72.40782122905028,545,136,9.949148265694115,1795,6.134078212290503,313
168,0.3938,-865.4153846153845,2.924166666666667,5.991212653778559,70.73813708260106,566,136,10.906657034864182,1798,6.089630931458699,515
169,0.3916,-868.6076923076923,2.8658333333333332,5.572934973637961,71.30404217926186,571,133,12.413401294276879,1798,5.690685413005272,330
170,0.3894,-755.2076923076922,2.7808333333333333,5.273927392739274,67.41914191419141,598,144,11.849289389484667,1799,5.363036303630363,469
171,0.3873,-768.7692307692307,2.555,4.978151260504202,69.58319327731093,579,135,9.892049981475301,1799,5.092436974789916,780
172,0.3851,-734.146153846154,2.475,5.078152753108348,69.82060390763766,561,135,9.797835950568874,1802,5.1687388987566605,679
173,0.383,-911.8153846153846,2.9375,5.649093904448105,71.85831960461284,620,136,13.321225262393163,1804,5.7380560131795715,76
174,0.3809,-879.8307692307692,2.973333333333333,5.9178321678321675,68.27972027972028,573,138,12.76303997795026,1804,5.994755244755245,443
175,0.3788,-874.0769230769231,2.859166666666667,5.856637168141593,69.3504424778761,569,132,13.7875383151235,1806,5.96283185840708,44
176,0.3767,-753.1,2.620833333333333,5.59375,70.56617647058823,542,133,11.331190229645864,1807,5.707720588235294,131
177,0.3746,-858.0153846153846,2.839166666666667,5.672413793103448,70.39310344827587,586,135,10.947641964518098,1807,5.770689655172414,657
178,0.3725,-824.3307692307692,2.8675,6.007130124777183,69.77896613190731,551,131,12.036658142160316,1809,6.078431372549019,321
179,0.3705,-831.2615384615385,2.7125,5.6122082585278275,69.016157989228,553,132,11.135530879562705,1810,5.691202872531418,162
180,0.3684,-833.8615384615385,2.82,5.94043321299639,71.01624548736461,552,138,12.380797938494696,1811,6.016245487364621,322
181,0.3664,-864.776923076923,2.9,5.8,68.0578947368421,568,144,14.493656283368406,1813,5.9035087719298245,294
182,0.3643,-851.8307692307692,2.9908333333333332,6.093145869947276,71.06854130052724,579,133,12.760673261176658,1816,6.168717047451669,367
183,0.3623,-735.1076923076923,2.348333333333333,5.1647727272727275,68.58522727272727,535,137,9.550441487385836,1817,5.270833333333333,338
184,0.3603,-853.1846153846154,2.7883333333333336,5.348993288590604,68.05201342281879,608,139,10.43941759339615,1817,5.431208053691275,145
185,0.3583,-783.8615384615384,2.6466666666666665,5.547920433996383,69.53164556962025,558,143,11.705619604761292,1819,5.631103074141048,538
186,0.3563,-881.623076923077,3.0058333333333334,6.019097222222222,69.35069444444444,572,136,12.48062787424262,1821,6.09375,422
187,0.3544,-806.5923076923077,2.8608333333333333,5.609154929577465,69.27288732394366,574,133,11.370474600254754,1822,5.674295774647887,795
188,0.3524,-872.9307692307692,2.8266666666666667,5.473861720067454,69.34401349072513,590,133,12.92448050683374,1824,5.556492411467116,523
189,0.3505,-813.3461538461538,2.7808333333333333,5.8238434163701065,69.76156583629893,560,140,10.867373864156441,1826,5.882562277580071,892
190,0.3485,-854.4153846153845,3.1216666666666666,5.826645264847512,68.67415730337079,612,143,12.753209238460084,1826,5.924558587479936,872
191,0.3466,-721.8,2.654166666666667,5.2101694915254235,68.56610169491526,581,144,10.755768015377422,1826,5.276271186440678,242
192,0.3447,-813.1692307692308,2.9375,6.197106690777577,72.34538878842676,556,135,12.134481147221962,1829,6.3092224231464735,445
193,0.3428,-864.7923076923078,3.078333333333333,6.380035026269702,70.99124343257444,575,138,12.767591734516802,1829,6.462346760070052,202
194,0.3409,-863.3923076923077,2.9366666666666665,6.223264540337711,71.37711069418387,528,142,15.132381109724847,1829,6.3076923076923075,97
195,0.339,-763.0384615384614,2.5933333333333333,5.240773286467487,70.4639718804921,578,134,10.64898931947532,1829,5.3268892794376095,121
196,0.3371,-804.2769230769231,2.7091666666666665,5.2578397212543555,70.06271777003484,586,136,11.039133803504983,1831,5.355400696864112,227
197,0.3352,-899.0615384615384,3.125,6.154246100519931,71.86135181975736,575,137,12.599650491220874,1831,6.244367417677643,169
198,0.3334,-819.4538461538461,2.8008333333333333,5.513937282229965,68.0993031358885,564,143,13.898203622403278,1833,5.601045296167247,153
199,0.3315,-784.3692307692309,2.67,5.573741007194244,69.61690647482014,564,139,12.991174622229487,1833,5.649280575539568,730
200,0.3297,-950.0692307692307,3.2575,6.630357142857143,71.11964285714286,570,137,13.914190337485536,1837,6.707142857142857,486
201,0.3279,-841.4461538461538,2.9066666666666667,5.636060100166945,70.50584307178632,586,137,13.572227139494556,1837,5.724540901502504,119
202,0.3261,-923.6307692307693,2.8783333333333334,6.034608378870674,68.56102003642987,541,138,15.256093661384144,1841,6.105646630236794,161
203,0.3243,-880.2692307692307,2.8291666666666666,5.313915857605178,68.78964401294499,618,143,14.801281813713363,1845,5.419093851132686,100
204,0.3225,-865.7538461538462,2.7716666666666665,5.5,69.5674740484429,570,140,13.859253347193887,1848,5.572664359861592,709
205,0.3207,-795.6615384615384,2.515,5.097173144876325,68.87102473498233,571,136,11.759105150968526,1851,5.176678445229682,429
206,0.3189,-817.6,2.9191666666666665,5.775438596491228,70.37719298245614,570,136,10.20284164856492,1851,5.863157894736842,588
207,0.3172,-701.1153846153845,2.3833333333333333,4.759036144578313,68.3132530120482,597,142,10.258715328170343,1851,4.843373493975903,859
208,0.3154,-687.4538461538461,2.4408333333333334,4.853658536585366,70.2020905923345,571,138,11.303653634359641,1857,4.947735191637631,245
209,0.3137,-823.8000000000001,2.7325,5.574239713774597,72.40787119856887,554,140,12.368364894908149,1861,5.638640429338103,347
210,0.3119,-992.3153846153846,3.3625,7.025,72.32678571428572,561,135,21.1576138723532,1869,7.110714285714286,172
211,0.3102,-914.8076923076924,2.4558333333333335,5.173258003766478,66.97175141242938,532,131,16.753370555402395,1873,5.254237288135593,877
212,0.3085,-803.5307692307692,2.7316666666666665,5.493006993006993,70.03846153846153,575,135,10.053562454699767,1874,5.580419580419581,140
213,0.3068,-775.8846153846154,2.4741666666666666,5.192446043165468,70.84712230215827,569,130,13.663081618788325,1880,5.278776978417266,60
214,0.3051,-841.3307692307692,2.7175,5.256366723259762,69.94397283531409,586,138,11.81200641807571,1881,5.354838709677419,662
215,0.3034,-815.5538461538462,2.736666666666667,5.517543859649122,70.07543859649122,576,135,11.784160872454652,1882,5.624561403508772,224
216,0.3017,-696.5769230769231,2.410833333333333,4.837931034482758,70.50172413793103,570,141,8.394510843530425,1883,4.963855421686747,764
217,0.3,-813.0923076923077,2.9275,5.984265734265734,70.37237762237763,564,134,11.975497788633357,1885,6.050699300699301,505
218,0.2984,-818.8076923076923,2.8733333333333335,5.615384615384615,71.24273504273505,588,131,15.200048105417377,1885,5.716239316239316,305
219,0.2967,-730.2538461538462,2.5083333333333333,4.9709897610921505,69.77986348122867,572,137,10.037133073186927,1888,5.0563139931740615,758
220,0.2951,-743.3615384615384,2.555,5.289285714285715,69.27321428571429,552,136,11.051237231209672,1889,5.367857142857143,38
221,0.2935,-682.9076923076923,2.445,5.065602836879433,70.09929078014184,570,144,10.086627596694987,1889,5.147163120567376,881
222,0.2918,-790.1923076923077,2.5175,5.192982456140351,68.54035087719298,574,140,13.292356168620456,1890,5.268421052631579,827
223,0.2902,-680.1076923076923,2.425,4.8611599297012305,69.96133567662567,570,149,11.70677772842634,1892,4.961335676625659,632
224,0.2886,-944.4230769230769,3.2225,5.880597014925373,70.30845771144278,590,139,18.041670913188145,1895,5.985074626865671,126
225,0.287,-730.676923076923,2.5716666666666668,5.067708333333333,68.68402777777777,571,141,10.853417107423995,1896,5.144097222222222,753
226,0.2854,-651.4923076923077,2.3075,4.863468634686347,68.58302583025831,548,139,9.154092335276435,1897,4.944649446494465,267
227,0.2838,-815.6461538461538,2.6458333333333335,5.77365491651206,69.87384044526901,543,131,14.658297008988036,1898,5.8441558441558445,351
228,0.2823,-678.6769230769231,2.1925,4.513513513513513,68.66846846846848,554,135,10.967956043234725,1903,4.572972972972973,36
229,0.2807,-666.9538461538461,2.3891666666666667,5.031365313653136,67.23431734317343,552,142,9.997376675644128,1904,5.107011070110701,297
230,0.2792,-775.0846153846153,2.5683333333333334,5.090252707581228,67.49638989169675,554,140,13.346402121577528,1905,5.171480144404332,822
231,0.2776,-713.1076923076923,2.4875,4.954545454545454,68.5979020979021,579,140,12.511494348655004,1906,5.055944055944056,731
232,0.2761,-1012.4769230769231,3.3525,6.926258992805756,70.52158273381295,548,134,18.193311497094285,1913,7.014388489208633,603
233,0.2746,-751.5923076923077,2.6125,4.975862068965517,70.66896551724138,582,135,9.57056989143139,1913,5.055172413793104,234
234,0.273,-751.4769230769231,2.6083333333333334,5.334507042253521,68.9419014084507,554,136,9.502469189379712,1915,5.403169014084507,838
235,0.2715,-769.7923076923078,2.7083333333333335,5.268166089965398,68.61418685121107,580,143,12.315900452409451,1916,5.384083044982699,611
236,0.27,-735.2076923076922,2.5925,4.92,70.58333333333333,597,142,11.409683737100524,1918,5.001666666666667,95
237,0.2685,-729.876923076923,2.705,5.423008849557522,69.08141592920354,559,143,9.607419430437432,1921,5.491166077738516,527
238,0.267,-749.6923076923077,2.6308333333333334,5.202846975088968,68.57829181494662,569,137,11.720764555232462,1923,5.314946619217082,151
239,0.2656,-742.7538461538462,2.5833333333333335,5.143106457242583,69.06806282722513,569,144,8.400537538774746,1924,5.244328097731239,576
240,0.2641,-703.5769230769231,2.6441666666666666,4.84384858044164,67.04258675078864,619,148,10.585654320349859,1924,4.955835962145111,477
241,0.2626,-913.8,3.03,6.092495636998255,70.75043630017451,584,130,12.940687546544622,1924,6.176265270506108,692
242,0.2612,-692.5230769230769,2.5108333333333333,5.043630017452007,69.74869109947645,580,148,11.968800577050578,1925,5.127399650959861,761
243,0.2597,-750.553846153846,2.5883333333333334,5.398926654740608,71.60286225402504,570,142,10.963002124457685,1926,5.475849731663685,122
244,0.2583,-755.4,2.5025,4.942608695652174,68.19478260869565,566,136,14.31523481604623,1928,5.036521739130435,661
245,0.2569,-757.5769230769231,2.8141666666666665,5.63588850174216,70.52439024390245,563,141,14.693424975917102,1928,5.714285714285714,682
246,0.2555,-687.4230769230769,2.4525,5.107806691449814,68.1635687732342,541,137,11.575689979480307,1930,5.178438661710037,575
247,0.254,-765.8153846153847,2.6375,5.219931271477663,69.893470790378,582,141,11.351547115547564,1931,5.312714776632302,287
248,0.2526,-824.4692307692308,2.8725,5.666666666666667,68.14382402707275,591,141,14.810984437462446,1936,5.741116751269035,269
249,0.2512,-776.3384615384616,2.6391666666666667,5.315696649029983,66.668430335097,568,147,11.66915105749916,1937,5.393298059964726,51
250,0.2498,-752.8692307692309,2.3925,5.175373134328358,68.80410447761194,528,137,11.393547571479148,1939,5.25,160
251,0.2485,-730.776923076923,2.445,5.4,71.19223300970874,515,129,11.397603652690428,1940,5.493203883495146,695
252,0.2471,-773.3230769230769,2.6133333333333333,5.712121212121212,71.12310606060606,528,122,12.825680695599921,1944,5.806818181818182,680
253,0.2457,-693.9076923076923,2.308333333333333,4.703180212014134,70.09187279151944,562,140,9.922497903098918,1945,4.786219081272085,230
254,0.2444,-747.6769230769231,2.466666666666667,5.455238095238095,70.02857142857142,535,132,10.228405550379644,1945,5.539047619047619,688
255,0.243,-882.8307692307692,2.9458333333333333,5.8166089965397925,71.72491349480968,565,134,10.92870666276611,1945,5.906574394463668,456
256,0.2417,-714.553846153846,2.4991666666666665,5.302919708029197,69.00729927007299,542,142,10.263446174632348,1945,5.412408759124087,15
257,0.2403,-752.7153846153847,2.58,4.861063464837049,67.11835334476844,570,143,10.961151308737753,1946,4.933104631217839,188
258,0.239,-642.6384615384616,2.118333333333333,4.168367346938775,68.53061224489795,580,146,8.578061853911708,1946,4.258503401360544,218
259,0.2377,-754.7769230769231,2.359166666666667,4.931899641577061,68.29569892473118,556,134,11.120744722077115,1949,5.00179211469534,835
260,0.2364,-739.4846153846154,2.615,5.441860465116279,69.47406082289804,562,144,13.528112928740688,1952,5.536672629695886,199
261,0.2351,-737.0461538461539,2.4941666666666666,5.131294964028777,69.61510791366906,560,143,10.65129277686477,1952,5.239208633093525,647
262,0.2338,-655.0999999999999,2.38,5.114446529080675,70.13696060037523,539,138,8.603327851614324,1954,5.189493433395873,168
263,0.2325,-658.7076923076922,2.3075,4.7188612099644125,68.5017793594306,576,143,7.9463616832142705,1955,4.804270462633452,589
264,0.2312,-800.4923076923078,2.8175,5.8003597122302155,70.55035971223022,556,139,11.745665172542449,1957,5.89568345323741,316
265,0.2299,-869.6999999999999,2.8266666666666667,5.949090909090909,69.34545454545454,560,133,14.589556857127734,1959,6.030852994555354,409
266,0.2286,-741.0769230769231,2.620833333333333,5.117443868739206,69.89637305699482,584,139,9.69934497524799,1961,5.212435233160622,110
267,0.2274,-694.6692307692308,2.450833333333333,4.962962962962963,67.60493827160494,566,142,12.910245947514825,1964,5.045855379188713,276
268,0.2261,-683.6923076923077,2.1733333333333333,4.559352517985611,68.22302158273381,555,141,12.419769286421952,1967,4.652877697841727,622
269,0.2249,-813.4230769230769,2.5283333333333333,5.48,69.06285714285714,535,130,15.459103744577178,1967,5.561904761904762,865
270,0.2236,-697.7538461538461,2.464166666666667,5.036395147313692,69.25649913344887,573,141,10.903082636342717,1970,5.145580589254766,357
271,0.2224,-693.1923076923077,2.3133333333333335,4.912408759124087,71.72627737226277,565,137,10.890866667265234,1970,5.0036496350364965,461
272,0.2211,-783.2307692307692,2.8658333333333332,5.651724137931034,71.41206896551724,576,142,12.289554630792077,1970,5.729310344827586,186
273,0.2199,-776.8307692307692,2.4516666666666667,5.00177304964539,68.79964539007092,557,126,14.198006277616225,1972,5.118794326241135,233
274,0.2187,-719.6384615384616,2.5241666666666664,5.176785714285714,67.43392857142857,564,137,9.123110221013743,1973,5.257142857142857,423
275,0.2175,-732.7846153846153,2.473333333333333,4.88103448275862,70.32758620689656,592,134,12.769510668075572,1975,4.974137931034483,107
276,0.2163,-1030.8230769230768,2.9033333333333333,5.430313588850174,69.94773519163763,563,128,23.75384985446695,1980,5.495652173913044,323
277,0.2151,-692.3461538461538,2.3316666666666666,4.651646447140381,69.89428076256499,581,139,9.530703402555547,1981,4.743500866551127,446
278,0.2139,-765.9846153846154,2.5283333333333333,5.407407407407407,69.52222222222223,531,131,13.12432048289059,1981,5.487037037037037,756
279,0.2127,-669.6,2.2425,4.553571428571429,67.83392857142857,567,145,11.879069369125565,1986,4.626785714285714,867
280,0.2115,-744.9692307692308,2.3741666666666665,5.28740157480315,68.74409448818898,517,136,10.765005070960207,1986,5.339882121807466,719
281,0.2104,-759.0230769230769,2.5841666666666665,5.185314685314685,69.19755244755245,573,136,12.849317748390057,1988,5.283216783216783,387
282,0.2092,-810.2538461538461,2.795,5.503401360544218,67.88775510204081,575,135,15.530982631493558,1988,5.61734693877551,664
283,0.208,-831.1538461538462,2.755,5.374784110535406,70.66493955094991,577,138,10.980388572579288,1988,5.464594127806563,254
284,0.2069,-779.5615384615385,2.7675,5.833034111310592,67.57809694793536,556,134,13.77760797647156,1992,5.8940754039497305,491
285,0.2058,-692.223076923077,2.3716666666666666,4.95985401459854,69.38138686131387,548,137,10.747519157490625,1992,5.023722627737226,308
286,0.2046,-801.2769230769231,2.5216666666666665,5.3941747572815535,70.36504854368933,523,133,15.503393886065767,1995,5.466019417475728,92
287,0.2035,-586.3846153846154,2.0641666666666665,4.19964664310954,68.50883392226149,563,139,6.83413478925354,1996,4.279151943462898,770
288,0.2024,-749.4538461538463,2.5275,5.215189873417722,69.0632911392405,550,138,10.028557132693889,1996,5.3092224231464735,897
289,0.2012,-711.6307692307691,2.5091666666666668,5.087260034904014,68.33333333333333,576,147,10.146204395382835,1997,5.160558464223386,624
290,0.2001,-697.0615384615385,2.5875,5.122033898305085,68.1728813559322,577,150,13.070125779089603,1999,5.194585448392555,540
291,0.199,-812.7538461538461,2.805,6.136105860113422,71.89603024574669,534,143,12.847651127320841,2001,6.234404536862003,302
292,0.1979,-734.7846153846153,2.4141666666666666,4.626465661641541,66.79899497487438,590,134,12.490237938402258,2002,4.71356783919598,156
293,0.1968,-727.3846153846155,2.655,5.350785340314136,71.50087260034904,580,139,8.75039922965156,2003,5.467713787085515,376
294,0.1957,-795.5230769230769,2.805,5.590592334494773,68.18118466898954,592,138,12.175852066194663,2004,5.681184668989547,566
295,0.1946,-765.5230769230769,2.7666666666666666,5.952727272727273,70.27454545454546,545,141,13.436568544899643,2005,6.036363636363636,598
296,0.1936,-727.5384615384617,2.3741666666666665,5.2157996146435455,69.03660886319845,518,139,9.927637240738502,2005,5.298651252408478,885
297,0.1925,-829.7307692307693,2.8533333333333335,5.620689655172414,70.99655172413793,572,129,12.746759890768603,2008,5.720689655172414,468
298,0.1914,-743.2461538461539,2.405,4.798260869565217,68.35826086956521,576,142,10.122891220402664,2008,4.876736111111111,712
299,0.1904,-787.4307692307693,2.6733333333333333,5.52846975088968,68.69217081850533,561,133,12.328911887761397,2010,5.599644128113879,799
300,0.1893,-703.6615384615385,2.3991666666666664,4.992592592592593,69.1574074074074,544,136,10.687681044992875,2013,5.059259259259259,6
301,0.1883,-815.3538461538461,2.6275,4.986644407345576,68.73288814691152,610,132,11.996321768422812,2016,5.108514190317195,133
302,0.1872,-736.3153846153846,2.4325,4.904255319148936,67.81914893617021,563,137,11.411289751174245,2018,4.969858156028369,466
303,0.1862,-787.6307692307691,2.8775,5.898032200357782,69.54203935599284,558,138,12.927275914359711,2018,5.983899821109123,425
304,0.1852,-789.1153846153845,2.7725,5.409407665505227,66.83101045296168,583,139,13.920958796221045,2019,5.503484320557491,378
305,0.1841,-786.123076923077,2.5258333333333334,5.208333333333333,70.72826086956522,569,128,9.332248902125139,2020,5.295289855072464,727
306,0.1831,-694.876923076923,2.2708333333333335,5.306613226452906,70.11422845691382,491,128,7.956734194816275,2020,5.37875751503006,640
307,0.1821,-581.7230769230769,1.9941666666666666,4.4,68.45333333333333,535,139,8.430143870029342,2021,4.48952380952381,487
308,0.1811,-642.3153846153846,2.1558333333333333,4.697936210131332,69.20450281425892,534,137,11.649634672143032,2021,4.791744840525328,792
309,0.1801,-767.4461538461538,2.555,5.5482041587901705,71.59168241965973,521,129,11.574891034447166,2022,5.631379962192817,90
310,0.1791,-726.8153846153846,2.525,5.125886524822695,68.64539007092199,562,140,11.638568281664817,2023,5.218085106382978,521
311,0.1781,-641.4153846153847,2.078333333333333,4.093805309734513,67.61769911504425,574,145,11.56181333767548,2025,4.1716814159292035,214
312,0.1771,-708.6153846153846,2.2066666666666666,4.639853747714808,68.78062157221207,562,136,10.332794400016505,2025,4.736745886654479,24
313,0.1762,-570.1538461538462,2.0108333333333333,4.193140794223827,66.40613718411552,540,146,9.215370956312018,2026,4.268953068592058,390
314,0.1752,-745.4538461538461,2.37,4.73037542662116,65.16211604095564,586,145,10.790682015296476,2028,4.802047781569966,71
315,0.1742,-741.2384615384615,2.7133333333333334,5.214285714285714,67.46511627906976,604,142,12.64356062307609,2028,5.27906976744186,209
316,0.1732,-636.6615384615384,2.415,5.010733452593918,67.79248658318426,553,143,8.316988874679334,2029,5.073345259391771,462
317,0.1723,-721.3846153846155,2.415,4.544991511035653,66.92359932088286,595,145,10.575404370038855,2033,4.621392190152801,320
318,0.1713,-827.7076923076924,2.776666666666667,5.749116607773852,70.03356890459364,570,139,12.197300902420919,2033,5.803886925795053,16
319,0.1704,-646.9538461538463,2.24,4.767399267399267,70.08058608058609,543,144,9.177725258910261,2033,4.86080586080586,388
320,0.1694,-581.023076923077,2.1391666666666667,4.584761904761905,68.48761904761905,528,140,8.679535886585434,2034,4.681904761904762,346
321,0.1685,-755.5846153846154,2.4983333333333335,5.059544658493871,67.91593695271453,568,141,12.95638596299147,2035,5.162872154115587,605
322,0.1676,-601.6153846153846,2.1575,4.1686541737649065,68.43100511073254,595,153,7.79035147406274,2035,4.258943781942079,69
323,0.1666,-615.9615384615385,2.2091666666666665,4.455035971223022,65.8021582733813,539,145,11.301603639744135,2035,4.532374100719425,178
324,0.1657,-641.6846153846154,2.3716666666666666,4.996363636363636,67.08545454545454,552,143,12.410472619412445,2036,5.090909090909091,117
325,0.1648,-646.0846153846153,2.3783333333333334,4.825622775800712,66.33985765124555,558,138,9.178978262559376,2038,4.887900355871886,272
326,0.1639,-739.4923076923076,2.4316666666666666,4.919580419580419,70.13461538461539,581,138,11.91003439919958,2040,4.998251748251748,618
327,0.163,-562.9692307692308,1.9683333333333333,4.048648648648649,67.68468468468468,560,153,8.022622314232905,2041,4.147747747747748,480
328,0.1621,-764.1923076923076,2.7216666666666667,5.0315955766192735,69.8436018957346,626,145,10.186567349493671,2041,5.135860979462875,609
329,0.1612,-654.0,2.2333333333333334,4.642477876106195,69.38053097345133,561,141,10.365207160507634,2041,4.715044247787611,641
330,0.1603,-641.5461538461539,2.2591666666666668,4.72463768115942,70.11413043478261,559,140,9.726073699184564,2044,4.813405797101449,5
331,0.1594,-646.7,2.3325,4.632478632478633,67.78461538461538,574,146,11.50711510933589,2044,4.747008547008547,61
332,0.1585,-788.0076923076922,2.618333333333333,5.5236363636363635,71.6290909090909,556,138,10.04763042050455,2044,5.623636363636364,567
333,0.1577,-688.123076923077,2.424166666666667,4.964664310954063,68.68021201413427,563,146,10.9066704230497,2048,5.0583038869257955,434
334,0.1568,-801.0692307692308,2.819166666666667,5.4847457627118645,69.98305084745763,597,135,14.376170215634687,2048,5.559322033898305,677
335,0.1559,-724.8692307692309,2.546666666666667,5.265597147950089,69.75935828877006,554,137,8.66312499213919,2048,5.336898395721925,510
336,0.155,-765.223076923077,2.6791666666666667,5.568265682656826,71.41143911439114,532,132,14.389999739558238,2048,5.679558011049724,113
337,0.1542,-773.2307692307693,2.415,4.538994800693241,67.8890814558059,586,142,15.017163252714225,2049,4.630849220103986,42
338,0.1533,-608.9384615384615,2.2116666666666664,4.505263157894737,68.30175438596491,579,151,9.187530861533386,2049,4.601754385964912,784
339,0.1525,-614.0461538461539,2.296666666666667,4.620450606585789,68.49740034662045,568,143,9.190615952031788,2052,4.705372616984402,26
340,0.1516,-682.5999999999999,2.2625,4.509499136442142,68.78756476683938,579,128,11.969337959685918,2053,4.607944732297064,335
341,0.1508,-625.7230769230769,2.2091666666666665,4.534513274336283,66.43362831858407,566,152,11.476517058401003,2054,4.638938053097345,625
342,0.15,-719.7230769230769,2.345,4.796064400715563,69.21466905187836,555,149,13.29399624323721,2054,4.887298747763864,384
343,0.1491,-635.8461538461538,2.26,4.946096654275093,69.26022304832713,541,137,12.229928395047796,2057,5.0427509293680295,863
344,0.1483,-775.1153846153846,2.685,5.303292894280762,68.7157712305026,583,135,9.954069599357785,2057,5.412478336221837,101
345,0.1475,-905.8384615384616,2.89,5.883802816901408,68.46830985915493,569,131,14.051979377562406,2057,5.950704225352113,329
346,0.1467,-620.5692307692308,2.1841666666666666,4.363945578231292,68.88775510204081,576,141,9.901562793664196,2060,4.476190476190476,691
347,0.1459,-630.2153846153846,2.2325,4.765595463137997,70.06805293005671,547,135,10.553168800858948,2060,4.837429111531191,146
348,0.1451,-734.0615384615385,2.5325,4.964224872231687,69.2504258943782,575,134,14.088819029192619,2060,5.073253833049404,238
349,0.1443,-602.0,2.1125,4.564485981308411,69.06915887850467,535,136,8.871106552150673,2061,4.663551401869159,173
350,0.1435,-692.5384615384615,2.2275,4.507880910683013,66.16637478108582,578,144,10.735094832329915,2063,4.567425569176883,315
351,0.1427,-578.3692307692307,2.049166666666667,4.045534150612959,68.96847635726795,573,152,6.3557960237108535,2063,4.171628721541156,544
352,0.1419,-702.0153846153846,2.4358333333333335,4.852889667250438,67.6077057793345,568,138,10.457941839623649,2063,4.93006993006993,240
353,0.1411,-625.5923076923077,2.2083333333333335,4.46286701208981,68.79620034542314,580,147,8.479671426173647,2063,4.557858376511226,274
354,0.1403,-654.5923076923077,2.194166666666667,4.802303262955854,67.9827255278311,513,129,12.277125733302993,2064,4.89443378119002,333
355,0.1395,-640.0,2.2891666666666666,5.027184466019418,65.2368932038835,520,141,8.87972602588321,2065,5.118446601941748,279
356,0.1388,-660.5307692307692,2.2083333333333335,4.8606870229007635,70.42175572519083,512,135,10.985854675934338,2067,4.958015267175573,72
357,0.138,-696.2076923076922,2.3775,5.056985294117647,67.40992647058823,552,144,10.746227451851647,2067,5.130514705882353,57
358,0.1372,-704.8153846153846,2.5441666666666665,5.4099264705882355,70.33639705882354,547,138,11.481374913743698,2067,5.490808823529412,427
359,0.1365,-742.3692307692307,2.504166666666667,4.9911190053285965,71.02131438721136,567,140,12.30645178823678,2068,5.085257548845471,749
360,0.1357,-779.1923076923076,2.4766666666666666,5.073943661971831,69.69542253521126,571,130,14.397235265039528,2068,5.184859154929577,513
361,0.135,-711.1076923076923,2.6041666666666665,5.068791946308725,69.32885906040268,594,132,11.251735984785714,2068,5.174496644295302,871
362,0.1342,-658.6846153846154,2.341666666666667,4.826642335766423,68.75,545,150,7.947457240972665,2068,4.905109489051095,435
363,0.1335,-661.9000000000001,2.3766666666666665,4.737113402061856,67.81099656357388,576,142,7.650653187153245,2068,4.81786941580756,821
364,0.1327,-747.9230769230769,2.6783333333333332,5.278156996587031,69.53924914675768,588,138,12.569324589327573,2071,5.36518771331058,105
365,0.132,-664.2384615384615,2.3583333333333334,5.183556405353729,71.62332695984703,526,125,12.12310678035826,2072,5.258126195028681,11
366,0.1313,-623.6153846153846,2.2258333333333336,4.748175182481752,67.90328467153284,536,130,8.94396424693758,2072,4.8321167883211675,874
367,0.1306,-630.0461538461539,2.3916666666666666,4.8739205526770295,66.64594127806564,581,143,7.169355584562631,2072,4.967184801381692,182
368,0.1298,-717.4230769230769,2.4966666666666666,5.0683012259194395,68.80035026269702,559,136,10.334677807016979,2072,5.145359019264449,650
369,0.1291,-569.1615384615384,1.99,4.235404896421845,68.58568738229755,531,130,10.405259607889324,2074,4.3069679849340865,858
370,0.1284,-680.9076923076923,2.2533333333333334,4.577464788732394,68.64612676056338,567,142,9.848351499602455,2077,4.654929577464789,781
371,0.1277,-831.1538461538461,2.8558333333333334,5.68630849220104,69.92201039861352,560,135,13.856913525211572,2080,5.7920277296360485,768
372,0.127,-700.4923076923077,2.6391666666666667,5.396460176991151,69.39823008849558,559,132,12.042314663658058,2081,5.522123893805309,211
373,0.1263,-703.6307692307693,2.5708333333333333,5.048442906574395,69.92906574394463,578,139,10.776619546553482,2082,5.141868512110727,802
374,0.1256,-707.6384615384616,2.5541666666666667,5.209219858156028,71.63829787234043,587,135,10.271004172362536,2085,5.304964539007092,332
375,0.1249,-719.8153846153846,2.195,4.747697974217311,69.83977900552486,551,136,12.58795349399013,2085,4.834254143646409,43
376,0.1242,-757.6,2.6158333333333332,5.178151260504202,68.6453781512605,600,132,10.2935150448731,2085,5.2672268907563025,500
377,0.1235,-710.8153846153846,2.5033333333333334,5.003448275862069,69.88448275862069,582,146,11.204464867493776,2085,5.113793103448276,493
378,0.1228,-789.1999999999999,2.470833333333333,4.962765957446808,70.02304964539007,567,132,13.665894747812079,2086,5.069148936170213,154
379,0.1221,-587.3692307692307,2.13,4.612244897959184,67.53061224489795,542,138,9.373580101707912,2086,4.6938775510204085,215
380,0.1215,-651.4692307692308,2.2608333333333333,4.693548387096774,69.08243727598567,553,139,13.150863510411396,2088,4.772401433691757,317
381,0.1208,-704.876923076923,2.535833333333333,4.848039215686274,66.55228758169935,606,153,13.171280495895571,2089,4.944444444444445,397
382,0.1201,-741.3692307692309,2.756666666666667,5.518900343642612,68.79381443298969,585,140,13.027378326578695,2090,5.635738831615121,394
383,0.1195,-665.3538461538462,2.2158333333333333,4.247524752475248,66.78052805280528,620,145,12.684647979635999,2090,4.346534653465347,45
384,0.1188,-601.2692307692307,2.1675,4.529520295202952,68.37269372693727,554,143,10.668542000866942,2091,4.618081180811808,334
385,0.1181,-645.5,2.4408333333333334,4.830795262267343,66.95600676818951,593,148,10.042731016644373,2093,4.9238578680203045,724
386,0.1175,-634.5769230769231,2.3491666666666666,4.739583333333333,67.70138888888889,576,142,10.278555564111818,2094,4.835069444444445,890
387,0.1168,-632.6076923076922,2.1333333333333333,4.59433962264151,68.90943396226415,546,136,9.130400874163179,2095,4.654716981132076,509
388,0.1162,-726.4230769230769,2.466666666666667,5.135957066189624,70.16279069767442,561,132,11.288774915862003,2095,5.205724508050089,430
389,0.1156,-689.0538461538462,2.2958333333333334,4.654804270462633,69.65124555160142,579,134,10.043951401097631,2095,4.750889679715303,0
390,0.1149,-615.5999999999999,2.2441666666666666,4.706642066420664,68.47047970479704,546,135,9.964461959215114,2095,4.7749077490774905,553
391,0.1143,-723.376923076923,2.3741666666666665,4.832451499118166,70.71252204585538,568,138,10.068413439218816,2098,4.915343915343915,53
392,0.1136,-710.8846153846155,2.56,5.277676950998185,68.7858439201452,550,134,9.603689873170422,2101,5.368421052631579,440
393,0.113,-710.2923076923078,2.410833333333333,4.99288256227758,68.09608540925267,570,138,10.303819686912213,2102,5.090747330960854,345
394,0.1124,-678.5307692307692,2.4883333333333333,4.954385964912281,69.95438596491228,571,143,10.399804113277373,2103,5.0473684210526315,175
395,0.1118,-864.9076923076923,2.8758333333333335,5.73015873015873,69.55731922398589,570,125,15.356884050439364,2106,5.828924162257495,307
396,0.1112,-696.9384615384615,2.4725,5.087033747779751,69.33747779751332,573,136,9.457053526216757,2106,5.165186500888099,467
397,0.1105,-743.2461538461538,2.7591666666666668,5.753623188405797,70.7463768115942,554,138,9.406904802385231,2107,5.820652173913044,556
398,0.1099,-542.7461538461539,1.9791666666666667,3.994818652849741,68.10017271157167,575,155,4.301581685135951,2107,4.077720207253886,817
399,0.1093,-716.0692307692307,2.4908333333333332,5.113475177304965,69.2517730496454,555,137,9.861192955906613,2110,5.179078014184397,194
400,0.1087,-590.5076923076923,2.2525,4.395939086294416,66.21827411167513,587,153,8.116123903277792,2110,4.467005076142132,722
401,0.1081,-732.3461538461538,2.3466666666666667,4.785714285714286,67.58536585365853,566,140,11.603478439012603,2110,4.871080139372823,765
402,0.1075,-646.7384615384615,2.131666666666667,4.569316081330869,69.70979667282809,543,138,9.449664765802769,2110,4.656192236598891,579
403,0.1069,-717.0846153846154,2.5608333333333335,5.446927374301676,70.1024208566108,544,126,9.331219995638433,2110,5.5307262569832405,646
404,0.1063,-720.0846153846154,2.5591666666666666,4.97770154373928,68.89193825042882,585,140,12.268881740049366,2112,5.041166380789022,371
405,0.1057,-704.7461538461539,2.5175,5.0034364261168385,68.87972508591065,576,143,10.415368538339077,2112,5.080756013745704,102
406,0.1052,-766.7384615384615,2.5791666666666666,5.477396021699819,69.40687160940325,557,127,13.734006596903646,2112,5.580470162748644,212
407,0.1046,-598.946153846154,2.0741666666666667,4.314946619217082,68.72419928825623,562,138,7.562135478412697,2113,4.395017793594306,195
408,0.104,-811.1692307692307,2.785,5.536082474226804,68.83676975945018,584,140,15.488609892116743,2115,5.608247422680412,711
409,0.1034,-716.6076923076923,2.4941666666666666,5.353703703703704,68.21666666666667,533,136,12.191951857225963,2115,5.45,815
410,0.1028,-725.2076923076922,2.26,4.485964912280702,67.92456140350878,570,134,10.25294444612192,2115,4.578947368421052,127
411,0.1023,-717.7615384615384,2.4291666666666667,5.177238805970149,71.54291044776119,538,131,9.971312442696329,2115,5.270522388059701,864
412,0.1017,-742.0076923076923,2.68,5.234375,70.18923611111111,575,138,11.675431725458658,2115,5.314236111111111,685
413,0.1011,-729.2615384615384,2.4975,4.936643835616438,67.49143835616438,584,139,9.858081432350348,2115,5.013698630136986,483
414,0.1006,-625.8384615384615,2.2133333333333334,4.793296089385475,69.81005586592178,537,134,7.91095567279469,2116,4.899441340782123,563
415,0.1,-776.9769230769232,2.7683333333333335,5.318027210884353,68.22108843537416,591,147,17.58289998124761,2116,5.404761904761905,419
416,0.0995,-709.676923076923,2.4391666666666665,4.918260869565217,69.46782608695652,589,140,10.130850199267375,2116,5.027826086956522,626
417,0.0989,-610.7,2.2175,4.28,68.53,600,144,7.376093673645557,2116,4.3966666666666665,239
418,0.0984,-694.3153846153846,2.43,4.945993031358885,70.3048780487805,570,135,9.188168689827355,2117,5.054006968641115,170
419,0.0978,-758.5461538461539,2.675,5.529516994633274,70.22361359570662,558,135,11.629010422418354,2118,5.615384615384615,804
420,0.0973,-734.1923076923077,2.265,4.658450704225352,67.3855633802817,559,137,11.74516260157815,2120,4.76056338028169,539
421,0.0968,-739.0384615384614,2.535833333333333,5.262589928057554,71.63129496402878,568,133,10.83077440792925,2121,5.33273381294964,591
422,0.0962,-634.8153846153847,2.256666666666667,4.509466437177281,69.35283993115318,584,133,11.160907857503442,2121,4.621342512908778,116
423,0.0957,-767.7384615384615,2.6458333333333335,5.6225045372050815,70.09800362976407,542,133,12.87249371803348,2125,5.705989110707804,355
424,0.0952,-660.6692307692308,2.135,4.50281425891182,67.11069418386492,537,140,10.295875869908052,2129,4.6041275797373356,517
425,0.0946,-671.9846153846154,2.54,5.272401433691757,70.40501792114695,555,142,9.825694908193991,2130,5.345878136200717,82
426,0.0941,-616.6,2.0875,4.232394366197183,66.84507042253522,575,143,12.367036002652211,2131,4.34330985915493,492
427,0.0936,-626.7461538461539,2.2066666666666666,4.358585858585859,66.78787878787878,588,146,11.019660704678378,2131,4.454545454545454,535
428,0.0931,-632.6923076923076,1.9958333333333333,4.262206148282098,67.78842676311031,552,131,10.335351840527759,2133,4.3544303797468356,667
429,0.0926,-689.8384615384616,2.555,5.043706293706293,69.3513986013986,577,138,6.395366807649658,2133,5.13986013986014,839
430,0.092,-694.9076923076923,2.4158333333333335,4.561688311688312,68.88149350649351,627,144,11.083892194391279,2133,4.694805194805195,352
431,0.0915,-665.9615384615383,2.4225,4.966490299823633,68.94708994708995,582,152,10.105083958625412,2135,5.058201058201059,18
432,0.091,-598.4846153846154,2.0816666666666666,4.0085470085470085,67.06837606837607,593,147,4.770585254463407,2135,4.092307692307692,41
433,0.0905,-783.6461538461539,2.81,5.840290381125227,70.42649727767694,552,134,12.28023245517081,2136,5.938294010889292,196
434,0.09,-782.8,2.716666666666667,5.318718381112985,69.31028667790893,592,140,13.325216783288132,2136,5.424957841483979,304
435,0.0895,-796.1615384615384,2.776666666666667,5.169329073482428,69.52396166134186,606,140,13.0830145127333,2136,5.276357827476039,94
436,0.089,-723.0923076923077,2.5833333333333335,5.305357142857143,68.50892857142857,559,129,9.674648038543802,2137,5.4053571428571425,528
437,0.0885,-615.7153846153847,2.25,4.795246800731261,69.36380255941499,545,135,7.845121267472966,2138,4.872029250457039,699
438,0.088,-863.0153846153846,3.0808333333333335,6.197594501718213,72.22164948453609,597,136,14.925935463452952,2138,6.29553264604811,226
439,0.0876,-565.376923076923,1.9608333333333334,4.043636363636364,67.16,542,138,8.621066322292489,2139,4.127272727272727,35
440,0.0871,-758.8,2.7083333333333335,5.362847222222222,69.63194444444444,575,133,8.690701684020347,2139,5.458333333333333,549
441,0.0866,-822.2615384615384,2.9691666666666667,5.583333333333333,70.39903846153847,611,138,13.400748913811023,2140,5.668269230769231,501
442,0.0861,-723.2,2.390833333333333,5.162661737523106,69.08872458410352,539,127,8.941314548386314,2140,5.22735674676525,374
443,0.0856,-673.4307692307692,2.308333333333333,4.622222222222222,69.94017094017094,576,133,9.873006768760884,2141,4.717948717948718,550
444,0.0852,-691.7,2.444166666666667,4.8013582342954155,67.50424448217318,588,142,10.14693211069928,2143,4.898132427843803,158
445,0.0847,-584.5153846153846,1.8508333333333333,3.8828828828828827,66.56576576576576,547,135,8.898600158983445,2143,3.983783783783784,886
446,0.0842,-829.3307692307692,2.7158333333333333,5.324369747899159,69.45714285714286,603,128,13.163475641443842,2143,5.416806722689076,421
447,0.0838,-722.2307692307693,2.5316666666666667,5.276752767527675,69.49261992619927,555,131,11.122014129838998,2143,5.3597785977859775,541
448,0.0833,-604.2615384615384,2.115,4.610902255639098,69.43796992481202,542,143,7.512217723585306,2145,4.703007518796992,876
449,0.0828,-608.1769230769231,2.1058333333333334,4.256140350877193,67.32631578947368,568,142,7.913257847994001,2145,4.352631578947369,773
450,0.0824,-721.9692307692308,2.4408333333333334,4.953153153153153,66.93333333333334,571,140,11.218475478221421,2145,5.0414414414414415,118
451,0.0819,-715.3538461538462,2.4183333333333334,4.8422876949740035,69.75563258232236,576,138,10.769081291320747,2148,4.92894280762565,241
452,0.0815,-680.876923076923,2.265833333333333,4.590339892665474,70.05724508050089,569,126,7.284936620105632,2148,4.6923076923076925,620
453,0.081,-759.7384615384615,2.6966666666666668,5.042071197411003,70.24433656957929,621,133,12.29934256790286,2149,5.160194174757281,836
454,0.0806,-627.9307692307693,2.2825,4.4902309058614565,67.58969804618117,568,139,7.661194508050495,2149,4.568383658969805,300
455,0.0801,-607.9230769230769,2.118333333333333,4.434163701067615,65.79715302491103,558,148,8.893936081569551,2149,4.532028469750889,504
456,0.0797,-682.676923076923,2.3641666666666667,4.727430555555555,69.21701388888889,565,133,8.091833115404265,2149,4.814236111111111,697
457,0.0792,-732.2923076923075,2.225,4.253448275862069,68.13275862068966,573,134,9.499027067445109,2149,4.3517241379310345,56
458,0.0788,-764.0692307692307,2.6966666666666668,5.2687074829931975,71.79761904761905,599,133,11.787679811121428,2150,5.362244897959184,342
459,0.0784,-686.1923076923076,2.2275,4.556537102473499,67.92226148409894,572,137,8.943160968948613,2150,4.6325088339222615,829
460,0.0779,-645.9923076923078,2.158333333333333,4.826254826254826,70.34362934362935,521,138,5.144247846397956,2150,4.901544401544402,210
461,0.0775,-704.3,2.3675,4.96229802513465,67.8491921005386,543,126,10.688983748848313,2151,5.0359066427289045,106
462,0.0771,-720.2538461538461,2.424166666666667,4.905109489051095,68.76459854014598,544,138,11.223684460252665,2151,4.992700729927007,732
463,0.0766,-728.2307692307693,2.5216666666666665,4.89527027027027,71.02533783783784,604,137,7.70405492911789,2152,5.0050675675675675,634
464,0.0762,-708.7615384615384,2.3508333333333336,5.0,69.8404452690167,541,123,10.016997066601437,2152,5.074211502782932,824
465,0.0758,-662.2923076923076,2.305833333333333,4.472081218274112,67.22335025380711,591,143,12.541902895682487,2153,4.55668358714044,766
466,0.0754,-680.6769230769231,2.2866666666666666,4.756805807622505,68.79854809437387,552,132,11.00853844479123,2154,4.847549909255898,288
467,0.075,-681.8461538461538,2.3358333333333334,4.481418918918919,68.00337837837837,589,140,7.263957196160414,2154,4.570945945945946,301
468,0.0745,-728.423076923077,2.4291666666666667,4.652323580034423,66.38209982788295,591,140,10.452667529115745,2154,4.746987951807229,499
469,0.0741,-657.0999999999999,2.3341666666666665,4.722614840989399,67.07420494699646,552,140,8.685545679865687,2155,4.842756183745583,597
470,0.0737,-666.8923076923077,2.200833333333333,4.498257839721254,67.13937282229965,574,142,8.607056344299917,2156,4.578397212543554,229
471,0.0733,-738.6692307692308,2.638333333333333,5.139966273187184,67.57841483979765,602,154,13.871925051821178,2159,5.252951096121416,244
472,0.0729,-743.8307692307692,2.4683333333333333,5.224043715846994,69.51183970856103,548,135,12.093678089185422,2161,5.333333333333333,63
473,0.0725,-650.7538461538462,2.441666666666667,4.360576923076923,68.125,624,145,10.019759425654334,2162,4.480769230769231,475
474,0.0721,-591.7,2.0541666666666667,4.3945454545454545,68.34,553,150,8.119173626901059,2162,4.489090909090909,658
475,0.0717,-701.2692307692307,2.5033333333333334,5.167857142857143,69.59642857142858,570,142,11.379024763952911,2162,5.241071428571429,79
476,0.0713,-885.6,3.17,6.303082191780822,66.9708904109589,567,138,17.775342509887665,2168,6.409246575342466,200
477,0.0709,-728.8615384615384,2.4891666666666667,5.109734513274336,69.38938053097345,561,123,12.042634480113364,2169,5.169911504424779,343
478,0.0705,-632.0076923076923,2.3291666666666666,4.651360544217687,68.47278911564626,583,146,10.669824868603374,2169,4.73469387755102,373
479,0.0701,-749.5230769230769,2.545,5.030664395229983,67.85519591141397,583,139,9.055995239157985,2169,5.1192504258943785,344
480,0.0697,-663.9846153846154,2.355,4.910233393177738,69.5673249551167,561,135,9.724833849287874,2169,4.998204667863555,714
481,0.0694,-643.5,2.3466666666666667,4.765323992994746,68.94045534150612,575,145,9.58772761989287,2169,4.868651488616463,13
482,0.069,-633.4923076923078,2.299166666666667,4.598958333333333,68.21875,581,141,7.7145234689970446,2170,4.692708333333333,405
483,0.0686,-680.1923076923076,2.3508333333333336,5.232380952380953,68.0495238095238,532,136,10.739622402463253,2171,5.297142857142857,474
484,0.0682,-716.9230769230769,2.5316666666666667,5.2518115942028984,67.70289855072464,548,133,14.861626568788049,2173,5.320652173913044,820
485,0.0678,-619.6923076923078,2.1733333333333333,4.646067415730337,67.41947565543072,526,137,8.853603356470373,2175,4.726591760299626,812
486,0.0675,-628.2076923076922,2.4433333333333334,5.0323159784560145,69.48114901256733,561,142,8.205659284146261,2176,5.138240574506284,91
487,0.0671,-678.9230769230769,2.3691666666666666,4.4119547657512115,65.8739903069467,612,148,14.151866517985866,2177,4.520193861066236,862
488,0.0667,-830.3,2.799166666666667,5.566326530612245,69.60884353741497,590,132,13.389736166457208,2179,5.66723259762309,222
489,0.0664,-619.623076923077,2.2525,4.5405872193436965,68.49913644214162,582,141,6.266250879735174,2180,4.6355785837651124,507
490,0.066,-708.723076923077,2.589166666666667,5.47329650092081,68.80294659300183,539,138,11.999609361536363,2180,5.580110497237569,857
491,0.0656,-577.6846153846153,2.129166666666667,4.360215053763441,67.14695340501792,559,140,8.907698137312007,2181,4.458781362007168,203
492,0.0653,-586.3538461538462,2.1866666666666665,4.43327239488117,66.90310786106033,559,140,8.129734006465334,2181,4.517367458866545,280
493,0.0649,-691.0153846153846,2.6066666666666665,5.096026490066225,69.41059602649007,605,145,9.06571096253221,2182,5.200331125827814,715
494,0.0645,-559.9307692307691,2.0525,4.402930402930403,68.52564102564102,545,143,7.158222230724291,2182,4.496336996336996,451
495,0.0642,-627.8692307692307,2.1616666666666666,4.32212389380531,67.31681415929204,550,136,10.546353928808962,2182,4.424778761061947,144
496,0.0638,-704.623076923077,2.3558333333333334,4.931407942238267,70.25451263537906,556,136,13.080563024064585,2182,5.005415162454874,760
497,0.0635,-634.3538461538462,2.3858333333333333,4.499136442141624,67.63903281519862,596,154,6.5095726205707125,2182,4.588946459412781,788
498,0.0631,-715.9230769230769,2.4566666666666666,5.190388170055453,69.15526802218115,545,145,10.157640644235379,2183,5.269870609981516,148
499,0.0628,-583.5923076923077,2.1816666666666666,4.3479020979020975,69.28321678321679,573,148,8.621931766590851,2184,4.437062937062937,135
500,0.0624,-634.2076923076922,2.1658333333333335,4.821705426356589,66.8546511627907,508,133,9.893131721282947,2185,4.9147286821705425,52
501,0.0621,-565.9538461538461,1.9908333333333332,4.032928942807626,69.39688041594454,582,144,5.800472813661243,2185,4.103986135181976,455
502,0.0617,-572.9692307692308,2.098333333333333,4.415129151291513,67.25276752767527,546,145,7.5156766283158705,2185,4.488929889298893,383
503,0.0614,-655.4538461538461,2.3216666666666668,4.946788990825688,69.23119266055046,542,136,12.05029457161293,2186,5.047706422018349,610
504,0.0611,-742.123076923077,2.651666666666667,5.02051282051282,67.21880341880342,596,142,14.290776001600914,2187,5.114529914529914,114
505,0.0607,-645.1923076923076,2.0183333333333335,4.62874251497006,70.28343313373253,515,138,10.259886848694718,2188,4.716566866267465,14
506,0.0604,-704.4307692307692,2.3408333333333333,4.719512195121951,68.14808362369338,578,140,9.452610406740554,2190,4.810104529616725,671
507,0.06,-700.4384615384615,2.7275,5.053311793214863,68.31340872374798,612,143,13.278421780534746,2194,5.163166397415186,546
508,0.0597,-681.1538461538462,1.9683333333333333,4.008944543828265,68.87656529516994,560,144,10.972419318332692,2194,4.087656529516995,40
509,0.0594,-596.1307692307693,2.0166666666666666,3.9491525423728815,67.83559322033898,589,141,5.982054499501676,2194,4.027118644067796,258
510,0.0591,-660.3307692307693,2.235,4.581105169340463,69.12655971479501,553,142,13.655021702630068,2194,4.679144385026738,759
511,0.0587,-641.5692307692308,2.255,5.16370808678501,69.68441814595661,503,130,9.321599113675944,2195,5.27810650887574,545
512,0.0584,-632.4923076923076,2.120833333333333,4.353790613718411,67.21841155234657,569,144,10.482309435093704,2197,4.453068592057762,420
513,0.0581,-616.8923076923077,2.1983333333333333,4.451438848920863,69.81474820143885,558,139,9.432085149260221,2197,4.525179856115108,520
514,0.0578,-633.5,2.0766666666666667,4.315884476534296,67.68592057761732,555,135,8.190120095061655,2197,4.375451263537906,635
515,0.0574,-650.1692307692308,2.2933333333333334,4.657193605683837,66.97690941385436,562,136,8.560239947243181,2197,4.7424511545293075,109
516,0.0571,-606.9230769230769,2.138333333333333,4.5092592592592595,68.20185185185186,546,137,7.8505742403668455,2197,4.592592592592593,713
517,0.0568,-638.8307692307692,2.1458333333333335,4.467153284671533,67.63686131386861,537,138,7.525561144017477,2197,4.5821167883211675,286
518,0.0565,-586.623076923077,2.0525,4.25886524822695,68.76063829787235,557,142,9.595040703959793,2198,4.345744680851064,362
519,0.0562,-750.7230769230769,2.4816666666666665,5.215867158671586,68.7619926199262,530,130,14.171750243227608,2200,5.317343173431734,741
520,0.0559,-581.9538461538461,2.1016666666666666,3.9342806394316163,66.18827708703375,552,147,7.817408653405791,2202,4.005328596802842,524
521,0.0556,-738.7769230769231,2.47,5.209174311926605,69.57247706422018,555,131,11.64389544175226,2204,5.302752293577981,705
522,0.0553,-626.5923076923077,2.1491666666666664,4.396092362344582,65.96092362344582,555,149,9.495043267569912,2204,4.476021314387212,28
523,0.0549,-904.5769230769231,3.1783333333333332,6.202702702702703,70.28716216216216,588,135,19.46504578111993,2207,6.3175675675675675,159
524,0.0546,-736.6538461538461,2.575833333333333,4.939495798319328,69.07731092436975,600,143,14.064891116867441,2207,5.052100840336134,855
525,0.0543,-605.4384615384615,2.1658333333333335,4.613430127041743,68.72595281306715,555,139,9.282077734042419,2207,4.720508166969147,130
526,0.054,-713.5307692307692,2.4741666666666666,4.809523809523809,69.45748299319727,590,135,12.102337161089102,2207,4.886054421768708,613
527,0.0537,-513.4230769230769,1.945,4.2180451127819545,67.25375939849624,538,147,7.625907258606065,2208,4.3007518796992485,176
528,0.0534,-733.2153846153847,2.6558333333333333,5.240773286467487,67.8506151142355,567,136,15.339849131945165,2209,5.328646748681898,311
529,0.0531,-696.6461538461538,2.3675,5.066914498141264,67.3271375464684,535,129,11.635533786182737,2209,5.156133828996283,568
530,0.0529,-657.1846153846154,2.28,4.36331569664903,68.98412698412699,566,131,8.961504139199672,2209,4.45679012345679,372
531,0.0526,-618.7538461538461,2.11,4.330998248686515,65.22066549912434,557,144,9.762944416822952,2210,4.413309982486865,470
532,0.0523,-526.5,1.935,3.8947368421052633,67.16140350877193,580,151,3.6907928603933895,2211,3.950877192982456,185
533,0.052,-567.0846153846153,2.055,3.788429752066116,65.71570247933884,600,146,5.516441027523511,2211,3.8694214876033057,534
534,0.0517,-493.0076923076923,1.9441666666666666,3.9463327370304113,67.54919499105546,564,150,6.91886536112877,2211,4.032200357781753,621
535,0.0514,-566.5153846153846,2.1483333333333334,4.493738819320215,68.94275491949911,563,148,5.883722057655114,2211,4.56350626118068,264
536,0.0511,-646.3538461538462,2.4566666666666666,5.090909090909091,70.23076923076923,562,140,9.781471609769964,2211,5.171328671328672,485
537,0.0508,-548.8153846153846,1.9283333333333332,3.931338028169014,65.80105633802818,572,147,7.565065145597845,2211,4.022887323943662,356
538,0.0506,-598.1692307692308,2.1433333333333335,4.3076923076923075,69.09965034965035,580,148,10.42424320690963,2211,4.396853146853147,7
539,0.0503,-614.1538461538462,1.9508333333333334,4.071556350626118,67.94633273703042,570,139,9.205278451055472,2211,4.153846153846154,651
540,0.05,-674.4692307692308,2.475,4.890434782608696,69.20521739130434,579,143,11.823445795081962,2212,4.982608695652174,554
541,0.05,-654.9076923076923,2.305,4.647160068846816,69.27022375215147,570,142,8.96698363906922,2212,4.733218588640275,66
542,0.05,-611.7,2.276666666666667,4.892335766423358,69.04379562043796,547,136,6.867978920385441,2212,4.987226277372263,370
543,0.05,-629.623076923077,2.3116666666666665,4.599320882852292,66.10356536502546,586,147,8.908375689978186,2213,4.702886247877759,564
544,0.05,-706.6692307692308,2.276666666666667,4.676678445229682,68.61660777385158,567,127,9.840217086240862,2213,4.773851590106007,583
545,0.05,-638.9153846153847,2.2291666666666665,4.4361702127659575,67.70744680851064,571,131,8.115597498511503,2213,4.526595744680851,220
546,0.05,-692.5461538461539,2.236666666666667,4.557377049180328,68.46812386156648,539,143,10.465078984603878,2214,4.646630236794171,393
547,0.05,-664.0461538461539,2.245,4.473958333333333,69.28993055555556,573,134,9.363315967216495,2214,4.560763888888889,649
548,0.05,-837.9923076923078,2.8183333333333334,5.428571428571429,70.47058823529412,604,141,10.220464722512315,2214,5.510924369747899,660
549,0.05,-640.6846153846154,2.3158333333333334,4.481481481481482,67.78956228956228,600,146,7.974875692383472,2214,4.5606060606060606,482
550,0.05,-722.3307692307693,2.7183333333333333,5.316666666666666,68.175,594,136,8.787825332151622,2214,5.43261231281198,512
551,0.05,-619.0153846153846,2.1983333333333333,4.436802973977695,68.45353159851301,535,134,9.210943248910715,2214,4.5315985130111525,548
552,0.05,-647.0153846153846,2.1275,4.188356164383562,66.64041095890411,574,147,8.290765164623746,2214,4.284246575342466,562
553,0.05,-597.876923076923,2.0125,4.233766233766234,69.07977736549165,542,139,5.484930559430936,2214,4.341372912801484,138
554,0.05,-626.9,2.16,4.568807339449541,69.46788990825688,549,133,9.639280532307867,2214,4.655045871559633,39
555,0.05,-689.2307692307693,2.5383333333333336,5.108771929824561,68.30877192982456,565,143,10.39207970703983,2214,5.175438596491228,124
556,0.05,-727.5769230769231,2.495833333333333,4.907094594594595,66.67905405405405,576,142,10.544622896160048,2215,4.986509274873525,88
557,0.05,-627.8538461538462,2.138333333333333,4.5349264705882355,69.28125,543,139,8.679061102986447,2215,4.615808823529412,326
558,0.05,-545.8923076923077,2.0725,4.01551724137931,66.64310344827587,582,150,7.4942082620357775,2215,4.122413793103449,536
559,0.05,-598.2538461538461,2.1366666666666667,4.224598930481283,68.47771836007131,574,149,4.973841344710267,2215,4.2994652406417115,457
560,0.05,-533.6307692307693,1.9925,4.103756708407871,66.62075134168157,565,155,5.9488598007836115,2215,4.198568872987478,648
561,0.05,-600.9153846153847,1.9808333333333332,4.090106007067138,69.8886925795053,563,144,8.310904297542518,2215,4.18374558303887,177
562,0.05,-615.853846153846,2.3316666666666666,4.788632326820604,69.28774422735346,561,147,7.185671783281707,2215,4.851063829787234,655
563,0.05,-696.7923076923076,2.4941666666666666,5.317343173431734,69.90774907749078,536,133,9.23036858634278,2218,5.428044280442805,432
564,0.05,-608.3692307692309,2.1241666666666665,4.476277372262774,68.9580291970803,564,141,9.644213529591836,2219,4.556569343065694,369
565,0.05,-637.4538461538461,2.4191666666666665,4.815008726003491,68.60558464223385,577,149,7.79053880348603,2220,4.930191972076789,251
566,0.05,-529.9692307692308,1.9158333333333333,3.9748201438848922,68.03237410071942,550,149,7.172344426310066,2221,4.059352517985611,183
567,0.05,-542.4538461538461,2.1358333333333333,4.373684210526315,67.37543859649122,564,147,7.473536194813364,2221,4.47719298245614,843
568,0.05,-593.3461538461538,2.0208333333333335,4.144366197183099,66.73591549295774,557,146,7.271918088930733,2221,4.258802816901408,174
569,0.05,-610.376923076923,2.243333333333333,4.359106529209622,67.29553264604812,576,148,6.941688587064614,2221,4.427835051546392,68
570,0.05,-758.8000000000001,2.6533333333333333,5.557407407407408,68.7537037037037,545,126,13.157919616774151,2222,5.642592592592592,243
571,0.05,-590.1153846153846,2.1175,4.583333333333333,66.99810606060606,533,139,12.365199601134902,2225,4.6521739130434785,255
572,0.05,-675.6615384615385,2.4175,4.9784172661870505,66.99820143884892,549,143,6.847249337620617,2225,5.061151079136691,593
573,0.05,-584.8230769230769,2.1125,4.25,67.3344827586207,586,146,7.974145756080806,2225,4.348275862068966,656
574,0.05,-713.6538461538462,2.5408333333333335,5.336347197106691,69.60759493670886,539,148,9.185844582357495,2225,5.428571428571429,463
575,0.05,-621.4923076923078,2.245833333333333,4.731397459165154,67.65880217785843,557,140,12.434494643403008,2228,4.80399274047187,363
576,0.05,-690.4923076923077,2.3783333333333334,4.835640138408304,66.55190311418686,564,141,9.522824749154221,2230,4.944636678200692,898
577,0.05,-685.6153846153845,2.4775,4.925476603119584,68.14038128249567,567,138,11.202086485140583,2230,5.020797227036395,187
578,0.05,-692.3153846153847,2.4966666666666666,5.1449016100178895,70.75491949910554,559,141,7.658431116844101,2231,5.237924865831842,108
579,0.05,-604.8,2.194166666666667,4.353251318101933,65.83479789103691,567,135,10.37669359010483,2231,4.448154657293498,142
580,0.05,-590.2615384615384,2.1016666666666666,4.5411985018726595,70.75093632958801,521,133,6.78837062654961,2231,4.627340823970037,785
581,0.05,-642.9615384615385,2.2875,4.747311827956989,69.11290322580645,568,137,9.88314464518905,2231,4.874551971326165,448
582,0.05,-747.3846153846154,2.694166666666667,5.061788617886179,69.8829268292683,618,131,10.247705373177205,2232,5.154471544715447,735
583,0.05,-613.5615384615385,2.2608333333333333,4.5913200723327305,70.21699819168174,556,134,6.77039370381647,2232,4.665461121157324,411
584,0.05,-642.7307692307693,2.3008333333333333,4.551845342706502,68.43409490333919,571,143,8.272085714127593,2234,4.646748681898067,798
585,0.05,-587.7923076923078,2.3133333333333335,4.5763293310463125,68.06689536878216,576,150,5.807531557025208,2234,4.670668953687821,786
586,0.05,-651.6846153846154,2.2441666666666666,4.803809523809524,68.3104761904762,535,133,12.63355554559752,2235,4.887619047619047,19
587,0.05,-583.1153846153848,2.03,4.1072056239015815,67.06502636203867,566,145,6.030245850561559,2235,4.195079086115993,29
588,0.05,-609.5846153846154,2.1758333333333333,4.458483754512636,70.04332129963899,544,138,10.228160568505977,2236,4.5451263537906135,190
589,0.05,-633.0076923076923,2.3925,4.764705882352941,67.6712802768166,576,147,11.122979174338806,2236,4.866782006920415,771
590,0.05,-673.5538461538462,2.3541666666666665,4.880650994575046,68.30922242314648,552,132,8.803284047149807,2238,4.976491862567812,494
591,0.05,-697.0384615384615,2.3666666666666667,4.98876404494382,70.10486891385767,529,132,12.24288793414383,2238,5.071161048689139,497
592,0.05,-587.0692307692308,2.1166666666666667,4.2212543554006965,67.68641114982579,576,139,6.238866793201707,2238,4.32404181184669,171
593,0.05,-581.2615384615385,2.0408333333333335,4.458646616541353,67.46616541353383,528,135,7.040691790457084,2239,4.5394736842105265,619
594,0.05,-573.5538461538462,2.1341666666666668,4.1179487179487175,66.5111111111111,581,151,10.802238132725327,2239,4.237606837606838,805
595,0.05,-629.5153846153846,2.1658333333333335,4.391534391534392,68.29805996472663,570,136,7.935049435063798,2239,4.474426807760141,381
596,0.05,-632.6461538461539,2.1083333333333334,4.576492537313433,67.59141791044776,534,137,7.920833426036107,2239,4.666044776119403,163
597,0.05,-764.4307692307692,2.5183333333333335,5.299638989169675,69.19314079422382,554,141,13.44237020903152,2240,5.38086642599278,736
598,0.05,-587.4384615384615,2.1016666666666666,4.260105448154658,68.48330404217926,568,142,7.41224702743142,2240,4.338596491228071,746
599,0.05,-587.9538461538461,1.945,4.105360443622921,68.81146025878003,551,142,8.466208457596387,2240,4.194085027726432,484
600,0.05,-724.5692307692308,2.535833333333333,5.176882661996498,68.76882661996497,587,133,8.65054089672304,2240,5.260945709281962,608
601,0.05,-502.33076923076925,1.8591666666666666,4.026315789473684,68.23496240601504,532,145,7.615379108590579,2240,4.099624060150376,718
602,0.05,-621.2230769230769,2.3183333333333334,5.11531190926276,69.4820415879017,541,145,10.270732204357486,2240,5.187145557655954,638
603,0.05,-690.8076923076924,2.515833333333333,4.921666666666667,66.33833333333334,606,149,8.183870433345456,2240,5.028333333333333,281
604,0.05,-728.223076923077,2.5641666666666665,5.100175746924429,70.21265377855887,571,141,12.490577193225937,2242,5.186291739894552,184
605,0.05,-745.6076923076923,2.506666666666667,5.130281690140845,69.44718309859155,579,141,7.636053488589291,2244,5.213028169014085,666
606,0.05,-652.6461538461538,2.3466666666666667,4.670796460176991,68.0070796460177,550,142,8.172984845112117,2244,4.769911504424779,460
607,0.05,-597.176923076923,1.9408333333333334,3.908450704225352,66.67781690140845,576,140,10.23937346817913,2245,3.9859154929577465,103
608,0.05,-647.1538461538462,2.3,4.747810858143608,68.17338003502627,556,136,10.406381518045272,2248,4.838879159369527,893
609,0.05,-814.1692307692308,2.993333333333333,6.015437392795883,67.49742710120069,584,143,15.249009885948718,2251,6.132075471698113,793
610,0.05,-610.976923076923,2.0925,4.105084745762712,67.70169491525424,590,144,7.51788561367501,2251,4.186440677966102,847
611,0.05,-611.8923076923077,2.1283333333333334,4.3184257602862255,69.08407871198568,555,143,6.55484006174355,2251,4.428571428571429,888
612,0.05,-681.3,2.65,5.155405405405405,67.63513513513513,565,148,13.640133979547898,2253,5.231418918918919,165
613,0.05,-559.1923076923076,1.9591666666666667,3.836521739130435,67.93565217391304,575,140,6.418496515589828,2253,3.9234782608695653,424
614,0.05,-584.1384615384616,2.0458333333333334,3.881956155143339,67.94603709949409,604,142,6.330349292497573,2253,3.9713322091062393,283
615,0.05,-626.7538461538461,2.0233333333333334,4.255045871559633,66.1651376146789,548,136,9.936557223707668,2253,4.3577981651376145,73
616,0.05,-664.8384615384616,2.1983333333333333,4.480943738656987,68.2540834845735,554,126,10.386030546377311,2253,4.573502722323049,689
617,0.05,-626.6461538461538,2.1416666666666666,4.361853832442068,67.28342245989305,553,130,6.795530689062087,2253,4.434163701067615,637
618,0.05,-568.1076923076923,2.0575,4.085069444444445,66.78472222222223,562,144,5.817105892925867,2253,4.177083333333333,147
619,0.05,-660.2846153846153,2.370833333333333,4.932862190812721,69.6713780918728,574,141,7.938841880714708,2254,5.0477031802120145,755
620,0.05,-636.2,2.335,4.701906412478336,69.07798960138648,567,132,8.420364340897354,2254,4.802426343154246,65
621,0.05,-723.8692307692307,2.4916666666666667,5.115992970123023,67.90158172231986,564,139,10.402282127553653,2254,5.216168717047451,845
622,0.05,-631.2384615384615,2.3216666666666668,4.694974003466204,69.02946273830156,579,147,9.26555150654469,2254,4.788561525129983,720
623,0.05,-639.123076923077,2.1391666666666667,4.375227686703097,67.85245901639344,558,128,7.5456647091735,2254,4.4936247723132965,453
624,0.05,-851.9384615384615,3.191666666666667,6.306878306878307,70.70723104056438,585,137,14.36459049395411,2255,6.3880070546737215,198
625,0.05,-713.9615384615385,2.4608333333333334,4.8141891891891895,68.25844594594595,590,141,13.047027769974797,2256,4.89695945945946,498
626,0.05,-486.0615384615385,1.9808333333333332,3.8970840480274442,64.68267581475129,575,158,5.538021315184246,2257,3.960548885077187,358
627,0.05,-669.676923076923,2.4008333333333334,4.948672566371681,67.83008849557523,572,138,10.028953266611806,2262,5.0495575221238935,99
628,0.05,-653.7615384615385,2.424166666666667,4.980322003577817,66.92665474060823,549,138,9.390035797363007,2262,5.084078711985689,228
629,0.05,-648.7692307692307,2.21,4.711151736745887,69.12248628884826,551,142,9.607125497264514,2262,4.802559414990859,395
630,0.05,-590.7538461538462,2.029166666666667,4.328996282527881,67.96282527881041,554,145,6.107291657541728,2263,4.4275092936802976,794
631,0.05,-621.3076923076923,2.29,4.561739130434782,69.19652173913043,571,143,6.687700861833864,2265,4.659130434782608,525
632,0.05,-621.6384615384616,2.0716666666666668,4.244525547445256,67.48540145985402,543,139,8.663875992824407,2266,4.319343065693431,537
633,0.05,-670.5692307692308,2.355,4.8574040219378425,68.37659963436928,552,138,10.575314247355788,2266,4.925045703839123,292
634,0.05,-685.1461538461539,2.4566666666666666,4.802030456852792,68.24703891708968,591,146,10.343790092613991,2266,4.8917089678511,742
635,0.05,-715.6,2.695,4.940322580645161,69.42258064516129,619,146,7.752955704369835,2266,5.056451612903226,179
636,0.05,-761.4384615384615,2.4075,4.612627986348123,65.90102389078498,589,154,11.006946908764482,2268,4.715017064846417,644
637,0.05,-533.9846153846154,1.9133333333333333,4.04029304029304,67.01831501831502,546,144,9.349285036834557,2269,4.144688644688645,410
638,0.05,-597.0615384615385,2.0716666666666668,4.250896057347671,67.62007168458781,553,143,5.514412221392819,2269,4.342293906810036,67
639,0.05,-630.6615384615384,2.33,4.480541455160744,68.60067681895093,588,147,10.528099231221946,2269,4.568527918781726,584
640,0.05,-669.8615384615384,2.3333333333333335,4.54222972972973,66.57939189189189,598,141,7.94363120040329,2271,4.635135135135135,454
641,0.05,-586.1923076923076,2.0733333333333333,4.408163265306122,68.46753246753246,534,128,8.670814614805515,2272,4.504638218923933,275
642,0.05,-622.2384615384616,2.26,4.38409475465313,68.18443316412859,594,145,12.295079533168407,2273,4.458544839255499,23
643,0.05,-640.3000000000001,2.2258333333333336,4.426850258175559,69.44406196213426,583,129,8.233478585304967,2274,4.542168674698795,306
644,0.05,-618.4692307692308,2.2,4.4402852049910875,65.98573975044563,555,145,7.488365591526607,2276,4.529411764705882,883
645,0.05,-652.4615384615385,2.316666666666667,4.510169491525423,69.00508474576272,582,148,6.982381521080312,2276,4.591525423728814,33
646,0.05,-520.376923076923,1.9933333333333334,4.110320284697509,66.83451957295374,562,147,6.083222809272935,2276,4.222419928825623,436
647,0.05,-580.3923076923077,2.006666666666667,3.959719789842382,66.42556917688266,584,142,6.489042715495924,2276,4.062937062937063,868
648,0.05,-693.6538461538462,2.5483333333333333,4.941275167785235,67.6761744966443,589,142,9.008533500280992,2276,5.033557046979865,291
649,0.05,-594.1076923076923,2.0608333333333335,4.308664259927798,68.16064981949458,540,139,9.570858790327271,2278,4.391696750902527,58
650,0.05,-719.5,2.430833333333333,4.829565217391305,68.00347826086957,570,133,9.79441969929916,2279,4.923478260869565,777
651,0.05,-924.5384615384617,3.1875,6.319039451114922,71.46483704974271,579,128,18.444979252541135,2279,6.389365351629502,21
652,0.05,-728.9769230769232,2.296666666666667,4.85431654676259,68.12949640287769,555,128,8.974623108493024,2279,4.9496402877697845,303
653,0.05,-650.2076923076922,2.1083333333333334,4.069395017793594,68.07295373665481,562,141,11.308037905482358,2280,4.16696269982238,750
654,0.05,-731.9846153846154,2.465,4.6475548060708265,67.46037099494097,597,143,12.493775782242237,2280,4.779089376053963,816
655,0.05,-571.3384615384616,2.04,4.443181818181818,66.82007575757575,529,138,7.217109499783174,2280,4.526515151515151,125
656,0.05,-624.3615384615384,2.09,4.516314779270633,68.32245681381957,541,136,7.315243334089637,2280,4.610364683301343,560
657,0.05,-626.1461538461538,2.3508333333333336,4.670120898100173,69.15198618307427,578,142,7.744710540288228,2280,4.768566493955095,663
658,0.05,-527.8076923076924,1.96,3.980392156862745,66.80392156862744,565,149,3.9260832764410636,2280,4.06951871657754,633
659,0.05,-567.9384615384615,1.9208333333333334,4.049450549450549,69.71245421245422,558,146,7.303309600429693,2280,4.131868131868132,441
660,0.05,-564.9615384615385,2.1133333333333333,4.187393526405452,66.07495741056218,582,137,7.0896918759805825,2280,4.2742759795570695,573
661,0.05,-545.9538461538461,1.9625,3.952042628774423,65.33214920071048,565,153,3.824971844543891,2280,4.039076376554174,844
662,0.05,-671.2076923076922,2.26,4.59375,69.82465277777777,582,125,7.791500229420879,2280,4.704861111111111,137
663,0.05,-641.6307692307693,2.3408333333333333,4.862132352941177,70.76102941176471,555,137,13.608647695098028,2281,4.976102941176471,428
664,0.05,-634.2615384615385,2.359166666666667,4.833333333333333,69.15957446808511,556,146,5.709057204465842,2281,4.911347517730497,631
665,0.05,-643.0,2.3183333333333334,4.729349736379613,66.7328646748682,572,146,9.164637282310183,2282,4.8,193
666,0.05,-672.8692307692307,2.339166666666667,4.701208981001727,67.81001727115716,591,141,9.3596304722323,2282,4.8117443868739205,754
667,0.05,-649.6538461538461,2.401666666666667,4.694158075601375,68.70446735395188,579,147,6.235307630752141,2282,4.769759450171821,298
668,0.05,-579.9846153846154,2.0275,4.107583774250441,68.69135802469135,550,136,7.383774446553008,2282,4.197530864197531,743
669,0.05,-732.4846153846154,2.5183333333333335,4.643463497453311,64.90831918505943,591,143,14.111578513472102,2284,4.738539898132428,506
670,0.05,-588.9,2.0383333333333336,4.26873857404022,66.71297989031079,558,140,7.241360373196045,2284,4.343692870201097,337
671,0.05,-594.4153846153846,1.9108333333333334,3.8703374777975132,68.39964476021315,565,137,10.34988980685592,2286,3.9573712255772646,853
672,0.05,-695.3538461538461,2.430833333333333,4.743150684931507,68.25856164383562,593,136,10.421799586234844,2287,4.835616438356165,587
673,0.05,-652.9769230769231,2.1466666666666665,4.207746478873239,68.14260563380282,583,136,7.930605144651098,2287,4.286971830985915,164
674,0.05,-691.9307692307693,2.3441666666666667,4.837789661319073,67.92691622103386,573,137,7.39876170586602,2287,4.921568627450981,578
675,0.05,-566.5923076923077,2.085,4.105263157894737,66.99824561403508,566,147,8.124124656545904,2288,4.212280701754386,547
676,0.05,-547.1307692307691,1.9733333333333334,4.148623853211009,66.5211009174312,550,151,8.580123001064273,2288,4.229357798165138,444
677,0.05,-651.8153846153846,2.14,4.496363636363636,67.2090909090909,534,144,9.4506305020643,2288,4.558181818181819,31
678,0.05,-758.9692307692308,2.7325,5.366666666666666,68.91052631578947,579,139,17.992538425038667,2293,5.454385964912281,810
679,0.05,-699.0076923076923,2.609166666666667,4.967051070840197,69.07907742998353,605,143,6.581170949982204,2293,5.0444810543657335,426
680,0.05,-632.1461538461539,2.1775,4.907815631262525,66.90581162324649,512,137,7.2536606963250305,2294,4.977955911823647,643
681,0.05,-594.4692307692308,2.2666666666666666,4.5327586206896555,67.91206896551724,586,140,5.26748466548261,2294,4.625862068965517,192
682,0.05,-547.3615384615385,2.066666666666667,4.337568058076225,69.23411978221415,547,145,5.627497047234138,2294,4.422867513611616,673
683,0.05,-633.7384615384615,2.2291666666666665,4.703839122486289,68.84277879341865,555,135,7.371226045197046,2294,4.797074954296161,894
684,0.05,-621.1923076923077,2.2708333333333335,4.559027777777778,67.81423611111111,576,136,7.6348018989910305,2294,4.654513888888889,32
685,0.05,-710.5923076923077,2.5433333333333334,5.008445945945946,70.02027027027027,593,131,8.266677363551503,2294,5.097972972972973,519
686,0.05,-656.2923076923078,2.3308333333333335,4.472361809045226,68.16750418760469,602,145,7.719225102224444,2294,4.576214405360134,828
687,0.05,-597.1846153846154,2.033333333333333,4.287313432835821,67.63059701492537,534,132,7.96508370917065,2294,4.353817504655494,246
688,0.05,-580.5,2.18,4.200348432055749,67.27351916376307,583,155,5.50050155280161,2294,4.306620209059234,717
689,0.05,-674.9230769230769,2.4891666666666667,4.87215411558669,69.51138353765324,602,143,12.849661333850769,2294,4.961471103327495,134
690,0.05,-713.3461538461538,2.5125,4.924914675767918,70.00341296928327,595,141,11.940848285308812,2294,5.010238907849829,569
691,0.05,-597.3384615384616,2.299166666666667,4.421848739495799,67.29243697478992,584,147,9.462956828684932,2294,4.510924369747899,590
692,0.05,-615.823076923077,2.2058333333333335,4.548561151079137,69.10611510791367,534,130,6.371742131328016,2294,4.649280575539568,674
693,0.05,-593.6692307692308,2.2125,4.475524475524476,67.23776223776224,575,148,6.91506440361086,2294,4.571678321678322,290
694,0.05,-666.6923076923076,2.43,5.076512455516014,69.90925266903915,568,139,9.98914746863477,2295,5.179715302491103,25
695,0.05,-655.7692307692308,2.405,4.793814432989691,67.1786941580756,587,143,6.6728861653571725,2295,4.900343642611684,207
696,0.05,-515.4307692307693,1.9333333333333333,4.072595281306715,69.19056261343013,545,145,5.008105028382583,2295,4.163339382940109,284
697,0.05,-572.1846153846154,2.171666666666667,4.26890756302521,69.0873949579832,597,142,6.709737881080524,2297,4.37983193277311,412
698,0.05,-620.7923076923078,2.2416666666666667,4.556962025316456,69.00904159132007,562,137,7.132048212660444,2298,4.616636528028933,630
699,0.05,-533.0,1.865,3.9614678899082567,67.64220183486239,535,139,5.8963489984853075,2299,4.055045871559633,526
700,0.05,-541.2230769230769,2.0825,4.186757215619695,66.22920203735144,576,157,7.9371327339868865,2299,4.273344651952462,8
701,0.05,-654.2769230769231,2.453333333333333,4.8174061433447095,69.86348122866895,591,150,8.897988425344417,2299,4.907849829351536,2
702,0.05,-738.6769230769231,2.5575,4.944162436548224,69.55329949238579,594,139,8.201945770736756,2299,5.028764805414552,310
703,0.05,-637.5076923076923,2.174166666666667,4.226351351351352,68.39189189189189,595,157,8.109121485430908,2301,4.324324324324325,606
704,0.05,-610.7923076923078,2.091666666666667,4.298214285714286,67.70535714285714,551,139,6.929250859881319,2301,4.398214285714285,866
705,0.05,-625.7692307692307,2.3,4.321724709784411,68.5787728026534,597,151,10.213387293829458,2302,4.401326699834162,779
706,0.05,-567.4846153846154,1.9841666666666666,4.18018018018018,67.24144144144144,553,141,8.918554196274352,2302,4.281081081081081,12
707,0.05,-598.0076923076923,2.06,4.356617647058823,70.29595588235294,537,141,6.112599493443248,2302,4.459558823529412,832
708,0.05,-628.3076923076924,2.216666666666667,4.63023679417122,71.16029143897997,564,137,6.672734302187991,2302,4.7249544626593805,879
709,0.05,-495.37692307692305,1.8566666666666667,3.5726210350584306,65.76126878130216,603,143,5.910443709348191,2302,3.664440734557596,404
710,0.05,-584.1538461538462,2.1666666666666665,4.37870855148342,66.30715532286213,590,145,6.794810687581266,2302,4.455497382198953,681
711,0.05,-638.5307692307692,2.2741666666666664,4.586620926243568,67.25728987993139,581,142,9.435430625304862,2302,4.665523156089193,813
712,0.05,-575.623076923077,2.0725,4.342007434944238,68.72490706319702,538,139,6.5395996782962,2302,4.429368029739777,225
713,0.05,-626.3923076923077,2.08,4.475046210720887,68.89833641404806,545,139,7.368983301828303,2303,4.56007393715342,252
714,0.05,-719.0384615384614,2.5108333333333333,5.172794117647059,67.62316176470588,550,139,9.886254872419876,2303,5.248161764705882,700
715,0.05,-618.5076923076924,2.2075,4.785046728971962,69.03177570093457,541,142,8.471301377519191,2303,4.88785046728972,132
716,0.05,-574.8538461538462,2.1125,4.20353982300885,67.63716814159292,569,150,7.644238636546992,2303,4.2867256637168145,572
717,0.05,-721.0153846153846,2.5258333333333334,5.060449050086356,69.78583765112262,587,141,10.974047791390399,2303,5.164075993091537,223
718,0.05,-573.1076923076923,2.1666666666666665,4.344463971880492,67.23725834797891,574,149,5.660925161837491,2303,4.42530755711775,652
719,0.05,-643.0538461538462,2.2375,4.496527777777778,67.67881944444444,581,136,5.5147862098079345,2305,4.598958333333333,884
720,0.05,-492.7846153846154,2.0208333333333335,4.182142857142857,70.7375,567,154,4.931240153972126,2305,4.292857142857143,809
721,0.05,-586.9692307692308,2.2025,4.425347222222222,69.65104166666667,584,146,7.046342437670332,2306,4.536458333333333,150
722,0.05,-625.5307692307692,2.3383333333333334,4.5699658703071675,69.6433447098976,591,151,7.644545256063957,2307,4.6689419795221845,623
723,0.05,-640.0153846153846,2.1708333333333334,4.479859894921191,68.78633975481611,562,138,6.097494014528882,2307,4.586690017513135,75
724,0.05,-659.0769230769231,2.4675,4.881239242685026,68.62134251290878,578,141,7.991080844200544,2307,4.958691910499139,206
725,0.05,-584.1153846153846,2.1841666666666666,4.415607985480944,67.51542649727767,550,144,7.319794448252135,2307,4.4845735027223235,508
726,0.05,-608.3692307692309,2.2108333333333334,4.500878734622144,67.41827768014059,570,155,8.421219310543187,2307,4.581722319859402,392
727,0.05,-547.176923076923,2.1258333333333335,4.235897435897436,69.54871794871795,577,145,7.159819562249682,2307,4.326495726495726,236
728,0.05,-638.4846153846154,2.225,4.550087873462214,68.42882249560633,576,143,6.74694170550875,2307,4.666080843585237,702
729,0.05,-637.7384615384615,2.2933333333333334,4.555178268251273,65.38709677419355,595,151,8.60685161569515,2309,4.633276740237691,551
730,0.05,-577.9769230769232,1.9266666666666667,3.6495726495726495,67.56239316239316,579,157,6.045163569968526,2310,3.769230769230769,708
731,0.05,-623.0769230769231,2.1375,4.300869565217392,67.60173913043478,566,149,8.444970074657332,2310,4.379130434782609,476
732,0.05,-602.123076923077,2.2,4.236331569664903,67.67019400352734,561,133,9.439721186632577,2310,4.313380281690141,47
733,0.05,-717.8692307692307,2.62,5.305555555555555,67.61284722222223,572,140,16.894161481144845,2310,5.40625,739
734,0.05,-702.3923076923077,2.495,4.872881355932203,68.94406779661017,581,140,11.79081480754671,2310,4.942372881355932,360
735,0.05,-572.4230769230769,2.1425,4.100169779286927,66.60101867572156,601,144,6.940604237077437,2310,4.183361629881155,834
736,0.05,-638.5615384615385,2.2308333333333334,4.544964028776978,69.3273381294964,544,144,9.060816632751404,2311,4.64568345323741,833
737,0.05,-574.623076923077,2.06,4.364140480591497,67.60073937153419,534,138,5.6336131746841005,2311,4.458410351201478,201
738,0.05,-596.2615384615384,2.1433333333333335,4.424242424242424,66.9572192513369,550,142,7.437045179707629,2311,4.518716577540107,375
739,0.05,-723.853846153846,2.6508333333333334,5.527827648114902,68.71454219030521,551,137,11.20878118799311,2312,5.642728904847397,296
740,0.05,-616.4769230769231,2.2325,4.2006578947368425,66.91447368421052,609,149,5.8557486316046035,2312,4.2993421052631575,887
741,0.05,-587.7307692307692,2.0258333333333334,3.956882255389718,66.27860696517413,604,149,9.458357416999933,2312,4.077943615257048,353
742,0.05,-566.7307692307692,2.1075,4.2745098039215685,67.38324420677363,559,141,5.492690314644367,2312,4.360071301247772,582
743,0.05,-675.8846153846154,2.375,4.647058823529412,68.14878892733564,577,140,7.208220721998489,2312,4.71280276816609,472
744,0.05,-655.3384615384616,2.0058333333333334,4.162831858407079,66.67079646017699,558,139,10.994024789826447,2313,4.253097345132743,870
745,0.05,-602.3076923076923,2.1508333333333334,4.493408662900189,68.48775894538606,528,133,5.822152709999326,2313,4.578154425612053,400
746,0.05,-680.5307692307692,2.1875,4.446584938704028,67.6199649737303,571,136,12.828031146514158,2313,4.5394045534150615,721
747,0.05,-555.0923076923077,2.0025,4.15,64.90535714285714,568,147,11.339445581265828,2315,4.253571428571429,473
748,0.05,-705.5384615384614,2.5408333333333335,4.7799352750809065,69.96278317152104,618,148,15.842099170429998,2316,4.87378640776699,600
749,0.05,-595.3307692307692,2.0241666666666664,4.174397031539889,66.91280148423006,551,138,7.17206382311651,2317,4.250463821892393,314
750,0.05,-582.123076923077,2.140833333333333,4.164048865619546,67.63350785340315,578,140,5.844009072559652,2317,4.277486910994765,882
751,0.05,-628.0076923076924,2.2125,4.538878842676311,68.55334538878843,552,145,8.365091579550473,2317,4.631103074141048,599
752,0.05,-718.6692307692307,2.5858333333333334,5.107876712328767,69.58561643835617,598,151,13.005248770683155,2317,5.184931506849315,819
753,0.05,-853.3,2.7666666666666666,5.775768535262206,68.24412296564195,549,119,13.946185099068966,2317,5.867992766726944,449
754,0.05,-596.6307692307691,2.308333333333333,4.571428571428571,67.90766550522648,577,150,7.793689968873751,2317,4.679442508710801,235
755,0.05,-579.2615384615385,2.0833333333333335,3.967051070840198,65.30313014827018,599,152,6.399831961172708,2318,4.041186161449753,115
756,0.05,-625.2692307692307,2.385,4.909090909090909,68.71657754010695,559,144,5.327042634005264,2319,4.980392156862745,629
757,0.05,-580.1615384615384,2.2875,4.75354609929078,66.97517730496453,565,147,6.0177734727194325,2319,4.861702127659575,669
758,0.05,-548.7692307692307,2.0325,4.304189435336976,67.09107468123861,551,142,6.501909938930593,2319,4.378870673952641,604
759,0.05,-617.946153846154,2.243333333333333,4.25,67.28166666666667,598,137,5.966175805423373,2319,4.345,368
760,0.05,-709.7384615384616,2.5141666666666667,4.780327868852459,67.04098360655738,615,145,11.872363886817178,2319,4.855737704918033,282
761,0.05,-606.9076923076923,2.1766666666666667,4.308347529812607,66.72742759795571,591,145,4.500114145151527,2319,4.3969335604770015,415
762,0.05,-591.0153846153845,2.1158333333333332,4.349040139616056,68.15183246073299,567,148,6.3786138974619275,2319,4.429319371727749,237
763,0.05,-491.6769230769231,1.9266666666666667,3.9233511586452763,68.37789661319073,563,142,3.139490836185313,2319,3.9946524064171123,389
764,0.05,-645.5846153846154,2.2558333333333334,4.377551020408164,67.03571428571429,603,146,8.055897044631553,2319,4.470288624787776,157
765,0.05,-652.1692307692308,2.1133333333333333,4.513761467889908,68.49908256880734,545,130,7.799911406376787,2319,4.603669724770643,331
766,0.05,-599.2692307692308,2.255,4.351851851851852,66.75925925925925,599,146,5.590089027126417,2319,4.452861952861953,364
767,0.05,-594.6153846153845,2.2266666666666666,4.742173112338858,67.44935543278085,537,143,5.644645198426931,2319,4.810313075506445,856
768,0.05,-699.3076923076924,2.4991666666666665,5.031304347826087,70.04173913043478,577,134,11.388798076758283,2319,5.132173913043478,703
769,0.05,-661.8923076923077,2.4425,4.644214162348877,67.71675302245251,599,145,10.033273825266432,2319,4.709844559585492,385
770,0.05,-705.8153846153846,2.6025,5.1084745762711865,70.10169491525424,599,140,10.724055490564993,2321,5.191525423728813,49
771,0.05,-698.946153846154,2.2975,4.735449735449736,67.02821869488537,568,134,9.498229780431412,2322,4.825396825396825,762
772,0.05,-643.6307692307691,2.1841666666666666,4.831739961759082,68.75525812619503,518,137,8.951612747464491,2323,4.923518164435946,752
773,0.05,-509.8461538461538,1.8541666666666667,3.9415204678362574,67.47368421052632,531,140,4.981056427537419,2323,4.005847953216374,502
774,0.05,-591.5076923076923,2.265,4.684210526315789,67.4017543859649,569,145,8.019792803649535,2323,4.791228070175438,416
775,0.05,-627.7153846153847,2.0216666666666665,4.2,69.63783783783784,559,132,8.227206161442817,2323,4.291891891891892,216
776,0.05,-551.4923076923078,2.085,4.36,68.40181818181819,546,139,8.715090294394534,2324,4.4381818181818184,232
777,0.05,-632.0076923076923,2.2041666666666666,4.7317073170731705,68.69793621013133,544,131,7.384350951367724,2324,4.831144465290807,612
778,0.05,-581.823076923077,2.0283333333333333,4.250909090909091,67.11636363636363,556,144,3.8931794186207234,2324,4.329090909090909,490
779,0.05,-601.2076923076922,2.1283333333333334,4.372050816696914,67.33938294010889,558,142,7.0836786417564825,2324,4.480943738656987,247
780,0.05,-698.0153846153846,2.3783333333333334,4.76,70.88,575,141,10.471112684529396,2326,4.881739130434783,693
781,0.05,-738.2615384615384,2.4766666666666666,5.112522686025408,69.53539019963702,568,151,15.549197346526316,2326,5.190562613430127,458
782,0.05,-531.9384615384615,2.0025,3.861830742659758,66.24179620034542,579,152,4.93030853761419,2326,3.9516407599309153,257
783,0.05,-654.3615384615384,2.2841666666666667,4.619130434782608,67.77043478260869,580,139,9.112852808616566,2326,4.695652173913044,555
784,0.05,-533.4769230769231,1.9925,4.100538599640934,67.82226211849192,553,140,9.999958731950041,2326,4.201077199281867,807
785,0.05,-560.3384615384615,2.0816666666666666,4.347442680776014,68.34920634920636,574,146,10.160446177542127,2326,4.423280423280423,87
786,0.05,-557.9230769230769,2.0108333333333333,4.08994708994709,65.1604938271605,565,151,7.418028272085711,2326,4.1763668430335095,531
787,0.05,-593.2923076923078,2.2391666666666667,4.437074829931973,66.91496598639456,573,151,5.220552131555962,2326,4.52891156462585,814
788,0.05,-593.9923076923077,2.223333333333333,4.51138353765324,69.138353765324,577,139,9.913200357457098,2326,4.583187390542907,396
789,0.05,-628.7461538461538,2.275,4.559233449477352,68.7560975609756,564,146,6.932768283251073,2326,4.668989547038327,627
790,0.05,-586.3076923076924,2.2275,4.413080895008606,67.48364888123925,576,144,3.8007318808296446,2326,4.512908777969019,565
791,0.05,-621.6384615384616,2.1016666666666666,4.061082024432809,67.49912739965096,595,154,8.987214357130538,2327,4.1239092495637,683
792,0.05,-585.9846153846154,2.1308333333333334,4.342007434944238,66.40520446096654,535,143,6.5989570134779,2327,4.412639405204461,167
793,0.05,-516.0307692307692,1.9275,3.765112262521589,66.79447322970638,570,154,7.10939072439304,2327,3.853195164075993,59
794,0.05,-608.5153846153846,2.2758333333333334,4.4512820512820515,66.53333333333333,575,143,5.6964634281703574,2327,4.541880341880342,256
795,0.05,-575.7384615384615,2.1083333333333334,4.379496402877698,65.4910071942446,559,139,8.902291198803944,2327,4.479353680430879,678
796,0.05,-585.9,2.0508333333333333,4.472795497185741,68.19136960600375,537,137,6.0925195043207925,2327,4.551594746716698,266
797,0.05,-688.2230769230769,2.546666666666667,5.152777777777778,71.04861111111111,578,142,6.767867823727418,2327,5.232638888888889,514
798,0.05,-685.3769230769232,2.3175,4.380234505862647,68.09045226130654,595,135,9.62628432794382,2328,4.4874371859296485,312
799,0.05,-528.3384615384616,1.9125,3.971326164874552,67.8673835125448,566,140,7.324736032000842,2328,4.078853046594982,763
800,0.05,-650.2384615384616,2.223333333333333,4.482578397212544,67.39372822299651,588,145,10.961816831968852,2329,4.555749128919861,602
801,0.05,-597.4538461538461,2.2283333333333335,4.589160839160839,66.8409090909091,575,152,4.410394744789012,2329,4.6678321678321675,406
802,0.05,-597.1076923076923,2.0625,4.197183098591549,66.27992957746478,570,149,6.8567443436649835,2329,4.308098591549296,166
803,0.05,-734.3692307692309,2.4275,5.222222222222222,69.09981167608287,540,141,11.57382246031226,2334,5.2862523540489645,50
804,0.05,-601.8307692307692,2.1933333333333334,4.386086956521739,67.91478260869565,589,144,8.326031854040709,2335,4.459130434782609,628
805,0.05,-608.7846153846153,2.3275,4.682842287694974,69.08318890814559,569,135,5.655033862078653,2335,4.75736568457539,120
806,0.05,-600.4307692307693,1.9883333333333333,4.161290322580645,68.20967741935483,563,140,9.055745063105762,2335,4.231182795698925,418
807,0.05,-632.4846153846154,2.0941666666666667,4.094117647058823,69.1327731092437,595,141,7.80039808055615,2335,4.171428571428572,542
808,0.05,-675.2615384615385,2.0966666666666667,4.280858676207513,69.51878354203936,579,128,9.056188420127798,2335,4.386404293381037,407
809,0.05,-570.3153846153846,2.0441666666666665,4.007104795737122,69.31971580817051,577,144,5.278052137360734,2336,4.076376554174067,129
810,0.05,-623.7076923076922,2.2783333333333333,4.2682926829268295,67.24552845528456,617,152,7.684794812634507,2337,4.35609756097561,81
811,0.05,-703.9153846153846,2.5375,4.81986531986532,68.87037037037037,587,139,10.546632166401753,2338,4.929292929292929,808
812,0.05,-636.1076923076923,2.3266666666666667,4.8007518796992485,67.50751879699249,536,137,8.123036825707786,2338,4.864661654135339,854
813,0.05,-592.0923076923077,2.2558333333333334,4.541666666666667,67.78298611111111,578,145,5.895870834989548,2338,4.618055555555555,380
814,0.05,-590.0230769230769,2.155,4.185567010309279,67.99312714776632,586,141,4.882662468126217,2339,4.269759450171821,595
815,0.05,-538.1692307692308,2.0241666666666664,4.182624113475177,64.78191489361703,545,141,8.837276407823685,2339,4.278368794326241,725
816,0.05,-625.1461538461539,2.3266666666666667,4.723707664884135,69.93048128342247,566,129,5.0685407727773315,2339,4.814616755793226,139
817,0.05,-658.2,2.285,4.9309701492537314,67.57649253731343,535,132,6.641133635965504,2339,5.001865671641791,289
818,0.05,-622.2846153846153,2.1591666666666667,4.502762430939226,69.21546961325967,545,138,7.343407425148541,2340,4.569060773480663,701
819,0.05,-700.123076923077,2.5591666666666666,4.730645161290322,68.1774193548387,629,148,5.399738568866157,2340,4.809983896940419,801
820,0.05,-572.4538461538461,2.0283333333333333,3.8308457711442787,66.08623548922057,598,152,4.63947693163378,2340,3.9519071310116085,155
821,0.05,-661.0384615384614,2.2291666666666665,4.646739130434782,66.38949275362319,560,141,9.012448330879387,2340,4.717391304347826,782
822,0.05,-619.1769230769231,2.3675,4.660988074957411,68.8756388415673,591,141,10.585704371318535,2342,4.7666098807495745,402
823,0.05,-559.7230769230769,2.0725,4.3963636363636365,68.1,540,138,3.4768020054301627,2342,4.492727272727273,361
824,0.05,-584.4692307692308,2.2325,4.447916666666667,68.28819444444444,586,150,5.944690510815192,2342,4.506944444444445,797
825,0.05,-532.1846153846154,2.0175,4.1154529307282415,67.39253996447601,567,146,5.553417026657878,2343,4.209591474245116,585
826,0.05,-576.4769230769231,2.098333333333333,4.13745704467354,65.90549828178695,580,142,7.175141369424466,2343,4.20446735395189,841
827,0.05,-581.1692307692308,1.9925,4.177215189873418,68.9873417721519,549,139,6.753358799140502,2343,4.273056057866184,111
828,0.05,-569.4461538461538,2.111666666666667,4.5893536121673,69.00570342205323,528,139,6.088552741975504,2343,4.6717267552182165,530
829,0.05,-587.8923076923077,2.078333333333333,4.138738738738739,66.84684684684684,564,142,5.853893280757134,2343,4.21981981981982,339
830,0.05,-549.5230769230769,2.0841666666666665,4.175438596491228,67.72280701754386,568,151,5.555204285027358,2343,4.275438596491228,830
831,0.05,-595.7307692307692,2.2125,4.33623693379791,68.71428571428571,589,143,8.0069918911017,2343,4.425087108013937,672
832,0.05,-593.7153846153847,2.0675,4.353680430879713,66.89228007181329,558,143,10.727256643363452,2344,4.466786355475763,197
833,0.05,-543.1769230769231,1.9825,4.235074626865671,67.93656716417911,534,145,4.94762371185499,2344,4.302238805970149,1
834,0.05,-536.1,1.9841666666666666,3.958477508650519,67.59861591695501,577,150,3.318240389138248,2344,4.029411764705882,818
835,0.05,-585.0846153846153,2.2466666666666666,4.682395644283122,69.83847549909255,569,144,8.729134206053628,2344,4.7441016333938295,277
836,0.05,-612.8384615384616,2.1791666666666667,4.741219963031424,66.90388170055454,537,138,6.755268587022304,2344,4.817343173431734,336
837,0.05,-698.2461538461538,2.4683333333333333,5.3468634686346865,70.40405904059041,544,130,10.188411302720308,2346,5.435424354243542,55
838,0.05,-641.0307692307692,2.243333333333333,4.342419080068143,66.31005110732538,599,135,9.90964998839677,2346,4.432708688245315,869
839,0.05,-662.123076923077,2.2875,4.578671328671328,69.77797202797203,566,135,8.759354434566905,2347,4.704545454545454,729
840,0.05,-616.7153846153846,2.0575,4.317028985507246,67.94021739130434,534,131,7.605196290537495,2348,4.413043478260869,676
841,0.05,-596.8,2.111666666666667,4.223591549295775,65.01232394366197,571,144,5.223808686784441,2348,4.315140845070423,86
842,0.05,-655.6615384615385,2.2266666666666666,4.769797421731123,68.75506445672191,547,132,9.258397603571176,2348,4.850828729281768,205
843,0.05,-616.5153846153846,2.225,4.688405797101449,69.0,556,135,6.888501948397547,2348,4.793478260869565,123
844,0.05,-542.5769230769231,1.9316666666666666,4.192748091603053,66.87213740458016,534,146,3.135709976771588,2348,4.280534351145038,481
845,0.05,-684.7923076923078,2.465,4.83445945945946,69.38175675675676,594,133,10.735466035374586,2349,4.952702702702703,789
846,0.05,-639.3461538461539,2.3975,4.530782029950084,69.2495840266223,600,147,6.78617562749764,2350,4.627287853577371,141
847,0.05,-643.0384615384615,2.2941666666666665,4.604938271604938,69.76543209876543,564,138,6.520312482140372,2350,4.686067019400353,616
848,0.05,-520.4538461538461,1.8983333333333334,4.060263653483992,67.45762711864407,525,142,5.045485155782176,2350,4.167608286252354,439
849,0.05,-651.0846153846153,2.299166666666667,5.009310986964619,69.08566108007449,544,133,8.466461036754069,2351,5.0856610800744875,221
850,0.05,-518.6538461538462,1.8091666666666666,3.89126213592233,65.88155339805826,514,145,4.806527013347731,2351,3.963106796116505,495
851,0.05,-696.9153846153846,2.36,4.935018050541516,67.61010830324909,554,141,8.844187685930281,2352,5.0324909747292415,48
852,0.05,-665.4846153846154,2.5966666666666667,5.0,68.0794701986755,589,151,14.4514496016945,2352,5.082781456953643,529
853,0.05,-599.9230769230769,2.2158333333333333,4.364864864864865,68.81756756756756,589,146,7.335442251369197,2352,4.45945945945946,354
854,0.05,-593.2923076923076,2.1125,4.270796460176991,65.60176991150442,555,142,6.77623518140796,2352,4.361061946902655,723
855,0.05,-741.7384615384616,2.4133333333333336,4.902268760907504,68.93368237347295,581,134,9.674229751821233,2352,4.987783595113438,408
856,0.05,-668.9692307692308,2.3075,4.54855195911414,67.64735945485519,590,137,6.222671156903699,2353,4.649659863945578,659
857,0.05,-633.7538461538461,2.1866666666666665,4.6709796672828094,68.70240295748614,532,130,7.336682337248543,2354,4.733826247689464,62
858,0.05,-535.0384615384615,1.9566666666666668,4.050788091068301,67.33800350262698,568,144,6.221647663051823,2354,4.115384615384615,636
859,0.05,-589.3076923076923,2.075,4.456439393939394,68.18939393939394,540,139,5.156763836154605,2354,4.526515151515151,359
860,0.05,-535.0846153846155,2.065,4.087260034904014,66.43630017452007,575,147,6.772550405381139,2354,4.174520069808028,399
861,0.05,-622.4538461538461,2.255,4.745886654478976,69.69835466179158,555,137,5.582659203335945,2354,4.813528336380256,580
862,0.05,-573.5846153846153,1.91,4.073584905660377,65.51509433962264,537,131,5.4663751792783275,2354,4.139622641509434,586
863,0.05,-577.623076923077,1.9625,4.100185528756957,68.22077922077922,539,139,5.294724304878483,2354,4.148423005565863,248
864,0.05,-582.0461538461539,2.33,4.791150442477876,68.82477876106195,555,145,5.054293376205169,2354,4.886725663716814,852
865,0.05,-590.6153846153846,2.1616666666666666,4.622018348623853,67.3651376146789,548,141,6.308512163692382,2355,4.719266055045871,880
866,0.05,-623.9307692307692,2.2683333333333335,4.61443661971831,68.35915492957747,576,135,9.350688124682376,2355,4.698943661971831,823
867,0.05,-598.5923076923077,2.1416666666666666,4.545454545454546,68.99454545454546,543,141,8.124569664988933,2356,4.636363636363637,790
868,0.05,-535.3461538461538,1.8358333333333334,3.7726465364120783,66.58792184724689,560,138,3.83650456655475,2356,3.850799289520426,309
869,0.05,-580.7384615384616,2.1616666666666666,4.498181818181818,67.20181818181818,547,143,7.751412627985816,2356,4.56,740
870,0.05,-558.8153846153847,2.140833333333333,4.111111111111111,65.83838383838383,585,144,6.7069131744329615,2356,4.222222222222222,796
871,0.05,-572.5846153846154,2.129166666666667,4.523897058823529,66.26102941176471,546,143,8.089975375984096,2356,4.617647058823529,96
872,0.05,-760.0615384615385,2.7275,5.640569395017794,70.2153024911032,568,137,14.27246809476416,2357,5.7437722419928825,745
873,0.05,-559.3692307692309,2.1216666666666666,4.218472468916518,69.04795737122558,569,151,5.157826205990513,2357,4.300177619893428,9
874,0.05,-617.4307692307692,2.1225,4.2207130730050935,68.78947368421052,588,133,7.599814951972688,2357,4.316949152542373,489
875,0.05,-637.2615384615385,2.15,4.400749063670412,69.27340823970037,542,136,8.406467722808523,2357,4.468164794007491,891
876,0.05,-588.5923076923077,2.066666666666667,4.051993067590987,66.79896013864818,571,147,7.006234910602765,2357,4.123050259965338,733
877,0.05,-559.0538461538462,2.0833333333333335,4.542213883677299,69.8048780487805,539,138,6.707936346407175,2358,4.622889305816135,382
878,0.05,-550.1076923076923,1.9608333333333334,3.9494773519163764,65.5418118466899,558,138,8.302650748469887,2358,4.031358885017422,143
879,0.05,-604.2230769230769,2.095,4.141652613827993,66.65092748735245,587,139,7.257213499434262,2358,4.239460370994941,265
880,0.05,-611.3615384615384,2.1575,4.2815699658703075,68.86689419795222,596,139,5.39969101524957,2358,4.363481228668942,22
881,0.05,-708.2,2.5216666666666665,5.351851851851852,70.56481481481481,547,136,8.98011495638745,2359,5.442592592592592,181
882,0.05,-531.2692307692307,2.0566666666666666,4.03728813559322,66.70169491525424,593,154,5.350929963362864,2359,4.106779661016949,325
883,0.05,-585.9769230769231,2.1675,4.344768439108062,69.2590051457976,585,143,5.810728886174418,2359,4.421955403087479,574
884,0.05,-636.376923076923,2.263333333333333,4.474226804123711,68.56357388316151,580,144,7.078670858868169,2359,4.554982817869416,607
885,0.05,-618.5846153846154,2.4258333333333333,4.520833333333333,68.42147435897436,633,147,7.012802129239912,2359,4.615384615384615,532
886,0.05,-556.6538461538461,2.1425,4.356643356643357,68.24825174825175,569,140,5.60939883161564,2359,4.4423076923076925,324
887,0.05,-545.7923076923076,2.0008333333333335,4.032815198618308,66.55613126079447,577,142,5.546528146285067,2359,4.127586206896551,401
888,0.05,-584.9692307692308,2.035833333333333,4.144665461121157,66.94032549728752,554,143,6.770922401992623,2359,4.231464737793852,734
889,0.05,-541.7615384615385,1.995,3.7740863787375414,68.06810631229236,594,142,5.1644806756581545,2359,3.8970099667774085,4
890,0.05,-548.6615384615384,1.9408333333333334,3.980392156862745,68.05525846702318,558,142,4.718611004583996,2359,4.087344028520499,450
891,0.05,-658.5692307692308,2.2125,4.3474576271186445,68.97118644067797,587,135,8.162676372451811,2359,4.444067796610169,379
892,0.05,-630.6,2.2,4.673913043478261,68.26449275362319,545,150,5.8712523183653476,2359,4.75,191
893,0.05,-549.9307692307692,1.925,4.144761904761904,67.95428571428572,527,139,6.661475891502516,2359,4.2457142857142856,262
894,0.05,-559.4923076923077,2.006666666666667,4.0683012259194395,66.8353765323993,564,145,4.93929180322248,2359,4.17338003502627,878
895,0.05,-610.4846153846154,1.97,4.150268336314848,66.67441860465117,546,151,5.5065246665485486,2359,4.241502683363149,54
896,0.05,-602.0076923076922,2.095,4.474264705882353,68.21691176470588,544,135,5.060585787777625,2359,4.540441176470588,707
897,0.05,-542.5384615384615,1.98,4.288718929254302,67.54302103250478,528,145,5.992827735160918,2359,4.338432122370937,204
898,0.05,-563.0692307692308,2.0633333333333335,4.100511073253833,68.98126064735945,586,138,6.629230275194641,2359,4.206132879045996,437
899,0.05,-522.5307692307692,1.9958333333333333,3.9695340501792113,67.23476702508961,564,150,4.956565963006806,2359,4.059139784946237,846
