episode,epsilon,total_reward,avg_queue,avg_wait_s,avg_travel_s,throughput,switches,td_loss,q_table_states,avg_delay_s
0,1.0,-10477.292307692309,72.5625,117.1989247311828,221.06048387096774,602,77,8836.896572044685,47,248.3528384279476
1,0.9945,-9296.353846153848,61.998333333333335,89.07894736842105,187.4066985645933,683,77,6471.936444654969,78,202.44057193923146
2,0.989,-9146.246153846154,68.29083333333334,107.82391590013141,204.80946123521682,606,81,7260.781742248475,104,224.10834813499113
3,0.9835,-9334.153846153848,65.74583333333334,108.40877914951989,196.73799725651577,582,76,6515.563000630022,118,206.45258215962443
4,0.9781,-9211.707692307693,57.5825,80.63213038416764,171.63329452852153,699,74,6281.333318738582,137,176.3231173380035
5,0.9726,-9886.184615384615,66.66,102.15688775510205,210.1454081632653,635,79,6874.102681454081,139,217.4218009478673
6,0.9673,-9849.861538461537,62.80083333333334,97.24484536082474,199.23324742268042,625,76,6897.733734560154,148,202.3394495412844
7,0.9619,-10200.8,69.08166666666666,109.92724867724868,202.17592592592592,618,73,6181.569300714231,153,219.6125116713352
8,0.9566,-10074.492307692304,70.88416666666667,110.921875,214.99479166666666,613,80,7446.95063193246,161,233.38830715532285
9,0.9513,-10651.692307692307,64.985,95.90674846625767,200.34969325153375,663,70,6919.93871412093,175,171.8003714020427
10,0.946,-7983.6,45.29666666666667,60.370165745856355,150.60883977900554,773,75,4081.0284628732757,184,150.96613190730838
11,0.9408,-10242.076923076926,66.38833333333334,96.61138014527845,198.5084745762712,669,76,7345.578086570072,190,183.7481412639405
12,0.9356,-9021.169230769232,58.526666666666664,85.68818514007309,189.75274056029232,668,79,6979.601304433365,190,193.59840425531914
13,0.9304,-9336.107692307693,62.630833333333335,88.23212192262602,180.13833528722157,700,78,6609.1608061987245,195,153.51415094339623
14,0.9253,-10717.984615384616,69.31,104.86037735849057,210.39874213836478,639,76,8326.19647454196,197,228.83001808318264
15,0.9202,-10519.492307692308,74.5375,112.74307304785894,207.21662468513853,625,76,8218.9822320736,201,205.38112522686026
16,0.9151,-8739.061538461538,56.7925,87.36061381074168,191.30306905370844,631,81,7080.874645742255,203,160.13236714975847
17,0.91,-9377.969230769231,59.00833333333333,80.54710556186151,177.23041997729854,722,77,6871.176616395545,208,160.16350496838302
18,0.905,-10871.861538461539,77.40833333333333,128.6237897648686,233.5587828492393,567,77,9026.815600025664,208,275.53357531760435
19,0.9,-9662.461538461539,62.94416666666667,94.44569288389513,194.20349563046193,663,77,7703.197180027322,212,185.52913533834587
20,0.895,-7995.723076923077,51.505,74.88875453446191,160.82224909310762,661,79,5423.677783901313,215,148.09677419354838
21,0.89,-8642.861538461539,62.89833333333333,96.1208651399491,189.74809160305344,628,81,7072.806186395353,215,185.02226345083488
22,0.8851,-7702.969230769231,48.62166666666667,63.883060109289616,158.82185792349728,749,82,6259.441950019138,217,126.73375451263539
23,0.8802,-9980.692307692309,65.00166666666667,97.39650872817955,199.069825436409,659,76,8068.843974221871,221,204.70593445527015
24,0.8753,-9005.630769230771,60.589166666666664,84.34606481481481,176.0914351851852,714,76,6856.79523874743,224,147.9610750695088
25,0.8705,-8777.461538461537,58.20916666666667,80.04,170.10857142857142,704,76,6512.026219370566,228,167.1190036900369
26,0.8657,-8726.123076923079,58.818333333333335,86.59975520195839,176.19461444308445,662,76,5492.371855825832,233,178.36927223719675
27,0.8609,-9045.123076923077,60.545833333333334,85.27166276346604,169.96838407494144,698,76,6441.74561029654,243,144.56185080264402
28,0.8561,-11638.215384615389,75.8125,125.47796143250689,223.20798898071627,585,70,8672.294876441749,245,266.51593453919037
29,0.8514,-8740.43076923077,61.18083333333333,90.52152521525215,175.0270602706027,656,74,5803.141456818607,254,169.69266480965646
30,0.8467,-7716.8153846153855,49.090833333333336,67.04313280363223,157.6356413166856,727,79,5398.965576224576,257,135.6720867208672
31,0.842,-6779.169230769231,42.344166666666666,58.266285714285715,145.4902857142857,735,80,3845.4058634362036,257,124.92156862745098
32,0.8373,-8086.384615384616,49.505,66.42363433667782,144.29208472686733,753,71,4805.222490655279,262,140.83440073193046
33,0.8327,-9525.030769230769,68.71666666666667,108.16775884665793,201.93709043250328,596,78,9322.171694118657,264,208.40454545454546
34,0.8281,-9645.953846153845,64.94,97.63954943679599,199.51814768460576,645,77,7911.92799847865,266,209.640625
35,0.8235,-8982.369230769233,59.424166666666665,83.59298245614035,179.0654970760234,691,80,7759.829435304654,268,163.4787330316742
36,0.819,-8497.10769230769,59.638333333333335,88.46609124537608,184.05672009864364,659,79,5283.712881255211,272,172.46496212121212
37,0.8144,-9383.43076923077,59.891666666666666,82.83889528193326,166.5385500575374,731,72,6494.332799779735,274,160.52071563088512
38,0.8099,-7971.846153846153,52.18833333333333,75.97094430992736,166.87046004842614,684,78,5661.255888928401,274,149.5943661971831
39,0.8054,-9014.73846153846,62.001666666666665,95.02295918367346,193.55994897959184,621,80,7730.410851082349,275,186.69230769230768
40,0.801,-8570.769230769232,56.08416666666667,78.37093023255814,166.3093023255814,691,76,6325.270216319553,276,158.97252747252747
41,0.7966,-7371.9384615384615,43.655833333333334,59.54926387315968,140.0973952434881,741,71,4622.626811554187,280,126.41138659320478
42,0.7922,-7427.061538461538,46.645,63.47909604519774,150.3593220338983,724,80,5176.682401351475,281,138.9202626641651
43,0.7878,-9116.646153846154,56.409166666666664,74.96136865342163,166.97792494481237,741,75,7404.815483234461,281,144.28799249530957
44,0.7834,-9573.815384615384,62.02166666666667,91.46503067484663,193.45276073619632,677,75,7617.668109824729,281,198.4390243902439
45,0.7791,-9071.553846153845,53.928333333333335,76.43882352941176,175.8,688,75,8396.190856705116,281,157.2140221402214
46,0.7748,-10570.27692307692,67.2975,98.57247259439707,197.02192448233862,659,74,9241.375500826649,281,184.9597806215722
47,0.7705,-8897.092307692308,57.79,82.24349881796691,173.66666666666666,685,76,7764.909622586832,283,170.26167400881056
48,0.7662,-8349.430769230768,60.0675,87.27206771463119,175.42321644498188,684,79,6917.063157252806,283,170.90310786106033
49,0.762,-8851.523076923077,52.29083333333333,72.78612716763006,163.73872832369943,741,74,6101.878502948754,284,177.61170212765958
50,0.7578,-6691.076923076923,38.585,51.031798245614034,129.7828947368421,795,72,3684.51290195759,285,96.70180436847103
51,0.7536,-9260.784615384615,59.09166666666667,88.77278401997503,190.71410736579276,655,77,8738.762645578534,285,192.04495412844037
52,0.7494,-8134.092307692308,49.89083333333333,69.45612009237875,158.08891454965357,729,74,9067.764177027879,287,135.48272727272726
53,0.7453,-9761.553846153847,58.70166666666667,81.3905529953917,179.53341013824885,725,72,8460.81944888597,287,168.5418149466192
54,0.7411,-6808.169230769231,40.850833333333334,54.82628062360802,133.53786191536747,768,74,3564.50163954363,289,113.66635687732342
55,0.737,-7533.307692307692,45.20666666666666,59.32100108813928,145.7899891186072,749,77,3871.70350342014,290,117.80018416206262
56,0.733,-9218.046153846155,60.69,85.51348182883939,185.1852286049238,695,77,5719.7760729522815,290,170.2801047120419
57,0.7289,-7853.784615384616,46.795,59.505285412262154,147.2093023255814,814,73,5922.604133471718,293,101.67933271547729
58,0.7249,-9825.353846153845,68.03583333333333,96.65839243498817,184.55082742316785,683,74,8396.074191823269,294,163.83226982680037
59,0.7209,-8447.984615384616,56.505,78.46651270207852,163.53233256351038,719,76,8451.947101602085,298,151.23278985507247
60,0.7169,-7663.846153846154,43.79666666666667,57.93969298245614,139.90131578947367,768,72,5208.140124382713,300,107.99815327793168
61,0.7129,-11322.092307692308,75.10333333333334,110.18315018315019,199.4224664224664,649,72,10323.111035276032,302,198.08613264427217
62,0.709,-9059.56923076923,61.36083333333333,91.49007444168734,182.0285359801489,654,76,7819.355998979554,303,179.43001841620625
63,0.705,-7316.33846153846,51.839166666666664,68.22782037239868,147.0,734,78,6359.223758890967,304,108.04040404040404
64,0.7011,-8609.476923076923,51.70916666666667,70.92474344355759,164.59977194982895,705,76,6341.651012598946,304,145.6596906278435
65,0.6973,-6214.661538461538,39.41583333333333,52.33885209713024,134.46136865342163,778,77,3069.7058493849654,306,123.00542495479205
66,0.6934,-10054.030769230769,62.83083333333333,88.78730904817861,189.34430082256168,694,76,10048.442447066816,307,178.49124423963133
67,0.6896,-8239.93846153846,52.4825,74.95961995249407,170.52969121140143,676,77,7360.67512026493,307,145.16398104265403
68,0.6858,-10308.046153846153,64.7475,86.58555555555556,182.78222222222223,725,73,10307.180085078799,310,162.42214532871972
69,0.682,-9565.33846153846,65.45,91.74708624708624,190.12237762237763,688,79,9594.221434732573,311,217.2145421903052
70,0.6782,-7534.276923076924,45.745,59.28249194414608,136.15037593984962,789,70,5539.658023300455,312,121.09007352941177
71,0.6744,-9001.876923076921,57.6475,75.49401523394995,163.76496191512513,739,74,8258.736135621108,313,135.4018181818182
72,0.6707,-7853.846153846154,51.4925,68.78912319644839,153.91231964483907,743,77,6671.545117337307,314,101.37950664136622
73,0.667,-10119.061538461538,61.27916666666667,85.82072176949941,179.37252619324795,687,72,8220.299122657483,315,148.99445471349352
74,0.6633,-9070.83076923077,54.725833333333334,74.16554054054055,161.91554054054055,729,72,6466.55360794862,315,155.45092592592593
75,0.6596,-7348.769230769232,42.40833333333333,54.42324093816631,142.71535181236675,800,76,5446.215880317061,315,117.06908768821967
76,0.656,-8824.046153846155,60.15833333333333,88.27228327228327,178.54212454212455,666,77,8804.288724418999,315,158.95126353790613
77,0.6524,-7411.5999999999985,51.776666666666664,66.60320855614974,153.69625668449197,775,78,7396.738839000523,315,92.21987120515179
78,0.6487,-6996.123076923078,40.1325,49.760245901639344,129.4610655737705,847,70,3791.2902136194534,318,104.0817438692098
79,0.6452,-8603.415384615388,54.839166666666664,70.13297872340425,159.73510638297873,777,76,8144.79997132358,318,142.59233449477352
80,0.6416,-8675.384615384617,52.509166666666665,71.08773903262092,164.09111361079866,740,75,7407.167435628222,318,163.32618409294014
81,0.638,-10592.784615384613,71.5225,96.87485907553551,188.44870349492672,726,70,9999.090667546196,319,171.06564748201438
82,0.6345,-9325.507692307692,55.12916666666667,75.039592760181,157.0656108597285,730,69,8246.363014861035,320,147.5312783318223
83,0.631,-9635.184615384615,61.22666666666667,84.78481012658227,187.897583429229,696,76,11175.577511246402,320,170.7026055705301
84,0.6275,-9322.246153846154,60.65083333333333,85.48243559718969,178.3454332552693,686,75,8338.86167922747,321,183.67052537845058
85,0.624,-9473.63076923077,57.92583333333334,77.32483370288249,163.28159645232816,743,72,6966.656199515389,321,143.62566371681416
86,0.6206,-7844.492307692307,44.391666666666666,58.342763873775844,140.65941240478782,777,73,5370.230696010237,321,116.64272727272727
87,0.6171,-8467.56923076923,52.925,74.31738623103851,158.2392065344224,702,73,10544.892253915006,322,147.35489833641404
88,0.6137,-9776.384615384615,56.5875,76.71878515185603,167.64679415073115,731,69,9473.741379706546,327,160.2832886505809
89,0.6103,-6975.615384615383,44.6425,55.667355371900825,136.79855371900825,810,75,5020.101073709691,330,95.0126582278481
90,0.607,-6744.276923076924,38.75,49.83778014941302,123.96798292422625,822,69,5336.225618119526,338,100.69561243144425
91,0.6036,-6358.369230769231,39.5975,52.65270121278942,126.69570011025358,775,73,4308.488846425243,344,90.90096153846154
92,0.6003,-7064.292307692307,39.94916666666666,52.322826086956525,136.84130434782608,805,72,4604.808338055633,345,110.68959107806691
93,0.5969,-7497.999999999999,45.94583333333333,58.13850996852046,134.47429171038826,778,71,6279.502727272452,350,111.79733333333333
94,0.5936,-7057.907692307692,46.358333333333334,61.2338090010977,139.74643249176728,761,78,6000.914730101141,352,128.88155515370704
95,0.5904,-7995.261538461538,50.40416666666667,63.25833333333333,141.72708333333333,797,69,6065.743019436632,354,106.48222029488291
96,0.5871,-5065.799999999999,26.401666666666667,33.59728033472803,110.26464435146444,866,75,2915.036706403358,354,81.69147005444646
97,0.5838,-6021.061538461538,37.149166666666666,46.46839378238342,120.79896373056995,840,71,3214.35997267552,354,81.17663043478261
98,0.5806,-8976.261538461538,57.96,81.24125874125875,168.72843822843822,685,73,9404.517795441636,355,137.70242537313433
99,0.5774,-8890.923076923074,54.55083333333334,72.05592105263158,154.6546052631579,757,70,7728.947137349608,356,143.21769297484823
100,0.5742,-8545.015384615384,49.373333333333335,65.34687156970362,156.1602634467618,759,72,6805.515146306983,356,132.12511415525114
101,0.571,-8576.32307692308,58.75666666666667,79.61261261261261,164.39414414414415,721,75,7648.050649587609,356,122.89944649446494
102,0.5679,-7132.015384615384,39.54666666666667,51.578663793103445,125.66810344827586,800,67,4666.319186646395,358,119.89696412143515
103,0.5647,-7710.5230769230775,51.068333333333335,64.6379853095488,145.84784889821617,804,69,4238.6533458777885,359,109.16387337057728
104,0.5616,-10010.353846153846,55.54833333333333,75.17977528089888,171.39662921348315,730,69,10478.984650553912,362,146.73650503202197
105,0.5585,-5941.723076923076,35.8425,46.30128205128205,124.71260683760684,819,74,6005.941179251213,365,97.01387604070305
106,0.5554,-7132.292307692308,37.858333333333334,46.920081967213115,130.56045081967213,816,73,4742.350745153285,365,91.07524932003626
107,0.5523,-6498.507692307693,36.50833333333333,47.73507057546146,130.6015200868621,802,73,4659.3894381462915,369,90.12244897959184
108,0.5493,-6270.584615384616,36.87,47.78862660944206,128.77575107296138,799,76,2907.17145602668,369,115.92896174863388
109,0.5462,-5563.630769230769,29.565,36.57857142857143,113.21836734693878,874,71,4917.867998003567,371,69.96564195298373
110,0.5432,-6144.092307692308,34.91166666666667,46.64712389380531,123.60508849557522,793,72,5388.218320867561,372,109.82677902621722
111,0.5402,-6810.323076923077,44.339166666666664,57.81189189189189,135.28108108108108,793,72,3578.377916227411,374,109.08364661654136
112,0.5372,-6146.553846153847,35.43666666666667,43.99691358024691,118.70267489711934,847,70,3645.866729138544,377,60.555238095238096
113,0.5343,-6272.923076923076,37.2625,46.22461538461538,120.54974358974358,863,67,3761.673721402461,378,71.62226450999049
114,0.5313,-8576.753846153846,57.375,78.09049773755656,176.10972850678732,732,79,8353.50325155518,378,149.85131459655486
115,0.5284,-7201.123076923077,42.549166666666665,54.5552016985138,129.9352441613588,789,70,4583.402702020475,378,99.67343173431735
116,0.5254,-6935.430769230769,36.200833333333335,44.35151515151515,119.10909090909091,886,64,4075.4910651938403,378,85.46793134598013
117,0.5225,-6347.846153846154,34.68833333333333,45.11707841031149,120.8625134264232,830,68,4267.679954698547,378,85.34183191690273
118,0.5196,-5773.8,32.564166666666665,41.5300316122234,122.20231822971549,832,73,3974.2437714259754,380,90.94403669724771
119,0.5168,-5993.953846153847,36.89416666666666,45.88659793814433,118.81546391752578,859,70,3786.918359222561,381,63.98295454545455
120,0.5139,-9620.0,56.096666666666664,77.70195627157652,169.31760644418873,727,70,7684.968804581683,382,135.11666666666667
121,0.5111,-6915.953846153847,40.2425,51.87633262260128,135.77825159914713,804,75,3861.1710435862606,382,115.08648648648649
122,0.5082,-5747.815384615385,33.770833333333336,42.990526315789474,118.01894736842105,821,73,1860.1032758594147,382,87.26672694394213
123,0.5054,-8620.369230769229,45.2275,61.353932584269664,148.21235955056179,758,67,8019.170892284625,382,104.97735849056603
124,0.5026,-9112.261538461536,54.73166666666667,73.77293064876957,159.2248322147651,735,69,7470.658610628434,382,133.84401114206128
125,0.4998,-7780.476923076924,43.64333333333333,58.11933701657458,138.35690607734807,754,70,5720.679877328524,382,103.94910461828464
126,0.4971,-7665.292307692307,46.52333333333333,61.1797385620915,140.8986928104575,777,67,6213.573804894219,382,107.48356807511738
127,0.4943,-9443.56923076923,52.27583333333333,69.38809261300992,170.60088202866592,751,74,7528.39637169082,382,146.64177777777778
128,0.4916,-10295.753846153846,56.696666666666665,75.20792079207921,167.06270627062707,762,65,9439.843079452396,383,151.62576153176676
129,0.4889,-10700.876923076923,64.5925,88.63397947548461,177.478905359179,722,67,9596.31894694821,383,153.02777777777777
130,0.4862,-6084.046153846153,34.6025,45.11326860841424,122.11326860841424,791,73,3946.4850979064463,383,75.71175373134328
131,0.4835,-7850.461538461538,49.545,70.90963139120095,151.55410225921523,698,69,7421.295661276728,384,142.38752196836555
132,0.4808,-6481.0,44.87416666666667,56.16701244813278,127.06120331950207,808,68,3942.729941774168,388,78.60262417994377
133,0.4781,-7677.630769230769,43.718333333333334,55.25523012552301,133.94665271966528,844,65,5127.611434136559,389,98.19166666666666
134,0.4755,-6429.861538461539,34.873333333333335,43.44593202883625,110.37384140061792,852,66,5070.170154262346,390,50.76857142857143
135,0.4729,-10379.046153846155,65.78583333333333,95.19614921780986,190.37665463297233,673,71,10717.056066771027,391,197.7479892761394
136,0.4703,-7824.369230769231,47.2725,61.96634093376765,145.28773072747015,778,74,4667.173181781955,391,112.83710407239819
137,0.4677,-5196.753846153846,26.004166666666666,32.83038501560874,102.2882414151925,833,65,2781.62967292784,392,43.20966183574879
138,0.4651,-6870.092307692307,38.36,52.346110484780155,137.7034949267193,745,73,4558.171544839364,392,104.91206735266604
139,0.4625,-8081.584615384616,48.19083333333333,62.27038626609442,147.2371244635193,785,70,7120.352307924207,392,127.79889807162535
140,0.4599,-6954.338461538462,41.95166666666667,56.260289210233594,134.82202447163516,769,68,6726.507870207077,394,112.53040224508887
141,0.4574,-6788.7692307692305,33.19833333333333,41.160040774719675,120.36697247706422,870,65,4427.808033222571,395,73.11306765523634
142,0.4549,-7952.784615384616,47.160833333333336,63.0874861572536,140.59025470653378,751,67,6083.893340973621,396,126.70162748643762
143,0.4523,-5638.461538461539,32.0025,41.95016251354279,115.61971830985915,792,72,5084.729682557441,397,82.11859582542695
144,0.4498,-8475.76923076923,50.365833333333335,65.55075593952483,144.8185745140389,772,70,6433.003152915371,398,113.1009009009009
145,0.4474,-6370.36923076923,34.435833333333335,43.76866456361724,121.45846477392219,854,70,6351.439152135369,398,107.43806921675774
146,0.4449,-6027.000000000001,34.22416666666667,44.18162393162393,123.30235042735043,840,73,3766.8111861611237,399,94.28934967012252
147,0.4424,-9632.707692307693,58.82333333333333,80.98398169336384,172.10755148741418,707,71,10253.219695894484,399,161.78571428571428
148,0.44,-6335.584615384616,37.60166666666667,47.03937823834197,127.08393782383419,834,70,5075.818064051025,399,90.84558823529412
149,0.4375,-8053.676923076923,53.43,68.90139335476957,145.43301178992496,773,70,6337.257035560965,401,104.56437389770723
150,0.4351,-6962.692307692308,32.17166666666667,39.11066799601196,118.12462612163509,901,63,4351.0382640825455,401,63.35331516802906
151,0.4327,-6889.799999999999,42.45666666666666,54.61645299145299,128.05876068376068,765,71,4810.486181861655,401,92.6430568499534
152,0.4303,-6090.0615384615385,33.64083333333333,41.243654822335024,115.77157360406092,862,70,5485.272642507984,402,85.60324616771867
153,0.4279,-6078.969230769232,36.13,47.056155507559396,121.46760259179266,806,70,6336.814224272269,403,113.11786038077969
154,0.4256,-10210.584615384614,60.37,78.91431670281996,171.32104121475055,741,69,9325.718819447187,403,156.0766550522648
155,0.4232,-7607.553846153845,40.30833333333333,48.2203557312253,121.53754940711462,888,62,4655.6587666730875,403,81.67150635208712
156,0.4209,-7695.538461538461,37.538333333333334,42.71052631578947,115.59210526315789,931,59,4889.517298075923,403,53.512280701754385
157,0.4185,-8422.492307692308,50.005833333333335,62.523858921161825,145.84336099585062,827,70,6669.145663195611,403,123.51286601597161
158,0.4162,-7011.2307692307695,35.58833333333333,44.564366632337794,117.54891864057673,848,64,4545.29878858841,405,93.0302752293578
159,0.4139,-8720.307692307691,54.23166666666667,68.45340314136125,140.9675392670157,814,62,7242.118830806505,408,101.07720588235294
160,0.4116,-6527.83076923077,34.083333333333336,44.36989247311828,119.93655913978495,796,66,5093.511685936501,408,95.8843984962406
161,0.4094,-6700.123076923077,34.245,43.956567796610166,118.83262711864407,846,63,4202.251001075727,409,100.2513812154696
162,0.4071,-5900.876923076923,32.5375,44.44117647058823,122.06561085972851,776,68,6329.494625131511,412,101.13422818791946
163,0.4048,-6189.7692307692305,34.525,41.23593287265548,114.7680157946693,852,69,4570.242764114088,412,76.34914950760967
164,0.4026,-9591.0,52.16833333333334,65.39296794208893,141.87900723888313,828,59,6570.3752651973155,412,116.86597040905134
165,0.4004,-6034.492307692308,34.0925,41.33667334669339,114.6503006012024,874,67,4008.345817543185,413,86.33511111111112
166,0.3982,-7347.015384615385,38.7075,48.664943123061015,127.60496380558428,859,62,5054.520393999642,413,107.80269058295964
167,0.396,-7375.646153846152,44.3475,57.202139037433156,138.76577540106953,780,71,4723.071578444448,415,106.90682656826569
168,0.3938,-6420.292307692307,38.00666666666667,49.74756229685807,123.00975081256772,812,69,5913.656184625492,415,87.76660341555977
169,0.3916,-8960.092307692306,60.18666666666667,76.16824395373291,164.72870662460568,769,69,8750.533247457695,415,134.51929824561404
170,0.3894,-7404.0615384615385,37.095,43.354186717998076,120.70163618864292,911,64,3169.2104581456165,415,86.5181660899654
171,0.3873,-9770.861538461537,66.57083333333334,89.62933930571108,188.2709966405375,731,74,9053.228252640583,416,179.66695957820738
172,0.3851,-8280.66153846154,48.18,57.666335650446875,141.2462760675273,871,67,6872.846422519163,416,102.42146596858639
173,0.383,-8292.63076923077,45.4575,57.91886195995785,133.96206533192836,781,60,5635.2144585580545,418,82.15131578947368
174,0.3809,-8662.553846153845,49.593333333333334,61.28923076923077,139.07076923076923,806,63,5317.2213244813565,418,123.76991150442478
175,0.3788,-8784.846153846152,50.745,66.56427015250544,170.7549019607843,777,77,9473.975087358363,418,136.53852967227635
176,0.3767,-7666.323076923077,47.5575,63.31823204419889,155.0718232044199,747,75,4897.2337995009275,418,111.77777777777777
177,0.3746,-10343.292307692307,67.39666666666666,91.9047619047619,193.99319727891157,711,75,9595.30614643359,420,186.21609403254973
178,0.3725,-8088.753846153845,46.78,59.20628272251309,136.8869109947644,791,66,5241.516955159855,420,92.66975023126734
179,0.3705,-10350.276923076925,65.0975,93.41120381406436,194.9439809296782,676,73,10238.032055635907,420,194.90266299357208
180,0.3684,-9335.446153846153,54.373333333333335,73.22706935123043,154.72371364653245,732,65,7525.756900223448,421,152.0667870036101
181,0.3664,-6538.661538461539,39.108333333333334,49.91746031746032,119.76402116402116,795,65,4457.988783129237,421,78.74528301886792
182,0.3643,-6110.96923076923,37.38333333333333,48.77513513513514,124.87675675675676,776,72,3639.126193060922,421,112.234360410831
183,0.3623,-6245.276923076924,29.6725,36.65552178318136,109.8176291793313,874,59,5275.566827960557,422,66.88493919550982
184,0.3603,-8491.015384615384,49.14333333333333,64.25081433224756,152.38219326818674,780,70,6989.540490316612,422,108.3224043715847
185,0.3583,-10965.230769230768,64.255,88.58466819221968,184.1979405034325,717,68,11483.155187409426,423,162.08458149779736
186,0.3563,-7950.692307692307,42.696666666666665,55.13553895410886,135.47385272145144,818,66,3917.76959571585,423,91.57728119180634
187,0.3544,-8452.015384615384,50.541666666666664,67.43569844789357,149.7560975609756,760,69,4374.307871302937,423,120.92488262910798
188,0.3524,-10138.8,60.233333333333334,84.5262543757293,181.52275379229872,705,69,8892.051046593573,423,156.85727029438002
189,0.3505,-8934.476923076923,50.924166666666665,71.06952491309386,163.64426419466974,719,68,7629.994988975167,423,134.9214953271028
190,0.3485,-8497.661538461538,50.7675,65.01275239107332,146.3251859723698,784,70,7410.481778465963,423,102.2034203420342
191,0.3466,-5213.2307692307695,29.9975,37.77708333333333,110.87291666666667,845,72,4773.202663121312,423,84.5803738317757
192,0.3447,-10677.492307692308,59.0875,83.1719298245614,177.1766081871345,696,64,10549.836311219256,425,165.84635879218473
193,0.3428,-7968.399999999999,47.60583333333334,58.85934291581109,144.03388090349077,825,71,7537.873790809495,425,102.12797074954297
194,0.3409,-8002.138461538461,50.28666666666667,64.66666666666667,140.73397435897436,786,69,6953.669923373822,425,119.00886524822695
195,0.339,-6797.86153846154,37.848333333333336,46.74617737003058,125.89908256880734,837,70,4539.597395468995,425,90.13624454148471
196,0.3371,-4841.076923076923,26.21,31.68594217347956,100.17846460618145,870,69,4746.467202819247,425,62.07670979667283
197,0.3352,-6787.753846153848,39.361666666666665,47.86478304742684,121.90615539858729,833,68,3902.718763775549,425,77.73309608540926
198,0.3334,-11189.815384615384,62.75666666666667,86.54701834862385,173.13532110091742,724,60,12669.147462275736,426,148.21715328467153
199,0.3315,-8782.184615384616,55.155,72.76013143483023,158.14676889375684,773,67,6077.637792317191,426,124.06325581395349
200,0.3297,-9021.33846153846,58.163333333333334,81.23495370370371,165.99537037037038,712,67,10140.516365749678,426,143.7262118491921
201,0.3279,-7795.753846153845,42.025,50.390702274975276,131.04451038575667,900,63,5088.2102325223705,427,76.04181818181819
202,0.3261,-6940.569230769232,37.99583333333333,46.09919839679359,126.18036072144288,907,68,4756.715964489331,428,77.80254777070064
203,0.3243,-10193.307692307693,61.2825,79.97081081081082,157.99891891891892,761,58,8305.522955422655,432,126.02434625788999
204,0.3225,-6440.261538461537,43.52,52.07608695652174,119.52371541501977,874,60,7212.784049745585,434,56.343424787133394
205,0.3207,-6569.0615384615385,37.66,45.146100691016784,117.07897334649556,893,63,4686.317883827776,435,58.200188857412655
206,0.3189,-10588.32307692308,61.553333333333335,80.16630669546436,171.80453563714903,762,64,9630.612368588096,437,155.01042571676803
207,0.3172,-6208.784615384615,35.611666666666665,42.87164179104477,113.25572139303483,884,63,6838.439864970761,439,63.452651515151516
208,0.3154,-6292.338461538461,37.74916666666667,45.354228855721395,118.72835820895523,886,64,6118.961752409519,440,78.13545454545455
209,0.3137,-10127.169230769232,57.50833333333333,74.76400862068965,158.85991379310346,777,64,8178.483380202588,441,117.51674208144796
210,0.3119,-7660.3538461538465,38.83,47.766734279918865,124.39249492900609,866,63,5230.050381237564,441,89.47714808043875
211,0.3102,-6655.4,36.049166666666665,42.61381322957198,118.17120622568093,903,64,5725.434439879102,441,83.31205673758865
212,0.3085,-7031.507692307692,33.598333333333336,39.358309317963496,109.5581171950048,933,56,4755.737820024116,441,46.03201506591337
213,0.3068,-6691.630769230769,32.73583333333333,37.67074317968015,105.30856067732832,948,55,3485.0576946553374,441,55.28080985915493
214,0.3051,-7140.261538461539,36.22,43.50494071146245,113.37450592885375,880,58,4894.621754029303,441,72.06509945750452
215,0.3034,-6072.430769230768,30.236666666666668,36.22244094488189,103.97637795275591,923,58,5515.106359255473,441,56.08595194085028
216,0.3017,-6269.3538461538465,33.8675,41.29707955689829,117.18227593152065,889,68,6754.814326399147,441,70.58595194085028
217,0.3,-5556.799999999999,29.641666666666666,34.58485139022052,107.04793863854266,917,68,4431.907966542533,441,53.26787330316742
218,0.2984,-7736.015384615385,42.70666666666666,50.18955512572534,126.93810444874275,899,61,2861.544553434549,441,81.81722319859402
219,0.2967,-7581.092307692307,41.25666666666667,47.68916349809886,122.75285171102662,920,59,7335.496287628331,442,81.1205985915493
220,0.2951,-4386.7692307692305,32.3975,37.30922930542341,96.08943862987631,918,64,4012.656462858057,449,37.728219696969695
221,0.2935,-5365.753846153846,27.264166666666668,32.387317073170735,99.94829268292683,904,64,3988.3806715681844,451,53.056985294117645
222,0.2918,-6054.046153846153,30.780833333333334,39.66843783209352,118.21572794899043,843,67,5682.035505289016,451,109.91742286751361
223,0.2902,-7219.092307692308,39.373333333333335,46.780607247796276,125.7384916748286,902,62,4840.1647805647735,451,79.56806282722513
224,0.2886,-8246.015384615384,46.3775,58.20083246618106,142.2091571279917,817,69,7512.706996909801,453,108.04162976085031
225,0.287,-9494.646153846154,56.14833333333333,77.55045871559633,167.96330275229357,732,65,6656.208305358536,453,151.4075704225352
226,0.2854,-6464.876923076923,38.92166666666667,48.346666666666664,127.2102564102564,857,66,8074.5829445339195,454,80.44688644688645
227,0.2838,-5383.107692307693,26.384166666666665,32.330637007077854,105.38018200202224,898,63,4128.417247218915,454,81.16786355475763
228,0.2823,-6146.799999999999,30.796666666666667,37.985743380855396,110.79735234215886,884,61,5069.357534794129,454,78.88969917958067
229,0.2807,-6446.938461538462,34.495,39.88751191611058,119.57102001906577,940,70,4939.498151206452,454,70.55237242614145
230,0.2792,-6389.0615384615385,35.16166666666667,48.34090909090909,124.8965909090909,795,67,7846.283792212487,455,112.33844678811121
231,0.2776,-4435.938461538461,19.500833333333333,22.413793103448278,82.38863000931967,981,53,1894.6705639407426,455,22.93569431500466
232,0.2761,-7317.138461538462,37.766666666666666,45.28910891089109,122.77326732673268,893,63,5315.192095724459,455,66.88990825688073
233,0.2746,-6152.153846153847,31.61,38.693548387096776,109.72278225806451,869,65,4238.876757349088,455,69.8270814272644
234,0.273,-5688.2,33.95666666666666,39.458653846153844,110.21057692307693,923,64,3941.3315381286207,456,47.1573137074517
235,0.2715,-5027.430769230769,23.109166666666667,27.212704523580367,101.22714148219441,914,65,2240.811358550836,456,52.84872471416007
236,0.27,-5855.553846153846,28.345,33.88132295719844,102.08171206225681,909,59,1994.984047294712,456,66.46387154326494
237,0.2685,-6434.846153846153,34.770833333333336,44.320754716981135,119.73060796645703,832,60,4130.5184713583885,456,84.74500475737393
238,0.267,-7219.969230769231,35.74,42.30582524271845,114.44854368932039,905,58,3556.162375191753,456,67.79824561403508
239,0.2656,-6251.738461538462,35.55583333333333,41.79805825242718,121.53300970873786,917,69,4125.856896943048,456,89.74547023295945
240,0.2641,-6570.215384615385,31.456666666666667,36.553333333333335,109.5,944,61,3236.828294461763,457,55.02439024390244
241,0.2626,-8716.369230769233,56.235,73.73558215451578,159.24918389553864,758,71,8024.208360717544,457,116.74633699633699
242,0.2612,-6381.569230769231,34.156666666666666,41.58358358358358,111.56556556556556,885,56,4339.629565373019,458,81.29276895943562
243,0.2597,-6145.892307692307,36.8675,45.374364191251274,114.74567650050865,846,67,3796.216814347877,458,84.38482384823848
244,0.2583,-6513.246153846154,30.428333333333335,40.19222462203024,116.12095032397409,844,62,5841.377971249658,459,89.60943396226415
245,0.2569,-5268.969230769229,24.286666666666665,29.329064039408866,96.4512315270936,911,59,3088.936497184217,460,36.63492063492063
246,0.2555,-6260.815384615386,39.01166666666666,48.617283950617285,125.6872427983539,846,70,2775.2030051153884,460,82.69223744292238
247,0.254,-5899.215384615385,33.689166666666665,42.292227979274614,115.34922279792747,847,68,4691.059255864897,462,85.14653641207815
248,0.2526,-5884.0615384615385,31.713333333333335,38.159203980099505,111.23681592039802,868,69,4961.108317342188,464,82.30721282279609
249,0.2512,-5476.3538461538465,28.404166666666665,32.81101614434948,100.64007597340931,961,63,4810.793061875375,464,52.18263205013429
250,0.2498,-5899.861538461539,30.291666666666668,35.956947162426616,110.14677103718199,919,67,5212.71198587879,464,72.51811594202898
251,0.2485,-7482.230769230768,38.218333333333334,48.0,125.08367768595042,866,60,4488.133904773344,464,103.05355493998154
252,0.2471,-6508.076923076922,32.931666666666665,42.62366737739872,120.23134328358209,835,66,5457.651890412823,464,123.72307692307692
253,0.2457,-5766.830769230768,31.114166666666666,38.43553299492386,106.98375634517767,886,60,5756.628437762868,464,55.612570356472794
254,0.2444,-7437.569230769231,41.965833333333336,49.87390029325513,125.0674486803519,888,59,3841.8589232931618,464,85.02742230347349
255,0.243,-5530.753846153846,26.733333333333334,32.15483234714004,103.7879684418146,908,64,3365.1841808179674,464,47.815413891531875
256,0.2417,-6404.676923076922,36.71,44.02266009852217,114.8896551724138,895,59,4657.1714834561335,464,60.400925925925925
257,0.2403,-7432.215384615385,41.91,51.60688956433637,125.37082066869301,861,59,5233.258891568627,464,91.37301587301587
258,0.239,-7050.261538461538,45.79,57.597497393117834,133.55474452554745,808,70,5226.094243107459,465,85.66728797763281
259,0.2377,-5833.56923076923,33.22833333333333,40.72543059777102,115.3566362715299,857,71,4058.2669217190173,465,77.96282864913871
260,0.2364,-8152.861538461539,52.75833333333333,69.66010928961748,151.63387978142077,792,65,4193.585334294406,465,135.97895699908509
261,0.2351,-6179.6461538461535,38.13666666666666,45.157688540646426,120.70519098922625,897,69,4406.661754952904,466,77.67522123893805
262,0.2338,-6415.261538461538,36.87833333333333,45.713846153846156,117.18871794871795,878,65,4845.66904205791,466,93.71883786316776
263,0.2325,-6641.646153846153,35.18833333333333,42.084396467124634,113.05888125613346,896,59,3189.6761675581383,466,71.81809954751131
264,0.2312,-6248.615384615385,31.559166666666666,39.869791666666664,114.796875,844,65,4227.249557091921,466,78.1096654275093
265,0.2299,-5947.246153846154,30.039166666666667,35.22360844529751,97.51631477927063,944,56,4021.1220423094237,466,38.165890027958994
266,0.2286,-4291.430769230769,25.415,29.45299145299145,88.30389363722698,937,64,2359.8561292018967,466,30.86070110701107
267,0.2274,-7505.707692307693,35.594166666666666,43.36254980079681,108.68625498007968,893,50,4948.4419078129185,466,65.546875
268,0.2261,-7118.261538461539,40.600833333333334,49.14829659318637,115.11422845691382,846,63,6705.9554312117,467,63.5177304964539
269,0.2249,-8703.246153846154,49.2,59.15940594059406,127.9,851,52,5289.4472891539945,468,83.48720211827008
270,0.2236,-5279.846153846153,25.3375,29.492850333651095,91.28979980934223,943,59,4017.0930312526034,468,30.681818181818183
271,0.2224,-7079.830769230769,34.83083333333333,43.9843912591051,110.89594172736733,875,53,5648.635785258579,469,69.91936978683967
272,0.2211,-7016.630769230769,44.964166666666664,58.09431939978564,128.31725616291533,789,67,6350.987316288049,474,85.2925682031985
273,0.2199,-7255.415384615384,37.9475,44.64278799612779,114.02323330106486,887,62,3874.9331375575393,475,60.62986425339366
274,0.2187,-6096.8,32.24166666666667,39.49495967741935,117.09778225806451,885,68,5544.822901172927,475,75.61181818181818
275,0.2175,-5571.3538461538465,36.763333333333335,44.484,112.062,878,67,3176.5774086536726,475,62.73548387096774
276,0.2163,-7148.092307692307,37.28916666666667,45.45536609829488,118.23470411233701,873,58,4319.377481017929,475,94.94646098003629
277,0.2151,-6750.830769230769,33.270833333333336,41.26966292134831,118.75485188968335,869,62,5681.211873155331,477,94.44937833037301
278,0.2139,-5355.2,30.085,35.794117647058826,113.54313725490196,910,72,3656.2044370043527,477,57.75448028673835
279,0.2127,-5002.415384615384,25.939166666666665,32.580412371134024,97.0721649484536,842,57,4962.61587922793,478,52.29328287606433
280,0.2115,-6375.2,36.88916666666667,44.49152542372882,115.63908275174477,879,58,6538.14901138506,480,88.32857142857142
281,0.2104,-7779.892307692307,39.6825,51.92025862068966,130.3480603448276,819,62,6082.15142638492,480,115.62932604735883
282,0.2092,-5799.3538461538465,29.799166666666668,34.20899718837863,98.75538894095595,964,57,2710.84201518765,482,45.3868349864743
283,0.208,-8818.215384615385,43.979166666666664,53.52256770310933,124.65997993981946,841,53,5666.0253410337655,482,88.64982269503547
284,0.2069,-8007.430769230769,42.89333333333333,52.269617706237426,128.7625754527163,864,60,5537.319200153922,482,95.64052863436123
285,0.2058,-8341.569230769232,47.759166666666665,59.9375,140.946875,803,65,9959.477604789412,484,96.2390909090909
286,0.2046,-6200.369230769231,31.08416666666667,37.58041958041958,107.66833166833167,883,59,5555.555847846927,484,45.046401515151516
287,0.2035,-8154.907692307692,42.415,50.82509881422925,122.71640316205534,851,58,4509.671979409776,485,73.07513416815742
288,0.2024,-7342.661538461538,37.66583333333333,49.77620087336245,121.50109170305677,803,55,5076.623247646309,487,103.12999071494893
289,0.2012,-5229.984615384616,27.113333333333333,33.81846153846154,98.88205128205128,860,62,3534.1481663149025,487,44.44844357976654
290,0.2001,-7549.276923076923,39.48416666666667,45.58879392212726,116.0360873694207,923,58,4878.499239449025,487,68.09965034965035
291,0.199,-9475.553846153845,53.325,67.56184486373165,153.09119496855345,805,61,6918.357917687016,487,112.86678507992895
292,0.1979,-9222.630769230771,55.655833333333334,75.3932584269663,160.48426966292135,721,64,8142.699304323888,487,142.65331010452962
293,0.1968,-10437.692307692307,60.87583333333333,83.425,170.38863636363635,727,60,8503.856679992487,487,162.13178294573643
294,0.1957,-7116.215384615385,34.443333333333335,42.58494404883011,114.81892166836215,874,56,4304.492280081608,487,83.37602927721866
295,0.1946,-7201.4769230769225,41.8575,55.683572216097026,132.41234840132304,740,68,8134.752146693102,487,101.09319664492078
296,0.1936,-7560.0,35.5125,44.17737003058104,114.20183486238533,880,50,5782.710005677376,488,109.93381686310063
297,0.1925,-6108.261538461538,30.366666666666667,35.72753623188406,95.04830917874396,917,50,2517.933444935517,488,39.08560677328316
298,0.1914,-7027.215384615385,38.89333333333333,48.68524251805986,123.84932920536636,850,62,5119.5847275044525,488,89.78590544157002
299,0.1904,-5886.138461538462,29.186666666666667,34.84200196270854,103.07556427870462,919,59,2768.685099721123,489,53.465437788018434
300,0.1893,-6687.415384615385,32.1675,37.91279069767442,109.22577519379846,923,60,4560.518937375982,489,51.77360219981668
301,0.1883,-7671.938461538462,44.79666666666667,52.34966378482228,126.54274735830931,918,55,6566.248761062781,489,79.27088830255057
302,0.1872,-7027.476923076923,32.935,39.89515331355094,108.4540059347181,890,52,4915.723031656739,489,60.01275045537341
303,0.1862,-8823.615384615387,50.52,57.76908576814326,129.19604147031103,922,53,5039.610938639188,489,87.20402802101576
304,0.1852,-6281.138461538461,30.855833333333333,37.060963618485744,103.9882005899705,907,57,5342.103450109937,490,59.13291139240506
305,0.1841,-9698.707692307693,58.07833333333333,81.26976744186047,174.8186046511628,708,67,9222.292682188592,491,154.24680073126143
306,0.1831,-8496.169230769232,53.943333333333335,67.38381742738589,138.7033195020747,800,63,7008.74971809975,492,114.74150268336315
307,0.1821,-8073.015384615384,39.46083333333333,48.57214934409687,120.52068617558022,873,56,3751.656628861437,492,91.13459801264679
308,0.1811,-5929.461538461537,29.149166666666666,36.98850574712644,109.81295715778474,853,62,4125.28282757013,492,69.12192902638762
309,0.1801,-8395.846153846154,43.5125,55.816348195329084,135.79087048832272,820,65,5368.98816491198,492,122.183908045977
310,0.1791,-9764.26153846154,61.68666666666667,85.12371134020619,180.9324169530355,693,71,8875.77105423028,492,166.55109170305676
311,0.1781,-6949.569230769232,36.3075,46.0713536201469,115.35152151101784,846,57,5970.686910729558,492,90.47250698974837
312,0.1771,-6210.676923076923,29.555833333333332,36.932307692307695,109.78666666666666,867,62,6898.160546177372,492,75.44186046511628
313,0.1762,-5937.707692307694,31.4,37.365234375,106.0498046875,892,59,3590.481418374632,492,60.84526967285588
314,0.1752,-7787.83076923077,41.01,53.745963401507,124.48546824542518,834,55,4755.326074281727,492,105.59981167608287
315,0.1742,-5953.615384615385,34.42916666666667,40.38803088803089,110.37644787644787,909,61,2402.86838764418,492,57.38822447102116
316,0.1732,-6493.0615384615385,32.18,37.565965583174,105.5831739961759,929,54,4299.202016154693,492,48.05239385727191
317,0.1723,-7744.2307692307695,43.245,51.97826086956522,122.0088932806324,891,54,5468.377977495857,492,75.26067211625795
318,0.1713,-9127.492307692308,46.0375,58.94192185850053,136.21013727560717,789,59,6767.025235420261,492,120.4096276112625
319,0.1704,-5781.984615384616,31.605833333333333,37.38132295719844,109.50778210116732,898,62,4342.349586773678,492,44.19518963922294
320,0.1694,-7667.292307692307,42.07833333333333,52.39959016393443,128.702868852459,880,59,4136.118206028732,492,95.75
321,0.1685,-9162.723076923075,57.48,74.30364806866953,155.47317596566523,759,64,8063.231841513227,492,140.15996578272026
322,0.1676,-7246.123076923077,36.865833333333335,44.909181636726544,118.95109780439122,890,59,3644.113256132038,492,75.8393351800554
323,0.1666,-7042.815384615384,38.075,46.00595238095238,121.62003968253968,894,58,4544.494825203458,492,79.4982269503546
324,0.1657,-8495.23076923077,46.69916666666666,61.31808278867102,138.50653594771242,775,62,7688.008609845659,493,118.34941912421804
325,0.1648,-7477.230769230769,35.44583333333333,43.76470588235294,119.05679513184585,874,57,3342.1197389592026,493,77.93584905660377
326,0.1639,-8363.384615384615,49.6425,59.16601178781925,136.72003929273083,852,58,5056.888087597825,494,79.72727272727273
327,0.163,-9216.107692307693,51.670833333333334,67.18211206896552,140.30280172413794,777,61,6903.6259597278695,494,110.91771019677996
328,0.1621,-6826.969230769231,36.86333333333334,46.04012345679013,114.5082304526749,822,61,6351.301195116647,497,86.20982142857143
329,0.1612,-4934.169230769231,23.716666666666665,28.269268292682927,90.51317073170732,932,60,6045.824149673868,497,40.572088724584106
330,0.1603,-6129.892307692308,31.309166666666666,37.17123287671233,109.28082191780823,896,64,4972.53882201887,497,57.548154815481546
331,0.1594,-6188.738461538462,33.38,41.414708886618996,114.94892747701736,834,65,2841.8165579321044,497,73.42027649769585
332,0.1585,-7290.799999999999,36.64833333333333,45.42014242115972,123.03662258392676,877,61,5854.143103300922,497,99.9259927797834
333,0.1577,-6512.999999999998,33.983333333333334,41.574747474747475,103.9090909090909,877,52,4716.11509115878,498,53.48366013071895
334,0.1568,-6064.3076923076915,29.5225,35.05750487329435,106.63937621832359,942,59,3378.0982471186508,498,49.16221198156682
335,0.1559,-7395.584615384615,38.88916666666667,45.39617224880383,115.20095693779905,930,53,3670.8254991666327,498,66.78842676311031
336,0.155,-7792.323076923077,49.971666666666664,63.30252100840336,143.47794117647058,782,73,5372.074933657539,498,99.97792088316467
337,0.1542,-5242.692307692308,26.198333333333334,31.0556640625,102.1171875,918,62,4415.632898761609,498,60.66307277628032
338,0.1533,-7273.553846153846,36.589166666666664,49.16943521594684,126.63344407530454,789,60,3921.237464504572,498,102.62417374881964
339,0.1525,-8522.661538461538,49.72833333333333,63.413938753959876,141.00316789862725,807,66,8597.433272272094,498,103.71665133394664
340,0.1516,-6213.215384615384,28.5275,35.63103802672148,110.44604316546763,862,60,5972.8790954371825,498,64.35228331780056
341,0.1508,-8742.446153846153,44.071666666666665,55.724425887265134,128.77348643006263,810,56,6487.688905587723,499,108.00263388937664
342,0.15,-8640.723076923077,43.56666666666667,54.70228215767635,126.13278008298755,855,52,6100.9948228984185,499,101.70810313075506
343,0.1491,-7574.630769230769,36.685833333333335,44.73694779116466,116.53112449799197,879,57,6945.020780897289,500,86.6012891344383
344,0.1483,-7689.123076923077,40.3275,50.366632337796084,125.9330587023687,842,60,3813.0091801378007,501,78.1822262118492
345,0.1475,-5742.13846153846,28.675833333333333,34.351724137931036,98.34581280788177,888,57,3570.323225203787,501,51.023875114784204
346,0.1467,-7643.784615384617,40.369166666666665,51.8,127.00634920634921,800,59,5107.370242531261,502,102.26833797585887
347,0.1459,-7233.815384615385,40.365833333333335,51.247368421052634,119.29263157894736,800,62,6654.646965068409,502,83.2864768683274
348,0.1451,-8173.492307692307,43.660833333333336,59.115212527964204,146.49888143176733,751,67,6379.276632648527,502,122.24103035878565
349,0.1443,-8983.0,50.695,68.13727678571429,151.56138392857142,767,66,5526.0898925244,502,121.4707520891365
350,0.1435,-8575.400000000001,47.7525,63.799116997792495,143.88189845474614,748,62,5346.126652097717,502,128.56672760511884
351,0.1427,-6892.461538461539,33.72833333333333,43.34252386002121,124.76139978791092,851,65,4757.91834060538,504,93.9812382739212
352,0.1419,-9386.461538461537,50.9925,68.89921612541993,156.44904815229563,736,64,7373.5079361795915,504,126.94833948339483
353,0.1411,-9425.199999999999,56.729166666666664,76.08676307007786,154.20022246941045,733,61,7348.963162365402,504,138.205574912892
354,0.1403,-10632.969230769231,66.14166666666667,95.45978391356543,188.6590636254502,654,65,12033.933435879924,504,185.51325088339223
355,0.1395,-9545.6,54.53333333333333,70.10425531914893,153.3244680851064,758,63,5648.85884229169,504,127.00884955752213
356,0.1388,-7970.384615384615,46.365833333333335,59.83940042826553,127.64346895074947,793,63,8453.26732156698,504,96.20144534778682
357,0.138,-7109.538461538461,36.236666666666665,43.928215353938185,111.07078763708873,900,52,4418.780167956294,504,64.8405529953917
358,0.1372,-6900.923076923078,45.4825,58.002107481559534,132.17597471022128,796,63,4286.432944823179,504,92.78962001853569
359,0.1365,-5901.307692307692,30.18166666666667,36.17109144542773,100.11307767944936,904,55,2459.4291892835686,504,55.84615384615385
360,0.1357,-8084.615384615385,39.844166666666666,48.7037037037037,120.48548548548548,880,53,6151.180550033757,505,76.95277777777778
361,0.135,-7821.861538461539,44.26,55.33022774327122,122.01449275362319,804,57,4724.126643075021,505,84.26582278481013
362,0.1342,-7497.630769230768,42.31583333333333,50.89812067260139,127.03659742828883,885,55,4254.261404943701,505,87.07883082373782
363,0.1335,-7476.6461538461535,35.75416666666667,46.57234726688103,121.39978563772776,826,54,7351.927853670304,506,91.55962441314554
364,0.1327,-6575.861538461539,35.994166666666665,43.61838161838162,118.47452547452548,891,62,7113.9811191618355,506,88.07978241160471
365,0.132,-4731.984615384616,22.799166666666668,27.469548133595286,92.62278978388998,899,60,2896.750012606589,506,38.46117424242424
366,0.1313,-7159.276923076924,44.2675,54.25581395348837,129.49140546006066,863,58,6264.246999000661,506,76.21854912764003
367,0.1306,-7245.123076923078,37.8725,46.125754527162975,116.81790744466801,890,54,4733.083982010256,506,79.56238859180036
368,0.1298,-6337.753846153846,33.446666666666665,40.708835341365464,110.49497991967871,892,60,4987.508926336594,507,86.54812834224599
369,0.1291,-6544.0615384615385,34.8225,42.70967741935484,121.1875,869,66,3285.42744842734,507,85.52750225428314
370,0.1284,-6305.6,31.035,37.610610610610614,108.90090090090091,901,60,6189.637683809929,507,70.09366130558183
371,0.1277,-7151.876923076924,37.08166666666666,44.60513326752221,117.83415597235933,896,55,4093.5070826174597,508,75.49059982094897
372,0.127,-4665.784615384616,23.118333333333332,29.19481865284974,93.65181347150259,859,58,7147.383297444174,509,39.37074148296593
373,0.1263,-7606.784615384616,36.553333333333335,44.72910372608258,113.29405840886203,892,47,8233.775580049447,510,62.685061845861085
374,0.1256,-5948.630769230769,30.7825,38.3680981595092,112.38036809815951,873,61,3438.7734187543865,510,63.035071090047396
375,0.1249,-5995.138461538461,28.343333333333334,33.287619047619046,101.18380952380953,917,54,2244.93001208733,510,45.60787824529991
376,0.1242,-6033.184615384616,31.866666666666667,39.0989898989899,105.53636363636363,885,63,6091.300849695748,510,85.5617059891107
377,0.1235,-6524.184615384615,34.9125,41.6930596285435,110.86314760508309,897,55,2373.9536714013857,510,67.78655767484105
378,0.1228,-6635.230769230769,35.233333333333334,41.975417895771876,121.17994100294985,892,67,5232.89725759313,510,94.16917626217892
379,0.1221,-7481.8923076923065,38.38,44.44095238095238,110.33428571428571,909,54,3234.1819106882513,510,78.42744755244755
380,0.1215,-5472.046153846153,28.373333333333335,33.90471512770137,98.95776031434184,916,58,2512.2286832545833,510,49.8954128440367
381,0.1208,-6155.107692307693,26.4275,32.993896236012205,110.01831129196337,889,60,4406.926794194786,510,67.27772685609533
382,0.1201,-6208.246153846154,33.44166666666667,40.08086785009862,111.70414201183432,898,57,7848.894617880695,510,75.71715328467154
383,0.1195,-7546.723076923077,36.43833333333333,45.54461538461538,119.97846153846154,875,57,6279.998962464299,510,81.87316176470588
384,0.1188,-7823.153846153846,37.305,45.59418837675351,118.27655310621242,872,55,3714.1533053806174,510,73.64760147601476
385,0.1181,-6890.753846153846,31.7675,36.069637883008355,103.1949860724234,959,54,3860.7733754750075,511,63.953953084274545
386,0.1175,-8137.399999999999,41.0425,49.645418326693225,121.92330677290836,890,54,3679.3369923508258,512,86.6836917562724
387,0.1168,-6439.030769230769,30.864166666666666,37.92943548387097,109.70967741935483,875,60,7243.561748627027,512,73.84099264705883
388,0.1162,-7914.200000000001,45.72416666666667,58.903640256959314,137.203426124197,779,68,6064.157481293584,512,113.97554347826087
389,0.1156,-7086.569230769231,34.385,43.470772442588725,118.06576200417537,852,58,4066.584180913578,512,85.17537313432835
390,0.1149,-7869.553846153846,38.089166666666664,48.5251572327044,124.19706498951781,829,57,4364.251834028885,512,95.3070577451879
391,0.1143,-6547.169230769231,31.864166666666666,36.24602432179607,108.28344246959776,962,62,3616.168768959943,512,41.070524412296564
392,0.1136,-8248.292307692307,46.165,60.870087336244545,147.03602620087335,759,65,4544.50716889241,512,101.45751633986929
393,0.113,-4907.830769230769,23.998333333333335,27.256505576208177,90.61152416356877,955,63,2597.984876086141,512,28.18289353958144
394,0.1124,-7564.784615384616,35.630833333333335,42.80773042616452,124.54410307234886,875,63,8768.136194124883,513,72.86225402504472
395,0.1118,-9418.8,58.82,77.7967032967033,160.77802197802197,722,60,8337.160280137592,515,122.29220779220779
396,0.1112,-8190.246153846154,39.37416666666667,47.51980198019802,119.36336633663366,884,53,4857.7818426820995,515,78.09990917347865
397,0.1105,-7722.96923076923,44.251666666666665,56.77836691410393,127.31919406150583,781,54,5028.045819569844,515,77.9392523364486
398,0.1099,-4639.076923076923,22.545,27.427579365079364,85.56746031746032,918,57,2265.0375464304657,515,32.8358925143954
399,0.1093,-8361.123076923077,46.36333333333334,57.834881320949435,133.28379772961816,822,61,9270.270814071457,515,109.78014184397163
400,0.1087,-5353.430769230768,25.398333333333333,29.308641975308642,94.7094017094017,948,59,3454.0920569915593,515,58.201241134751776
401,0.1081,-7296.984615384616,42.905833333333334,52.14314314314314,128.1071071071071,865,59,4957.999922538684,515,95.20907473309609
402,0.1075,-6737.2307692307695,36.645833333333336,42.856046065259115,118.521113243762,913,57,4735.310452658123,515,58.800358102059086
403,0.1069,-4449.092307692308,22.91,26.219924812030076,83.25563909774436,975,55,4469.503113308259,518,26.44266917293233
404,0.1063,-6238.123076923078,27.941666666666666,34.30861723446894,104.79258517034069,888,54,6000.650438106795,519,73.37764084507042
405,0.1057,-7194.061538461538,33.805,40.61712598425197,108.73326771653544,908,50,2854.3706220554673,519,66.69202566452796
406,0.1052,-6535.292307692308,30.415,35.72168905950096,112.93186180422265,916,63,2965.4861436625024,519,71.12688553682342
407,0.1046,-5989.9384615384615,30.785,35.45652173913044,99.52930056710775,960,54,3290.7930088817025,519,43.2210433244916
408,0.104,-7181.83076923077,35.69,43.15392254220457,110.79841112214498,908,51,6086.222652671273,520,79.86770072992701
409,0.1034,-5885.6923076923085,29.79,35.00869565217391,111.02125603864734,920,65,4113.6997168403805,520,55.89021043000915
410,0.1028,-4352.553846153846,23.288333333333334,27.42526518804243,87.23336547733848,924,55,6054.775438391994,521,31.729323308270676
411,0.1023,-6831.630769230769,33.651666666666664,39.63776493256262,112.30346820809248,915,55,2564.4042805308236,521,51.3422756706753
412,0.1017,-6711.492307692309,33.589166666666664,38.08379888268156,110.22160148975792,956,58,3735.2389702484156,521,51.123456790123456
413,0.1011,-6619.415384615386,31.52166666666667,36.36337760910816,112.80550284629982,937,62,3800.5539381180324,521,57.20595968448729
414,0.1006,-5694.584615384615,26.49,32.09036742800397,104.70605759682225,906,59,4795.90468479323,521,54.74517019319227
415,0.1,-6258.061538461539,30.475,38.316442605997935,112.7683557394002,881,60,6874.313103042411,522,64.21155638397018
416,0.0995,-6298.523076923077,29.63,35.56286836935167,107.1984282907662,909,58,5002.103061882103,522,61.915770609319
417,0.0989,-4708.876923076923,22.015833333333333,25.423841059602648,97.19867549668874,939,66,3708.5918828214853,522,44.20288548241659
418,0.0984,-5744.153846153846,28.419166666666666,33.78341463414634,103.39024390243902,903,63,3747.806888653647,522,51.91202872531418
419,0.0978,-6040.999999999999,31.488333333333333,37.805335968379445,111.19664031620553,897,62,4781.198839444758,522,78.70413669064749
420,0.0973,-5636.430769230769,27.216666666666665,31.53670162059104,106.0,955,64,3308.3675944984334,522,47.9954954954955
421,0.0968,-5925.707692307693,30.399166666666666,36.15851272015656,111.67318982387475,917,64,4979.099560907406,522,63.478923766816145
422,0.0962,-4833.707692307692,24.975833333333334,29.678746327130263,103.99608227228208,911,67,6311.835285388409,522,43.72930232558139
423,0.0957,-5795.9384615384615,27.930833333333332,34.27291037260826,105.55387713997986,891,62,5910.89282837655,523,63.950789229340764
424,0.0952,-6358.184615384615,31.404166666666665,39.365503080082135,123.56160164271047,865,69,1937.2487017321248,523,85.5943992773261
425,0.0946,-5534.2,28.878333333333334,36.889821615949636,111.02728226652675,860,69,4356.140975216479,523,67.96741154562383
426,0.0941,-5859.523076923077,29.4075,35.41304347826087,105.14822134387352,905,62,5437.136489704072,524,59.07865168539326
427,0.0936,-5841.630769230769,27.268333333333334,34.10655737704918,104.29405737704919,867,58,5607.2825606993065,524,61.80222841225627
428,0.0931,-5004.923076923078,24.664166666666667,31.07507820646507,110.48488008342024,854,73,6423.00258643368,525,79.30398517145505
429,0.0926,-7625.707692307691,32.910833333333336,39.33624878522838,113.46744412050535,921,52,4585.681110071729,525,73.98757763975155
430,0.092,-5808.723076923077,26.893333333333334,32.91208791208791,104.82517482517483,902,59,4573.6724958422,525,64.41566820276498
431,0.0915,-6430.7692307692305,30.11,36.639165009940356,110.89960238568588,887,59,2363.3890150299185,525,75.29060579455663
432,0.091,-5139.6923076923085,29.641666666666666,36.11022044088176,103.48597194388778,866,62,2227.0680072734217,526,56.863392857142856
433,0.0905,-7650.953846153847,38.336666666666666,43.711737089201876,120.44319248826291,916,63,5242.618547608221,526,62.48660328435609
434,0.09,-7346.738461538462,39.7825,48.833502538071066,122.37055837563452,831,63,4701.122839913578,527,80.90727272727273
435,0.0895,-6168.276923076923,29.5725,36.79306829765545,108.34862385321101,869,59,3807.979893134905,527,62.11531365313653
436,0.089,-3973.3538461538456,21.499166666666667,25.358180058083253,86.08422071636012,908,66,2891.857853388233,527,27.146946564885496
437,0.0885,-6256.4,28.895833333333332,34.78007889546351,103.70216962524655,890,60,7524.5208677635055,527,61.76687668766877
438,0.088,-7971.215384615384,47.8425,60.28914405010438,141.69415448851774,820,71,5819.717375804837,527,101.13949433304272
439,0.0876,-4989.599999999999,29.13083333333333,37.808351177730195,112.15738758029978,814,71,2670.46863042166,527,65.12035225048923
440,0.0871,-7935.615384615385,49.276666666666664,65.76803551609324,151.330743618202,767,74,7751.669782614568,528,126.40980573543015
441,0.0866,-6226.676923076922,33.6475,42.62408376963351,119.66701570680628,826,67,3675.3756243358544,528,86.86190917516218
442,0.0861,-5978.784615384615,30.379166666666666,37.03319919517103,117.5764587525151,864,72,6153.811457570247,528,76.0780269058296
443,0.0856,-6857.3076923076915,33.73833333333334,41.775967413441954,118.21894093686355,855,62,3966.485475355582,528,86.6010733452594
444,0.0852,-7553.261538461538,53.9475,72.21175166297118,146.019955654102,743,66,6542.249115629191,528,106.02112029384757
445,0.0847,-5868.630769230769,28.5275,33.72912621359223,105.94854368932039,923,60,3803.2295735829025,528,61.7289972899729
446,0.0842,-4802.7692307692305,22.5275,27.27173913043478,88.31818181818181,892,55,2432.5740963401768,528,28.31183830606352
447,0.0838,-6566.3538461538465,27.211666666666666,32.37378640776699,107.07961165048543,933,57,4155.414464997377,528,58.804964539007095
448,0.0833,-5628.107692307693,25.725833333333334,30.8664047151277,102.86247544204322,918,61,3208.3966397902286,528,47.89209302325581
449,0.0828,-6443.446153846154,29.688333333333333,37.11782786885246,112.40881147540983,880,59,5706.089412926173,528,54.25311601150527
450,0.0824,-7077.4769230769225,32.020833333333336,38.34931506849315,111.43639921722114,918,54,3804.8081626189087,528,61.13942751615882
451,0.0819,-6593.56923076923,30.673333333333332,35.7093690248566,109.32695984703633,926,58,5888.911241539367,528,52.412199630314234
452,0.0815,-8842.523076923077,37.995,44.45593869731801,128.1522988505747,919,55,3073.8653417046244,528,89.76
453,0.081,-5717.0,27.6425,31.81947069943289,106.16068052930056,941,62,5120.471363422397,528,67.047448522829
454,0.0806,-5976.753846153846,30.914166666666667,37.458083832335326,113.36327345309381,888,67,3259.6387086469526,528,52.059149722735675
455,0.0801,-7065.984615384616,32.28,39.62688064192578,113.38415245737211,910,55,4032.566780467599,528,74.22955390334573
456,0.0797,-6422.923076923077,33.36666666666667,41.06815869786368,111.6205493387589,874,59,5349.275366182917,528,79.82584784601283
457,0.0792,-6804.446153846154,28.511666666666667,34.720238095238095,105.03075396825396,918,49,6397.785621469304,530,59.28125
458,0.0788,-6849.984615384616,34.04833333333333,43.055093555093556,112.3981288981289,861,54,5214.41258893539,530,69.3223992502343
459,0.0784,-6042.215384615384,26.888333333333332,33.02605210420842,105.46192384769539,890,58,4665.603234943697,531,69.39413382218149
460,0.0779,-5922.3538461538465,27.233333333333334,32.454011741682976,100.55381604696673,925,58,6094.277765642528,531,38.13705103969754
461,0.0775,-5867.369230769231,27.645,32.371757925072046,103.65033621517772,944,59,2917.362028265102,531,52.3958143767061
462,0.0771,-5630.292307692309,27.045833333333334,32.59763313609467,96.1785009861933,904,59,4908.944918674589,531,44.772222222222226
463,0.0766,-6976.8153846153855,30.335833333333333,37.2251256281407,115.98291457286432,897,56,5939.558542039384,531,71.93958521190261
464,0.0762,-6536.461538461538,28.7825,35.99794238683128,111.37551440329219,872,59,6246.1967768644045,531,58.55671077504726
465,0.0758,-5890.415384615385,26.6175,31.973372781065088,104.87573964497041,925,56,5397.676235326432,531,65.11878453038673
466,0.0754,-9522.599999999999,54.655,70.12951167728238,156.0212314225053,802,62,8255.947728036565,531,107.13991031390134
467,0.075,-6404.323076923077,29.858333333333334,36.789579158316634,107.25551102204409,896,57,1694.4068710298557,531,67.59871441689623
468,0.0745,-6916.784615384616,32.343333333333334,37.52756653992395,108.13403041825094,945,57,2141.8541554348003,531,48.88181818181818
469,0.0741,-6606.215384615384,31.239166666666666,37.27522037218413,112.14495592556317,929,59,2855.9334651860895,531,64.38799283154121
470,0.0737,-6862.553846153847,33.51166666666666,41.155712841253795,113.99191102123356,886,58,5134.930562509625,531,75.65858208955224
471,0.0733,-6283.538461538461,29.860833333333332,35.29554263565891,102.71511627906976,936,52,7391.619996116131,532,74.83587443946189
472,0.0729,-6324.907692307692,30.6675,36.2781007751938,111.68798449612403,912,62,2337.911842782155,532,75.70588235294117
473,0.0725,-5933.907692307692,27.684166666666666,35.81183932346723,105.92600422832982,855,54,7400.782080124263,532,77.54460093896714
474,0.0721,-5855.523076923077,28.750833333333333,36.28141225337487,115.79543094496366,865,68,3863.0900489240626,532,53.70144927536232
475,0.0717,-6373.369230769231,29.0525,34.72113502935421,102.48336594911937,937,53,4900.458931325637,532,79.5617879053462
476,0.0713,-5571.876923076923,28.768333333333334,34.819900497512435,104.79502487562189,898,62,5109.4686488616435,532,65.94874184529357
477,0.0709,-6376.261538461537,32.82416666666666,40.75742067553736,121.27942681678608,879,69,3381.2539489906735,532,76.97800183318057
478,0.0705,-5823.8153846153855,27.9175,33.764235764235764,105.6103896103896,891,62,6871.778597351122,532,85.42493175614194
479,0.0701,-5787.6,26.361666666666668,31.21692607003891,99.2227626459144,926,57,3842.322157465871,532,40.901382488479264
480,0.0697,-5994.907692307693,27.356666666666666,33.664994984954866,101.49949849548646,901,52,3040.8928085473485,533,59.47790055248619
481,0.0694,-5826.292307692308,24.5525,29.450635386119256,96.94819159335289,917,54,4688.3406831845505,533,48.50091240875913
482,0.069,-6750.553846153845,32.955,38.200379867046536,106.57549857549857,956,50,4198.802237953278,533,73.54774305555556
483,0.0686,-6325.507692307692,27.398333333333333,33.618,104.247,911,54,5712.869155768371,533,72.59763851044505
484,0.0682,-6350.8,30.639166666666668,38.66217616580311,110.40103626943005,855,59,5324.437860714114,533,64.16745061147695
485,0.0678,-5728.876923076923,25.6925,31.275074478649454,98.3922542204568,913,54,3585.799731998632,533,52.719234275296266
486,0.0675,-8198.415384615384,37.76166666666666,45.07156862745098,129.90686274509804,907,63,2152.6859581051226,533,78.97860962566845
487,0.0671,-7160.261538461538,34.350833333333334,42.241379310344826,116.0314401622718,870,58,8263.599757861222,533,95.68772241992883
488,0.0667,-6636.261538461538,29.064166666666665,34.95200783545543,101.84329089128306,928,48,3762.6455616895096,533,38.55245428296439
489,0.0664,-7343.153846153846,35.675,43.99188640973631,119.53042596348884,874,59,2190.439247313521,533,84.47623318385651
490,0.066,-5622.6,26.261666666666667,31.91008991008991,101.64535464535464,927,56,6538.537900852947,533,52.93068391866913
491,0.0656,-5420.584615384615,24.090833333333332,28.45357833655706,105.53965183752418,931,65,3225.959605504318,533,51.4609865470852
492,0.0653,-6322.184615384616,27.56,32.55726660250241,102.98267564966314,943,56,3574.6626406287933,533,39.65510777881912
493,0.0649,-6444.630769230769,32.295833333333334,38.39882697947214,115.98533724340176,887,60,3725.0300620521866,533,72.79750223015165
494,0.0645,-5693.2307692307695,25.4725,30.653846153846153,106.88461538461539,920,63,3817.883669149942,534,51.890310786106035
495,0.0642,-6381.907692307692,29.55666666666667,35.02918287937743,111.65661478599222,927,61,2530.514810734491,534,51.24144310823312
496,0.0638,-5421.876923076923,25.160833333333333,31.864724245577523,112.95941727367325,865,68,3679.311732798512,534,79.308957952468
497,0.0635,-8252.076923076922,47.95583333333333,65.35480225988701,147.85875706214688,751,65,7664.682749373382,534,124.09511111111111
498,0.0631,-5888.584615384616,32.160833333333336,42.33042529989095,118.55725190839695,835,66,6549.818264650918,534,100.78296703296704
499,0.0628,-6184.692307692308,31.04083333333333,38.84552008238929,118.57260556127703,877,65,4842.00098887024,534,87.06406685236769
500,0.0624,-5825.892307692307,27.601666666666667,32.7724609375,103.9853515625,935,59,4030.118900982208,534,58.75067506750675
501,0.0621,-6275.2769230769245,33.181666666666665,37.111008325624425,110.472710453284,954,63,4735.5469070937215,535,41.60649819494585
502,0.0617,-6521.4,27.163333333333334,32.372815533980585,108.53980582524272,938,56,4253.383553543051,535,63.87967914438503
503,0.0614,-5245.923076923076,23.985833333333332,27.944761904761904,98.55142857142857,940,62,2230.333710421604,535,42.898916967509024
504,0.0611,-6009.384615384615,28.715,35.83572895277207,109.74948665297741,873,60,3701.420408817099,535,87.00900090009002
505,0.0607,-6515.046153846153,32.43,41.191222570532915,118.19331243469175,851,60,3932.3299108761244,535,63.863461538461536
506,0.0604,-8426.93846153846,54.74916666666667,71.82333696837513,154.54198473282443,755,69,9781.20631083292,535,129.06648697214735
507,0.06,-6711.107692307691,32.945,41.75418410041841,129.40062761506277,849,70,3006.4578965245487,535,98.67202859696157
508,0.0597,-5901.984615384616,28.4775,34.305335968379445,108.44268774703558,907,61,4139.801925704181,535,75.03284671532846
509,0.0594,-7187.676923076924,36.075,43.7300796812749,112.90139442231076,890,53,3231.123967130898,535,67.82878645343368
510,0.0591,-7300.507692307692,35.415,42.515810276679844,118.31521739130434,923,57,2920.8566131318908,535,73.19963702359347
511,0.0587,-7470.107692307692,35.3125,42.08023483365949,113.49608610567515,916,54,3581.273839878749,535,78.50930026572188
512,0.0584,-10076.83076923077,59.48083333333334,85.6284348864994,184.47072879330943,698,66,10465.381903450201,536,169.15185185185186
513,0.0581,-6917.784615384615,33.37583333333333,43.909287257019436,119.98488120950324,835,56,3696.505146968532,536,110.472710453284
514,0.0578,-6061.507692307692,27.355833333333333,33.58450704225352,100.4728370221328,890,52,4502.889481044634,538,50.48209366391185
515,0.0574,-6760.153846153847,30.8525,38.67109295199183,112.11235955056179,908,51,3361.090293778799,538,77.94707520891365
516,0.0571,-6776.492307692308,30.208333333333332,36.223748773307165,101.0883218842002,897,45,3285.642130741209,538,58.66852367688022
517,0.0568,-6642.784615384615,30.269166666666667,37.90143737166324,107.64271047227926,867,54,3615.2351842414364,538,51.04146576663452
518,0.0565,-6151.6461538461535,27.905833333333334,33.54384236453202,104.30147783251232,924,57,3696.480272835251,538,74.07123775601069
519,0.0562,-5699.138461538461,26.2875,31.129468599033817,104.39710144927537,939,61,2574.2432127285233,538,52.16415261756877
520,0.0559,-6894.16923076923,33.67666666666667,40.57297830374753,115.42011834319527,893,56,4200.6856358596815,538,63.00635208711434
521,0.0556,-7333.846153846154,32.83583333333333,39.20719844357976,112.91439688715953,928,54,2329.76056788341,538,80.67940920938314
522,0.0553,-5932.507692307692,29.5575,35.5182625863771,105.92201382033564,896,58,3342.675777890713,538,76.45527015057573
523,0.0549,-6749.5230769230775,29.085,34.12380038387716,105.3953934740883,927,52,6397.885443487238,538,68.20212765957447
524,0.0546,-5611.076923076924,28.053333333333335,34.75922131147541,105.12397540983606,893,60,4613.892895521212,538,74.7279411764706
525,0.0543,-6593.0615384615385,29.814166666666665,34.43696682464455,109.21800947867298,947,57,2161.915027867222,538,63.10678733031674
526,0.054,-6262.2307692307695,31.889166666666668,37.69156159068865,113.52570320077595,922,57,1314.5036169013981,538,70.77808219178083
527,0.0537,-8340.107692307694,38.284166666666664,47.05247225025227,119.49344096871846,885,47,4268.205767859703,539,98.71992818671454
528,0.0534,-8374.815384615385,40.18,50.89132706374086,141.4075235109718,829,62,2887.2620566470105,539,94.34495412844036
529,0.0531,-7604.476923076923,35.3125,42.43928923988154,112.66831194471865,904,51,6555.85769134453,539,79.03167420814479
530,0.0529,-5770.923076923078,26.145,32.51576805696846,98.16581892166836,881,51,3154.680612474219,539,48.96816479400749
531,0.0526,-7130.630769230769,35.020833333333336,43.64790174002047,113.14329580348004,852,54,4474.5923832603985,539,77.29918404351768
532,0.0523,-11065.63076923077,70.12583333333333,101.729794933655,190.35946924004824,672,62,10243.336350356609,539,193.41572052401747
533,0.052,-7203.2307692307695,33.54833333333333,40.44378698224852,107.08974358974359,923,48,2495.365749311578,539,64.56370302474794
534,0.0517,-8641.676923076922,43.204166666666666,52.60261569416499,137.4969818913481,863,60,5580.1332288138,539,126.41242450388266
535,0.0514,-6095.938461538461,29.995,36.61933534743203,114.16213494461229,882,60,6693.963897095935,539,84.76443629697525
536,0.0511,-6520.969230769231,37.4925,41.78860294117647,111.23529411764706,971,57,4295.291013331504,540,45.05420054200542
537,0.0508,-6682.6461538461535,31.274166666666666,36.347908745247146,102.05418250950571,948,47,5339.475022402332,540,59.588918677390524
538,0.0506,-7465.369230769231,36.4275,41.64573570759138,110.13870665417058,947,52,4104.737279356135,540,56.486583184257604
539,0.0503,-7317.892307692307,36.861666666666665,44.756,120.29,901,60,3860.4307688058993,540,71.3473491773309
540,0.05,-6953.123076923077,38.659166666666664,48.99164926931106,122.24530271398747,841,53,4159.545438331783,540,97.91423185673892
541,0.05,-6386.0,31.583333333333332,37.23961352657005,107.54879227053141,929,52,3556.1011832980034,540,52.950420954162766
542,0.05,-7488.446153846155,37.174166666666665,43.900096993210475,116.29970902036857,910,54,3738.8868685963976,540,74.40925589836661
543,0.05,-7090.476923076923,30.85333333333333,35.59604519774011,107.82391713747646,937,53,2647.4297157477995,540,48.0650406504065
544,0.05,-6788.123076923078,34.49583333333333,41.31200787401575,106.54035433070867,888,50,4218.587627069413,540,65.38656987295826
545,0.05,-6489.184615384616,29.714166666666667,35.34765625,104.732421875,905,56,3467.5049453140095,540,54.033488372093025
546,0.05,-8438.907692307692,42.06666666666667,50.932203389830505,122.60817547357927,890,51,6343.928747503334,540,77.37580794090489
547,0.05,-6977.138461538461,37.82333333333333,51.33183856502242,121.26121076233184,781,56,10279.229312387932,541,117.53980582524272
548,0.05,-6467.953846153845,33.509166666666665,41.37755102040816,113.94489795918368,889,62,4898.7608298433515,542,63.24785510009533
549,0.05,-7430.6461538461535,31.888333333333332,37.90715667311412,109.97872340425532,927,50,1970.3959884155222,542,72.76010544815466
550,0.05,-7587.8,36.791666666666664,44.50398406374502,116.51294820717132,903,52,2720.2007901465886,542,79.19283746556474
551,0.05,-7492.723076923077,38.6075,48.7601246105919,127.56490134994807,850,58,5891.61911688135,542,90.55430711610487
552,0.05,-9497.661538461536,49.1,63.28784648187633,143.01279317697228,779,55,8643.078700915808,542,109.16071428571429
553,0.05,-7457.830769230769,38.104166666666664,47.74276859504132,125.39359504132231,845,61,4243.158445233266,542,77.91379310344827
554,0.05,-7961.1076923076935,51.41583333333333,73.53983353151011,161.5600475624257,686,71,6475.4909323626025,542,133.75566037735848
555,0.05,-9604.553846153845,58.850833333333334,83.77541371158392,177.3321513002364,672,68,10660.215667705952,542,164.65774907749076
556,0.05,-9614.876923076925,54.74,78.01656804733727,170.8674556213018,697,65,9242.512312283914,542,147.86308973172987
557,0.05,-9554.861538461539,54.850833333333334,76.61458333333333,156.78703703703704,723,58,8963.695939057838,542,135.49860205032618
558,0.05,-8479.415384615384,48.15,63.52947598253275,138.882096069869,754,60,8913.294970070625,542,101.0677808727948
559,0.05,-8570.938461538462,51.3075,70.30979498861048,163.40660592255125,727,72,9421.224988613707,542,144.78307830783078
560,0.05,-8840.923076923078,48.1225,64.5111111111111,146.02333333333334,747,64,5232.37671774748,542,108.5114995400184
561,0.05,-8466.076923076922,51.52583333333333,66.76989247311828,151.21827956989247,783,66,6978.037704315036,542,115.20515097690941
562,0.05,-9645.969230769231,54.44916666666666,78.41387559808612,178.3133971291866,690,67,8106.5136503045915,542,182.26416819012798
563,0.05,-10667.384615384615,60.19583333333333,85.94424673784104,184.83155397390271,694,64,5328.96323581453,542,179.55457746478874
564,0.05,-9575.661538461538,53.674166666666665,71.15731573157316,165.91309130913092,744,68,10056.011376741659,542,148.1307072515667
565,0.05,-7715.8153846153855,40.98166666666667,51.167355371900825,133.06921487603304,827,63,11205.932964176303,543,93.13893967093236
566,0.05,-6812.784615384616,33.8725,41.1283851554664,116.02006018054162,863,61,3582.3630528486206,543,68.90377697841727
567,0.05,-9153.16923076923,46.1725,61.78381374722838,151.84035476718404,750,63,9457.927655097163,543,126.77994428969359
568,0.05,-9291.76923076923,52.975,68.33155080213903,152.52941176470588,790,61,12865.828852866523,543,134.5115864527629
569,0.05,-10236.646153846154,57.60333333333333,73.1390937829294,159.6059009483667,802,62,12461.405241793153,545,137.2560865644725
570,0.05,-9158.584615384614,52.6425,72.35119726339795,159.06955530216646,721,66,8296.546342915739,545,137.14203454894434
571,0.05,-8835.738461538462,49.39833333333333,62.234864300626306,157.14509394572025,803,68,7210.454862879043,545,128.79741379310346
572,0.05,-8722.707692307693,50.245,66.86549062844543,148.91951488423373,746,63,9094.937060759205,545,118.7732506643047
573,0.05,-9424.876923076923,56.3225,73.11111111111111,170.5393743257821,753,68,10898.645334808101,546,116.74953445065177
574,0.05,-9059.030769230769,49.038333333333334,66.43225083986562,147.97536394176933,779,60,6857.515020839269,546,134.42671614100186
575,0.05,-7309.984615384616,38.5575,48.00308959835221,138.264675592173,824,70,6352.139387092104,546,103.36106194690265
576,0.05,-10347.723076923077,56.700833333333335,75.20704845814979,164.66519823788545,769,59,8454.566552855516,546,121.68520263901979
577,0.05,-7778.215384615383,45.6425,58.83155650319829,133.09275053304904,785,61,4892.470967286808,546,102.73135669362084
578,0.05,-9553.507692307692,54.60166666666667,76.01273148148148,158.77199074074073,711,61,10880.427851540182,546,148.8785388127854
579,0.05,-7926.076923076924,40.446666666666665,54.503348214285715,126.63058035714286,802,53,6195.032778759437,546,103.6796875
580,0.05,-6236.815384615384,30.95916666666667,39.355718782791186,109.52570828961176,851,58,6868.709241414554,546,78.2213953488372
581,0.05,-8826.584615384614,52.36,70.2091212458287,143.74527252502781,745,64,9719.823200325158,547,113.6244087038789
582,0.05,-5623.323076923077,27.199166666666667,34.09062821833162,104.92893923789907,882,61,7563.209395378321,547,82.06545454545454
583,0.05,-5251.907692307692,26.663333333333334,31.86764705882353,99.44901960784314,907,63,2332.5176235619533,547,53.24412296564195
584,0.05,-5780.199999999999,29.195833333333333,37.035676810073454,113.73032528856244,852,66,8832.521282070811,547,75.27930402930403
585,0.05,-6484.276923076923,31.063333333333333,39.05072463768116,115.9679089026915,868,58,4091.880430217809,547,74.85296803652967
586,0.05,-9172.384615384617,50.218333333333334,65.0687432867884,141.08807733619764,806,54,9840.729000325917,548,116.66479400749064
587,0.05,-6800.1846153846145,31.044166666666666,38.15725806451613,116.0695564516129,894,59,3754.391311781857,548,104.91342756183745
588,0.05,-6227.169230769231,29.184166666666666,34.94025465230167,108.91674828599412,909,58,5648.077994976916,548,69.63097345132743
589,0.05,-5922.584615384616,27.831666666666667,34.319148936170215,102.21580547112463,891,54,2508.9983694845823,548,51.72303206997085
590,0.05,-6163.046153846153,28.371666666666666,35.43469387755102,103.78571428571429,896,51,1943.0162076363683,548,67.6577243293247
591,0.05,-4703.861538461539,20.385,23.73966165413534,79.95676691729324,971,47,3982.4010029095075,549,24.454119850187265
592,0.05,-6365.6461538461535,29.879166666666666,35.76470588235294,107.15588235294118,896,58,5439.360584416455,549,54.70874661857529
593,0.05,-6162.092307692308,28.954166666666666,35.62246963562753,116.52226720647774,895,64,5141.836728005273,549,83.58645276292336
594,0.05,-6772.923076923077,34.185,45.03470715835141,113.9240780911063,803,57,7234.007786426004,549,97.80408542246983
595,0.05,-7009.846153846152,32.73833333333334,41.993664202745514,121.12671594508976,834,60,5681.145174745103,549,94.0
596,0.05,-6300.184615384616,29.264166666666668,35.17374136229023,104.81934846989141,903,57,4406.252815868268,549,65.9675153643547
597,0.05,-5347.015384615384,25.275,29.84287099903007,100.37536372453928,933,63,6138.7975230317825,549,51.93012704174229
598,0.05,-5656.661538461538,26.184166666666666,31.362035225048924,104.94716242661448,932,62,2571.4604181811287,550,55.69715808170515
599,0.05,-5721.215384615385,28.73,34.43700787401575,105.19881889763779,931,59,2410.8331724931973,550,59.545126353790614
600,0.05,-6810.369230769231,32.74,38.77626459143969,108.87062256809338,916,55,5318.163553012855,550,76.049955396967
601,0.05,-6659.046153846153,32.585,39.579,111.634,892,60,4800.0257577149305,550,71.82549728752261
602,0.05,-6581.584615384615,36.6275,42.29724596391263,116.07312440645774,930,59,2550.814255124354,550,66.06519823788547
603,0.05,-6859.553846153846,39.93416666666667,48.473526473526476,118.94905094905094,888,58,3538.019824526273,550,57.18181818181818
604,0.05,-5957.338461538461,30.420833333333334,36.72222222222222,114.64583333333333,889,69,2951.076137858794,550,67.24239713774597
605,0.05,-5550.876923076923,34.61833333333333,40.85325558794946,111.85617103984451,909,62,3222.5721251248397,550,53.3084714548803
606,0.05,-7681.36923076923,46.123333333333335,55.51294820717131,133.31772908366534,856,61,7425.901405778883,550,77.39423076923077
607,0.05,-5275.323076923077,27.310833333333335,31.584045584045583,97.31718898385564,949,58,3913.276767135521,550,40.27862939585212
608,0.05,-7798.246153846154,51.660833333333336,61.06378802747792,135.8125613346418,835,69,10183.639157674375,550,84.78080985915493
609,0.05,-6952.569230769231,39.39083333333333,45.79369627507163,118.51289398280802,915,56,2908.440504787437,550,71.2564330079858
610,0.05,-5088.784615384615,36.55083333333334,43.41429970617042,109.58667972575905,883,65,8642.55562607284,551,61.064667291471416
611,0.05,-6648.076923076924,34.6275,41.4,120.37058823529412,908,61,5167.437919368819,551,86.57355516637477
612,0.05,-8712.23076923077,48.90833333333333,63.750809061488674,146.8101402373247,773,64,6133.3002441463495,551,113.66095890410959
613,0.05,-4983.076923076924,23.669166666666666,26.758333333333333,88.79537037037036,965,56,2953.3676383712423,551,27.342490842490843
614,0.05,-7542.56923076923,40.530833333333334,53.09415584415584,128.5909090909091,760,58,5678.659119371616,551,86.82704691812327
615,0.05,-4009.2615384615383,18.705,21.97134670487106,81.5396370582617,947,58,4177.3870114122055,551,31.23835616438356
616,0.05,-8885.184615384616,46.714166666666664,61.3442265795207,159.25381263616558,776,69,6501.836622105423,551,127.17953321364452
617,0.05,-5980.169230769231,27.861666666666668,34.14040404040404,110.8949494949495,859,67,3500.6216809579055,551,59.53333333333333
618,0.05,-6823.630769230768,33.79333333333334,41.989754098360656,116.14959016393442,851,60,4254.933593487783,551,57.22544434050514
619,0.05,-5814.446153846154,30.326666666666668,36.36614173228347,102.79625984251969,897,57,4249.428510257954,552,57.239814814814814
620,0.05,-5678.015384615385,28.739166666666666,34.985014985014985,103.91808191808192,887,59,5272.603537683209,552,46.58364661654135
621,0.05,-7597.784615384615,47.61416666666667,65.73738532110092,140.2144495412844,728,67,4777.246438635582,552,111.37830188679246
622,0.05,-5506.323076923076,29.660833333333333,35.120975609756094,106.40682926829268,899,62,3413.4920528286516,552,63.99376669634906
623,0.05,-6443.861538461539,35.538333333333334,41.81086323957323,115.1086323957323,917,59,4877.496412215205,552,47.607734806629836
624,0.05,-6770.738461538462,35.229166666666664,44.01846153846154,124.56307692307692,856,65,3234.5397896830186,552,87.10196779964222
625,0.05,-6895.369230769231,39.2675,45.413333333333334,124.27428571428571,929,57,5178.808935815982,552,71.46146953405018
626,0.05,-6614.369230769231,30.23,35.20892687559354,107.63627730294397,965,56,2290.204845988574,552,46.58001768346596
627,0.05,-5472.323076923077,27.38083333333333,31.5600756859035,102.76821192052981,933,66,3146.5830895595136,552,46.13498622589532
628,0.05,-6070.2307692307695,27.1775,31.75358166189112,100.9025787965616,932,52,5325.090569267066,552,53.237057220708444
629,0.05,-5778.753846153846,30.949166666666667,37.845463609172484,107.22033898305085,883,58,4762.126073052582,552,46.103219696969695
630,0.05,-6175.723076923077,37.093333333333334,45.81428571428572,120.40816326530613,871,62,4376.996878542939,553,81.79166666666667
631,0.05,-7715.923076923078,36.43083333333333,47.08191489361702,126.98510638297873,830,59,5566.339037866733,554,106.65193370165746
632,0.05,-6408.015384615384,27.525833333333335,34.0040404040404,113.36060606060606,880,60,4406.226956985537,554,59.382075471698116
633,0.05,-5660.16923076923,27.864166666666666,33.95995995995996,99.42142142142143,892,54,4768.731187767866,554,52.70175438596491
634,0.05,-6686.523076923077,31.739166666666666,37.43949661181026,110.27202323330107,932,56,6074.904010739934,554,86.0257320319432
635,0.05,-4587.430769230768,23.941666666666666,29.016932270916335,91.46613545816733,902,65,5795.941596073195,554,33.7619512195122
636,0.05,-5421.2,27.634166666666665,31.25836431226766,101.8903345724907,959,60,3807.693040520492,555,33.80683918669131
637,0.05,-10080.492307692308,61.6825,80.30387931034483,159.80495689655172,781,56,14614.59301189854,555,128.09107981220657
638,0.05,-9319.584615384614,56.005833333333335,76.92123287671232,162.7054794520548,726,64,8665.803799211772,555,158.08007279344858
639,0.05,-7723.892307692307,34.54833333333333,42.374374374374376,119.6076076076076,873,55,6639.233758735481,555,85.42869796279894
640,0.05,-6375.892307692307,36.51166666666666,43.008712487899324,116.15198451113262,906,58,3127.7665690526533,555,61.2020202020202
641,0.05,-6864.876923076923,40.685833333333335,46.01858736059479,113.17843866171003,949,51,3121.7538114392387,555,61.19068541300527
642,0.05,-6557.307692307693,34.446666666666665,40.57364341085271,118.35562015503876,920,60,5564.226162555537,555,60.65498652291105
643,0.05,-6549.123076923077,33.098333333333336,40.312,111.786,841,62,5644.317128118754,555,54.11545454545455
644,0.05,-6923.569230769232,47.805,59.348670756646214,130.5715746421268,846,58,3665.8364155264835,556,96.67596759675968
645,0.05,-6274.907692307693,31.559166666666666,40.732484076433124,112.0244161358811,850,56,6723.611020618625,556,96.51675977653632
646,0.05,-7404.323076923077,45.76083333333333,56.31707317073171,127.60162601626017,837,59,5375.146036755189,556,76.46666666666667
647,0.05,-5328.3538461538465,27.243333333333332,32.29337231968811,104.03898635477583,912,65,2927.7374962028885,556,43.478057889822594
648,0.05,-4702.507692307692,20.4625,23.560861423220974,84.74906367041199,989,53,2438.445700561483,557,24.111423220973784
649,0.05,-6838.276923076924,35.961666666666666,44.31440162271805,112.72515212981745,869,51,5516.035137246033,557,59.9395656279509
650,0.05,-5760.692307692307,27.554166666666667,32.84390243902439,103.99512195121952,925,57,3416.148071634584,557,56.24840182648402
651,0.05,-5800.107692307693,27.175,31.686781609195403,101.0536398467433,931,60,2843.500376401395,557,44.16728280961183
652,0.05,-5680.784615384616,26.520833333333332,30.961759082217974,94.02103250478011,934,51,3102.533940241996,557,36.263888888888886
653,0.05,-6505.215384615384,34.505,42.32897384305835,107.04124748490946,892,52,5890.136017522987,557,62.92616226071103
654,0.05,-6285.184615384615,36.031666666666666,42.4280193236715,105.72367149758455,899,50,5615.139420094496,557,54.65909090909091
655,0.05,-6832.507692307692,34.901666666666664,42.66433566433567,108.14185814185814,878,50,2678.237444147794,557,63.40018231540565
656,0.05,-5411.553846153846,25.52166666666667,30.676499508357914,96.68043264503441,923,52,3581.3177785257153,557,44.946983546617915
657,0.05,-6892.446153846153,31.6075,37.99014778325123,113.45418719211823,867,58,3874.37908169843,557,76.40213523131672
658,0.05,-6861.107692307692,33.11416666666667,40.667667667667665,110.08508508508508,894,50,1859.7204042262597,557,45.719348659003835
659,0.05,-10692.969230769231,61.884166666666665,87.0514619883041,181.9216374269006,714,66,9486.609189373283,557,192.77837354781053
660,0.05,-11101.307692307691,59.54083333333333,78.45514223194748,169.9835886214442,760,60,12093.004206903594,557,163.24242424242425
661,0.05,-8663.138461538461,51.270833333333336,63.57451181911613,136.68653648509763,806,57,7430.444780295437,557,99.20454545454545
662,0.05,-7684.5230769230775,40.46666666666667,50.849428868120455,134.2170301142264,841,61,3800.899464526523,557,115.44811753902663
663,0.05,-10935.646153846152,64.2725,87.05849268841395,176.91788526434195,731,61,13151.163949294474,557,153.95814781834372
664,0.05,-6743.676923076922,34.03333333333333,40.08746355685131,117.48299319727892,892,62,3868.96324640805,558,61.60600706713781
665,0.05,-8779.399999999998,55.079166666666666,71.57650862068965,139.86853448275863,753,58,6218.0748626451505,558,105.59750667853963
666,0.05,-7114.3538461538465,38.96,47.575727181544636,117.53861584754263,878,52,1911.9024695053404,558,77.65782250686185
667,0.05,-6630.107692307692,33.50416666666667,40.84,108.23,879,54,3216.9649263992983,558,64.77194570135747
668,0.05,-9175.107692307693,52.84,67.50951374207189,144.6923890063425,798,57,3043.6467947502024,558,113.14117647058823
669,0.05,-8886.784615384615,50.87,67.47697368421052,147.63815789473685,758,64,6569.415513887832,559,121.87015329125339
670,0.05,-7772.692307692307,46.06166666666667,58.378406708595385,131.0733752620545,788,60,2996.322352710113,559,91.74184782608695
671,0.05,-6118.8153846153855,29.078333333333333,35.73869346733668,101.02914572864321,892,55,3276.0153721806305,559,42.606463878327
672,0.05,-8388.93846153846,49.25833333333333,62.20798319327731,138.45483193277312,794,66,5542.341810214602,559,109.90328305235137
673,0.05,-7523.384615384615,41.020833333333336,51.73076923076923,121.55197505197505,866,55,1834.4240775850665,559,85.83103764921947
674,0.05,-6812.753846153846,37.04666666666667,46.16632443531827,112.74229979466119,865,54,5548.654606757329,559,71.82600382409179
675,0.05,-7964.507692307692,49.94166666666667,61.89435897435897,130.2625641025641,822,54,6980.900001918551,560,79.66906474820144
676,0.05,-4264.3076923076915,21.429166666666667,25.778103616813294,82.35972629521017,915,55,1483.1808434396464,560,25.801356589147286
677,0.05,-6546.43076923077,28.895833333333332,33.998097050428164,97.5965746907707,925,47,1813.7734363101524,560,42.70667870036101
678,0.05,-7906.615384615385,41.6925,51.959917780061666,126.94552929085303,846,54,3840.2420945776025,560,78.91689750692521
679,0.05,-3677.415384615385,19.75,22.425255338904364,80.4828226555246,990,65,1070.2412255545,560,22.56731662024141
680,0.05,-6728.846153846152,33.13,38.717287488061125,104.94173829990449,929,56,1543.0388351925917,560,49.26787330316742
681,0.05,-8296.646153846155,51.19916666666666,66.93621621621621,145.65513513513514,802,58,6515.247779557923,560,106.44052044609666
682,0.05,-8539.215384615385,46.57666666666667,62.27654867256637,134.51106194690266,758,57,8132.755707362641,560,89.7492795389049
683,0.05,-7842.692307692307,40.401666666666664,48.42702169625247,113.77514792899409,886,51,4555.957996438607,560,93.79130434782608
684,0.05,-8865.723076923077,49.66166666666667,63.19072708113804,129.84615384615384,786,53,13049.895384495643,560,95.32191163210099
685,0.05,-7596.538461538462,36.358333333333334,43.717092337917485,113.26031434184677,910,47,2030.169919222157,560,74.02434625788999
686,0.05,-10750.938461538462,54.986666666666665,71.01495726495726,153.69551282051282,780,55,5853.5118467892435,560,146.53568281938325
687,0.05,-6882.292307692307,35.11416666666667,43.38663967611336,111.40991902834008,882,50,3698.7336818787007,561,59.30747663551402
688,0.05,-7328.276923076923,37.29,46.22120285423038,124.55351681957187,871,60,2949.8384839755745,561,80.62522851919562
689,0.05,-6708.6923076923085,34.458333333333336,41.9427135678392,113.11557788944724,895,57,5725.7828079205365,561,63.827876520112255
690,0.05,-6544.953846153847,34.4425,41.0772238514174,113.08015640273705,901,57,2454.457883286985,561,70.35682426404996
691,0.05,-5269.338461538462,36.564166666666665,41.66011235955056,95.11704119850187,931,47,6546.239866538922,562,52.33946642134315
692,0.05,-8566.4,42.755833333333335,50.708454810495624,118.354713313897,918,43,3432.1353417396704,562,78.60622222222223
693,0.05,-9313.646153846154,59.089166666666664,83.08644859813084,163.51869158878506,704,62,9864.61959210989,562,145.1409574468085
694,0.05,-5615.923076923078,38.6325,45.37076476282672,106.1839303000968,901,55,2107.4383649336974,562,60.59708295350957
695,0.05,-6646.107692307693,37.1575,43.970986460348165,107.43713733075435,913,46,3792.3239093893803,562,54.68996415770609
696,0.05,-7530.630769230769,36.00416666666667,42.745861733203505,102.39240506329114,916,45,2439.453566253405,562,54.36856368563686
697,0.05,-7044.784615384615,37.37583333333333,43.36432637571158,112.56451612903226,929,50,3099.8480784160624,562,70.16230838593327
698,0.05,-6264.56923076923,29.220833333333335,34.557377049180324,96.24590163934427,930,47,4122.114281144645,563,42.73453853472883
699,0.05,-7318.569230769231,43.0775,54.03405572755418,123.80598555211559,836,55,6429.827682866397,563,82.75763182238668
700,0.05,-6071.630769230769,31.919166666666666,37.29647283126788,102.26024785510009,923,55,3853.3753292017236,563,48.50460405156538
701,0.05,-6150.984615384615,29.285,34.60077519379845,98.82461240310077,941,52,4322.348471481778,563,56.851485148514854
702,0.05,-7779.1846153846145,38.255,46.19009900990099,112.83069306930693,892,47,4402.52578024471,563,76.72143531633617
703,0.05,-6256.4,31.8175,37.751953125,109.7099609375,918,64,4340.603165517551,563,58.470640569395016
704,0.05,-6197.323076923078,28.9,33.75403608736942,99.57929724596391,933,52,4102.708503145024,563,58.19928507596068
705,0.05,-7838.415384615385,33.3275,39.673469387755105,108.07871720116619,911,44,3558.2867347585416,564,51.45781990521327
706,0.05,-6521.507692307692,32.56,38.02488038277512,110.06411483253588,928,59,2935.603124494454,564,74.36607142857143
707,0.05,-6956.030769230769,33.77,41.80628803245436,110.5841784989858,873,56,6874.0439342532045,564,71.80366972477064
708,0.05,-5775.138461538461,27.945833333333333,33.12997090203686,98.49660523763336,918,55,4431.826872033832,564,46.34849863512284
709,0.05,-6303.446153846155,29.77,34.81220209723546,99.89037178265015,925,57,3060.3816835278367,564,60.186832740213525
710,0.05,-6535.9384615384615,33.990833333333335,41.186878727634195,112.35785288270378,914,59,6712.633379362281,565,70.03873873873874
711,0.05,-5507.753846153845,25.009166666666665,28.83521657250471,93.98587570621469,977,55,3687.355852520525,565,37.68584474885845
712,0.05,-6468.8153846153855,32.030833333333334,38.24242424242424,108.04007820136853,904,56,2720.928327091262,565,61.87627906976744
713,0.05,-5394.953846153847,23.51,27.24337121212121,94.98768939393939,946,61,5218.780829867947,566,41.69982078853047
714,0.05,-6446.0,26.935,30.78191985088537,101.3821062441752,967,56,3416.840986542505,566,51.08668453976765
715,0.05,-7324.476923076924,31.9425,38.2,109.90243902439025,932,51,2181.7307625009175,566,76.08244680851064
716,0.05,-7637.8,36.60583333333334,43.49951219512195,115.74439024390244,911,54,2820.721975327415,566,64.46697247706422
717,0.05,-6700.507692307693,31.23,39.94450261780105,108.55916230366492,837,54,7210.673172382813,566,65.11004784688996
718,0.05,-5914.846153846154,26.616666666666667,33.36745138178096,106.11463664278403,878,56,7743.921858059915,568,68.8921658986175
719,0.05,-5866.03076923077,25.76,31.117531831537708,91.7032321253673,918,49,2212.3013479735055,569,33.257088846880904
720,0.05,-4587.138461538461,22.614166666666666,25.88350419384902,81.6178937558248,969,55,3102.3337099358178,569,28.099090909090908
721,0.05,-5684.384615384615,24.223333333333333,28.984405458089668,94.27290448343079,925,58,4913.522670592358,569,38.38046511627907
722,0.05,-6049.538461538461,27.960833333333333,32.814531548757174,95.7906309751434,925,54,3826.7318617233864,569,37.06233062330623
723,0.05,-6737.538461538461,28.945,34.7360157016683,104.0765456329735,910,52,3222.1516862987373,569,60.89734188817599
724,0.05,-5660.323076923077,27.299166666666668,31.75119161105815,98.6320305052431,949,58,3052.4449112100224,570,40.473924977127176
725,0.05,-5731.184615384615,25.4725,31.35347432024169,98.64954682779457,902,58,4310.969638011101,570,63.92142188961646
726,0.05,-6021.938461538461,25.2825,29.93050193050193,97.79633204633204,934,54,3360.1398693152614,570,33.269990592662275
727,0.05,-5645.707692307692,25.246666666666666,29.63020329138432,106.87415295256534,945,65,4860.931394253165,570,42.2331797235023
728,0.05,-5392.7692307692305,24.87,29.49757986447241,94.83349467570184,927,59,3013.9617124722527,570,48.26853526220615
729,0.05,-6159.3538461538465,27.350833333333334,29.74777183600713,107.45008912655972,997,64,2901.3365475403234,570,39.262380538662036
730,0.05,-5715.83076923077,31.6325,38.4985014985015,113.60639360639361,890,68,2418.402909184085,570,61.403151065801666
731,0.05,-6395.261538461538,27.525,32.44711538461539,106.83173076923077,925,61,3513.407588253705,570,59.339059674502714
732,0.05,-7060.430769230769,33.09,39.3469387755102,114.26141885325559,915,55,3646.2162497421014,571,59.70238095238095
733,0.05,-6121.0,27.236666666666668,33.53474320241692,101.30715005035246,873,55,3799.1407970511555,571,55.343017806935336
734,0.05,-5671.323076923076,29.804166666666667,34.96518375241779,101.72050290135397,936,63,5389.90275938468,571,57.02917046490428
735,0.05,-5983.276923076924,26.24,29.54353803849679,98.0852428964253,974,57,2927.5255502491445,571,37.49294532627866
736,0.05,-5633.384615384615,25.741666666666667,30.320154291224686,100.80713596914175,929,60,3906.9009514320633,571,40.48852157943067
737,0.05,-4599.923076923077,21.2625,25.44034917555771,85.16100872938894,921,55,3244.649285005146,571,27.710158434296364
738,0.05,-6754.430769230769,34.52,43.461300309597526,115.87306501547988,880,55,5054.735088455378,571,63.96378830083565
739,0.05,-5523.6,25.450833333333332,30.15972894482091,99.24975798644724,941,59,4184.554810272898,571,61.872903795233896
740,0.05,-5495.292307692308,24.385833333333334,29.2746062992126,96.375,924,57,3814.723059216995,572,46.014925373134325
741,0.05,-5583.492307692308,25.7475,30.443907156673113,97.65183752417795,932,57,3113.3232390639128,572,47.38724168912848
742,0.05,-5522.676923076923,25.289166666666667,29.57442748091603,99.98759541984732,939,63,1982.6012712884074,572,52.247956403269754
743,0.05,-6853.492307692307,28.990833333333335,36.651546391752575,106.4,875,47,5589.668589811997,572,77.81642066420665
744,0.05,-6929.061538461538,29.696666666666665,36.12685827552032,108.37661050545094,900,53,4179.363326909134,573,75.57181571815718
745,0.05,-5491.692307692307,22.750833333333333,26.782692307692308,94.34903846153846,947,57,3334.9502495770903,573,35.33948339483395
746,0.05,-6232.538461538461,27.399166666666666,32.62984496124031,99.2577519379845,932,51,5173.826173179212,573,45.843835616438355
747,0.05,-6115.6,26.2825,31.19611650485437,103.29126213592232,927,57,3343.8118822114725,573,55.863392857142856
748,0.05,-6392.615384615385,28.273333333333333,34.00098328416912,103.41199606686332,919,53,4345.80525509937,573,60.314627414903406
749,0.05,-6867.307692307692,29.71,34.9721689059501,103.97600767754318,942,50,3692.842423484166,573,58.238523852385235
750,0.05,-6245.923076923078,30.065833333333334,37.07482305358948,105.89888776541962,887,59,3328.3668856068944,573,55.328884652049574
751,0.05,-5267.507692307692,23.081666666666667,26.325666973321066,88.88776448942042,1000,52,1685.5287259093545,573,29.0875
752,0.05,-6044.7692307692305,26.110833333333332,31.114674441205054,98.3488824101069,924,52,3593.3287659975567,573,35.397363465160076
753,0.05,-7050.738461538462,30.700833333333332,37.570149253731344,108.54228855721394,907,51,1674.505338011348,573,86.36307961504812
754,0.05,-6485.446153846155,26.594166666666666,33.57921810699588,107.83024691358025,887,55,2845.669787361689,573,60.00570884871551
755,0.05,-5315.861538461538,26.099166666666665,32.99791449426486,111.86339937434828,869,72,3861.5211523904627,573,95.76754785779399
756,0.05,-6698.707692307693,30.930833333333332,37.41526263627354,108.72646184340931,903,56,2872.9148957347384,573,61.009182736455465
757,0.05,-7167.446153846154,34.54333333333334,41.052529182879375,119.88715953307393,905,62,2076.7625473793228,573,55.338276181649675
758,0.05,-4777.338461538462,26.256666666666668,32.36585365853659,104.875,898,71,3131.7181800241146,573,60.179342723004694
759,0.05,-5169.415384615384,25.7975,30.514506769825918,96.04255319148936,938,64,6268.321122927844,573,43.83748845798707
760,0.05,-5953.538461538461,24.105833333333333,30.627714581178903,110.94622543950362,874,63,1827.8635439896573,573,68.17560073937153
761,0.05,-6405.569230769232,32.69916666666666,39.49454905847374,105.46580773042616,912,56,1959.078023535406,573,65.8862602365787
762,0.05,-4320.03076923077,27.54,31.419776119402986,94.4151119402985,956,64,1733.170575144967,573,33.079566003616634
763,0.05,-5652.476923076923,26.218333333333334,29.77570093457944,102.22803738317756,965,62,4243.110283359333,573,49.84375
764,0.05,-5969.7692307692305,27.76,32.47288296860133,101.46907706945765,945,56,1689.7912416043416,573,41.88419117647059
765,0.05,-5687.015384615384,23.971666666666668,27.20129270544783,96.96768236380424,965,57,2644.3519270924908,573,45.32766338406446
766,0.05,-6960.292307692307,31.605,38.62837162837163,112.05994005994006,889,57,4344.26050952767,573,76.88182632050135
767,0.05,-5595.107692307693,26.671666666666667,31.4,99.22512077294687,945,58,4127.631167002799,573,52.670631290027444
768,0.05,-6081.984615384616,27.9575,32.599236641221374,101.55343511450381,941,57,2683.012646909697,573,40.8098271155596
769,0.05,-6292.307692307692,30.57,35.08474576271186,105.05932203389831,953,58,2652.0325290637434,573,56.90480349344978
770,0.05,-6912.476923076922,29.301666666666666,34.036259541984734,103.4942748091603,942,50,6232.917453559114,573,56.33092224231465
771,0.05,-4896.4769230769225,20.715833333333332,23.408839779005525,90.10681399631676,995,59,2646.1498665114486,573,24.87753222836096
772,0.05,-7345.800000000001,32.333333333333336,37.8421052631579,114.6842105263158,932,54,2028.4892398548056,573,53.94249775381851
773,0.05,-6376.846153846154,36.41833333333334,42.44210526315789,106.33014354066985,925,51,2322.6806241761533,573,52.08663594470046
774,0.05,-5355.123076923077,24.221666666666668,28.581642512077295,98.44927536231884,935,64,3927.864904475436,573,52.63274336283186
775,0.05,-5141.676923076924,29.168333333333333,32.809963099631,96.5839483394834,969,55,1982.855676162427,573,34.18583256669733
776,0.05,-6398.3538461538465,26.850833333333334,31.46131805157593,105.23591212989494,949,56,3550.167991851022,573,53.48375451263538
777,0.05,-5420.707692307693,24.964166666666667,28.34354688950789,89.77623026926648,975,52,2220.7750613133367,573,30.068328716528164
778,0.05,-4254.830769230769,20.2575,23.647114474929044,83.09744560075686,955,57,4458.497818936426,573,24.783054003724395
779,0.05,-7094.0615384615385,32.303333333333335,38.99209486166008,110.14525691699605,898,57,3952.155943971014,573,78.29026548672566
780,0.05,-6604.723076923077,27.844166666666666,30.11873350923483,91.45294635004397,1031,47,2790.6261900217137,573,30.57080035180299
781,0.05,-6263.107692307693,28.3125,32.91428571428571,104.52761904761904,950,58,3875.8332118794547,573,59.56288478452067
782,0.05,-5706.938461538461,28.980833333333333,34.128031037827355,103.3113482056256,928,60,4698.607169315176,573,72.86395759717314
783,0.05,-6441.015384615384,27.11,31.486333647502356,96.48162111215834,959,48,3533.8824869803143,573,38.56565656565657
784,0.05,-6338.092307692308,28.890833333333333,35.192422731804584,116.14855433698904,908,66,1436.9783893999581,573,82.41718889883617
785,0.05,-6072.846153846152,28.025833333333335,31.564338235294116,99.22242647058823,961,55,2910.266083745685,573,37.161458333333336
786,0.05,-7253.046153846155,33.49333333333333,39.64631782945737,113.46996124031008,935,55,2409.320003578545,573,62.9637352674524
787,0.05,-5819.261538461538,25.215,29.745664739884393,99.69556840077071,943,55,5179.379757376119,573,36.83101207056639
788,0.05,-5908.523076923077,28.011666666666667,34.0406746031746,106.72718253968254,895,62,4208.987929651675,573,71.69118982742961
789,0.05,-5591.6923076923085,24.8125,30.614919354838708,103.40927419354838,903,59,3629.8551080072084,573,64.10830999066293
790,0.05,-3964.8153846153846,18.001666666666665,20.76293508936971,86.72906867356538,961,68,3062.1825091278456,573,24.76909090909091
791,0.05,-5948.323076923077,27.8975,32.088512241054616,105.83992467043315,965,64,1270.97501533378,573,61.98603839441536
792,0.05,-5868.969230769231,27.485,33.25870646766169,106.27363184079601,893,62,5158.86178332671,573,72.70026761819804
793,0.05,-6416.276923076923,27.3725,30.34954954954955,102.0954954954955,993,55,3459.3147641095334,573,35.05782918149466
794,0.05,-5411.692307692308,24.550833333333333,29.310679611650485,95.80970873786407,913,55,2546.081080277889,574,40.044263775971096
795,0.05,-6211.584615384617,28.658333333333335,33.98069498069498,105.83108108108108,919,59,1047.47474284753,574,67.46126760563381
796,0.05,-5745.630769230769,28.420833333333334,33.991133004926105,106.68768472906405,910,65,3164.0633677537026,574,54.85164835164835
797,0.05,-6846.66153846154,28.0375,32.053903345724905,110.96096654275092,951,60,2156.1132132458256,574,41.407111111111114
798,0.05,-6417.092307692307,32.111666666666665,40.107106076210094,117.49330587023687,871,64,2185.906879159149,574,100.21261261261262
799,0.05,-6549.430769230768,31.938333333333333,39.18743667679838,115.78419452887537,873,65,2407.3824699325846,574,103.69367764915405
800,0.05,-6424.984615384614,28.468333333333334,32.382462686567166,102.33115671641791,979,54,2189.8039900239855,574,66.79378774805868
801,0.05,-8624.66153846154,47.095,58.19285714285714,138.60714285714286,828,61,4411.3385740421,574,100.81608212147134
802,0.05,-7365.369230769231,41.2425,53.1545842217484,133.84434968017058,797,66,6991.737267607714,574,105.62034514078111
803,0.05,-6405.430769230768,32.7,41.47739221871714,124.59200841219769,851,69,2820.117791528719,574,90.2766355140187
804,0.05,-4177.123076923077,21.4775,24.367100371747213,82.8736059479554,955,62,1838.1777228663755,574,24.425276752767527
805,0.05,-6288.3538461538465,32.88583333333333,40.25050505050505,128.53232323232322,866,75,2184.887376654866,574,85.29040852575488
806,0.05,-5162.338461538462,23.3925,27.6937984496124,97.71317829457364,936,63,2479.7246576006655,574,38.93270142180095
807,0.05,-7616.615384615385,37.05166666666667,46.55797101449275,125.7463768115942,844,59,5134.411227888829,574,95.21389891696751
808,0.05,-7434.2307692307695,42.22,48.58278145695364,116.50331125827815,956,52,1548.4325873019138,574,70.63172043010752
809,0.05,-4605.446153846153,20.856666666666666,24.444444444444443,82.88888888888889,962,53,1736.0176674452264,574,26.83223992502343
810,0.05,-6409.169230769231,36.498333333333335,42.83060635226179,110.74590952839269,922,55,2447.7234093808065,574,58.47555555555556
811,0.05,-8408.184615384616,43.6125,50.60247855100096,121.09151572926596,926,50,2141.4257610107506,574,75.75569735642662
812,0.05,-6510.369230769231,30.658333333333335,36.777668952007836,101.9588638589618,918,54,2446.2017997877642,574,46.95789473684211
813,0.05,-7263.507692307692,34.11083333333333,41.08267716535433,109.7007874015748,908,52,1327.212512351766,574,57.76470588235294
814,0.05,-8294.323076923078,45.95666666666666,57.52995867768595,137.1301652892562,871,62,1700.725447050617,574,120.37601442741209
815,0.05,-5688.953846153847,30.4075,36.24950884086444,101.1188605108055,892,58,4301.7508538492475,574,45.68857142857143
816,0.05,-6972.753846153846,41.05083333333334,49.3573543928924,117.83316880552813,890,54,3972.139985395799,574,59.784774436090224
817,0.05,-5293.769230769231,28.801666666666666,34.80811078140455,99.54203758654798,890,63,4833.977907661459,574,45.820392890551915
818,0.05,-5957.83076923077,32.3075,37.98457087753134,108.40308582449373,924,65,1819.0429775690616,574,44.986175115207374
819,0.05,-7179.0615384615385,35.49666666666667,41.91949563530553,112.21629485935985,932,55,1660.9037609493032,574,71.76370170709794
820,0.05,-5589.661538461539,40.0225,49.75925925925926,133.00925925925927,846,75,2723.174484439007,574,96.23224043715847
821,0.05,-5691.615384615385,28.178333333333335,31.76709796672828,104.63308687615528,962,65,2739.168030389791,574,38.59947183098591
822,0.05,-5423.0,29.4025,34.726040658276865,104.39496611810262,915,63,1928.6526410033744,574,36.78119001919386
823,0.05,-5870.523076923077,36.891666666666666,45.79204892966361,116.30988786952089,860,60,4119.0043801948705,574,68.54369825206992
824,0.05,-5567.046153846153,28.44333333333333,34.74222668004012,100.67201604814443,895,59,4391.53754328201,574,50.59000942507069
825,0.05,-5620.307692307692,26.61,31.34648700673725,93.59865255052935,941,51,3134.3178295956345,574,42.99908003679853
826,0.05,-5154.969230769231,23.545,26.083560399636696,94.60853769300635,985,63,2530.8440547303007,574,34.1520572450805
827,0.05,-5988.630769230769,30.11916666666667,36.47808764940239,111.64641434262948,904,62,2335.4586317673175,574,69.41071428571429
828,0.05,-6750.661538461539,34.76583333333333,42.618712273641854,116.49396378269617,883,60,1924.1297698953983,574,101.74736842105263
829,0.05,-6222.692307692308,28.028333333333332,33.3469387755102,99.5131195335277,913,54,3520.210986208787,574,38.41025641025641
830,0.05,-6338.892307692308,35.19416666666667,41.92058823529412,124.50882352941177,900,65,1220.221834162855,574,68.63628158844766
831,0.05,-4930.738461538462,28.216666666666665,33.12669245647969,103.44487427466152,884,65,3210.51475485154,574,41.20018281535649
832,0.05,-6553.707692307693,32.6475,41.0258531540848,122.4746639089969,857,68,2932.6847574867943,574,97.1869918699187
833,0.05,-6572.569230769231,32.568333333333335,39.16897233201581,104.01679841897233,898,54,3303.8081597244145,574,65.81998199819982
834,0.05,-9614.800000000001,64.27083333333333,89.86178861788618,180.88385598141696,683,69,7643.731643301945,574,140.9320297951583
835,0.05,-8187.123076923077,47.071666666666665,57.57969543147208,140.48832487309645,829,66,8744.247111470104,574,97.52304964539007
836,0.05,-9626.092307692306,71.03583333333333,95.58212290502793,178.82346368715085,728,64,10176.688631539488,574,143.07437275985663
837,0.05,-7098.846153846154,41.865833333333335,52.123456790123456,127.4619341563786,817,68,3280.6600139752454,574,67.87630827783063
838,0.05,-6226.953846153846,31.634166666666665,40.0625,111.11458333333333,825,59,4368.914011495103,574,65.125
839,0.05,-9539.199999999999,49.415,64.60344827586206,142.26939655172413,780,55,2452.9751358486997,574,122.90467289719626
840,0.05,-8373.138461538461,45.0625,55.69317023445464,127.31090723751274,839,54,3319.9852691511965,574,71.56135531135531
841,0.05,-8385.338461538462,50.82083333333333,67.43846153846154,154.9901098901099,775,69,5256.939834438558,574,122.91304347826087
842,0.05,-6598.815384615385,27.210833333333333,31.787677725118485,100.93364928909952,932,54,2084.2847464341553,575,49.277678571428574
843,0.05,-3955.96923076923,27.666666666666668,31.251162790697673,84.37674418604651,963,55,4292.708330509095,576,31.408502772643253
844,0.05,-8068.723076923078,53.46083333333333,66.83298755186722,140.0363070539419,796,64,4081.1993248186523,576,93.65961361545538
845,0.05,-6486.861538461539,34.51833333333333,41.078585461689585,113.42927308447938,919,58,5704.303225769456,576,66.3961038961039
846,0.05,-7221.969230769231,36.44833333333333,44.07050645481629,114.83416087388282,896,53,2011.9552890156879,576,70.42129208371247
847,0.05,-9022.6,51.5625,66.44978632478633,156.63782051282053,782,67,6756.230261928007,576,116.05636363636364
848,0.05,-6810.923076923077,37.1575,46.72274143302181,119.54413291796469,857,59,5295.27972388866,576,96.28741965105601
849,0.05,-7691.3538461538465,37.50083333333333,44.345631067961165,111.94174757281553,913,48,3238.409426107309,577,73.63412489006157
850,0.05,-7267.799999999999,40.80166666666667,49.502497502497505,125.63136863136863,883,57,4949.408962729979,577,98.63841298467088
851,0.05,-5138.076923076923,21.393333333333334,25.053926206244086,84.68401135288552,952,45,2237.2370535897185,577,27.303171641791046
852,0.05,-4009.153846153846,19.464166666666667,22.216619981325863,77.58916900093371,1007,53,3524.4618960085245,577,22.867413632119515
853,0.05,-6457.369230769231,28.075,32.027803521779425,98.57275254865617,983,51,2019.640783371151,577,38.65075154730327
854,0.05,-8097.584615384617,40.31166666666667,50.14943705220061,123.22824974411463,829,54,8688.971231366851,577,82.87793851717902
855,0.05,-6443.723076923077,31.5575,36.04131455399061,110.89671361502347,967,60,2288.9023474748938,577,58.07155635062612
856,0.05,-6785.723076923077,35.08,44.41787941787942,118.07172557172557,861,58,2746.7592949982845,577,68.49482596425212
857,0.05,-5776.153846153846,27.145,31.151910531220874,98.91146318732525,963,55,2933.068546987559,578,32.70363466915191
858,0.05,-8575.507692307694,52.468333333333334,69.1879781420765,143.41420765027323,769,61,8344.153562135596,580,119.09182736455463
859,0.05,-7552.0615384615385,35.305,40.92373689227836,116.21448999046711,937,55,2347.941354360663,580,59.48298068077277
860,0.05,-7084.276923076922,34.36,38.731192660550455,101.65779816513762,970,46,5355.500058434307,580,41.45175834084761
861,0.05,-10001.569230769232,52.35916666666667,67.98708288482239,157.26157158234662,799,62,11287.62294681675,580,146.3987108655617
862,0.05,-6819.076923076923,30.173333333333332,36.0625,110.3525390625,922,55,3182.7221612026487,580,57.6037037037037
863,0.05,-6315.969230769231,28.720833333333335,32.961753731343286,94.33768656716418,954,41,2037.121653655433,580,39.33697632058288
864,0.05,-6583.907692307691,32.9475,37.2773654916512,100.10204081632654,968,45,3835.7669152952913,580,44.79801623083859
865,0.05,-3499.276923076923,26.616666666666667,31.24259789875836,77.59216809933142,954,42,4284.168287246424,580,39.49109653233364
866,0.05,-7903.06153846154,39.47416666666667,47.098922624877574,118.07051909892263,916,51,3674.457466344602,580,77.046875
867,0.05,-7133.723076923077,36.6025,42.63167938931298,109.48282442748092,936,49,1604.4898938004221,580,59.24223602484472
868,0.05,-6793.830769230769,29.055833333333332,33.847457627118644,97.06873822975518,949,43,3593.2135504791568,580,41.81760435571688
869,0.05,-7481.630769230769,33.225833333333334,38.1750936329588,107.72378277153558,957,50,2584.3585279170848,580,64.45446507515473
870,0.05,-7639.676923076923,43.225,54.68025078369906,124.82445141065831,800,55,4205.463428310626,580,80.63644688644689
871,0.05,-5858.600000000001,27.174166666666668,31.499529633113827,100.1420507996237,942,52,2054.5053458158845,580,42.82
872,0.05,-4975.292307692308,40.3925,47.55888030888031,98.94980694980696,947,47,1926.5764239581906,580,74.46365248226951
873,0.05,-7290.476923076923,34.465,39.010223048327134,112.39219330855019,959,52,2533.035572445271,580,66.53852813852814
874,0.05,-4000.9384615384615,35.34,43.27704752275025,95.56926188068756,888,59,4916.722722721706,581,56.72380952380952
875,0.05,-5630.984615384616,28.635,32.534386617100374,90.52323420074349,960,47,5790.232319275207,582,35.04275092936803
876,0.05,-6203.323076923076,35.5075,40.78693181818182,106.39015151515152,926,50,4520.143821105588,582,47.18539325842696
877,0.05,-6301.276923076923,35.87166666666667,41.57483317445186,112.0838894184938,927,56,6616.004994735723,582,68.67208672086721
878,0.05,-8022.138461538462,36.844166666666666,44.666666666666664,117.23084577114427,896,48,2044.046875074137,582,83.9
879,0.05,-6358.8,31.258333333333333,37.64920948616601,108.19861660079052,908,54,2510.8421789180165,582,60.396103896103895
880,0.05,-5209.015384615384,46.166666666666664,55.55677290836653,105.20816733067728,825,58,5129.784797120065,582,87.29020332717191
881,0.05,-4921.507692307692,23.368333333333332,27.228353948620363,88.41198858230257,955,52,3316.8566418604596,582,28.106261859582542
882,0.05,-6468.461538461539,47.79416666666667,56.1399416909621,116.49368318756073,882,57,1799.0299165646366,582,72.2954954954955
883,0.05,-7842.076923076922,55.6825,68.8870636550308,150.21560574948666,787,66,10758.885419830043,582,110.29642857142858
884,0.05,-6206.046153846155,30.835833333333333,35.46082089552239,100.00559701492537,949,45,2173.725876820374,582,44.09074889867841
885,0.05,-7235.7692307692305,37.25,44.1810261374637,106.95546950629235,923,39,2992.7150681634866,582,44.61206896551724
886,0.05,-7854.569230769231,39.16166666666667,47.3894422310757,122.68625498007968,849,57,5827.135036119431,582,75.8746642793196
887,0.05,-5566.553846153845,25.141666666666666,28.913938260056128,87.56969130028064,952,43,2731.855685459111,582,29.845581395348837
888,0.05,-7130.676923076922,31.766666666666666,36.48826291079812,100.26854460093897,948,42,5813.012286961328,582,56.567934782608695
889,0.05,-8882.0,50.88333333333333,65.27830687830688,153.0814814814815,774,64,4936.702722420788,582,102.84057971014492
890,0.05,-7059.138461538463,32.29833333333333,39.39622641509434,108.70506454816287,900,45,3177.89629778924,582,46.27502429543246
891,0.05,-6689.292307692309,29.330833333333334,34.107109004739335,100.21611374407583,954,45,2417.0142921308,582,47.58226691042047
892,0.05,-8362.907692307692,39.52583333333333,46.97278911564626,123.79203109815354,906,52,1703.317146644582,582,77.94154676258992
893,0.05,-6631.338461538461,30.999166666666667,38.798974358974355,107.24512820512821,889,48,2373.6926198009032,582,70.83160865475071
894,0.05,-6553.338461538462,30.61,36.27431906614786,104.83657587548637,908,52,4113.083648089856,583,65.23315118397086
895,0.05,-6627.523076923078,31.060833333333335,35.68504672897196,102.36915887850468,939,51,1112.2507572048605,583,43.22714932126697
896,0.05,-5289.784615384615,23.82,27.925784966698384,92.04757373929591,956,52,3031.764623248671,583,42.52598566308244
897,0.05,-6869.938461538461,27.551666666666666,33.87025948103793,104.88922155688623,904,47,3567.2383264613504,583,49.855126999059266
898,0.05,-8032.353846153845,55.21083333333333,71.35875402792696,139.89795918367346,791,66,11400.611534653948,583,109.91658767772512
899,0.05,-6262.261538461538,30.079166666666666,35.78501945525292,100.6556420233463,914,54,1886.0088980467158,583,60.08135283363803
