episode,epsilon,total_reward,avg_queue,avg_wait_s,avg_travel_s,throughput,switches,td_loss,q_table_states,avg_delay_s,traffic_seed
0,1.0,-9572.2,84.29,78.92483660130719,136.27859477124184,1186,82,nan,,103.40120663650076,349
1,0.9945,-9204.415384615386,89.23,83.54559873116574,145.49088025376685,1236,83,nan,,123.36938925680647,690
2,0.989,-7822.784615384615,64.29416666666667,57.70052277819268,114.9111277072442,1328,84,nan,,61.69828230022405,413
3,0.9835,-9609.553846153845,100.25,103.05923344947735,159.55400696864112,1035,84,0.20362833326169916,,117.6519790888723,889
4,0.9781,-6054.9384615384615,48.95333333333333,45.28407350689127,93.07427258805512,1243,81,0.21037943973256526,,50.05636896046852,348
5,0.9726,-12417.384615384617,118.24083333333333,111.5601593625498,172.5577689243028,1079,74,0.10962157315470085,,146.072939460248,776
6,0.9673,-8279.861538461539,70.5325,61.64368650217707,120.33526850507982,1280,80,0.011509368347521715,,71.15101156069365,104
7,0.9619,-8289.123076923075,66.3225,62.30569105691057,118.70325203252033,1232,79,0.01125163080683982,,86.46988906497623,488
8,0.9566,-9993.107692307693,85.40833333333333,74.68174846625767,136.92407975460122,1337,84,0.004350783407686709,,92.6506199854121,278
9,0.9513,-8736.16923076923,79.4775,75.43794466403162,136.08300395256916,1170,81,0.008555499375205357,,100.69588414634147,180
10,0.946,-8095.892307692307,61.35333333333333,53.69242089771891,109.2214863870493,1298,77,0.005221885783157966,,60.741721854304636,851
11,0.9408,-7407.400000000001,67.58666666666667,60.91112770724421,117.4839432412248,1275,86,0.005878299070797671,,72.5175504107543,726
12,0.9356,-6560.492307692308,50.303333333333335,44.504464285714285,96.34151785714286,1308,82,0.005666344572079418,,45.610619469026545,687
13,0.9304,-11341.369230769229,104.21,84.43718592964824,149.42498205312276,1296,75,0.005837527525765777,,144.90864371047084,778
14,0.9253,-7012.738461538462,55.46333333333333,47.59303977272727,99.09730113636364,1386,84,0.00659182156004279,,48.186524822695034,319
15,0.9202,-6328.96923076923,49.9675,43.972673559822745,94.11447562776956,1292,80,0.006949879144435936,,46.63589364844904,571
16,0.9151,-5977.799999999999,41.196666666666665,34.46744696415509,80.49378200438917,1328,79,0.007765400686630063,,34.59692757863936,639
17,0.91,-7502.953846153847,69.22166666666666,60.24750192159877,117.57647963105303,1299,84,0.007076499370594863,,74.32838038632987,78
18,0.905,-5440.800000000001,44.876666666666665,39.813813813813816,87.61336336336336,1240,86,0.008532630512579756,,40.86601796407186,83
19,0.9,-5516.076923076922,42.695,37.27777777777778,84.95795795795796,1305,84,0.008075820736192759,,37.411411411411414,875
20,0.895,-7880.323076923078,61.74666666666667,53.77818181818182,108.00218181818182,1323,80,0.00926762438354204,,54.568,299
21,0.89,-5862.107692307693,43.53,37.61841128433556,86.4083147735709,1319,84,0.008667624875118247,,37.71566443949517,417
22,0.8851,-7814.646153846153,63.85583333333334,55.44179320318149,111.34634851771511,1341,82,0.009179350046546231,,55.82574114244396,479
23,0.8802,-5472.599999999999,39.72666666666667,35.792325056433405,82.86982693754703,1280,83,0.009238619219671632,,35.896162528216706,533
24,0.8753,-6084.307692307693,50.68083333333333,42.98609077598829,95.60834553440702,1341,84,0.01067764771247457,,46.019033674963396,464
25,0.8705,-7054.015384615384,54.2125,46.17130307467057,97.19033674963397,1340,83,0.01047860697708329,,46.3696925329429,136
26,0.8657,-8017.369230769231,74.92333333333333,68.55713218820014,123.62733383121733,1247,83,0.010929199613674527,,82.3432944606414,849
27,0.8609,-5965.523076923077,43.035833333333336,36.127750177430805,84.58836053938964,1387,80,0.011414167259448665,,36.23917672107878,503
28,0.8561,-5517.523076923077,40.76416666666667,36.594614809274496,84.56320119670904,1322,81,0.011718482904994304,,36.67464472700075,442
29,0.8514,-8531.2,68.61416666666666,58.875917767988255,115.40528634361233,1353,84,0.011750028059797468,,59.87738619676946,219
30,0.8467,-4771.753846153846,32.026666666666664,27.907600596125185,73.40163934426229,1353,82,0.011641465520878896,,28.008935219657484,601
31,0.842,-5252.799999999999,40.51583333333333,33.73567335243553,78.36604584527221,1311,80,0.011787739892663966,,34.16189111747851,518
32,0.8373,-6424.615384615385,50.60916666666667,42.48981026001405,92.65917076598735,1359,83,0.012134587119476372,,43.46661981728742,716
33,0.8327,-5866.784615384616,48.016666666666666,40.26694329183956,90.71092669432919,1377,84,0.01244742722681545,,41.60442600276625,85
34,0.8281,-6578.400000000001,54.92583333333334,49.06966292134832,104.20149812734083,1308,81,0.01206810624465401,,51.087443946188344,570
35,0.8235,-8086.0615384615385,58.015,51.07094339622642,105.4588679245283,1363,78,0.012871878963537526,,52.68377358490566,377
36,0.819,-6371.507692307692,49.516666666666666,44.77880184331797,93.3394777265745,1261,80,0.012802258681451016,,46.086661642803314,615
37,0.8144,-4610.492307692308,32.25,29.168195718654435,74.44495412844037,1285,78,0.012350525243664442,,29.279051987767584,273
38,0.8099,-6070.907692307693,48.013333333333335,41.42466765140325,92.11816838995568,1358,84,0.012475007514497982,,42.3448275862069,471
39,0.8054,-6459.738461538461,47.723333333333336,41.42784992784993,90.8932178932179,1339,81,0.011957721090342084,,41.53174603174603,213
40,0.801,-4982.138461538461,33.83166666666666,29.95402298850575,75.60689655172413,1298,82,0.0131331816936524,,30.041379310344826,70
41,0.7966,-5577.753846153846,42.75416666666667,36.24352694191742,83.79076277116864,1360,78,0.012982018595943908,,36.27108013937282,774
42,0.7922,-4666.03076923077,33.5825,29.432134996331623,75.22964049889949,1332,79,0.01265205145942573,,29.771093176815846,271
43,0.7878,-4522.83076923077,31.913333333333334,27.81580909768829,73.46159582401194,1323,82,0.012328998767421427,,27.938105891126025,34
44,0.7834,-6950.8,56.43333333333333,48.368045649072755,101.89728958630528,1379,83,0.0126071500858635,,50.27104136947218,433
45,0.7791,-5937.892307692307,49.638333333333335,43.15985663082437,91.98924731182795,1371,82,0.012395801965106623,,44.79461756373938,328
46,0.7748,-6751.630769230769,52.2325,43.30386740331492,93.20303867403315,1416,81,0.012590096608646602,,44.22222222222222,769
47,0.7705,-6231.0,45.556666666666665,39.07016300496102,88.07087172218284,1386,82,0.013093729735658288,,39.18781006378455,842
48,0.7662,-6288.323076923078,50.00666666666667,41.77153024911032,91.16370106761566,1371,82,0.013269983471545144,,41.97083926031294,826
49,0.762,-4835.369230769231,33.8025,29.61841128433556,76.21603563474387,1341,82,0.013353101846524574,,29.72234595397179,403
50,0.7578,-5269.523076923077,46.12916666666667,40.586102719033235,88.49395770392749,1308,81,0.013070014841279533,,41.27643504531722,295
51,0.7536,-6692.676923076922,52.946666666666665,44.93120926864591,95.17378711078928,1358,84,0.01364139626465771,,45.094858797972485,895
52,0.7494,-4995.907692307692,36.465833333333336,32.32571849668386,78.7295504789978,1321,81,0.013664552738954302,,32.42962417096536,645
53,0.7453,-5836.0615384615385,49.486666666666665,43.77153284671533,93.6007299270073,1320,85,0.013166426681647435,,44.044525547445254,751
54,0.7411,-4953.323076923078,42.30916666666667,36.62652329749104,83.5921146953405,1350,84,0.01300672347596384,,38.74840538625089,617
55,0.737,-5195.630769230769,36.44583333333333,31.91865671641791,77.84328358208955,1312,80,0.012934931789204844,,32.016417910447764,261
56,0.733,-4559.0,33.11333333333334,28.368727272727273,74.032,1350,81,0.012890861423376337,,28.480727272727272,46
57,0.7289,-6678.384615384616,53.73583333333333,47.04312267657993,96.31152416356878,1268,82,0.013177783509111493,,47.54309063893017,775
58,0.7249,-4450.584615384616,32.108333333333334,29.520400307929176,74.38491147036181,1290,80,0.013420158252479532,,29.61662817551963,208
59,0.7209,-5412.661538461538,38.9025,32.769614835948644,79.81098430813124,1392,82,0.013719618996185479,,32.847469707769065,694
60,0.7169,-5600.630769230769,42.585,36.788912579957355,83.38592750533049,1348,80,0.013520435688875516,,37.28287135749822,253
61,0.7129,-5668.553846153846,41.3525,36.242490842490845,83.23296703296704,1349,82,0.013477913069753532,,36.35164835164835,806
62,0.709,-3893.1538461538466,27.083333333333332,25.006344171292625,69.14195083267248,1252,82,0.01359930364562408,,25.081681205392545,837
63,0.705,-4912.538461538461,40.7425,36.38709677419355,82.74268567141786,1329,81,0.013308124071004769,,37.77677902621723,896
64,0.7011,-5106.953846153846,35.46083333333333,30.49187592319055,77.28729689807976,1358,83,0.013356170978724305,,30.598227474150665,558
65,0.6973,-3941.1384615384623,28.64,25.02738712065137,70.06883789785344,1340,83,0.013795507350045085,,25.1539600296077,670
66,0.6934,-5979.523076923077,42.06333333333333,34.378321678321676,82.92587412587413,1452,80,0.013161160327969112,,34.48811188811189,318
67,0.6896,-4316.876923076923,31.91,27.859134262655907,72.23991195891416,1353,81,0.013598901478298828,,27.962609970674485,728
68,0.6858,-5271.323076923077,37.19166666666667,30.947960618846693,76.84317862165963,1386,78,0.013027422852769348,,31.074542897327706,552
69,0.682,-7288.2307692307695,57.3525,49.65415162454874,100.59061371841155,1359,83,0.013721169976249602,,49.8364418938307,452
70,0.6782,-6521.323076923078,48.30166666666667,41.5199146514936,91.28165007112375,1381,82,0.0147242363462559,,41.60440340909091,668
71,0.6744,-4986.692307692307,41.33083333333333,35.454481298518,81.15949188426252,1380,81,0.014554832996157948,,35.59491884262526,89
72,0.6707,-4502.815384615385,34.57333333333333,29.709388971684053,73.08420268256334,1295,84,0.014432702978697415,,29.78125,581
73,0.667,-5087.753846153846,36.85333333333333,31.811764705882354,78.32941176470588,1331,79,0.014092494124206219,,31.88905216752388,557
74,0.6633,-5293.953846153846,38.24,32.45481049562682,79.75145772594752,1377,82,0.014879356203644771,,32.53241077931537,93
75,0.6596,-4330.3538461538465,30.585833333333333,27.46849518161601,72.30985915492958,1327,80,0.014733209588705392,,27.527757216876388,3
76,0.656,-6735.446153846154,47.09916666666667,38.52037845705968,85.38791848617176,1397,81,0.014639495801431974,,38.74017467248908,217
77,0.6524,-5054.584615384616,37.04833333333333,32.40248356464573,79.06062819576333,1345,78,0.01523852845917267,,32.58217677136596,149
78,0.6487,-3963.1846153846154,27.7075,24.27123695976155,69.31520119225037,1368,80,0.015103786285915606,,24.394187779433683,447
79,0.6452,-5024.538461538462,35.48416666666667,29.853314527503525,76.17842031029619,1404,77,0.014800785173211749,,29.988716502115654,811
80,0.6416,-5633.0,46.9575,43.18493150684932,91.76331811263319,1282,82,0.014515699997860221,,46.10436713545522,327
81,0.638,-4419.015384615384,31.971666666666668,27.38279569892473,73.41362007168459,1408,84,0.013731033563765802,,27.47168458781362,152
82,0.6345,-5813.323076923078,43.0175,37.7939262472885,86.79681851048446,1342,80,0.014423417163029969,,37.89660159074476,231
83,0.631,-4539.676923076923,33.61833333333333,28.254596888260256,73.80480905233381,1387,82,0.014663039861383094,,28.52121640735502,757
84,0.6275,-5380.030769230769,35.67,30.03726235741445,75.4,1337,80,0.014375827963811856,,30.15893536121673,270
85,0.624,-5495.953846153847,39.145833333333336,33.30757910228109,79.82781456953643,1368,79,0.01434594268813729,,33.38999264164827,260
86,0.6206,-4255.907692307694,36.07,31.326618705035973,75.34100719424461,1319,81,0.014742275293390486,,31.63812949640288,511
87,0.6171,-4972.83076923077,36.355,30.14820042342978,74.88990825688073,1419,83,0.014555983329094946,,30.257928118393234,706
88,0.6137,-3781.5384615384614,28.624166666666667,25.960843373493976,69.41566265060241,1291,81,0.014327893068056895,,26.083584337349397,614
89,0.6103,-4404.3538461538465,31.348333333333333,27.303731343283584,72.68358208955223,1342,80,0.01397710292820771,,27.394029850746268,710
90,0.607,-4236.384615384615,32.36083333333333,28.73972602739726,73.59665144596651,1334,81,0.013709615779069975,,28.881278538812786,861
91,0.6036,-4963.415384615385,38.025,31.790402258292165,78.5469301340861,1420,83,0.013982234218900661,,31.925194071983064,596
92,0.6003,-4830.738461538462,35.42166666666667,30.330181818181817,77.18181818181819,1357,82,0.01392745876767333,,30.444363636363637,684
93,0.5969,-6290.6461538461535,47.4375,39.815078236130866,88.71052631578948,1378,80,0.013455971971335308,,39.90327169274538,259
94,0.5936,-4264.692307692308,32.025,28.582647718773373,73.99925205684367,1292,83,0.01319152448323421,,28.69558713537771,767
95,0.5904,-4807.015384615384,36.63,34.26381322957199,81.05836575875486,1259,81,0.013007589218590807,,34.37354085603113,860
96,0.5871,-4807.138461538461,36.1975,30.24002799160252,76.24632610216935,1385,85,0.012745914718709618,,30.362491252624213,747
97,0.5838,-4347.661538461538,31.233333333333334,27.005105762217358,72.23778264040845,1351,81,0.013288309671166077,,27.12326768781911,340
98,0.5806,-4756.261538461538,34.68833333333333,28.618233618233617,74.14245014245014,1404,80,0.01299335094603512,,28.751424501424502,873
99,0.5774,-4352.6,35.4575,30.349090909090908,76.77163636363636,1352,84,0.012727712034672033,,30.77018181818182,772
100,0.5742,-4402.569230769232,30.505,26.392041267501842,70.24686809137803,1319,77,0.012560032117068127,,26.49373618275608,744
101,0.571,-5087.092307692308,37.405,32.61970802919708,79.6094890510949,1343,81,0.012414485026033317,,32.754744525547444,559
102,0.5679,-4156.861538461539,29.104166666666668,26.30674846625767,71.01150306748467,1312,82,0.012582907879778829,,26.392638036809817,20
103,0.5647,-4451.030769230769,34.181666666666665,29.47763347763348,75.09451659451659,1378,83,0.012550399110783674,,29.582251082251084,17
104,0.5616,-4529.7692307692305,35.305,30.94287780187997,76.27331887201736,1319,82,0.01253617065544179,,31.023121387283236,654
105,0.5585,-4404.6461538461535,31.413333333333334,27.170872386445566,72.93727469358328,1385,80,0.012169574844335777,,27.26892573900505,675
106,0.5554,-4035.030769230769,29.170833333333334,25.56222222222222,70.14370370370371,1358,84,0.012272416692354614,,25.66814814814815,516
107,0.5523,-5119.153846153846,35.44166666666667,30.31881918819188,76.51734317343174,1370,82,0.011929922103005917,,30.448708487084872,642
108,0.5493,-5472.846153846154,38.75333333333333,33.88584136397331,80.06893995552261,1351,79,0.011563375404072132,,33.99036323202372,465
109,0.5462,-3536.5538461538467,26.7225,24.47530864197531,69.25848765432099,1286,84,0.011842804841903337,,24.554012345679013,665
110,0.5432,-4030.0615384615385,32.42916666666667,27.857142857142858,72.30940416367552,1362,83,0.0118108043018331,,28.209252669039145,414
111,0.5402,-3605.9230769230767,25.331666666666667,22.632882882882882,66.57807807807808,1310,81,0.011887246049082093,,22.745495495495497,653
112,0.5372,-4172.323076923077,30.026666666666667,26.615441722345953,71.43726800296956,1322,82,0.011630075923368455,,26.72160356347439,803
113,0.5343,-4252.184615384615,30.839166666666667,28.47265625,75.12265625,1307,83,0.011075186653236025,,28.60390625,98
114,0.5313,-4622.846153846154,33.225833333333334,28.553790613718412,74.07003610108303,1381,78,0.0117374776108879,,28.68303249097473,268
115,0.5284,-5267.7692307692305,37.623333333333335,31.430084745762713,78.25141242937853,1442,83,0.011577559117626578,,31.56497175141243,10
116,0.5254,-3568.953846153846,26.281666666666666,23.103216155572177,67.75991024682124,1337,86,0.011213958464884493,,23.209424083769633,577
117,0.5225,-4873.707692307693,34.5225,29.55482456140351,76.12719298245614,1394,78,0.010995163669555996,,29.649122807017545,293
118,0.5196,-5707.153846153846,41.18333333333333,37.03189066059225,85.54745634016705,1314,85,0.011093243504651958,,37.17160212604404,787
119,0.5168,-4489.215384615385,36.920833333333334,31.244650499286735,76.92796005706134,1386,80,0.011777989171111438,,31.66453447050462,386
120,0.5139,-4484.753846153846,36.69083333333333,30.95898161244696,76.50707213578501,1392,83,0.010955991446961353,,31.715700141442717,592
121,0.5111,-4183.815384615385,30.826666666666668,26.704397981254505,72.47512617159337,1369,81,0.011657086944346317,,26.869502523431866,704
122,0.5082,-4421.630769230769,33.5875,29.71060382916053,75.2820324005891,1357,82,0.01140626853105925,,29.84020618556701,459
123,0.5054,-3403.938461538462,25.7425,23.576425855513307,67.39087452471483,1295,84,0.011915736991812623,,23.689733840304182,543
124,0.5026,-4806.799999999999,35.075,29.444522471910112,74.875,1402,82,0.012243560079976169,,29.570926966292134,366
125,0.4998,-4809.492307692308,34.15416666666667,28.144404332129962,73.82815884476534,1408,83,0.0116944119025871,,28.259927797833935,112
126,0.4971,-4109.661538461538,29.886666666666667,25.663035584604213,70.9767610748003,1370,83,0.011135719104380682,,25.787944807552652,496
127,0.4943,-3768.8615384615387,25.765833333333333,22.863320463320463,67.09189189189189,1302,83,0.01208544558256103,,22.939043209876544,250
128,0.4916,-3794.169230769231,27.329166666666666,23.856832971800433,68.22631959508315,1362,79,0.012098674493119395,,23.994938539407087,341
129,0.4889,-4387.369230769231,30.1775,25.166905444126076,70.08595988538681,1412,80,0.01203022881645617,,25.290114613180517,365
130,0.4862,-3824.7692307692305,29.1425,26.00221893491124,70.8180473372781,1350,82,0.011726120798763404,,26.083579881656803,840
131,0.4835,-4645.876923076923,31.5475,25.765404602821082,70.83147735708982,1354,82,0.011400857932035663,,25.868694362017806,696
132,0.4808,-4003.2615384615383,29.750833333333333,25.80802919708029,70.80948905109489,1359,84,0.011474006305811827,,25.96058394160584,398
133,0.4781,-4141.4,29.571666666666665,26.32015209125475,71.95133079847909,1341,84,0.011115331695280629,,26.438022813688214,737
134,0.4755,-3273.338461538461,23.6625,20.771955719557194,64.90036900369003,1334,83,0.010662100659051483,,20.887822878228782,831
135,0.4729,-3630.1384615384613,26.383333333333333,23.174008810572687,67.29074889867842,1313,82,0.011104851189772938,,23.33259911894273,748
136,0.4703,-3385.0307692307692,23.445833333333333,20.75,63.677611940298505,1319,80,0.011462431600308453,,20.835074626865673,698
137,0.4677,-4625.553846153846,34.026666666666664,29.830723340790456,75.87546607009695,1348,82,0.01146357349896561,,29.942580164056675,249
138,0.4651,-4136.830769230769,30.365833333333335,25.16434540389972,70.04526462395543,1426,80,0.011050757837511527,,25.280640668523677,263
139,0.4625,-4175.615384615385,31.580833333333334,27.551186943620177,72.15059347181008,1361,84,0.010872811214958948,,27.64540059347181,899
140,0.4599,-4804.307692307692,33.924166666666665,29.273653566229985,74.4250363901019,1335,77,0.010735470137500447,,29.36754002911208,850
141,0.4574,-4141.323076923077,27.409166666666668,23.771535580524343,68.6367041198502,1330,77,0.011005620740716334,,23.89513108614232,64
142,0.4549,-4500.923076923077,33.15416666666667,27.894391842680264,73.44282592862345,1385,80,0.010809506914740905,,27.98324836125273,84
143,0.4523,-3222.6769230769232,23.039166666666667,20.186578171091444,64.15486725663717,1351,82,0.010503134758083921,,20.289085545722713,285
144,0.4498,-3840.8461538461543,29.605,26.0,70.5894580549369,1351,81,0.010799730902892117,,26.109873793615442,561
145,0.4474,-4532.8,35.10916666666667,30.42207792207792,75.98196248196248,1360,82,0.010555547866530167,,30.52020202020202,391
146,0.4449,-3223.1384615384613,21.775,19.014880952380953,62.523065476190474,1357,78,0.010774874399943622,,19.082527881040892,686
147,0.4424,-4648.476923076923,37.43416666666667,31.48100358422939,77.52688172043011,1400,83,0.011146858767101545,,31.691039426523297,74
148,0.44,-3250.846153846154,25.739166666666666,22.525339043540328,66.87437544610992,1358,83,0.011237292989286147,,22.659528907922912,350
149,0.4375,-3205.0,21.955,19.319540229885057,62.77318007662835,1317,81,0.011076512248069065,,19.426819923371646,738
150,0.4351,-3124.369230769231,23.030833333333334,20.516467065868262,64.22604790419162,1309,84,0.01114283979258364,,20.62050898203593,30
151,0.4327,-3400.5692307692307,22.229166666666668,18.542397660818715,61.94663742690059,1395,79,0.011582522833341645,,18.65277777777778,80
152,0.4303,-4149.984615384616,38.943333333333335,33.30262172284644,78.47565543071161,1326,82,0.0115994812270046,,39.21771217712177,128
153,0.4279,-3799.138461538462,24.553333333333335,22.41249036237471,66.68465690053971,1289,80,0.011211926927269907,,22.518889745566693,848
154,0.4256,-4931.846153846154,37.07416666666666,30.920923722883135,78.27081875437369,1456,83,0.011274087716141874,,31.05038488453464,791
155,0.4232,-3857.0615384615385,26.83416666666667,22.91357142857143,66.945,1395,78,0.011172960294058277,,23.019985724482513,783
156,0.4209,-3562.784615384616,26.669166666666666,23.256240822320116,67.3179148311307,1359,81,0.011561264489666585,,23.33186490455213,800
157,0.4185,-3641.538461538461,25.3575,22.84400904295403,67.10173323285606,1334,77,0.0118026156846789,,22.953278070836472,594
158,0.4162,-3232.353846153846,22.785833333333333,19.527338129496403,63.2863309352518,1362,81,0.011271391502397865,,19.666906474820145,431
159,0.4139,-4126.615384615385,31.3275,27.047169811320753,72.2089985486212,1354,82,0.011116869327067593,,27.163280116110304,27
160,0.4116,-3634.6923076923076,25.368333333333332,22.607035928143713,66.6309880239521,1310,79,0.010447873180831166,,22.713323353293415,478
161,0.4094,-4058.4461538461537,30.105,26.159941305942773,71.00953778429934,1361,81,0.010498108205634168,,26.280791788856305,77
162,0.4071,-4141.430769230769,33.303333333333335,29.3989239046887,74.68793235972329,1284,82,0.010035073850245964,,29.52882398155265,189
163,0.4048,-3680.553846153846,26.2175,23.456993268511592,67.79581151832461,1344,80,0.010705204237706191,,23.56469708302169,37
164,0.4026,-4184.046153846153,34.799166666666665,30.58640636297903,75.88069414316703,1354,84,0.010538345727099713,,30.73174258857556,438
165,0.4004,-4072.784615384616,39.23833333333334,32.91919191919192,78.2907647907648,1374,84,0.010727551538422904,,36.8826895565093,825
166,0.3982,-4841.738461538462,42.093333333333334,36.25553176302641,82.02855103497502,1376,81,0.011419860973631344,,39.68098591549296,522
167,0.396,-3931.8615384615377,27.043333333333333,22.9921146953405,66.66236559139784,1377,80,0.010520695862731059,,23.072401433691756,313
168,0.3938,-3969.5230769230766,29.105,25.533773861967695,70.02496328928046,1348,83,0.011032762681831322,,25.613069016152718,515
169,0.3916,-4568.415384615384,35.63333333333333,31.279648609077597,77.0805270863836,1347,82,0.010626769464617058,,31.367959034381858,330
170,0.3894,-4455.246153846154,31.890833333333333,27.166545981173062,72.2563359884142,1386,78,0.010775835190090429,,27.286024619840695,469
171,0.3873,-4094.0153846153844,30.653333333333332,26.475409836065573,71.08695652173913,1392,82,0.010646009724758883,,26.580185317177477,780
172,0.3851,-3164.6153846153848,21.159166666666668,19.041666666666668,62.61818181818182,1301,80,0.010262803518664487,,19.125757575757575,679
173,0.383,-3585.4461538461537,27.2475,23.33841684822077,67.39506172839506,1375,83,0.009950530827276732,,23.48075526506899,76
174,0.3809,-4354.938461538461,30.535833333333333,25.81263616557734,70.45388525780683,1360,80,0.009969673304636821,,25.920116194625997,443
175,0.3788,-3672.4307692307693,28.236666666666668,24.2822695035461,69.16241134751773,1391,84,0.009959922743758157,,24.394326241134753,44
176,0.3767,-3521.3076923076924,31.49,27.73323720259553,72.36553713049747,1358,84,0.010064668510932054,,29.836441893830703,131
177,0.3746,-3977.492307692308,27.310833333333335,23.783345615327928,68.1451731761238,1364,79,0.009934425616304388,,23.90346352247605,657
178,0.3725,-3634.369230769231,25.625833333333333,21.676096181046677,65.8939179632249,1394,79,0.010120331025757774,,21.77793493635078,321
179,0.3705,-3612.3076923076924,24.104166666666668,21.678488820354666,65.73323053199691,1276,79,0.00975109033588094,,21.780262143407864,162
180,0.3684,-3424.523076923077,24.025,20.68109668109668,64.43578643578644,1372,82,0.010936103322024738,,20.77056277056277,322
181,0.3664,-4060.369230769231,28.6225,24.91068814055637,69.56734992679355,1349,78,0.010566037490228433,,25.004392386530014,294
182,0.3643,-4078.5692307692307,26.578333333333333,22.184154175588866,66.5203426124197,1410,78,0.010050841236045143,,22.29336188436831,367
183,0.3623,-2605.9692307692303,19.039166666666667,16.876773711725168,60.29723674383869,1330,84,0.009795049607779951,,16.9932785660941,338
184,0.3603,-4124.830769230769,29.5675,25.136966126656848,70.18483063328424,1352,84,0.010355151133575284,,25.233431516936673,145
185,0.3583,-4127.015384615384,31.961666666666666,27.035150645624103,71.82926829268293,1380,83,0.009394872186622341,,27.342898134863702,538
186,0.3563,-3546.476923076923,24.811666666666667,21.373989713445997,65.33651726671565,1381,81,0.009525618807928338,,21.459221160911095,422
187,0.3544,-3974.815384615385,30.45,25.347703180212015,69.86219081272085,1408,79,0.009384459762920017,,25.471045197740114,795
188,0.3524,-3659.415384615385,24.500833333333333,20.172464840858623,64.82975573649149,1375,82,0.009466584130220113,,20.243343195266274,523
189,0.3505,-4380.846153846154,33.62083333333333,28.631467044649185,73.22537207654146,1362,80,0.009546423807862742,,29.062367115520907,892
190,0.3485,-3312.8,23.596666666666668,19.961000735835174,63.68727005150846,1370,80,0.010063673282846986,,20.041911764705883,872
191,0.3466,-4092.0307692307697,28.826666666666668,23.85367545076283,68.08529819694868,1414,78,0.009796451831474075,,23.972954230235782,242
192,0.3447,-3188.0000000000005,21.125833333333333,18.24944485566247,61.40636565507032,1344,79,0.009239382807621252,,18.312638580931264,445
193,0.3428,-3346.6615384615384,22.498333333333335,19.6390134529148,63.3355754857997,1333,80,0.009819986493294108,,19.753547423450335,202
194,0.3409,-4123.092307692307,29.458333333333332,25.258890469416784,69.54694167852062,1380,78,0.009249687651876714,,25.36105188343994,97
195,0.339,-2773.123076923077,19.039166666666667,17.58059587471352,60.81588999236058,1295,80,0.009255393767678479,,17.708174178762413,121
196,0.3371,-3080.2769230769236,21.076666666666668,18.19869942196532,61.4400289017341,1372,81,0.00945454999689974,,18.298410404624278,227
197,0.3352,-3890.43076923077,26.8125,22.497179125528913,67.15021156558534,1402,81,0.009605737918848528,,22.629055007052187,169
198,0.3334,-3870.4307692307693,25.9625,22.924795234549517,66.70215934475056,1315,77,0.009352756224711592,,23.034251675353687,153
199,0.3315,-2939.661538461538,21.326666666666668,18.745495495495497,61.932432432432435,1304,82,0.009530521534801469,,18.829707426856714,730
200,0.3297,-3135.9384615384615,22.358333333333334,18.384900074019246,61.71724648408586,1359,83,0.009133905340107962,,18.48260547742413,486
201,0.3279,-4195.876923076923,28.86916666666667,24.1125,69.02058823529411,1374,80,0.00903226485953323,,24.215282880235122,119
202,0.3261,-3171.046153846154,22.1025,19.253136531365314,63.002952029520294,1375,79,0.009088985064056473,,19.350553505535057,161
203,0.3243,-4517.384615384615,38.03,31.801928783382788,77.2173590504451,1339,81,0.008793243811786025,,32.064492216456635,100
204,0.3225,-2618.1538461538457,18.916666666666668,16.46142542248347,59.5165319617928,1340,84,0.009087479930248221,,16.583394562821454,709
205,0.3207,-4192.907692307692,37.03666666666667,31.487068965517242,76.941091954023,1370,83,0.009115238685368347,,31.669059583632446,429
206,0.3189,-4534.846153846154,33.5025,28.136363636363637,73.79230769230769,1428,80,0.008623178853745169,,28.26993006993007,588
207,0.3172,-3763.876923076923,25.794166666666666,22.765011119347665,66.6182357301705,1334,79,0.009105105865642303,,22.84655300222387,859
208,0.3154,-3612.338461538461,25.81833333333333,22.21818181818182,66.58254545454545,1358,81,0.008917581048617151,,22.36509090909091,245
209,0.3137,-3310.0769230769233,24.053333333333335,20.88055353241078,64.79533867443554,1358,80,0.00898609088928067,,20.96139839766934,347
210,0.3119,-3898.2769230769236,30.950833333333332,26.592645998558037,71.5436193222783,1386,85,0.009063214635238698,,26.71665465032444,172
211,0.3102,-3451.030769230769,25.464166666666667,21.94903086862886,65.5427135678392,1342,83,0.008610067417991902,,22.06810035842294,877
212,0.3085,-3782.276923076923,27.006666666666668,23.920327624720773,68.54355919583023,1356,79,0.008556977214804766,,24.020104244229337,140
213,0.3068,-2933.369230769231,20.605,18.124620060790274,61.68920972644377,1296,82,0.008373684923540056,,18.237082066869302,60
214,0.3051,-3981.507692307692,31.148333333333333,26.930635838150287,72.4356936416185,1396,81,0.008395207952034016,,27.203034682080926,662
215,0.3034,-3761.8923076923074,25.77,21.671554252199414,65.75,1377,80,0.008450642738994416,,21.76759530791789,224
216,0.3017,-3045.9230769230767,21.906666666666666,18.84257206208426,62.42719881744272,1338,85,0.008658370182491918,,18.968957871396896,764
217,0.3,-3232.076923076923,23.1275,20.29681717246484,64.1902294596595,1334,81,0.008201860578057753,,20.406365655070317,505
218,0.2984,-4142.046153846154,27.559166666666666,23.31422351233672,67.97460087082729,1398,78,0.008526664513810083,,23.439042089985485,305
219,0.2967,-3361.169230769231,24.446666666666665,21.52923760177646,65.79274611398964,1355,81,0.008454746316108949,,21.622501850481125,758
220,0.2951,-2500.2461538461544,18.905,17.933438985736924,61.42789223454834,1268,87,0.008024808153004095,,18.008709422011083,38
221,0.2935,-3699.1692307692306,25.7625,22.832960477255778,67.12080536912751,1347,81,0.008226613923996148,,22.921700223713646,881
222,0.2918,-3307.0,26.734166666666667,24.080383480825958,68.05973451327434,1329,82,0.008085369582323906,,24.427413411938097,827
223,0.2902,-3392.707692307692,25.045833333333334,22.379050489826678,66.74755086661642,1324,82,0.008299739755109715,,22.473247927656367,632
224,0.2886,-3434.046153846154,24.925,22.311475409836067,66.55737704918033,1341,81,0.008174665854275068,,22.42101341281669,126
225,0.287,-3512.076923076924,24.9725,21.833953834698438,65.98212956068504,1344,81,0.008223989246497447,,21.924050632911392,753
226,0.2854,-3446.153846153846,24.76,20.735740072202166,64.53718411552346,1377,83,0.008310027098684213,,20.833212996389893,267
227,0.2838,-2963.030769230769,20.63083333333333,18.01381818181818,61.58254545454545,1367,79,0.008137146830160681,,18.12218181818182,351
228,0.2823,-3547.9230769230767,26.715,23.448224852071007,67.62795857988165,1342,81,0.008069569876558012,,23.54585798816568,36
229,0.2807,-3457.8461538461534,24.565,21.63173216885007,66.35807860262008,1381,80,0.00869895520779573,,21.751819505094613,297
230,0.2792,-2668.2307692307695,19.14,17.04524886877828,60.57088989441931,1318,85,0.008533476176527615,,17.148567119155356,822
231,0.2776,-2900.3384615384616,20.640833333333333,18.2112036336109,61.87358062074186,1321,83,0.008460332217495467,,18.30355791067373,731
232,0.2761,-3578.984615384615,25.885,22.877671333824612,66.98820928518792,1347,84,0.008798661987997202,,22.97789240972734,603
233,0.2746,-3612.784615384616,27.263333333333332,24.31409295352324,68.51949025487257,1336,82,0.008921246496500966,,24.430284857571216,234
234,0.273,-3099.630769230769,23.005,20.273127753303964,63.81204111600587,1357,82,0.008424064787919235,,20.376651982378856,838
235,0.2715,-4446.507692307693,30.9525,27.06472727272727,72.39927272727273,1372,81,0.00842275957670518,,27.157818181818183,611
236,0.27,-3901.076923076923,31.66,27.791335740072203,72.30541516245488,1361,81,0.008569151556712272,,28.09097472924188,95
237,0.2685,-3599.2615384615383,26.365833333333335,22.681138790035586,67.9814946619217,1404,83,0.008459528083220147,,22.78932384341637,527
238,0.267,-3626.753846153846,23.641666666666666,20.73777777777778,65.55259259259259,1360,79,0.008179013876305225,,20.86888888888889,151
239,0.2656,-4354.676923076923,35.91833333333334,31.527218493661447,76.51528709917972,1331,82,0.008064175800484434,,31.7613721103654,576
240,0.2641,-3316.7076923076925,24.428333333333335,21.393632416787266,65.64037626628075,1367,83,0.008133985302169024,,21.53111432706223,477
241,0.2626,-4017.2153846153847,27.864166666666666,23.568866571018653,68.40602582496413,1365,80,0.008124835292579569,,23.663558106169297,692
242,0.2612,-2897.6615384615384,21.66,19.39172209903917,63.35846267553585,1356,85,0.008315716544555013,,19.514412416851442,761
243,0.2597,-3906.0769230769233,26.705,22.540902679830747,66.85543018335684,1383,77,0.007963329964769809,,22.665021156558534,122
244,0.2583,-3441.984615384615,26.043333333333333,22.099356683345246,66.31665475339528,1387,82,0.007848146845247697,,22.190135811293782,661
245,0.2569,-3088.6769230769232,22.355,19.873062730627307,63.65608856088561,1338,84,0.008006140810363218,,19.974169741697416,682
246,0.2555,-2621.861538461538,19.5275,17.31924528301887,60.89056603773585,1324,85,0.00789451106610474,,17.41509433962264,575
247,0.254,-4124.584615384616,28.456666666666667,24.819277108433734,70.0210843373494,1340,79,0.007751731544244467,,24.914909638554217,287
248,0.2526,-3935.0307692307692,29.749166666666667,24.42101551480959,69.22778561354019,1420,82,0.0074272088594202704,,24.50599013389711,269
249,0.2512,-3221.907692307692,22.05666666666667,19.76179245283019,63.687893081761004,1286,83,0.007471633582031686,,19.840408805031448,51
250,0.2498,-3703.338461538461,29.338333333333335,25.244588744588743,69.77417027417027,1359,83,0.007665571705370928,,25.352813852813853,160
251,0.2485,-3336.584615384616,23.973333333333333,21.447348767737118,65.51232262882748,1343,80,0.007953754918909262,,21.575056011949215,695
252,0.2471,-3482.1692307692306,24.9775,21.815113719735876,66.34042553191489,1321,81,0.007698793120269706,,21.909024211298608,680
253,0.2457,-3558.046153846154,23.1575,19.63280662151994,63.40030097817908,1330,81,0.007632709999849143,,19.71783295711061,230
254,0.2444,-2566.2461538461534,18.774166666666666,16.175257731958762,59.30559646539028,1340,85,0.007236451395577182,,16.278350515463917,688
255,0.243,-3596.169230769231,29.500833333333333,26.096703296703296,71.18754578754579,1348,85,0.006926997959010751,,26.178021978021977,456
256,0.2417,-3908.9384615384615,28.38083333333333,24.37970191625266,69.2540809084457,1401,80,0.006853829541240019,,24.51596877217885,15
257,0.2403,-3216.5692307692307,23.673333333333332,20.736456808199122,64.30014641288433,1375,82,0.0068659870712542625,,20.85431918008785,188
258,0.239,-5205.338461538462,36.22833333333333,31.738472622478387,79.89553314121038,1383,81,0.007064478667564475,,31.863112391930837,218
259,0.2377,-3326.507692307692,24.2925,21.22004357298475,65.02106027596224,1356,81,0.007149467197104844,,21.33769063180828,835
260,0.2364,-3176.0307692307697,22.330833333333334,19.20679468242245,62.562038404726735,1342,82,0.007272659473164476,,19.333825701624814,199
261,0.2351,-2873.2923076923075,19.54083333333333,17.420060331825038,61.33107088989442,1330,82,0.007202642547940628,,17.533936651583712,647
262,0.2338,-4218.584615384615,31.379166666666666,28.034763313609467,74.39275147928994,1342,84,0.007513005867942312,,28.125,168
263,0.2325,-2794.1384615384613,19.066666666666666,17.38473282442748,60.31984732824427,1309,80,0.007575996984616251,,17.49465648854962,589
264,0.2312,-2590.876923076923,18.199166666666667,16.151946107784433,59.06736526946108,1341,80,0.007862829001792202,,16.25748502994012,316
265,0.2299,-3283.753846153846,23.34,20.532751091703055,64.69141193595343,1352,82,0.007785420102302161,,20.649927219796215,409
266,0.2286,-2859.8923076923074,19.449166666666667,17.512624330527927,60.73527161438408,1325,82,0.007681234400112634,,17.597551644988524,110
267,0.2274,-2963.3846153846157,20.214166666666667,17.415025528811086,60.583515681983954,1350,81,0.007703597905035721,,17.525164113785557,276
268,0.2261,-3718.9692307692308,32.458333333333336,28.120253164556964,72.99929676511955,1387,80,0.007662302144557065,,30.213389121338913,622
269,0.2249,-2672.369230769231,18.565,16.5393175074184,59.45103857566765,1321,83,0.0075122358181365445,,16.637509266123054,865
270,0.2236,-3059.6,22.36916666666667,19.28344179320318,63.16124367317426,1387,86,0.007686076610080592,,19.380332610267534,357
271,0.2224,-3766.1384615384613,28.2675,25.511994002998502,70.70389805097452,1335,82,0.007758650720540861,,25.587706146926536,461
272,0.2211,-3418.9692307692303,23.8725,20.31590257879656,64.32879656160459,1397,82,0.007742390673344727,,20.433070866141733,186
273,0.2199,-3519.1846153846154,27.345833333333335,24.2253829321663,67.97665937272065,1351,81,0.00788382960517439,,24.319474835886215,233
274,0.2187,-3360.353846153846,22.991666666666667,19.639765223771093,63.314013206162876,1355,78,0.007688768310743488,,19.761555392516506,423
275,0.2175,-3049.246153846154,20.261666666666667,17.748882265275707,61.38077496274217,1360,80,0.0075502288933211835,,17.8301043219076,107
276,0.2163,-3211.492307692308,21.650833333333335,18.34957627118644,62.206214689265536,1404,81,0.007398462668948888,,18.442090395480225,323
277,0.2151,-4228.676923076922,28.135,24.57632166790767,69.72524199553239,1352,76,0.007647648113375195,,24.685033507073715,446
278,0.2139,-3144.1846153846154,23.346666666666668,21.300377358490564,65.24830188679245,1323,84,0.007859551194493952,,21.445283018867926,756
279,0.2127,-3972.9076923076927,35.78,30.76911871813547,75.28259286234523,1351,81,0.008355056346000709,,32.13289760348584,867
280,0.2115,-3813.4615384615386,29.235833333333332,25.970814132104454,71.43164362519201,1312,84,0.007870290472153324,,26.077572964669738,719
281,0.2104,-2945.7846153846153,22.171666666666667,19.011552346570397,62.766064981949455,1346,84,0.007731016510102327,,19.094448449891853,387
282,0.2092,-3793.338461538461,29.051666666666666,24.798838053740013,69.0965867828613,1384,79,0.0077267695723208666,,24.922294843863472,664
283,0.208,-3265.8153846153846,21.88,18.70842490842491,62.53040293040293,1356,83,0.007656807241694054,,18.815384615384616,254
284,0.2069,-2827.230769230769,19.9825,17.746872700515084,60.89183222958057,1357,82,0.007421061830295431,,17.824264705882353,491
285,0.2058,-2831.3999999999996,20.84,18.511816838995568,62.27769571639586,1349,82,0.007274017705099882,,18.60487444608567,308
286,0.2046,-3287.6000000000004,22.784166666666668,20.004373177842567,63.3899416909621,1354,77,0.007910291939972473,,20.0932944606414,92
287,0.2035,-3107.030769230769,23.095,20.37149187592319,64.46528803545051,1347,81,0.007429585687403382,,20.468634686346864,770
288,0.2024,-3497.815384615385,27.4575,24.416605437178546,68.72226304188096,1333,82,0.007290598457446711,,24.579720793534165,897
289,0.2012,-3332.369230769231,22.6475,20.080059303187547,64.04447739065975,1334,78,0.007662195656881183,,20.17272053372869,624
290,0.2001,-3388.507692307692,22.925,20.30258302583026,64.54464944649446,1362,80,0.007555220958876655,,20.422878228782288,540
291,0.199,-3328.1692307692306,22.63083333333333,20.180462341536167,64.0171513795675,1319,78,0.007630345246727508,,20.289336316181952,302
292,0.1979,-4265.630769230769,34.8425,28.261451726568005,72.73784355179704,1424,80,0.0074698577662516185,,28.463706835799858,156
293,0.1968,-2369.4615384615386,17.070833333333333,15.191426459719143,58.36733185513673,1338,84,0.007787616920122332,,15.277161862527716,376
294,0.1957,-3385.0923076923073,24.203333333333333,20.708450704225353,64.84295774647887,1405,79,0.007540848952790001,,20.830281690140843,566
295,0.1946,-2747.630769230769,19.496666666666666,17.09018181818182,60.276363636363634,1347,80,0.007944567195493163,,17.212363636363637,598
296,0.1936,-2893.1076923076926,19.095833333333335,17.80015197568389,61.483282674772035,1301,80,0.007910596626957074,,17.90045592705167,885
297,0.1925,-2638.3230769230768,18.006666666666668,15.733088235294117,58.3235294117647,1338,81,0.008065742228565176,,15.822794117647058,468
298,0.1914,-2946.538461538461,21.6125,18.936092955700797,63.13507625272331,1355,84,0.007791646798923224,,19.03921568627451,712
299,0.1904,-2996.4769230769234,21.14,18.719792438843587,63.040770941438105,1353,79,0.00774188441043129,,18.80207561156412,799
300,0.1893,-3574.153846153846,26.081666666666667,22.721407624633432,66.56671554252199,1347,80,0.007762048709115828,,22.780380673499266,6
301,0.1883,-4026.8615384615387,28.695833333333333,24.541125541125542,68.64357864357865,1376,80,0.007860074418080917,,24.647186147186147,133
302,0.1872,-3565.8769230769235,24.761666666666667,21.437998549673676,65.62509064539522,1352,79,0.007608631062103574,,21.546773023930385,466
303,0.1862,-3050.461538461538,22.04083333333333,19.439938791124714,63.08875286916603,1315,83,0.007372877925343256,,19.53475935828877,425
304,0.1852,-3704.753846153846,25.688333333333333,21.174035087719297,65.19157894736843,1423,83,0.007318024115253092,,21.277894736842104,378
305,0.1841,-3605.923076923077,29.508333333333333,26.10022607385079,71.72645064054258,1334,85,0.0070297689245357765,,26.264506405425774,727
306,0.1831,-2826.646153846154,19.845,17.20014556040757,60.49708879184862,1371,79,0.007206529894864234,,17.331149927219798,640
307,0.1821,-3206.6153846153848,22.75583333333333,19.82485465116279,63.67296511627907,1376,81,0.007063128320471064,,19.898982558139537,487
308,0.1811,-3308.4615384615386,22.69,20.162668665667166,64.10644677661169,1313,80,0.00757895662508722,,20.246626686656672,792
309,0.1801,-2979.015384615385,19.945833333333333,18.242681047765792,61.77657935285054,1292,78,0.007440420988227507,,18.318181818181817,90
310,0.1791,-3048.8923076923074,21.250833333333333,18.17668356263577,61.84793627805938,1391,81,0.0074504197700271295,,18.30195510499638,521
311,0.1781,-3216.9692307692303,23.58416666666667,21.16903515332835,65.49214659685863,1327,83,0.007643558024844288,,21.281226626776366,214
312,0.1771,-3871.907692307692,27.7275,23.17910447761194,67.9410092395167,1399,81,0.007614336732421806,,23.30774697938877,24
313,0.1762,-3152.246153846154,21.3475,19.528448947778642,63.83008573655495,1282,81,0.007664291331683305,,19.611847233047545,390
314,0.1752,-3951.9846153846147,28.774166666666666,23.922967189728958,68.88659058487875,1382,83,0.007615227491083993,,24.016405135520685,71
315,0.1742,-2963.107692307692,19.475833333333334,17.373056994818654,60.920059215396,1359,80,0.007634374037527614,,17.476683937823836,209
316,0.1732,-3453.523076923077,22.546666666666667,18.316500711237552,61.96870554765292,1432,79,0.007655480579203619,,18.395448079658607,462
317,0.1723,-3447.015384615385,23.455833333333334,20.407461594732993,64.48134601316752,1365,79,0.007812917854373156,,20.495245062179958,320
318,0.1713,-3081.461538461538,21.550833333333333,19.252081756245268,63.22634367903104,1332,82,0.007948747724901221,,19.364875094625283,16
319,0.1704,-2868.2,20.9225,18.639344262295083,62.289865871833086,1340,85,0.008024626911140845,,18.71311475409836,388
320,0.1694,-3335.8,22.890833333333333,20.51008215085885,64.6303211351755,1336,80,0.007904705320256375,,20.596713965646003,346
321,0.1685,-4104.692307692308,30.455,25.794372294372295,69.72077922077922,1372,79,0.007718105681849008,,25.914141414141415,605
322,0.1676,-2684.9384615384615,18.9225,16.178102189781022,59.3985401459854,1345,85,0.007637730520114207,,16.28832116788321,69
323,0.1666,-3986.861538461539,28.50583333333333,24.32280701754386,69.31859649122806,1403,82,0.007575623282821899,,24.419649122807016,178
324,0.1657,-3202.9846153846156,22.7275,20.326103216155573,64.28347045624533,1324,82,0.0079391982359179,,20.416604338070307,117
325,0.1648,-3340.492307692308,23.465833333333332,20.110782865583456,63.65878877400296,1342,81,0.007729042505179334,,20.185977859778596,272
326,0.1639,-3159.630769230769,21.72833333333333,18.392395982783356,62.49067431850789,1406,82,0.007482201612750196,,18.525107604017215,618
327,0.163,-3647.4461538461537,31.850833333333334,27.543447293447294,72.16666666666667,1385,83,0.00773534539333849,,28.156073446327685,480
328,0.1621,-3525.4769230769234,23.515,19.77409860191317,64.00294334069169,1369,82,0.0077274973261267695,,19.881617647058825,609
329,0.1612,-3583.9230769230767,27.835833333333333,23.842514124293785,68.06285310734464,1400,83,0.007391764657899925,,23.96045197740113,641
330,0.1603,-3211.8615384615387,21.365,18.792819745699326,62.04338070306657,1332,81,0.007306551523488556,,18.908002991772626,5
331,0.1594,-3089.1538461538466,21.171666666666667,17.69804741980474,60.99790794979079,1408,79,0.0073222096092079355,,17.793728222996517,61
332,0.1585,-3087.784615384616,21.421666666666667,19.229371688115066,63.05450416351249,1326,83,0.007321861776851582,,19.331566994700985,567
333,0.1577,-3439.3846153846152,24.620833333333334,21.96759941089838,66.39764359351989,1346,81,0.007218433499808995,,22.06259204712813,434
334,0.1568,-3436.1538461538457,23.97833333333333,20.778901734104046,64.28973988439306,1361,84,0.007394925643216097,,20.90606936416185,677
335,0.1559,-2656.246153846154,19.534166666666668,16.653958944281523,59.84310850439883,1361,84,0.007014793256123874,,16.74340175953079,510
336,0.155,-2897.0153846153853,21.26,18.60576923076923,62.460059171597635,1363,83,0.007220151222298714,,18.715236686390533,113
337,0.1542,-2858.9846153846156,21.373333333333335,18.33742774566474,62.183526011560694,1384,83,0.007225880314376817,,18.423410404624278,42
338,0.1533,-2602.369230769231,17.511666666666667,15.760268857356236,58.84241971620612,1338,81,0.007136089846756252,,15.8588498879761,784
339,0.1525,-3809.923076923077,32.424166666666665,28.143472022955525,72.43400286944046,1364,82,0.007114272491581877,,28.305595408895265,26
340,0.1516,-3519.830769230769,24.9,21.727140783744556,65.92235123367199,1359,80,0.007481456411407902,,21.819303338171263,335
341,0.1508,-3721.369230769231,24.836666666666666,20.929083094555875,65.1554441260745,1400,81,0.007647418436323334,,21.049426934097422,625
342,0.15,-3935.984615384615,30.916666666666668,26.31223628691983,70.91983122362869,1379,81,0.0073044651046998785,,26.445850914205344,384
343,0.1491,-2817.0,20.090833333333332,17.727002967359052,61.21439169139466,1347,83,0.0074649038429562805,,17.838278931750743,863
344,0.1483,-3259.7692307692305,24.275833333333335,21.13938053097345,65.41150442477876,1340,83,0.007508517432020854,,21.255162241887906,101
345,0.1475,-2721.169230769231,19.139166666666668,16.615611192930782,60.18630338733431,1372,83,0.007472018748216334,,16.717231222385863,329
346,0.1467,-3015.5692307692307,20.635833333333334,17.5918663761801,61.10312273057371,1391,81,0.007155612783163035,,17.689179375453886,691
347,0.1459,-2636.153846153846,19.163333333333334,17.415361670395228,61.03504847129008,1331,83,0.007288613212638079,,17.51006711409396,146
348,0.1451,-3239.3846153846157,24.859166666666667,21.146115466856735,64.90662865288667,1390,85,0.007490629651017736,,21.24590163934426,238
349,0.1443,-2508.4307692307693,17.544166666666666,15.533628972653363,58.497413155949744,1368,84,0.007648093886523198,,15.617147080561715,173
350,0.1435,-3779.523076923077,27.625,23.294636296840558,67.75532696546657,1349,82,0.00747866055394098,,23.37077826725404,315
351,0.1427,-3208.538461538462,21.2125,17.788912579957355,61.688699360341154,1420,81,0.007641485614971623,,17.919687277896234,544
352,0.1419,-2430.907692307692,16.605,15.075153374233128,58.11886503067485,1304,84,0.007993200234429731,,15.17638036809816,240
353,0.1411,-3254.153846153846,22.955,19.843817787418654,63.44034707158352,1374,81,0.007478138440620406,,19.9645697758496,274
354,0.1403,-4309.96923076923,32.575,28.035612535612536,73.26068376068376,1371,82,0.00766888791134574,,28.147435897435898,333
355,0.1395,-2920.923076923077,20.97833333333333,18.690721649484537,61.87702503681885,1346,83,0.007727269750882307,,18.757731958762886,279
356,0.1388,-2431.9538461538464,16.760833333333334,15.343653250773993,58.19891640866873,1297,82,0.007631859748711324,,15.44969040247678,72
357,0.138,-2586.7692307692305,18.135,16.013412816691506,59.25409836065574,1367,82,0.007898570854117043,,16.114754098360656,57
358,0.1372,-2922.8,21.829166666666666,19.5148588410104,63.06463595839524,1316,85,0.007804551518713618,,19.61218424962853,427
359,0.1365,-3142.753846153846,23.553333333333335,20.613970588235293,64.38529411764706,1350,82,0.007463537790698584,,20.72720588235294,749
360,0.1357,-2830.5384615384614,20.8925,18.234273318872017,61.702819956616054,1389,83,0.00725039190908674,,18.321041214750544,513
361,0.135,-3123.7846153846153,20.711666666666666,17.696646341463413,61.138719512195124,1307,80,0.007170312381562297,,17.78734756097561,871
362,0.1342,-3177.307692307693,23.225833333333334,20.801047120418847,64.85190725504862,1329,83,0.007081187535928108,,20.894618834080717,435
363,0.1335,-2869.0,19.77166666666667,17.17047970479705,60.80885608856089,1362,81,0.007405209514275618,,17.266420664206642,821
364,0.1327,-2668.2615384615383,19.305,16.451994091580502,59.84047267355982,1372,83,0.007737484234581068,,16.564992614475628,105
365,0.132,-3583.953846153846,27.250833333333333,24.090775988286968,67.99780380673499,1324,80,0.007385213950951212,,24.198389458272327,11
366,0.1313,-3096.7692307692305,24.349166666666665,20.629078014184397,64.24964539007092,1391,84,0.007460144058521886,,20.717021276595744,874
367,0.1306,-2712.9384615384615,19.900833333333335,17.64840858623242,60.715766099185785,1334,83,0.007481416812992031,,17.74981495188749,182
368,0.1298,-3362.9692307692308,23.6175,19.937274693583273,64.14203316510454,1389,81,0.0073592274758051595,,20.037490987743332,650
369,0.1291,-2878.415384615384,20.4675,17.85220588235294,61.599264705882355,1359,82,0.007105990125245345,,17.94044117647059,858
370,0.1284,-3509.0615384615385,26.373333333333335,23.509963099630998,68.4479704797048,1352,83,0.007108734935918946,,23.61771217712177,781
371,0.1277,-4379.615384615385,41.46,35.22022955523673,80.59684361549498,1354,84,0.006852183520900926,,37.993562231759654,768
372,0.127,-3828.4153846153845,32.4725,28.002859185132237,72.09220872051465,1393,80,0.006932023308016212,,28.612580414581846,211
373,0.1263,-3374.1384615384613,24.178333333333335,21.42584434654919,65.50367107195301,1365,81,0.007106276958140314,,21.545521292217327,802
374,0.1256,-3051.8,20.729166666666668,17.953812316715542,61.47800586510264,1373,80,0.007185803370675706,,18.063049853372434,332
375,0.1249,-2994.7384615384617,20.795833333333334,18.054704595185996,61.27716994894238,1350,81,0.00689790017373233,,18.171407731582786,43
376,0.1242,-3849.3230769230768,33.780833333333334,29.491416309012877,74.42989985693849,1361,80,0.007100781263962369,,30.52002861230329,500
377,0.1235,-3764.0,26.26,22.148471615720524,66.35735080058224,1375,78,0.006849096061123838,,22.25618631732169,493
378,0.1228,-4003.692307692308,27.405,23.224212034383953,68.6554441260745,1398,78,0.006850231391202411,,23.351719197707737,154
379,0.1221,-3433.923076923077,29.001666666666665,25.21173104434907,68.84620886981402,1348,83,0.007052525904652714,,25.623748211731044,215
380,0.1215,-3270.0615384615385,22.224166666666665,18.43145743145743,61.66594516594517,1397,82,0.007049698633450346,,18.550505050505052,317
381,0.1208,-3910.6,35.4225,32.19652305366591,77.57898715041573,1338,83,0.007054654639896809,,34.761160714285715,397
382,0.1201,-3313.123076923077,22.28,18.5699928212491,62.96410624551328,1411,81,0.007172847104105387,,18.681263460157933,394
383,0.1195,-2874.2615384615383,19.4275,16.94744633604737,60.248704663212436,1361,81,0.007340669708770494,,17.030347890451516,45
384,0.1188,-2885.6923076923076,20.549166666666668,18.54559043348281,62.00896860986547,1321,82,0.0071745549235069815,,18.656203288490286,334
385,0.1181,-3945.369230769231,29.324166666666667,25.953113553113553,70.45054945054945,1351,83,0.007198094449784696,,26.01831501831502,724
386,0.1175,-3316.6923076923076,24.004166666666666,20.917525773195877,64.76141384388806,1340,83,0.007177657824727331,,21.0,890
387,0.1168,-2551.107692307692,17.756666666666668,15.589379207180254,58.828721017202696,1361,82,0.00737775593098569,,15.706058339566193,509
388,0.1162,-2873.3846153846152,20.268333333333334,17.841832963784185,61.29859571322986,1336,81,0.007089304119735415,,17.947524020694754,430
389,0.1156,-2933.0307692307697,19.310833333333335,16.393808495320375,59.758099352051836,1406,82,0.006991832914409226,,16.468682505399567,0
390,0.1149,-3023.5692307692307,21.345833333333335,18.705753823743628,62.170429715950476,1362,82,0.007067998217685433,,18.820101966496722,553
391,0.1143,-3152.276923076923,21.82,18.852646638054363,62.494277539341915,1380,79,0.006896375114525044,,18.969241773962803,53
392,0.1136,-3153.538461538462,21.30666666666667,18.302612481857764,61.806966618287376,1380,81,0.007266205586260217,,18.400580551523948,440
393,0.113,-3074.2461538461534,19.969166666666666,17.183234421364986,60.51557863501483,1349,79,0.006708692580750963,,17.276706231454007,345
394,0.1124,-2954.3076923076924,18.361666666666668,15.736535662299854,58.9075691411936,1373,76,0.006840827283386466,,15.853711790393014,175
395,0.1118,-2745.7076923076925,17.590833333333332,15.805453205600589,58.792188651436994,1361,77,0.0069365769345815015,,15.908621960206338,307
396,0.1112,-2970.1846153846154,21.824166666666667,19.43452380952381,62.88988095238095,1326,83,0.007103012524989689,,19.55952380952381,467
397,0.1105,-2577.3230769230768,18.439166666666665,16.144267274107822,58.98405466970387,1338,82,0.0070233637654354055,,16.24145785876993,556
398,0.1099,-3384.676923076923,26.253333333333334,23.161841128433554,67.6800296956199,1326,84,0.007205639325331053,,23.28285077951002,817
399,0.1093,-3059.030769230769,21.240833333333335,18.53216374269006,62.04385964912281,1377,82,0.007473847107929136,,18.630847953216374,194
400,0.1087,-2870.0769230769233,19.33416666666667,16.81047197640118,59.716814159292035,1344,79,0.0074084746072510775,,16.913716814159294,722
401,0.1081,-3164.338461538461,21.924166666666668,18.447462473195138,62.04145818441744,1405,79,0.007065827674443709,,18.56182987848463,765
402,0.1075,-2331.876923076923,15.785833333333333,14.331034482758621,56.695019157088126,1305,78,0.007216930550609423,,14.416539050535988,579
403,0.1069,-2961.9999999999995,21.3975,18.46685878962536,62.35014409221902,1363,83,0.007054207558596616,,18.576368876080693,646
404,0.1063,-3514.3230769230768,27.446666666666665,24.343500363108205,68.06027596223674,1336,82,0.007430718370205628,,24.478576615831518,371
405,0.1057,-3066.2307692307695,21.784166666666668,19.05639913232104,62.52422270426609,1329,82,0.007339119836927174,,19.172812725958064,102
406,0.1052,-2577.061538461539,17.6225,15.985294117647058,58.62229102167183,1268,80,0.007992812790570323,,16.07894736842105,212
407,0.1046,-2791.1076923076926,18.735,16.544649446494464,59.21549815498155,1327,81,0.007582371035918801,,16.64280442804428,195
408,0.104,-3165.8461538461543,22.65,19.630847953216374,63.45614035087719,1345,83,0.007323795223878029,,19.764619883040936,711
409,0.1034,-2737.276923076923,19.520833333333332,17.129889298892987,59.8730627306273,1331,79,0.0075737691901904824,,17.243542435424356,815
410,0.1028,-4067.2923076923075,29.2575,24.254985754985753,69.13888888888889,1406,81,0.007563254163746778,,24.345195729537366,127
411,0.1023,-2547.2307692307695,18.64666666666667,16.595273264401772,59.57533234859675,1340,83,0.00754036873696895,,16.695716395864107,864
412,0.1017,-2621.1384615384613,17.901666666666667,16.250956388676357,59.886763580719204,1314,85,0.007829395645263375,,16.345830145371078,685
413,0.1011,-2873.7692307692305,20.039166666666667,17.413561847988078,60.33457526080477,1350,80,0.007458771107490871,,17.527570789865873,483
414,0.1006,-3056.6923076923076,23.120833333333334,20.00567375886525,64.11205673758866,1395,82,0.007196750094844084,,20.127659574468087,563
415,0.1,-2801.0307692307692,19.951666666666668,17.606194690265486,60.522861356932154,1337,80,0.007223152554935371,,17.74041297935103,419
416,0.0995,-3142.3846153846152,22.105833333333333,18.72681883024251,62.79315263908702,1397,84,0.0071129815732699705,,18.83166904422254,626
417,0.0989,-3915.8461538461534,29.383333333333333,23.862422997946613,68.28952772073922,1431,83,0.007096586127976857,,23.99520876112252,239
418,0.0984,-3253.046153846154,23.423333333333332,20.10103244837758,64.27212389380531,1353,81,0.006892374453757368,,20.22787610619469,170
419,0.0978,-4160.538461538461,34.45666666666666,29.74191229331416,74.85909417685119,1369,84,0.007098528215145206,,29.86053199137311,804
420,0.0973,-3108.076923076923,22.114166666666666,19.243654822335024,62.95794053662074,1368,82,0.007187638716755818,,19.35097897026831,539
421,0.0968,-3228.1846153846154,23.776666666666667,21.09783420463032,65.40029873039582,1330,83,0.007108088825605881,,21.18059701492537,591
422,0.0962,-3134.784615384615,22.525833333333335,19.97428361498898,63.73842762674504,1362,81,0.007038409351397494,,20.052129221732745,116
423,0.0957,-3809.153846153846,27.843333333333334,23.850108616944244,68.88848660391021,1381,81,0.00693687789235924,,23.96089790007241,355
424,0.0952,-2560.5384615384614,18.0,15.919970631424375,58.978707782672544,1349,81,0.007180012375929449,,16.05359765051395,517
425,0.0946,-3209.415384615385,22.595833333333335,19.39738941261784,63.01087744742567,1375,81,0.007089557100211244,,19.532269760696156,82
426,0.0941,-2785.7230769230773,19.405833333333334,17.625948406676784,61.08270106221548,1306,83,0.006860746127652966,,17.718512898330804,492
427,0.0936,-3214.3846153846157,23.17,20.26392961876833,64.95234604105572,1371,81,0.007278124397537711,,20.397360703812318,535
428,0.0931,-2670.369230769231,17.898333333333333,15.648036253776436,58.842900302114806,1339,80,0.007493063729921023,,15.734138972809667,667
429,0.0926,-2715.276923076923,17.16,15.799689440993788,58.70496894409938,1286,78,0.0073034709112926866,,15.904503105590063,839
430,0.092,-2884.9538461538464,19.604166666666668,16.854354354354353,60.169669669669666,1352,81,0.007141139451697749,,16.976726726726728,352
431,0.0915,-3020.5076923076927,21.235833333333332,17.5424091233072,60.587312900926584,1364,82,0.007930118170086204,,17.634354953670705,18
432,0.091,-2823.3846153846152,19.349166666666665,16.372363636363637,59.536,1396,82,0.007821360432892954,,16.472,41
433,0.0905,-3036.8,20.7975,18.126545454545454,61.44072727272727,1360,78,0.007441628959145402,,18.213818181818183,196
434,0.09,-2817.2923076923075,19.295,16.930355791067374,60.13777441332324,1332,80,0.007479223008208999,,17.046177138531416,304
435,0.0895,-3472.7384615384617,23.64,20.13619810633649,64.2680262199563,1386,80,0.007625634969265996,,20.232337946103424,94
436,0.089,-2398.169230769231,16.4425,14.163220088626293,56.79837518463811,1345,83,0.007543769179973272,,14.249630723781388,528
437,0.0885,-3710.8461538461547,27.906666666666666,24.21190130624093,69.79245283018868,1377,84,0.0076699937897593854,,24.297532656023222,699
438,0.088,-2689.3076923076924,19.264166666666668,17.012003000750187,60.45611402850712,1344,83,0.007768526007020271,,17.095273818454615,226
439,0.0876,-2908.2,19.719166666666666,17.42551622418879,60.876106194690266,1337,80,0.0077448019093635505,,17.508474576271187,35
440,0.0871,-3806.3076923076924,31.520833333333332,26.314773570898293,70.75055679287306,1342,83,0.0072739868046666455,,26.397178916109873,549
441,0.0866,-3231.8153846153846,23.454166666666666,19.658327376697642,63.497498213009294,1409,82,0.007392157123654647,,19.774124374553253,501
442,0.0861,-3336.415384615385,23.710833333333333,20.734204793028322,65.30936819172113,1367,83,0.007144041780171763,,20.870733478576614,374
443,0.0856,-2375.753846153846,16.405,14.881060606060606,57.551515151515154,1315,83,0.007148741222422509,,15.00530303030303,550
444,0.0852,-2797.9384615384615,21.061666666666667,18.098434004474274,60.85607755406413,1350,85,0.0069183921671989,,18.184798807749626,158
445,0.0847,-2996.6461538461535,21.563333333333333,18.998529411764707,62.74852941176471,1353,82,0.006865279190233882,,19.092578986039676,886
446,0.0842,-3077.1846153846154,21.055,18.281899109792285,61.795994065281896,1355,80,0.0069919877453323296,,18.38946587537092,421
447,0.0838,-2745.630769230769,20.405,17.862584017923822,61.68035847647498,1333,86,0.0068215777024304616,,17.962658700522777,541
448,0.0833,-2094.9538461538464,14.18,13.370777690494894,56.02278083267871,1271,81,0.0069188892658356,,13.47211311861744,876
449,0.0828,-2538.707692307692,17.3925,15.044444444444444,57.77111111111111,1348,82,0.006848343934948694,,15.16,773
450,0.0824,-3642.7076923076916,26.259166666666665,22.85149963423555,67.22311631309437,1349,81,0.006951322998887384,,22.970738844184346,118
451,0.0819,-4104.323076923077,35.655,31.809176984705026,77.6285506190823,1340,86,0.006867905293802509,,31.963583394027676,241
452,0.0815,-2548.8,16.901666666666667,15.118541033434651,57.995440729483285,1334,80,0.006856345745187791,,15.219604863221884,620
453,0.081,-3805.6153846153848,28.063333333333333,23.84164859002169,69.11062906724511,1382,83,0.007173857034249,,23.947939262472886,836
454,0.0806,-2719.507692307692,19.026666666666667,16.345507669831996,59.399561723886045,1350,82,0.007127482994242919,,16.44119795471147,300
455,0.0801,-3310.0923076923073,27.805833333333332,25.052592592592593,69.91703703703703,1323,85,0.0071895291715690715,,25.142222222222223,504
456,0.0797,-2614.2769230769227,18.805833333333332,16.874228395061728,60.152006172839506,1297,84,0.006942711370559748,,16.962962962962962,697
457,0.0792,-3188.169230769231,22.145,18.456,62.216727272727276,1367,83,0.007145786648317768,,18.55127272727273,56
458,0.0788,-2700.661538461539,19.346666666666668,17.04188096987509,60.63409257898604,1343,79,0.006997201219219726,,17.142542248346803,342
459,0.0784,-2350.3384615384616,16.058333333333334,14.805788271134805,57.489718202589486,1300,80,0.0070855911948873316,,14.927646610814927,829
460,0.0779,-3051.7846153846153,20.531666666666666,17.890738060781477,60.69536903039074,1376,80,0.007153459456027294,,17.99276410998553,210
461,0.0775,-2873.861538461538,21.323333333333334,18.377142857142857,61.93214285714286,1368,84,0.007026289306747858,,18.497142857142858,106
462,0.0771,-2949.0461538461536,20.611666666666668,18.486832204665163,62.56132430398796,1337,81,0.007464160710776258,,18.571106094808126,732
463,0.0766,-3194.584615384615,23.638333333333332,20.819383259911895,64.99486049926578,1361,84,0.007398253617414813,,20.93538913362702,634
464,0.0762,-3045.3076923076924,20.985,18.458618071374335,62.322703113135915,1318,84,0.007397924117011657,,18.55201214882308,824
465,0.0758,-2958.492307692308,20.2,17.4089219330855,61.237918215613384,1344,80,0.007030616216308096,,17.515985130111524,766
466,0.0754,-3200.923076923077,23.92,20.73121387283237,65.28612716763006,1387,85,0.0076295904553085265,,20.846098265895954,288
467,0.075,-3883.6615384615384,29.189166666666665,25.245421245421245,70.07032967032967,1361,86,0.00744391288249801,,25.367032967032966,301
468,0.0745,-3004.3384615384616,21.545,18.535324107793155,62.06190823015295,1371,82,0.007642737197709763,,18.621542940320232,499
469,0.0741,-4137.876923076923,28.711666666666666,23.88953488372093,69.04651162790698,1388,81,0.007520736731618143,,24.021802325581394,597
470,0.0737,-3460.3999999999996,31.670833333333334,28.72234762979684,72.77727614747931,1303,84,0.007842871747224216,,29.737155621742367,229
471,0.0733,-3056.1846153846154,21.423333333333332,18.543731778425656,62.84475218658892,1369,83,0.007449997516791197,,18.59461426491994,244
472,0.0729,-3244.8769230769235,21.938333333333333,19.242380261248186,63.00870827285922,1359,79,0.007460086005011243,,19.34517766497462,63
473,0.0725,-3779.8307692307694,28.911666666666665,25.191690962099127,69.66107871720116,1373,84,0.007194513195753891,,25.32215743440233,475
474,0.0721,-3165.6461538461535,23.341666666666665,20.616753150481838,64.53891771682729,1332,83,0.007060853049878729,,20.74351371386212,658
475,0.0717,-3701.461538461539,25.8475,21.867332382310984,66.38944365192582,1387,80,0.007388394050093041,,21.95506419400856,79
476,0.0713,-2989.461538461538,21.171666666666667,18.207697893972405,61.8235294117647,1358,79,0.0076958520439075724,,18.294117647058822,200
477,0.0709,-3173.2923076923075,22.535833333333333,19.25125268432355,62.8503937007874,1375,82,0.007451911342483894,,19.382247673586257,343
478,0.0705,-2532.215384615385,17.4925,15.030523255813954,58.344476744186046,1387,81,0.007363906054683127,,15.138081395348838,373
479,0.0701,-3064.9692307692308,21.196666666666665,18.569423929098967,62.40103397341211,1370,82,0.00696222668664055,,18.675775480059084,344
480,0.0697,-2975.4769230769234,20.66,17.819526627218934,61.337278106508876,1360,82,0.006849157772430574,,17.932692307692307,714
481,0.0694,-2843.9230769230767,19.050833333333333,16.34319526627219,59.8335798816568,1345,83,0.007161491871480875,,16.44271988174427,13
482,0.069,-3093.8,19.576666666666668,16.943946188340806,60.2847533632287,1352,81,0.006969788544098794,,17.059790732436472,405
483,0.0686,-2805.2615384615383,19.984166666666667,17.980044345898005,61.96452328159645,1349,81,0.007000383219622155,,18.084257206208427,474
484,0.0682,-2797.2769230769227,21.090833333333332,18.261404779145547,61.595220854453295,1384,86,0.0073098936670117935,,18.35094066570188,820
485,0.0678,-2576.1538461538457,18.875833333333333,16.63002274450341,59.816527672479154,1326,83,0.007195012198837955,,16.751326762699016,812
486,0.0675,-2880.169230769231,20.394166666666667,17.945906432748536,60.965643274853804,1360,80,0.007244122149358659,,18.03654970760234,91
487,0.0671,-3628.0769230769233,35.74333333333333,31.62192393736018,77.70917225950782,1312,85,0.006947641823110262,,37.38359201773836,862
488,0.0667,-4198.446153846154,32.391666666666666,27.580043072505383,72.79181622397702,1373,84,0.007078115620208707,,27.724212034383953,222
489,0.0664,-2943.046153846153,21.89666666666667,18.020604395604394,61.2967032967033,1431,83,0.007334486529563553,,18.11675824175824,507
490,0.066,-3512.3230769230768,26.31,22.750726744186046,67.02470930232558,1361,83,0.007287701260567834,,22.846656976744185,857
491,0.0656,-2648.3076923076924,18.64,16.286026200873362,59.88791848617176,1382,82,0.006949525573646269,,16.40684133915575,203
492,0.0653,-2545.046153846154,17.5725,15.422710622710623,58.46300366300366,1347,82,0.00713634897894684,,15.51062271062271,280
493,0.0649,-3995.646153846154,35.42666666666667,30.16740088105727,75.38105726872247,1357,85,0.0070859427542632756,,30.887665198237887,715
494,0.0645,-3183.123076923077,21.618333333333332,19.230711610486892,62.519101123595505,1303,81,0.007048019602708076,,19.333333333333332,451
495,0.0642,-3373.3846153846152,26.81833333333333,22.776183644189384,66.73170731707317,1384,82,0.007095291099946064,,22.8752688172043,144
496,0.0638,-3420.4769230769234,24.850833333333334,21.531978931527465,65.30925507900677,1323,84,0.007371899562200249,,21.62528216704289,760
497,0.0635,-3372.2923076923075,22.824166666666667,19.485507246376812,62.821739130434786,1366,80,0.006935130509494036,,19.594927536231886,788
498,0.0631,-2591.276923076923,18.519166666666667,16.65601217656012,59.95357686453577,1311,85,0.006940864946154666,,16.76255707762557,148
499,0.0628,-3764.753846153846,27.225,22.593184979137693,66.86439499304589,1441,82,0.0072879118191031276,,22.714881780250348,135
500,0.0624,-3058.2615384615387,22.395,19.453547915142646,63.26115581565472,1363,83,0.007223202171299042,,19.564740307242136,52
501,0.0621,-2973.123076923077,21.175,18.34216335540839,62.13980868285504,1344,82,0.007003787246624286,,18.47093451066961,455
502,0.0617,-2865.1076923076926,19.904166666666665,18.07496251874063,61.66341829085457,1321,82,0.007104573309724283,,18.14007490636704,383
503,0.0614,-3023.8461538461543,22.36,18.941089837997055,62.52282768777614,1366,85,0.006984825476774494,,19.036055923473143,610
504,0.0611,-2983.846153846154,20.720833333333335,18.760563380281692,62.852895148669795,1302,84,0.007062388621589646,,18.906885758998435,114
505,0.0607,-2509.4153846153845,17.1125,15.542682926829269,58.388719512195124,1298,82,0.006923122007429985,,15.628048780487806,14
506,0.0604,-2474.876923076923,17.639166666666668,15.18664752333094,58.4781048097631,1384,84,0.006938321606503875,,15.27638190954774,671
507,0.06,-3356.953846153846,25.91583333333333,23.757735849056605,68.58716981132075,1303,83,0.006876757363234776,,24.073962264150943,546
508,0.0597,-3118.7384615384617,22.5675,19.014144271570014,62.43564356435643,1378,83,0.007035112503372006,,19.122347949080623,40
509,0.0594,-3842.9846153846156,32.565,28.275017998560116,72.95104391648668,1367,83,0.007092932488092614,,28.883070301291248,258
510,0.0591,-3779.3384615384616,33.670833333333334,29.883126369612857,75.00438276113952,1339,82,0.006817147173298847,,30.083150984682714,759
511,0.0587,-2020.1384615384613,14.373333333333333,13.33794162826421,55.736559139784944,1294,83,0.00669324377542541,,13.397849462365592,545
512,0.0584,-3751.769230769231,26.0025,22.540014958863125,66.97756170531039,1345,82,0.0068726519897550015,,22.62976813762154,420
513,0.0581,-3225.830769230769,25.034166666666668,21.941600576784428,66.51694304253785,1377,87,0.0070875140292489805,,22.046863734679164,520
514,0.0578,-2868.892307692308,21.385833333333334,18.44884726224784,61.79971181556196,1352,86,0.00698931997264266,,18.544996400287978,635
515,0.0574,-3883.707692307693,34.8525,31.126461988304094,75.49707602339181,1343,81,0.007287544967734879,,34.97385620915033,109
516,0.0571,-2959.6923076923076,21.5775,18.193997071742313,61.66983894582723,1355,84,0.007032486630417802,,18.284040995607615,713
517,0.0568,-2443.3076923076924,17.85,15.947093889716841,59.407600596125185,1326,85,0.007154943585560136,,16.05365126676602,286
518,0.0565,-4002.6000000000004,33.486666666666665,28.77405247813411,74.76822157434403,1368,83,0.007436045001428302,,29.15597667638484,362
519,0.0562,-2582.0923076923077,18.6175,15.879569892473118,58.96272401433692,1387,84,0.007097069866849805,,16.000716845878138,741
520,0.0559,-3502.369230769231,26.326666666666668,22.910436713545522,67.28497409326425,1355,85,0.00736137074442259,,23.025906735751295,524
521,0.0556,-2572.246153846154,18.995,17.12037037037037,60.21913580246913,1308,85,0.00726640963199745,,17.190586419753085,705
522,0.0553,-3839.5230769230766,34.876666666666665,29.886524822695037,75.06170212765957,1406,87,0.007011309718077995,,29.98583569405099,28
523,0.0549,-3556.0307692307692,27.4225,24.265887509130753,68.07888970051133,1355,82,0.007185285053293959,,24.35500365230095,159
524,0.0546,-3154.3846153846157,22.868333333333332,19.11111111111111,63.16917562724014,1384,83,0.007118678827786539,,19.274551971326165,855
525,0.0543,-2612.3384615384616,18.628333333333334,15.832248734634852,59.35936370209689,1410,86,0.007521214781603379,,15.93058568329718,130
526,0.054,-2914.0769230769233,21.14666666666667,18.199708454810494,61.40451895043732,1369,81,0.007128151717834326,,18.32798833819242,613
527,0.0537,-4301.015384615384,30.253333333333334,25.92967032967033,70.84102564102564,1342,84,0.007304455938929415,,26.024908424908425,176
528,0.0534,-3011.8153846153846,21.434166666666666,18.635958395245172,62.64041604754829,1363,82,0.007019953648006775,,18.728826151560177,311
529,0.0531,-2747.9384615384615,21.655833333333334,18.89067055393586,62.16180758017493,1330,84,0.006937038967050228,,18.978862973760933,568
530,0.0529,-2610.0153846153844,18.345833333333335,16.775306748466257,59.87346625766871,1296,83,0.007148476833019718,,16.86130268199234,372
531,0.0526,-2810.4307692307693,19.955,17.49049707602339,61.364766081871345,1375,80,0.007157308511897353,,17.605263157894736,470
532,0.0523,-3667.9538461538464,26.75,22.9319678127286,66.7710314557425,1369,83,0.0071833030015255985,,23.029992684711047,185
533,0.052,-2942.830769230769,20.055,16.748603351955307,60.40013966480447,1432,83,0.007194761454106888,,16.86941340782123,534
534,0.0517,-3012.9076923076927,21.623333333333335,19.310993975903614,63.34713855421687,1330,81,0.007261966438565703,,19.386295180722893,621
535,0.0514,-4183.338461538462,34.596666666666664,30.282576866764277,76.32796486090776,1348,85,0.007066689094158642,,30.428257686676428,264
536,0.0511,-2873.7384615384617,20.098333333333333,17.262283236994218,60.46531791907515,1374,80,0.006883804413158899,,17.384393063583815,485
537,0.0508,-3588.2000000000003,30.743333333333332,26.835125448028673,70.25448028673836,1358,80,0.006976068480945587,,27.767142857142858,356
538,0.0506,-3015.4000000000005,21.438333333333333,18.978211870773855,62.21487603305785,1345,81,0.007411084233962647,,19.072877535687454,7
539,0.0503,-2553.6769230769232,18.215,15.979213066072754,59.24944320712695,1351,83,0.007412631601513655,,16.08092056421678,651
540,0.05,-2538.569230769231,17.418333333333333,16.184841453982987,59.50502706883217,1305,81,0.007381126895342426,,16.280742459396752,554
541,0.05,-2421.461538461538,17.261666666666667,15.21021465581051,58.85862324204293,1351,86,0.007174666312769609,,15.299777942264988,66
542,0.05,-2625.9076923076927,19.275,17.878482972136222,61.43962848297214,1281,85,0.006948280322549063,,17.979102167182663,370
543,0.05,-2917.6153846153848,20.80666666666667,17.59884974838246,61.11790079079799,1382,85,0.007292602979740232,,17.718188353702374,564
544,0.05,-3654.9692307692308,26.721666666666668,23.72106824925816,68.66988130563799,1351,82,0.007115552034357515,,23.82492581602374,583
545,0.05,-2727.4461538461537,19.171666666666667,16.51389932381668,59.40045078888054,1330,81,0.00710653601717678,,16.634861006761835,220
546,0.05,-3065.969230769231,22.175833333333333,19.37166172106825,63.047477744807125,1345,83,0.0069166461548381825,,19.45994065281899,393
547,0.05,-2647.230769230769,18.656666666666666,16.635276532137517,59.562780269058294,1316,81,0.007250835596760347,,16.728699551569505,649
548,0.05,-3533.5846153846155,25.529166666666665,21.879518072289155,65.92558469170801,1367,83,0.007165615726963018,,21.98583569405099,660
549,0.05,-3152.9384615384615,21.288333333333334,18.346586646661667,62.38634658664666,1359,87,0.007330835959098141,,18.43960990247562,482
550,0.05,-2790.0,20.166666666666668,17.444765342960288,60.88736462093863,1360,83,0.007188706594642759,,17.577617328519857,512
551,0.05,-2718.8153846153846,20.269166666666667,18.332824427480915,62.30534351145038,1299,85,0.007328256196401132,,18.42595419847328,548
552,0.05,-2687.215384615384,19.364166666666666,17.332587621178224,60.763609246830725,1337,83,0.007227598465845536,,17.43847874720358,562
553,0.05,-2561.123076923077,17.484166666666667,15.572513287775246,58.61047835990888,1305,81,0.0072842443432072235,,15.661351556567958,138
554,0.05,-2497.6923076923076,16.88083333333333,14.818452380952381,57.29092261904762,1340,80,0.007103768448442596,,14.891449814126394,39
555,0.05,-3481.5538461538463,24.144166666666667,21.410635155096013,64.9549483013294,1332,78,0.007588121622014078,,21.511816838995568,124
556,0.05,-2695.107692307692,19.375,17.137675795706883,60.2020725388601,1345,85,0.007294436849372551,,17.261287934863063,88
557,0.05,-2597.784615384616,17.6775,15.599850411368736,58.915482423335824,1345,82,0.007439237351644075,,15.705310396409873,326
558,0.05,-3562.3846153846152,25.6075,22.180257510729614,66.48354792560801,1382,82,0.007678221313421142,,22.283977110157366,536
559,0.05,-2996.8615384615387,21.434166666666666,18.988086373790022,62.43037974683544,1304,81,0.0077999687509439425,,19.08265078183172,457
560,0.05,-2718.276923076923,18.948333333333334,16.620090634441087,59.68655589123867,1310,83,0.007645898797389103,,16.72356495468278,648
561,0.05,-2399.369230769231,17.393333333333334,15.153732446415374,58.76718403547672,1367,85,0.0078043675696905564,,15.271249076127125,177
562,0.05,-3233.707692307692,28.41583333333333,24.847161572052403,68.64046579330422,1340,86,0.0077317187020499705,,25.12472806381436,655
563,0.05,-2863.5538461538463,21.858333333333334,18.736091298145507,62.25035663338088,1366,85,0.007650852982812691,,18.845221112696148,432
564,0.05,-2690.6153846153848,18.951666666666668,17.483024691358025,61.12885802469136,1305,83,0.007424294277476927,,17.58564814814815,369
565,0.05,-3229.3230769230768,23.279166666666665,20.568901989683123,64.60280029476787,1348,83,0.007244614506205955,,20.672070744288874,251
566,0.05,-2594.9230769230767,17.050833333333333,15.277235161532682,57.699474079639366,1337,79,0.0071885152073307874,,15.369646882043575,183
567,0.05,-2645.507692307692,18.780833333333334,16.807926829268293,59.541920731707314,1301,83,0.007279016950473305,,16.897865853658537,843
568,0.05,-2976.215384615384,22.031666666666666,19.260303687635574,62.790310918293564,1369,84,0.00752865499302241,,19.369486623282718,174
569,0.05,-3822.23076923077,35.715833333333336,30.45492957746479,75.46760563380282,1393,84,0.0077378020688542715,,33.44164919636618,68
570,0.05,-3426.4769230769234,29.9525,26.7039764359352,70.72312223858616,1330,84,0.007471575369010549,,28.060895084372707,243
571,0.05,-2696.9846153846156,19.77166666666667,17.160057678442683,60.812545061283345,1373,81,0.007499130897540564,,17.26892573900505,255
572,0.05,-2940.6923076923076,20.309166666666666,17.236180904522612,60.57286432160804,1386,82,0.007341030722119228,,17.336441893830703,593
573,0.05,-3291.3230769230768,24.4075,21.675953079178885,66.28445747800586,1360,84,0.007464292796509766,,21.80425219941349,656
574,0.05,-2833.876923076923,21.87,18.999283154121862,62.51182795698925,1376,86,0.0074955166068984445,,19.123297491039427,463
575,0.05,-3524.707692307693,25.991666666666667,22.50255661066472,66.13805697589481,1365,82,0.007471757057433338,,22.62600438276114,363
576,0.05,-4246.153846153846,34.9775,28.19701280227596,72.76529160739688,1406,84,0.007299018650280733,,29.114546732255796,898
577,0.05,-3210.3076923076924,22.92,20.068634686346865,64.41918819188191,1349,82,0.007437641449717586,,20.19409594095941,187
578,0.05,-2640.076923076923,18.87,16.787043931496648,59.79523454951601,1327,84,0.007477310259636146,,16.866716306775874,108
579,0.05,-3020.7384615384617,21.696666666666665,18.08374040474529,61.53593859036985,1417,82,0.007474881333249696,,18.17585484996511,142
580,0.05,-2920.0153846153844,20.658333333333335,17.860931899641578,61.78924731182796,1358,83,0.0077344008779508585,,17.99283154121864,785
581,0.05,-2238.0923076923073,16.0725,14.056286549707602,56.68055555555556,1368,84,0.007600039049334197,,14.16593567251462,448
582,0.05,-3633.1692307692306,27.013333333333332,23.96962962962963,68.39037037037038,1320,81,0.00764506575992691,,24.151739452257587,735
583,0.05,-3231.2461538461534,23.391666666666666,20.07941176470588,64.47279411764706,1372,84,0.007591673108799798,,20.175735294117647,411
584,0.05,-3681.7384615384613,25.8275,22.188040345821324,66.3242074927954,1389,81,0.007727605970837123,,22.275017998560116,798
585,0.05,-3345.169230769231,25.7275,22.894697535474233,67.01643017176998,1316,86,0.007410372203419484,,23.02165795369679,786
586,0.05,-2490.246153846154,17.933333333333334,16.677769171185126,59.78543764523625,1272,84,0.007363215778054704,,16.78853601859024,19
587,0.05,-2706.646153846154,19.270833333333332,16.47848285922684,59.664478482859224,1373,82,0.007246978820754989,,16.599562363238512,29
588,0.05,-2885.3846153846152,20.966666666666665,18.927503736920777,62.743647234678626,1318,82,0.007395842501432409,,19.0186846038864,190
589,0.05,-2319.830769230769,16.190833333333334,14.441243366186505,57.454131918119785,1318,83,0.007552409355357336,,14.558756633813495,771
590,0.05,-2722.4461538461537,19.28,17.339594290007515,60.169797145003756,1317,82,0.0076811885870949025,,17.420736288504884,494
591,0.05,-2454.0,16.89666666666667,14.612081513828238,57.56404657933042,1350,82,0.00784686605009017,,14.715429403202329,497
592,0.05,-3236.707692307692,23.025,19.60847701149425,63.305316091954026,1383,81,0.007586202695279962,,19.70710696338837,171
593,0.05,-3253.907692307692,22.003333333333334,18.71663097787295,62.553890078515344,1410,78,0.007247188728301494,,18.81513204853676,619
594,0.05,-3342.338461538461,29.9,26.33117350611951,70.39524838012959,1350,86,0.0074316136359268686,,26.65304659498208,805
595,0.05,-2593.846153846154,18.636666666666667,16.72285497342445,59.572513287775244,1321,82,0.0074305950833905895,,16.81700835231587,381
596,0.05,-3644.9230769230767,25.5275,21.82474964234621,66.08512160228898,1399,79,0.007211194463798418,,21.932761087267526,163
597,0.05,-2763.230769230769,18.905833333333334,16.30841799709724,59.94267053701016,1378,81,0.006939798827332627,,16.39912917271408,736
598,0.05,-3264.4,23.36916666666667,19.92790863668808,63.38686652391149,1382,81,0.0069831251159919215,,20.035688793718773,746
599,0.05,-3050.9538461538464,21.799166666666668,19.045189504373177,62.778425655976676,1360,80,0.006901770586884271,,19.161078717201168,484
600,0.05,-3107.123076923077,21.935,18.620216606498197,62.51191335740072,1382,82,0.006991538299893925,,18.729963898916967,608
601,0.05,-2794.9384615384615,21.243333333333332,19.051492537313433,62.49029850746269,1326,81,0.007127012586578582,,19.149253731343283,718
602,0.05,-2547.9384615384615,17.249166666666667,15.56084656084656,58.681783824640966,1317,81,0.00670689635955787,,15.665154950869237,638
603,0.05,-3961.4,27.273333333333333,23.375190258751903,67.78006088280061,1349,83,0.006921441830778752,,23.47869101978691,281
604,0.05,-3220.230769230769,23.071666666666665,20.344370860927153,64.42752023546726,1343,80,0.006829467469099476,,20.452538631346577,184
605,0.05,-2856.4153846153845,19.786666666666665,17.606171932402646,60.86921381337252,1345,78,0.006925150752648883,,17.717854518736225,666
606,0.05,-2896.876923076923,19.484166666666667,17.270491803278688,60.44113263785395,1328,79,0.0073720186814238454,,17.38673621460507,460
607,0.05,-2824.8153846153846,20.418333333333333,17.95394736842105,61.31505847953216,1363,80,0.0072711689352720505,,18.056286549707604,103
608,0.05,-3427.584615384615,24.281666666666666,21.280029476787032,65.7015475313191,1350,78,0.007323529945847681,,21.389543446244478,893
609,0.05,-3477.4,23.7925,19.84967320261438,64.45098039215686,1402,81,0.0073488645595905355,,19.961510530137982,793
610,0.05,-2641.507692307692,18.0825,16.054355919583024,59.66344005956813,1358,79,0.0073770203763968804,,16.166790766939688,847
611,0.05,-3662.046153846154,25.288333333333334,21.90210297316896,65.356780275562,1373,79,0.00752182414134243,,21.99419869470631,888
612,0.05,-4091.307692307692,28.754166666666666,23.997113997113996,68.97835497835497,1391,81,0.00781709044105305,,24.093073593073594,165
613,0.05,-3980.0000000000005,30.776666666666667,26.05173635719348,70.84195605953225,1410,82,0.0073485631519101405,,26.151665485471298,424
614,0.05,-2708.5692307692307,17.5975,14.881704628949302,58.08376193975018,1370,79,0.007427261053070397,,14.97136563876652,283
615,0.05,-2802.3846153846152,18.484166666666667,15.640860215053763,58.95913978494624,1399,80,0.007204527748845004,,15.761290322580646,73
616,0.05,-2761.507692307692,18.11916666666667,15.934426229508198,59.12071535022355,1341,78,0.007247840607484165,,16.05290611028316,689
617,0.05,-2199.3230769230768,15.024166666666666,13.717095310136157,56.241301059001515,1315,83,0.007144291793449351,,13.813161875945537,637
618,0.05,-2576.4923076923073,17.011666666666667,15.100075815011373,57.821076573161484,1321,78,0.007460459192737523,,15.184988627748295,147
619,0.05,-2897.630769230769,19.605,16.93585174625802,59.92587312900927,1391,78,0.007077319385899047,,17.01568068424804,755
620,0.05,-2783.369230769231,20.5775,17.595153243050607,61.25588025659302,1401,84,0.00702235507164054,,17.696364932287956,65
621,0.05,-2617.369230769231,17.9525,15.808931185944363,59.11639824304539,1356,80,0.00735857979922797,,15.888726207906295,845
622,0.05,-2941.6,19.649166666666666,16.80400890868597,59.97550111358574,1361,80,0.007296213913617791,,16.907943578322197,720
623,0.05,-3331.169230769231,23.480833333333333,20.666168782673637,65.26138909634055,1350,81,0.007201244100672978,,20.75728155339806,453
624,0.05,-2469.169230769231,16.595833333333335,14.538632986627043,57.355869242199105,1360,81,0.007221848362753769,,14.62407132243685,198
625,0.05,-2766.1846153846154,20.421666666666667,17.985326485693324,61.35289801907557,1362,83,0.007111449642645112,,18.07703595011005,498
626,0.05,-2584.4307692307693,18.545833333333334,16.036082474226806,59.109720176730484,1342,83,0.0070836210697536525,,16.147275405007363,358
627,0.05,-3242.7384615384613,22.38,19.656181419166057,63.80687637161668,1382,81,0.007496898811777106,,19.749817117776153,99
628,0.05,-2580.1384615384613,16.975,15.176957831325302,58.06701807228916,1336,77,0.006835814088006115,,15.298192771084338,228
629,0.05,-2909.2615384615383,20.169166666666666,17.53328402366864,61.18269230769231,1356,83,0.007097587393438935,,17.63609467455621,395
630,0.05,-2741.076923076923,17.805,15.483063328424153,58.017673048600884,1335,76,0.007464137219394841,,15.61561119293078,794
631,0.05,-3123.138461538462,21.333333333333332,18.354604786076866,62.27846265409717,1390,82,0.007448195255415435,,18.464104423495286,525
632,0.05,-3201.1076923076926,21.955833333333334,19.00723589001447,63.06801736613603,1373,80,0.007591251929578788,,19.109985528219973,537
633,0.05,-2824.507692307692,19.69333333333333,17.271084337349397,60.765060240963855,1343,84,0.007610117369534752,,17.379518072289155,292
634,0.05,-2911.292307692308,20.325833333333332,18.117293233082705,62.15263157894737,1349,81,0.007507119206630845,,18.231578947368423,742
635,0.05,-4158.200000000001,34.964166666666664,30.761454545454544,76.09163636363637,1363,79,0.007272958064517136,,31.321454545454547,179
636,0.05,-3061.7384615384617,21.34,18.243867243867243,62.16089466089466,1399,81,0.006877929421816949,,18.35930735930736,644
637,0.05,-2754.6769230769232,18.725833333333334,16.9548584544759,60.10328997704667,1303,80,0.006969473729318923,,17.045871559633028,410
638,0.05,-3983.2615384615383,28.215833333333332,24.509615384615383,69.96375739644971,1347,82,0.007400886940101154,,24.61390532544379,67
639,0.05,-2920.476923076923,19.794166666666666,17.2481426448737,60.87221396731055,1348,83,0.007097688753682896,,17.34695393759287,584
640,0.05,-2712.1384615384623,19.8875,16.951704545454547,60.34303977272727,1383,86,0.007124086059407644,,17.048295454545453,454
641,0.05,-2532.8153846153846,18.3775,16.200883002207505,58.89845474613686,1352,85,0.006988468743757252,,16.295069904341428,275
642,0.05,-3685.4307692307693,30.738333333333333,26.025052192066806,70.49965205288797,1431,83,0.006606178544839654,,26.153096729297147,23
643,0.05,-3493.2615384615383,25.9675,23.206845238095237,67.49702380952381,1337,80,0.006832112503609795,,23.30952380952381,306
644,0.05,-3119.953846153846,21.220833333333335,18.34406294706724,61.29399141630901,1383,77,0.0071891854430060674,,18.434191702432045,883
645,0.05,-3822.3846153846152,31.429166666666667,27.057446808510637,71.12340425531914,1376,81,0.007134464168477844,,27.158156028368793,33
646,0.05,-2397.2615384615383,16.308333333333334,14.68680913780398,57.56374355195284,1334,82,0.00736032398910998,,14.79439941046426,436
647,0.05,-3375.507692307692,24.551666666666666,20.822649572649574,65.36396011396012,1385,85,0.007046427163644806,,20.92663817663818,868
648,0.05,-3012.123076923077,21.515833333333333,18.79605263157895,62.65277777777778,1372,81,0.007243573358867893,,18.89327485380117,291
649,0.05,-4033.753846153846,29.9125,26.207048458149778,72.61674008810573,1346,82,0.007347648613947258,,26.28833455612619,58
650,0.05,-3006.6153846153848,21.44,18.514285714285716,62.32454212454213,1367,81,0.007175136808192448,,18.650549450549452,777
651,0.05,-3481.7692307692305,26.061666666666667,21.94326241134752,65.90780141843972,1402,80,0.007225688784589711,,22.009915014164307,21
652,0.05,-2489.276923076923,17.06833333333333,14.824908424908426,57.78021978021978,1390,83,0.007552018391601905,,14.932600732600733,303
653,0.05,-2692.123076923077,18.94333333333333,16.840148698884757,59.90260223048327,1311,81,0.007240226614936017,,16.98884758364312,750
654,0.05,-3705.6461538461535,28.345833333333335,23.896094325718497,68.72881355932203,1370,82,0.007273284988297685,,24.02210759027266,816
655,0.05,-2754.169230769231,19.775833333333335,17.872519083969465,61.62824427480916,1313,81,0.007232473400683516,,18.004580152671757,125
656,0.05,-2691.046153846154,17.83416666666667,15.263234227701233,58.37273386511965,1367,80,0.007405183480686881,,15.35097897026831,560
657,0.05,-3809.6000000000004,31.701666666666668,26.65813788201848,71.04619758351102,1400,81,0.007764954427919473,,26.765625,663
658,0.05,-2317.4,15.3125,13.786747905559787,56.46839299314547,1306,81,0.007762258509657444,,13.884234577303884,633
659,0.05,-3213.6,21.5275,18.037472446730344,61.75312270389419,1344,80,0.007338821286532389,,18.147685525349008,441
660,0.05,-3009.215384615384,20.920833333333334,17.780452224653537,61.4945295404814,1383,80,0.00748013530275194,,17.896425966447847,573
661,0.05,-3004.2615384615383,20.155,17.21316165951359,60.4964234620887,1390,79,0.0073678802154819685,,17.339055793991417,844
662,0.05,-2784.4461538461537,20.061666666666667,18.010463378176382,61.63602391629298,1343,81,0.007277368014521741,,18.115844544095665,137
663,0.05,-3011.246153846154,20.048333333333332,18.026845637583893,61.3214019388516,1331,80,0.007307145834661232,,18.138702460850112,428
664,0.05,-3011.3999999999996,20.210833333333333,17.72295321637427,61.27485380116959,1379,80,0.007485799114163246,,17.808479532163744,631
665,0.05,-2582.8153846153846,16.980833333333333,14.715555555555556,57.54518518518518,1360,78,0.0070909576183335946,,14.818518518518518,193
666,0.05,-2567.046153846154,17.120833333333334,15.829482071713148,58.91792828685259,1269,78,0.007041091481250969,,15.921115537848605,754
667,0.05,-4388.907692307693,39.384166666666665,33.9347054648687,80.47835344215756,1390,84,0.006760106874072011,,35.56558533145275,298
668,0.05,-2482.7230769230773,17.69333333333333,16.01664145234493,58.80559757942511,1317,83,0.006866994493858895,,16.09606656580938,743
669,0.05,-3832.8615384615387,36.185,30.658678286129266,75.22222222222223,1367,81,0.006673470688782653,,32.80317231434751,506
670,0.05,-3021.8307692307694,22.356666666666666,19.572354211663068,62.87041036717063,1371,82,0.006807782990040792,,19.67458603311735,337
671,0.05,-3209.0307692307692,21.95,18.888399412628488,62.55653450807636,1371,82,0.006818607322361984,,18.983113069016152,853
672,0.05,-3863.4307692307693,27.148333333333333,22.541490857946552,67.21308016877637,1421,79,0.006677025334863992,,22.667369901547115,587
673,0.05,-3970.6153846153843,26.93166666666667,23.059347181008903,67.95845697329376,1356,80,0.006715011860186568,,23.140949554896142,164
674,0.05,-3317.5538461538463,23.1725,19.98618181818182,64.02618181818181,1372,80,0.006698966091633922,,20.11490909090909,578
675,0.05,-2543.707692307692,17.094166666666666,15.463933181473045,57.94760820045558,1304,78,0.0068602760563313435,,15.557327258921791,547
676,0.05,-2854.0153846153844,19.8,16.919762258543834,60.664933135215456,1366,85,0.006688899440573602,,17.029717682020802,444
677,0.05,-2779.830769230769,18.053333333333335,16.490302560124128,59.70054305663305,1285,81,0.006828744792916637,,16.587276958882853,31
678,0.05,-3690.9076923076923,31.5525,27.807237813884786,72.22451994091581,1342,82,0.006871605712260742,,29.183823529411764,810
679,0.05,-2834.907692307692,20.215,16.88526912181303,60.10127478753541,1402,84,0.006911255254027282,,17.01558073654391,426
680,0.05,-2753.923076923077,19.300833333333333,16.852353780313837,60.19900142653352,1390,80,0.006924121253079085,,17.002139800285306,643
681,0.05,-3338.6923076923076,23.944166666666668,20.60043827611395,64.918188458729,1386,80,0.0067152390573065514,,20.701241782322864,192
682,0.05,-2340.2923076923075,16.183333333333334,14.673267326732674,57.48134044173648,1307,80,0.006847410748591488,,14.76999238385377,673
683,0.05,-2614.7384615384617,18.456666666666667,16.69954128440367,60.276758409785934,1296,82,0.006741395881401636,,16.80504587155963,894
684,0.05,-2740.492307692308,18.885833333333334,16.574242424242424,60.36212121212121,1339,80,0.006762493545079794,,16.675,32
685,0.05,-2835.7230769230764,18.964166666666667,16.016323633782825,59.042583392476935,1411,80,0.006808536329501174,,16.10361958836054,519
686,0.05,-4255.7692307692305,31.940833333333334,26.62141357592722,71.9559132260322,1415,84,0.006791510074232806,,26.725682295311408,828
687,0.05,-2520.461538461538,18.554166666666667,16.75363427697016,59.9433817903596,1316,83,0.006871680573898337,,16.8530986993114,246
688,0.05,-2719.6153846153843,18.263333333333332,15.715112075198842,59.135213304410705,1378,80,0.006880312068131138,,15.827910339840926,717
689,0.05,-2670.9692307692303,16.581666666666667,15.01462663587375,57.82602001539646,1312,79,0.007002131242420446,,15.141647421093149,134
690,0.05,-2593.4461538461537,17.499166666666667,15.356982823002241,58.265123226288274,1357,83,0.006912801944307388,,15.430918595967139,569
691,0.05,-2679.292307692308,18.284166666666668,15.738359201773836,58.931263858093125,1377,81,0.007148423258789546,,15.830746489283074,590
692,0.05,-2737.123076923077,18.881666666666668,16.961654135338346,60.27293233082707,1329,83,0.006986207515658784,,17.05263157894737,674
693,0.05,-3738.292307692308,30.2075,26.523533671252714,70.86241853729182,1361,83,0.007204361535195019,,26.682838522809558,290
694,0.05,-2284.753846153846,16.201666666666668,14.721052631578948,57.186466165413535,1330,83,0.00697400772653347,,14.812781954887217,25
695,0.05,-2471.4769230769234,17.551666666666666,15.6,58.90827067669173,1329,83,0.0072794802437644406,,15.729323308270677,207
696,0.05,-2884.4615384615386,20.27,18.090638930163447,62.04680534918276,1335,83,0.006928067721701523,,18.182763744427934,284
697,0.05,-4169.630769230769,29.879166666666666,25.592406876790832,70.99570200573066,1388,79,0.00677290410424054,,25.679083094555875,412
698,0.05,-3330.8615384615387,23.823333333333334,20.01956673654787,64.17051013277428,1404,82,0.006826889979927921,,20.138364779874212,630
699,0.05,-2946.1538461538457,21.400833333333335,18.00355871886121,61.54021352313167,1403,82,0.0070480192469842325,,18.10320284697509,526
700,0.05,-4278.846153846153,32.473333333333336,27.43466107617051,72.27882599580713,1422,78,0.007005247627672711,,27.79050279329609,8
701,0.05,-4012.6000000000004,36.589166666666664,30.4837595024188,74.96682791983415,1401,84,0.006975215298648023,,30.873190902825637,2
702,0.05,-3678.8153846153846,24.541666666666668,20.674165457184326,64.57837445573294,1390,75,0.007130888882674425,,20.78301886792453,310
703,0.05,-3483.169230769231,23.35,19.998560115190784,64.53995680345572,1388,78,0.007403977984702275,,20.13966882649388,606
704,0.05,-2877.369230769231,19.743333333333332,17.474868717179294,60.80345086271568,1328,82,0.007046975003173755,,17.58139534883721,866
705,0.05,-3061.461538461538,21.458333333333332,19.26064227035101,63.28678117998506,1344,81,0.007132409633937756,,19.360716952949964,779
706,0.05,-2496.6461538461535,17.741666666666667,15.403179190751445,58.58381502890173,1373,79,0.0072048510156313555,,15.503971119133574,12
707,0.05,-3020.8923076923074,21.033333333333335,17.469979296066253,60.96066252587992,1430,81,0.007012699749873759,,17.575569358178054,832
708,0.05,-2753.5692307692307,18.783333333333335,16.930493273542602,60.488789237668165,1326,83,0.007381808081661947,,17.064275037369207,879
709,0.05,-2719.3076923076924,17.996666666666666,15.926883308714919,59.211964549483014,1376,82,0.0071015113520288995,,16.025849335302805,404
710,0.05,-2430.1076923076926,17.645833333333332,15.421518054532056,58.48415622697126,1383,83,0.007008997951098328,,15.506627393225331,681
711,0.05,-3434.646153846154,25.14,22.53011152416357,66.77174721189591,1339,80,0.007010888219324737,,22.623048327137546,813
712,0.05,-3444.2,23.68,20.161723163841806,63.88135593220339,1419,75,0.006861874613665025,,20.30720338983051,225
713,0.05,-2675.4307692307693,18.126666666666665,15.994052044609665,59.79330855018588,1352,80,0.007393686417844835,,16.091449814126396,252
714,0.05,-2740.753846153846,18.485833333333332,15.920727272727273,59.580363636363636,1377,81,0.0072233995850893955,,16.02109090909091,700
715,0.05,-3080.4153846153845,23.0225,19.724928366762178,63.34025787965616,1405,85,0.007022060477460218,,19.827363896848137,132
716,0.05,-2769.6923076923076,19.194166666666668,16.45658465991317,59.6410998552822,1357,80,0.006938059603819696,,16.574529667149058,572
717,0.05,-4284.2,31.649166666666666,26.589273112208893,71.38884968242766,1383,80,0.006849449771944368,,26.708539167254763,223
718,0.05,-2923.0769230769233,19.648333333333333,17.10860058309038,60.46209912536443,1357,81,0.006669537096710752,,17.224489795918366,652
719,0.05,-2425.2769230769227,16.504166666666666,14.291666666666666,57.021929824561404,1359,83,0.006684926542444341,,14.412280701754385,884
720,0.05,-2854.6461538461535,19.923333333333332,17.66120625465376,60.95755770662696,1322,82,0.006882248964142055,,17.775130305286673,809
721,0.05,-2761.476923076923,20.008333333333333,17.74906646751307,61.19865571321882,1343,84,0.006632464652848824,,17.832710978342046,150
722,0.05,-2574.3076923076924,17.29083333333333,15.728110599078342,58.69124423963134,1285,81,0.007052727433480972,,15.818740399385561,623
723,0.05,-3526.830769230769,25.361666666666668,21.460385438972164,66.4446823697359,1407,84,0.006952795428119119,,21.581013561741614,75
724,0.05,-3382.953846153846,25.170833333333334,22.565217391304348,66.91229385307346,1342,83,0.006825765648690542,,22.68815592203898,206
725,0.05,-3755.5230769230775,26.70916666666667,21.832638888888887,66.64027777777778,1432,84,0.007073033266518165,,21.95347222222222,508
726,0.05,-3373.307692307693,22.596666666666668,19.3136690647482,63.13453237410072,1375,79,0.007260159528130928,,19.416247304097773,392
727,0.05,-3029.8,20.3625,17.368040491684745,60.70065075921909,1383,81,0.007071430660286375,,17.483731019522775,236
728,0.05,-2223.2000000000003,15.510833333333334,13.789434523809524,56.447916666666664,1347,79,0.006953840125663207,,13.889136904761905,702
729,0.05,-3727.0153846153853,27.120833333333334,23.49421965317919,68.64017341040463,1378,79,0.006744701804562223,,23.601156069364162,551
730,0.05,-3314.9538461538464,22.694166666666668,19.991071428571427,64.42410714285714,1338,80,0.006737971532543332,,20.114583333333332,708
731,0.05,-3233.892307692308,22.155,19.44078947368421,63.42836257309941,1370,77,0.0065281604621351495,,19.524122807017545,476
732,0.05,-2734.7692307692305,19.5,16.901449275362317,60.15797101449275,1392,81,0.0064422131970793784,,17.01159420289855,47
733,0.05,-3700.4923076923073,33.775,29.698319941563184,74.28853177501826,1366,85,0.006897356395481535,,30.942112879884224,739
734,0.05,-2465.861538461538,16.55666666666667,14.65410199556541,56.91796008869179,1354,83,0.0066438112961812144,,14.753880266075388,360
735,0.05,-3754.061538461538,27.041666666666668,22.865994236311238,67.9971181556196,1393,81,0.006502087312756917,,22.995677233429394,834
736,0.05,-2770.8615384615387,19.135,16.7875,60.33529411764706,1354,83,0.0068575213487980504,,16.89264705882353,833
737,0.05,-3172.5538461538463,22.034166666666668,19.441964285714285,63.07440476190476,1334,77,0.006750839836624074,,19.527529761904763,201
738,0.05,-2736.1076923076926,18.344166666666666,15.595988538681949,58.626074498567334,1407,82,0.006910405127570811,,15.711318051575931,375
739,0.05,-3641.0307692307697,25.003333333333334,21.684511063526053,65.63240542469664,1374,76,0.00711981433241324,,21.800142755174875,296
740,0.05,-2829.169230769231,19.381666666666668,17.350499615680246,60.7978478093774,1307,81,0.007099261929641303,,17.445042275172945,887
741,0.05,-3379.7230769230773,22.295,18.780851063829786,62.40070921985816,1401,76,0.00688583124285453,,18.889440113394755,353
742,0.05,-3786.169230769231,27.075833333333332,23.502199413489738,68.4017595307918,1349,82,0.007030252072490285,,23.591642228739,582
743,0.05,-3673.230769230769,27.833333333333332,23.110098176718093,68.06451612903226,1426,83,0.0069668685244945626,,23.2328190743338,472
744,0.05,-2601.8461538461534,17.786666666666665,15.215429403202329,58.12372634643377,1382,83,0.007388550911806555,,15.304,870
745,0.05,-2786.046153846154,19.545833333333334,17.62050898203593,61.308383233532936,1331,81,0.007181891905254609,,17.723053892215567,400
746,0.05,-2905.1384615384613,21.345,18.510159651669085,62.16981132075472,1370,83,0.006888680051937551,,18.624092888243833,721
747,0.05,-2746.461538461538,18.223333333333333,16.248097412480973,59.138508371385086,1311,79,0.006951574516601244,,16.336882129277566,473
748,0.05,-3290.3384615384616,22.078333333333333,18.909942363112393,63.388328530259365,1392,81,0.007070516571648142,,19.028097982708935,600
749,0.05,-2583.476923076923,18.161666666666665,16.493476592478896,59.29930928626247,1290,82,0.0068252455514719815,,16.587106676899463,314
750,0.05,-3070.3230769230768,20.765833333333333,18.083823529411763,61.57794117647059,1357,79,0.006932269415409263,,18.166911764705883,882
751,0.05,-2362.6769230769232,16.916666666666668,15.449106449106448,58.86946386946387,1316,84,0.007106436486944904,,15.534576534576535,599
752,0.05,-3112.030769230769,21.1375,18.36111111111111,61.953453453453456,1341,81,0.0069731557596402925,,18.46771771771772,819
753,0.05,-2395.969230769231,14.741666666666667,13.659253375694997,56.3121525019857,1271,81,0.007069334913835921,,13.772835583796663,449
754,0.05,-3906.4769230769225,28.220833333333335,23.548432055749128,67.31637630662021,1406,78,0.007001038801463793,,23.80793319415449,235
755,0.05,-4350.215384615385,37.0525,31.0339222614841,76.90812720848056,1396,83,0.0069264024100384805,,31.25441696113074,115
756,0.05,-2746.6461538461535,19.61,17.313377679231337,60.816703621581674,1344,83,0.006875102887037693,,17.414634146341463,629
757,0.05,-3886.4461538461537,29.0825,24.333094555873924,69.05300859598854,1393,82,0.00706403997761649,,24.43378668575519,669
758,0.05,-3314.4461538461537,22.733333333333334,18.883884588318086,62.679099225897254,1411,81,0.00737281169865942,,18.987332864180154,604
759,0.05,-2616.4307692307693,18.804166666666667,16.10029282576867,59.12811127379209,1366,81,0.00706060397853518,,16.202049780380673,368
760,0.05,-3136.646153846154,21.5,18.808963997060985,62.677443056576045,1347,80,0.00705523140459514,,18.919911829537106,282
761,0.05,-2599.923076923077,17.064166666666665,15.217160212604403,58.477600607441154,1328,79,0.007370396781067709,,15.303490136570561,415
762,0.05,-3787.9384615384624,28.18166666666667,25.33610271903323,71.3987915407855,1340,84,0.007306239323146813,,25.424471299093657,237
763,0.05,-3011.1384615384613,21.773333333333333,18.923741007194245,62.493525179856114,1376,84,0.00713001975199486,,19.029475197699497,389
764,0.05,-3437.153846153846,26.77166666666667,22.940845070422537,66.92183098591549,1402,84,0.007133774930726887,,23.04507042253521,157
765,0.05,-3313.7384615384613,23.554166666666667,19.867991483321504,63.88218594748048,1390,80,0.007052180631819314,,19.9694819020582,331
766,0.05,-3164.4461538461537,23.385,20.19148936170213,64.55025678650037,1363,85,0.007116577808005084,,20.286867204695525,364
767,0.05,-2510.3384615384616,17.690833333333334,15.875186846038863,58.94319880418535,1307,81,0.006758413638814165,,15.972346786248131,856
768,0.05,-2900.7692307692305,19.171666666666667,16.735186539868323,60.1016825164594,1379,79,0.007394144691101192,,16.878566203365033,703
769,0.05,-2850.046153846154,20.225,17.585098612125638,61.56318480642805,1394,80,0.006714587602326439,,17.695398100803505,385
770,0.05,-3765.2615384615387,33.6375,29.477255779269203,74.18120805369128,1317,85,0.007077737020168544,,29.713754646840147,49
771,0.05,-2666.8153846153846,18.726666666666667,16.197406340057636,59.47478386167147,1364,82,0.00685073354328026,,16.322766570605186,762
772,0.05,-2901.292307692307,19.081666666666667,16.581240768094535,60.21861152141802,1358,83,0.006737245133454962,,16.694977843426884,752
773,0.05,-3605.738461538461,31.234166666666667,27.288172043010753,71.24229390681003,1348,81,0.007030970771351141,,28.155825589706932,502
774,0.05,-3489.2615384615383,24.60333333333333,21.106598984771573,65.81653372008702,1378,82,0.006918024074415332,,21.228426395939085,416
775,0.05,-3483.338461538461,25.383333333333333,22.001450326323422,65.73168963016678,1375,80,0.0071940690583928435,,22.07904278462654,216
776,0.05,-2944.7692307692305,19.828333333333333,18.301453710788063,62.12394797245601,1305,81,0.006821093384700447,,18.37796480489671,232
777,0.05,-3289.707692307692,27.495833333333334,23.425783972125437,68.61045296167248,1398,83,0.007149546419693918,,23.891289198606273,612
778,0.05,-2396.523076923077,15.914166666666667,13.84711964549483,56.536189069423926,1345,82,0.006803195951202002,,13.957163958641063,490
779,0.05,-3524.3538461538465,25.161666666666665,21.07505211952745,65.66087560806115,1413,80,0.006812924826638179,,21.195969423210563,247
780,0.05,-3292.753846153846,22.305833333333332,18.958923512747877,63.60198300283286,1399,78,0.00700741807008412,,19.071529745042493,693
781,0.05,-3022.923076923077,20.3275,17.576308139534884,61.111918604651166,1373,80,0.0066475680137076925,,17.68968023255814,458
782,0.05,-3793.5230769230775,33.03333333333333,28.482181818181818,72.66545454545455,1359,82,0.007115532649056482,,30.345297918162238,257
783,0.05,-3543.0615384615385,26.639166666666668,22.34877192982456,66.94736842105263,1408,84,0.007364014435235204,,22.482105263157894,555
784,0.05,-2880.4153846153845,25.10333333333333,22.471836137527433,65.97659107534747,1332,84,0.006893884574255516,,23.58665699782451,807
785,0.05,-2496.3538461538465,17.601666666666667,16.3717848791894,59.50116913484022,1293,83,0.006857133569590625,,16.495713172252533,87
786,0.05,-2326.4153846153845,16.75,14.532584269662921,57.19550561797753,1336,85,0.00712692146762427,,14.639700374531834,531
787,0.05,-3627.2769230769227,26.914166666666667,22.076923076923077,66.91436865021771,1374,81,0.007007625504875222,,22.205370101596518,814
788,0.05,-3012.3076923076924,21.963333333333335,19.2731884057971,63.085507246376814,1368,82,0.006895061252369204,,19.384057971014492,396
789,0.05,-3145.3846153846157,20.480833333333333,17.485069191551347,61.28696285506191,1382,79,0.007345437001724152,,17.589220684632192,627
790,0.05,-2838.0307692307692,18.135833333333334,15.435483870967742,58.238269794721404,1369,81,0.007262753040313093,,15.527859237536656,565
791,0.05,-2619.4923076923073,16.015,13.703676470588235,56.09338235294118,1359,82,0.006993433314412047,,13.803676470588234,683
792,0.05,-2171.4153846153845,15.485,13.837191934279312,56.48020911127707,1337,82,0.006973233198096538,,13.932038834951456,167
793,0.05,-3568.9076923076927,25.3225,22.465317919075144,66.56647398843931,1357,76,0.006929510913014393,,22.590317919075144,59
794,0.05,-2911.1846153846154,20.390833333333333,17.648952095808383,61.39595808383233,1358,85,0.007128576005461316,,17.74700598802395,256
795,0.05,-3950.7538461538456,27.6425,23.175800711743772,68.28825622775801,1407,80,0.0068820151919484936,,23.291814946619215,678
796,0.05,-2910.123076923077,19.464166666666667,16.904099560761345,60.28550512445095,1366,80,0.006893732438342653,,16.978038067349928,266
797,0.05,-2569.0461538461536,17.701666666666668,15.31755280407866,58.285506190823014,1383,80,0.0069861367429365825,,15.40203932993445,514
798,0.05,-2968.9846153846156,19.07,15.890738060781477,59.346599131693196,1393,80,0.007061857599758723,,15.977568740955137,312
799,0.05,-3136.1538461538457,22.88083333333333,19.63157894736842,63.778805120910384,1389,84,0.006935911458033556,,19.748400852878465,763
800,0.05,-2871.4615384615386,18.436666666666667,15.99925925925926,59.388888888888886,1364,82,0.006955079251811013,,16.111851851851853,602
801,0.05,-3808.169230769231,31.429166666666667,27.541210795040115,72.64989059080963,1356,81,0.007059527162624029,,27.797957695113055,406
802,0.05,-2901.923076923077,21.2725,17.814630681818183,60.97940340909091,1395,85,0.0068347608902753244,,17.90909090909091,166
803,0.05,-2643.3846153846157,19.3425,17.273809523809526,60.71279761904762,1329,83,0.006883353706326942,,17.411458333333332,50
804,0.05,-2653.169230769231,17.811666666666667,15.971940763834763,58.68121590023383,1288,83,0.006974837403544211,,16.063133281371783,628
805,0.05,-3144.246153846154,21.663333333333334,18.754411764705882,62.930882352941175,1349,77,0.006811677609843774,,18.88529411764706,120
806,0.05,-2808.846153846154,20.024166666666666,17.50255288110868,61.14660831509847,1360,84,0.006867308982437913,,17.62800875273523,418
807,0.05,-3998.8923076923074,28.49416666666667,23.640951694304253,68.53640951694304,1389,82,0.007211496317237698,,23.72550432276657,542
808,0.05,-3028.707692307692,20.395,18.037638376383764,61.480442804428044,1356,80,0.006899696529903957,,18.137269372693726,407
809,0.05,-2925.538461538461,20.309166666666666,18.157580283793877,61.69006721433906,1343,81,0.007209677578275415,,18.259895444361465,129
810,0.05,-3640.6615384615384,25.9875,22.283783783783782,66.21096096096096,1350,84,0.007172387300464875,,22.365615615615617,81
811,0.05,-3411.2307692307695,30.218333333333334,27.10722100656455,72.10138584974472,1347,84,0.007055244468167508,,27.38512035010941,808
812,0.05,-2666.6153846153848,17.223333333333333,15.051320754716981,57.9222641509434,1349,80,0.006913731346227367,,15.147924528301887,854
813,0.05,-3156.876923076923,21.5275,18.859583952451707,62.37890044576523,1341,79,0.007076851728358547,,18.956909361069837,380
814,0.05,-2815.1846153846154,19.475833333333334,16.7296511627907,59.864098837209305,1367,82,0.006991662415392511,,16.813633067440175,595
815,0.05,-2395.6461538461535,17.426666666666666,15.423220973782772,58.46367041198502,1328,85,0.006655839691082776,,15.521348314606742,725
816,0.05,-2834.953846153846,19.49,17.041572184429327,60.673469387755105,1337,82,0.006809083666467802,,17.142857142857142,139
817,0.05,-3203.630769230769,22.400833333333335,19.197387518142236,63.158925979680696,1366,83,0.006898749081933118,,19.338171262699564,289
818,0.05,-3278.0307692307692,24.0425,21.031042128603104,65.45528455284553,1329,81,0.007372440812944739,,21.16629711751663,701
819,0.05,-4119.015384615384,26.7275,21.75891583452211,66.37303851640513,1413,77,0.0070558553243727905,,21.88944365192582,801
820,0.05,-3449.1384615384613,24.666666666666668,21.666910688140558,66.68521229868229,1387,83,0.007095503321007712,,21.76939970717423,155
821,0.05,-3243.3230769230768,23.125,20.408327246165083,63.991964937910886,1355,80,0.007228357111670249,,20.49963476990504,782
822,0.05,-4524.815384615385,31.949166666666667,25.96829772570641,71.25982081323225,1454,77,0.0073280764391570425,,26.105444521019987,402
823,0.05,-3574.215384615384,25.98,22.959588537839824,67.791329904482,1338,80,0.006919908283685511,,23.044819985304922,361
824,0.05,-4403.430769230769,29.508333333333333,24.86434659090909,69.45241477272727,1389,76,0.007151448981962234,,24.943931866572036,797
825,0.05,-2487.2615384615387,17.3825,15.2279792746114,58.153960029607696,1346,83,0.0070453926138175325,,15.317307692307692,585
826,0.05,-2926.876923076923,21.554166666666667,19.159763313609467,62.84097633136095,1343,85,0.007101708540752143,,19.250739644970412,841
827,0.05,-2364.2307692307695,17.125833333333333,15.09925925925926,57.557037037037034,1333,86,0.006717032395678994,,15.161361954108068,111
828,0.05,-2538.753846153846,17.379166666666666,15.182882223847843,58.10753474762253,1370,80,0.007021046712509561,,15.250730994152047,530
829,0.05,-2331.6923076923076,16.009166666666665,14.839622641509434,57.37657232704402,1260,82,0.00709994967225531,,14.92930086410055,339
830,0.05,-3228.3076923076924,21.6325,18.933333333333334,63.02074074074074,1365,78,0.007084589622226377,,19.03037037037037,830
831,0.05,-3097.0615384615385,23.140833333333333,20.286950252343185,63.92934390771449,1360,82,0.007311694479053466,,20.38472622478386,672
832,0.05,-3133.2,28.259166666666665,25.663197026022306,69.98438661710037,1327,85,0.007268813103604466,,26.018573551263003,197
833,0.05,-3163.3230769230768,22.0125,19.50732064421669,63.24011713030747,1356,83,0.007301746104992966,,19.625183016105417,1
834,0.05,-3130.876923076923,23.4,19.84180790960452,63.24717514124294,1372,82,0.007273113079824892,,19.96963276836158,818
835,0.05,-3390.784615384615,23.1775,20.711839166046165,65.15487714072971,1336,80,0.007317955033537311,,20.820684523809526,277
836,0.05,-2792.830769230769,19.644166666666667,16.735314932767164,59.71903750884643,1393,81,0.0073774916716551845,,16.81528662420382,336
837,0.05,-3088.630769230769,21.450833333333332,18.83601756954612,62.39385065885798,1343,78,0.007439147168094642,,18.918800292611557,55
838,0.05,-3723.9846153846156,25.5875,21.738784370477568,66.20332850940666,1363,77,0.00718604603768597,,21.822125813449023,869
839,0.05,-3252.215384615384,22.2975,18.783261802575108,62.88555078683834,1394,79,0.007481787974789248,,18.912732474964233,729
840,0.05,-2815.4769230769234,18.654166666666665,16.11641359363702,59.10339840925524,1379,80,0.007066676765470257,,16.19364161849711,676
841,0.05,-3695.446153846154,27.410833333333333,23.44632768361582,67.34110169491525,1382,77,0.0071174465795229526,,24.06816584680253,86
842,0.05,-2489.246153846154,17.14666666666667,15.429227237949503,58.47513389441469,1310,81,0.0070471608662723475,,15.559296097934201,205
843,0.05,-2899.4307692307693,20.60333333333333,18.213868613138686,61.4978102189781,1349,82,0.006952122341112105,,18.316788321167884,123
844,0.05,-2754.107692307692,19.523333333333333,17.507912584777696,61.46269781461944,1317,85,0.006860045049361795,,17.61868877166541,481
845,0.05,-2946.7384615384617,20.500833333333333,17.874068554396423,61.380029806259316,1356,80,0.006631308748719089,,17.964232488822653,789
846,0.05,-2757.3999999999996,19.6875,17.059822747415065,60.88478581979321,1366,83,0.006797250507932961,,17.168389955686855,141
847,0.05,-3594.538461538461,26.413333333333334,22.792235801581597,67.26383896477354,1393,81,0.0064583471115616355,,22.924514737598848,616
848,0.05,-2677.8153846153846,18.093333333333334,15.49779086892489,58.66347569955818,1366,82,0.0069197789860503366,,15.610456553755522,439
849,0.05,-2864.369230769231,21.069166666666668,18.271088680605622,61.2451333813987,1371,81,0.007017928445297552,,18.319884726224785,221
850,0.05,-3141.8461538461543,21.080833333333334,18.4690007293946,61.88694383661561,1370,79,0.006774078005309918,,18.591539022611233,495
851,0.05,-2626.630769230769,18.33416666666667,15.909358879882094,58.87324981577008,1352,79,0.007003313331600854,,16.00957995578482,48
852,0.05,-2581.276923076923,18.340833333333332,16.239290989660265,59.52141802067947,1347,81,0.006931261778555084,,16.332348596750368,529
853,0.05,-2973.7384615384613,21.359166666666667,19.169881305637983,62.88278931750742,1342,79,0.006655561561936204,,19.287091988130562,354
854,0.05,-3043.461538461538,22.7725,20.39969947407964,64.045830202855,1318,83,0.006374997234239139,,20.477836213373404,723
855,0.05,-2699.0615384615385,17.845,15.25366568914956,57.86510263929619,1340,81,0.006762135260945808,,15.339442815249267,408
856,0.05,-3406.046153846153,27.755,25.087278106508876,68.38165680473372,1295,82,0.006752216917208215,,25.420118343195266,659
857,0.05,-2876.046153846154,28.2525,25.381617647058825,69.52941176470588,1344,86,0.006877694327394117,,28.883516483516484,62
858,0.05,-2966.8153846153846,19.149166666666666,16.301421091997007,59.5908750934929,1362,81,0.006820458847834175,,16.409124906507106,636
859,0.05,-3513.707692307692,30.6225,26.949963741841913,71.28788977519942,1342,82,0.0066761006641671795,,27.055756698044895,359
860,0.05,-2850.7230769230773,21.245833333333334,18.479090242112985,61.96404988994864,1380,83,0.0067321356171055405,,18.607483492296407,399
861,0.05,-2645.646153846154,17.4375,14.757487216946677,57.99561723886048,1380,82,0.006456874907255857,,14.884587289992695,580
862,0.05,-2377.2000000000003,17.44333333333333,16.055849056603773,58.87320754716981,1297,85,0.006581899955048278,,16.158490566037734,586
863,0.05,-2700.4307692307693,18.7175,16.94279176201373,60.274599542334094,1323,82,0.006334198528007181,,17.06941266209001,248
864,0.05,-2627.9384615384615,17.321666666666665,15.168042010502626,58.35933983495874,1347,83,0.006277871822634804,,15.268567141785446,852
865,0.05,-3262.061538461539,22.58416666666667,20.40751879699248,64.71052631578948,1325,83,0.006168224738934292,,20.51389932381668,880
866,0.05,-3329.5384615384614,26.14,22.236337828246985,66.02058197303052,1390,84,0.006540905519052758,,22.358156028368793,823
867,0.05,-2537.2153846153847,17.66,15.257806826434278,58.00290486564997,1370,85,0.0066204075323858455,,15.352685050798259,790
868,0.05,-3407.5692307692316,24.6775,21.416606498194945,65.31552346570398,1377,82,0.006324943625390327,,21.509747292418773,309
869,0.05,-3088.2153846153847,22.620833333333334,19.85936343449297,64.04663212435233,1337,83,0.006196284649238951,,19.98223538119911,740
870,0.05,-2503.7999999999993,17.761666666666667,15.734129947722181,59.13890963405527,1355,85,0.006436494715239525,,15.844660194174757,796
871,0.05,-2092.3846153846157,15.1775,13.504754937820044,55.90636430138991,1349,83,0.006587201389778756,,13.581565471836138,96
872,0.05,-2646.7692307692305,18.10333333333333,16.591570881226055,59.64521072796935,1301,81,0.006526616144989267,,16.68376722817764,745
873,0.05,-3690.861538461538,27.574166666666667,24.96099024756189,69.70217554388597,1314,85,0.006359873334430997,,25.10269865067466,9
874,0.05,-3461.461538461538,28.080833333333334,23.57111274871039,68.02579218865144,1379,85,0.006565822810719452,,23.71481208548268,489
875,0.05,-3183.415384615385,23.591666666666665,21.294682422451995,64.91875923190547,1332,81,0.006717838213164859,,21.45347119645495,891
876,0.05,-2178.369230769231,15.81,13.925680647534952,56.31567328918322,1353,83,0.006745385055014007,,14.040470934510669,733
877,0.05,-2624.4153846153845,18.364166666666666,16.187407407407406,59.36592592592593,1353,82,0.006815328675937126,,16.288675055514435,382
878,0.05,-2618.3846153846152,18.933333333333334,16.90936329588015,60.32434456928839,1331,81,0.006756206744783054,,16.99550561797753,143
879,0.05,-2711.5692307692307,19.59,17.085862324204292,60.42413027387121,1348,85,0.007010420125694953,,17.167283493708364,265
880,0.05,-2930.6769230769232,20.401666666666667,17.797505502567866,61.49009537784299,1356,84,0.006546481122575961,,17.912692589875274,22
881,0.05,-2958.8,21.919166666666666,20.166160849772382,64.0948406676783,1312,85,0.006636363567589076,,20.30197268588771,181
882,0.05,-2783.9076923076927,20.455,17.923809523809524,61.40805860805861,1333,85,0.006804225340196662,,18.063003663003663,325
883,0.05,-2745.292307692308,20.0825,17.787518573551264,61.074294205052006,1329,81,0.006716839285537478,,17.88187221396731,574
884,0.05,-2953.8461538461543,20.99,17.555555555555557,60.91125541125541,1396,83,0.006564520237648476,,17.656813266041816,607
885,0.05,-3838.353846153846,28.0775,23.92820133234641,68.65433012583271,1367,82,0.006436692649489033,,24.03478904515174,532
886,0.05,-2842.0615384615385,19.768333333333334,17.24306569343066,60.4970802919708,1363,81,0.006477182449204139,,17.362773722627736,324
887,0.05,-2797.5538461538463,19.881666666666668,16.633540372670808,60.13112491373361,1431,81,0.006398405243072025,,16.73775017253278,401
888,0.05,-2543.3846153846152,17.5925,15.429727740986019,58.30316409124356,1333,83,0.006468785571278638,,15.513612950699043,734
889,0.05,-3670.523076923077,28.575,24.748736462093863,69.14440433212997,1380,83,0.006364642802327121,,24.862093862815886,4
890,0.05,-3220.9692307692308,21.88083333333333,18.776141384388808,62.30927835051546,1370,81,0.0064192225848038135,,18.895434462444772,450
891,0.05,-3071.876923076923,21.381666666666668,17.943001443001442,61.09090909090909,1370,82,0.006602726715605981,,18.03968253968254,379
892,0.05,-3559.569230769231,24.928333333333335,22.282335550628233,66.6740576496674,1335,80,0.00649894382140149,,22.38580931263858,191
893,0.05,-2999.969230769231,22.569166666666668,19.1186797752809,63.04494382022472,1397,84,0.006280600890010597,,19.214887640449437,262
894,0.05,-2983.876923076923,19.908333333333335,17.164827078734362,60.06843267108168,1348,83,0.006686172671255849,,17.28991905813098,878
895,0.05,-3239.538461538462,22.865833333333335,20.067202337472608,63.42366691015339,1344,83,0.0065861351225159626,,20.16581446311176,54
896,0.05,-2561.8153846153846,18.335,16.601236476043276,60.39644513137558,1304,83,0.006445178750534267,,16.71174652241113,707
897,0.05,-2975.0153846153844,21.05666666666667,17.486813970064148,60.58873841767641,1388,83,0.006254574266194143,,17.602280826799714,204
898,0.05,-2689.246153846154,19.451666666666668,17.008830022075056,60.04635761589404,1344,82,0.006501202555652359,,17.10955882352941,437
899,0.05,-3287.538461538462,23.7325,20.217328519855595,64.96462093862816,1402,83,0.006572890773961897,,20.306137184115524,846
