episode,epsilon,total_reward,avg_queue,avg_wait_s,avg_travel_s,throughput,switches,td_loss,q_table_states,avg_delay_s,traffic_seed
0,1.0,-1147.7692307692307,3.695,7.877551020408164,72.74768089053804,547,131,16.67049792890229,212,7.975881261595547,438
1,0.9945,-1341.2076923076922,4.485,9.246045694200351,73.80140597539543,562,133,22.634694860664705,355,9.340949033391915,392
2,0.989,-1382.5538461538463,4.3575,8.58843537414966,73.6156462585034,586,131,22.34952194640225,467,8.679117147707979,222
3,0.9835,-1076.4538461538464,3.2816666666666667,7.017341040462428,71.94797687861272,520,135,14.466906418801326,547,7.107899807321773,885
4,0.9781,-1113.9,3.5566666666666666,7.454909819639279,70.1062124248497,524,129,15.58203179374366,613,7.541082164328658,643
5,0.9726,-1052.5153846153848,3.3991666666666664,7.52165725047081,72.43126177024482,533,137,14.040583997253892,675,7.606403013182674,439
6,0.9673,-1430.3076923076924,4.8933333333333335,9.517948717948718,74.46837606837607,582,131,25.42408682289782,715,9.62051282051282,708
7,0.9619,-1358.892307692308,4.265,8.832740213523131,75.45551601423487,579,132,20.395555279622226,765,8.91814946619217,0
8,0.9566,-1367.9230769230771,4.530833333333334,8.872053872053872,74.61279461279462,579,130,22.246824590057447,808,9.003367003367003,808
9,0.9513,-1085.5615384615385,3.55,7.035087719298246,71.89122807017544,577,137,13.414507553902048,827,7.103508771929825,185
10,0.946,-987.3538461538462,3.3841666666666668,7.005281690140845,71.63380281690141,560,140,10.877949132469936,848,7.102112676056338,47
11,0.9408,-1436.5230769230768,4.213333333333333,8.133333333333333,74.13504273504273,602,140,23.761164261973,873,8.247863247863247,558
12,0.9356,-1550.3000000000002,4.723333333333334,9.96415770609319,74.50716845878136,554,127,25.057758779773117,905,10.04121863799283,846
13,0.9304,-1380.4846153846152,4.488333333333333,9.271402550091075,77.26958105646631,554,123,22.234542287056996,930,9.371584699453551,879
14,0.9253,-1202.3153846153846,3.8733333333333335,8.209090909090909,74.03454545454545,546,127,16.007196995956896,953,8.301818181818183,737
15,0.9202,-1250.9615384615383,3.970833333333333,7.468697123519458,72.75296108291032,592,135,17.390050439650967,972,7.549915397631134,23
16,0.9151,-1039.6538461538462,3.3716666666666666,6.998233215547703,71.7844522968198,565,143,13.178167707964278,993,7.081272084805653,583
17,0.91,-1369.0461538461536,4.7491666666666665,9.463541666666666,73.80208333333333,569,138,20.17505469192914,1006,9.532062391681109,488
18,0.905,-1049.4230769230767,3.5875,7.6525735294117645,74.51102941176471,531,132,13.910461265944088,1037,7.737132352941177,431
19,0.9,-1203.8538461538462,4.0075,7.910016977928692,69.76570458404075,584,129,15.117595582359314,1048,7.98981324278438,551
20,0.895,-1182.0153846153846,3.5708333333333333,7.258407079646018,71.61592920353982,557,133,16.167434157746236,1063,7.343362831858407,144
21,0.89,-1081.4,3.6933333333333334,7.508680555555555,73.94270833333333,579,136,14.648590625947735,1073,7.595486111111111,150
22,0.8851,-980.8538461538461,3.32,7.106813996316759,70.92817679558011,540,133,10.470622015875724,1089,7.178637200736648,856
23,0.8802,-1207.3999999999999,3.4725,7.235831809872029,70.50822669104205,551,135,15.606835621327798,1099,7.3528336380255945,806
24,0.8753,-1095.876923076923,3.8016666666666667,7.483760683760684,73.74188034188035,585,140,15.17918598313529,1108,7.588034188034188,305
25,0.8705,-1042.823076923077,3.535,7.466789667896679,73.16051660516605,554,137,13.02773316612507,1117,7.544280442804428,541
26,0.8657,-1193.0615384615385,3.7375,7.811151079136691,72.70323741007195,567,134,17.91065471523424,1129,7.886690647482014,730
27,0.8609,-1279.4384615384615,3.675,7.8161764705882355,72.87683823529412,548,133,19.0865990791578,1146,7.9025735294117645,366
28,0.8561,-1196.5846153846155,3.8866666666666667,7.756013745704467,73.96219931271477,585,136,14.784899569341425,1155,7.826460481099656,848
29,0.8514,-1224.0461538461539,4.2283333333333335,8.7677304964539,74.91666666666667,548,136,16.822179426304988,1177,8.867021276595745,362
30,0.8467,-847.4846153846154,2.888333333333333,6.452975047984645,70.54702495201535,517,128,8.623224873084874,1193,6.527831094049904,333
31,0.842,-1055.623076923077,3.5416666666666665,7.464351005484461,70.93784277879342,557,133,13.315713669222571,1206,7.53199268738574,337
32,0.8373,-936.2846153846153,3.049166666666667,5.950171821305842,70.6512027491409,573,138,10.009991586333573,1209,6.015463917525773,298
33,0.8327,-1108.3000000000002,3.5658333333333334,6.715008431703204,71.27150084317032,587,140,14.755219973212906,1219,6.802698145025295,523
34,0.8281,-1101.8461538461538,3.7391666666666667,7.7023172905525845,71.54010695187166,557,133,15.381783071870823,1234,7.778966131907309,503
35,0.8235,-1161.1538461538462,3.7625,7.83955223880597,73.65485074626865,545,135,16.288783561422765,1243,7.9085820895522385,340
36,0.819,-1231.9461538461537,3.9925,7.737564322469983,72.82504288164665,584,131,16.150838445685554,1247,7.806174957118353,704
37,0.8144,-933.0153846153846,2.9941666666666666,6.7461832061068705,72.88358778625954,520,133,9.406302201172311,1253,6.8606870229007635,72
38,0.8099,-1022.2307692307692,3.2358333333333333,7.042513863216266,72.26247689463956,541,134,13.317610707990136,1255,7.127541589648798,374
39,0.8054,-1153.1846153846154,3.96,7.683937823834197,72.63385146804836,575,132,14.206992271646993,1262,7.791018998272884,663
40,0.801,-1070.3384615384616,3.65,7.144329896907217,71.76975945017182,572,139,13.171193476421406,1267,7.22680412371134,104
41,0.7966,-980.5615384615385,3.6,6.976744186046512,73.18770764119601,589,142,13.341926415070475,1272,7.086378737541528,4
42,0.7922,-1046.7846153846153,3.4783333333333335,7.285454545454545,72.75272727272727,548,141,16.20142704790817,1280,7.369090909090909,232
43,0.7878,-1056.1692307692308,3.5008333333333335,7.080500894454383,71.13237924865832,564,139,11.52738443752774,1286,7.182468694096601,425
44,0.7834,-994.4538461538463,3.345,6.895117540687161,70.7757685352622,553,131,11.685175133067041,1296,6.990958408679927,538
45,0.7791,-1240.7615384615385,4.1075,8.17717206132879,73.64224872231686,587,129,16.0406304503748,1304,8.277683134582624,238
46,0.7748,-1043.2923076923075,3.6241666666666665,7.1447811447811445,70.31818181818181,576,135,13.291584178638256,1306,7.225589225589226,796
47,0.7705,-1138.7461538461537,3.881666666666667,7.631578947368421,71.23938879456706,577,135,16.24194671160376,1319,7.718166383701188,690
48,0.7662,-810.6153846153846,2.97,6.416666666666667,71.21481481481482,531,144,9.447828348891342,1326,6.507407407407407,756
49,0.762,-1234.623076923077,4.265833333333333,7.705785123966942,75.34710743801652,581,126,16.22325273723687,1327,7.811570247933885,78
50,0.7578,-1224.2153846153847,4.215,8.25,74.57068965517242,583,135,16.257272010439237,1330,8.331034482758621,234
51,0.7536,-993.223076923077,3.3691666666666666,6.420875420875421,70.03367003367003,594,142,13.755120051979803,1332,6.521885521885522,482
52,0.7494,-1028.9538461538461,3.22,6.504378283712785,71.91418563922942,588,142,15.204940487956,1336,6.593695271453591,134
53,0.7453,-1078.0230769230768,3.7725,7.149565217391304,72.1008695652174,580,137,15.943738002324743,1343,7.257391304347826,554
54,0.7411,-1155.8076923076924,3.7491666666666665,7.324873096446701,72.36209813874788,591,137,15.076462993873921,1352,7.409475465313029,310
55,0.737,-1083.0615384615385,3.3783333333333334,6.887915936952715,72.46935201401051,575,137,14.64423843120258,1357,7.029772329246935,544
56,0.733,-1071.4384615384615,3.6475,7.532028469750889,72.95195729537366,556,138,15.413270138151455,1363,7.612099644128114,74
57,0.7289,-1049.1384615384616,3.2041666666666666,6.814882032667876,71.79854809437387,551,131,12.903724807821737,1376,6.918330308529946,288
58,0.7249,-1106.8923076923077,3.6883333333333335,7.385813148788928,69.27162629757785,566,138,16.55755334932425,1387,7.491349480968858,898
59,0.7209,-806.7461538461538,2.575833333333333,5.5366300366300365,69.15567765567765,537,138,9.84115884990807,1389,5.606227106227106,327
60,0.7169,-1135.0692307692307,3.925,8.082601054481547,71.0738137082601,568,139,19.802187369958155,1391,8.17750439367311,142
61,0.7129,-979.6076923076922,3.256666666666667,6.482456140350878,70.83859649122807,563,140,12.567373079707997,1393,6.607017543859649,843
62,0.709,-941.4230769230769,3.335,6.7972027972027975,71.33916083916084,570,137,12.369662804057661,1396,6.893356643356643,324
63,0.705,-1030.123076923077,3.425,6.802816901408451,71.4330985915493,564,133,13.102547702556825,1406,6.89612676056338,781
64,0.7011,-1008.053846153846,3.4191666666666665,6.951219512195122,70.06271777003484,561,139,12.415878764669063,1408,7.029616724738676,153
65,0.6973,-999.5615384615385,3.339166666666667,6.2034782608695656,68.22956521739131,579,139,15.874674041509525,1420,6.2904347826086955,20
66,0.6934,-948.3384615384615,3.348333333333333,6.527972027972028,72.48426573426573,585,140,12.643495338898674,1426,6.620629370629371,7
67,0.6896,-1017.4153846153845,3.535,7.1243432574430825,72.58143607705779,576,136,11.539592839910135,1427,7.211908931698774,396
68,0.6858,-1137.4384615384615,4.030833333333334,7.955479452054795,71.38869863013699,579,132,16.44486526872803,1435,8.068493150684931,562
69,0.682,-854.9000000000001,3.0525,6.043402777777778,70.89409722222223,581,139,10.847076265297474,1437,6.111111111111111,685
70,0.6782,-1064.4615384615386,3.5225,6.855946398659967,71.64154103852596,603,138,14.771315384453336,1443,6.984924623115578,312
71,0.6744,-1016.823076923077,3.4141666666666666,6.672977624784854,72.46127366609295,569,134,13.223898814993,1448,6.752151462994837,66
72,0.6707,-955.6923076923077,3.069166666666667,6.039316239316239,68.4888888888889,591,134,11.42124634560736,1449,6.109401709401709,114
73,0.667,-800.0384615384615,2.6308333333333334,5.625,69.55597014925372,539,142,9.547715630856995,1451,5.692164179104478,163
74,0.6633,-930.2846153846153,2.8933333333333335,5.973484848484849,69.59469696969697,543,135,10.413723330295158,1455,6.066287878787879,338
75,0.6596,-805.0769230769231,2.8891666666666667,6.044964028776978,68.35791366906474,546,138,12.030927248236639,1461,6.127697841726619,593
76,0.656,-992.0153846153846,3.2241666666666666,6.79182156133829,71.53159851301115,553,134,13.472063565276951,1466,6.866171003717472,863
77,0.6524,-913.6923076923076,2.5516666666666667,5.512241054613936,67.69679849340866,526,140,12.488559429102837,1473,5.589453860640301,877
78,0.6487,-936.2384615384615,3.305,6.729493891797556,73.24258289703316,568,132,11.474111166910102,1477,6.827225130890052,376
79,0.6452,-891.5692307692308,3.089166666666667,6.270796460176991,69.14690265486726,564,142,10.958691974469225,1481,6.353982300884955,723
80,0.6416,-970.6307692307691,3.256666666666667,6.8209764918625675,71.83363471971067,538,134,12.930099222884433,1487,6.902350813743219,463
81,0.638,-1170.0384615384614,3.58,7.481012658227848,71.4014466546112,554,131,18.616534829075118,1494,7.569620253164557,734
82,0.6345,-878.2307692307692,3.3533333333333335,7.145220588235294,70.63051470588235,548,145,14.06020964842996,1498,7.248161764705882,96
83,0.631,-1021.7769230769231,3.5225,7.181981981981982,70.42522522522522,567,138,15.766160073460085,1506,7.252252252252252,118
84,0.6275,-1099.1,3.7225,7.409246575342466,70.91095890410959,574,131,16.631140216219574,1513,7.470890410958904,483
85,0.624,-1065.8307692307692,3.796666666666667,7.624356775300171,71.95368782161235,582,130,15.058346513075522,1515,7.689536878216123,371
86,0.6206,-883.3923076923077,2.9616666666666664,6.217625899280575,71.75359712230215,528,137,10.657057996008687,1521,6.303956834532374,674
87,0.6171,-958.3384615384615,3.2475,6.9323583180987205,71.75502742230347,561,134,14.141511855579784,1529,7.0182815356489945,395
88,0.6137,-939.9076923076923,3.1216666666666666,6.617594254937163,71.00897666068222,548,136,12.30748798533084,1535,6.703770197486535,807
89,0.6103,-1001.3538461538461,3.2958333333333334,6.6269165247018735,69.4258943781942,587,136,14.967102252013877,1543,6.7342419080068145,573
90,0.607,-863.3615384615384,2.8325,5.714285714285714,67.9620253164557,554,131,14.086073526241599,1545,5.808318264014466,552
91,0.6036,-995.523076923077,3.28,6.813528336380256,72.36380255941499,544,133,16.106181455252585,1546,6.8939670932358315,699
92,0.6003,-734.6307692307691,2.660833333333333,5.1946902654867255,69.44778761061947,563,138,10.37006428879416,1546,5.290265486725664,211
93,0.5969,-896.1384615384616,3.0566666666666666,6.538181818181818,68.10363636363637,537,135,12.647173219826948,1551,6.630909090909091,645
94,0.5936,-896.2692307692307,2.7575,5.9654510556621885,70.43570057581574,541,139,12.900623974953103,1557,6.053742802303263,560
95,0.5904,-936.6692307692308,3.095,6.186963979416809,70.35849056603773,583,141,15.261733439831001,1564,6.2778730703259,728
96,0.5871,-1004.5153846153846,2.8291666666666666,5.834507042253521,70.66021126760563,570,139,17.06801788577283,1571,5.908450704225352,112
97,0.5838,-767.0230769230769,2.6375,5.676691729323308,69.01315789473684,532,149,9.472285494202632,1573,5.7593984962406015,854
98,0.5806,-870.3846153846154,2.8275,6.173913043478261,71.47826086956522,532,135,10.033734706254833,1578,6.257088846880907,302
99,0.5774,-948.7692307692308,3.2416666666666667,6.824057450628366,70.63734290843806,551,136,12.587271515079674,1581,6.904847396768402,106
100,0.5742,-977.0615384615385,3.055,5.989528795811518,70.81500872600348,576,134,13.853077349802739,1592,6.075043630017452,93
101,0.571,-778.8153846153846,2.7533333333333334,5.821362799263352,69.74953959484347,539,137,9.75112423899414,1595,5.900552486187845,857
102,0.5679,-932.6230769230768,2.9983333333333335,6.354779411764706,73.21507352941177,531,144,14.716771505715766,1595,6.4650735294117645,832
103,0.5647,-917.5461538461539,2.95,5.970017636684303,68.99823633156967,573,133,11.524194487170167,1599,6.042253521126761,329
104,0.5616,-878.376923076923,2.9583333333333335,5.991212653778559,70.69068541300527,573,135,11.181812449145092,1604,6.098418277680141,702
105,0.5585,-969.4846153846154,3.1725,6.220168067226891,71.00504201680673,576,133,13.084865383609523,1608,6.314285714285714,780
106,0.5554,-794.576923076923,2.795,5.805755395683454,72.18165467625899,559,138,12.828424527884756,1612,5.872302158273381,591
107,0.5523,-670.9307692307693,2.315,4.93609022556391,68.16917293233082,546,140,10.336124489008444,1618,5.015037593984962,176
108,0.5493,-812.4846153846155,2.8675,5.855871886120997,67.44661921708185,554,139,10.908271605178843,1622,5.955516014234876,504
109,0.5462,-975.3307692307692,3.390833333333333,6.464401294498382,71.74919093851133,616,139,15.211020872333506,1625,6.5711974110032365,600
110,0.5432,-749.3384615384616,2.4116666666666666,4.877659574468085,65.95567375886525,560,142,9.414977619284214,1631,4.941489361702128,725
111,0.5402,-845.2846153846153,2.8533333333333335,5.901960784313726,71.35115864527629,567,138,12.247626086678334,1634,5.978609625668449,389
112,0.5372,-939.4615384615385,3.0908333333333333,6.271914132379249,71.01431127012522,555,139,13.35971216470956,1638,6.368515205724508,621
113,0.5343,-810.7,2.8075,5.425170068027211,71.67687074829932,605,134,10.800687193199348,1640,5.523809523809524,342
114,0.5313,-722.0846153846153,2.4325,5.10431654676259,67.33093525179856,544,141,9.258147414682597,1644,5.2140287769784175,603
115,0.5284,-803.2384615384616,2.8133333333333335,5.49,69.42,593,143,10.314396565954263,1645,5.586666666666667,368
116,0.5254,-973.3538461538462,3.1766666666666667,6.463587921847247,73.54884547069271,567,136,14.973419184430055,1649,6.559502664298401,749
117,0.5225,-882.9153846153845,3.276666666666667,6.4135593220338984,69.70338983050847,581,144,13.523722504123002,1656,6.489001692047378,540
118,0.5196,-1007.876923076923,3.220833333333333,6.321367521367521,68.02393162393163,607,138,15.57345081768649,1665,6.4,774
119,0.5168,-949.1461538461538,3.0425,6.416206261510129,72.52854511970534,536,128,12.643185811265122,1668,6.502762430939226,113
120,0.5139,-1032.946153846154,3.7133333333333334,7.460854092526691,71.93772241992883,561,140,16.210420574939384,1672,7.55338078291815,151
121,0.5111,-903.5230769230768,3.06,6.289007092198582,71.79609929078015,561,138,12.260520202369646,1682,6.379432624113475,154
122,0.5082,-975.5,3.5208333333333335,6.688741721854305,72.01655629139073,606,136,15.34215453638042,1684,6.78476821192053,715
123,0.5054,-795.0,2.7358333333333333,6.207509881422925,72.40711462450592,522,136,10.422666330621166,1686,6.296442687747035,149
124,0.5026,-771.4000000000001,2.6908333333333334,5.651769087523277,70.56983240223464,541,142,8.7014051558154,1686,5.713221601489758,646
125,0.4998,-813.0461538461539,2.723333333333333,5.741758241758242,69.22161172161172,545,140,12.026326254909065,1690,5.8388278388278385,410
126,0.4971,-978.3,3.3408333333333333,6.829824561403509,68.82280701754387,557,135,13.913522792615241,1692,6.91578947368421,294
127,0.4943,-890.7692307692307,3.1983333333333333,6.98686679174484,72.63789868667918,543,137,13.425894618164065,1692,7.078799249530957,612
128,0.4916,-1014.046153846154,2.8225,5.8734177215189876,71.38155515370705,559,128,16.304050894387416,1701,5.976491862567812,411
129,0.4889,-823.7692307692307,2.81,5.4214162348877375,67.85837651122625,590,130,11.235668725319362,1701,5.5025906735751295,257
130,0.4862,-809.876923076923,2.618333333333333,5.511070110701107,67.76568265682657,527,129,10.84721827655866,1709,5.594095940959409,336
131,0.4835,-825.8692307692307,2.7133333333333334,5.517921146953405,68.46594982078852,558,137,10.322895942636023,1709,5.60752688172043,349
132,0.4808,-864.7846153846153,2.8966666666666665,6.1602209944751385,71.32412523020258,552,136,12.917805333731252,1715,6.233455882352941,427
133,0.4781,-864.1846153846153,2.9,5.70304114490161,68.83005366726297,557,134,12.622831440668595,1715,5.801431127012522,648
134,0.4755,-938.5461538461539,2.9816666666666665,6.1732851985559565,68.63537906137184,552,137,13.409920672457323,1717,6.270758122743683,822
135,0.4729,-839.8538461538462,2.53,5.394392523364486,68.2392523364486,532,138,12.406903390469695,1719,5.497196261682243,570
136,0.4703,-934.3153846153846,2.9483333333333333,5.898954703832753,69.20731707317073,574,143,13.417681518990278,1724,5.968641114982578,229
137,0.4677,-956.623076923077,3.225,6.649557522123894,71.0212389380531,577,134,14.63576772911201,1728,6.715044247787611,668
138,0.4651,-815.2,2.6725,5.272413793103448,69.60862068965517,585,133,9.7741773368149,1732,5.379310344827586,433
139,0.4625,-790.4230769230769,2.9066666666666667,5.760344827586207,71.91724137931034,582,140,12.310504642216165,1733,5.8517241379310345,468
140,0.4599,-704.553846153846,2.6175,5.235915492957746,69.625,579,139,11.634617612277852,1736,5.315140845070423,164
141,0.4574,-963.023076923077,3.430833333333333,7.022968197879859,72.60247349823321,564,136,13.337081081011725,1742,7.104240282685512,744
142,0.4549,-853.4230769230769,2.96,6.157989228007182,69.48833034111311,551,134,12.118450595651085,1747,6.265709156193896,197
143,0.4523,-799.7076923076924,2.7758333333333334,5.6678321678321675,69.36538461538461,568,140,10.560482018031541,1749,5.784965034965035,387
144,0.4498,-961.6769230769231,2.78,5.427835051546392,69.8659793814433,587,143,15.719208760666618,1753,5.512027491408935,249
145,0.4474,-929.9230769230769,3.0525,6.01010101010101,68.63468013468014,590,135,16.153596589500857,1759,6.090909090909091,535
146,0.4449,-744.276923076923,2.526666666666667,5.468809073724008,69.96786389413988,543,142,11.307448230997753,1759,5.5482041587901705,638
147,0.4424,-835.2769230769231,3.0475,6.001742160278746,68.43728222996516,587,144,12.431139205291137,1761,6.094076655052265,566
148,0.44,-915.0461538461539,3.069166666666667,5.669950738916256,69.95402298850574,604,145,15.356110734259223,1763,5.760262725779967,259
149,0.4375,-838.5923076923077,2.933333333333333,6.054964539007092,69.51241134751773,568,138,15.505085813534956,1767,6.120567375886525,466
150,0.4351,-871.3230769230769,2.7666666666666666,5.555360281195079,71.96836555360281,582,141,13.838922408080713,1772,5.678383128295255,330
151,0.4327,-817.2230769230769,2.8025,5.303482587064677,69.69983416252073,597,138,11.800639571005615,1775,5.402985074626866,126
152,0.4303,-903.6846153846154,3.055833333333333,6.46800731261426,71.63985374771481,554,133,13.724681364389957,1780,6.5612431444241315,580
153,0.4279,-754.0692307692307,2.5841666666666665,5.573283858998145,69.72356215213358,541,139,12.11127379774336,1783,5.653061224489796,351
154,0.4256,-860.3923076923077,3.2683333333333335,6.759633027522936,71.97981651376146,538,145,15.206120009447101,1785,6.844036697247707,610
155,0.4232,-829.5769230769231,3.0725,6.1192504258943785,69.71890971039183,590,140,14.2079895543875,1789,6.210884353741497,659
156,0.4209,-886.9846153846154,2.7816666666666667,5.805008944543828,66.72808586762075,558,133,13.089873558452085,1790,5.8765652951699465,80
157,0.4185,-812.0538461538462,2.7383333333333333,5.7196428571428575,70.46785714285714,557,135,12.475365344742867,1795,5.816071428571429,888
158,0.4162,-971.9692307692308,3.381666666666667,6.964601769911504,72.03893805309734,564,130,15.840868783732123,1801,7.0725663716814156,543
159,0.4139,-910.3,2.9658333333333333,5.7666098807495745,68.71890971039183,591,133,12.894987292568187,1802,5.850085178875639,415
160,0.4116,-764.1846153846154,2.611666666666667,5.315696649029983,68.54320987654322,563,129,9.96104323249446,1804,5.398589065255732,276
161,0.4094,-842.4692307692308,2.805833333333333,5.927007299270073,69.18795620437956,557,130,13.516485282137708,1809,6.0273722627737225,479
162,0.4071,-932.4230769230769,3.1825,6.3321976149914825,70.50085178875639,581,132,13.052304629456307,1810,6.415672913117547,77
163,0.4048,-695.9076923076923,2.4608333333333334,5.1645569620253164,70.34538878842676,562,144,8.622543246430048,1810,5.231464737793852,630
164,0.4026,-833.0461538461539,2.98,5.977586206896552,69.6896551724138,571,142,11.332537072158486,1811,6.0810344827586205,656
165,0.4004,-741.2769230769231,2.4608333333333334,4.961739130434783,66.53739130434782,581,140,10.778077666493807,1814,5.041739130434783,217
166,0.3982,-727.6230769230768,2.3516666666666666,4.616197183098592,67.68661971830986,572,142,12.726889880629527,1816,4.720070422535211,539
167,0.396,-774.7769230769231,2.7441666666666666,5.259075907590759,68.92079207920793,609,150,11.76517671531347,1818,5.348184818481848,45
168,0.3938,-838.5,2.9475,5.857391304347826,70.13565217391304,577,142,13.127117351273325,1818,5.944347826086957,617
169,0.3916,-865.0153846153846,2.8366666666666664,5.509401709401709,71.408547008547,585,134,12.81674076009242,1821,5.596581196581196,236
170,0.3894,-979.7923076923078,3.03,6.404761904761905,72.53663003663004,554,125,13.515579134029018,1826,6.510989010989011,441
171,0.3873,-784.0384615384614,2.5766666666666667,5.017574692442882,67.99121265377856,571,141,13.152725187222714,1829,5.119507908611599,311
172,0.3851,-829.9307692307691,2.815,5.305699481865285,68.29879101899827,581,138,12.705822850857714,1831,5.379310344827586,401
173,0.383,-907.2615384615385,2.879166666666667,5.802841918294849,68.73534635879219,563,137,13.796304353183372,1833,5.86145648312611,524
174,0.3809,-860.3692307692307,3.0766666666666667,5.865573770491803,68.19344262295083,610,140,12.435536743819247,1833,5.965573770491804,282
175,0.3788,-876.5615384615385,2.763333333333333,5.715563506261181,68.08586762075134,552,129,11.318571096246233,1834,5.808586762075135,54
176,0.3767,-767.9461538461538,2.5791666666666666,5.654368932038835,65.84660194174758,517,132,10.893527476469849,1838,5.733980582524272,279
177,0.3746,-788.4923076923077,2.6575,5.29054054054054,69.375,597,137,12.559640314099664,1839,5.388513513513513,606
178,0.3725,-809.0076923076924,2.7691666666666666,5.463121783876501,70.67238421955403,582,129,11.442023124624626,1840,5.566037735849057,574
179,0.3705,-732.9000000000001,2.5675,5.468634686346864,70.93173431734317,541,142,10.092012153565681,1842,5.564575645756458,55
180,0.3684,-799.623076923077,2.795,5.796363636363636,70.29636363636364,534,137,9.607405361750063,1844,5.8963636363636365,361
181,0.3664,-699.7923076923078,2.3608333333333333,4.643581081081081,67.09966216216216,569,143,10.15085742137096,1847,4.739864864864865,165
182,0.3643,-800.623076923077,2.735,5.120135363790186,69.4771573604061,599,141,12.616896086002104,1849,5.208121827411167,601
183,0.3623,-848.2846153846153,2.8275,5.644097222222222,69.08333333333333,576,134,10.14223418571984,1849,5.704861111111111,380
184,0.3603,-786.6846153846153,2.7375,5.313458262350937,71.33219761499149,589,136,10.752557182498485,1851,5.409863945578231,318
185,0.3583,-798.3538461538461,2.7483333333333335,5.4,68.3076923076923,572,144,13.37933111097716,1855,5.500854700854701,805
186,0.3563,-738.1692307692308,2.5425,5.688109161793372,70.07602339181287,520,136,10.693712424774647,1860,5.756335282651072,502
187,0.3544,-820.3538461538462,2.8358333333333334,5.758620689655173,70.78448275862068,583,131,11.941618480938311,1861,5.86551724137931,493
188,0.3524,-809.4461538461538,2.8175,5.351575456053068,69.96019900497512,596,137,13.292053167404218,1865,5.437810945273632,779
189,0.3505,-848.8076923076923,2.8833333333333333,5.445378151260504,70.44873949579832,606,132,12.420348110982882,1865,5.557983193277311,561
190,0.3485,-714.2461538461538,2.36,4.599284436493739,68.97316636851521,563,138,11.308490662997663,1866,4.674418604651163,430
191,0.3466,-777.6461538461538,2.55,5.623818525519849,71.59735349716446,524,128,10.937817335683498,1870,5.714555765595463,90
192,0.3447,-722.5692307692308,2.405,4.682926829268292,68.43205574912892,564,132,11.346848287126427,1871,4.7874564459930316,627
193,0.3428,-705.2,2.53,4.938983050847457,68.89152542372881,597,138,10.103635905142584,1874,5.0152542372881355,847
194,0.3409,-909.7769230769231,3.03,6.280918727915195,70.4434628975265,566,141,13.33434998117352,1874,6.362190812720848,775
195,0.339,-821.4538461538461,2.7841666666666667,5.597495527728086,68.31127012522361,565,130,14.426559735990233,1874,5.6708407871198565,831
196,0.3371,-771.1769230769231,2.6058333333333334,5.217838765008576,69.06518010291595,572,136,12.690491876867535,1876,5.300171526586621,377
197,0.3352,-833.1076923076923,2.6658333333333335,5.485714285714286,69.63571428571429,578,139,13.24757887742096,1877,5.555357142857143,486
198,0.3334,-823.4846153846154,2.69,5.578571428571428,69.46785714285714,550,130,12.257667674451822,1877,5.673214285714286,38
199,0.3315,-855.7538461538462,3.0766666666666667,6.0574324324324325,70.83445945945945,595,143,13.092578284258039,1877,6.143581081081081,301
200,0.3297,-709.2307692307693,2.3958333333333335,4.929203539823009,68.26725663716815,565,136,10.963247919463388,1877,4.984070796460177,214
201,0.3279,-884.5076923076924,3.026666666666667,6.385899814471243,71.52504638218925,541,126,12.850786322245042,1879,6.465677179962894,138
202,0.3261,-753.3307692307692,2.4983333333333335,5.162790697674419,68.88372093023256,562,133,12.379431471206644,1879,5.237924865831842,642
203,0.3243,-662.7384615384616,2.3691666666666666,5.179047619047619,69.25333333333333,529,137,11.080926962992462,1880,5.247619047619048,19
204,0.3225,-776.876923076923,2.4766666666666666,5.304511278195489,70.28195488721805,542,131,10.123564942570093,1881,5.3639774859287055,273
205,0.3207,-845.0846153846154,2.660833333333333,5.5088967971530245,67.54626334519573,560,129,13.029099458285378,1882,5.603202846975089,263
206,0.3189,-803.5076923076923,2.8233333333333333,5.7407407407407405,68.83333333333333,533,138,11.125255612802386,1888,5.82037037037037,815
207,0.3172,-851.0846153846154,2.7775,5.853526220614828,70.3869801084991,554,137,13.8178650809261,1889,5.958408679927667,417
208,0.3154,-668.8923076923077,2.220833333333333,4.695652173913044,69.10144927536231,557,130,9.2369373357338,1890,4.798913043478261,123
209,0.3137,-883.4846153846154,2.776666666666667,5.582746478873239,68.8943661971831,589,133,13.599172914158277,1892,5.679577464788732,492
210,0.3119,-793.0384615384614,2.736666666666667,5.691756272401434,70.63082437275986,572,141,12.010919003187238,1892,5.804659498207886,448
211,0.3102,-749.3461538461538,2.700833333333333,5.360915492957746,70.05105633802818,560,137,12.710672864270574,1893,5.447183098591549,687
212,0.3085,-813.6846153846154,2.8516666666666666,5.703125,69.20659722222223,579,137,10.799418423662049,1897,5.798611111111111,712
213,0.3068,-749.9923076923077,2.3983333333333334,5.045537340619308,67.09653916211293,543,138,10.945224122224845,1898,5.154826958105646,161
214,0.3051,-769.6692307692308,2.549166666666667,5.321561338289963,69.30483271375465,548,141,12.429473258842291,1898,5.412639405204461,794
215,0.3034,-617.5615384615385,2.1691666666666665,4.666051660516605,67.90959409594096,545,140,7.451965596782227,1898,4.754612546125461,267
216,0.3017,-713.7230769230769,2.65,5.461538461538462,70.12880143112702,568,146,10.354733169029815,1902,5.547406082289803,264
217,0.3,-808.4846153846154,2.6458333333333335,5.544964028776978,69.63489208633094,551,131,12.84840075517601,1902,5.651079136690647,622
218,0.2984,-743.6153846153846,2.6125,5.3120567375886525,68.18617021276596,561,135,8.975930223056515,1904,5.407801418439717,803
219,0.2967,-772.1461538461538,2.675,5.738574040219379,69.14990859232175,545,133,10.315059374520859,1906,5.809872029250457,292
220,0.2951,-948.7846153846154,3.2316666666666665,6.330508474576271,70.86779661016949,576,129,17.236068892368305,1908,6.425423728813559,360
221,0.2935,-707.6923076923076,2.4033333333333333,5.11460258780037,70.5619223659889,550,140,9.542702795397197,1908,5.199630314232902,579
222,0.2918,-802.2384615384615,2.235,4.690647482014389,68.9568345323741,542,145,14.565457442442517,1912,4.767985611510792,70
223,0.2902,-951.0923076923076,3.1725,5.913188647746244,69.68614357262103,583,124,15.049759205511494,1914,6.023372287145242,119
224,0.2886,-822.5076923076923,2.9591666666666665,5.611111111111111,67.29411764705883,605,138,13.27875611069458,1920,5.705882352941177,397
225,0.287,-807.5230769230769,2.6058333333333334,5.298932384341637,68.09608540925267,555,131,10.92794867218856,1924,5.391459074733096,637
226,0.2854,-904.5615384615385,2.6191666666666666,5.557798165137615,71.1137614678899,533,135,14.265983843072984,1931,5.634862385321101,442
227,0.2838,-828.6538461538462,2.69,5.408450704225352,69.22887323943662,571,139,13.27871951861816,1933,5.52112676056338,103
228,0.2823,-814.476923076923,2.839166666666667,5.750439367311072,72.27416520210896,577,135,11.605116376775086,1936,5.8400702987697715,696
229,0.2807,-794.9307692307693,2.734166666666667,5.996212121212121,68.86363636363636,526,136,11.020833524908646,1936,6.066287878787879,125
230,0.2792,-803.7769230769231,2.6366666666666667,5.417132216014897,69.66666666666667,533,133,10.204365265551244,1937,5.482309124767226,231
231,0.2776,-725.0307692307692,2.4675,5.32952380952381,68.23619047619047,524,136,10.56979023698893,1942,5.384761904761905,474
232,0.2761,-859.9769230769232,2.945,6.342440801457195,71.00364298724955,537,136,14.193779865559357,1946,6.43351548269581,63
233,0.2746,-757.9538461538461,2.6775,5.255536626916525,69.62350936967633,584,141,13.243579838221807,1946,5.335604770017036,402
234,0.273,-699.5153846153846,2.3966666666666665,5.131086142322097,70.00749063670412,539,132,9.277729719921092,1947,5.196629213483146,891
235,0.2715,-910.4153846153847,3.066666666666667,5.949740034662045,69.35355285961872,573,133,15.064303221361563,1949,6.048526863084922,811
236,0.27,-783.5153846153846,2.795,5.543918918918919,70.15033783783784,595,140,13.497657975747671,1949,5.670608108108108,354
237,0.2685,-625.4538461538461,2.2025,4.656771799628943,69.00742115027829,539,148,9.588547970232002,1949,4.742115027829313,594
238,0.267,-950.0153846153846,3.2491666666666665,6.349579831932773,70.96470588235294,591,134,16.47265211816914,1951,6.450420168067227,855
239,0.2656,-782.5307692307692,2.5908333333333333,5.163265306122449,69.93197278911565,580,138,10.330266892718994,1952,5.23639455782313,691
240,0.2641,-837.0461538461537,2.8875,5.6722689075630255,69.33445378151261,601,135,14.403235146108562,1953,5.763025210084034,500
241,0.2626,-661.7846153846153,2.25,4.823420074349443,68.87732342007435,539,134,9.555063169528394,1954,4.901486988847584,548
242,0.2612,-779.8307692307692,2.700833333333333,5.16256157635468,67.77504105090313,603,129,11.293049231734281,1955,5.251231527093596,136
243,0.2597,-814.2153846153846,2.7575,5.733928571428572,68.03035714285714,568,123,11.70666278994659,1959,5.8125,423
244,0.2583,-655.0384615384615,2.3558333333333334,5.273603082851638,72.24277456647398,525,137,9.77629320641518,1960,5.368015414258188,253
245,0.2569,-805.8538461538461,2.6483333333333334,4.9609756097560975,70.43739837398374,622,141,11.903061025912136,1961,5.073170731707317,735
246,0.2555,-898.953846153846,3.0858333333333334,6.0945709281961475,68.44483362521892,580,134,13.178499621453224,1963,6.18739054290718,315
247,0.254,-829.7538461538462,2.7708333333333335,5.696750902527076,69.00541516245487,549,127,10.199855298215493,1963,5.785198555956678,48
248,0.2526,-886.4076923076924,2.828333333333333,5.709059233449477,69.30139372822299,594,135,13.403657999189303,1963,5.790940766550523,602
249,0.2512,-741.5692307692308,2.638333333333333,5.176975945017182,69.61683848797252,592,142,11.94660601939636,1964,5.269759450171821,791
250,0.2498,-710.4384615384615,2.5791666666666666,5.2504347826086954,69.67652173913044,590,141,11.12433673901567,1964,5.358260869565218,628
251,0.2485,-779.4000000000001,2.6533333333333333,5.510526315789473,68.20701754385965,562,132,13.936851168077046,1964,5.6192982456140355,416
252,0.2471,-772.8,2.5975,5.158362989323844,68.33274021352314,573,132,13.074021172389768,1965,5.263345195729538,345
253,0.2457,-694.9,2.4008333333333334,5.331428571428572,69.67428571428572,534,134,9.656349737248714,1965,5.413333333333333,487
254,0.2444,-821.9692307692308,2.84,5.533557046979865,68.6761744966443,612,141,11.714964172903384,1967,5.615771812080537,145
255,0.243,-738.576923076923,2.5425,5.151041666666667,68.61631944444444,573,136,9.745670541471823,1967,5.241319444444445,32
256,0.2417,-663.2384615384615,2.3533333333333335,4.807207207207207,71.1009009009009,559,144,9.626637631797452,1967,4.895495495495496,216
257,0.2403,-668.4692307692308,2.4983333333333335,5.131672597864768,68.56049822064057,568,137,10.054737747863204,1967,5.227758007117438,285
258,0.239,-654.1692307692308,2.404166666666667,4.848324514991182,70.2063492063492,561,145,9.486486047344153,1971,4.9488536155202825,616
259,0.2377,-747.5384615384614,2.6308333333333334,5.610800744878957,71.05772811918064,532,137,8.558457081135575,1971,5.681564245810056,563
260,0.2364,-708.7923076923078,2.4175,4.778730703259005,67.0926243567753,573,136,7.835693740724678,1972,4.840480274442538,188
261,0.2351,-749.3692307692309,2.6908333333333334,5.548042704626335,68.59430604982207,565,139,13.000350841265481,1974,5.658362989323844,436
262,0.2338,-787.2615384615384,2.6475,5.270506108202444,68.15532286212914,574,142,11.908335381806964,1974,5.350785340314136,624
263,0.2325,-845.7769230769231,2.8583333333333334,5.696335078534031,69.81675392670157,591,133,10.296131314803883,1975,5.802792321116929,683
264,0.2312,-722.2615384615385,2.51,5.114081996434938,71.14081996434938,560,149,11.86220232894714,1975,5.222816399286987,139
265,0.2299,-748.7923076923078,2.7325,5.367066895368782,67.32418524871355,584,147,11.216508597111856,1978,5.457975986277873,793
266,0.2286,-616.6846153846154,2.1033333333333335,4.191972076788831,66.75916230366492,581,142,8.550621538176182,1978,4.265270506108203,399
267,0.2274,-724.123076923077,2.5833333333333335,4.805743243243243,70.23817567567568,598,141,12.926398750272343,1980,4.925675675675675,789
268,0.2261,-624.3076923076923,2.2491666666666665,4.513651877133106,64.90102389078498,580,149,8.515358818148126,1981,4.581911262798635,71
269,0.2249,-814.323076923077,2.8116666666666665,5.259567387687188,69.95840266222962,606,142,13.585688241976376,1982,5.3610648918469215,141
270,0.2236,-757.0692307692307,2.620833333333333,5.126760563380282,68.81866197183099,575,133,10.275947474394723,1986,5.195422535211268,795
271,0.2224,-660.1923076923076,2.2025,4.59963768115942,66.7554347826087,556,136,11.348997099498215,1987,4.675724637681159,820
272,0.2211,-708.3076923076923,2.565,5.347048300536673,69.5402504472272,553,147,12.014978485713295,1987,5.432915921288014,738
273,0.2199,-653.2615384615384,2.3808333333333334,4.87434554973822,69.2478184991274,568,155,12.116100120614417,1988,4.959860383944154,237
274,0.2187,-723.3153846153846,2.4566666666666666,4.876271186440678,67.28983050847458,576,153,11.600023246134825,1990,4.952622673434856,84
275,0.2175,-774.3076923076923,2.6041666666666665,5.771428571428571,70.48571428571428,537,128,12.995875758146239,1991,5.851428571428571,688
276,0.2163,-683.4153846153847,2.4633333333333334,5.270566727605119,69.691042047532,548,136,9.780618868660772,1992,5.3638025594149905,894
277,0.2151,-804.7538461538461,2.7183333333333333,5.14,67.93833333333333,599,138,13.62743839532962,1992,5.238333333333333,478
278,0.2139,-676.9153846153847,2.3858333333333333,4.850533807829182,69.48576512455516,571,142,9.440728503094368,1993,4.927046263345196,745
279,0.2127,-789.1307692307691,2.93,5.878472222222222,69.54166666666667,566,141,13.548515402078706,1994,5.965277777777778,147
280,0.2115,-642.876923076923,2.24,4.716697936210132,67.33583489681051,537,148,10.260652287183015,1994,4.784240150093809,3
281,0.2104,-703.7538461538461,2.5025,5.043327556325823,70.10745233968804,585,137,11.843279571590134,1996,5.154246100519931,446
282,0.2092,-794.8,2.7408333333333332,5.605584642233857,69.83595113438045,581,140,11.097942296107286,1996,5.715532286212914,251
283,0.208,-901.3615384615384,3.045,5.974619289340102,68.09644670050761,598,133,14.570277493937212,1998,6.0575296108291035,722
284,0.2069,-967.6538461538462,3.1633333333333336,6.388984509466437,70.5197934595525,573,134,17.133355510415132,2001,6.476764199655766,10
285,0.2058,-834.9461538461538,2.796666666666667,5.5,69.40549828178695,591,133,13.902348381367977,2005,5.577319587628866,595
286,0.2046,-709.9,2.4383333333333335,5.0636363636363635,67.72727272727273,534,142,9.01905707637922,2006,5.132727272727273,31
287,0.2035,-760.176923076923,2.5841666666666665,5.188277087033748,68.67317939609237,558,140,8.876124113925027,2007,5.278863232682061,670
288,0.2024,-714.0538461538462,2.5166666666666666,5.143859649122807,66.82105263157895,546,138,12.715792498951767,2008,5.245614035087719,328
289,0.2012,-837.123076923077,3.0658333333333334,5.896907216494846,72.05154639175258,593,132,12.016637049570226,2008,5.993127147766323,226
290,0.2001,-714.4923076923078,2.3233333333333333,4.852252252252252,67.809009009009,543,139,10.293402478062294,2010,4.954954954954955,886
291,0.199,-759.2846153846154,2.6125,5.214650766609881,70.46848381601363,580,133,14.05349977542229,2011,5.3151618398637135,437
292,0.1979,-726.5153846153846,2.5475,5.227848101265823,68.69258589511755,552,136,10.94346857492723,2014,5.341772151898734,494
293,0.1968,-710.7307692307693,2.381666666666667,5.169491525423729,69.46892655367232,540,133,10.275248353377291,2014,5.218455743879472,50
294,0.1957,-830.6615384615385,2.7133333333333334,5.357876712328767,69.2791095890411,590,138,11.56495705656543,2015,5.440068493150685,587
295,0.1946,-684.8461538461538,2.2741666666666664,4.784029038112522,67.78402903811252,561,130,10.478098369300332,2019,4.869328493647913,247
296,0.1936,-777.5307692307692,2.8425,5.785714285714286,69.48214285714286,556,132,14.141979242969903,2024,5.871428571428571,866
297,0.1925,-789.0076923076923,2.845,5.671328671328672,69.97202797202797,569,142,11.236827656224468,2026,5.755244755244755,522
298,0.1914,-832.7076923076922,2.6791666666666667,5.883239171374765,70.1487758945386,527,117,11.200276628767043,2029,5.977401129943503,400
299,0.1904,-793.2538461538461,2.4483333333333333,5.324577861163227,69.78611632270169,533,129,12.837508037077166,2031,5.418386491557223,792
300,0.1893,-832.5461538461539,2.845,5.720136518771331,70.1160409556314,591,130,14.304327816032385,2032,5.813993174061434,825
301,0.1883,-647.3538461538462,2.1725,4.417582417582418,69.02930402930403,542,138,9.223089999213185,2034,4.485347985347985,895
302,0.1872,-766.1923076923076,2.39,5.10091743119266,69.80366972477064,552,129,14.92139740755103,2037,5.196330275229358,705
303,0.1862,-682.7384615384615,2.513333333333333,4.925297113752122,66.83701188455008,593,142,8.570763394166852,2039,5.033955857385399,564
304,0.1852,-882.0692307692308,2.7266666666666666,5.3543859649122805,68.8561403508772,569,137,14.74255415043933,2043,5.428070175438597,827
305,0.1841,-786.4153846153846,2.6783333333333332,5.632727272727273,69.7,539,126,12.890570171690168,2048,5.723636363636364,790
306,0.1831,-964.0307692307692,3.1233333333333335,5.861958266452649,68.68057784911717,623,134,17.46001138248671,2048,5.953451043338684,872
307,0.1821,-865.2615384615385,2.7733333333333334,5.496587030716723,70.48464163822526,588,133,12.46838215911102,2048,5.580204778156997,623
308,0.1811,-742.7846153846154,2.410833333333333,4.96415770609319,69.84767025089606,563,135,9.887873318395258,2050,5.048387096774194,317
309,0.1801,-774.6846153846154,2.6275,5.337954939341421,70.28249566724436,574,135,11.558154664512163,2053,5.421143847487002,241
310,0.1791,-754.1153846153846,2.64,5.434937611408199,68.89483065953654,560,131,11.955880870252912,2055,5.527629233511586,582
311,0.1781,-736.7615384615385,2.3725,4.774597495527728,70.10554561717352,569,133,10.305809046449266,2055,4.878354203935599,620
312,0.1771,-939.0076923076924,3.1266666666666665,6.178947368421053,69.10526315789474,562,129,17.622671626074464,2056,6.247368421052632,124
313,0.1762,-779.6461538461539,2.5675,5.5092592592592595,70.81111111111112,543,135,12.11060119771532,2057,5.598148148148148,181
314,0.1752,-789.7153846153846,2.7191666666666667,5.6219081272084805,69.26148409893993,553,135,8.499054618426088,2058,5.687279151943463,527
315,0.1742,-754.7461538461539,2.5966666666666667,5.112262521588947,69.38687392055267,589,148,10.2298628986043,2059,5.186528497409326,471
316,0.1732,-740.7,2.3916666666666666,5.1457943925233645,69.4429906542056,543,140,12.750131003380549,2059,5.239252336448598,132
317,0.1723,-749.5923076923077,2.66,5.424825174825175,70.1958041958042,575,142,13.08052015078589,2061,5.54020979020979,140
318,0.1713,-813.3923076923077,2.7191666666666667,5.3108108108108105,67.87162162162163,597,132,9.677083765535661,2061,5.412162162162162,454
319,0.1704,-624.2153846153847,2.1683333333333334,4.683018867924528,66.89811320754717,534,145,8.686086456397053,2062,4.739622641509434,586
320,0.1694,-766.0769230769231,2.54,5.4033771106941835,69.51969981238274,526,138,12.838604331324113,2062,5.480300187617261,266
321,0.1685,-702.4923076923077,2.3275,4.719298245614035,68.41929824561403,576,143,8.696349218353646,2063,4.796491228070176,860
322,0.1676,-816.523076923077,2.7133333333333334,5.3747810858143605,67.84238178633976,566,130,10.626506209500134,2064,5.450087565674256,605
323,0.1666,-736.8230769230769,2.7216666666666667,5.300518134715026,69.67702936096718,574,144,10.94880384062782,2064,5.386873920552677,817
324,0.1657,-824.9153846153847,2.8016666666666667,5.568760611205433,69.9660441426146,597,139,13.19920164104419,2064,5.638983050847457,677
325,0.1648,-683.9769230769231,2.285833333333333,4.710758377425044,67.05114638447972,557,143,8.70498420018957,2065,4.802816901408451,166
326,0.1639,-810.2538461538462,2.941666666666667,5.465909090909091,70.63636363636364,624,140,13.90399412459568,2065,5.564935064935065,352
327,0.163,-715.4923076923078,2.2275,5.137724550898204,70.98003992015968,518,127,10.731176919532693,2066,5.2315369261477045,14
328,0.1621,-767.9230769230769,2.5391666666666666,4.979130434782609,68.55652173913043,591,140,11.232466367466637,2066,5.102608695652174,270
329,0.1612,-737.7769230769231,2.4375,4.738382099827883,68.14113597246127,576,131,10.66792229735295,2069,4.843373493975903,206
330,0.1603,-700.4846153846154,2.4375,4.8765652951699465,69.2361359570662,562,142,11.251531839524768,2069,4.978533094812165,384
331,0.1594,-926.6692307692308,3.095833333333333,6.13013698630137,66.86986301369863,564,130,13.791246797233773,2069,6.222602739726027,200
332,0.1585,-751.6307692307693,2.5975,5.566914498141264,68.36802973977696,528,145,9.464192159382057,2070,5.641263940520446,167
333,0.1577,-799.8846153846154,2.6483333333333334,5.435168738898756,67.20071047957371,553,133,13.249359155213504,2072,5.518650088809947,28
334,0.1568,-870.953846153846,2.756666666666667,5.7849264705882355,72.09375,555,133,14.355586508853257,2073,5.893382352941177,767
335,0.1559,-777.0384615384615,2.8075,5.456081081081081,70.36824324324324,593,133,9.091956124016216,2073,5.532094594594595,861
336,0.155,-587.8384615384616,2.006666666666667,3.980701754385965,67.28421052631579,569,139,6.863803259621111,2076,4.077192982456141,773
337,0.1542,-759.0384615384615,2.6991666666666667,5.438260869565218,71.64521739130434,581,139,10.131777035530355,2079,5.516521739130435,693
338,0.1533,-581.4846153846154,2.151666666666667,4.193436960276339,65.75129533678756,582,145,9.247108621616055,2079,4.298791018998273,182
339,0.1525,-666.7384615384615,2.2725,4.781021897810219,68.26824817518248,558,136,8.407795346362832,2080,4.868613138686132,732
340,0.1516,-740.1461538461538,2.385,4.9661921708185055,67.77580071174377,549,137,11.827374394008727,2080,5.0621669626998225,778
341,0.1508,-692.0923076923077,2.4525,4.869565217391305,67.58608695652174,586,137,10.041440517308702,2081,4.956521739130435,250
342,0.15,-755.7615384615384,2.654166666666667,5.421328671328672,70.05944055944056,576,138,14.237170626328782,2084,5.515734265734266,839
343,0.1491,-700.6538461538462,2.4925,4.979166666666667,71.12152777777777,574,135,10.575923378432531,2087,5.085069444444445,137
344,0.1483,-601.0769230769231,2.0441666666666665,4.285714285714286,68.41372912801484,545,137,9.610290384581065,2088,4.385899814471243,275
345,0.1475,-640.5153846153846,2.2591666666666668,4.489690721649485,67.88659793814433,588,148,9.567630748464156,2088,4.56701030927835,711
346,0.1467,-676.5461538461539,2.5408333333333335,5.028862478777589,67.79626485568761,598,149,10.876997636455524,2090,5.105263157894737,157
347,0.1459,-709.4153846153847,2.3925,4.701188455008489,67.43123938879457,588,142,11.081933407466824,2090,4.775891341256367,320
348,0.1451,-740.4846153846154,2.5866666666666664,5.1479591836734695,67.58673469387755,573,146,13.266073313262725,2091,5.241496598639456,814
349,0.1443,-768.7923076923076,2.635,5.49546279491833,70.1070780399274,556,130,11.82223002774692,2092,5.56442831215971,196
350,0.1435,-643.1923076923077,2.2025,4.559082892416225,68.2557319223986,574,137,8.55273746722186,2093,4.64021164021164,87
351,0.1427,-666.7384615384615,2.339166666666667,4.782214156079855,69.07078039927404,555,146,11.56780685329842,2093,4.882032667876588,689
352,0.1419,-676.6538461538462,2.1766666666666667,4.5154264972776765,68.59709618874773,541,133,9.640025200531307,2094,4.607985480943738,355
353,0.1411,-725.2692307692308,2.4858333333333333,4.788659793814433,68.42439862542955,599,144,11.396995671102996,2095,4.871134020618556,394
354,0.1403,-698.1692307692308,2.4408333333333334,4.685964912280702,68.49298245614035,564,138,8.769086744078201,2095,4.773684210526316,588
355,0.1395,-664.6076923076923,2.27,4.639138240574506,67.80071813285458,562,140,9.490140270317918,2095,4.725314183123878,162
356,0.1388,-713.1461538461538,2.4808333333333334,4.921901528013582,67.39388794567063,578,142,14.833476456407473,2097,5.022071307300509,8
357,0.138,-764.5384615384614,2.7358333333333333,5.339253996447602,71.30728241563055,580,145,14.003063811218482,2097,5.433392539964476,129
358,0.1372,-745.8384615384616,2.4516666666666667,4.728476821192053,67.40728476821192,591,137,12.16593224842701,2099,4.824503311258278,529
359,0.1365,-648.8230769230769,2.2925,4.824593128390597,68.86618444846293,543,138,9.751889701320057,2099,4.916817359855335,897
360,0.1357,-653.0,2.1891666666666665,4.649253731343284,69.49253731343283,527,131,7.33207952676693,2100,4.71455223880597,295
361,0.135,-787.9538461538461,2.7308333333333334,5.623636363636364,69.08363636363636,555,134,13.188716520427722,2101,5.6987295825771325,409
362,0.1342,-610.0307692307694,2.0341666666666667,4.234862385321101,66.7834862385321,552,138,9.437340950509945,2102,4.326605504587156,880
363,0.1335,-734.1384615384616,2.3633333333333333,4.867620751341682,68.3273703041145,562,139,13.723687365840187,2102,4.940966010733453,199
364,0.1327,-668.5461538461539,2.3675,4.710992907801418,69.56737588652483,569,137,9.345376985298868,2104,4.789007092198582,881
365,0.132,-718.3153846153846,2.6191666666666666,5.292253521126761,68.53697183098592,558,138,12.11981179513652,2105,5.397887323943662,174
366,0.1313,-729.7769230769231,2.5508333333333333,4.961730449251248,67.8585690515807,589,143,12.901129271670875,2106,5.061564059900166,512
367,0.1306,-709.1538461538462,2.285,4.812386156648452,68.25500910746813,542,136,10.704875655636636,2107,4.9216757741347905,393
368,0.1298,-913.2692307692307,2.9375,5.885361552028218,70.85008818342152,571,120,13.061622554707492,2109,5.9717813051146384,372
369,0.1291,-712.4846153846154,2.44,4.791379310344827,69.76551724137931,578,137,8.18177553006554,2111,4.870689655172414,186
370,0.1284,-589.7384615384616,2.131666666666667,4.213445378151261,68.10084033613445,610,143,7.581186167126094,2111,4.314285714285714,421
371,0.1277,-712.376923076923,2.529166666666667,4.7073170731707314,67.55934959349594,615,141,9.872546593206115,2111,4.8,81
372,0.127,-848.2,2.7075,5.294425087108014,68.85365853658537,582,136,13.816202674431903,2112,5.390243902439025,235
373,0.1263,-886.9769230769232,2.815,5.952983725135624,69.94032549728752,556,134,18.748648445387072,2116,6.048824593128391,599
374,0.1256,-866.6076923076923,3.0966666666666667,5.913764510779436,70.88391376451078,589,133,12.987161399214596,2117,6.016583747927031,261
375,0.1249,-790.8923076923077,2.5541666666666667,5.202821869488536,69.6137566137566,584,143,12.117004926046766,2117,5.26984126984127,18
376,0.1242,-775.6923076923077,2.5833333333333335,5.254766031195841,68.842287694974,568,125,11.629585990235414,2119,5.341421143847487,26
377,0.1235,-745.6923076923077,2.33,4.854243542435424,68.58302583025831,545,138,12.352407014124969,2121,4.946494464944649,334
378,0.1228,-712.4076923076923,2.435,4.78125,67.38020833333333,570,129,10.70674197786404,2121,4.878472222222222,739
379,0.1221,-769.2307692307693,2.775,5.642361111111111,72.36805555555556,573,134,13.293105355846535,2122,5.730902777777778,514
380,0.1215,-856.1307692307693,3.0283333333333333,6.140319715808171,69.90053285968028,575,132,13.082142582158935,2122,6.239786856127886,300
381,0.1208,-776.1615384615384,2.6133333333333333,5.7218045112781954,69.57894736842105,529,134,9.32827626257115,2122,5.8007518796992485,619
382,0.1201,-619.9153846153846,2.1758333333333333,4.681647940074907,67.84644194756554,528,140,12.01111658022238,2125,4.788389513108614,812
383,0.1195,-764.6769230769231,2.7191666666666667,5.27195945945946,68.57770270270271,587,143,12.774990188489697,2126,5.366554054054054,694
384,0.1188,-747.0384615384615,2.3941666666666666,5.189239332096475,68.70315398886828,537,135,12.4419046797961,2129,5.26530612244898,215
385,0.1181,-755.5,2.6691666666666665,5.0497512437810945,67.8407960199005,585,143,9.929581434165726,2130,5.144278606965174,155
386,0.1175,-767.376923076923,2.388333333333333,4.8317929759704255,69.55268022181146,551,143,13.799075525609478,2132,4.924214417744917,484
387,0.1168,-586.123076923077,2.25,4.489619377162629,68.48615916955018,569,143,6.493255340463224,2132,4.567474048442906,818
388,0.1162,-727.9000000000001,2.01,4.375984251968504,67.8248031496063,535,143,12.523062459440075,2135,4.43418467583497,719
389,0.1156,-658.2307692307693,2.1766666666666667,4.621771217712177,67.14391143911439,543,131,10.148410849428505,2136,4.68450184501845,383
390,0.1149,-639.4153846153847,2.1166666666666667,4.398907103825136,67.9872495446266,571,133,9.599753723051341,2138,4.515482695810564,453
391,0.1143,-725.3923076923077,2.545,4.846678023850085,67.14139693356047,592,136,14.225095855398147,2141,4.959114139693356,869
392,0.1136,-790.2538461538461,2.7083333333333335,5.7592592592592595,71.12222222222222,549,130,9.819646258415816,2142,5.8462962962962965,189
393,0.113,-779.9538461538461,2.4266666666666667,4.892547660311958,68.91161178509532,564,127,16.870699386671447,2145,4.986135181975737,65
394,0.1124,-681.0461538461539,2.245833333333333,4.5461121157323685,68.14647377938518,554,131,12.153720232116068,2146,4.632911392405063,212
395,0.1118,-776.9923076923076,2.64,5.282986111111111,67.68229166666667,571,133,12.139501777999365,2146,5.376736111111111,422
396,0.1112,-783.2692307692307,2.6283333333333334,5.33623693379791,68.83797909407666,591,143,12.572515487176318,2149,5.442508710801394,717
397,0.1105,-759.3307692307692,2.629166666666667,5.458410351201478,68.98706099815158,535,124,9.743855310971165,2150,5.550831792975971,201
398,0.1099,-594.6615384615384,2.06,4.326605504587156,67.29724770642201,556,144,9.80993519482657,2152,4.398165137614679,444
399,0.1093,-747.4153846153847,2.4633333333333334,4.960714285714285,69.69642857142857,580,142,13.825037061028686,2153,5.055357142857143,79
400,0.1087,-719.5846153846154,2.2508333333333335,4.684587813620071,67.70430107526882,561,137,12.292763090298676,2153,4.78673835125448,203
401,0.1081,-611.6615384615384,2.165,4.633211678832117,71.49452554744525,561,138,8.6270613353491,2154,4.702554744525547,461
402,0.1075,-851.7307692307692,3.0058333333333334,6.11660777385159,70.13250883392226,567,132,13.11551661823983,2155,6.206713780918728,829
403,0.1069,-701.3615384615384,2.2333333333333334,4.781021897810219,69.50912408759125,542,134,11.319922859995279,2156,4.883211678832117,370
404,0.1063,-735.1153846153846,2.5833333333333335,5.009966777408638,66.80897009966777,602,142,10.85583288713933,2156,5.078073089700997,209
405,0.1057,-706.1692307692308,2.506666666666667,5.254578754578755,70.71611721611721,540,130,11.263771213487196,2156,5.336996336996337,388
406,0.1052,-764.9923076923077,2.59,5.288566243194192,69.6497277676951,560,124,9.794691047536634,2156,5.395644283121597,458
407,0.1046,-728.0846153846154,2.51,4.851351351351352,68.27195945945945,589,135,12.90606423977294,2157,4.966216216216216,159
408,0.104,-864.6538461538462,2.4325,4.968085106382978,68.40070921985816,562,139,16.681086866784067,2157,5.072695035460993,896
409,0.1034,-678.8384615384615,2.2041666666666666,4.554347826086956,70.16304347826087,557,139,8.14076823501402,2158,4.6521739130434785,5
410,0.1028,-600.4076923076923,2.13,4.412926391382406,66.02872531418312,559,144,11.297830150080808,2160,4.502692998204668,678
411,0.1023,-663.6384615384616,2.575833333333333,5.203152364273205,67.97022767075306,587,141,10.40051189040718,2162,5.314685314685315,868
412,0.1017,-622.9769230769232,2.256666666666667,4.587826086956522,70.17217391304348,577,144,9.448093426339664,2163,4.688695652173913,703
413,0.1011,-814.376923076923,2.58,5.287215411558669,69.23117338003503,562,132,16.34548923005586,2164,5.367775831873906,721
414,0.1006,-724.4076923076923,2.4625,5.0451263537906135,69.1028880866426,554,133,13.446560432474788,2164,5.117328519855596,635
415,0.1,-711.876923076923,2.5858333333333334,5.2079722703639515,70.70883882149047,575,134,13.24187489783958,2166,5.287694974003466,455
416,0.0995,-621.3846153846152,2.305833333333333,5.059047619047619,68.71047619047619,532,138,9.161526923956513,2167,5.131428571428572,865
417,0.0989,-733.4615384615385,2.4966666666666666,5.037906137184115,68.70216606498195,560,136,10.094836964515828,2167,5.137184115523466,747
418,0.0984,-604.7538461538461,2.203333333333333,4.507017543859649,68.27719298245614,574,141,7.616835099950879,2167,4.601754385964912,224
419,0.0978,-637.9076923076923,2.2241666666666666,4.4450084602368864,66.45008460236886,585,148,9.80323755315719,2167,4.529610829103215,269
420,0.0973,-967.1153846153848,3.0225,5.838709677419355,66.64346349745331,597,129,18.335494705939535,2171,5.923599320882852,506
421,0.0968,-700.3692307692307,2.3441666666666667,4.557627118644068,68.6457627118644,581,136,9.390028710150233,2172,4.654237288135593,33
422,0.0962,-688.7076923076922,2.316666666666667,4.728070175438597,67.57543859649122,570,134,13.41299791009163,2173,4.8350877192982455,547
423,0.0957,-746.1153846153846,2.7383333333333333,5.5840867992766725,69.06871609403255,552,135,13.941877152532408,2174,5.694394213381555,449
424,0.0952,-686.8538461538462,2.2516666666666665,4.796511627906977,67.30038759689923,508,135,9.976335498113704,2174,4.905038759689923,52
425,0.0946,-725.8846153846154,2.61,5.219723183391004,69.22491349480968,577,141,9.209763474929247,2174,5.29757785467128,709
426,0.0941,-651.2538461538462,2.325,4.633898305084746,67.87966101694916,581,145,9.641309542794477,2174,4.728813559322034,242
427,0.0936,-815.0615384615385,2.8983333333333334,5.664948453608248,67.77319587628865,576,142,13.53393621350013,2178,5.7285223367697595,841
428,0.0931,-701.2076923076922,2.3858333333333333,4.934163701067615,69.7491103202847,565,134,13.513804826746975,2178,5.032028469750889,25
429,0.0926,-669.2615384615385,2.5058333333333334,4.938775510204081,69.49489795918367,577,141,7.589607111754919,2178,5.0272108843537415,218
430,0.092,-625.0153846153846,2.2075,4.534391534391534,66.7689594356261,573,143,12.286790963496864,2179,4.624338624338624,762
431,0.0915,-677.9999999999999,2.27,4.73021582733813,68.89208633093526,550,128,10.243298427166975,2179,4.793165467625899,833
432,0.091,-722.3923076923077,2.5483333333333333,5.117957746478873,67.98767605633803,577,134,9.904980933502596,2179,5.173989455184534,652
433,0.0905,-734.0615384615385,2.4775,5.374760994263863,71.70172084130019,521,139,14.21474529487021,2181,5.4646271510516256,11
434,0.09,-769.3076923076923,2.6141666666666667,5.340579710144928,70.46739130434783,557,135,10.708264926340304,2182,5.418478260869565,556
435,0.0895,-660.0307692307691,2.1525,4.340869565217392,68.67652173913044,577,146,9.772344594834118,2182,4.44,424
436,0.089,-660.3076923076923,2.2425,4.853974121996303,67.24399260628466,551,139,8.774935790513606,2182,4.904059040590406,297
437,0.0885,-823.5384615384614,2.6475,5.28219696969697,70.8409090909091,533,120,13.863624517828514,2184,5.388257575757576,680
438,0.088,-710.5307692307692,2.5075,4.93448275862069,69.25689655172414,577,130,11.975230954364587,2185,5.018965517241379,56
439,0.0876,-655.7846153846153,2.1733333333333333,4.590740740740741,68.37222222222222,543,133,8.252731503147556,2186,4.674074074074074,6
440,0.0871,-709.1999999999999,2.5533333333333332,4.894563426688633,69.0,608,138,10.258841993015759,2186,4.968698517298188,426
441,0.0866,-760.8230769230769,2.513333333333333,5.084628670120898,69.87737478411053,582,139,14.586178628590101,2186,5.186206896551724,657
442,0.0861,-607.9000000000001,2.2325,4.843984962406015,68.55451127819549,532,137,10.49940540268009,2186,4.930451127819549,718
443,0.0856,-758.623076923077,2.34,4.877697841726619,68.21043165467626,554,134,12.230322366943883,2187,4.960431654676259,303
444,0.0852,-705.6846153846154,2.3991666666666664,4.777391304347826,67.74782608695652,570,139,12.192477120230711,2188,4.846956521739131,777
445,0.0847,-678.4153846153846,2.4483333333333333,4.811447811447811,67.72727272727273,608,146,9.427335432013004,2190,4.905723905723906,873
446,0.0842,-762.5153846153846,2.3008333333333333,4.645217391304348,68.5704347826087,584,136,12.942292196052023,2190,4.730434782608696,626
447,0.0838,-640.6384615384616,2.3108333333333335,4.648881239242685,69.66092943201377,590,144,8.707247567762655,2190,4.731497418244406,306
448,0.0833,-624.1461538461538,1.8866666666666667,4.116504854368932,68.71650485436894,523,142,9.408692021796865,2191,4.190291262135922,92
449,0.0828,-621.9923076923077,2.305833333333333,4.5836298932384345,66.05871886120997,563,136,9.846398185009715,2191,4.6761565836298935,272
450,0.0824,-741.4538461538461,2.6683333333333334,5.3743409490333915,68.69771528998243,572,137,11.342886380779547,2191,5.458699472759227,29
451,0.0819,-722.3153846153847,2.645,5.339160839160839,69.8618881118881,563,140,11.172503034230225,2191,5.423076923076923,505
452,0.0815,-784.6538461538462,2.589166666666667,5.5366300366300365,70.21794871794872,542,133,11.20612734662427,2191,5.631868131868132,451
453,0.081,-521.9307692307693,1.9891666666666667,4.074866310160428,66.67201426024955,560,147,5.480399140299496,2191,4.146167557932264,375
454,0.0806,-705.2153846153847,2.381666666666667,4.949367088607595,69.9367088607595,549,137,9.730132804349493,2191,5.048824593128391,180
455,0.0801,-631.0461538461539,2.1933333333333334,4.39572192513369,68.75757575757575,557,138,8.459068081210475,2192,4.500891265597148,450
456,0.0797,-757.5846153846154,2.525,5.244247787610619,68.90442477876107,558,128,9.484787617112708,2192,5.338053097345132,852
457,0.0792,-578.8,2.0125,4.169398907103825,66.74499089253187,553,145,6.97667201697634,2192,4.24408014571949,604
458,0.0788,-717.2538461538461,2.529166666666667,5.185185185185185,70.52733686067019,565,132,9.457601697948855,2192,5.28042328042328,53
459,0.0784,-769.9538461538461,2.6275,5.098305084745762,68.77796610169491,592,138,13.334479154160489,2192,5.193220338983051,772
460,0.0779,-564.1384615384616,2.0658333333333334,4.161234991423671,67.47169811320755,573,148,6.324234534723959,2192,4.23156089193825,786
461,0.0775,-622.6076923076923,1.9825,4.143636363636364,66.58909090909091,561,138,7.131268445199337,2192,4.221818181818182,490
462,0.0771,-649.7307692307693,2.1758333333333333,4.697026022304833,66.99442379182156,533,133,7.917426903405108,2192,4.775092936802974,568
463,0.0766,-697.7461538461539,2.566666666666667,5.328014184397163,69.45390070921985,559,132,10.222864333885417,2192,5.398936170212766,631
464,0.0762,-759.0307692307692,2.796666666666667,5.559233449477352,70.20905923344948,576,130,10.192294180174798,2192,5.641114982578397,227
465,0.0758,-723.1076923076923,2.47,5.215970961887478,70.46460980036298,554,139,11.510593820232595,2192,5.2994555353902,673
466,0.0754,-734.1923076923076,2.4158333333333335,4.96283185840708,66.49557522123894,573,138,11.942674622216979,2192,5.054867256637168,625
467,0.075,-652.953846153846,2.245833333333333,4.5568965517241375,69.23620689655172,579,139,10.307658129829912,2192,4.653448275862069,107
468,0.0745,-567.9615384615386,2.0016666666666665,4.297597042513863,68.27541589648798,545,144,6.507048128389926,2192,4.371534195933457,148
469,0.0741,-675.7923076923078,2.3758333333333335,4.778359511343805,68.71553228621292,561,135,8.10011083334661,2192,4.8760907504363,757
470,0.0737,-686.8076923076924,2.2158333333333333,4.751361161524501,69.62068965517241,547,124,9.774563539085497,2193,4.847549909255898,592
471,0.0733,-717.0846153846154,2.4483333333333333,5.0,68.49825783972125,576,129,9.712182934184355,2193,5.106271777003484,171
472,0.0729,-640.9923076923077,2.2058333333333335,4.600358422939068,68.89426523297492,566,135,10.00967397053855,2194,4.689964157706093,763
473,0.0725,-621.7076923076922,2.285833333333333,5.082217973231358,68.94263862332696,536,140,6.459863837059772,2195,5.166347992351817,204
474,0.0721,-637.776923076923,1.9608333333333334,4.466,69.828,495,131,11.815358570743426,2198,4.53,665
475,0.0717,-646.8461538461538,2.1425,4.473214285714286,65.47321428571429,558,142,9.006225095191192,2200,4.583928571428571,473
476,0.0713,-792.4076923076923,2.433333333333333,4.961061946902655,69.46017699115045,559,140,14.660296414340433,2203,5.051327433628319,641
477,0.0709,-804.4153846153847,2.6241666666666665,4.944444444444445,67.33670033670033,594,132,13.515470971260328,2204,5.077441077441078,364
478,0.0705,-736.8076923076924,2.6,5.280918727915195,71.58127208480565,572,138,13.028659421692899,2206,5.371024734982332,177
479,0.0701,-661.1384615384616,2.2508333333333335,4.616487455197133,67.70071684587813,561,142,9.667825780750212,2206,4.693548387096774,899
480,0.0697,-672.8230769230769,2.3241666666666667,4.7282229965156795,70.09059233449477,575,145,11.67896386462575,2208,4.813588850174216,245
481,0.0694,-659.7153846153846,2.305833333333333,5.1698841698841695,70.4034749034749,529,128,7.621804326356197,2209,5.262548262548263,210
482,0.069,-672.0153846153846,2.243333333333333,4.466783216783217,66.88986013986013,573,135,7.4964576282212665,2209,4.559440559440559,290
483,0.0686,-709.7153846153847,2.3183333333333334,4.637781629116118,68.3847487001733,565,132,11.489300142398996,2210,4.729636048526863,768
484,0.0682,-763.4538461538461,2.2558333333333334,4.774545454545454,67.08909090909091,552,133,11.035804277645791,2210,4.858181818181818,117
485,0.0678,-586.2153846153847,2.035,3.946643717728055,65.25817555938038,587,139,8.208930664803793,2211,4.034423407917384,499
486,0.0675,-659.223076923077,2.4775,5.017421602787456,66.52961672473867,555,137,9.504840492174035,2212,5.132404181184669,143
487,0.0671,-610.1307692307691,2.055,4.115384615384615,66.62062937062937,564,138,7.4866888960080615,2212,4.225524475524476,240
488,0.0667,-773.8153846153846,2.569166666666667,5.428832116788321,69.89963503649635,547,136,11.721078308562943,2213,5.505474452554744,308
489,0.0664,-662.6769230769231,2.4266666666666667,4.965095986038395,69.40663176265271,569,144,9.091807952615213,2213,5.045375218150087,692
490,0.066,-628.9692307692308,2.3016666666666667,4.517064846416382,69.12798634812286,592,137,9.114712803481181,2213,4.604095563139932,800
491,0.0656,-632.0769230769231,2.3175,4.6521739130434785,67.73217391304348,588,146,8.42205996327799,2213,4.737391304347826,555
492,0.0653,-626.7615384615385,2.2708333333333335,4.656474820143885,68.34892086330935,563,137,7.808128590939282,2213,4.7715827338129495,647
493,0.0649,-589.2692307692307,2.0766666666666667,4.277580071174377,66.90747330960853,559,138,6.377648846870274,2213,4.3487544483985765,799
494,0.0645,-795.7692307692307,2.6558333333333333,5.060955518945634,70.47775947281713,608,135,13.653639928377833,2213,5.151565074135091,76
495,0.0642,-646.3615384615384,2.3941666666666666,4.648881239242685,68.09810671256454,581,132,10.002054695163844,2213,4.767641996557659,565
496,0.0638,-684.2692307692307,2.4408333333333334,4.940350877192983,68.30701754385964,570,140,7.398586390308066,2213,5.026315789473684,127
497,0.0635,-611.0153846153846,2.2175,4.870229007633588,68.0114503816794,534,142,6.824816070059331,2213,4.944656488549619,481
498,0.0631,-699.6692307692308,2.6666666666666665,5.239460370994941,68.88364249578414,584,146,10.273874183638133,2215,5.338954468802698,304
499,0.0628,-585.0461538461539,2.2083333333333335,4.6537037037037035,68.8037037037037,546,146,8.530556713707233,2215,4.718518518518518,713
500,0.0624,-733.3000000000001,2.5675,4.802653399668325,67.13598673300166,595,133,9.819683582118902,2216,4.91044776119403,353
501,0.0621,-640.2538461538461,2.1175,4.5036496350364965,65.73905109489051,545,138,10.454677796915908,2218,4.600364963503649,98
502,0.0617,-754.4692307692308,2.6041666666666665,4.88301282051282,69.2451923076923,617,140,11.488193681032346,2222,4.967948717948718,501
503,0.0614,-753.2538461538461,2.6,4.955371900826446,69.64132231404959,612,143,8.418679838946412,2222,5.051239669421488,293
504,0.0611,-827.5846153846153,2.775,5.069256756756757,71.1858108108108,614,132,14.13707023099324,2223,5.175675675675675,634
505,0.0607,-707.4461538461538,2.495833333333333,5.1436170212765955,69.02836879432624,549,133,9.237584120850556,2224,5.226950354609929,194
506,0.0604,-768.7923076923078,2.5275,5.202508960573477,68.27777777777777,557,130,7.010889011323933,2225,5.288530465949821,67
507,0.06,-693.6000000000001,2.3141666666666665,4.686025408348457,67.83303085299455,550,135,9.256509348553514,2225,4.787658802177859,365
508,0.0597,-749.2153846153847,2.58,5.372093023255814,69.63685152057245,569,135,13.002886819311014,2226,5.456171735241503,651
509,0.0594,-673.1615384615385,2.2933333333333334,4.853790613718411,69.93140794223827,557,131,10.065174795781873,2227,4.922382671480144,760
510,0.0591,-651.3153846153846,2.2058333333333335,4.441901408450704,65.54929577464789,559,141,7.921447937228326,2227,4.538732394366197,86
511,0.0587,-658.0230769230768,2.1525,4.651031894934334,69.5234521575985,536,130,6.858181221185966,2227,4.727954971857411,382
512,0.0584,-629.5076923076922,2.2558333333333334,4.846880907372401,70.06238185255198,540,132,8.390009748219082,2228,4.930056710775047,146
513,0.0581,-597.0153846153846,2.1358333333333333,4.435483870967742,68.8763440860215,565,144,5.954442051632198,2229,4.523297491039426,418
514,0.0578,-673.0923076923077,2.2375,4.768248175182482,68.10401459854015,535,137,9.608349552647047,2230,4.857664233576642,874
515,0.0574,-596.5692307692308,2.2133333333333334,4.303664921465969,67.97556719022688,585,140,11.454091890851686,2230,4.397905759162303,408
516,0.0571,-593.5384615384615,2.1108333333333333,4.084033613445378,68.73613445378152,608,147,8.158824808379173,2230,4.159663865546219,660
517,0.0568,-671.1923076923076,2.555833333333333,5.152920962199313,70.97766323024055,593,145,7.923490568078836,2230,5.2353951890034365,826
518,0.0565,-558.9923076923077,2.026666666666667,4.283858998144712,68.39703153988869,543,146,7.675761581526175,2230,4.348794063079778,248
519,0.0562,-742.6923076923077,2.703333333333333,5.513274336283186,69.07256637168142,555,143,13.42043921267305,2230,5.59646017699115,870
520,0.0559,-640.7846153846153,2.285,4.732620320855615,68.70944741532976,565,141,9.703514338498994,2230,4.814616755793226,89
521,0.0556,-697.3,2.53,5.227758007117438,68.83807829181495,562,139,13.150531217173505,2230,5.297153024911032,403
522,0.0553,-676.7153846153847,2.214166666666667,4.808630393996248,68.9343339587242,533,132,6.1274764098887085,2230,4.876172607879925,97
523,0.0549,-648.7538461538461,2.225,4.47719298245614,67.7859649122807,574,142,7.378054385026218,2230,4.589473684210526,341
524,0.0546,-833.2384615384615,2.8,5.465986394557823,67.74829931972789,570,129,13.421163031800745,2231,5.576530612244898,664
525,0.0543,-728.9230769230769,2.691666666666667,5.231810490693739,67.09644670050761,578,135,7.614872615921827,2231,5.311336717428088,706
526,0.054,-661.176923076923,2.555,5.022530329289428,70.67590987868284,582,139,10.115920230902507,2232,5.123050259965338,654
527,0.0537,-648.1,2.2083333333333335,4.46286701208981,67.76511226252158,587,136,7.659397726821468,2232,4.569948186528498,754
528,0.0534,-545.4615384615385,1.9058333333333333,4.009328358208955,67.09701492537313,528,139,7.9842303369337255,2232,4.100746268656716,160
529,0.0531,-624.7846153846153,2.1083333333333334,4.29695885509839,69.5813953488372,564,140,8.835431664622286,2232,4.389982110912343,108
530,0.0529,-757.3461538461539,2.545,4.741935483870968,69.13064516129032,612,136,9.946104446503034,2232,4.843548387096774,391
531,0.0526,-643.3076923076923,2.1591666666666667,4.605072463768116,68.83152173913044,562,135,9.818561132430483,2232,4.673913043478261,837
532,0.0523,-708.776923076923,2.4133333333333336,5.037567084078712,70.95527728085868,579,133,13.119336014814584,2233,5.1395348837209305,407
533,0.052,-606.4846153846154,2.305833333333333,4.6152512998266895,67.92894280762565,583,150,8.849603284213819,2233,4.712305025996534,101
534,0.0517,-655.6846153846154,1.9791666666666667,4.169741697416974,68.6789667896679,546,132,11.869565038150613,2234,4.284132841328414,432
535,0.0514,-604.7,2.2508333333333335,4.5371024734982335,69.04593639575971,570,145,7.951582156950109,2234,4.628975265017668,755
536,0.0511,-642.4615384615383,2.2625,4.481739130434782,66.84173913043479,575,135,7.009803421794391,2234,4.549565217391304,783
537,0.0508,-641.4846153846155,2.1791666666666667,4.4726277372262775,69.07299270072993,564,133,8.6366308854234,2234,4.525547445255475,369
538,0.0506,-618.8076923076924,2.145,4.415630550621669,67.95914742451154,576,143,8.125515001378814,2234,4.502664298401421,585
539,0.0503,-657.2461538461539,2.5283333333333333,4.742424242424242,67.48989898989899,604,145,7.52689585416352,2234,4.816498316498317,518
540,0.05,-572.7230769230769,1.9333333333333333,3.864912280701754,66.71228070175438,580,138,7.783017397716456,2234,3.957894736842105,810
541,0.05,-692.6076923076923,2.2416666666666667,4.244224422442244,65.88943894389439,618,144,11.0995725616159,2234,4.336633663366337,571
542,0.05,-684.7769230769231,2.3466666666666667,4.660344827586207,67.04310344827586,577,139,11.534211335891188,2234,4.731034482758621,536
543,0.05,-770.0923076923077,2.73,5.04739336492891,67.40126382306477,615,145,12.96696889840107,2236,5.145110410094637,477
544,0.05,-536.0307692307692,1.9775,3.858131487889273,68.14878892733564,576,152,5.247520851102105,2236,3.9480968858131487,802
545,0.05,-571.6384615384616,2.0616666666666665,4.069444444444445,66.97916666666667,576,150,5.4460295828141785,2237,4.163194444444445,890
546,0.05,-556.0538461538462,2.0683333333333334,3.930915371329879,66.23143350604491,595,145,7.138093558964567,2237,4.018998272884283,385
547,0.05,-607.4615384615383,2.3108333333333335,4.632042253521127,66.86971830985915,558,146,7.0036606520949976,2237,4.73286467486819,845
548,0.05,-592.1615384615384,2.1533333333333333,4.475935828877005,67.16755793226382,565,148,5.892024831619378,2237,4.563279857397505,633
549,0.05,-734.7769230769231,2.4466666666666668,5.172101449275362,71.33514492753623,560,139,9.311400072951459,2237,5.25,727
550,0.05,-672.4846153846154,2.3233333333333333,4.807553956834532,68.77877697841727,561,139,10.276346505888263,2238,4.883093525179856,183
551,0.05,-702.4923076923077,2.5683333333333334,5.062068965517241,68.81551724137931,582,142,9.098996010157686,2238,5.153448275862069,192
552,0.05,-806.6846153846154,2.9625,5.866086956521739,70.9895652173913,569,133,10.121819714401697,2239,5.972173913043478,525
553,0.05,-737.4307692307693,2.3991666666666664,5.1642066420664205,69.2140221402214,538,138,12.039526661152452,2240,5.271217712177122,741
554,0.05,-735.0384615384617,2.6258333333333335,5.3723776223776225,70.01223776223776,571,140,11.635283858658443,2240,5.468531468531468,135
555,0.05,-603.1615384615385,2.0875,4.4072072072072075,67.4972972972973,553,133,8.17893242575157,2240,4.508108108108108,12
556,0.05,-827.8461538461538,2.775,5.511265164644714,68.842287694974,590,136,16.61882881951476,2243,5.608318890814558,42
557,0.05,-676.2230769230769,2.3658333333333332,4.835664335664336,69.98601398601399,566,135,8.527199314251844,2243,4.9020979020979025,485
558,0.05,-574.0692307692308,1.9666666666666666,4.225378787878788,67.9280303030303,540,145,5.635372292686089,2243,4.293560606060606,359
559,0.05,-545.5384615384615,1.9733333333333334,3.8596802841918296,66.63232682060391,560,143,4.706803919188425,2243,3.9236234458259327,309
560,0.05,-562.2076923076922,2.004166666666667,4.402277039848197,68.4933586337761,526,145,10.058206599861176,2243,4.483870967741935,530
561,0.05,-671.9076923076923,2.2808333333333333,4.4835924006908465,68.21761658031087,580,141,9.631238737916853,2243,4.580310880829016,507
562,0.05,-675.9769230769232,2.2841666666666667,4.713028169014085,71.22887323943662,570,131,8.715284028184099,2243,4.804577464788732,851
563,0.05,-698.4384615384615,2.4,4.758680555555555,68.23611111111111,592,132,7.208254039338466,2243,4.864583333333333,884
564,0.05,-632.5076923076923,2.3158333333333334,4.639931740614334,69.20136518771331,584,145,6.489156899795859,2243,4.7320819112627985,2
565,0.05,-661.5230769230769,2.1975,4.594690265486726,69.38407079646018,562,140,7.412505366890988,2243,4.6902654867256635,343
566,0.05,-568.5,2.1008333333333336,4.1993067590987865,67.80069324090121,578,143,8.63385571591989,2244,4.306759098786828,720
567,0.05,-706.1615384615385,2.381666666666667,4.506666666666667,66.10333333333334,611,148,8.761970542642594,2244,4.62,281
568,0.05,-647.9307692307692,2.2383333333333333,4.432937181663837,67.30050933786077,588,149,9.826052960435156,2245,4.526315789473684,158
569,0.05,-550.2846153846153,1.8641666666666667,3.7578947368421054,66.43333333333334,581,142,4.523742476125411,2245,3.8421052631578947,698
570,0.05,-720.8076923076924,2.325,4.646234676007006,68.15586690017513,572,137,12.912985777072308,2245,4.748251748251748,452
571,0.05,-574.2923076923078,2.02,4.210992907801418,66.51950354609929,564,147,6.8677102290242775,2245,4.303191489361702,669
572,0.05,-570.7615384615385,1.8891666666666667,3.8738898756660745,67.7424511545293,554,142,11.567747348556724,2245,3.980461811722913,750
573,0.05,-589.6000000000001,2.0658333333333334,4.193140794223827,65.79602888086643,546,143,9.460712276474137,2245,4.261261261261262,27
574,0.05,-689.0,2.6658333333333335,5.264957264957265,68.03931623931624,568,145,11.593504389712933,2246,5.3418803418803416,256
575,0.05,-638.2615384615384,2.2933333333333334,4.428571428571429,67.01344537815126,586,149,8.039043402857503,2247,4.502521008403361,590
576,0.05,-666.1384615384616,2.2466666666666666,4.591623036649215,69.16579406631763,585,142,10.912761762023678,2248,4.668411867364747,271
577,0.05,-666.9923076923076,2.2908333333333335,4.773722627737226,68.43613138686132,544,139,8.33439720351436,2248,4.850364963503649,537
578,0.05,-636.2461538461539,2.2675,4.6031195840554595,69.16637781629116,574,137,7.624606178651722,2248,4.69844020797227,120
579,0.05,-628.176923076923,2.2483333333333335,4.7672727272727276,67.50727272727272,547,142,9.48638602974721,2249,4.86,740
580,0.05,-615.3846153846155,2.0508333333333333,3.9600725952813067,66.82577132486388,565,141,7.809729616321524,2249,4.056261343012705,440
581,0.05,-630.3461538461538,2.335,4.845878136200717,69.98028673835125,555,144,7.136983001345313,2249,4.922939068100359,82
582,0.05,-828.2076923076925,3.004166666666667,6.036971830985915,70.47887323943662,581,137,12.154305442313694,2249,6.119718309859155,666
583,0.05,-686.3384615384616,2.4491666666666667,4.856655290102389,69.83276450511946,599,141,8.38578503415197,2249,4.926621160409557,569
584,0.05,-532.4692307692308,1.9733333333333334,4.174545454545455,67.74181818181818,549,141,9.62599813541595,2249,4.2690909090909095,598
585,0.05,-723.6615384615385,2.5325,5.381481481481481,71.0111111111111,553,143,13.10565593993743,2250,5.468518518518518,350
586,0.05,-647.5615384615385,2.255,4.188647746243739,67.02838063439066,604,148,10.503583862503996,2250,4.283806343906511,404
587,0.05,-772.8923076923077,2.763333333333333,5.354948805460751,70.39419795221843,580,133,11.160827826728314,2250,5.4573378839590445,22
588,0.05,-627.0461538461539,2.095,4.311030741410488,69.67631103074142,556,135,7.613647554509169,2250,4.406871609403255,111
589,0.05,-701.553846153846,2.275,4.892925430210325,68.5544933078394,521,134,13.794911258103047,2251,5.001912045889101,752
590,0.05,-642.1769230769231,2.348333333333333,4.752669039145908,68.6814946619217,565,144,9.432417109434947,2252,4.813167259786477,892
591,0.05,-561.1384615384616,2.098333333333333,4.333333333333333,68.4945652173913,543,144,8.197707737929386,2253,4.418478260869565,676
592,0.05,-579.3307692307693,2.154166666666667,4.340909090909091,68.63636363636364,573,149,8.3351896497629,2253,4.426573426573427,684
593,0.05,-597.5999999999999,2.0741666666666667,4.250440917107584,65.07407407407408,572,148,8.116798167409865,2253,4.338624338624339,51
594,0.05,-577.3461538461538,2.0766666666666667,4.11310592459605,66.05026929982047,561,145,8.73563875207971,2255,4.202872531418312,491
595,0.05,-541.7384615384615,1.9616666666666667,4.100719424460432,65.73381294964028,540,149,8.574650371444347,2255,4.181654676258993,178
596,0.05,-596.7538461538461,2.2308333333333334,4.8517823639774855,68.20450281425892,537,145,8.404438161922473,2255,4.921200750469043,726
597,0.05,-720.9,2.5525,4.7290322580645165,68.33225806451613,633,149,9.714121509239305,2255,4.814814814814815,801
598,0.05,-657.4384615384615,2.3633333333333333,4.638938053097345,68.71858407079647,553,142,10.049005212023333,2255,4.716814159292035,581
599,0.05,-547.4769230769232,2.171666666666667,4.111864406779661,66.9135593220339,593,155,6.50699025617188,2255,4.186440677966102,325
600,0.05,-659.9846153846155,2.0441666666666665,4.216457960644007,66.93381037567084,549,142,9.680062480987619,2255,4.26654740608229,462
601,0.05,-596.1999999999999,2.1791666666666667,4.392426850258175,67.76075731497419,591,150,6.595510960942034,2255,4.475043029259897,859
602,0.05,-635.7307692307692,2.381666666666667,4.813471502590674,69.76683937823834,583,144,5.614611800895195,2255,4.8929188255613125,254
603,0.05,-691.5615384615385,2.361666666666667,4.572212065813528,67.43510054844607,557,141,6.658766111717259,2255,4.654478976234004,280
604,0.05,-579.5846153846153,2.0716666666666668,4.29783393501805,68.68592057761732,552,145,8.809615748981042,2255,4.359205776173285,322
605,0.05,-696.1615384615384,2.4633333333333334,4.7635726795096325,68.0,559,144,11.390153084017687,2255,4.844133099824869,650
606,0.05,-624.1538461538462,2.19,4.156794425087108,69.20905923344948,559,146,7.331928013159242,2255,4.2382608695652175,323
607,0.05,-540.2230769230769,1.8625,4.157281553398058,69.82135922330097,518,135,7.123979562160318,2257,4.246601941747572,695
608,0.05,-536.7307692307693,1.9916666666666667,3.9281961471103326,68.54816112084063,567,152,6.766136276242295,2257,4.001751313485114,75
609,0.05,-651.2076923076922,2.276666666666667,4.834845735027224,68.6043557168784,551,131,7.8184079277701315,2257,4.9346642468239565,130
610,0.05,-530.6307692307693,1.9158333333333333,4.034545454545454,67.34,544,144,5.673149136392319,2258,4.089090909090909,35
611,0.05,-562.8307692307692,2.0575,4.223826714801444,66.78339350180505,541,146,6.1832007472713935,2258,4.308664259927798,390
612,0.05,-616.5692307692307,2.216666666666667,4.590339892665474,69.43291592128801,558,138,7.441062261665011,2258,4.658318425760286,40
613,0.05,-642.5846153846154,2.1083333333333334,4.386569872958257,66.90199637023593,556,137,9.533227368869316,2258,4.460980036297641,363
614,0.05,-704.3692307692307,2.4475,5.037300177619893,69.83126110124334,567,142,7.416070696935055,2258,5.140319715808171,9
615,0.05,-759.5230769230768,2.305,4.669001751313485,66.12434325744309,556,138,15.187600265831634,2261,4.756567425569177,470
616,0.05,-657.9846153846154,2.4291666666666667,4.669520547945205,68.70205479452055,590,150,7.438811499737121,2262,4.7311643835616435,819
617,0.05,-683.6,2.4891666666666667,4.776470588235294,69.56974789915967,596,135,8.426022486605042,2263,4.875630252100841,412
618,0.05,-596.7153846153847,2.1358333333333333,4.5083798882681565,67.68715083798882,525,144,8.006896885713719,2263,4.599627560521415,516
619,0.05,-785.6384615384616,2.7708333333333335,5.911111111111111,69.00185185185185,538,131,12.494630533191097,2265,5.9981481481481485,243
620,0.05,-661.8692307692307,1.9466666666666668,4.230055658627087,66.94805194805195,560,141,13.004433108114945,2269,4.296846011131725,314
621,0.05,-674.0846153846153,2.4808333333333334,4.548183254344392,69.5134281200632,623,145,9.723650634747848,2270,4.639810426540285,609
622,0.05,-692.8,2.2758333333333334,4.507692307692308,67.66153846153846,594,149,9.932461852512553,2270,4.605128205128205,41
623,0.05,-513.1153846153845,1.9341666666666666,4.258911819887429,68.9718574108818,540,152,5.580955213112857,2271,4.330206378986867,168
624,0.05,-574.0923076923077,2.075833333333333,4.297101449275362,66.53079710144928,563,146,6.041627945817564,2271,4.38768115942029,782
625,0.05,-671.7461538461539,2.0708333333333333,4.183887915936952,67.28546409807356,565,133,10.185115950408324,2273,4.253940455341506,893
626,0.05,-619.2461538461539,2.4058333333333333,4.862778730703259,67.6483704974271,577,152,6.935889483092916,2273,4.950257289879931,813
627,0.05,-658.8307692307692,2.4625,4.779831932773109,67.77310924369748,589,134,8.38818154302492,2274,4.859060402684563,128
628,0.05,-741.2307692307693,2.4775,4.783645655877343,69.8381601362862,576,140,9.279513960150368,2275,4.8807495741056215,686
629,0.05,-613.8615384615384,2.1758333333333333,4.385689354275741,66.8586387434555,588,151,7.401911944370829,2275,4.471204188481676,681
630,0.05,-618.6461538461539,2.28,4.604203152364273,68.58844133099825,565,143,9.313084052481997,2275,4.705779334500876,202
631,0.05,-675.1384615384616,2.296666666666667,4.594736842105263,69.72105263157894,570,141,9.25937792882407,2276,4.689473684210526,175
632,0.05,-728.0846153846154,2.5108333333333333,5.123893805309734,70.71681415929204,571,135,16.020148588851043,2276,5.23716814159292,465
633,0.05,-559.3230769230769,2.0533333333333332,4.288770053475936,68.63992869875223,564,145,5.32113270214414,2276,4.35650623885918,457
634,0.05,-626.9153846153847,2.1225,4.1863247863247866,67.41538461538461,581,149,8.536749836571962,2277,4.297435897435897,61
635,0.05,-638.9076923076923,2.3766666666666665,4.616580310880829,70.20379965457686,584,139,7.063125806850638,2277,4.713298791018998,577
636,0.05,-699.6538461538462,2.6883333333333335,5.394557823129252,69.37074829931973,584,139,14.33060728709382,2278,5.460101867572156,662
637,0.05,-555.876923076923,1.89,3.9585585585585585,67.96396396396396,555,134,11.012466326947175,2279,4.064864864864865,36
638,0.05,-560.3615384615384,2.1391666666666667,4.381625441696113,68.95936395759718,571,144,9.385031100706009,2279,4.4628975265017665,770
639,0.05,-615.9076923076924,2.1758333333333333,4.321180555555555,66.6875,568,147,11.554726193517345,2279,4.428819444444445,614
640,0.05,-726.3461538461539,2.4008333333333334,5.133208255159475,67.94183864915573,533,133,10.6153024546279,2279,5.228893058161351,517
641,0.05,-500.4076923076923,1.8283333333333334,4.216962524654832,68.63510848126232,516,139,7.9504557196409005,2281,4.282051282051282,545
642,0.05,-657.1692307692308,2.3825,4.618307426597582,67.17962003454231,578,137,9.388629236864809,2281,4.723661485319516,59
643,0.05,-540.9307692307693,1.9083333333333334,3.8363970588235294,68.09926470588235,543,140,4.283107646266197,2281,3.9080882352941178,326
644,0.05,-596.2153846153847,2.1308333333333334,4.2630662020905925,69.7630662020906,569,136,5.8620843732431425,2281,4.374564459930314,170
645,0.05,-643.2692307692308,2.2441666666666666,4.5583038869257955,70.02650176678445,560,143,8.576483061583243,2281,4.669611307420495,230
646,0.05,-628.1307692307691,2.1366666666666667,4.703773584905661,68.77735849056604,544,133,10.032903896185491,2281,4.783018867924528,509
647,0.05,-767.7076923076922,2.1616666666666666,4.244027303754266,68.35153583617748,575,132,13.722625271349292,2281,4.315699658703072,758
648,0.05,-617.4153846153846,2.075,4.18006993006993,65.97727272727273,579,139,11.66152271747658,2281,4.2727272727272725,406
649,0.05,-509.81538461538463,1.8758333333333332,3.6909722222222223,66.703125,578,148,4.963203478422278,2281,3.763888888888889,753
650,0.05,-721.3307692307692,2.3466666666666667,4.7682926829268295,69.11149825783973,570,137,8.088046539749243,2282,4.841463414634147,682
651,0.05,-639.1307692307694,2.305,4.840215439856373,66.92280071813285,553,140,11.093159020932866,2283,4.940754039497307,557
652,0.05,-583.2692307692307,1.9916666666666667,4.146252285191956,65.76051188299817,555,143,6.638456063726338,2284,4.2285191956124315,716
653,0.05,-573.9615384615385,2.0316666666666667,4.1325088339222615,67.40282685512368,570,144,7.352225755485952,2285,4.219081272084805,429
654,0.05,-584.0923076923077,2.2358333333333333,4.4553264604811,67.70790378006873,576,144,9.1918536221446,2285,4.536082474226804,821
655,0.05,-623.0461538461539,2.1958333333333333,4.381944444444445,68.92361111111111,581,139,8.996056297626744,2285,4.460069444444445,639
656,0.05,-555.3384615384616,2.0941666666666667,4.055837563451776,65.79864636209814,586,154,8.300139271851304,2285,4.155668358714044,724
657,0.05,-573.1307692307691,2.1241666666666665,3.9612903225806453,68.02580645161291,620,147,5.152608473681935,2285,4.079032258064516,179
658,0.05,-661.7,2.2608333333333333,4.344013490725127,66.94940978077571,603,148,8.512290555698158,2285,4.455311973018549,244
659,0.05,-650.8153846153846,2.285833333333333,4.838475499092559,69.87840290381125,571,133,8.96398556066741,2285,4.945553539019964,277
660,0.05,-744.5923076923077,2.7391666666666667,5.48034188034188,71.64786324786324,576,147,8.86184394567638,2286,5.5777777777777775,550
661,0.05,-565.7076923076922,1.8225,3.9347014925373136,67.3955223880597,536,138,6.695932961203441,2287,4.003724394785848,246
662,0.05,-732.1538461538462,2.4208333333333334,4.773109243697479,69.50420168067227,604,134,11.147808058205001,2287,4.855462184873949,542
663,0.05,-637.5923076923077,2.3033333333333332,4.432343234323432,66.47854785478548,593,144,5.213911024314389,2287,4.511551155115511,469
664,0.05,-853.2538461538461,2.430833333333333,5.048913043478261,69.06884057971014,550,131,15.113070635244474,2288,5.141304347826087,191
665,0.05,-767.2615384615384,2.7425,5.052910052910053,69.19047619047619,584,138,13.005276545399608,2288,5.137566137566138,198
666,0.05,-618.2923076923078,2.16,4.3552859618717505,67.79896013864818,569,138,10.014645093916835,2288,4.469670710571924,889
667,0.05,-758.5461538461539,2.2558333333333334,4.466893039049236,69.05432937181664,579,141,11.66206164089692,2289,4.573853989813243,559
668,0.05,-545.5230769230769,2.04,4.288321167883212,67.58029197080292,540,144,6.522301746234531,2289,4.357664233576642,15
669,0.05,-715.5461538461539,2.4966666666666666,4.785,69.965,598,136,8.664915918271946,2289,4.871666666666667,95
670,0.05,-667.9230769230769,2.4575,4.705785123966942,66.89752066115703,598,146,9.457090732988883,2289,4.831404958677686,534
671,0.05,-662.8230769230769,2.2325,4.567137809187279,66.52296819787986,556,127,6.6472999670819535,2289,4.666077738515901,597
672,0.05,-755.9538461538461,2.6,4.750865051903114,68.02249134948097,583,140,12.4368579045015,2292,4.875432525951557,472
673,0.05,-697.1615384615385,2.4225,4.839160839160839,68.3881118881119,579,136,8.558403712267136,2292,4.933566433566433,731
674,0.05,-622.2076923076924,2.131666666666667,4.453211009174312,69.86605504587156,550,140,6.590309811254245,2292,4.5504587155963305,39
675,0.05,-780.9692307692308,2.6141666666666667,5.3427065026362035,69.9841827768014,567,138,12.537397865923047,2292,5.412280701754386,746
676,0.05,-634.376923076923,2.1616666666666666,4.492063492063492,70.17813051146385,573,133,5.079573784984026,2292,4.571428571428571,511
677,0.05,-717.0384615384614,2.549166666666667,4.795,67.955,595,139,10.73435726273133,2292,4.913333333333333,17
678,0.05,-790.3615384615384,2.9058333333333333,5.831578947368421,70.15263157894736,574,138,13.626972768137103,2292,5.924561403508772,784
679,0.05,-680.8692307692309,2.3725,4.833040421792619,68.24780316344464,571,133,7.552728866754811,2293,4.915641476274165,798
680,0.05,-688.3076923076923,1.9783333333333333,4.097297297297297,67.37837837837837,561,145,10.177616276536988,2295,4.18018018018018,480
681,0.05,-637.5153846153846,2.1933333333333334,4.5711743772241995,67.9982206405694,567,146,9.118541254443327,2295,4.6761565836298935,875
682,0.05,-614.8307692307692,2.1016666666666666,4.349005424954792,68.65641952983725,562,141,12.505868878887707,2295,4.444846292947559,667
683,0.05,-595.376923076923,2.2183333333333333,4.397283531409168,69.57894736842105,588,142,7.0031729902673545,2295,4.4932203389830505,489
684,0.05,-781.0307692307692,2.7325,5.25503355704698,67.9496644295302,587,136,11.013882485308836,2295,5.347315436241611,291
685,0.05,-615.7,2.2225,4.682481751824818,68.12408759124088,541,138,4.6519425162594805,2295,4.7463503649635035,435
686,0.05,-511.83076923076925,1.8566666666666667,4.062146892655368,68.7608286252354,528,143,6.17667790355398,2295,4.148775894538606,858
687,0.05,-696.2846153846153,2.395,4.765541740674956,66.18650088809947,566,140,5.19505897264621,2295,4.845470692717584,844
688,0.05,-682.4153846153846,2.4033333333333333,5.012727272727273,70.98545454545454,552,134,8.93936167767576,2295,5.107272727272727,567
689,0.05,-582.7076923076922,2.1566666666666667,4.265734265734266,65.48251748251748,565,142,5.2564707738904355,2295,4.354895104895105,443
690,0.05,-708.2461538461538,2.47,4.896373056994818,69.64421416234887,588,130,9.127490664076696,2295,4.97754749568221,110
691,0.05,-644.0923076923077,2.2125,4.45993031358885,65.76829268292683,580,135,9.518088791300404,2296,4.571428571428571,378
692,0.05,-663.7230769230769,2.339166666666667,4.713532513181019,66.298769771529,561,138,9.276099824336347,2296,4.792618629173989,850
693,0.05,-563.4307692307692,1.8933333333333333,4.078504672897196,68.5607476635514,536,135,6.5397457818745695,2296,4.177570093457944,173
694,0.05,-626.6384615384616,2.145,4.283993115318417,69.10327022375215,587,131,7.744175551785543,2296,4.40447504302926,116
695,0.05,-664.7307692307693,1.9683333333333333,3.8120567375886525,69.61524822695036,584,137,8.3564273366136,2296,3.882978723404255,332
696,0.05,-756.4538461538461,2.69,5.213559322033898,69.9271186440678,592,140,14.731611438316639,2297,5.311864406779661,379
697,0.05,-574.9769230769231,2.1991666666666667,4.315972222222222,67.79166666666667,583,142,6.1580602467127825,2297,4.411458333333333,405
698,0.05,-801.7384615384615,2.7641666666666667,5.580139372822299,68.49128919860627,564,137,11.147746442391387,2303,5.667247386759582,765
699,0.05,-658.0,2.2608333333333333,4.644991212653778,69.3743409490334,572,140,9.875692626257763,2304,4.746924428822496,184
700,0.05,-659.8923076923077,2.3916666666666666,4.73021582733813,69.69064748201438,570,140,8.459261208930169,2304,4.8147482014388485,520
701,0.05,-654.6,2.5641666666666665,5.068965517241379,68.42586206896551,573,156,7.175425056346015,2304,5.15,710
702,0.05,-589.5846153846154,2.1641666666666666,4.255536626916525,69.45826235093696,590,152,6.051129641520307,2304,4.330494037478705,69
703,0.05,-566.1153846153846,2.0241666666666664,4.275735294117647,67.70772058823529,552,142,5.369823560466979,2304,4.354779411764706,707
704,0.05,-663.0076923076923,2.3625,4.618307426597582,67.5440414507772,586,140,8.247559441663551,2304,4.7167530224525045,788
705,0.05,-700.4384615384615,2.4358333333333335,4.943859649122807,68.42631578947369,577,142,9.9103393354086,2305,5.043859649122807,830
706,0.05,-615.5923076923077,2.1841666666666666,4.189045936395759,67.78091872791519,561,146,8.192581850856266,2306,4.279151943462898,434
707,0.05,-634.123076923077,2.2266666666666666,4.140776699029126,66.81391585760518,604,150,10.251040195257227,2306,4.262135922330097,100
708,0.05,-661.5230769230769,2.549166666666667,5.212653778558876,69.70826010544816,573,147,11.259072455312248,2307,5.298769771528998,367
709,0.05,-634.3461538461538,2.4033333333333333,5.114545454545454,69.14909090909092,553,150,9.097070765179003,2307,5.218181818181818,658
710,0.05,-661.4769230769231,2.3841666666666668,4.594915254237288,69.43559322033899,592,145,6.806467446376199,2307,4.683050847457627,258
711,0.05,-613.6538461538462,2.2675,4.3743676222596966,67.25295109612142,585,152,7.260615216510632,2308,4.467116357504215,265
712,0.05,-793.8615384615384,2.595,5.299823633156967,70.38447971781305,558,139,13.634379605428451,2311,5.3880070546737215,743
713,0.05,-562.223076923077,2.1458333333333335,4.193929173693086,67.90893760539629,601,141,5.01494248354556,2311,4.2681281618887015,283
714,0.05,-767.5,2.8325,5.398058252427185,70.47249190938511,619,137,13.911819677740517,2311,5.488673139158576,836
715,0.05,-541.3538461538462,2.0458333333333334,4.171122994652406,67.0855614973262,561,146,9.450841243538944,2311,4.251336898395722,578
716,0.05,-540.6307692307693,2.0516666666666667,4.207142857142857,68.66428571428571,554,136,8.388086810490222,2311,4.285714285714286,849
717,0.05,-658.9307692307693,2.308333333333333,4.571923743500866,69.53379549393414,577,141,9.946585688145847,2311,4.663778162911612,169
718,0.05,-656.5846153846154,2.555833333333333,5.078902229845626,66.24871355060034,578,153,8.46553759746289,2311,5.147512864493996,358
719,0.05,-631.823076923077,2.3175,4.573712255772646,68.60923623445827,564,142,5.870335541273964,2311,4.664893617021277,655
720,0.05,-588.276923076923,2.195,4.469458987783595,68.08551483420594,578,156,8.74489549251283,2311,4.5863874345549736,260
721,0.05,-552.2923076923076,1.9366666666666668,4.135779816513762,67.8954128440367,542,143,4.575983953989568,2311,4.234862385321101,526
722,0.05,-614.7076923076924,2.2325,4.569642857142857,69.24107142857143,550,142,9.209975837408619,2311,4.669642857142857,172
723,0.05,-734.2230769230769,2.585,4.98122866894198,65.80887372013652,587,136,8.13285942544927,2311,5.097269624573379,644
724,0.05,-647.976923076923,2.165,4.682568807339449,68.74311926605505,545,123,10.079887704555228,2312,4.755963302752294,331
725,0.05,-678.123076923077,2.345833333333333,4.862385321100917,71.46605504587156,552,136,8.435955999377134,2312,4.955963302752294,34
726,0.05,-578.6307692307691,2.125,4.355008787346222,69.0,573,141,5.5918186204707325,2312,4.451669595782074,632
727,0.05,-583.2076923076924,1.9616666666666667,4.051878354203936,68.76923076923077,566,138,5.802426994217306,2313,4.137745974955277,653
728,0.05,-803.9461538461538,2.7308333333333334,5.504409171075838,71.34744268077601,577,134,9.739390869794663,2313,5.596119929453263,464
729,0.05,-736.7461538461539,2.5375,5.053859964093357,69.41472172351885,557,136,11.468692491899983,2313,5.127468581687612,91
730,0.05,-663.7692307692307,2.4158333333333335,4.674023769100169,67.67402376910017,597,145,5.406079336234504,2313,4.7894736842105265,834
731,0.05,-572.3461538461538,1.7616666666666667,3.9826923076923078,66.68846153846154,515,130,7.656973571425247,2313,4.075,398
732,0.05,-612.2230769230769,2.3333333333333335,4.472361809045226,68.4539363484087,601,153,8.977842433689043,2313,4.561139028475712,828
733,0.05,-642.4307692307693,2.2058333333333335,4.477031802120141,68.46466431095406,552,137,7.840648394592842,2313,4.531802120141343,16
734,0.05,-672.2230769230769,2.3666666666666667,4.623946037099494,67.35244519392917,599,139,8.373005817645414,2313,4.725126475548061,816
735,0.05,-587.9076923076923,1.9475,4.107606679035251,68.85157699443414,546,136,6.168252585695867,2313,4.1855287569573285,824
736,0.05,-609.9000000000001,2.1675,4.448336252189142,68.67775831873905,574,146,7.5907548211343405,2313,4.525394045534151,13
737,0.05,-762.7307692307693,2.6341666666666668,4.872204472843451,69.34504792332268,609,138,9.021402333298175,2314,4.955271565495208,94
738,0.05,-557.2538461538461,2.0425,4.164021164021164,68.29276895943562,564,141,5.780371688780372,2314,4.234567901234568,381
739,0.05,-578.276923076923,2.1675,4.171334431630972,65.13673805601319,598,152,8.801979900354842,2314,4.2520593080724876,115
740,0.05,-610.5,2.26,4.552584670231729,65.95187165775401,553,140,11.231303176646483,2315,4.645276292335116,883
741,0.05,-752.5076923076922,2.529166666666667,5.247311827956989,69.73655913978494,556,137,9.252775785528506,2315,5.32078853046595,299
742,0.05,-696.4307692307692,2.4066666666666667,4.7979274611398965,69.26943005181347,592,140,11.461864039140794,2315,4.875647668393782,223
743,0.05,-626.0461538461539,2.0816666666666666,4.43796992481203,68.53947368421052,526,141,8.892667144797741,2316,4.5206766917293235,348
744,0.05,-754.7153846153847,2.493333333333333,4.888888888888889,68.84303350970018,584,131,13.927459638057908,2316,4.991181657848324,307
745,0.05,-699.2307692307693,2.4633333333333334,5.360747663551402,68.10093457943925,537,131,8.55719370795437,2316,5.463551401869159,842
746,0.05,-684.2846153846153,2.5566666666666666,5.118055555555555,69.56423611111111,574,140,13.006631417159543,2316,5.215277777777778,549
747,0.05,-605.7307692307693,2.0475,4.0785340314136125,67.1692844677138,574,144,7.707673101951168,2316,4.167539267015707,576
748,0.05,-738.4000000000001,2.48,4.801324503311259,69.33278145695364,602,132,10.336557287507887,2316,4.8990066225165565,83
749,0.05,-672.1,2.2,4.497307001795332,67.70377019748653,544,131,7.615611861855775,2316,4.597845601436266,296
750,0.05,-653.6384615384616,2.4391666666666665,5.109712230215828,70.82014388489209,570,142,7.499219402863522,2316,5.215827338129497,60
751,0.05,-723.7076923076924,2.533333333333333,5.085910652920962,69.09965635738831,582,133,9.83476166484123,2317,5.166666666666667,607
752,0.05,-543.4769230769231,1.825,3.8815789473684212,68.09962406015038,540,138,7.006689826699029,2317,4.0,876
753,0.05,-638.6384615384616,2.2508333333333335,4.513840830449827,66.92560553633218,576,142,6.097499941244211,2317,4.619377162629758,771
754,0.05,-633.8153846153846,2.3,4.679144385026738,69.55971479500892,567,140,7.02242592219499,2317,4.748663101604278,748
755,0.05,-639.4230769230769,2.0125,4.262032085561497,68.37789661319073,550,137,10.04755615684643,2317,4.352941176470588,759
756,0.05,-603.1384615384616,2.215,4.492119089316987,68.36077057793345,587,146,7.828874517848113,2317,4.574430823117338,608
757,0.05,-640.7769230769231,2.2683333333333335,4.805243445692884,69.82022471910112,532,137,9.148687793846165,2317,4.910112359550562,497
758,0.05,-722.7538461538461,2.5425,4.947546531302876,68.42639593908629,596,143,13.369441376070181,2318,5.020304568527918,742
759,0.05,-693.3846153846155,2.1866666666666665,4.4902309058614565,69.74600355239787,569,143,8.762030263497039,2318,4.587921847246892,853
760,0.05,-656.7846153846154,2.2416666666666667,4.584507042253521,68.77640845070422,562,135,7.844876351618498,2318,4.705985915492958,513
761,0.05,-640.8461538461538,2.1958333333333333,4.292517006802721,67.88945578231292,587,144,7.579318371295259,2319,4.377551020408164,373
762,0.05,-631.6692307692308,2.4225,4.998217468805704,69.60249554367202,576,146,4.946810261574017,2319,5.078431372549019,629
763,0.05,-627.0846153846153,2.2983333333333333,4.628731343283582,68.36380597014926,536,132,11.119588458255851,2319,4.710820895522388,1
764,0.05,-715.9615384615385,2.4616666666666664,4.736486486486487,69.79054054054055,599,129,8.213249082035647,2319,4.8175675675675675,519
765,0.05,-713.6769230769231,2.5183333333333335,5.185185185185185,67.50088183421516,567,133,9.81949978488945,2321,5.275132275132275,787
766,0.05,-715.3461538461539,2.685,5.379310344827586,71.23448275862069,575,137,9.85157916436484,2322,5.4561101549053355,764
767,0.05,-656.8076923076924,2.1466666666666665,4.523897058823529,68.72610294117646,546,131,9.38472627152796,2322,4.613970588235294,131
768,0.05,-687.7384615384615,2.4883333333333333,5.1063829787234045,69.14893617021276,572,139,8.579316239408657,2322,5.214539007092198,220
769,0.05,-668.2615384615384,2.3925,4.833628318584071,68.97699115044247,574,135,11.760834332328056,2322,4.92212389380531,596
770,0.05,-599.7538461538461,2.1341666666666668,4.557620817843866,69.14312267657992,538,139,6.252232329464072,2322,4.618959107806692,225
771,0.05,-525.4846153846154,2.025,4.224231464737794,65.71790235081374,551,146,7.486939907801258,2322,4.294223826714801,30
772,0.05,-519.0230769230769,1.9208333333333334,4.021778584392014,69.07259528130672,547,146,6.858881184806063,2322,4.09437386569873,284
773,0.05,-711.0230769230769,2.545,4.851099830795262,67.7648054145516,597,135,10.356379500068263,2324,4.95093062605753,766
774,0.05,-622.3076923076923,2.2308333333333334,4.5964285714285715,67.9,571,144,8.497028864956576,2324,4.682142857142857,867
775,0.05,-794.7615384615385,2.9491666666666667,6.046345811051693,69.6916221033868,555,138,15.33612204041389,2327,6.117647058823529,321
776,0.05,-632.8384615384616,2.2775,4.584507042253521,67.8274647887324,554,137,7.910217000710746,2327,4.654929577464789,838
777,0.05,-635.7846153846154,2.339166666666667,4.608156028368795,68.05319148936171,565,144,9.643346285043123,2328,4.718085106382978,521
778,0.05,-699.0,2.6066666666666665,4.979966611018364,68.92153589315527,612,141,8.950926712787497,2328,5.098497495826377,133
779,0.05,-743.1538461538462,2.5433333333333334,5.027729636048527,68.02772963604853,571,139,10.10586528926684,2328,5.126516464471404,447
780,0.05,-704.3461538461538,2.48,5.0955752212389385,67.87964601769912,566,133,12.57989540413205,2330,5.175221238938053,99
781,0.05,-594.4846153846155,2.1691666666666665,4.43280977312391,68.87958115183245,575,142,6.530288149338532,2330,4.506108202443281,761
782,0.05,-650.6538461538461,2.2741666666666664,4.585664335664336,70.16958041958041,566,144,8.808849550909695,2330,4.699300699300699,729
783,0.05,-643.0307692307692,2.3625,4.900884955752212,67.93805309734513,566,141,7.7677611008401755,2330,5.0035398230088495,44
784,0.05,-693.7846153846153,2.4141666666666666,4.836206896551724,68.26551724137931,571,141,7.504399680258512,2330,4.941379310344828,85
785,0.05,-628.9769230769232,2.1333333333333333,4.239858906525574,64.98589065255732,565,140,8.881419444008609,2330,4.315696649029983,531
786,0.05,-641.9384615384615,2.0825,4.535922330097088,66.77864077669904,512,127,7.409468295752485,2331,4.611650485436893,495
787,0.05,-744.9846153846154,1.8891666666666667,3.8835125448028673,66.77240143369175,563,143,13.97900418550233,2331,3.974910394265233,835
788,0.05,-623.5384615384614,2.2733333333333334,4.587610619469027,67.79646017699115,553,143,5.7905362953260155,2331,4.688495575221239,460
789,0.05,-678.2,2.2825,4.716577540106952,68.93226381461676,555,130,10.151631302770687,2331,4.814616755793226,510
790,0.05,-588.4153846153847,2.22,4.328813559322034,69.10169491525424,597,137,7.945985996248172,2332,4.406779661016949,49
791,0.05,-518.1461538461539,1.8216666666666668,3.821033210332103,66.72140221402213,543,135,5.978356063329588,2333,3.904059040590406,751
792,0.05,-621.053846153846,2.2516666666666665,4.535405872193437,68.62867012089811,577,132,6.076290117785423,2333,4.65112262521589,274
793,0.05,-527.5461538461539,1.9275,4.036166365280289,69.3381555153707,555,140,7.831087210761057,2333,4.135623869801085,445
794,0.05,-635.1461538461539,2.3316666666666666,4.733800350262697,67.94746059544659,573,149,6.525802497333229,2333,4.858143607705779,878
795,0.05,-638.6153846153846,2.390833333333333,4.873214285714286,70.80535714285715,564,136,7.568912945124622,2335,4.994642857142857,809
796,0.05,-585.1769230769231,1.9925,4.013722126929674,68.87307032590051,583,146,5.826703655537257,2335,4.113207547169812,21
797,0.05,-629.7076923076922,2.2125,4.393634840871022,66.74371859296483,594,147,9.931506249988283,2337,4.480737018425461,156
798,0.05,-561.8384615384616,2.120833333333333,4.32737030411449,69.03398926654741,559,142,8.257617683210407,2338,4.422182468694096,804
799,0.05,-705.1615384615385,2.64,5.2582322357019065,69.54766031195841,580,140,8.399511235269154,2338,5.362218370883882,357
800,0.05,-730.8615384615384,2.3408333333333333,4.685413005272408,68.94200351493849,575,142,7.518345538941275,2338,4.769771528998243,319
801,0.05,-600.976923076923,2.098333333333333,4.191972076788831,67.6998254799302,577,145,7.578093703043325,2338,4.286212914485166,882
802,0.05,-514.6615384615385,1.88,4.0073664825046045,67.96316758747697,554,146,5.144444571095966,2338,4.099447513812155,205
803,0.05,-567.876923076923,2.046666666666667,4.2532347504621075,68.72828096118299,542,141,7.5453861669068285,2338,4.32532347504621,62
804,0.05,-526.2538461538461,1.8216666666666668,3.8613678373382623,68.09981515711645,543,142,6.779292731830795,2339,3.9353049907578557,252
805,0.05,-571.0230769230769,2.04,4.381040892193308,68.17472118959108,533,142,5.238288408104964,2339,4.444237918215613,776
806,0.05,-599.3692307692307,2.2591666666666668,4.511824324324325,66.29898648648648,578,146,6.768470273220782,2339,4.6053962900505905,88
807,0.05,-549.7538461538461,1.9491666666666667,4.199626865671642,70.7518656716418,544,139,7.064791399163535,2340,4.298507462686567,864
808,0.05,-512.5461538461539,1.7975,3.8847583643122676,66.33271375464685,543,144,5.631228706723869,2340,3.986988847583643,575
809,0.05,-518.2461538461539,1.8683333333333334,4.019047619047619,67.65333333333334,528,146,7.242044064243932,2340,4.123809523809523,262
810,0.05,-618.8384615384616,2.0483333333333333,4.0698466780238505,68.13287904599659,588,152,7.05067845956084,2340,4.1686541737649065,675
811,0.05,-704.9384615384615,2.685,5.061389337641357,68.41195476575122,611,143,7.1084488698366215,2340,5.164781906300485,546
812,0.05,-593.1153846153846,2.2183333333333333,4.414930555555555,67.90625,580,145,7.851539591008578,2340,4.472222222222222,797
813,0.05,-582.5923076923076,2.21,4.620689655172414,67.89110707803992,552,148,6.786883948783257,2340,4.680580762250454,508
814,0.05,-565.8000000000001,1.8675,3.7495652173913046,66.90434782608696,564,144,12.256911743090209,2341,3.822608695652174,661
815,0.05,-519.5846153846153,1.9766666666666666,4.072824156305506,67.78685612788632,566,146,6.521875962781918,2341,4.145648312611012,467
816,0.05,-535.2153846153847,1.9316666666666666,4.1022727272727275,66.48484848484848,526,148,8.427688823917482,2341,4.173913043478261,255
817,0.05,-509.9076923076923,1.9325,4.129455909943715,67.59662288930582,547,150,6.484793191218625,2341,4.208255159474672,533
818,0.05,-599.0615384615385,2.1416666666666666,3.7740384615384617,67.60576923076923,622,147,6.300794224556552,2342,3.90224358974359,475
819,0.05,-587.6153846153846,2.1433333333333335,4.3125,69.66840277777777,567,148,6.175895407405139,2343,4.399305555555555,649
820,0.05,-545.2846153846153,2.0533333333333332,4.19538188277087,68.83303730017762,566,157,9.849345332526749,2344,4.273534635879218,679
821,0.05,-547.8153846153847,1.8041666666666667,3.58195211786372,67.8195211786372,544,136,6.811824722036529,2345,3.6335174953959486,701
822,0.05,-631.623076923077,2.205,4.495527728085867,70.5706618962433,559,142,11.382414066486428,2345,4.574239713774597,347
823,0.05,-593.4692307692308,2.319166666666667,4.459731543624161,68.95302013422818,586,150,3.969340738607726,2345,4.573825503355705,871
824,0.05,-602.1923076923076,2.2741666666666664,4.518900343642612,67.893470790378,572,153,10.831958504892766,2346,4.597938144329897,102
825,0.05,-576.4923076923076,2.1483333333333334,4.140439932318105,68.00338409475465,590,151,6.107969396433239,2346,4.231810490693739,584
826,0.05,-536.2538461538461,1.8783333333333334,3.977653631284916,69.4487895716946,543,139,4.809124554280118,2346,4.068901303538175,313
827,0.05,-575.4923076923077,2.1233333333333335,4.275922671353252,67.75219683655536,560,141,5.28466103157227,2346,4.362038664323374,515
828,0.05,-558.8076923076923,1.97,3.9098786828422876,66.78162911611786,576,142,8.614732799092039,2346,4.003466204506066,733
829,0.05,-625.1846153846154,2.299166666666667,4.592400690846286,69.46632124352331,576,144,9.112254581169216,2346,4.687392055267703,335
830,0.05,-647.1153846153845,2.415,4.579931972789115,66.97278911564626,592,144,7.921535210325446,2346,4.664965986394558,419
831,0.05,-644.2692307692308,2.1358333333333333,4.195840554592721,67.2478336221837,571,137,9.287263839853063,2346,4.282495667244367,187
832,0.05,-592.2,2.0316666666666667,4.038732394366197,68.6355633802817,563,139,6.011617119646973,2346,4.128521126760563,268
833,0.05,-660.4384615384615,2.2291666666666665,4.320557491289199,68.31184668989548,589,143,12.101370228867067,2347,4.414634146341464,672
834,0.05,-527.2538461538461,1.8908333333333334,4.087686567164179,66.54664179104478,534,136,6.134399191695808,2347,4.16044776119403,289
835,0.05,-557.2461538461539,2.243333333333333,4.075320512820513,67.32852564102564,632,149,6.404483743097341,2347,4.137820512820513,532
836,0.05,-672.7615384615385,2.325,4.957798165137615,67.03669724770643,556,135,8.558537300679088,2348,5.047706422018349,73
837,0.05,-704.4923076923076,2.415,5.375238095238095,68.93523809523809,532,131,9.337090999129886,2348,5.438095238095238,346
838,0.05,-616.3,2.2516666666666665,4.30718954248366,67.45424836601308,599,141,6.803069887324084,2348,4.415032679738562,414
839,0.05,-647.0230769230769,2.2416666666666667,4.378006872852234,66.6426116838488,575,143,6.898069796520108,2348,4.448453608247423,68
840,0.05,-577.7384615384616,2.0766666666666667,4.1573426573426575,67.59965034965035,566,135,4.672440630974548,2348,4.2377622377622375,636
841,0.05,-569.3076923076923,2.1333333333333333,4.125850340136054,68.14795918367346,584,150,6.578379605710622,2348,4.1938775510204085,613
842,0.05,-584.2076923076922,2.0083333333333333,4.075539568345324,67.97122302158273,557,150,4.50599271085171,2348,4.169064748201439,316
843,0.05,-598.2846153846154,2.0566666666666666,4.498154981549815,68.22878228782288,540,136,8.173470984154203,2348,4.57380073800738,553
844,0.05,-687.2153846153847,2.390833333333333,4.5756578947368425,67.76151315789474,604,144,6.479742365030736,2348,4.672697368421052,887
845,0.05,-621.8153846153846,1.7616666666666667,3.5211267605633805,66.97711267605634,569,149,9.44624677876618,2349,3.607394366197183,823
846,0.05,-783.6846153846154,2.8966666666666665,5.882758620689655,70.11551724137931,576,140,11.825161576687194,2351,5.991379310344827,152
847,0.05,-545.6153846153845,2.0233333333333334,4.127399650959861,68.43630017452007,562,139,8.092086601641617,2351,4.233856893542757,219
848,0.05,-627.9461538461537,2.125,4.340869565217392,69.43826086956521,578,136,6.0166778736841104,2351,4.44,615
849,0.05,-608.9615384615385,1.9366666666666668,3.9043478260869566,67.16695652173912,581,136,8.049220797421201,2351,3.9930434782608697,476
850,0.05,-631.3076923076923,2.2216666666666667,4.813996316758748,68.91528545119705,543,138,6.473814473656912,2352,4.906077348066298,43
851,0.05,-735.4615384615385,2.7,5.3074324324324325,68.10304054054055,589,136,7.899880676302932,2352,5.400337837837838,498
852,0.05,-607.3307692307692,2.2266666666666666,4.70391061452514,69.24022346368714,544,142,4.490610250624057,2352,4.795158286778398,221
853,0.05,-649.3923076923077,2.4091666666666667,4.596666666666667,68.55333333333333,590,141,10.393681188891643,2353,4.7,239
854,0.05,-662.8923076923077,2.0083333333333333,4.649298597194389,68.97194388777555,489,122,5.229485992541215,2353,4.719438877755511,640
855,0.05,-587.4384615384615,2.1625,4.479779411764706,66.93198529411765,554,140,5.8274958966659565,2353,4.549632352941177,700
856,0.05,-636.876923076923,2.3358333333333334,4.746902654867257,68.01769911504425,578,140,5.435926282349188,2353,4.815929203539823,572
857,0.05,-697.9000000000001,2.3516666666666666,5.025735294117647,70.91176470588235,564,131,10.904500702281595,2353,5.123161764705882,428
858,0.05,-602.9692307692308,1.9475,4.021660649819495,68.79783393501805,544,137,5.325485117679506,2353,4.113718411552346,190
859,0.05,-624.7307692307693,2.2441666666666666,4.51067615658363,68.70106761565836,565,138,5.881110361651788,2353,4.587188612099644,195
860,0.05,-615.3615384615384,2.21,4.528368794326241,68.2482269503546,551,134,10.80102213156009,2354,4.638297872340425,233
861,0.05,-609.476923076923,2.3325,4.8610108303249095,68.80505415162455,543,137,6.313781503993097,2355,4.936823104693141,58
862,0.05,-587.5538461538462,2.1141666666666667,4.368043087971275,68.77199281867145,563,140,6.9461708450443655,2355,4.456014362657092,714
863,0.05,-561.7846153846154,2.125,4.292335115864527,68.31907308377896,566,146,4.639517383796195,2355,4.383244206773618,208
864,0.05,-544.6538461538461,2.0258333333333334,4.065972222222222,68.58680555555556,572,141,6.657840175750148,2356,4.185763888888889,64
865,0.05,-646.446153846154,2.279166666666667,4.34020618556701,66.82302405498282,585,141,7.397818328055559,2357,4.448453608247423,207
866,0.05,-666.7461538461539,2.2058333333333335,4.353790613718411,67.20397111913357,559,134,7.004088513078319,2357,4.431407942238267,420
867,0.05,-646.0076923076923,2.254166666666667,4.624125874125874,69.40384615384616,579,134,8.102456052122562,2357,4.72027972027972,618
868,0.05,-566.4923076923078,1.9458333333333333,4.220149253731344,65.19589552238806,534,143,5.256519977091768,2357,4.291044776119403,46
869,0.05,-624.5230769230769,2.3025,4.4875,67.46607142857142,556,136,6.995192420316839,2357,4.6,528
870,0.05,-683.0846153846154,2.3241666666666667,4.352180936995153,66.22617124394183,611,143,8.822726750448178,2357,4.466882067851373,862
871,0.05,-675.1923076923077,2.4616666666666664,4.771331058020478,67.92491467576792,593,138,9.130731926671952,2357,4.875426621160409,496
872,0.05,-643.0846153846154,2.154166666666667,4.522851919561243,68.25411334552102,550,136,8.080824557213717,2357,4.627056672760512,24
873,0.05,-639.3615384615384,2.3125,4.664359861591696,70.35813148788927,569,140,6.783000164102515,2358,4.749134948096886,456
874,0.05,-551.8846153846154,1.8558333333333332,3.795373665480427,66.96975088967972,569,144,5.975752419501579,2358,3.889679715302491,589
875,0.05,-627.2153846153847,2.2741666666666664,4.417376490630324,67.03918228279387,586,135,8.532018299457121,2358,4.511073253833049,344
876,0.05,-636.2615384615385,2.2116666666666664,4.729779411764706,66.83639705882354,538,141,8.914815176169213,2358,4.829044117647059,57
877,0.05,-596.5692307692308,1.96,3.993019197207679,65.93368237347295,565,137,7.158562481643795,2358,4.097560975609756,278
878,0.05,-602.3923076923077,2.1533333333333333,4.2283333333333335,69.18333333333334,604,144,5.165660468477596,2358,4.328333333333333,769
879,0.05,-722.4153846153847,2.5516666666666667,4.767857142857143,71.48863636363636,618,134,10.663969580312155,2359,4.8603896103896105,386
880,0.05,-599.4769230769231,2.2175,4.516695957820738,68.88576449912127,581,137,5.2167715513003445,2359,4.609841827768014,121
881,0.05,-564.8,1.9966666666666666,4.008680555555555,68.31423611111111,562,146,4.486076678474826,2359,4.09375,697
882,0.05,-534.4307692307693,1.9133333333333333,4.0,65.79964221824687,567,140,6.7926181527350495,2360,4.101967799642218,459
883,0.05,-557.6076923076923,1.9625,3.924865831842576,69.04472271914132,562,138,6.896349446076538,2360,3.998211091234347,122
884,0.05,-625.3846153846154,2.005,4.140319715808171,66.46181172291297,558,138,5.611375604146193,2360,4.220248667850799,109
885,0.05,-542.5,2.0525,4.240072202166065,67.87545126353791,559,146,5.05002144617674,2360,4.3014440433212995,736
886,0.05,-610.9076923076923,2.2933333333333334,4.653310104529616,68.13763066202091,582,142,10.315854190932972,2360,4.7386759581881535,671
887,0.05,-589.4076923076923,2.0975,4.288014311270126,65.66010733452593,557,142,6.420219999402745,2360,4.382826475849732,228
888,0.05,-552.3692307692309,1.8641666666666667,4.048689138576779,69.92883895131087,521,137,5.421358491095374,2360,4.157303370786517,785
889,0.05,-572.1923076923077,1.9866666666666666,4.10990990990991,66.77657657657657,560,145,5.819411656380268,2360,4.167567567567567,339
890,0.05,-604.0615384615385,2.328333333333333,4.368600682593857,68.15529010238907,591,135,4.453137738529085,2360,4.452218430034129,105
891,0.05,-528.6538461538462,1.9108333333333334,3.8079584775086506,67.01384083044982,571,144,3.7844433406884948,2360,3.8910034602076125,37
892,0.05,-671.0384615384615,2.3583333333333334,4.670103092783505,69.67353951890034,580,142,8.510998670116347,2360,4.7714776632302405,213
893,0.05,-552.9307692307692,2.1025,4.159519725557462,67.60720411663807,586,148,6.396113633598662,2360,4.265866209262436,413
894,0.05,-648.2,2.295,4.628865979381444,69.2766323024055,588,143,9.923388215331423,2361,4.713058419243986,287
895,0.05,-622.2307692307692,2.2216666666666667,4.751824817518248,68.12773722627738,542,139,6.586086424683816,2361,4.841240875912408,286
896,0.05,-603.4461538461538,2.2816666666666667,4.346020761245675,67.5432525951557,582,146,4.570031738729955,2361,4.461937716262976,611
897,0.05,-598.6538461538462,2.0458333333333334,4.132042253521127,66.19542253521126,570,143,8.11627207268776,2361,4.205985915492958,356
898,0.05,-604.2153846153847,2.2825,4.578483245149912,68.46031746031746,570,156,7.389091158110492,2361,4.686067019400353,840
899,0.05,-553.0230769230769,1.9883333333333333,4.021052631578947,65.36491228070176,569,150,6.429629536365017,2361,4.101754385964912,193
